t,x,y,z,qx,qy,qz,qw,yaw,left_q,left_v,left_target,right_q,right_v,right_target
113.6,3.7760009765625,1.4778143167495728,-0.00312013179063797,0.0030372748151421547,0.005369800608605146,0.9923850893974304,-0.12301972508430481,-2.8949600828170654,-4.5575959006782796e-08,0.19001734256744385,0.0,-0.9194561839103699,0.31320881843566895,0.0
113.61666666666666,3.7759978771209717,1.4778153896331787,-0.0031149089336395264,0.00301300548017025,0.0053274547681212425,0.9923832416534424,-0.12303650379180908,-2.894925716572907,-4.417520926836005e-08,0.1771046370267868,0.0,-0.9193036556243896,0.1281217634677887,0.0
113.63333333333334,3.77600359916687,1.477816104888916,-0.003118470311164856,0.0030265571549534798,0.005362954922020435,0.9923887252807617,-0.12299087643623352,-2.895018078327309,-4.450962265423186e-08,0.37947261333465576,0.0,-0.919765055179596,0.3960300385951996,0.0
113.65,3.7760009765625,1.4778165817260742,-0.003115125000476837,0.003014868125319481,0.005330507643520832,0.9923866391181946,-0.12300772964954376,-2.894983634949658,-4.452360613527162e-08,0.34312790632247925,0.0,-0.9196109771728516,0.21647509932518005,0.0
113.66666666666667,3.776005506515503,1.4778168201446533,-0.003118477761745453,0.003026869148015976,0.005364020820707083,0.9923903942108154,-0.12297748029232025,-2.895045097276812,-4.1346673640418885e-08,0.46794480085372925,0.0,-0.9199311137199402,0.42386874556541443,0.0
113.68333333333334,3.776003122329712,1.477817416191101,-0.0031147226691246033,0.00301321130245924,0.005326815880835056,0.9923885464668274,-0.12299363315105438,-2.8950121029865703,-4.1594873323447246e-08,0.398314505815506,0.0,-0.9197704792022705,0.22902098298072815,0.0
113.7,3.776007890701294,1.4778172969818115,-0.003118656575679779,0.0030278023332357407,0.005365174263715744,0.9923917651176453,-0.12296602129936218,-2.8950681774417326,-4.2077800799233955e-08,0.5011073350906372,0.0,-0.9200718998908997,0.42379796504974365,0.0
113.71666666666667,3.776005506515503,1.4778177738189697,-0.003114558756351471,0.003012523055076599,0.005325706675648689,0.9923899173736572,-0.12298241257667542,-2.8950346822677835,-4.030490075024318e-08,0.4034956693649292,0.0,-0.9199155569076538,0.22770477831363678,0.0
113.73333333333333,3.776010751724243,1.4778178930282593,-0.0031186938285827637,0.00302951131016016,0.005365447141230106,0.9923930168151855,-0.12295489013195038,-2.8950905379157867,-3.99506561166163e-08,0.49446630477905273,0.0,-0.9202172160148621,0.4226152002811432,0.0
113.75,3.7760088443756104,1.477818489074707,-0.0031145811080932617,0.0030138418078422546,0.005325719714164734,0.9923912882804871,-0.12297160923480988,-2.8950564916421646,-4.0426993308528836e-08,0.3864072263240814,0.0,-0.9200730323791504,0.22435873746871948,0.0
113.76666666666667,3.776012897491455,1.477818489074707,-0.0031187236309051514,0.00302920863032341,0.005365640856325626,0.9923941493034363,-0.12294606864452362,-2.895108343819057,-4.115443275054531e-08,0.46901851892471313,0.0,-0.92034512758255,0.423188716173172,0.0
113.78333333333333,3.776010274887085,1.4778189659118652,-0.003114551305770874,0.0030129021033644676,0.005324906203895807,0.992392361164093,-0.1229625791311264,-2.8950746378060384,-4.113507401370953e-08,0.36506298184394836,0.0,-0.9201928377151489,0.22424381971359253,0.0
113.8,3.7760140895843506,1.4778187274932861,-0.003118544816970825,0.0030272183939814568,0.005365009419620037,0.9923952221870422,-0.12293858826160431,-2.8951234980700384,-4.2718678372466456e-08,0.4956210255622864,0.0,-0.9204292297363281,0.4252904951572418,0.0
113.81666666666666,3.7760119438171387,1.4778193235397339,-0.00311453640460968,0.003013037145137787,0.005325491540133953,0.9923931956291199,-0.12295608222484589,-2.895087760471432,-4.361702465871531e-08,0.3783723711967468,0.0,-0.920272707939148,0.224356546998024,0.0
113.83333333333333,3.7760159969329834,1.4778193235397339,-0.0031185969710350037,0.0030282940715551376,0.005365070886909962,0.9923959970474243,-0.12293176352977753,-2.8951372123291867,-4.547743159832862e-08,0.48826661705970764,0.0,-0.9205314517021179,0.42401596903800964,0.0
113.85,3.7760136127471924,1.4778199195861816,-0.00311453640460968,0.0030129551887512207,0.005325308535248041,0.9923942685127258,-0.12294776737689972,-2.895104545771686,-4.47934880298817e-08,0.3793894648551941,0.0,-0.9203858375549316,0.22906088829040527,0.0
113.86666666666666,3.776017189025879,1.477819561958313,-0.0031186118721961975,0.003027750179171562,0.00536540150642395,0.9923967719078064,-0.12292508780956268,-2.8951506259240998,-4.222705385359404e-08,0.49650442600250244,0.0,-0.9206148982048035,0.42225295305252075,0.0
113.88333333333334,3.776014804840088,1.4778200387954712,-0.0031143799424171448,0.0030128667131066322,0.0053247432224452496,0.9923949837684631,-0.12294165790081024,-2.8951168206837954,-4.2765304186787034e-08,0.3817932903766632,0.0,-0.9204533696174622,0.2255021333694458,0.0
113.9,3.7760186195373535,1.4778200387954712,-0.00311858206987381,0.0030284272506833076,0.005365606863051653,0.9923975467681885,-0.12291854619979858,-2.895163792712511,-4.244087392635265e-08,0.49722927808761597,0.0,-0.9207042455673218,0.42282694578170776,0.0
113.91666666666667,3.7760169506073,1.477820634841919,-0.0031144022941589355,0.0030131880193948746,0.005325016565620899,0.9923958778381348,-0.12293480336666107,-2.895130673790691,-4.284155963318881e-08,0.3908706605434418,0.0,-0.9205511212348938,0.23140490055084229,0.0
113.93333333333334,3.776019811630249,1.4778201580047607,-0.003118641674518585,0.003029892221093178,0.005366726778447628,0.9923980832099915,-0.12291395664215088,-2.895173046368695,-4.515365503721114e-08,0.47842928767204285,0.0,-0.9207695722579956,0.4207012951374054,0.0
113.95,3.776017665863037,1.4778207540512085,-0.0031142830848693848,0.003012767992913723,0.005324258469045162,0.992396354675293,-0.12293039262294769,-2.8951394992978674,-4.48504167138708e-08,0.37352868914604187,0.0,-0.9206100702285767,0.22619135677814484,0.0
113.96666666666667,3.7760207653045654,1.4778205156326294,-0.00311858206987381,0.003028527833521366,0.005366120021790266,0.992398738861084,-0.12290982902050018,-2.895181449233466,-4.464397207470938e-08,0.48156383633613586,0.0,-0.9208208918571472,0.42190009355545044,0.0
113.98333333333333,3.7760190963745117,1.477820873260498,-0.003114357590675354,0.0030122185125947,0.005324920639395714,0.9923969507217407,-0.12292611598968506,-2.8951481680381566,-4.561876920661234e-08,0.3709193170070648,0.0,-0.9206639528274536,0.22858139872550964,0.0
114.0,3.776021718978882,1.4778205156326294,-0.003118574619293213,0.003028665669262409,0.0053659225814044476,0.9923990368843079,-0.12290732562541962,-2.895186484782112,-4.604735437396812e-08,0.47031170129776,0.0,-0.9208556413650513,0.42108944058418274,0.0
114.01666666666667,3.77601957321167,1.4778211116790771,-0.0031143128871917725,0.0030125584453344345,0.00532425194978714,0.992397129535675,-0.12292429804801941,-2.895151794016965,-4.564337885426539e-08,0.3552319407463074,0.0,-0.9207023978233337,0.2257772833108902,0.0
114.03333333333333,3.77602219581604,1.477820634841919,-0.0031184330582618713,0.003027433529496193,0.005365126766264439,0.9923992156982422,-0.1229059249162674,-2.8951892898587386,-4.414958354459486e-08,0.45521876215934753,0.0,-0.9208811521530151,0.4046630263328552,0.0
114.05,3.776017427444458,1.4778205156326294,-0.003114372491836548,0.003011733293533325,0.005327744409441948,0.9923955798149109,-0.12293750047683716,-2.895125279733808,-4.5553083083405e-08,0.3202369213104248,0.0,-0.9205461144447327,0.18182212114334106,0.0
114.06666666666666,3.7760233879089355,1.4778209924697876,-0.0031187310814857483,0.0030294200405478477,0.005366953555494547,0.9923996329307556,-0.1229022741317749,-2.895196662765254,-4.4478397853708884e-08,0.42335671186447144,0.0,-0.920927107334137,0.4203348457813263,0.0
114.08333333333333,3.7760205268859863,1.4778213500976562,-0.0031145960092544556,0.003013371489942074,0.005326423328369856,0.9923977851867676,-0.12291885912418365,-2.8951627742883908,-4.301772804637949e-08,0.34000396728515625,0.0,-0.9207803010940552,0.2386336326599121,0.0
114.1,3.77602219581604,1.477820873260498,-0.0031182318925857544,0.0030264947563409805,0.005364733748137951,0.992399275302887,-0.12290526926517487,-2.895190581293395,-4.261127628524264e-08,0.4593938887119293,0.0,-0.9208843111991882,0.30548569560050964,0.0
114.11666666666666,3.776017904281616,1.4778211116790771,-0.0031144842505455017,0.0030076513066887856,0.0053403922356665134,0.9923956990242004,-0.1229352205991745,-2.8951298526605878,-4.209019621725929e-08,0.3130260705947876,0.0,-0.9205935597419739,0.12783071398735046,0.0
114.13333333333334,3.7760298252105713,1.47782301902771,-0.003118962049484253,0.0030310843139886856,0.0053684161975979805,0.9924039840698242,-0.12286673486232758,-2.8952682821589772,-4.129379505002362e-08,0.46442657709121704,0.0,-0.9213740825653076,0.412127822637558,0.0
114.15,3.7760276794433594,1.4778234958648682,-0.0031144991517066956,0.003014020621776581,0.005327897146344185,0.9924022555351257,-0.12288297712802887,-2.8952351295132432,-4.20226911046484e-08,0.39650478959083557,0.0,-0.9212290048599243,0.2605082094669342,0.0
114.16666666666667,3.776029348373413,1.4778227806091309,-0.0031184107065200806,0.0030298782512545586,0.005366173107177019,0.9924033880233765,-0.12287116050720215,-2.895259290626043,-4.241005058247538e-08,0.5149162411689758,0.0,-0.9213240146636963,0.27295002341270447,0.0
114.18333333333334,3.77602481842041,1.4778234958648682,-0.0031146109104156494,0.0030082976445555687,0.0053418101742863655,0.9923999309539795,-0.12290099263191223,-2.8951988491008023,-4.464938996306955e-08,0.3524075150489807,0.0,-0.921044111251831,0.12520326673984528,0.0
114.2,3.776041269302368,1.4778270721435547,-0.0031185224652290344,0.0030279112979769707,0.005375825800001621,0.9924079775810242,-0.12283386290073395,-2.8953345224878335,-4.513754348067778e-08,0.27342724800109863,0.0,-0.9217970371246338,0.16911354660987854,0.0
114.21666666666667,3.776038885116577,1.4778273105621338,-0.003115348517894745,0.003017602488398552,0.0053300196304917336,0.992406964302063,-0.12284445762634277,-2.8953127739170217,-4.566215849877153e-08,0.1851939707994461,0.0,-0.9216788411140442,0.0027543888427317142,0.0
114.23333333333333,3.776036262512207,1.477825403213501,-0.0031176581978797913,0.0030203163623809814,0.005360899493098259,0.9924063086509705,-0.1228485256433487,-2.895304834713557,-4.6171322765076184e-08,0.33326777815818787,0.0,-0.9216974377632141,0.04099598154425621,0.0
114.25,3.776049852371216,1.4778281450271606,-0.0031192898750305176,0.0030305972322821617,0.005370136816054583,0.9924158453941345,-0.122770756483078,-2.8954617067112323,-4.7109978140724706e-08,0.5206975340843201,0.0,-0.9226094484329224,0.4347469210624695,0.0
114.26666666666667,3.7760472297668457,1.4778287410736084,-0.0031134039163589478,0.0030083274468779564,0.005325663834810257,0.992414116859436,-0.1227874606847763,-2.895427566516323,-4.761887240078977e-08,0.4205106198787689,0.0,-0.9224599003791809,0.4659716486930847,0.0
114.28333333333333,3.776045083999634,1.4778294563293457,-0.0031175166368484497,0.003023158758878708,0.005359996575862169,0.9924134612083435,-0.12279105186462402,-2.8954207085924315,-4.907916917318289e-08,0.5136075019836426,0.0,-0.9224383234977722,-0.00669974647462368,0.0
114.3,3.7760543823242188,1.4778339862823486,-0.003119342029094696,0.0030307509005069733,0.005367898847907782,0.9924215078353882,-0.12272559106349945,-2.8955527588223107,-4.9246676070424655e-08,0.3676590025424957,0.0,-0.9232360124588013,0.3588804006576538,0.0
114.31666666666666,3.7760512828826904,1.477834701538086,-0.003114558756351471,0.0030108895152807236,0.005335092078894377,0.9924193024635315,-0.12274529039859772,-2.895512658501854,-4.9137856450442996e-08,0.287546843290329,0.0,-0.9230796694755554,0.1828402876853943,0.0
114.33333333333333,3.776057481765747,1.4778355360031128,-0.0031197667121887207,0.0030325083062052727,0.005371834151446819,0.9924242496490479,-0.1227031797170639,-2.8955979638577705,-4.93508061083503e-08,0.44592732191085815,0.0,-0.9235135316848755,0.4197877049446106,0.0
114.35,3.776055335998535,1.4778356552124023,-0.0031151697039604187,0.0030136825516819954,0.005332203581929207,0.9924224019050598,-0.12272007763385773,-2.8955634520122846,-5.009822245938267e-08,0.3750705122947693,0.0,-0.9233576059341431,0.23722322285175323,0.0
114.36666666666666,3.776059627532959,1.477836012840271,-0.0031188875436782837,0.003030037507414818,0.005367683246731758,0.992425262928009,-0.12269516289234161,-2.8956140639696457,-5.087146348614624e-08,0.4891946613788605,0.0,-0.9236178398132324,0.42462223768234253,0.0
114.38333333333334,3.776057243347168,1.477836012840271,-0.0031149014830589294,0.0030150115489959717,0.005328487604856491,0.9924235343933105,-0.12271127104759216,-2.895581203907051,-5.0667317452735006e-08,0.3748854696750641,0.0,-0.9234737753868103,0.22208049893379211,0.0
114.4,3.776061534881592,1.4778361320495605,-0.0031190291047096252,0.003032224252820015,0.005368238314986229,0.9924265146255493,-0.12268500030040741,-2.8956345695816883,-5.053612994743162e-08,0.47430288791656494,0.0,-0.9237478375434875,0.4231486916542053,0.0
114.41666666666667,3.776059627532959,1.4778366088867188,-0.00311482697725296,0.0030154623091220856,0.005328685976564884,0.9924246072769165,-0.12270218133926392,-2.8955994915868515,-5.0908742110777894e-08,0.38100212812423706,0.0,-0.9235861301422119,0.22786752879619598,0.0
114.43333333333334,3.7760632038116455,1.4778368473052979,-0.003119073808193207,0.003032457083463669,0.005368967540562153,0.9924271702766418,-0.12267930805683136,-2.8956460163608004,-5.1101615383686294e-08,0.46162572503089905,0.0,-0.923832356929779,0.42260462045669556,0.0
114.45,3.7760608196258545,1.4778369665145874,-0.0031148120760917664,0.003015049733221531,0.005327767692506313,0.9924255013465881,-0.12269537150859833,-2.8956132386426177,-5.019131421590828e-08,0.376747190952301,0.0,-0.9236789345741272,0.22891023755073547,0.0
114.46666666666667,3.776064395904541,1.4778368473052979,-0.0031189769506454468,0.0030302833765745163,0.0053685628809034824,0.9924278855323792,-0.12267348170280457,-2.895657727109162,-5.10929503150237e-08,0.47905611991882324,0.0,-0.9239124655723572,0.4224564731121063,0.0
114.48333333333333,3.77606201171875,1.477837324142456,-0.003114767372608185,0.003015187568962574,0.0053278133273124695,0.9924259185791016,-0.12269088625907898,-2.8956221794096146,-5.094942068240016e-08,0.3625456392765045,0.0,-0.9237476587295532,0.22142282128334045,0.0
114.5,3.7760660648345947,1.4778375625610352,-0.003118962049484253,0.0030319010838866234,0.005368436686694622,0.992428719997406,-0.12266696989536285,-2.8956708869266805,-5.02838339855316e-08,0.474394828081131,0.0,-0.923994779586792,0.4238802492618561,0.0
114.51666666666667,3.7760636806488037,1.4778379201889038,-0.0031147748231887817,0.003014763817191124,0.005327492021024227,0.9924269914627075,-0.12268322706222534,-2.8956376984373775,-5.181987106084307e-08,0.3593692183494568,0.0,-0.9238489270210266,0.22731366753578186,0.0
114.53333333333333,3.776067018508911,1.4778375625610352,-0.0031188875436782837,0.0030317148193717003,0.005368645768612623,0.9924293160438538,-0.1226624995470047,-2.895679927808022,-5.1865740147150063e-08,0.4769543409347534,0.0,-0.9240533113479614,0.42272883653640747,0.0
114.55,3.776064157485962,1.4778376817703247,-0.0031147301197052,0.0030156495049595833,0.005328343249857426,0.992427408695221,-0.12267950177192688,-2.8956451928069478,-5.1502254905244627e-08,0.3607388734817505,0.0,-0.9238916039466858,0.22322611510753632,0.0
114.56666666666666,3.7760679721832275,1.4778378009796143,-0.0031189098954200745,0.0030313972383737564,0.005368577316403389,0.9924298524856567,-0.12265744805335999,-2.8956900396501033,-5.1805940870508493e-08,0.47762158513069153,0.0,-0.9241164922714233,0.42406758666038513,0.0
114.58333333333333,3.7760655879974365,1.4778380393981934,-0.003114670515060425,0.0030147237703204155,0.005327519495040178,0.9924280047416687,-0.12267450988292694,-2.8956552186815387,-5.207148845443044e-08,0.37083059549331665,0.0,-0.9239570498466492,0.2305208295583725,0.0
114.6,3.776068925857544,1.477838158607483,-0.0031189247965812683,0.003031413070857525,0.0053686099126935005,0.9924302697181702,-0.12265489995479584,-2.8956952497143194,-5.248358903031658e-08,0.47406190633773804,0.0,-0.9241571426391602,0.42209839820861816,0.0
114.61666666666666,3.776066541671753,1.4778385162353516,-0.003114663064479828,0.003015323542058468,0.005327514372766018,0.9924284219741821,-0.12267148494720459,-2.895661352349508,-5.188449847537413e-08,0.355623722076416,0.0,-0.9240056276321411,0.22474098205566406,0.0
114.63333333333334,3.776069402694702,1.477838158607483,-0.0031188800930976868,0.0030322251841425896,0.005369137041270733,0.9924306869506836,-0.12265105545520782,-2.895702969409661,-5.170824124434148e-08,0.469063937664032,0.0,-0.9242058992385864,0.42306050658226013,0.0
114.65,3.776066780090332,1.477838397026062,-0.0031146034598350525,0.003014136105775833,0.005327765829861164,0.9924288392066956,-0.12266772985458374,-2.8956688760724067,-5.0445660093600964e-08,0.3741462826728821,0.0,-0.9240438938140869,0.23351691663265228,0.0
114.66666666666667,3.7760696411132812,1.477838397026062,-0.0031188800930976868,0.003032473847270012,0.005368761718273163,0.9924308657646179,-0.12264889478683472,-2.8957072578228904,-4.991174051838243e-08,0.48886629939079285,0.0,-0.9242289066314697,0.4194869101047516,0.0
114.68333333333334,3.7760677337646484,1.4778386354446411,-0.00311453640460968,0.0030135614797472954,0.005327559541910887,0.992429256439209,-0.12266513705253601,-2.8956741634507552,-4.983678181247342e-08,0.3763807415962219,0.0,-0.9240718483924866,0.22696061432361603,0.0
114.7,3.7760705947875977,1.4778386354446411,-0.003118954598903656,0.0030321460217237473,0.005368834361433983,0.9924315810203552,-0.12264455854892731,-2.8957161243876044,-4.914290130386689e-08,0.4606371819972992,0.0,-0.9242881536483765,0.4217608869075775,0.0
114.71666666666667,3.776068925857544,1.4778389930725098,-0.0031145066022872925,0.0030148467049002647,0.005327634047716856,0.9924296140670776,-0.12266108393669128,-2.8956822411218686,-5.0427711784095663e-08,0.38767290115356445,0.0,-0.92412269115448,0.2380993366241455,0.0
114.73333333333333,3.776071071624756,1.4778385162353516,-0.0031189322471618652,0.0030321013182401657,0.005369340069591999,0.9924314618110657,-0.12264454364776611,-2.8957160714003223,-4.9942823210358256e-08,0.46059900522232056,0.0,-0.9242944121360779,0.39169684052467346,0.0
114.75,3.776066780090332,1.4778385162353516,-0.003114573657512665,0.0030128350481390953,0.005331368185579777,0.9924280047416687,-0.12267513573169708,-2.8956540367590495,-4.914246787279808e-08,0.32202205061912537,0.0,-0.9239693284034729,0.1732683777809143,0.0
114.76666666666667,3.7760729789733887,1.4778391122817993,-0.003119245171546936,0.003032972104847431,0.005370928905904293,0.9924325346946716,-0.12263566255569458,-2.8957339776446105,-5.0168104337444674e-08,0.4176066219806671,0.0,-0.9244115948677063,0.41483446955680847,0.0
114.78333333333333,3.7760708332061768,1.477839469909668,-0.003114752471446991,0.0030161328613758087,0.005328977480530739,0.9924307465553284,-0.12265248596668243,-2.895699647039797,-5.097488298133612e-08,0.3474312722682953,0.0,-0.9242531657218933,0.2396891713142395,0.0
114.8,3.7760725021362305,1.4778389930725098,-0.0031186118721961975,0.0030284458771348,0.005367835983633995,0.992432177066803,-0.12263919413089752,-2.8957268365914133,-5.085888332700961e-08,0.4487493932247162,0.0,-0.9243678450584412,0.3103766143321991,0.0
114.81666666666666,3.7760679721832275,1.4778392314910889,-0.003114759922027588,0.003009567968547344,0.00534281088039279,0.9924286603927612,-0.12266917526721954,-2.8956660819051647,-5.1593222138990313e-08,0.3166612982749939,0.0,-0.9240776300430298,0.13353072106838226,0.0
114.83333333333333,3.7760801315307617,1.477840781211853,-0.003119364380836487,0.0030331583693623543,0.00537184439599514,0.9924366474151611,-0.12260298430919647,-2.8957998984939324,-5.008495662650603e-08,0.4581356942653656,0.0,-0.9248241186141968,0.41094979643821716,0.0
114.85,3.77607798576355,1.4778412580490112,-0.003114759922027588,0.003015391528606415,0.005329092964529991,0.9924346804618835,-0.12262073159217834,-2.8957636402175573,-4.7887642296018385e-08,0.3526194095611572,0.0,-0.9246723055839539,0.24469587206840515,0.0
114.86666666666666,3.776078701019287,1.4778406620025635,-0.003118753433227539,0.003031131811439991,0.005368916317820549,0.9924359321594238,-0.12260934710502625,-2.8957870739756477,-4.7223778665284044e-08,0.4345631003379822,0.0,-0.9247612953186035,0.2574264407157898,0.0
114.88333333333334,3.7760751247406006,1.4778414964675903,-0.003115236759185791,0.0030100708827376366,0.005347464233636856,0.9924323558807373,-0.12263888120651245,-2.895727152716777,-4.826428323667642e-08,0.2977074980735779,0.0,-0.9244839549064636,0.1219266876578331,0.0
114.9,3.7760894298553467,1.4778462648391724,-0.0031177103519439697,0.0030274614691734314,0.005371946841478348,0.9924402832984924,-0.1225731372833252,-2.895859951417295,-4.8529855689594115e-08,0.21649609506130219,0.0,-0.925352156162262,0.17613518238067627,0.0
114.91666666666667,3.7760860919952393,1.4778457880020142,-0.0031129494309425354,0.003010018728673458,0.005315255373716354,0.992439329624176,-0.12258335947990417,-2.895838768756732,-4.945967191360978e-08,0.12232591211795807,0.0,-0.9252445697784424,0.13771694898605347,0.0
114.93333333333334,3.776087760925293,1.4778456687927246,-0.0031161606311798096,0.0030197910964488983,0.005353269167244434,0.992441713809967,-0.12256203591823578,-2.8958820794889903,-4.94849068388703e-08,0.25736093521118164,0.0,-0.925399124622345,0.3665747344493866,0.0
114.95,3.77608323097229,1.4778454303741455,-0.0031140968203544617,0.003010999411344528,0.005331084132194519,0.9924378395080566,-0.12259571254253387,-2.895814085286888,-5.025534122182762e-08,0.15322133898735046,0.0,-0.925072193145752,0.1394178569316864,0.0
114.96666666666667,3.7760868072509766,1.4778459072113037,-0.0031160786747932434,0.003018631599843502,0.0053527746349573135,0.9924421906471252,-0.12255869805812836,-2.895888835506209,-4.935510133918797e-08,0.34495627880096436,0.0,-0.9254143238067627,0.4128667116165161,0.0
114.98333333333333,3.7760841846466064,1.4778462648391724,-0.003113575279712677,0.0030112192034721375,0.0053229136392474174,0.9924406409263611,-0.1225728839635849,-2.895859988619908,-4.945093223795993e-08,0.339764267206192,0.0,-0.9252861142158508,0.2515633702278137,0.0
115.0,3.7760844230651855,1.4778456687927246,-0.0031162798404693604,0.0030204858630895615,0.005354991648346186,0.992441713809967,-0.12256291508674622,-2.895880413091803,-4.791630558997895e-08,0.47098979353904724,0.0,-0.925339937210083,0.18198372423648834,0.0
115.01666666666667,3.776082754135132,1.477845311164856,-0.0031151771545410156,0.003015441820025444,0.005345853976905346,0.9924407005310059,-0.12257027626037598,-2.8958653495197506,-4.828216404462182e-08,0.42433226108551025,0.0,-0.9252509474754333,0.029569944366812706,0.0
115.03333333333333,3.7760963439941406,1.4778485298156738,-0.0031173378229141235,0.003025365062057972,0.005360463168472052,0.9924491047859192,-0.12250272929668427,-2.896001781888617,-4.668434527843601e-08,0.5189419388771057,0.0,-0.9260911345481873,0.4281145930290222,0.0
115.05,3.776094913482666,1.4778491258621216,-0.003111831843852997,0.003005283884704113,0.0053175222128629684,0.9924474358558655,-0.1225179135799408,-2.8959706498889446,-4.70052725631831e-08,0.6655687689781189,0.0,-0.9259558916091919,0.25564712285995483,0.0
115.06666666666666,3.7760918140411377,1.4778496026992798,-0.003120027482509613,0.00303016509860754,0.005373028106987476,0.9924461245536804,-0.12252575159072876,-2.895955476231156,-4.510354045805798e-08,0.09020929038524628,0.0,-0.9259016513824463,-0.08278774470090866,0.0
115.08333333333333,3.776111125946045,1.4778542518615723,-0.00312177836894989,0.003053770400583744,0.0053766872733831406,0.9924575090408325,-0.12243275344371796,-2.89614310466101,-4.434459910385158e-08,0.2782638669013977,0.0,-0.9270752668380737,0.4747954308986664,0.0
115.1,3.7761075496673584,1.4778560400009155,-0.003110915422439575,0.0030128806829452515,0.00530254514887929,0.9924560785293579,-0.12244826555252075,-2.896110951631981,-4.376600060140845e-08,0.09122174978256226,0.0,-0.9269365668296814,0.03969156742095947,0.0
115.11666666666666,3.7761118412017822,1.477856993675232,-0.0031180009245872498,0.0030280612409114838,0.005360802169889212,0.9924607276916504,-0.12240809202194214,-2.8961924857655683,-4.259105068626923e-08,0.315204918384552,0.0,-0.9273620843887329,0.37515363097190857,0.0
115.13333333333334,3.776109457015991,1.4778578281402588,-0.0031145140528678894,0.0030139535665512085,0.00532981613650918,0.992458701133728,-0.12242579460144043,-2.8961564372608213,-4.441087142481592e-08,0.3000138998031616,0.0,-0.9272052645683289,0.2004871666431427,0.0
115.15,3.776113986968994,1.4778579473495483,-0.003117486834526062,0.0030263494700193405,0.005360306240618229,0.9924625158309937,-0.12239335477352142,-2.8962221391332292,-4.46799326425662e-08,0.4302825927734375,0.0,-0.9275392293930054,0.4214257001876831,0.0
115.16666666666667,3.776111364364624,1.477858543395996,-0.003114178776741028,0.0030138706788420677,0.005325165577232838,0.9924607276916504,-0.12240968644618988,-2.8961888746868993,-4.439665701738704e-08,0.3635932505130768,0.0,-0.9273821115493774,0.22760745882987976,0.0
115.18333333333334,3.7761154174804688,1.4778584241867065,-0.003117576241493225,0.003027837723493576,0.005360772833228111,0.9924634099006653,-0.12238554656505585,-2.896237844591259,-4.53175594827826e-08,0.4881311357021332,0.0,-0.9276227951049805,0.42545825242996216,0.0
115.2,3.7761123180389404,1.4778587818145752,-0.003113880753517151,0.003013385459780693,0.005322613753378391,0.9924618005752563,-0.12240120768547058,-2.8962059474393462,-4.612456905306317e-08,0.3761613070964813,0.0,-0.927482008934021,0.22122755646705627,0.0
115.21666666666667,3.7761170864105225,1.4778591394424438,-0.003117680549621582,0.003027542494237423,0.005361048970371485,0.9924648404121399,-0.12237522006034851,-2.896258768405541,-4.7854321394424915e-08,0.5105844736099243,0.0,-0.9277546405792236,0.4256746768951416,0.0
115.23333333333333,3.7761144638061523,1.477859377861023,-0.003113791346549988,0.003013518638908863,0.005322600714862347,0.9924631714820862,-0.12239047884941101,-2.896227603799011,-4.6857543622991216e-08,0.39343833923339844,0.0,-0.9276173710823059,0.22591066360473633,0.0
115.25,3.7761192321777344,1.4778594970703125,-0.0031177476048469543,0.003027860075235367,0.005361965857446194,0.992466151714325,-0.12236450612545013,-2.8962803651141136,-4.617085735958426e-08,0.5218286514282227,0.0,-0.9278904795646667,0.4254296123981476,0.0
115.26666666666667,3.7761173248291016,1.4778598546981812,-0.003113679587841034,0.003013327717781067,0.005322557408362627,0.9924644231796265,-0.12238043546676636,-2.896247850017307,-4.768403272237265e-08,0.40077415108680725,0.0,-0.9277451634407043,0.22776080667972565,0.0
115.28333333333333,3.776121139526367,1.4778599739074707,-0.003117769956588745,0.003028353676199913,0.005362248048186302,0.9924670457839966,-0.1223565936088562,-2.896296259157235,-4.7408832415385405e-08,0.4973239600658417,0.0,-0.9280059337615967,0.42410343885421753,0.0
115.3,3.7761194705963135,1.477860450744629,-0.0031136199831962585,0.0030138371512293816,0.005322258919477463,0.9924653768539429,-0.12237192690372467,-2.896264928736469,-4.702101819020754e-08,0.40323466062545776,0.0,-0.927859902381897,0.2328195720911026,0.0
115.31666666666666,3.776123046875,1.4778603315353394,-0.0031177401542663574,0.003027181141078472,0.0053618974052369595,0.9924679398536682,-0.1223500519990921,-2.896309489105031,-4.552523336087688e-08,0.49853357672691345,0.0,-0.9280903935432434,0.4216195344924927,0.0
115.33333333333333,3.776121139526367,1.477860689163208,-0.003113560378551483,0.0030119838193058968,0.005321737378835678,0.9924660921096802,-0.12236569821834564,-2.896277417340989,-4.4532299625643645e-08,0.3828336298465729,0.0,-0.9279451370239258,0.2252776175737381,0.0
115.35,3.7761247158050537,1.4778605699539185,-0.0031177476048469543,0.0030296016484498978,0.005362644325941801,0.9924685955047607,-0.12234410643577576,-2.896321447637927,-4.4797264564522266e-08,0.4769992530345917,0.0,-0.9281712174415588,0.42338037490844727,0.0
115.36666666666666,3.7761218547821045,1.477860927581787,-0.003113657236099243,0.003013838082551956,0.005321664270013571,0.992466926574707,-0.12235994637012482,-2.896289117640534,-4.6216957372280376e-08,0.3628161549568176,0.0,-0.9280232787132263,0.22650721669197083,0.0
115.38333333333334,3.776124954223633,1.4778610467910767,-0.0031176507472991943,0.0030276989564299583,0.005361936055123806,0.9924691915512085,-0.12234023213386536,-2.8963293133799732,-4.668500253046659e-08,0.509727418422699,0.0,-0.9282163977622986,0.4207012951374054,0.0
115.4,3.776123046875,1.4778614044189453,-0.0031135305762290955,0.0030128518119454384,0.005322105251252651,0.9924674034118652,-0.12235581874847412,-2.8962974068398237,-4.771453987473251e-08,0.39094316959381104,0.0,-0.9280734062194824,0.2290804088115692,0.0
115.41666666666667,3.7761266231536865,1.4778612852096558,-0.0031177401542663574,0.003027847968041897,0.0053626601584255695,0.9924697279930115,-0.12233471870422363,-2.8963403293312417,-4.6609404336095395e-08,0.5003427863121033,0.0,-0.9282971620559692,0.4209328293800354,0.0
115.43333333333334,3.7761242389678955,1.4778616428375244,-0.0031135156750679016,0.003013351932168007,0.00532167311757803,0.9924681186676025,-0.12234997749328613,-2.896309174756771,-4.453068314091979e-08,0.3782026171684265,0.0,-0.9281536340713501,0.22593867778778076,0.0
115.45,3.776127815246582,1.4778615236282349,-0.003117673099040985,0.0030293455347418785,0.005362421739846468,0.992470383644104,-0.12232953310012817,-2.8963508040179953,-4.479309723137703e-08,0.49388837814331055,0.0,-0.9283608198165894,0.4210466146469116,0.0
115.46666666666667,3.776125192642212,1.477862000465393,-0.0031135156750679016,0.0030138902366161346,0.0053211720660328865,0.9924687743186951,-0.12234488129615784,-2.8963194643448618,-4.433144695781266e-08,0.3637988269329071,0.0,-0.9282236099243164,0.22521249949932098,0.0
115.48333333333333,3.776128053665161,1.4778618812561035,-0.0031176358461380005,0.003027345985174179,0.005362567957490683,0.9924710392951965,-0.12232509255409241,-2.8963598119065455,-4.489504590310389e-08,0.5114865899085999,0.0,-0.9284128546714783,0.4186660349369049,0.0
115.5,3.77612566947937,1.4778618812561035,-0.0031134039163589478,0.0030126692727208138,0.005322116427123547,0.9924693703651428,-0.12234020233154297,-2.8963289049755416,-4.465944414278056e-08,0.39734843373298645,0.0,-0.9282717108726501,0.2324949949979782,0.0
115.51666666666667,3.7761292457580566,1.4778621196746826,-0.0031177252531051636,0.0030278442427515984,0.0053628068417310715,0.9924715757369995,-0.12232010066509247,-2.8963698218832583,-4.4269203414160074e-08,0.5206847190856934,0.0,-0.9284766316413879,0.4189819395542145,0.0
115.53333333333333,3.776127338409424,1.4778624773025513,-0.0031133517622947693,0.0030127018690109253,0.005321954842656851,0.9924699068069458,-0.12233524024486542,-2.896338848247957,-4.540184406209846e-08,0.39836838841438293,0.0,-0.9283338785171509,0.23125861585140228,0.0
115.55,3.776130199432373,1.4778623580932617,-0.0031177401542663574,0.003028836101293564,0.005363167263567448,0.9924721121788025,-0.1223154366016388,-2.896379207093845,-4.750587834223552e-08,0.5089004635810852,0.0,-0.9285469055175781,0.4170488715171814,0.0
115.56666666666666,3.7761285305023193,1.4778627157211304,-0.003113292157649994,0.0030120564624667168,0.005322067532688379,0.9924705028533936,-0.12233054637908936,-2.896348314375799,-4.808467224393098e-08,0.4012932777404785,0.0,-0.9283973574638367,0.23475129902362823,0.0
115.58333333333333,3.7761316299438477,1.4778625965118408,-0.0031177476048469543,0.003029128536581993,0.005363703705370426,0.9924726486206055,-0.12231183052062988,-2.8963865497165444,-5.110402057084684e-08,0.5139935612678528,0.0,-0.9285924434661865,0.41282057762145996,0.0
115.6,3.7761292457580566,1.4778629541397095,-0.0031132772564888,0.0030118953436613083,0.005321936681866646,0.9924709796905518,-0.12232688069343567,-2.89635571635672,-5.1189019245612144e-08,0.38404133915901184,0.0,-0.9284515976905823,0.2236788123846054,0.0
115.61666666666666,3.776132822036743,1.47786283493042,-0.0031176581978797913,0.0030288901180028915,0.005363501608371735,0.9924733638763428,-0.12230615317821503,-2.8963979969980467,-5.278004167053041e-08,0.5051309466362,0.0,-0.9286702871322632,0.4208119213581085,0.0
115.63333333333334,3.7761309146881104,1.4778633117675781,-0.003113292157649994,0.003012118861079216,0.005321456119418144,0.9924715757369995,-0.12232138216495514,-2.896366734407485,-5.116837797913831e-08,0.382734477519989,0.0,-0.9285328388214111,0.23426376283168793,0.0
115.65,3.7761335372924805,1.4778627157211304,-0.0031175464391708374,0.003027193248271942,0.0053629488684237,0.9924734234809875,-0.12230506539344788,-2.8964001111811917,-5.190432261770184e-08,0.4839940667152405,0.0,-0.928683876991272,0.36667725443840027,0.0
115.66666666666667,3.7761282920837402,1.4778629541397095,-0.0031132474541664124,0.0030092205852270126,0.005328177474439144,0.9924699664115906,-0.12233501672744751,-2.896339354525419,-5.266877067811038e-08,0.3510521352291107,0.0,-0.9283707141876221,0.17135460674762726,0.0
115.68333333333334,3.7761359214782715,1.4778636693954468,-0.00311877578496933,0.003031655214726925,0.005369671620428562,0.9924750328063965,-0.12229171395301819,-2.896427111160215,-5.2506027969911884e-08,0.47301843762397766,0.0,-0.9288586378097534,0.428938627243042,0.0
115.7,3.7761335372924805,1.4778639078140259,-0.0031135380268096924,0.00301332026720047,0.005324662663042545,0.9924734234809875,-0.12230698764324188,-2.896395842784069,-5.2950266393736456e-08,0.37797966599464417,0.0,-0.9287158846855164,0.25765132904052734,0.0
115.71666666666667,3.7761337757110596,1.4778633117675781,-0.0031173601746559143,0.003027919679880142,0.005362578667700291,0.992474377155304,-0.12229818105697632,-2.8964140640696754,-5.2833424746268065e-08,0.47252485156059265,0.0,-0.9287700057029724,0.2006327509880066,0.0
115.73333333333333,3.7761313915252686,1.4778633117675781,-0.0031153634190559387,0.0030142711475491524,0.005347016267478466,0.9924723505973816,-0.12231451272964478,-2.896380829312727,-5.169370353996783e-08,0.41042637825012207,0.0,-0.9286007881164551,0.03443247452378273,0.0
115.75,3.776149272918701,1.4778670072555542,-0.0031189247965812683,0.003034070134162903,0.005369964987039566,0.9924830794334412,-0.12222594022750854,-2.896559641951315,-5.259164126414362e-08,0.5163823366165161,0.0,-0.9296854734420776,0.41044387221336365,0.0
115.76666666666667,3.77614688873291,1.4778677225112915,-0.0031134262681007385,0.0030122362077236176,0.0053252242505550385,0.9924813508987427,-0.1222427487373352,-2.896525297487365,-5.261600577455283e-08,0.41298696398735046,0.0,-0.9295408129692078,0.27941766381263733,0.0
115.78333333333333,3.776146650314331,1.4778668880462646,-0.0031175315380096436,0.0030281124636530876,0.0053629567846655846,0.9924817681312561,-0.12223745882511139,-2.8965363686647057,-5.4745285638091445e-08,0.5285239815711975,0.0,-0.9295574426651001,0.1221170499920845,0.0
115.8,3.7761499881744385,1.4778674840927124,-0.0031159818172454834,0.003019975498318672,0.005351663567125797,0.9924842715263367,-0.12221786379814148,-2.8965757110263097,-5.5021274647515384e-08,0.5539996027946472,0.0,-0.9297808408737183,0.4672567844390869,0.0
115.81666666666666,3.7761480808258057,1.4778691530227661,-0.0031145289540290833,0.00301491841673851,0.005337580107152462,0.9924824833869934,-0.12223273515701294,-2.8965455668610742,-5.544472969631897e-08,0.4326398968696594,0.0,-0.92949378490448,-0.022410066798329353,0.0
115.83333333333333,3.7761473655700684,1.4778650999069214,-0.0031170248985290527,0.0030183717608451843,0.005362883675843477,0.9924830794334412,-0.12222647666931152,-2.8965583669958677,-5.580506723390499e-08,0.7371816039085388,0.0,-0.9295423626899719,-0.058616407215595245,0.0
115.85,3.7761595249176025,1.4778697490692139,-0.0031177103519439697,0.0030304156243801117,0.005364475771784782,0.9924888014793396,-0.12218011915683746,-2.896651936144066,-5.739205377608414e-08,0.5470604300498962,0.0,-0.9302866458892822,0.4429924488067627,0.0
115.86666666666666,3.7761571407318115,1.4778701066970825,-0.0031123459339141846,0.003007977269589901,0.005318833515048027,0.9924871921539307,-0.12219549715518951,-2.8966204172649963,-5.566811722701459e-08,0.42212286591529846,0.0,-0.9301540851593018,0.29923415184020996,0.0
115.88333333333334,3.776155471801758,1.4778696298599243,-0.0031181201338768005,0.0030267201364040375,0.005365788470953703,0.9924861192703247,-0.12220172584056854,-2.8966083562082905,-5.597757990472019e-08,0.4720035791397095,0.0,-0.9300461411476135,0.0878530740737915,0.0
115.9,3.7761669158935547,1.4778717756271362,-0.003117702901363373,0.003028091974556446,0.005364927463233471,0.9924936294555664,-0.12214042246341705,-2.896731867989486,-5.3696677326797726e-08,0.5717552900314331,0.0,-0.9307867288589478,0.46608978509902954,0.0
115.91666666666667,3.776163339614868,1.4778746366500854,-0.003114864230155945,0.0030166422948241234,0.005334311630576849,0.9924913048744202,-0.12216110527515411,-2.8966898929815437,-5.444247719310624e-08,-0.02080315724015236,0.0,-0.9304389357566833,-0.06265513598918915,0.0
115.93333333333334,3.77616024017334,1.4778722524642944,-0.003118656575679779,0.0030256379395723343,0.005366194993257523,0.9924908876419067,-0.12216317653656006,-2.8966860471529063,-5.469161123983213e-08,0.08765280246734619,0.0,-0.9305348992347717,0.16551989316940308,0.0
115.95,3.77618145942688,1.4778791666030884,-0.003119826316833496,0.0030518369749188423,0.005367616191506386,0.9925046563148499,-0.12205024063587189,-2.896913821181957,-5.6998679553998954e-08,0.2838769853115082,0.0,-0.9319700002670288,0.293740451335907,0.0
115.96666666666667,3.776179313659668,1.477879285812378,-0.00311095267534256,0.003015207126736641,0.005303605459630489,0.9925037026405334,-0.12206195294857025,-2.896889485696975,-5.7540720632687226e-08,0.22439347207546234,0.0,-0.931831419467926,0.07698584347963333,0.0
115.98333333333333,3.776184558868408,1.4778804779052734,-0.0031176581978797913,0.0030296174809336662,0.005361126735806465,0.9925081133842468,-0.12202318012714386,-2.8969681409649155,-5.831421745483567e-08,0.36777734756469727,0.0,-0.9322720766067505,0.4000456631183624,0.0
116.0,3.776181697845459,1.4778811931610107,-0.003113679587841034,0.003013807348906994,0.005325270816683769,0.992506206035614,-0.12204049527645111,-2.8969328504345535,-5.950920467512333e-08,0.32490095496177673,0.0,-0.9321227669715881,0.23244446516036987,0.0
116.01666666666667,3.776183605194092,1.477880835533142,-0.003116913139820099,0.0030265329405665398,0.0053589302115142345,0.992508053779602,-0.12202337384223938,-2.896967668281119,-5.858362328581279e-08,0.43194088339805603,0.0,-0.9322556853294373,0.34733837842941284,0.0
116.03333333333333,3.776179552078247,1.4778807163238525,-0.0031135380268096924,0.003010605461895466,0.005332058295607567,0.9925045967102051,-0.12205398082733154,-2.8969057530811813,-5.852649564985768e-08,0.3132878243923187,0.0,-0.9319599270820618,0.15056493878364563,0.0
116.05,3.7761878967285156,1.4778820276260376,-0.0031175538897514343,0.0030297664925456047,0.005362560041248798,0.9925110340118408,-0.1219995766878128,-2.8970157347791026,-5.824194460046783e-08,0.4557865560054779,0.0,-0.9325636625289917,0.41445794701576233,0.0
116.06666666666666,3.776185989379883,1.4778826236724854,-0.003113396465778351,0.0030126571655273438,0.005322598852217197,0.9925093650817871,-0.1220155656337738,-2.896983112366134,-5.81565657853389e-08,0.4046403765678406,0.0,-0.9324096441268921,0.25192204117774963,0.0
116.08333333333333,3.7761876583099365,1.4778821468353271,-0.0031172409653663635,0.0030283834785223007,0.005361687391996384,0.9925107955932617,-0.12200108170509338,-2.897012639303596,-5.5849071145530615e-08,0.501213014125824,0.0,-0.9325441122055054,0.3160189986228943,0.0
116.1,3.776183843612671,1.4778823852539062,-0.003113090991973877,0.0030077919363975525,0.005333371926099062,0.9925074577331543,-0.1220305860042572,-2.8969528694626945,-5.670061753448863e-08,0.35822147130966187,0.0,-0.9322532415390015,0.14169928431510925,0.0
116.11666666666666,3.776195526123047,1.4778841733932495,-0.0031177103519439697,0.0030302591621875763,0.005363674834370613,0.9925151467323303,-0.12196536362171173,-2.8970846270201065,-5.863152807705774e-08,0.48981577157974243,0.0,-0.9330021739006042,0.4191799461841583,0.0
116.13333333333334,3.776193380355835,1.4778841733932495,-0.0031133517622947693,0.0030134497210383415,0.005322908982634544,0.9925135970115662,-0.12198066711425781,-2.897053405012969,-5.743891051679384e-08,0.41329383850097656,0.0,-0.9328641891479492,0.26597073674201965,0.0
116.15,3.7761940956115723,1.4778835773468018,-0.0031172186136245728,0.0030289702117443085,0.0053616538643836975,0.9925144910812378,-0.12197110056877136,-2.897073066682531,-5.813636505536124e-08,0.5225166082382202,0.0,-0.9329321384429932,0.2373722493648529,0.0
116.16666666666667,3.7761905193328857,1.477884292602539,-0.0031144097447395325,0.0030113449320197105,0.005340086296200752,0.9925116300582886,-0.12199577689170837,-2.8970230455735426,-5.986063911223027e-08,0.3966169059276581,0.0,-0.9326876401901245,0.08725053071975708,0.0
116.18333333333334,3.776209831237793,1.4778878688812256,-0.0031177401542663574,0.003029187209904194,0.005372693762183189,0.9925202131271362,-0.12192371487617493,-2.8971686035355115,-6.286730069859914e-08,0.291913241147995,0.0,-0.9336090087890625,0.19442708790302277,0.0
116.2,3.776207685470581,1.4778884649276733,-0.0031144917011260986,0.003018837422132492,0.005326840095221996,0.9925191402435303,-0.12193535268306732,-2.8971447971473134,-6.384724571262268e-08,0.17704549431800842,0.0,-0.9334753751754761,0.010409452021121979,0.0
116.21666666666667,3.7762045860290527,1.47788667678833,-0.0031164661049842834,0.0030208872631192207,0.005356182344257832,0.992518424987793,-0.1219395250082016,-2.8971365878541033,-6.449558043186698e-08,0.2744193375110626,0.0,-0.9334558844566345,0.013648932799696922,0.0
116.23333333333333,3.7762184143066406,1.477890133857727,-0.00311829149723053,0.0030324123799800873,0.005365700460970402,0.9925284385681152,-0.1218576431274414,-2.8973017775388974,-6.528165386043838e-08,0.49205300211906433,0.0,-0.9343985915184021,0.4240163266658783,0.0
116.25,3.776216506958008,1.4778904914855957,-0.0031121596693992615,0.0030097095295786858,0.0053197648376226425,0.9925270080566406,-0.12187184393405914,-2.897272646878164,-6.567091048736984e-08,0.44770708680152893,0.0,-0.9342645406723022,0.3098283112049103,0.0
116.26666666666667,3.7762138843536377,1.4778896570205688,-0.003118075430393219,0.0030288053676486015,0.005364501848816872,0.9925260543823242,-0.12187729775905609,-2.8972621429992604,-6.605337432574743e-08,0.5050261616706848,0.0,-0.9341763854026794,0.10621961951255798,0.0
116.28333333333333,3.7762253284454346,1.4778923988342285,-0.003116428852081299,0.0030260859057307243,0.005357429385185242,0.9925334453582764,-0.12181694805622101,-2.89738363008554,-6.580380329523905e-08,0.6006820797920227,0.0,-0.9348875880241394,0.47020456194877625,0.0
116.3,3.776223659515381,1.4778931140899658,-0.003113888204097748,0.0030155638232827187,0.005333451088517904,0.9925321936607361,-0.12182764708995819,-2.897361742056458,-6.652548734109587e-08,0.5324013829231262,0.0,-0.9346542954444885,0.02934710867702961,0.0
116.31666666666666,3.77622389793396,1.477889060974121,-0.003116920590400696,0.0030186204239726067,0.005364634562283754,0.9925338625907898,-0.1218138188123703,-2.8973899615347576,-6.531713836466224e-08,0.91465163230896,0.0,-0.9347278475761414,-0.03879604488611221,0.0
116.33333333333333,3.7762293815612793,1.4778928756713867,-0.0031172335147857666,0.0030317362397909164,0.005361116491258144,0.9925352931022644,-0.12180240452289581,-2.8974130806574503,-6.674135732964714e-08,0.6194453239440918,0.0,-0.9351084232330322,0.5055299997329712,0.0
116.35,3.776226758956909,1.4778947830200195,-0.003111720085144043,0.0030093640089035034,0.005313255358487368,0.992533266544342,-0.12182140350341797,-2.8973742587424134,-6.657728590653278e-08,0.6412625312805176,0.0,-0.9349780082702637,0.1516476273536682,0.0
116.36666666666666,3.7762279510498047,1.4778962135314941,-0.003119751811027527,0.0030360231176018715,0.005372806917876005,0.9925351738929749,-0.12180319428443909,-2.89741164730581,-6.483244163746349e-08,0.19135722517967224,0.0,-0.9352105259895325,0.3332113027572632,0.0
116.38333333333334,3.776224374771118,1.4778971672058105,-0.003115922212600708,0.003020143136382103,0.005346675869077444,0.9925327301025391,-0.12182293832302094,-2.897371393518618,-6.501407767700584e-08,0.19200703501701355,0.0,-0.9350461363792419,0.12677672505378723,0.0
116.4,3.776232957839966,1.4778982400894165,-0.003118157386779785,0.003030193969607353,0.005364906042814255,0.9925399422645569,-0.12176375091075897,-2.897490926443301,-6.572343380639722e-08,0.44712120294570923,0.0,-0.9356516599655151,0.40234625339508057,0.0
116.41666666666667,3.776230573654175,1.4778987169265747,-0.003115043044090271,0.0030176695436239243,0.005335228517651558,0.992537796497345,-0.12178245186805725,-2.8974528935593185,-6.621588255484312e-08,0.36594468355178833,0.0,-0.9354974627494812,0.21640756726264954,0.0
116.43333333333334,3.7762365341186523,1.4778989553451538,-0.0031187087297439575,0.0030352743342518806,0.0053689079359173775,0.9925418496131897,-0.12174782156944275,-2.8975230876428295,-6.766263993540633e-08,0.4620363414287567,0.0,-0.9358705282211304,0.4168294072151184,0.0
116.45,3.776233673095703,1.4778995513916016,-0.0031146258115768433,0.0030188439413905144,0.00532961543649435,0.9925398826599121,-0.12176601588726044,-2.897486012973067,-6.726165224790748e-08,0.3627004027366638,0.0,-0.9357070922851562,0.21250133216381073,0.0
116.46666666666667,3.7762398719787598,1.4779000282287598,-0.003118649125099182,0.0030335988849401474,0.0053680939599871635,0.9925435781478882,-0.12173441052436829,-2.8975501449270733,-6.944297581412684e-08,0.4780152440071106,0.0,-0.9360441565513611,0.4205504059791565,0.0
116.48333333333333,3.776237726211548,1.4779002666473389,-0.0031146109104156494,0.003018549643456936,0.005329115316271782,0.9925416111946106,-0.12175142765045166,-2.8975153556906177,-6.866860502441341e-08,0.3555370271205902,0.0,-0.9358974695205688,0.21461068093776703,0.0
116.5,3.7762417793273926,1.4779006242752075,-0.00311867892742157,0.0030354373157024384,0.005368104670196772,0.9925447106361389,-0.12172409892082214,-2.89757084653492,-6.975822230970152e-08,0.44001027941703796,0.0,-0.9361850619316101,0.4193722903728485,0.0
116.51666666666667,3.7762393951416016,1.4779008626937866,-0.0031145960092544556,0.003019404597580433,0.005329317878931761,0.9925429821014404,-0.12174092233181,-2.897536594565434,-6.998901369570376e-08,0.36914771795272827,0.0,-0.9360285997390747,0.22619956731796265,0.0
116.53333333333333,3.7762434482574463,1.4779008626937866,-0.003118664026260376,0.0030357353389263153,0.005368983838707209,0.9925455451011658,-0.1217169463634491,-2.897585240920196,-7.10302785478234e-08,0.4678453207015991,0.0,-0.9362787008285522,0.4226674735546112,0.0
116.55,3.7762415409088135,1.4779011011123657,-0.0031144842505455017,0.003018740564584732,0.0053285700269043446,0.9925438165664673,-0.12173424661159515,-2.8975500423954292,-7.064689810931668e-08,0.36336779594421387,0.0,-0.9361200332641602,0.22081848978996277,0.0
116.56666666666666,3.7762451171875,1.4779011011123657,-0.003118649125099182,0.0030352016910910606,0.0053683090955019,0.9925464391708374,-0.12171044945716858,-2.897598389528784,-7.134445922929444e-08,0.44353577494621277,0.0,-0.9363744258880615,0.42134809494018555,0.0
116.58333333333333,3.776242971420288,1.477901577949524,-0.003114543855190277,0.0030193710699677467,0.005328213330358267,0.9925446510314941,-0.12172791361808777,-2.8975628477374653,-7.293205328551267e-08,0.35118529200553894,0.0,-0.9362096786499023,0.22165130078792572,0.0
116.6,3.7762463092803955,1.4779014587402344,-0.003118574619293213,0.0030355341732501984,0.005368338897824287,0.9925469756126404,-0.12170542776584625,-2.8976084546661407,-7.36621643682156e-08,0.45209047198295593,0.0,-0.936439037322998,0.42384102940559387,0.0
116.61666666666666,3.7762441635131836,1.4779019355773926,-0.0031145289540290833,0.003019235096871853,0.005328402388840914,0.9925452470779419,-0.1217229962348938,-2.8975727518639,-7.330752538337038e-08,0.35087719559669495,0.0,-0.9362742900848389,0.22169514000415802,0.0
116.63333333333334,3.776247501373291,1.477901816368103,-0.0031185373663902283,0.0030347127467393875,0.005367855075746775,0.9925475716590881,-0.12170097231864929,-2.8976174544047564,-7.233450105559314e-08,0.4368212819099426,0.0,-0.9364959597587585,0.42351675033569336,0.0
116.65,3.7762451171875,1.4779022932052612,-0.0031145289540290833,0.003018810413777828,0.005328048020601273,0.9925457835197449,-0.12171834707260132,-2.8975820872576774,-7.25945312751719e-08,0.34476250410079956,0.0,-0.9363434314727783,0.22518733143806458,0.0
116.66666666666667,3.77624773979187,1.4779019355773926,-0.003118544816970825,0.003034011460840702,0.005367983132600784,0.9925479292869568,-0.12169812619686127,-2.8976231896927382,-7.225420972645225e-08,0.44846466183662415,0.0,-0.9365313649177551,0.42521899938583374,0.0
116.68333333333334,3.7762451171875,1.4779024124145508,-0.0031144991517066956,0.0030192071571946144,0.0053281839936971664,0.9925461411476135,-0.12171512842178345,-2.897588551626343,-7.272279844983132e-08,0.35700473189353943,0.0,-0.9363785982131958,0.22885969281196594,0.0
116.7,3.7762489318847656,1.4779022932052612,-0.0031185224652290344,0.003035380505025387,0.005367930047214031,0.9925484657287598,-0.12169444561004639,-2.897630681286338,-7.18676318456346e-08,0.48231950402259827,0.0,-0.9365755915641785,0.4226004183292389,0.0
116.71666666666667,3.7762465476989746,1.4779025316238403,-0.0031144097447395325,0.0030185384675860405,0.00532754510641098,0.9925466775894165,-0.12171125411987305,-2.897596388736973,-7.143329838754653e-08,0.3517456352710724,0.0,-0.9364254474639893,0.21816541254520416,0.0
116.73333333333333,3.7762503623962402,1.4779026508331299,-0.003118664026260376,0.003034861758351326,0.00536864111199975,0.9925490617752075,-0.1216888427734375,-2.897641907731976,-7.252288014569785e-08,0.44516125321388245,0.0,-0.936656653881073,0.4232896864414215,0.0
116.75,3.77624773979187,1.477902889251709,-0.0031144246459007263,0.003018616698682308,0.005327662918716669,0.9925472736358643,-0.12170521914958954,-2.897608447202976,-7.100662458014995e-08,0.3398347795009613,0.0,-0.9365034699440002,0.2249421328306198,0.0
116.76666666666667,3.7762506008148193,1.4779025316238403,-0.003118455410003662,0.0030337730422616005,0.005368082784116268,0.9925493001937866,-0.1216869056224823,-2.8976457942127816,-7.155127690339214e-08,0.4562089443206787,0.0,-0.9366785287857056,0.41990402340888977,0.0
116.78333333333333,3.776245355606079,1.4779024124145508,-0.003114372491836548,0.003018520772457123,0.005329680163413286,0.9925456047058105,-0.1217191219329834,-2.8975804803082186,-7.202275043027839e-08,0.3121154010295868,0.0,-0.9363364577293396,0.18486858904361725,0.0
116.8,3.7762506008148193,1.4779026508331299,-0.0031187012791633606,0.0030350973829627037,0.005369003862142563,0.992549479007721,-0.1216854453086853,-2.89764876057376,-7.144407732084801e-08,0.428982675075531,0.0,-0.9367024302482605,0.41786473989486694,0.0
116.81666666666666,3.7762484550476074,1.4779030084609985,-0.003114476799964905,0.0030184881761670113,0.00532892532646656,0.9925476312637329,-0.1217026561498642,-2.897613655545624,-7.19229689138956e-08,0.34688422083854675,0.0,-0.9365361928939819,0.23027488589286804,0.0
116.83333333333333,3.7762506008148193,1.4779026508331299,-0.0031184405088424683,0.003034350462257862,0.0053680287674069405,0.9925495982170105,-0.12168456614017487,-2.897650521764183,-7.175271576898012e-08,0.45705750584602356,0.0,-0.936707615852356,0.4126715064048767,0.0
116.85,3.7762460708618164,1.4779024124145508,-0.003114357590675354,0.0030175000429153442,0.005330145359039307,0.9925460815429688,-0.12171670794487,-2.897585469769102,-7.057644779706607e-08,0.31258276104927063,0.0,-0.9363736510276794,0.18099454045295715,0.0
116.86666666666666,3.7762515544891357,1.4779027700424194,-0.003118768334388733,0.0030367327854037285,0.005369766615331173,0.9925500154495239,-0.12168115377426147,-2.897657440921678,-7.040306115868589e-08,0.41845938563346863,0.0,-0.9367563724517822,0.41504335403442383,0.0
116.88333333333334,3.776249408721924,1.4779032468795776,-0.0031144320964813232,0.0030174478888511658,0.005328950472176075,0.9925482869148254,-0.12169836461544037,-2.8976223860534156,-7.241862221007977e-08,0.35533854365348816,0.0,-0.9365854859352112,0.23270021378993988,0.0
116.9,3.7762510776519775,1.477902889251709,-0.003118455410003662,0.003034542314708233,0.005368734709918499,0.9925500154495239,-0.12168113887310028,-2.8976574353679045,-7.364736376302972e-08,0.4477476179599762,0.0,-0.9367561936378479,0.39755985140800476,0.0
116.91666666666667,3.776247501373291,1.4779026508331299,-0.0031144246459007263,0.003016829490661621,0.005332102067768574,0.9925463795661926,-0.12171286344528198,-2.897593105649047,-7.561214943052619e-08,0.3089022636413574,0.0,-0.9364292621612549,0.17317263782024384,0.0
116.93333333333334,3.7762539386749268,1.4779033660888672,-0.0031188800930976868,0.00303579680621624,0.005369735416024923,0.9925509095191956,-0.12167440354824066,-2.897671080549159,-7.595694739848113e-08,0.40537723898887634,0.0,-0.9368571043014526,0.41128432750701904,0.0
116.95,3.776252031326294,1.4779034852981567,-0.003114566206932068,0.0030186930671334267,0.005328976549208164,0.9925491213798523,-0.12169140577316284,-2.897636407680258,-7.629710552237157e-08,0.326750785112381,0.0,-0.936699628829956,0.22793328762054443,0.0
116.96666666666667,3.7762534618377686,1.4779032468795776,-0.0031183362007141113,0.0030335653573274612,0.005367480218410492,0.9925506711006165,-0.1216762363910675,-2.897667329237826,-7.677602553712859e-08,0.37535151839256287,0.0,-0.9368312954902649,0.33398136496543884,0.0
116.98333333333333,3.7762486934661865,1.4779033660888672,-0.003114834427833557,0.0030148886144161224,0.0053407130762934685,0.9925470352172852,-0.12170720100402832,-2.8976045621772397,-7.698207582507166e-08,0.2582695782184601,0.0,-0.9365298748016357,0.1347833275794983,0.0
117.0,3.7762584686279297,1.4779044389724731,-0.003118947148323059,0.0030366946011781693,0.005370308645069599,0.9925536513328552,-0.1216515451669693,-2.897717112136753,-7.787023292848971e-08,0.4102410674095154,0.0,-0.9371392726898193,0.4223429262638092,0.0
117.01666666666667,3.7762551307678223,1.4779049158096313,-0.0031155943870544434,0.00302311684936285,0.005332689732313156,0.9925517439842224,-0.12166944146156311,-2.8976807015355552,-7.812970892473459e-08,0.08526390045881271,0.0,-0.9369733929634094,0.14920924603939056,0.0
117.03333333333333,3.776256799697876,1.4779070615768433,-0.003117084503173828,0.003028913401067257,0.005359223112463951,0.9925549030303955,-0.12164194881916046,-2.8977362994885016,-7.891196673881495e-08,0.14668436348438263,0.0,-0.937280535697937,0.2925693094730377,0.0
117.05,3.7762534618377686,1.4779081344604492,-0.0031145066022872925,0.0030168313533067703,0.005335476715117693,0.9925528764724731,-0.1216595321893692,-2.8977005748191584,-7.86698493016047e-08,0.17213496565818787,0.0,-0.9371371865272522,0.10950484871864319,0.0
117.06666666666666,3.776261329650879,1.4779090881347656,-0.0031171366572380066,0.003028908744454384,0.005359647795557976,0.9925599694252014,-0.12160107493400574,-2.89781870584882,-7.738186980077444e-08,0.413482129573822,0.0,-0.9377390742301941,0.39289528131484985,0.0
117.08333333333333,3.776258945465088,1.477909803390503,-0.0031138435006141663,0.0030152546241879463,0.005327869206666946,0.992557942867279,-0.12161880731582642,-2.8977825891113254,-7.802217538710465e-08,0.3652460277080536,0.0,-0.9375848770141602,0.21462473273277283,0.0
117.1,3.7762644290924072,1.4779099225997925,-0.003117382526397705,0.003029615618288517,0.005361924413591623,0.9925617575645447,-0.12158626317977905,-2.897848564523661,-7.751717845394523e-08,0.46834897994995117,0.0,-0.9379295110702515,0.42190659046173096,0.0
117.11666666666666,3.776262044906616,1.4779107570648193,-0.0031136050820350647,0.0030157379806041718,0.005323898047208786,0.9925599098205566,-0.12160301208496094,-2.897814400273697,-7.838736593157591e-08,0.37949031591415405,0.0,-0.937781035900116,0.2217603325843811,0.0
117.13333333333334,3.776265859603882,1.4779106378555298,-0.0031174197793006897,0.0030312836170196533,0.005362247116863728,0.9925630688667297,-0.12157565355300903,-2.897869971924533,-8.02303148361716e-08,0.4903040826320648,0.0,-0.9380683898925781,0.42410731315612793,0.0
117.15,3.77626371383667,1.4779108762741089,-0.003113396465778351,0.0030151065438985825,0.005323277320712805,0.9925613403320312,-0.1215914785861969,-2.897837639243428,-8.146809449272041e-08,0.41849055886268616,0.0,-0.9379119873046875,0.23280827701091766,0.0
117.16666666666667,3.7762680053710938,1.477911353111267,-0.0031174644827842712,0.0030311569571495056,0.005362396128475666,0.9925642013549805,-0.12156552076339722,-2.8978903110244527,-8.035879517365174e-08,0.5069593191146851,0.0,-0.9381905794143677,0.42309749126434326,0.0
117.18333333333334,3.776265859603882,1.4779117107391357,-0.0031133070588111877,0.003014570102095604,0.005322718061506748,0.9925627112388611,-0.12158103287220001,-2.8978587412687773,-7.70166082020296e-08,0.4157262444496155,0.0,-0.9380462765693665,0.2304094284772873,0.0
117.2,3.776270866394043,1.4779117107391357,-0.0031174644827842712,0.0030317800119519234,0.005362948402762413,0.9925655126571655,-0.12155485153198242,-2.897911825033039,-7.822734460205538e-08,0.5292345881462097,0.0,-0.9383341670036316,0.42313867807388306,0.0
117.21666666666667,3.776268720626831,1.4779123067855835,-0.003113262355327606,0.0030141184106469154,0.005322644487023354,0.9925638437271118,-0.12157094478607178,-2.8978789884087903,-7.754216824196192e-08,0.3959626853466034,0.0,-0.9381862282752991,0.22091498970985413,0.0
117.23333333333333,3.776273012161255,1.477912425994873,-0.003117479383945465,0.003032054752111435,0.005362997762858868,0.9925668239593506,-0.12154453992843628,-2.8979326409219572,-7.655235378933867e-08,0.49072620272636414,0.0,-0.9384750723838806,0.42391136288642883,0.0
117.25,3.776270866394043,1.4779129028320312,-0.0031133070588111877,0.0030159754678606987,0.005322718061506748,0.9925652146339417,-0.12156017124652863,-2.897900753776892,-7.55122329110236e-08,0.4043200612068176,0.0,-0.9383257627487183,0.2350977659225464,0.0
117.26666666666667,3.7762742042541504,1.4779125452041626,-0.003117375075817108,0.0030307816341519356,0.005362684838473797,0.9925675392150879,-0.1215386688709259,-2.897944451477413,-7.353182951419512e-08,0.525203287601471,0.0,-0.9385551810264587,0.4188561737537384,0.0
117.28333333333333,3.7762722969055176,1.4779130220413208,-0.0031131207942962646,0.003014441579580307,0.005322732497006655,0.9925658106803894,-0.12155473232269287,-2.8979116467172803,-7.461802198349687e-08,0.4119141399860382,0.0,-0.9383981823921204,0.22617214918136597,0.0
117.3,3.7762763500213623,1.4779131412506104,-0.0031175166368484497,0.0030323201790452003,0.0053636678494513035,0.9925686717033386,-0.12152944505214691,-2.897963066152313,-7.385229139345029e-08,0.4947224259376526,0.0,-0.9386685490608215,0.42349421977996826,0.0
117.31666666666666,3.7762744426727295,1.477913737297058,-0.0031131282448768616,0.003014594316482544,0.005321997217833996,0.9925669431686401,-0.12154559791088104,-2.8979300556855003,-7.332452867103711e-08,0.4003543555736542,0.0,-0.9385188817977905,0.23528710007667542,0.0
117.33333333333333,3.7762773036956787,1.4779133796691895,-0.003117382526397705,0.0030307136476039886,0.005362984258681536,0.9925691485404968,-0.12152566015720367,-2.897970677936816,-7.279597724618725e-08,0.5211047530174255,0.0,-0.9387261271476746,0.4155113697052002,0.0
117.35,3.776275634765625,1.4779138565063477,-0.0031130388379096985,0.0030142730101943016,0.005322406999766827,0.9925674200057983,-0.12154147028923035,-2.8979383531895087,-7.419641434580626e-08,0.3982314169406891,0.0,-0.938574492931366,0.2216593474149704,0.0
117.36666666666666,3.7762796878814697,1.4779138565063477,-0.003117471933364868,0.0030311178416013718,0.005363529082387686,0.992570161819458,-0.12151749432086945,-2.8979871516799185,-7.371249211018949e-08,0.48298707604408264,0.0,-0.9388359785079956,0.4237590730190277,0.0
117.38333333333334,3.776277542114258,1.4779142141342163,-0.003113172948360443,0.0030162325128912926,0.00532182352617383,0.9925684332847595,-0.12153324484825134,-2.8979549453034346,-7.552657166343124e-08,0.36900943517684937,0.0,-0.9386925101280212,0.22940050065517426,0.0
117.4,3.776279926300049,1.4779139757156372,-0.003117173910140991,0.003030618652701378,0.005362665746361017,0.9925703406333923,-0.12151570618152618,-2.8979907110006584,-7.512601030157384e-08,0.4879473149776459,0.0,-0.9388576149940491,0.4034842252731323,0.0
117.41666666666667,3.776275396347046,1.477913737297058,-0.0031130462884902954,0.003013359382748604,0.005325378850102425,0.9925668239593506,-0.12154681980609894,-2.897927639978812,-7.670661261727219e-08,0.34913983941078186,0.0,-0.9385319948196411,0.18411800265312195,0.0
117.43333333333334,3.7762811183929443,1.4779142141342163,-0.003117606043815613,0.0030323145911097527,0.005363966338336468,0.9925711154937744,-0.12151016294956207,-2.8980019818258094,-7.468811702437961e-08,0.44798028469085693,0.0,-0.938932478427887,0.4215409457683563,0.0
117.45,3.776278495788574,1.4779149293899536,-0.0031132251024246216,0.003015110269188881,0.005322890821844339,0.9925693273544312,-0.12152613699436188,-2.8979692845927176,-7.396981516194501e-08,0.3775347173213959,0.0,-0.9387822151184082,0.2448732852935791,0.0
117.46666666666667,3.776280641555786,1.4779142141342163,-0.003117084503173828,0.0030288388952612877,0.0053622666746377945,0.9925708770751953,-0.12151120603084564,-2.8979997451815023,-7.333003537723926e-08,0.5219786763191223,0.0,-0.9389050006866455,0.3358786106109619,0.0
117.48333333333333,3.776276111602783,1.477914571762085,-0.0031130239367485046,0.0030102338641881943,0.005333153530955315,0.9925675392150879,-0.12154047191143036,-2.8979404389936203,-7.56628750764321e-08,0.3682137131690979,0.0,-0.9386178255081177,0.15172889828681946,0.0
117.5,3.776287317276001,1.47791588306427,-0.0031177550554275513,0.0030320119112730026,0.005365393590182066,0.9925746321678162,-0.12148012220859528,-2.8980624090552745,-7.403242818782019e-08,0.4856264591217041,0.0,-0.9393103122711182,0.4173925220966339,0.0
117.51666666666667,3.77628493309021,1.4779163599014282,-0.0031132251024246216,0.003015252761542797,0.005324190948158503,0.9925730228424072,-0.12149615585803986,-2.898029728924805,-7.437706273094591e-08,0.3978196978569031,0.0,-0.9391655921936035,0.25652268528938293,0.0
117.53333333333333,3.7762863636016846,1.477915644645691,-0.003117203712463379,0.0030300719663500786,0.00536308903247118,0.9925742149353027,-0.1214849203824997,-2.898052818030107,-7.375456334557384e-08,0.5157487988471985,0.0,-0.9392544627189636,0.27138087153434753,0.0
117.55,3.7762818336486816,1.4779165983200073,-0.0031134560704231262,0.0030099963769316673,0.005339283030480146,0.9925707578659058,-0.12151461839675903,-2.8979926358763395,-7.201121121624965e-08,0.35782602429389954,0.0,-0.9389761090278625,0.12149628251791,0.0
117.56666666666666,3.7762985229492188,1.4779198169708252,-0.003117404878139496,0.0030291983857750893,0.005372992716729641,0.9925787448883057,-0.12144733965396881,-2.898128591413662,-7.153791869995985e-08,0.2968614995479584,0.0,-0.939756453037262,0.17014643549919128,0.0
117.58333333333333,3.7762959003448486,1.4779200553894043,-0.003114260733127594,0.0030198441818356514,0.005328916944563389,0.9925776720046997,-0.12145814299583435,-2.8981064197126356,-7.0566471777056e-08,0.2128874659538269,0.0,-0.9396275877952576,0.006704933941364288,0.0
117.6,3.776293992996216,1.4779181480407715,-0.0031166300177574158,0.0030253175646066666,0.005358994007110596,0.992577075958252,-0.12146136164665222,-2.8981001767161616,-7.18305130931185e-08,0.366141140460968,0.0,-0.9396291971206665,0.037050891667604446,0.0
117.61666666666666,3.7763075828552246,1.4779210090637207,-0.003117986023426056,0.0030336668714880943,0.00536669697612524,0.9925865530967712,-0.12138336896896362,-2.8982574521937443,-7.121553835531813e-08,0.5254295468330383,0.0,-0.9405535459518433,0.4331267476081848,0.0
117.63333333333334,3.7763054370880127,1.4779216051101685,-0.0031122341752052307,0.003010271117091179,0.005322728771716356,0.9925847053527832,-0.12140023708343506,-2.898222892366437,-7.01262763413979e-08,0.43921682238578796,0.0,-0.9404054880142212,0.30570733547210693,0.0
117.65,3.776303291320801,1.4779210090637207,-0.0031180232763290405,0.003031010739505291,0.0053664096631109715,0.9925839304924011,-0.12140440940856934,-2.898214991008173,-6.962567766777283e-08,0.5045095086097717,0.0,-0.9403181076049805,0.085142120718956,0.0
117.66666666666667,3.776315689086914,1.4779235124588013,-0.003117196261882782,0.0030283182859420776,0.005363252945244312,0.9925916194915771,-0.12134197354316711,-2.8983407701056834,-6.939220753565678e-08,0.6050679683685303,0.0,-0.9410675168037415,0.557172417640686,0.0
117.68333333333334,3.776312828063965,1.4779253005981445,-0.0031110793352127075,0.003008563071489334,0.005315493792295456,0.9925894141197205,-0.12136282026767731,-2.898298283064171,-6.822597953259901e-08,0.6037775874137878,0.0,-0.940933883190155,0.20547674596309662,0.0
117.7,3.776311159133911,1.4779258966445923,-0.003118865191936493,0.0030322233214974403,0.005369680002331734,0.9925892353057861,-0.12136144936084747,-2.898301637609295,-6.837980492946372e-08,0.10493047535419464,0.0,-0.9409560561180115,0.08353681117296219,0.0
117.71666666666667,3.776315450668335,1.47792649269104,-0.0031199902296066284,0.0030454546213150024,0.00537453219294548,0.992591381072998,-0.12134240567684174,-2.8983400690573817,-6.853684197949406e-08,0.20531277358531952,0.0,-0.9411886930465698,0.3301059901714325,0.0
117.73333333333333,3.7763118743896484,1.477927565574646,-0.0031146183609962463,0.0030191736295819283,0.005332395434379578,0.9925894737243652,-0.12136121094226837,-2.8983017220743976,-6.923607998032821e-08,0.16459353268146515,0.0,-0.9410274624824524,0.13086752593517303,0.0
117.75,3.776318311691284,1.4779284000396729,-0.003117986023426056,0.003032310865819454,0.005365041084587574,0.992594838142395,-0.12131606042385101,-2.898393080705902,-6.947690422975938e-08,0.3824145495891571,0.0,-0.9414790272712708,0.3928760588169098,0.0
117.76666666666667,3.776315689086914,1.4779287576675415,-0.0031148716807365417,0.0030204858630895615,0.005334711633622646,0.9925928115844727,-0.12133374810218811,-2.8983570820887827,-6.945963804128041e-08,0.3129045367240906,0.0,-0.9413372874259949,0.20203343033790588,0.0
117.78333333333333,3.7763214111328125,1.4779289960861206,-0.003118187189102173,0.003034827299416065,0.005367260426282883,0.9925968647003174,-0.1212988793849945,-2.898427696738898,-6.845769462415774e-08,0.42971372604370117,0.0,-0.941694974899292,0.41239485144615173,0.0
117.8,3.776318073272705,1.4779295921325684,-0.003114566206932068,0.003020094707608223,0.0053305858746171,0.9925948977470398,-0.12131713330745697,-2.8983905496892852,-6.842515176685993e-08,0.3348448574542999,0.0,-0.9415326714515686,0.20644418895244598,0.0
117.81666666666666,3.7763235569000244,1.477929711341858,-0.003118261694908142,0.0030361125245690346,0.00536744762212038,0.9925985932350159,-0.12128464877605438,-2.8984563778598225,-6.801449359272738e-08,0.4661569893360138,0.0,-0.9418700337409973,0.41885820031166077,0.0
117.83333333333333,3.7763211727142334,1.4779305458068848,-0.003114365041255951,0.003019253723323345,0.005329961888492107,0.9925966262817383,-0.12130306661128998,-2.8984188838215217,-6.806050123486784e-08,0.3771525025367737,0.0,-0.9417064189910889,0.21869772672653198,0.0
117.85,3.7763259410858154,1.4779305458068848,-0.003118462860584259,0.0030364086851477623,0.005368606187403202,0.9926000833511353,-0.12127269804477692,-2.898480494732548,-6.882871872448959e-08,0.4684068560600281,0.0,-0.9420320391654968,0.41897663474082947,0.0
117.86666666666666,3.7763235569000244,1.4779307842254639,-0.0031141936779022217,0.0030187340453267097,0.005329488776624203,0.9925981163978577,-0.12129032611846924,-2.8984444958591027,-6.775516681045701e-08,0.38620612025260925,0.0,-0.9418700933456421,0.2223091423511505,0.0
117.88333333333334,3.7763285636901855,1.477931022644043,-0.0031184405088424683,0.0030363788828253746,0.0053685628809034824,0.9926013946533203,-0.12126205861568451,-2.898501939443395,-6.747088576730675e-08,0.47663986682891846,0.0,-0.9421663284301758,0.4206694960594177,0.0
117.9,3.7763264179229736,1.4779314994812012,-0.00311414897441864,0.003019251860678196,0.005328178405761719,0.992599368095398,-0.12128014862537384,-2.898464999196613,-6.866016377671258e-08,0.3797593414783478,0.0,-0.9420027136802673,0.22112417221069336,0.0
117.91666666666667,3.7763307094573975,1.4779314994812012,-0.003118455410003662,0.0030370065942406654,0.005368849262595177,0.9926023483276367,-0.12125413119792938,-2.898517911353493,-6.881553815674124e-08,0.45566627383232117,0.0,-0.9422861337661743,0.42009884119033813,0.0
117.93333333333334,3.7763283252716064,1.4779322147369385,-0.0031141862273216248,0.00301987212151289,0.0053281900472939014,0.9926003813743591,-0.1212720274925232,-2.8984813840739005,-6.764128102076938e-08,0.35646164417266846,0.0,-0.9421183466911316,0.2183559387922287,0.0
117.95,3.7763326168060303,1.4779319763183594,-0.003118366003036499,0.0030361702665686607,0.005368323996663094,0.9926032423973083,-0.12124712765216827,-2.8985320359151845,-6.675478658735301e-08,0.4625227451324463,0.0,-0.9423760771751404,0.42314425110816956,0.0
117.96666666666667,3.776329755783081,1.477932333946228,-0.003114163875579834,0.003020079806447029,0.005327778868377209,0.9926012754440308,-0.12126447260379791,-2.8984965831090266,-6.711844946494239e-08,0.34656211733818054,0.0,-0.9422168135643005,0.2177896946668625,0.0
117.98333333333333,3.776334047317505,1.4779324531555176,-0.0031183287501335144,0.0030357064679265022,0.005368346348404884,0.9926038980484009,-0.12124146521091461,-2.898543414541005,-6.886686065854519e-08,0.4685990810394287,0.0,-0.9424580931663513,0.42422857880592346,0.0
118.0,3.7763314247131348,1.4779328107833862,-0.0031142011284828186,0.0030193356797099113,0.0053280917927622795,0.9926020503044128,-0.1212582141160965,-2.898509196398926,-6.941741759192155e-08,0.33956506848335266,0.0,-0.9423031210899353,0.21916349232196808,0.0
118.01666666666667,3.7763350009918213,1.4779325723648071,-0.0031182989478111267,0.003036889247596264,0.005368265323340893,0.9926044344902039,-0.12123645842075348,-2.89855345996438,-6.759367465747346e-08,0.4587615132331848,0.0,-0.942520022392273,0.42482107877731323,0.0
118.03333333333333,3.7763326168060303,1.4779330492019653,-0.003114178776741028,0.0030194781720638275,0.005327885039150715,0.9926027059555054,-0.12125334143638611,-2.8985190569924995,-6.748792458211028e-08,0.3481588363647461,0.0,-0.9423611164093018,0.22312980890274048,0.0
118.05,3.7763357162475586,1.4779325723648071,-0.003118261694908142,0.003036857582628727,0.0053684301674366,0.9926049709320068,-0.12123259902000427,-2.8985612845368705,-6.802976315611886e-08,0.4569738209247589,0.0,-0.9425658583641052,0.4241020083427429,0.0
118.06666666666666,3.7763335704803467,1.4779331684112549,-0.003114074468612671,0.003018355928361416,0.005327357444912195,0.9926030039787292,-0.1212501972913742,-2.8985253126919712,-6.431950083651827e-08,0.35623228549957275,0.0,-0.942402720451355,0.2251981645822525,0.0
118.08333333333333,3.776336431503296,1.4779329299926758,-0.0031183138489723206,0.003035501576960087,0.005368435755372047,0.9926052689552307,-0.12123045325279236,-2.8985656198140206,-6.469092994620951e-08,0.45470601320266724,0.0,-0.9426026940345764,0.42345917224884033,0.0
118.1,3.7763335704803467,1.4779331684112549,-0.003114141523838043,0.003018890507519245,0.005327482242137194,0.9926033616065979,-0.12124744057655334,-2.89853088909211,-6.476826541756964e-08,0.34345772862434387,0.0,-0.9424378871917725,0.22093816101551056,0.0
118.11666666666666,3.776336908340454,1.4779331684112549,-0.0031182318925857544,0.0030351756140589714,0.0053678820841014385,0.9926055073738098,-0.1212272047996521,-2.8985720415163545,-6.412199127225904e-08,0.46205636858940125,0.0,-0.9426408410072327,0.4242941439151764,0.0
118.13333333333334,3.776334762573242,1.4779332876205444,-0.0031141191720962524,0.0030193664133548737,0.0053278980776667595,0.9926038384437561,-0.12124407291412354,-2.898537731183535,-6.502244076500574e-08,0.35881730914115906,0.0,-0.9424816966056824,0.22657203674316406,0.0
118.15,3.776336908340454,1.4779335260391235,-0.0031182244420051575,0.003036065027117729,0.005368095822632313,0.9926058053970337,-0.12122504413127899,-2.8985764312154445,-6.222115445098098e-08,0.44528090953826904,0.0,-0.9426727294921875,0.4233304262161255,0.0
118.16666666666667,3.7763352394104004,1.477933645248413,-0.003114074468612671,0.003019123338162899,0.005327919498085976,0.99260413646698,-0.12124095857143402,-2.89854394460139,-6.295344689988269e-08,0.37348467111587524,0.0,-0.9425075054168701,0.23359376192092896,0.0
118.18333333333334,3.7763376235961914,1.4779332876205444,-0.0031183362007141113,0.003037028945982456,0.005369230639189482,0.9926060438156128,-0.12122403085231781,-2.8985785780198103,-6.60295143006806e-08,0.4444164037704468,0.0,-0.9426831007003784,0.3964293301105499,0.0
118.2,3.7763328552246094,1.4779331684112549,-0.0031140148639678955,0.0030163945630192757,0.005331139080226421,0.9926024675369263,-0.1212555319070816,-2.8985146683157557,-6.595977453116575e-08,0.3197499215602875,0.0,-0.942351758480072,0.17503413558006287,0.0
118.21666666666667,3.7763400077819824,1.477933645248413,-0.0031186342239379883,0.003037717193365097,0.005370047874748707,0.9926068782806396,-0.12121674418449402,-2.8985932360617004,-6.585724321439557e-08,0.4191792905330658,0.0,-0.9427860379219055,0.41613367199897766,0.0
118.23333333333333,3.776337146759033,1.4779342412948608,-0.0031150951981544495,0.0030238060280680656,0.00533146969974041,0.9926048517227173,-0.12123480439186096,-2.8985564057876956,-6.571813315758845e-08,0.09330684691667557,0.0,-0.9426214694976807,0.17249539494514465,0.0
118.25,3.7763378620147705,1.477936029434204,-0.0031165704131126404,0.0030285976827144623,0.005358952097594738,0.9926080107688904,-0.12120816111564636,-2.898610373003987,-6.575072575287777e-08,0.1193317398428917,0.0,-0.9429008960723877,0.27258920669555664,0.0
118.26666666666667,3.776334762573242,1.47793710231781,-0.003114365041255951,0.0030167046934366226,0.005338993854820728,0.992605984210968,-0.12122558057308197,-2.8985750041454628,-6.473372593518434e-08,0.17113234102725983,0.0,-0.9427421689033508,0.09077826887369156,0.0
118.28333333333333,3.776344060897827,1.4779386520385742,-0.0031169429421424866,0.0030297888442873955,0.005360438022762537,0.9926138520240784,-0.121159628033638,-2.898708129012985,-6.436530242126537e-08,0.4340808391571045,0.0,-0.9434477090835571,0.3920394480228424,0.0
118.3,3.7763421535491943,1.477939248085022,-0.003113396465778351,0.0030165305361151695,0.0053269327618181705,0.9926120042800903,-0.1211765706539154,-2.8986736441953806,-6.478671110698997e-08,0.37073612213134766,0.0,-0.9433043003082275,0.21666043996810913,0.0
118.31666666666666,3.7763473987579346,1.477939486503601,-0.003117077052593231,0.0030317390337586403,0.005361794959753752,0.9926156401634216,-0.12114538252353668,-2.898736902539947,-6.454607870409745e-08,0.46768519282341003,0.0,-0.9436362981796265,0.4215710461139679,0.0
118.33333333333333,3.7763447761535645,1.4779400825500488,-0.0031132474541664124,0.0030163321644067764,0.005323315970599651,0.9926139116287231,-0.12116129696369171,-2.898704407679641,-6.40427799680765e-08,0.36877956986427307,0.0,-0.9434974193572998,0.22124578058719635,0.0
118.35,3.7763493061065674,1.4779400825500488,-0.003117009997367859,0.0030317120254039764,0.005361772608011961,0.9926168322563171,-0.12113551795482635,-2.8987567692000074,-6.449094769322983e-08,0.4949668347835541,0.0,-0.943760871887207,0.42509350180625916,0.0
118.36666666666666,3.7763469219207764,1.4779404401779175,-0.00311308354139328,0.0030166134238243103,0.005322725977748632,0.9926151633262634,-0.12115123867988586,-2.898724687410687,-6.205476665854803e-08,0.378439724445343,0.0,-0.9436243176460266,0.22199994325637817,0.0
118.38333333333334,3.7763512134552,1.4779404401779175,-0.0031170323491096497,0.0030314428731799126,0.0053618717938661575,0.9926179647445679,-0.12112665176391602,-2.898774667919556,-6.436329869075053e-08,0.4923846423625946,0.0,-0.9438782930374146,0.4252389073371887,0.0
118.4,3.77634859085083,1.4779410362243652,-0.00311308354139328,0.0030168257653713226,0.005322434939444065,0.9926162958145142,-0.12114259600639343,-2.898742156048123,-6.360678383998675e-08,0.3828237056732178,0.0,-0.9437372088432312,0.22440657019615173,0.0
118.41666666666667,3.776353120803833,1.4779409170150757,-0.0031170248985290527,0.003031168133020401,0.005362074822187424,0.9926189184188843,-0.12111814320087433,-2.8987917499375415,-6.235431726508978e-08,0.5066534280776978,0.0,-0.9439848065376282,0.42458945512771606,0.0
118.43333333333334,3.776350498199463,1.4779413938522339,-0.0031129643321037292,0.003016360104084015,0.00532197579741478,0.9926171898841858,-0.12113429605960846,-2.8987587838562305,-6.252896866953961e-08,0.3736494481563568,0.0,-0.943844735622406,0.22023101150989532,0.0
118.45,3.7763543128967285,1.4779413938522339,-0.0031170397996902466,0.0030321208760142326,0.005362241063266993,0.9926199316978455,-0.12111033499240875,-2.8988075376205877,-6.204297164913442e-08,0.5030016303062439,0.0,-0.9440922141075134,0.42549270391464233,0.0
118.46666666666667,3.7763521671295166,1.4779417514801025,-0.00311298668384552,0.0030161021277308464,0.005322684068232775,0.9926182627677917,-0.12112627923488617,-2.8987750097387384,-6.060351154246746e-08,0.4107601046562195,0.0,-0.9439387321472168,0.23436513543128967,0.0
118.48333333333333,3.7763559818267822,1.4779417514801025,-0.003117099404335022,0.0030318256467580795,0.0053623635321855545,0.992620587348938,-0.1211044192314148,-2.8988194076858296,-6.230868621059926e-08,0.5105394124984741,0.0,-0.9441749453544617,0.42026421427726746,0.0
118.5,3.776353359222412,1.4779421091079712,-0.0031128227710723877,0.003016543574631214,0.0053219981491565704,0.9926189184188843,-0.12112000584602356,-2.8987875676748915,-6.344738068264633e-08,0.39340880513191223,0.0,-0.944030225276947,0.22489818930625916,0.0
118.51666666666667,3.776357889175415,1.4779423475265503,-0.0031170248985290527,0.0030324580147862434,0.005362223833799362,0.992621660232544,-0.12109634280204773,-2.8988357484645846,-6.378356687264386e-08,0.5138221383094788,0.0,-0.9442738890647888,0.4235444664955139,0.0
118.53333333333333,3.776355743408203,1.4779425859451294,-0.0031128302216529846,0.0030150962993502617,0.005321845877915621,0.992620050907135,-0.12111154198646545,-2.8988046762228854,-6.326364854203348e-08,0.3884117305278778,0.0,-0.9441375136375427,0.2272714525461197,0.0
118.55,3.7763595581054688,1.4779424667358398,-0.0031170323491096497,0.003031502477824688,0.005362391471862793,0.992622435092926,-0.12108998000621796,-2.8988485594262845,-6.140172104096564e-08,0.4977245032787323,0.0,-0.9443555474281311,0.42226532101631165,0.0
118.56666666666666,3.7763571739196777,1.477942943572998,-0.0031128451228141785,0.0030161114409565926,0.005321717821061611,0.9926207065582275,-0.12110619246959686,-2.8988154658935144,-5.973775074608056e-08,0.3716798722743988,0.0,-0.9442183971405029,0.22364097833633423,0.0
118.58333333333333,3.7763607501983643,1.477942943572998,-0.0031169727444648743,0.0030318396165966988,0.005362585186958313,0.9926227927207947,-0.1210857480764389,-2.8988569776527227,-5.876201925048008e-08,0.49148452281951904,0.0,-0.9444227814674377,0.4232105314731598,0.0
118.6,3.7763586044311523,1.4779434204101562,-0.003112874925136566,0.0030157016590237617,0.005321865901350975,0.9926213026046753,-0.1211010068655014,-2.8988258851344924,-5.88046162874889e-08,0.37172380089759827,0.0,-0.9442926645278931,0.22917400300502777,0.0
118.61666666666666,3.7763609886169434,1.477942943572998,-0.0031169727444648743,0.0030321283265948296,0.005362702067941427,0.9926233291625977,-0.121082603931427,-2.8988634268849083,-5.885905096647548e-08,0.47491905093193054,0.0,-0.9444596171379089,0.39791378378868103,0.0
118.63333333333334,3.7763559818267822,1.4779428243637085,-0.003112785518169403,0.0030139153823256493,0.005325731821358204,0.9926196336746216,-0.12111398577690125,-2.898799697131645,-5.95716009854641e-08,0.348378449678421,0.0,-0.9441335201263428,0.18141992390155792,0.0
118.65,3.776362657546997,1.4779435396194458,-0.0031172409653663635,0.003032490611076355,0.005363793112337589,0.9926242232322693,-0.12107500433921814,-2.898878730988902,-5.850925788308814e-08,0.46465691924095154,0.0,-0.9445579648017883,0.4222274124622345,0.0
118.66666666666667,3.776360511779785,1.4779436588287354,-0.0031129121780395508,0.0030170129612088203,0.00532267801463604,0.9926225543022156,-0.1210901290178299,-2.898847770557364,-5.718028717183188e-08,0.38205957412719727,0.0,-0.9444208145141602,0.2452257126569748,0.0
118.68333333333334,3.776362180709839,1.4779433012008667,-0.0031168460845947266,0.0030314233154058456,0.005361833609640598,0.9926239848136902,-0.12107749283313751,-2.8988737311605375,-5.753324927582071e-08,0.4811590313911438,0.0,-0.9445326328277588,0.296292781829834,0.0
118.7,3.776357650756836,1.477943778038025,-0.0031129419803619385,0.0030098455026745796,0.0053379107266664505,0.9926204085350037,-0.12110744416713715,-2.8988129522555828,-5.878633402289779e-08,0.3325389623641968,0.0,-0.9442506432533264,0.12562260031700134,0.0
118.71666666666667,3.7763729095458984,1.4779467582702637,-0.0031171515583992004,0.003031587228178978,0.005373434629291296,0.9926277995109558,-0.12104582786560059,-2.8989376267495137,-5.900257704638534e-08,0.2879381775856018,0.0,-0.944949209690094,0.15999291837215424,0.0
118.73333333333333,3.7763712406158447,1.477946162223816,-0.003113165497779846,0.0030170073732733727,0.005320755764842033,0.9926267862319946,-0.12105633318424225,-2.8989159214897273,-5.755353882364034e-08,0.2564965784549713,0.0,-0.9449304342269897,0.21151511371135712,0.0
118.75,3.7763707637786865,1.4779449701309204,-0.0031165331602096558,0.003029080107808113,0.0053599514067173,0.9926276803016663,-0.12104684114456177,-2.8989354132981497,-5.5801329779114894e-08,0.29798200726509094,0.0,-0.9449663758277893,0.12890644371509552,0.0
118.76666666666667,3.7763705253601074,1.4779449701309204,-0.0031163543462753296,0.003026459366083145,0.0053589846938848495,0.9926277995109558,-0.12104608118534088,-2.8989369256370576,-5.6876114484794016e-08,0.29675260186195374,0.0,-0.9449723958969116,0.1414732038974762,0.0
118.78333333333333,3.7763702869415283,1.4779449701309204,-0.0031166374683380127,0.0030285054817795753,0.005360614508390427,0.9926275014877319,-0.12104836106300354,-2.898932356952749,-5.5882956928599015e-08,0.2907438576221466,0.0,-0.9449447393417358,0.09600299596786499,0.0
118.8,3.776373863220215,1.4779460430145264,-0.0031159892678260803,0.00302775576710701,0.005357243120670319,0.9926297068595886,-0.12103040516376495,-2.898968501453643,-5.480467990537363e-08,0.3407636284828186,0.0,-0.9451737403869629,0.4255158007144928,0.0
118.81666666666666,3.7763710021972656,1.4779462814331055,-0.0031135976314544678,0.0030186735093593597,0.0053247250616550446,0.9926280379295349,-0.12104594707489014,-2.898936897835426,-5.4126349624539216e-08,0.3118782341480255,0.0,-0.945029079914093,0.25922176241874695,0.0
118.83333333333333,3.776370048522949,1.477945327758789,-0.003116391599178314,0.0030262768268585205,0.005358400754630566,0.9926279783248901,-0.1210450530052185,-2.8989390273300533,-5.231767374880292e-08,0.4075758755207062,0.0,-0.9449679851531982,0.015176106244325638,0.0
118.85,3.7763824462890625,1.4779486656188965,-0.0031172558665275574,0.003031231462955475,0.00536261685192585,0.9926360845565796,-0.12097768485546112,-2.8990747836593225,-5.2641375702933146e-08,0.5241796970367432,0.0,-0.9457948207855225,0.4371526837348938,0.0
118.86666666666666,3.7763803005218506,1.4779491424560547,-0.0031132251024246216,0.003017684444785118,0.005327459424734116,0.9926343560218811,-0.12099374830722809,-2.899042056014839,-5.155636273457276e-08,0.4417036175727844,0.0,-0.9456549882888794,0.29884791374206543,0.0
118.88333333333334,3.7763795852661133,1.4779484272003174,-0.003116980195045471,0.003031844273209572,0.0053616417571902275,0.992634117603302,-0.12099361419677734,-2.8990426662951045,-5.163357386095413e-08,0.5433798432350159,0.0,-0.9456235766410828,0.09274933487176895,0.0
118.9,3.776388168334961,1.4779503345489502,-0.003116227686405182,0.0030268877744674683,0.005356293171644211,0.9926402568817139,-0.12094433605670929,-2.8991419381892105,-4.797115238375227e-08,0.6114262342453003,0.0,-0.9461985230445862,0.4764203131198883,0.0
118.91666666666667,3.77638578414917,1.477952003479004,-0.003112882375717163,0.003014718182384968,0.00533415749669075,0.9926384687423706,-0.1209598034620285,-2.8991104739484617,-5.0117929362158975e-08,0.47436484694480896,0.0,-0.9459152221679688,0.0024017542600631714,0.0
118.93333333333334,3.77638578414917,1.4779475927352905,-0.003117583692073822,0.0030240295454859734,0.005368874408304691,0.9926393032073975,-0.12095168232917786,-2.8991272037274247,-4.946843645825538e-08,0.7958852648735046,0.0,-0.9459677338600159,-0.036885764449834824,0.0
118.95,3.7763960361480713,1.4779518842697144,-0.003117397427558899,0.003037208691239357,0.0053642792627215385,0.992643415927887,-0.1209171712398529,-2.899196757453745,-4.8803524776985796e-08,0.541062593460083,0.0,-0.9465980529785156,0.43929120898246765,0.0
118.96666666666667,3.7763943672180176,1.477952241897583,-0.003112711012363434,0.003016873262822628,0.005320500582456589,0.9926419854164124,-0.12093192338943481,-2.899166605350657,-4.805230346960343e-08,0.4410721957683563,0.0,-0.9464576840400696,0.48214927315711975,0.0
118.98333333333333,3.7763922214508057,1.4779530763626099,-0.003115609288215637,0.0030278656631708145,0.005354124121367931,0.9926414489746094,-0.12093450129032135,-2.8991617351792063,-4.791694507844113e-08,0.5394658446311951,0.0,-0.9464432001113892,0.005297800526022911,0.0
119.0,3.7763993740081787,1.477957010269165,-0.0031179115176200867,0.003033909946680069,0.005364065058529377,0.9926481246948242,-0.12087918817996979,-2.899273308176862,-4.978006273859137e-08,0.3345705270767212,0.0,-0.9471148252487183,0.34977301955223083,0.0
119.01666666666667,3.7763965129852295,1.477957844734192,-0.0031137615442276,0.0030153850093483925,0.005336678586900234,0.9926459193229675,-0.12089884281158447,-2.8992333494406113,-4.9449919714561474e-08,0.2856336236000061,0.0,-0.9469599723815918,0.17482192814350128,0.0
119.03333333333333,3.7764036655426025,1.4779582023620605,-0.003118656575679779,0.0030377330258488655,0.005370328202843666,0.9926512837409973,-0.12085260450839996,-2.8993269217644455,-5.0393857975450373e-08,0.46106189489364624,0.0,-0.9474426507949829,0.41727113723754883,0.0
119.05,3.776400566101074,1.4779589176177979,-0.0031141042709350586,0.003019867464900017,0.00533136073499918,0.992649257183075,-0.12087109684944153,-2.899289210326633,-4.831311883890521e-08,0.3612360954284668,0.0,-0.9472784996032715,0.22500164806842804,0.0
119.06666666666666,3.7764060497283936,1.4779590368270874,-0.003117866814136505,0.003035798668861389,0.005366409197449684,0.9926525950431824,-0.12084229290485382,-2.8993476741058295,-4.764546090996191e-08,0.4916958212852478,0.0,-0.9475718140602112,0.42514997720718384,0.0
119.08333333333333,3.7764034271240234,1.477959156036377,-0.0031138435006141663,0.003020836040377617,0.005327308550477028,0.9926508665084839,-0.12085884809494019,-2.899313939151292,-4.7342986420062516e-08,0.36866748332977295,0.0,-0.9474233984947205,0.21964597702026367,0.0
119.1,3.7764081954956055,1.4779592752456665,-0.003117881715297699,0.003037460148334503,0.005366582423448563,0.9926536083221436,-0.12083305418491364,-2.8993662273750704,-4.7544574499625014e-08,0.48066219687461853,0.0,-0.9476958513259888,0.4229622781276703,0.0
119.11666666666666,3.7764058113098145,1.4779599905014038,-0.003113783895969391,0.0030194129794836044,0.005326795391738415,0.9926518201828003,-0.12085054814815521,-2.8993306005915893,-4.817101739718055e-08,0.35593098402023315,0.0,-0.9475442171096802,0.21812856197357178,0.0
119.13333333333334,3.7764101028442383,1.4779598712921143,-0.0031179264187812805,0.00303693488240242,0.005366852506995201,0.9926545023918152,-0.12082596123218536,-2.899380537641229,-4.8573006949936826e-08,0.4660784900188446,0.0,-0.9477936029434204,0.42333877086639404,0.0
119.15,3.776407241821289,1.477960228919983,-0.003113768994808197,0.0030205165967345238,0.005326303653419018,0.9926527738571167,-0.12084266543388367,-2.899346484270162,-4.807910869430998e-08,0.35676926374435425,0.0,-0.9476478099822998,0.2233285754919052,0.0
119.16666666666667,3.7764110565185547,1.4779599905014038,-0.0031178072094917297,0.0030360547825694084,0.005366346798837185,0.9926550984382629,-0.12082074582576752,-2.899391002945183,-4.943812115243418e-08,0.47643086314201355,0.0,-0.947863757610321,0.42425742745399475,0.0
119.18333333333334,3.7764081954956055,1.4779605865478516,-0.0031137615442276,0.0030205054208636284,0.005326602607965469,0.9926533102989197,-0.12083795666694641,-2.8993559481666735,-4.836820366449501e-08,0.34862929582595825,0.0,-0.9477044343948364,0.21718724071979523,0.0
119.2,3.77641224861145,1.477960228919983,-0.003117859363555908,0.00303620845079422,0.005366923287510872,0.9926559329032898,-0.12081438302993774,-2.899403873609397,-4.852778801023305e-08,0.47764837741851807,0.0,-0.9479401707649231,0.4246150255203247,0.0
119.21666666666667,3.7764101028442383,1.4779608249664307,-0.003113687038421631,0.0030191531404852867,0.005326218903064728,0.992654025554657,-0.12083210051059723,-2.899367730549714,-4.733382397148489e-08,0.35973766446113586,0.0,-0.9477853178977966,0.22275209426879883,0.0
119.23333333333333,3.7764134407043457,1.4779607057571411,-0.003117896616458893,0.0030367672443389893,0.005366934463381767,0.9926563501358032,-0.12081092596054077,-2.8994108422464953,-4.556212118700387e-08,0.44724369049072266,0.0,-0.9479948282241821,0.4238818287849426,0.0
119.25,3.776411294937134,1.4779611825942993,-0.0031137093901634216,0.003020394593477249,0.0053262896835803986,0.99265456199646,-0.12082764506340027,-2.89937671667323,-4.630417649309493e-08,0.3548581898212433,0.0,-0.9478475451469421,0.22840780019760132,0.0
119.26666666666667,3.7764134407043457,1.477960467338562,-0.0031178370118141174,0.0030363397672772408,0.005367218982428312,0.9926566481590271,-0.1208089292049408,-2.899414903423916,-4.6906325934514825e-08,0.45478665828704834,0.0,-0.948021411895752,0.41016966104507446,0.0
119.28333333333333,3.7764086723327637,1.4779609441757202,-0.003113679587841034,0.003019108437001705,0.005328616593033075,0.992652952671051,-0.12084110081195831,-2.8993496390915263,-4.5957655459005764e-08,0.30724871158599854,0.0,-0.9476895332336426,0.17852523922920227,0.0
119.3,3.7764148712158203,1.4779611825942993,-0.003118067979812622,0.0030379658564925194,0.005367475561797619,0.9926571846008301,-0.12080462276935577,-2.8994236085519467,-4.62755913588353e-08,0.439596027135849,0.0,-0.9480832815170288,0.41801977157592773,0.0
119.31666666666666,3.7764124870300293,1.4779614210128784,-0.003113791346549988,0.0030213613063097,0.005327568389475346,0.9926552772521973,-0.1208210438489914,-2.8993899773521177,-4.800930142323523e-08,0.3579725921154022,0.0,-0.947935938835144,0.23425592482089996,0.0
119.33333333333333,3.7764151096343994,1.4779607057571411,-0.003117799758911133,0.0030365372076630592,0.005367126781493425,0.9926571846008301,-0.12080438435077667,-2.899424049346685,-4.6898417593865815e-08,0.4481172263622284,0.0,-0.9480869770050049,0.38242387771606445,0.0
119.35,3.7764105796813965,1.4779610633850098,-0.0031137168407440186,0.0030175670981407166,0.005332522094249725,0.9926536679267883,-0.12083545327186584,-2.8993610644849515,-4.5455855968157266e-08,0.3193032145500183,0.0,-0.9477648138999939,0.16653521358966827,0.0
119.36666666666666,3.7764177322387695,1.477961540222168,-0.0031182393431663513,0.003038785420358181,0.0053685507737100124,0.9926586747169495,-0.12079152464866638,-2.899449944178891,-4.5684153349156986e-08,0.4231511056423187,0.0,-0.9482581615447998,0.4096570312976837,0.0
119.38333333333334,3.7764153480529785,1.4779623746871948,-0.003113768994808197,0.0030200202018022537,0.005327080842107534,0.9926568865776062,-0.12080925703048706,-2.899413831341524,-4.5792852176873566e-08,0.3371753394603729,0.0,-0.9480941295623779,0.22655828297138214,0.0
119.4,3.7764174938201904,1.4779616594314575,-0.0031177252531051636,0.0030370205640792847,0.005366583354771137,0.9926586747169495,-0.12079215049743652,-2.8994486977586083,-4.608500603353605e-08,0.44150349497795105,0.0,-0.9482508301734924,0.3745296001434326,0.0
119.41666666666667,3.7764134407043457,1.4779616594314575,-0.0031137093901634216,0.003016499802470207,0.005332885310053825,0.9926550984382629,-0.12082311511039734,-2.8993858648709945,-4.683185039766613e-08,0.30888861417770386,0.0,-0.9479278326034546,0.1627132147550583,0.0
119.43333333333334,3.776421070098877,1.4779622554779053,-0.003118276596069336,0.003039649687707424,0.0053693996742367744,0.9926602244377136,-0.12077890336513519,-2.8994754015524453,-4.681215060031718e-08,0.4194166660308838,0.0,-0.9484222531318665,0.41062092781066895,0.0
119.45,3.776418924331665,1.4779629707336426,-0.0031138136982917786,0.003021346405148506,0.005326785147190094,0.9926583766937256,-0.12079651653766632,-2.899439467677469,-4.580601498105352e-08,0.31988826394081116,0.0,-0.948268473148346,0.2273101806640625,0.0
119.46666666666667,3.7764201164245605,1.4779622554779053,-0.0031176358461380005,0.003035329282283783,0.0053657060489058495,0.9926597476005554,-0.12078258395195007,-2.8994678793904844,-4.6518923824123704e-08,0.3962618112564087,0.0,-0.9483814835548401,0.2976474463939667,0.0
119.48333333333333,3.7764153480529785,1.477962851524353,-0.0031141042709350586,0.003016820177435875,0.005343587137758732,0.992656409740448,-0.12081257998943329,-2.899407232433425,-4.629327321481469e-08,0.283928781747818,0.0,-0.9480962753295898,0.1186007633805275,0.0
119.5,3.776427984237671,1.4779644012451172,-0.003118351101875305,0.0030400780960917473,0.005369261838495731,0.9926643967628479,-0.12074477970600128,-2.899544170612469,-4.669573172577657e-08,0.4580586850643158,0.0,-0.9488539099693298,0.41093045473098755,0.0
119.51666666666667,3.7764248847961426,1.477964997291565,-0.003115035593509674,0.0030236579477787018,0.005331549793481827,0.9926624298095703,-0.12076275050640106,-2.8995075348859887,-4.6065171233067304e-08,0.08512023836374283,0.0,-0.9487056732177734,0.23397012054920197,0.0
119.53333333333333,3.776426315307617,1.4779669046401978,-0.0031165778636932373,0.003031003288924694,0.005358277354389429,0.9926658272743225,-0.12073427438735962,-2.899565230063316,-4.536917330710821e-08,0.14315256476402283,0.0,-0.9490169882774353,0.28625184297561646,0.0
119.55,3.7764229774475098,1.4779682159423828,-0.003113880753517151,0.003017810173332691,0.005334190092980862,0.9926638007164001,-0.12075205147266388,-2.8995291090707243,-4.413670851022289e-08,0.16771723330020905,0.0,-0.9488599300384521,0.10146937519311905,0.0
119.56666666666666,3.7764313220977783,1.4779692888259888,-0.003116697072982788,0.0030323555693030357,0.0053595853969454765,0.9926708936691284,-0.12069173157215118,-2.899650894914818,-4.4279691024939893e-08,0.4208904206752777,0.0,-0.9494856595993042,0.3917669951915741,0.0
119.58333333333333,3.7764289379119873,1.4779698848724365,-0.0031132400035858154,0.0030177654698491096,0.00532687921077013,0.9926689863204956,-0.12070868909358978,-2.899616329632952,-4.42334027184188e-08,0.36987292766571045,0.0,-0.9493390917778015,0.2157995104789734,0.0
119.6,3.7764344215393066,1.4779701232910156,-0.003116823732852936,0.003032333217561245,0.005360938608646393,0.9926728010177612,-0.12067653238773346,-2.899681574700349,-4.3593960441512536e-08,0.4853437840938568,0.0,-0.9496802687644958,0.42289939522743225,0.0
119.61666666666666,3.7764313220977783,1.4779704809188843,-0.003112994134426117,0.0030175400897860527,0.0053230212070047855,0.992671012878418,-0.12069278955459595,-2.899648385446142,-4.566492606272732e-08,0.383079469203949,0.0,-0.9495393633842468,0.22097384929656982,0.0
119.63333333333334,3.7764358520507812,1.477970838546753,-0.003116808831691742,0.003033188171684742,0.005361078307032585,0.9926741719245911,-0.12066464126110077,-2.899705489180088,-4.439675649337005e-08,0.519981324672699,0.0,-0.949827253818512,0.42590442299842834,0.0
119.65,3.7764337062835693,1.4779711961746216,-0.003112807869911194,0.003016880713403225,0.005322635173797607,0.9926726222038269,-0.12068019807338715,-2.899673799263056,-4.315663204579323e-08,0.43188682198524475,0.0,-0.9496791958808899,0.2359319031238556,0.0
119.66666666666667,3.7764384746551514,1.4779714345932007,-0.0031169578433036804,0.0030349241569638252,0.005362250842154026,0.9926753640174866,-0.12065432965755463,-2.899726251421286,-4.1818964291451266e-08,0.5332291722297668,0.0,-0.9499627947807312,0.4223538041114807,0.0
119.68333333333334,3.7764368057250977,1.4779719114303589,-0.0031126290559768677,0.0030177971348166466,0.005321985110640526,0.9926738739013672,-0.12066997587680817,-2.89969440314458,-4.066153636017589e-08,0.4260185956954956,0.0,-0.94981849193573,0.2270607203245163,0.0
119.7,3.7764415740966797,1.4779720306396484,-0.0031170323491096497,0.003034205175936222,0.005362053867429495,0.9926767945289612,-0.12064312398433685,-2.8997488673681304,-4.059267055822602e-08,0.5091490745544434,0.0,-0.9501225352287292,0.422594279050827,0.0
119.71666666666667,3.7764391899108887,1.4779722690582275,-0.003112681210041046,0.003017648123204708,0.005321617238223553,0.9926751255989075,-0.12065891921520233,-2.899716607679037,-4.168916944990997e-08,0.40169596672058105,0.0,-0.9499742984771729,0.22613725066184998,0.0
119.73333333333333,3.7764437198638916,1.4779722690582275,-0.0031168758869171143,0.003034207969903946,0.005362205673009157,0.9926776885986328,-0.12063488364219666,-2.899765394195991,-4.449401913575457e-08,0.5004528760910034,0.0,-0.9502299427986145,0.4233227074146271,0.0
119.75,3.7764410972595215,1.4779727458953857,-0.003112703561782837,0.0030182059854269028,0.005321496166288853,0.9926761388778687,-0.12065109610557556,-2.8997324183477193,-4.293237054753263e-08,0.3748919367790222,0.0,-0.9500828981399536,0.22172445058822632,0.0
119.76666666666667,3.776445150375366,1.4779728651046753,-0.0031167790293693542,0.0030333800241351128,0.0053614224307239056,0.9926785826683044,-0.12062828242778778,-2.8997787424465256,-4.3696172014051626e-08,0.4995015561580658,0.0,-0.9503132700920105,0.42495378851890564,0.0
119.78333333333333,3.7764432430267334,1.4779731035232544,-0.0031127631664276123,0.003017219714820385,0.005321519449353218,0.9926769733428955,-0.12064410746097565,-2.89974647797019,-4.489594829237831e-08,0.3774210810661316,0.0,-0.9501774907112122,0.2279319018125534,0.0
119.8,3.7764463424682617,1.4779731035232544,-0.0031167566776275635,0.0030330410227179527,0.005361245013773441,0.9926791191101074,-0.12062451243400574,-2.8997863886027093,-4.395630526232708e-08,0.48595306277275085,0.0,-0.950371265411377,0.4222339689731598,0.0
119.81666666666666,3.7764437198638916,1.477973461151123,-0.0031126365065574646,0.0030182339251041412,0.005320546217262745,0.9926775097846985,-0.1206398606300354,-2.8997550485701438,-4.37681038079063e-08,0.3744167685508728,0.0,-0.9502355456352234,0.22697611153125763,0.0
119.83333333333333,3.776447057723999,1.4779733419418335,-0.0031167268753051758,0.003033014014363289,0.0053612538613379,0.9926797151565552,-0.12061987817287445,-2.8997957487843347,-4.378120266324004e-08,0.506971538066864,0.0,-0.9504258632659912,0.42104822397232056,0.0
119.85,3.776444911956787,1.477973461151123,-0.0031125694513320923,0.0030185990035533905,0.005321566015481949,0.9926779270172119,-0.12063565850257874,-2.8997634627046303,-4.476984827306296e-08,0.38277408480644226,0.0,-0.9502795934677124,0.22429929673671722,0.0
119.86666666666666,3.7764477729797363,1.4779735803604126,-0.0031168460845947266,0.0030337823554873466,0.005362572614103556,0.9926800727844238,-0.12061579525470734,-2.899803898057774,-4.33596163418315e-08,0.4839770197868347,0.0,-0.9504938721656799,0.4230102300643921,0.0
119.88333333333334,3.7764458656311035,1.4779741764068604,-0.003112614154815674,0.003016696311533451,0.0053212596103549,0.9926785230636597,-0.1206313967704773,-2.8997720819282478,-4.534216557772197e-08,0.38554903864860535,0.0,-0.9503418207168579,0.2313372939825058,0.0
119.9,3.7764484882354736,1.4779739379882812,-0.0031168386340141296,0.0030342061072587967,0.005362372845411301,0.9926804304122925,-0.1206132173538208,-2.899809125845711,-4.708927292540466e-08,0.49425384402275085,0.0,-0.9505250453948975,0.40272799134254456,0.0
119.91666666666667,3.7764437198638916,1.477973461151123,-0.0031124427914619446,0.0030155377462506294,0.0053240456618368626,0.9926770329475403,-0.12064409255981445,-2.899746559707697,-4.8570345967391404e-08,0.3589116930961609,0.0,-0.9501950740814209,0.18230967223644257,0.0
119.93333333333334,3.7764499187469482,1.4779740571975708,-0.003117084503173828,0.003035491332411766,0.005363753065466881,0.9926811456680298,-0.12060661613941193,-2.899822391895395,-4.6525141073061604e-08,0.4550275206565857,0.0,-0.9506111145019531,0.42055410146713257,0.0
119.95,3.7764477729797363,1.4779744148254395,-0.003112703561782837,0.0030179517343640327,0.005322398617863655,0.9926795363426208,-0.12062239646911621,-2.8997901829201838,-4.7616193654675953e-08,0.3794419765472412,-0.05431235581636429,-0.9504618048667908,0.24101696908473969,0.05431235581636429
119.96666666666667,3.776458978652954,1.4779783487319946,-0.0031157657504081726,0.003025124780833721,0.005359250120818615,0.992675244808197,-0.12065628170967102,-2.899722268096189,-0.0009052520617842674,0.9584473967552185,-0.10862471163272858,-0.9506086111068726,0.4274168610572815,0.10862471163272858
119.98333333333333,3.776473045349121,1.477982759475708,-0.003113679587841034,0.0030136574059724808,0.00535458792001009,0.9926567673683167,-0.12080815434455872,-2.8994161072140106,-0.0027156660798937082,1.5224297046661377,-0.16293705999851227,-0.9500322937965393,0.5210172533988953,0.16293705999851227
120.0,3.776515245437622,1.4779871702194214,-0.003126397728919983,0.0030659688636660576,0.005400613881647587,0.9926186203956604,-0.12111815810203552,-2.8987922979178333,-0.005431279540061951,0.4171329438686371,-0.16293705999851227,-0.9489126205444336,0.14590539038181305,0.16293705999851227
120.01666666666667,3.776531934738159,1.4779928922653198,-0.0031170323491096497,0.0030440883710980415,0.0053650569170713425,0.9925882816314697,-0.12136930227279663,-2.898285891833069,-0.008146895095705986,1.7716232538223267,-0.27156177163124084,-0.9475839734077454,0.19945108890533447,0.27156177163124084
120.03333333333333,3.776561737060547,1.4780032634735107,-0.003111802041530609,0.0030139153823256493,0.0053482940420508385,0.9925269484519958,-0.12187069654464722,-2.8972751713141776,-0.012672923505306244,2.984940528869629,-0.32587411999702454,-0.9451689124107361,0.6833586096763611,0.32587411999702454
120.05,3.7766036987304688,1.478017807006836,-0.003120429813861847,0.0030383430421352386,0.005373404361307621,0.9924451112747192,-0.1225338727235794,-2.8959391922110513,-0.018104160204529762,-0.8606547713279724,-0.3801864683628082,-0.9418835639953613,0.4808228015899658,0.3801864683628082
120.06666666666666,3.7766427993774414,1.4780365228652954,-0.003112904727458954,0.0030006207525730133,0.0053734974935650826,0.9923533201217651,-0.12327644228935242,-2.894442429806883,-0.02444061078131199,-0.3061690032482147,-0.4344988465309143,-0.937936007976532,0.4704674780368805,0.4344988465309143
120.08333333333333,3.7766826152801514,1.478041172027588,-0.0031279176473617554,0.0030594049021601677,0.005395636428147554,0.9922402501106262,-0.12417954206466675,-2.892622749088329,-0.031682271510362625,-1.1956769227981567,-0.488811194896698,-0.9329351782798767,0.7893060445785522,0.488811194896698
120.1,3.7767155170440674,1.478047490119934,-0.003119751811027527,0.0030311457812786102,0.005404450464993715,0.9921234846115112,-0.12511056661605835,-2.8907459971922496,-0.039829153567552567,0.5829576849937439,-0.488811194896698,-0.9273020029067993,0.36556050181388855,0.488811194896698
120.11666666666666,3.776737928390503,1.4780514240264893,-0.00311095267534256,0.0029842527583241463,0.005368796642869711,0.9919969439506531,-0.12611259520053864,-2.888725283859495,-0.04797603562474251,0.29246285557746887,-0.5974358916282654,-0.9208534955978394,0.49631771445274353,0.5974358916282654
120.13333333333334,3.7767674922943115,1.4780585765838623,-0.0031160861253738403,0.0029871268197894096,0.005390595179051161,0.9918422698974609,-0.12732207775115967,-2.8862867924122164,-0.057933349162340164,1.3856152296066284,-0.6517482399940491,-0.9134392142295837,0.8081250190734863,0.6517482399940491
120.15,3.776796817779541,1.4780672788619995,-0.0031102970242500305,0.0029605496674776077,0.005363669712096453,0.9916685223579407,-0.1286708265542984,-2.8835665681344214,-0.06879586726427078,2.2186567783355713,-0.7060605883598328,-0.9054713249206543,2.0487008094787598,0.7060605883598328
120.16666666666667,3.776838541030884,1.4780783653259277,-0.0031118392944335938,0.0029583023861050606,0.005383526440709829,0.991478681564331,-0.13012437522411346,-2.8806348796708274,-0.0805634930729866,2.1839098930358887,-0.7603729367256165,-0.8965479135513306,0.8894149661064148,0.7603729367256165
120.18333333333334,3.7768771648406982,1.4780906438827515,-0.0031099244952201843,0.0029414156451821327,0.005385638680309057,0.9912654757499695,-0.13173846900463104,-2.8773784589948073,-0.09323639422655106,2.036928176879883,-0.8146852850914001,-0.8862743377685547,0.6167817115783691,0.8146852850914001
120.2,3.776911973953247,1.4781031608581543,-0.003110066056251526,0.002931416966021061,0.0053899893537163734,0.9910315275192261,-0.1334877610206604,-2.873848697776098,-0.10681457072496414,2.217411518096924,-0.8146852850914001,-0.8749851584434509,0.6674548387527466,0.8146852850914001
120.21666666666667,3.7769484519958496,1.478116750717163,-0.0031093358993530273,0.002917627803981304,0.00539413932710886,0.9907897114753723,-0.1352705955505371,-2.8702502337686493,-0.12039274722337723,1.6621018648147583,-0.9233100414276123,-0.8634815216064453,0.6175750494003296,0.9233100414276123
120.23333333333333,3.7769956588745117,1.4781339168548584,-0.003111913800239563,0.0029171137139201164,0.005413969047367573,0.9905168414115906,-0.1372530609369278,-2.8662480117186617,-0.13578124344348907,2.1813549995422363,-0.977622389793396,-0.8509059548377991,0.7599886059761047,0.977622389793396
120.25,3.7770416736602783,1.4781509637832642,-0.003108873963356018,0.0028933603316545486,0.0054036956280469894,0.9902175068855286,-0.13939765095710754,-2.8619169637000277,-0.15207476913928986,1.8057090044021606,-1.0319347381591797,-0.837151288986206,0.7524446249008179,1.0319347381591797
120.26666666666667,3.777089834213257,1.478169322013855,-0.003110066056251526,0.0028835637494921684,0.005421157460659742,0.9898927211761475,-0.1416846215724945,-2.85729711331366,-0.16927380859851837,1.6699621677398682,-1.0862470865249634,-0.8224590420722961,0.7947307825088501,1.0862470865249634
120.28333333333333,3.7771410942077637,1.4781889915466309,-0.0031095966696739197,0.0028682220727205276,0.005429283250123262,0.9895428419113159,-0.1441078633069992,-2.8524002641774993,-0.18737788498401642,1.5725789070129395,-1.140559434890747,-0.8068830966949463,0.8433467745780945,1.140559434890747
120.3,3.7771944999694824,1.4782097339630127,-0.0031091272830963135,0.0028508398681879044,0.005437781102955341,0.9891661405563354,-0.14667126536369324,-2.84721827636087,-0.2063870131969452,1.396610140800476,-1.140559434890747,-0.7903957962989807,0.8835403323173523,1.140559434890747
120.31666666666666,3.7772440910339355,1.478230357170105,-0.0031084418296813965,0.0028326883912086487,0.005448407493531704,0.988777220249176,-0.1492719203233719,-2.8419591351551445,-0.22539612650871277,1.0696078538894653,-1.2491841316223145,-0.773542582988739,0.8610976934432983,1.2491841316223145
120.33333333333333,3.7773032188415527,1.4782531261444092,-0.003110252320766449,0.002824433147907257,0.0054617589339613914,0.988350510597229,-0.1520703285932541,-2.836297543329018,-0.2462157905101776,1.725277304649353,-1.3034964799880981,-0.755545973777771,1.0207023620605469,1.3034964799880981
120.35,3.7773656845092773,1.4782763719558716,-0.00310710072517395,0.002795116975903511,0.005454438738524914,0.9878864884376526,-0.15505661070346832,-2.830252912700166,-0.26794058084487915,0.7511065602302551,-1.3034964799880981,-0.7363687753677368,0.9868329167366028,1.3034964799880981
120.36666666666666,3.77742075920105,1.478299856185913,-0.0031082332134246826,0.002779889851808548,0.005478507839143276,0.9874082803726196,-0.15807287395000458,-2.8241450870139375,-0.2896652817726135,0.8220767378807068,-1.3034964799880981,-0.7167225480079651,1.0003482103347778,1.3034964799880981
120.38333333333334,3.7774758338928223,1.4783236980438232,-0.003107815980911255,0.0027618408203125,0.005487993359565735,0.9869206547737122,-0.16108940541744232,-2.8180335969300074,-0.3113899827003479,0.7782377004623413,-1.3034964799880981,-0.6970756649971008,1.0015009641647339,1.3034964799880981
120.4,3.7775306701660156,1.4783481359481812,-0.0031075552105903625,0.002743924967944622,0.005497868172824383,0.986423909664154,-0.16410396993160248,-2.8119230712518806,-0.3331146836280823,0.8166506290435791,-1.3034964799880981,-0.6774064898490906,1.0058523416519165,1.3034964799880981
120.41666666666667,3.7775845527648926,1.4783728122711182,-0.00310729444026947,0.0027258507907390594,0.0055069634690880775,0.985917866230011,-0.16711710393428802,-2.805812259050062,-0.35483938455581665,0.8081848621368408,-1.3034964799880981,-0.6577475666999817,1.005398154258728,1.3034964799880981
120.43333333333334,3.777639150619507,1.4783977270126343,-0.0031070634722709656,0.002708123065531254,0.00551633769646287,0.9854026436805725,-0.17012850940227509,-2.799701791228946,-0.376564085483551,0.8203986287117004,-1.3034964799880981,-0.6380894184112549,1.0079830884933472,1.3034964799880981
120.45,3.777693033218384,1.4784228801727295,-0.003106735646724701,0.0026890216395258904,0.0055243875831365585,0.9848783016204834,-0.1731385439634323,-2.7935909700190336,-0.3982887864112854,0.814969539642334,-1.3034964799880981,-0.6184302568435669,1.0060009956359863,1.3034964799880981
120.46666666666667,3.7777469158172607,1.4784486293792725,-0.0031066089868545532,0.002672671340405941,0.005534313153475523,0.9843446612358093,-0.17614707350730896,-2.787479891504947,-0.4200134873390198,0.8139664530754089,-1.3034964799880981,-0.5987716317176819,1.0061888694763184,1.3034964799880981
120.48333333333333,3.7778005599975586,1.4784748554229736,-0.0031062737107276917,0.00265443604439497,0.005542924627661705,0.9838018417358398,-0.1791534572839737,-2.7813697120624856,-0.44173818826675415,0.8197280764579773,-1.3034964799880981,-0.5791139006614685,1.0072011947631836,1.3034964799880981
120.5,3.7778539657592773,1.478501319885254,-0.003106042742729187,0.0026354119181632996,0.005551554262638092,0.9832499623298645,-0.1821586787700653,-2.7752587171909213,-0.4634628891944885,0.8127697110176086,-1.3034964799880981,-0.5594555735588074,1.0061485767364502,1.3034964799880981
120.51666666666667,3.777907371520996,1.4785279035568237,-0.00310584157705307,0.0026180297136306763,0.005560837686061859,0.9826887845993042,-0.18516187369823456,-2.769148221230682,-0.4851875901222229,0.8159226775169373,-1.3034964799880981,-0.5397974848747253,1.006848931312561,1.3034964799880981
120.53333333333333,3.777960777282715,1.4785549640655518,-0.0031055212020874023,0.0025986991822719574,0.005569073371589184,0.9821184277534485,-0.1881633698940277,-2.7630376297292862,-0.5069122910499573,0.8164250254631042,-1.3034964799880981,-0.5201388001441956,1.0067784786224365,1.3034964799880981
120.55,3.7780137062072754,1.478582501411438,-0.0031053349375724792,0.0025812340900301933,0.005578166805207729,0.9815389513969421,-0.19116336107254028,-2.7569266644123815,-0.5286369919776917,0.8141214847564697,-1.3034964799880981,-0.5004799365997314,1.0061454772949219,1.3034964799880981
120.56666666666666,3.778066396713257,1.4786099195480347,-0.00310506671667099,0.0025633247569203377,0.005587071180343628,0.9809502959251404,-0.19416148960590363,-2.7508158185361213,-0.550361692905426,0.8177277445793152,-1.3034964799880981,-0.48082175850868225,1.006945252418518,1.3034964799880981
120.58333333333333,3.7781195640563965,1.4786378145217896,-0.003104791045188904,0.002544705756008625,0.005595230497419834,0.980352520942688,-0.197157621383667,-2.74470533405295,-0.5720863938331604,0.8154902458190918,-1.3034964799880981,-0.4611632227897644,1.0063542127609253,1.3034964799880981
120.6,3.778172016143799,1.478666067123413,-0.0031045451760292053,0.0025258390232920647,0.005603722296655178,0.9797455668449402,-0.20015165209770203,-2.7385952901571806,-0.5938110947608948,0.8150461912155151,-1.3034964799880981,-0.44150519371032715,1.0067975521087646,1.3034964799880981
120.61666666666666,3.778224468231201,1.4786945581436157,-0.0031043365597724915,0.0025088991969823837,0.005612706765532494,0.9791296124458313,-0.20314398407936096,-2.7324851376909747,-0.6155357956886292,0.8176959753036499,-1.3034964799880981,-0.4218460023403168,1.0063070058822632,1.3034964799880981
120.63333333333334,3.7782766819000244,1.4787235260009766,-0.003104068338871002,0.002490815706551075,0.005620945245027542,0.9785043001174927,-0.20613449811935425,-2.726374565189453,-0.6372604966163635,0.8168200850486755,-1.3034964799880981,-0.4021880030632019,1.0064728260040283,1.3034964799880981
120.65,3.7783291339874268,1.478752613067627,-0.00310380756855011,0.002472858875989914,0.005629613995552063,0.9778698086738586,-0.2091231644153595,-2.720263806397294,-0.6589851975440979,0.8168156147003174,-1.3034964799880981,-0.3825298845767975,1.006636619567871,1.3034964799880981
120.66666666666667,3.778380870819092,1.4787821769714355,-0.0031035467982292175,0.002452514134347439,0.005637131631374359,0.9772264361381531,-0.21210980415344238,-2.71415344198249,-0.6807098984718323,0.8150396943092346,-1.3034964799880981,-0.3628723919391632,1.0070061683654785,1.3034964799880981
120.68333333333334,3.778432846069336,1.4788120985031128,-0.0031033307313919067,0.002435716800391674,0.005646128207445145,0.9765738248825073,-0.21509438753128052,-2.7080431284694275,-0.7024345993995667,0.8166073560714722,-1.3034964799880981,-0.3432128429412842,1.006109356880188,1.3034964799880981
120.7,3.778484344482422,1.4788424968719482,-0.0031030774116516113,0.002416664734482765,0.0056538269855082035,0.9759122729301453,-0.21807676553726196,-2.701933344578348,-0.724159300327301,0.8169559240341187,-1.3034964799880981,-0.3235551714897156,1.0068247318267822,1.3034964799880981
120.71666666666667,3.7785351276397705,1.4788730144500732,-0.0031028464436531067,0.0023985570296645164,0.005662254523485899,0.9752413034439087,-0.22105757892131805,-2.6958223596398994,-0.7458840012550354,0.8159230351448059,-1.3034964799880981,-0.3038965165615082,1.0063772201538086,1.3034964799880981
120.73333333333333,3.7785868644714355,1.4789040088653564,-0.0031025931239128113,0.0023794881999492645,0.005669909529387951,0.9745615124702454,-0.22403576970100403,-2.689712699788105,-0.7676087021827698,0.8163541555404663,-1.3034964799880981,-0.2842387557029724,1.0068596601486206,1.3034964799880981
120.75,3.7786378860473633,1.47893488407135,-0.003102332353591919,0.002360016107559204,0.005677834153175354,0.9738726019859314,-0.22701194882392883,-2.6836028719756584,-0.7893334031105042,0.8151321411132812,-1.3034964799880981,-0.26458030939102173,1.0066449642181396,1.3034964799880981
120.76666666666667,3.778688669204712,1.4789663553237915,-0.0031021088361740112,0.0023423628881573677,0.005686160642653704,0.9731743335723877,-0.2299865335226059,-2.677491800693489,-0.8110581040382385,0.8165270686149597,-1.3034964799880981,-0.24492140114307404,1.006265640258789,1.3034964799880981
120.78333333333333,3.7787396907806396,1.4789979457855225,-0.003101855516433716,0.0023235222324728966,0.00569373182952404,0.9724672436714172,-0.23295858502388,-2.671381729730939,-0.8327828049659729,0.817743718624115,-1.3034964799880981,-0.22526337206363678,1.0068086385726929,1.3034964799880981
120.8,3.778790235519409,1.4790297746658325,-0.0031015872955322266,0.002304389141499996,0.005701221525669098,0.9717509746551514,-0.23592835664749146,-2.665271700771727,-0.8545075058937073,0.8154256343841553,-1.3034964799880981,-0.2056051343679428,1.0064729452133179,1.3034964799880981
120.81666666666666,3.7788400650024414,1.4790618419647217,-0.0031013861298561096,0.0022874251008033752,0.005709822289645672,0.9710257053375244,-0.23889602720737457,-2.659161631164314,-0.8762322068214417,0.8176584243774414,-1.3034964799880981,-0.1859462410211563,1.0062999725341797,1.3034964799880981
120.83333333333333,3.778890371322632,1.4790946245193481,-0.0031010881066322327,0.0022689178586006165,0.005717142950743437,0.970291256904602,-0.24186137318611145,-2.6530515304835824,-0.897956907749176,0.8182302713394165,-1.3034964799880981,-0.16628839075565338,1.0066325664520264,1.3034964799880981
120.85,3.778939962387085,1.4791276454925537,-0.0031008273363113403,0.0022489018738269806,0.005724553018808365,0.9695478081703186,-0.24482461810112,-2.64694122547993,-0.9196816086769104,0.8151582479476929,-1.3034964799880981,-0.14663057029247284,1.0068004131317139,1.3034964799880981
120.86666666666666,3.7789900302886963,1.4791611433029175,-0.0031006261706352234,0.0022305184975266457,0.005732417106628418,0.9687952399253845,-0.24778583645820618,-2.6408304056941985,-0.9414063096046448,0.8159822821617126,-1.3034964799880981,-0.1269720196723938,1.0065069198608398,1.3034964799880981
120.88333333333334,3.779038906097412,1.4791947603225708,-0.003100380301475525,0.002211594022810459,0.005739843938499689,0.9680336713790894,-0.250744491815567,-2.6347200611181765,-0.9631310105323792,0.8171075582504272,-1.3034964799880981,-0.10731350630521774,1.0066038370132446,1.3034964799880981
120.9,3.779087781906128,1.4792283773422241,-0.0031001120805740356,0.002192583866417408,0.005746969021856785,0.9672631025314331,-0.25370076298713684,-2.6286098366741517,-0.9848557114601135,0.8160867691040039,-1.3034964799880981,-0.08765529841184616,1.0064404010772705,1.3034964799880981
120.91666666666667,3.779137372970581,1.4792625904083252,-0.003099873661994934,0.0021751131862401962,0.0057549988850951195,0.9664835333824158,-0.2566547691822052,-2.6224995105864055,-1.0065804719924927,0.8185151815414429,-1.3034964799880981,-0.06799641251564026,1.0063749551773071,1.3034964799880981
120.93333333333334,3.7791860103607178,1.4792969226837158,-0.0030996203422546387,0.0021556327119469643,0.005761881358921528,0.9656949043273926,-0.25960612297058105,-2.6163895216545945,-1.028305172920227,0.8168421387672424,-1.3034964799880981,-0.04833868891000748,1.006696105003357,1.3034964799880981
120.95,3.7792344093322754,1.479331612586975,-0.003099404275417328,0.0021365610882639885,0.005769155453890562,0.9648973345756531,-0.26255524158477783,-2.610279338089154,-1.0500298738479614,0.8161512017250061,-1.3034964799880981,-0.028680382296442986,1.0065923929214478,1.3034964799880981
120.96666666666667,3.779283046722412,1.4793665409088135,-0.0030991211533546448,0.0021170563995838165,0.0057761939242482185,0.9640906453132629,-0.26550185680389404,-2.604169065323277,-1.0717545747756958,0.8165168166160583,-1.3034964799880981,-0.009022150188684464,1.006718397140503,1.3034964799880981
120.98333333333333,3.7793307304382324,1.47940194606781,-0.0030988752841949463,0.0020985016599297523,0.005783575586974621,0.9632749557495117,-0.2684464454650879,-2.5980580592891176,-1.0934792757034302,0.8166716694831848,-1.3034964799880981,0.010636575520038605,1.0063577890396118,1.3034964799880981
121.0,3.779378652572632,1.4794377088546753,-0.0030986443161964417,0.0020798873156309128,0.005790547467768192,0.9624502658843994,-0.27138829231262207,-2.5919474255386517,-1.1152039766311646,0.8180088996887207,-1.3034964799880981,0.030294889584183693,1.0065609216690063,1.3034964799880981
121.01666666666667,3.779426336288452,1.47947359085083,-0.0030983909964561462,0.0020602522417902946,0.005797248333692551,0.9616167545318604,-0.2743273377418518,-2.5858374710205565,-1.136928677558899,0.8166192173957825,-1.3034964799880981,0.04995302855968475,1.0066933631896973,1.3034964799880981
121.03333333333333,3.7794740200042725,1.4795098304748535,-0.0030981749296188354,0.002041962929069996,0.00580466678366065,0.9607738852500916,-0.2772642970085144,-2.5797261691304834,-1.1586533784866333,0.8169829845428467,-1.3034964799880981,0.06961163878440857,1.006345272064209,1.3034964799880981
121.05,3.779521942138672,1.4795464277267456,-0.0030978694558143616,0.002022222615778446,0.00581107335165143,0.9599223732948303,-0.28019818663597107,-2.573616133232344,-1.1803780794143677,0.8172407746315002,-1.3034964799880981,0.0892694815993309,1.0068581104278564,1.3034964799880981
121.06666666666666,3.779569149017334,1.4795832633972168,-0.0030976757407188416,0.002004123292863369,0.00581847270950675,0.9590618014335632,-0.28312957286834717,-2.5675057889998403,-1.202102780342102,0.8170819878578186,-1.3034964799880981,0.10892850160598755,1.0061490535736084,1.3034964799880981
121.08333333333333,3.779615879058838,1.479620337486267,-0.003097444772720337,0.00198478065431118,0.005824859719723463,0.9581924676895142,-0.2860583961009979,-2.561395596615172,-1.2238274812698364,0.817676305770874,-1.3034964799880981,0.12858633697032928,1.0067517757415771,1.3034964799880981
121.1,3.7796618938446045,1.4796576499938965,-0.0030971840023994446,0.001966632902622223,0.005832060240209103,0.9573139548301697,-0.2889844477176666,-2.5552852121193044,-1.2455521821975708,0.818081259727478,-1.3034964799880981,0.14824508130550385,1.0062768459320068,1.3034964799880981
121.11666666666666,3.7797083854675293,1.4796950817108154,-0.0030969008803367615,0.0019466942176222801,0.005838280543684959,0.9564266204833984,-0.29190754890441895,-2.5491753824163434,-1.2672768831253052,0.8169134855270386,-1.3034964799880981,0.16790270805358887,1.0068379640579224,1.3034964799880981
121.13333333333334,3.779754400253296,1.4797329902648926,-0.003096655011177063,0.001927703619003296,0.005845148116350174,0.9555303454399109,-0.2948283553123474,-2.5430648686336306,-1.2890015840530396,0.8168550729751587,-1.3034964799880981,0.1875612884759903,1.0064561367034912,1.3034964799880981
121.15,3.7798006534576416,1.4797710180282593,-0.0030964165925979614,0.0019085211679339409,0.005851267836987972,0.954625129699707,-0.2977462410926819,-2.5369545729521197,-1.310726284980774,0.818030059337616,-1.3034964799880981,0.20721960067749023,1.0065600872039795,1.3034964799880981
121.16666666666667,3.77984619140625,1.4798091650009155,-0.003096185624599457,0.0018903519958257675,0.005858396179974079,0.9537110924720764,-0.30066126585006714,-2.530844582826488,-1.3324509859085083,0.8180053234100342,-1.3034964799880981,0.22687840461730957,1.0062528848648071,1.3034964799880981
121.18333333333334,3.7798914909362793,1.479848027229309,-0.0030959174036979675,0.001871013082563877,0.005864424165338278,0.9527880549430847,-0.3035735785961151,-2.5247342501092476,-1.3541756868362427,0.8180257081985474,-1.3034964799880981,0.2465360462665558,1.0066804885864258,1.3034964799880981
121.2,3.779937267303467,1.4798871278762817,-0.00309569388628006,0.0018518660217523575,0.005870908498764038,0.9518561363220215,-0.30648311972618103,-2.5186238524966593,-1.375900387763977,0.8178561925888062,-1.3034964799880981,0.266194611787796,1.006491780281067,1.3034964799880981
121.21666666666667,3.779982089996338,1.479926347732544,-0.0030954480171203613,0.0018324023112654686,0.005876919254660606,0.9509153962135315,-0.30938979983329773,-2.5125135559114673,-1.3976250886917114,0.8171406984329224,-1.3034964799880981,0.28585270047187805,1.0065439939498901,1.3034964799880981
121.23333333333333,3.780026912689209,1.4799658060073853,-0.0030951425433158875,0.0018123043701052666,0.00588275957852602,0.9499657154083252,-0.3122931718826294,-2.506403783033276,-1.4193497896194458,0.8170017004013062,-1.3034964799880981,0.3055106997489929,1.0067905187606812,1.3034964799880981
121.25,3.780071258544922,1.4800055027008057,-0.0030949562788009644,0.0017946818843483925,0.0058898357674479485,0.9490072131156921,-0.3151940405368805,-2.50029350349749,-1.4410744905471802,0.8185039758682251,-1.3034964799880981,0.32517004013061523,1.0060349702835083,1.3034964799880981
121.26666666666667,3.7801153659820557,1.4800455570220947,-0.003094695508480072,0.0017753895372152328,0.005895623937249184,0.9480398893356323,-0.3180917799472809,-2.4941835373860113,-1.4627991914749146,0.8187048435211182,-1.3034964799880981,0.34482789039611816,1.006611704826355,1.3034964799880981
121.28333333333333,3.7801589965820312,1.480086088180542,-0.0030944347381591797,0.0017551518976688385,0.005901231896132231,0.9470637440681458,-0.3209865093231201,-2.4880736708788675,-1.484523892402649,0.8170390725135803,-1.3034964799880981,0.3644857108592987,1.006778359413147,1.3034964799880981
121.3,3.780203104019165,1.4801267385482788,-0.0030941814184188843,0.0017352690920233727,0.005907094571739435,0.9460786581039429,-0.3238784074783325,-2.4819633840126034,-1.5062485933303833,0.816467821598053,-1.3034964799880981,0.384144127368927,1.006575345993042,1.3034964799880981
121.31666666666666,3.7802464962005615,1.4801678657531738,-0.0030939653515815735,0.00171729177236557,0.005913740489631891,0.9450846910476685,-0.32676732540130615,-2.4758529736884323,-1.5279732942581177,0.8190368413925171,-1.3034964799880981,0.4038032293319702,1.0061997175216675,1.3034964799880981
121.33333333333333,3.780289649963379,1.4802089929580688,-0.0030936896800994873,0.0016973232850432396,0.005918966606259346,0.9440820217132568,-0.32965317368507385,-2.469742767855031,-1.549697995185852,0.8182684779167175,-1.3034964799880981,0.42346084117889404,1.006723403930664,1.3034964799880981
121.35,3.7803330421447754,1.4802504777908325,-0.0030934587121009827,0.0016774693503975868,0.005924723111093044,0.9430704116821289,-0.33253592252731323,-2.463632370531767,-1.5714226961135864,0.8168389797210693,-1.3034964799880981,0.44311919808387756,1.0065408945083618,1.3034964799880981
121.36666666666666,3.7803759574890137,1.4802922010421753,-0.003093227744102478,0.0016588317230343819,0.005930883809924126,0.942050039768219,-0.3354158103466034,-2.4575217118166663,-1.5931473970413208,0.818633496761322,-1.3034964799880981,0.4627778232097626,1.0064231157302856,1.3034964799880981
121.38333333333334,3.780418634414673,1.4803340435028076,-0.003092952072620392,0.0016398634761571884,0.005936481058597565,0.9410209059715271,-0.33829212188720703,-2.451411749780159,-1.6148720979690552,0.8188406825065613,-1.3034964799880981,0.4824361205101013,1.0064178705215454,1.3034964799880981
121.4,3.780461072921753,1.4803763628005981,-0.0030927136540412903,0.0016200700774788857,0.005941757932305336,0.9399831295013428,-0.34116530418395996,-2.44530199687002,-1.6365967988967896,0.8178243637084961,-1.3034964799880981,0.5020941495895386,1.0066136121749878,1.3034964799880981
121.41666666666667,3.780503034591675,1.4804189205169678,-0.003092460334300995,0.0015996955335140228,0.005947102792561054,0.9389365315437317,-0.3440352976322174,-2.439192157145104,-1.658321499824524,0.817039430141449,-1.3034964799880981,0.5217522382736206,1.006795048713684,1.3034964799880981
121.43333333333334,3.7805449962615967,1.4804614782333374,-0.003092244267463684,0.0015815803781151772,0.005953261163085699,0.9378811120986938,-0.3469022810459137,-2.4330819561049744,-1.6800462007522583,0.8186240196228027,-1.3034964799880981,0.5414114594459534,1.0060551166534424,1.3034964799880981
121.45,3.7805869579315186,1.4805043935775757,-0.003091953694820404,0.0015610018745064735,0.005957900546491146,0.9368168711662292,-0.3497658371925354,-2.4269718460775453,-1.7017709016799927,0.8183152079582214,-1.3034964799880981,0.5610690116882324,1.006908893585205,1.3034964799880981
121.46666666666667,3.780628204345703,1.4805477857589722,-0.003091752529144287,0.0015422357246279716,0.005963918752968311,0.9357439279556274,-0.35262635350227356,-2.4208615394949713,-1.723495602607727,0.8175088167190552,-1.3034964799880981,0.5807279348373413,1.0061888694763184,1.3034964799880981
121.48333333333333,3.7806692123413086,1.4805914163589478,-0.003091469407081604,0.001522301696240902,0.00596858374774456,0.9346622228622437,-0.3554835319519043,-2.4147512111799827,-1.7452203035354614,0.8190099000930786,-1.3034964799880981,0.600385844707489,1.0068013668060303,1.3034964799880981
121.5,3.7807095050811768,1.4806350469589233,-0.0030912458896636963,0.0015028724446892738,0.00597410649061203,0.9335718750953674,-0.35833728313446045,-2.4086412153192427,-1.7669450044631958,0.8179630637168884,-1.3034964799880981,0.6200446486473083,1.0062919855117798,1.3034964799880981
121.51666666666667,3.780749559402466,1.4806791543960571,-0.003090962767601013,0.001483469270169735,0.00597900478169322,0.9324727058410645,-0.3611878454685211,-2.402530781474453,-1.7886697053909302,0.8182664513587952,-1.3034964799880981,0.6397024989128113,1.0065339803695679,1.3034964799880981
121.53333333333333,3.780789375305176,1.48072350025177,-0.0030907467007637024,0.0014630220830440521,0.005983724258840084,0.9313650131225586,-0.36403486132621765,-2.3964209347310863,-1.8103944063186646,0.8182692527770996,-1.3034964799880981,0.6593606472015381,1.0067780017852783,1.3034964799880981
121.55,3.780829429626465,1.480767846107483,-0.003090500831604004,0.001444995403289795,0.005989672616124153,0.9302483201026917,-0.3668786287307739,-2.3903103158532404,-1.832119107246399,0.8186452388763428,-1.3034964799880981,0.679019570350647,1.0059655904769897,1.3034964799880981
121.56666666666666,3.780869483947754,1.480812668800354,-0.003090202808380127,0.0014248685911297798,0.005994114093482494,0.9291231036186218,-0.3697189688682556,-2.3841999734018473,-1.8538438081741333,0.8193662762641907,-1.3034964799880981,0.6986771821975708,1.0068566799163818,1.3034964799880981
121.58333333333333,3.7809090614318848,1.4808576107025146,-0.0030899569392204285,0.001404356211423874,0.005998546257615089,0.9279892444610596,-0.37255561351776123,-2.3780900168952854,-1.8755685091018677,0.8169534802436829,-1.3034964799880981,0.7183352112770081,1.0065604448318481,1.3034964799880981
121.6,3.7809479236602783,1.480902910232544,-0.0030897855758666992,0.0013853823766112328,0.006004109047353268,0.9268468022346497,-0.37538930773735046,-2.3719795512964907,-1.897293210029602,0.81825852394104,-1.3034964799880981,0.7379940152168274,1.0063683986663818,1.3034964799880981
121.61666666666666,3.7809863090515137,1.4809483289718628,-0.003089502453804016,0.0013653058558702469,0.006008354015648365,0.925695538520813,-0.3782191574573517,-2.36586916144652,-1.9190179109573364,0.8191222548484802,-1.3034964799880981,0.7576521039009094,1.0066299438476562,1.3034964799880981
121.63333333333334,3.7810251712799072,1.4809939861297607,-0.0030892640352249146,0.001346479170024395,0.006013684440404177,0.9245357513427734,-0.38104552030563354,-2.3597589859016774,-1.9407426118850708,0.8185965418815613,-1.3034964799880981,0.777310848236084,1.006142258644104,1.3034964799880981
121.65,3.7810633182525635,1.4810400009155273,-0.003089010715484619,0.0013259295374155045,0.0060175396502017975,0.9233673214912415,-0.38386839628219604,-2.3536486520715547,-1.9624673128128052,0.8188061714172363,-1.3034964799880981,0.7969683408737183,1.0069198608398438,1.3034964799880981
121.66666666666667,3.7811007499694824,1.4810858964920044,-0.0030887797474861145,0.0013069892302155495,0.006022777408361435,0.9221901297569275,-0.38668763637542725,-2.347538130681101,-1.9841920137405396,0.8186459541320801,-1.3034964799880981,0.8166273832321167,1.0061460733413696,1.3034964799880981
121.68333333333334,3.7811388969421387,1.4811323881149292,-0.0030885115265846252,0.0012875515967607498,0.0060270316898822784,0.921004593372345,-0.38950315117836,-2.341428286676118,-2.00591778755188,0.8196888566017151,-1.3034964799880981,0.8362852334976196,1.0065884590148926,1.3034964799880981
121.7,3.7811756134033203,1.4811789989471436,-0.003088243305683136,0.0012672021985054016,0.00603115139529109,0.9198101758956909,-0.39231497049331665,-2.335317910684769,-2.02764630317688,0.8184022903442383,-1.3034964799880981,0.8559433817863464,1.0066328048706055,1.3034964799880981
121.71666666666667,3.78121280670166,1.4812259674072266,-0.003088042140007019,0.0012467913329601288,0.0060354676097631454,0.9186074733734131,-0.3951232433319092,-2.329208025334055,-2.04937481880188,0.8169021606445312,-1.3034964799880981,0.8756014704704285,1.0065574645996094,1.3034964799880981
121.73333333333333,3.7812492847442627,1.4812729358673096,-0.003087759017944336,0.0012279581278562546,0.0060403309762477875,0.9173958897590637,-0.3979279100894928,-2.323097409866211,-2.07110333442688,0.8198865056037903,-1.3034964799880981,0.8952603936195374,1.0063337087631226,1.3034964799880981
121.75,3.7812857627868652,1.4813202619552612,-0.0030875355005264282,0.0012081703171133995,0.0060443999245762825,0.9161760807037354,-0.4007285535335541,-2.316987879011363,-2.09283185005188,0.8193055987358093,-1.3034964799880981,0.9149186611175537,1.006420612335205,1.3034964799880981
121.76666666666667,3.7813220024108887,1.481367826461792,-0.003087274730205536,0.0011874968186020851,0.006048012524843216,0.914947509765625,-0.40352562069892883,-2.3108776759731104,-2.11456036567688,0.8176361918449402,-1.3034964799880981,0.9345763921737671,1.006752848625183,1.3034964799880981
121.78333333333333,3.781357765197754,1.4814157485961914,-0.0030870288610458374,0.0011688917875289917,0.00605309521779418,0.913710355758667,-0.40631914138793945,-2.3047671547137485,-2.13628888130188,0.8199591040611267,-1.3034964799880981,0.9542355537414551,1.0061744451522827,1.3034964799880981
121.8,3.781393051147461,1.48146390914917,-0.0030867531895637512,0.001148461364209652,0.0060565285384655,0.9124646782875061,-0.40910881757736206,-2.2986566627982725,-2.15801739692688,0.8189646601676941,-1.3034964799880981,0.9738931655883789,1.0066784620285034,1.3034964799880981
121.81666666666666,3.781428337097168,1.481512188911438,-0.003086559474468231,0.001128162257373333,0.006060177460312843,0.9112105965614319,-0.41189464926719666,-2.2925464556191764,-2.17974591255188,0.8183779120445251,-1.3034964799880981,0.9935516715049744,1.0065373182296753,1.3034964799880981
121.83333333333333,3.781463384628296,1.481560468673706,-0.0030863285064697266,0.0011094603687524796,0.006064979359507561,0.90994793176651,-0.4146767258644104,-2.2864360088793303,-2.20147442817688,0.8198924660682678,-1.3034964799880981,1.0132105350494385,1.006173014640808,1.3034964799880981
121.85,3.781498432159424,1.4816089868545532,-0.0030860155820846558,0.0010893074795603752,0.006068366579711437,0.90867680311203,-0.41745463013648987,-2.280325948764678,-2.22320294380188,0.8196470737457275,-1.3034964799880981,1.0328682661056519,1.0066207647323608,1.3034964799880981
121.86666666666666,3.7815325260162354,1.481657862663269,-0.003085784614086151,0.001069316640496254,0.006072073709219694,0.9073972702026367,-0.4202286899089813,-2.2742160051573403,-2.24493145942688,0.8188931345939636,-1.3034964799880981,1.0525263547897339,1.0064433813095093,1.3034964799880981
121.88333333333334,3.781566858291626,1.481706976890564,-0.003085523843765259,0.001048819161951542,0.006075642071664333,0.9061091542243958,-0.42299890518188477,-2.2681057112591887,-2.26665997505188,0.8183920979499817,-1.3034964799880981,1.0721843242645264,1.0066652297973633,1.3034964799880981
121.9,3.7816007137298584,1.4817559719085693,-0.003085322678089142,0.0010305298492312431,0.006080349907279015,0.9048126935958862,-0.4257652461528778,-2.26199562551679,-2.28838849067688,0.8203522562980652,-1.3034964799880981,1.0918433666229248,1.0060275793075562,1.3034964799880981
121.91666666666667,3.7816338539123535,1.4818055629730225,-0.003085017204284668,0.001009128987789154,0.006082864478230476,0.903507649898529,-0.4285274147987366,-2.25588539162718,-2.31011700630188,0.8189488649368286,-1.3034964799880981,1.11150062084198,1.0070205926895142,1.3034964799880981
121.93333333333334,3.7816667556762695,1.4818551540374756,-0.0030847936868667603,0.0009895749390125275,0.006086897104978561,0.9021941423416138,-0.4312859773635864,-2.2497746838020074,-2.33184552192688,0.8183096051216125,-1.3034964799880981,1.1311599016189575,1.0061683654785156,1.3034964799880981
121.95,3.7816996574401855,1.4819049835205078,-0.003084540367126465,0.0009694583714008331,0.006089997477829456,0.9008722305297852,-0.4340403079986572,-2.243664226981486,-2.35357403755188,0.8201177716255188,-1.3034964799880981,1.15081787109375,1.006706714630127,1.3034964799880981
121.96666666666667,3.7817325592041016,1.4819550514221191,-0.0030842870473861694,0.0009487094357609749,0.006092941388487816,0.8995421528816223,-0.4367903470993042,-2.237554585352174,-2.37530255317688,0.8180288672447205,-1.3034964799880981,1.1704761981964111,1.0064685344696045,1.3034964799880981
121.98333333333333,3.781764268875122,1.4820053577423096,-0.0030840933322906494,0.0009295837953686714,0.00609707273542881,0.8982034921646118,-0.43953660130500793,-2.231444229358428,-2.39703106880188,0.819632887840271,-1.3034964799880981,1.19013512134552,1.0062907934188843,1.3034964799880981
122.0,3.7817962169647217,1.482055902481079,-0.0030837878584861755,0.0009092353284358978,0.006099771708250046,0.8968564867973328,-0.4422784447669983,-2.225334264362463,-2.41875958442688,0.8202175498008728,-1.3034964799880981,1.2097930908203125,1.0066584348678589,1.3034964799880981
122.01666666666667,3.781827926635742,1.4821064472198486,-0.003083556890487671,0.0008901404216885567,0.006103743799030781,0.8955011367797852,-0.4450163245201111,-2.2192242153281745,-2.44048810005188,0.8197268843650818,-1.3034964799880981,1.2294517755508423,1.006090760231018,1.3034964799880981
122.03333333333333,3.7818596363067627,1.4821572303771973,-0.0030833110213279724,0.0008701300248503685,0.006106574088335037,0.894137442111969,-0.44774991273880005,-2.213114316949993,-2.46221661567688,0.8203803896903992,-1.3034964799880981,1.2491090297698975,1.0066512823104858,1.3034964799880981
122.05,3.7818899154663086,1.482208251953125,-0.0030830800533294678,0.0008497266098856926,0.006109409034252167,0.8927655816078186,-0.4504792094230652,-2.2070049538300784,-2.48394513130188,0.8191400766372681,-1.3034964799880981,1.2687674760818481,1.0065064430236816,1.3034964799880981
122.06666666666666,3.7819206714630127,1.4822595119476318,-0.0030828341841697693,0.0008305199444293976,0.00611314969137311,0.8913851380348206,-0.45320457220077515,-2.2008947461856265,-2.50567364692688,0.819879949092865,-1.3034964799880981,1.2884258031845093,1.006251335144043,1.3034964799880981
122.08333333333333,3.7819509506225586,1.4823111295700073,-0.003082580864429474,0.0008101696148514748,0.006115672178566456,0.8899964690208435,-0.4559255540370941,-2.1947848851312894,-2.52740216255188,0.8204285502433777,-1.3034964799880981,1.3080838918685913,1.0066461563110352,1.3034964799880981
122.1,3.7819814682006836,1.4823625087738037,-0.0030823498964309692,0.000790041871368885,0.006118429359048605,0.888599693775177,-0.45864224433898926,-2.1886755417582573,-2.54913067817688,0.8191269636154175,-1.3034964799880981,1.3277422189712524,1.006324052810669,1.3034964799880981
122.11666666666666,3.782011032104492,1.4824143648147583,-0.003082066774368286,0.000769234262406826,0.0061207115650177,0.8871943354606628,-0.46135464310646057,-2.1825655099351335,-2.57085919380188,0.8190112709999084,-1.3034964799880981,1.3474000692367554,1.0067626237869263,1.3034964799880981
122.13333333333334,3.7820403575897217,1.4824663400650024,-0.003081865608692169,0.000749967060983181,0.006124325096607208,0.8857806921005249,-0.4640629291534424,-2.1764553081022022,-2.59258770942688,0.8200955986976624,-1.3034964799880981,1.3670592308044434,1.006140947341919,1.3034964799880981
122.15,3.7820701599121094,1.4825185537338257,-0.003081589937210083,0.0007300656288862228,0.006126788444817066,0.8843590617179871,-0.4667666554450989,-2.170345977697746,-2.61431622505188,0.8203508853912354,-1.3034964799880981,1.3867170810699463,1.0064436197280884,1.3034964799880981
122.16666666666667,3.7820982933044434,1.482571005821228,-0.0030813217163085938,0.0007096938788890839,0.006129189394414425,0.8829289674758911,-0.4694659113883972,-2.1642362522839664,-2.63604474067688,0.8199722170829773,-1.3034964799880981,1.4063750505447388,1.0065840482711792,1.3034964799880981
122.18333333333334,3.7821264266967773,1.48262357711792,-0.003081105649471283,0.0006893957033753395,0.006131804548203945,0.8814907670021057,-0.47216105461120605,-2.1581265884974834,-2.65777325630188,0.8190755248069763,-1.3034964799880981,1.4260331392288208,1.0064059495925903,1.3034964799880981
122.2,3.782153844833374,1.482676386833191,-0.0030808672308921814,0.0006707590073347092,0.006135038565844297,0.880044162273407,-0.4748516082763672,-2.1520167003264565,-2.67950177192688,0.8215265274047852,-1.3034964799880981,1.4456911087036133,1.0061497688293457,1.3034964799880981
122.21666666666667,3.782181978225708,1.4827293157577515,-0.0030805841088294983,0.0006494363769888878,0.00613666046410799,0.8785895109176636,-0.4775378704071045,-2.145907027730031,-2.70123028755188,0.8197339177131653,-1.3034964799880981,1.4653486013412476,1.0068639516830444,1.3034964799880981
122.23333333333333,3.7822091579437256,1.4827824831008911,-0.0030803456902503967,0.0006295125931501389,0.006139281205832958,0.8771263360977173,-0.4802199900150299,-2.139796302232518,-2.72295880317688,0.8187811970710754,-1.3034964799880981,1.4850068092346191,1.0062317848205566,1.3034964799880981
122.25,3.7822365760803223,1.4828360080718994,-0.003080114722251892,0.0006088726222515106,0.006141078658401966,0.8756551146507263,-0.4828975796699524,-2.1336859445337972,-2.74468731880188,0.8205727338790894,-1.3034964799880981,1.5046650171279907,1.0067647695541382,1.3034964799880981
122.26666666666667,3.7822632789611816,1.4828892946243286,-0.003079846501350403,0.0005900394171476364,0.006144167855381966,0.8741758465766907,-0.4855702519416809,-2.1275763197197,-2.76641583442688,0.8205480575561523,-1.3034964799880981,1.5243240594863892,1.0058681964874268,1.3034964799880981
122.28333333333333,3.78229022026062,1.4829427003860474,-0.003079615533351898,0.0005694013088941574,0.006145953666418791,0.872688353061676,-0.4882386028766632,-2.121466296907719,-2.78814435005188,0.8205569982528687,-1.3034964799880981,1.543981671333313,1.00685453414917,1.3034964799880981
122.3,3.782316207885742,1.4829965829849243,-0.003079354763031006,0.0005486495792865753,0.006147623993456364,0.8711925745010376,-0.4909023642539978,-2.115355955642274,-2.80987286567688,0.8191693425178528,-1.3034964799880981,1.563639760017395,1.0065326690673828,1.3034964799880981
122.31666666666666,3.7823421955108643,1.4830502271652222,-0.003079138696193695,0.0005292780697345734,0.006150461733341217,0.8696889281272888,-0.4935617446899414,-2.109246120653383,-2.83160138130188,0.8201118111610413,-1.3034964799880981,1.583298683166504,1.0061529874801636,1.3034964799880981
122.33333333333333,3.7823679447174072,1.4831041097640991,-0.003078855574131012,0.0005087330937385559,0.006151765119284391,0.8681768774986267,-0.496216356754303,-2.1031356798480942,-2.85332989692688,0.8209390640258789,-1.3034964799880981,1.6029565334320068,1.0067355632781982,1.3034964799880981
122.35,3.782393217086792,1.4831583499908447,-0.0030786022543907166,0.0004884414374828339,0.0061538368463516235,0.8666568994522095,-0.49886631965637207,-2.097025709873424,-2.87505841255188,0.8195071220397949,-1.3034964799880981,1.622615098953247,1.006292700767517,1.3034964799880981
122.36666666666666,3.7824180126190186,1.4832125902175903,-0.003078363835811615,0.00046769995242357254,0.006155224516987801,0.8651286363601685,-0.5015118718147278,-2.090915020963119,-2.89678692817688,0.8196147084236145,-1.3034964799880981,1.64227294921875,1.006653904914856,1.3034964799880981
122.38333333333334,3.782442808151245,1.4832671880722046,-0.003078147768974304,0.000448460690677166,0.006157661788165569,0.8635925650596619,-0.5041525363922119,-2.0848052122205085,-2.91851544380188,0.8214277625083923,-1.3034964799880981,1.661932349205017,1.006137728691101,1.3034964799880981
122.4,3.7824671268463135,1.4833214282989502,-0.003077864646911621,0.00042837951332330704,0.006159204989671707,0.862048327922821,-0.5067882537841797,-2.078695318380511,-2.94024395942688,0.8209951519966125,-1.3034964799880981,1.6815903186798096,1.0064257383346558,1.3034964799880981
122.41666666666667,3.7824912071228027,1.483376145362854,-0.0030776485800743103,0.0004078429192304611,0.006160612218081951,0.8604962229728699,-0.5094194412231445,-2.072585699330261,-2.96197247505188,0.8203853368759155,-1.3034964799880981,1.701248288154602,1.006544589996338,1.3034964799880981
122.43333333333334,3.7825145721435547,1.4834308624267578,-0.003077387809753418,0.0003875521942973137,0.0061620865017175674,0.8589358925819397,-0.5120458602905273,-2.0664756055369247,-2.98370099067688,0.8203250765800476,-1.3034964799880981,1.7209068536758423,1.0064034461975098,1.3034964799880981
122.45,3.7825374603271484,1.4834859371185303,-0.0030771195888519287,0.000366872176527977,0.006163271609693766,0.8573675751686096,-0.5146675705909729,-2.0603655219424204,-3.00542950630188,0.8197157382965088,-1.3034964799880981,1.7405648231506348,1.0065381526947021,1.3034964799880981
122.46666666666667,3.782560110092163,1.4835408926010132,-0.003076881170272827,0.00034760497510433197,0.006165621802210808,0.8557911515235901,-0.5172845125198364,-2.0542551807044065,-3.02715802192688,0.8214393258094788,-1.3034964799880981,1.760223627090454,1.0061320066452026,1.3034964799880981
122.48333333333333,3.7825825214385986,1.4835963249206543,-0.0030766427516937256,0.0003267331048846245,0.006166399456560612,0.8542068600654602,-0.5198966264724731,-2.0481451023849546,-3.04888653755188,0.820827066898346,-1.3034964799880981,1.7798811197280884,1.006671667098999,1.3034964799880981
122.5,3.782604694366455,1.483651876449585,-0.00307638943195343,0.00030777882784605026,0.006168583873659372,0.8526145219802856,-0.5225036144256592,-2.042035091087642,-3.07061505317688,0.8212529420852661,-1.3034964799880981,1.7995401620864868,1.0059926509857178,1.3034964799880981
122.51666666666667,3.7826263904571533,1.4837071895599365,-0.003076128661632538,0.0002865549176931381,0.006169018801301718,0.8510144352912903,-0.5251059532165527,-2.0359253881837804,-3.09234356880188,0.8207427263259888,-1.3034964799880981,1.819197654724121,1.0069016218185425,1.3034964799880981
122.53333333333333,3.7826483249664307,1.4837630987167358,-0.003075897693634033,0.00026546791195869446,0.00616954592987895,0.8494061827659607,-0.527703583240509,-2.029814972207084,-3.11407208442688,0.8188615441322327,-1.3034964799880981,1.8388557434082031,1.006463885307312,1.3034964799880981
122.55,3.7826690673828125,1.483818769454956,-0.003075644373893738,0.0002458617091178894,0.006171469576656818,0.8477897644042969,-0.530296266078949,-2.0237040013072156,-3.13580060005188,0.8210394978523254,-1.3034964799880981,1.8585145473480225,1.0062880516052246,1.3034964799880981
122.56666666666666,3.7826898097991943,1.4838746786117554,-0.0030753985047340393,0.0002251807600259781,0.006171965040266514,0.8461658358573914,-0.532883882522583,-2.017594122627686,-3.15752911567688,0.820669949054718,-1.3034964799880981,1.8781726360321045,1.006544828414917,1.3034964799880981
122.58333333333333,3.782710313796997,1.4839305877685547,-0.0030751675367355347,0.00020531844347715378,0.006173193454742432,0.8445339798927307,-0.5354663729667664,-2.0114843010775463,-3.17925763130188,0.8207813501358032,-1.3034964799880981,1.8978309631347656,1.006300449371338,1.3034964799880981
122.6,3.7827305793762207,1.483986735343933,-0.003074929118156433,0.0001861434429883957,0.00617492850869894,0.8428943753242493,-0.5380436182022095,-2.0053750189609447,-3.20098614692688,0.8225862383842468,-1.3034964799880981,1.9174896478652954,1.0061962604522705,1.3034964799880981
122.61666666666666,3.782750129699707,1.484043002128601,-0.003074653446674347,0.00016599800437688828,0.006175600923597813,0.8412467837333679,-0.5406160354614258,-1.999265255716096,-3.22271466255188,0.8217499852180481,-1.3034964799880981,1.9371474981307983,1.0064252614974976,1.3034964799880981
122.63333333333334,3.7827696800231934,1.4840993881225586,-0.0030744150280952454,0.00014584511518478394,0.0061763739213347435,0.839591383934021,-0.5431832075119019,-1.9931557450519324,-3.24444317817688,0.8211963176727295,-1.3034964799880981,1.9568054676055908,1.0064136981964111,1.3034964799880981
122.65,3.7827889919281006,1.4841558933258057,-0.003074154257774353,0.00012500397861003876,0.006176723167300224,0.837928056716919,-0.5457457304000854,-1.9870456925513165,-3.26617169380188,0.8207629323005676,-1.3034964799880981,1.9764635562896729,1.0066742897033691,1.3034964799880981
122.66666666666667,3.7828075885772705,1.4842127561569214,-0.0030739232897758484,0.00010424014180898666,0.006177029572427273,0.8362568020820618,-0.5483032464981079,-1.980935304253956,-3.28790020942688,0.8195275068283081,-1.3034964799880981,1.9961216449737549,1.006366491317749,1.3034964799880981
122.68333333333334,3.7828257083892822,1.4842694997787476,-0.00307367742061615,8.471589535474777e-05,0.006178458221256733,0.8345776200294495,-0.5508555769920349,-1.974824673728532,-3.30962872505188,0.8218446373939514,-1.3034964799880981,2.015780210494995,1.006274700164795,1.3034964799880981
122.7,3.782844066619873,1.4843264818191528,-0.0030734091997146606,6.403308361768723e-05,0.006178415380418301,0.8328908681869507,-0.5534027218818665,-1.968714614034255,-3.33135724067688,0.8212172389030457,-1.3034964799880981,2.035438060760498,1.006562352180481,1.3034964799880981
122.71666666666667,3.7828617095947266,1.4843833446502686,-0.003073178231716156,4.3917447328567505e-05,0.006178807467222214,0.8311963677406311,-0.555944561958313,-1.9626047248175065,-3.35308575630188,0.8209571242332458,-1.3034964799880981,2.055096387863159,1.006290078163147,1.3034964799880981
122.73333333333333,3.7828798294067383,1.4844404458999634,-0.0030729174613952637,2.3109838366508484e-05,0.006178945768624544,0.8294941186904907,-0.5584811568260193,-1.9564948863448748,-3.37481427192688,0.820844292640686,-1.3034964799880981,2.0747549533843994,1.0066419839859009,1.3034964799880981
122.75,3.7828965187072754,1.4844974279403687,-0.003072693943977356,4.009343683719635e-06,0.006180430296808481,0.8277841210365295,-0.5610127449035645,-1.950384941755365,-3.39654278755188,0.821686327457428,-1.3034964799880981,2.0944137573242188,1.005950689315796,1.3034964799880981
122.76666666666667,3.7829132080078125,1.4845548868179321,-0.0030724182724952698,-1.626834273338318e-05,0.006180208176374435,0.8260663151741028,-0.5635388493537903,-1.9442748858724264,-3.41827130317688,0.8229660391807556,-1.3034964799880981,2.11407208442688,1.0066587924957275,1.3034964799880981
122.78333333333333,3.7829294204711914,1.4846123456954956,-0.0030721500515937805,-3.7241727113723755e-05,0.006179875694215298,0.8243409991264343,-0.5660597085952759,-1.9381653463846187,-3.43999981880188,0.8198967576026917,-1.3034964799880981,2.133730411529541,1.006429672241211,1.3034964799880981
122.8,3.782945156097412,1.4846699237823486,-0.0030719414353370667,-5.804374814033508e-05,0.006179765798151493,0.8226077556610107,-0.5685756206512451,-1.9320549919295131,-3.46172833442688,0.8203485608100891,-1.3034964799880981,2.153388738632202,1.0066556930541992,1.3034964799880981
122.81666666666666,3.782960891723633,1.4847275018692017,-0.003071717917919159,-7.758662104606628e-05,0.006180537864565849,0.8208668828010559,-0.5710861682891846,-1.9259448299451918,-3.48345685005188,0.8221268653869629,-1.3034964799880981,2.173048257827759,1.0061115026474,1.3034964799880981
122.83333333333333,3.7829763889312744,1.4847853183746338,-0.003071412444114685,-9.877048432826996e-05,0.006179620511829853,0.8191182017326355,-0.5735913515090942,-1.9198342501876149,-3.50518536567688,0.8207672238349915,-1.3034964799880981,2.1927058696746826,1.006639003753662,1.3034964799880981
122.85,3.7829911708831787,1.4848430156707764,-0.003071211278438568,-0.00011789612472057343,0.00618067616596818,0.8173621296882629,-0.5760910511016846,-1.9137244816586703,-3.52691388130188,0.8224253058433533,-1.3034964799880981,2.212364912033081,1.0060619115829468,1.3034964799880981
122.86666666666666,3.783006429672241,1.4849008321762085,-0.0030709654092788696,-0.00013824179768562317,0.006180063355714083,0.8155984878540039,-0.5785852670669556,-1.9076148868568608,-3.54864239692688,0.8226491212844849,-1.3034964799880981,2.232023239135742,1.0065499544143677,1.3034964799880981
122.88333333333334,3.7830209732055664,1.4849588871002197,-0.0030706822872161865,-0.00015904754400253296,0.006179532967507839,0.8138269782066345,-0.5810743570327759,-1.9015044561820955,-3.57037091255188,0.8202555775642395,-1.3034964799880981,2.2516815662384033,1.0064661502838135,1.3034964799880981
122.9,3.7830348014831543,1.485016942024231,-0.0030704811215400696,-0.00017901882529258728,0.006179547868669033,0.8120480179786682,-0.5835578441619873,-1.8953945300208188,-3.59209942817688,0.8216318488121033,-1.3034964799880981,2.27134108543396,1.006397008895874,1.3034964799880981
122.91666666666667,3.783048629760742,1.485074758529663,-0.0030701830983161926,-0.0001996103674173355,0.006178833544254303,0.8102616667747498,-0.5860356092453003,-1.8892852345775988,-3.61382794380188,0.8216179609298706,-1.3034964799880981,2.2909996509552,1.0064635276794434,1.3034964799880981
122.93333333333334,3.7830612659454346,1.485133409500122,-0.003069937229156494,-0.00022017862647771835,0.0061781881377100945,0.8084675669670105,-0.588508129119873,-1.883175319973096,-3.63555645942688,0.8207016587257385,-1.3034964799880981,2.3106577396392822,1.00633704662323,1.3034964799880981
122.95,3.783074378967285,1.4851917028427124,-0.0030697286128997803,-0.00024009868502616882,0.0061780475080013275,0.8066661357879639,-0.5909751653671265,-1.8770659974143302,-3.65728497505188,0.8224247694015503,-1.3034964799880981,2.3303165435791016,1.0063905715942383,1.3034964799880981
122.96666666666667,3.7830862998962402,1.4852501153945923,-0.003069467842578888,-0.0002598641440272331,0.0061778659000992775,0.804857075214386,-0.5934364795684814,-1.8709565000331818,-3.67901349067688,0.8222687840461731,-1.3034964799880981,2.349975824356079,1.0061523914337158,1.3034964799880981
122.98333333333333,3.7830986976623535,1.4853086471557617,-0.0030691996216773987,-0.0002809930592775345,0.006176384165883064,0.8030403852462769,-0.5958925485610962,-1.8648465062041677,-3.70074200630188,0.8216198086738586,-1.3034964799880981,2.369633913040161,1.0067404508590698,1.3034964799880981
123.0,3.7831099033355713,1.4853671789169312,-0.003068983554840088,-0.00030044466257095337,0.006176817696541548,0.8012162446975708,-0.5983428955078125,-1.8587367590097967,-3.72247052192688,0.8222925662994385,-1.3034964799880981,2.3892934322357178,1.0059890747070312,1.3034964799880981
123.01666666666667,3.783121347427368,1.4854258298873901,-0.0030687078833580017,-0.0003214580938220024,0.0061751171015203,0.799384593963623,-0.6007877588272095,-1.8526268213725408,-3.74419903755188,0.8220077157020569,-1.3034964799880981,2.4089508056640625,1.0067315101623535,1.3034964799880981
123.03333333333333,3.783132791519165,1.4854843616485596,-0.0030684694647789,-0.0003408556804060936,0.006175274960696697,0.7975454330444336,-0.6032270193099976,-1.8465167960088165,-3.76592755317688,0.8223646879196167,-1.3034964799880981,2.42861008644104,1.0059810876846313,1.3034964799880981
123.05,3.7831435203552246,1.4855432510375977,-0.0030682235956192017,-0.0003614695742726326,0.006173782516270876,0.7956990003585815,-0.6056607365608215,-1.840407162605835,-3.78765606880188,0.8223154544830322,-1.3034964799880981,2.448267936706543,1.0066845417022705,1.3034964799880981
123.06666666666666,3.783153772354126,1.4856020212173462,-0.0030679628252983093,-0.00038181617856025696,0.0061727650463581085,0.7938451766967773,-0.6080883741378784,-1.8342978183373437,-3.80938458442688,0.8216587901115417,-1.3034964799880981,2.467926263809204,1.0063283443450928,1.3034964799880981
123.08333333333333,3.7831637859344482,1.4856607913970947,-0.003067716956138611,-0.0004022391512989998,0.006171769928187132,0.791983962059021,-0.6105104088783264,-1.828188489486601,-3.83111310005188,0.8214659094810486,-1.3034964799880981,2.4875845909118652,1.006409764289856,1.3034964799880981
123.1,3.783172845840454,1.4857194423675537,-0.0030675008893013,-0.00042219553142786026,0.006170807406306267,0.790115475654602,-0.6129268407821655,-1.8220794522264503,-3.85284161567688,0.8226469159126282,-1.3034964799880981,2.5072429180145264,1.0063446760177612,1.3034964799880981
123.11666666666666,3.78318190574646,1.4857782125473022,-0.00306721031665802,-0.0004427880048751831,0.006169484928250313,0.7882395386695862,-0.6153374314308167,-1.8159702389542,-3.87457013130188,0.8215734958648682,-1.3034964799880981,2.5269010066986084,1.0064364671707153,1.3034964799880981
123.13333333333334,3.783190965652466,1.4858372211456299,-0.0030669644474983215,-0.0004626139998435974,0.006168638356029987,0.7863560914993286,-0.6177424788475037,-1.8098605366872211,-3.89629864692688,0.8220414519309998,-1.3034964799880981,2.5465595722198486,1.0062390565872192,1.3034964799880981
123.15,3.7831993103027344,1.485896348953247,-0.003066718578338623,-0.00048374198377132416,0.006166479084640741,0.7844652533531189,-0.6201418042182922,-1.8037506392401732,-3.91802716255188,0.8221482634544373,-1.3034964799880981,2.5662178993225098,1.0067358016967773,1.3034964799880981
123.16666666666667,3.7832071781158447,1.4859555959701538,-0.0030664950609207153,-0.0005032811313867569,0.006166227161884308,0.7825672030448914,-0.6225353479385376,-1.7976410918277563,-3.93975567817688,0.8218604922294617,-1.3034964799880981,2.5858774185180664,1.0059159994125366,1.3034964799880981
123.18333333333334,3.783215045928955,1.486014723777771,-0.003066219389438629,-0.0005240682512521744,0.006164056248962879,0.7806618809700012,-0.6249229311943054,-1.7915316356960829,-3.96148419380188,0.8226822018623352,-1.3034964799880981,2.6055355072021484,1.0067867040634155,1.3034964799880981
123.2,3.7832224369049072,1.4860739707946777,-0.0030660107731819153,-0.0005431585013866425,0.006163627840578556,0.778749406337738,-0.6273046135902405,-1.785422616188448,-3.98321270942688,0.823123037815094,-1.3034964799880981,2.625195264816284,1.0058703422546387,1.3034964799880981
123.21666666666667,3.7832295894622803,1.4861332178115845,-0.0030657202005386353,-0.0005637118592858315,0.0061614494770765305,0.7768294811248779,-0.6296805739402771,-1.7793129980982325,-4.004940986633301,0.8226831555366516,-1.3034964799880981,2.644853115081787,1.0066814422607422,1.3034964799880981
123.23333333333333,3.783236503601074,1.4861925840377808,-0.0030654966831207275,-0.000584334135055542,0.00615960918366909,0.7749024033546448,-0.6320505738258362,-1.7732036840562917,-4.026669502258301,0.8216241598129272,-1.3034964799880981,2.6645114421844482,1.00639808177948,1.3034964799880981
123.25,3.7832424640655518,1.4862520694732666,-0.0030652806162834167,-0.0006039673462510109,0.0061584943905472755,0.772968053817749,-0.634414792060852,-1.7670942415120146,-4.048398017883301,0.8227936029434204,-1.3034964799880981,2.684170961380005,1.0062365531921387,1.3034964799880981
123.26666666666667,3.7832491397857666,1.486311435699463,-0.003064975142478943,-0.0006249994039535522,0.006155943498015404,0.7710264325141907,-0.6367729902267456,-1.760984628877151,-4.070126533508301,0.8220878839492798,-1.3034964799880981,2.703829288482666,1.006615400314331,1.3034964799880981
123.28333333333333,3.783254623413086,1.4863708019256592,-0.003064773976802826,-0.0006446866318583488,0.006155139300972223,0.7690774202346802,-0.6391255855560303,-1.7548744185058316,-4.091855049133301,0.8222755193710327,-1.3034964799880981,2.7234883308410645,1.0060715675354004,1.3034964799880981
123.3,3.783259868621826,1.4864305257797241,-0.003064490854740143,-0.0006650900468230247,0.006152686662971973,0.7671213746070862,-0.6414720416069031,-1.7487646207116407,-4.113583564758301,0.8232633471488953,-1.3034964799880981,2.7431466579437256,1.0066546201705933,1.3034964799880981
123.31666666666666,3.7832651138305664,1.4864901304244995,-0.003064259886741638,-0.0006852447986602783,0.006150688976049423,0.7651582956314087,-0.6438124775886536,-1.742655196015317,-4.135312080383301,0.8222116827964783,-1.3034964799880981,2.7628061771392822,1.0061671733856201,1.3034964799880981
123.33333333333333,3.7832698822021484,1.486549735069275,-0.0030640065670013428,-0.000705961138010025,0.006148312706500292,0.7631877064704895,-0.6461471319198608,-1.7365446717331074,-4.157040596008301,0.8217955231666565,-1.3034964799880981,2.782464027404785,1.006588101387024,1.3034964799880981
123.35,3.783273458480835,1.4866094589233398,-0.003063783049583435,-0.000725284218788147,0.006147218868136406,0.7612103223800659,-0.6484755873680115,-1.730435142828691,-4.178769111633301,0.8237155675888062,-1.3034964799880981,2.8021230697631836,1.0060700178146362,1.3034964799880981
123.36666666666666,3.7832770347595215,1.4866689443588257,-0.003063507378101349,-0.0007452107965946198,0.006144979037344456,0.7592255473136902,-0.6507980823516846,-1.7243247617316517,-4.200497627258301,0.8236592411994934,-1.3034964799880981,2.8217811584472656,1.0063098669052124,1.3034964799880981
123.38333333333334,3.783281087875366,1.4867286682128906,-0.0030632615089416504,-0.000765753909945488,0.006142567377537489,0.7572337985038757,-0.6531145572662354,-1.7182146793476727,-4.222226142883301,0.822590708732605,-1.3034964799880981,2.8414394855499268,1.0065042972564697,1.3034964799880981
123.4,3.7832839488983154,1.4867883920669556,-0.003063023090362549,-0.00078593660145998,0.006140268407762051,0.7552350163459778,-0.6554248332977295,-1.712104720638251,-4.243954658508301,0.8226366639137268,-1.3034964799880981,2.861098051071167,1.0063450336456299,1.3034964799880981
123.41666666666667,3.7832863330841064,1.486847996711731,-0.0030627772212028503,-0.0008063158020377159,0.006137735676020384,0.7532292604446411,-0.6577290296554565,-1.70599495985484,-4.265683174133301,0.8226937651634216,-1.3034964799880981,2.8807566165924072,1.0063809156417847,1.3034964799880981
123.43333333333334,3.7832884788513184,1.4869076013565063,-0.003062531352043152,-0.0008269753307104111,0.0061349100433290005,0.7512162327766418,-0.660027265548706,-1.6998844796999428,-4.287411689758301,0.8219314217567444,-1.3034964799880981,2.9004149436950684,1.0064716339111328,1.3034964799880981
123.45,3.7832911014556885,1.4869672060012817,-0.0030622780323028564,-0.0008466495200991631,0.006133002229034901,0.7491962313652039,-0.6623191237449646,-1.6937741730963658,-4.309140205383301,0.8233754634857178,-1.3034964799880981,2.920074462890625,1.0061771869659424,1.3034964799880981
123.46666666666667,3.783292293548584,1.4870269298553467,-0.0030620023608207703,-0.0008675428107380867,0.006129535846412182,0.7471691966056824,-0.6646050214767456,-1.6876636737054185,-4.330868721008301,0.822640061378479,-1.3034964799880981,2.939732551574707,1.0065983533859253,1.3034964799880981
123.48333333333333,3.7832934856414795,1.487086534500122,-0.0030617788434028625,-0.0008866684511303902,0.006128422915935516,0.7451352477073669,-0.6668845415115356,-1.6815534340046998,-4.352597236633301,0.8234836459159851,-1.3034964799880981,2.9593913555145264,1.0058746337890625,1.3034964799880981
123.5,3.783294200897217,1.4871461391448975,-0.003061547875404358,-0.0009067943319678307,0.006125412881374359,0.7430946826934814,-0.6691576242446899,-1.6754441345200537,-4.374325752258301,0.8245872259140015,-1.3034964799880981,2.9790499210357666,1.0065957307815552,1.3034964799880981
123.51666666666667,3.783294439315796,1.4872058629989624,-0.003061257302761078,-0.000927681103348732,0.006121830083429813,0.7410470247268677,-0.6714245080947876,-1.6693343679769048,-4.396054267883301,0.8218969702720642,-1.3034964799880981,2.998708486557007,1.0064204931259155,1.3034964799880981
123.53333333333333,3.783294439315796,1.4872654676437378,-0.003061048686504364,-0.0009473087266087532,0.006119641475379467,0.7389925718307495,-0.6736850738525391,-1.6632249847126506,-4.417782783508301,0.8233384490013123,-1.3034964799880981,3.018367290496826,1.0062059164047241,1.3034964799880981
123.55,3.783295154571533,1.4873250722885132,-0.0030607953667640686,-0.0009664176031947136,0.006117755547165871,0.7369309663772583,-0.6759395599365234,-1.6571148606112587,-4.439511299133301,0.8252772688865662,-1.3034964799880981,3.0380258560180664,1.0060837268829346,1.3034964799880981
123.56666666666666,3.783294677734375,1.4873847961425781,-0.003060556948184967,-0.0009868461638689041,0.006114434916526079,0.7348625063896179,-0.6781877279281616,-1.6510047687500138,-4.461239814758301,0.8228051662445068,-1.3034964799880981,3.0576834678649902,1.0064616203308105,1.3034964799880981
123.58333333333333,3.7832937240600586,1.4874444007873535,-0.0030602961778640747,-0.0010070893913507462,0.006111207418143749,0.7327873706817627,-0.6804294586181641,-1.6448952084509305,-4.482968330383301,0.8230422139167786,-1.3034964799880981,3.0773417949676514,1.0064682960510254,1.3034964799880981
123.6,3.783292055130005,1.4875038862228394,-0.0030600503087043762,-0.0010276194661855698,0.006107783876359463,0.7307052612304688,-0.6826648712158203,-1.6387852597960861,-4.504696846008301,0.8226808905601501,-1.3034964799880981,3.0970003604888916,1.0064462423324585,1.3034964799880981
123.61666666666666,3.783290147781372,1.4875634908676147,-0.0030598193407058716,-0.0010473858565092087,0.006105084903538227,0.7286162972450256,-0.6848940849304199,-1.632675215647215,-4.526425361633301,0.8229420185089111,-1.3034964799880981,3.116659164428711,1.0061701536178589,1.3034964799880981
123.63333333333334,3.7832882404327393,1.4876232147216797,-0.003059566020965576,-0.0010672817006707191,0.00610190536826849,0.7265207171440125,-0.6871166229248047,-1.6265657060590786,-4.548153877258301,0.8241778016090393,-1.3034964799880981,3.1363179683685303,1.0063683986663818,1.3034964799880981
123.65,3.78328537940979,1.4876829385757446,-0.00305929034948349,-0.0010876460000872612,0.006098350044339895,0.7244182825088501,-0.6893328428268433,-1.6204559698563552,-4.569882392883301,0.8229637145996094,-1.3034964799880981,3.1559765338897705,1.0063813924789429,1.3034964799880981
123.66666666666667,3.78328275680542,1.4877426624298096,-0.0030590668320655823,-0.0011078445240855217,0.006094827316701412,0.7223091721534729,-0.6915426254272461,-1.614346475925482,-4.591610908508301,0.8230621814727783,-1.3034964799880981,3.1756348609924316,1.0063914060592651,1.3034964799880981
123.68333333333334,3.7832794189453125,1.487802505493164,-0.003058798611164093,-0.0011268602684140205,0.006092619616538286,0.7201930284500122,-0.6937459707260132,-1.608236188108142,-4.613339424133301,0.8250594735145569,-1.3034964799880981,3.1952943801879883,1.0059987306594849,1.3034964799880981
123.7,3.7832753658294678,1.4878618717193604,-0.003058522939682007,-0.0011477647349238396,0.00608814787119627,0.7180701494216919,-0.6959430575370789,-1.6021257959481312,-4.635067939758301,0.8229731321334839,-1.3034964799880981,3.214951992034912,1.0066900253295898,1.3034964799880981
123.71666666666667,3.7832717895507812,1.4879217147827148,-0.003058314323425293,-0.0011676782742142677,0.006084800232201815,0.7159407138824463,-0.6981334686279297,-1.5960158526969304,-4.656796455383301,0.822949230670929,-1.3034964799880981,3.2346107959747314,1.0061767101287842,1.3034964799880981
123.73333333333333,3.7832672595977783,1.4879812002182007,-0.00305803120136261,-0.0011885492131114006,0.006080367602407932,0.7138046026229858,-0.7003174424171448,-1.5899058990321435,-4.678524971008301,0.8232055902481079,-1.3034964799880981,3.2542688846588135,1.0066746473312378,1.3034964799880981
123.75,3.7832629680633545,1.4880406856536865,-0.0030578449368476868,-0.0012082019820809364,0.006077180616557598,0.7116618156433105,-0.7024948596954346,-1.5837959395980443,-4.700253486633301,0.8229011297225952,-1.3034964799880981,3.273927688598633,1.0060054063796997,1.3034964799880981
123.76666666666667,3.7832581996917725,1.4880999326705933,-0.0030575841665267944,-0.0012274552136659622,0.006074209697544575,0.7095127701759338,-0.7046654224395752,-1.5776870747436222,-4.721982002258301,0.8253206014633179,-1.3034964799880981,3.293585777282715,1.0063159465789795,1.3034964799880981
123.78333333333333,3.783252477645874,1.488159418106079,-0.003057323396205902,-0.0012475065886974335,0.006070183590054512,0.7073568105697632,-0.7068295478820801,-1.5715773541398548,-4.743710517883301,0.8240443468093872,-1.3034964799880981,3.313244342803955,1.0062977075576782,1.3034964799880981
123.8,3.7832469940185547,1.4882190227508545,-0.0030570924282073975,-0.001267334446310997,0.006066367961466312,0.7051944732666016,-0.7089868783950806,-1.565468270008775,-4.765439033508301,0.8239039778709412,-1.3034964799880981,3.3329029083251953,1.0063356161117554,1.3034964799880981
123.81666666666666,3.783240556716919,1.4882782697677612,-0.0030568167567253113,-0.0012876568362116814,0.0060621281154453754,0.703025221824646,-0.7111378312110901,-1.5593582345842423,-4.787167549133301,0.8237757682800293,-1.3034964799880981,3.3525612354278564,1.0065103769302368,1.3034964799880981
123.83333333333333,3.783233880996704,1.488337516784668,-0.003056570887565613,-0.0013068020343780518,0.006059278734028339,0.7008496522903442,-0.7132821083068848,-1.553248919520686,-4.808896064758301,0.8242010474205017,-1.3034964799880981,3.372220039367676,1.005923867225647,1.3034964799880981
123.85,3.78322696685791,1.4883968830108643,-0.0030563250184059143,-0.0013267342001199722,0.006054930854588747,0.6986674666404724,-0.715419590473175,-1.5471393503745365,-4.830624580383301,0.8250265121459961,-1.3034964799880981,3.391878128051758,1.0065497159957886,1.3034964799880981
123.86666666666666,3.783219575881958,1.488456130027771,-0.003056079149246216,-0.0013465862721204758,0.006050865165889263,0.6964787840843201,-0.7175506353378296,-1.5410298619368208,-4.852353096008301,0.8238894939422607,-1.3034964799880981,3.411536931991577,1.0061733722686768,1.3034964799880981
123.88333333333334,3.783212184906006,1.4885152578353882,-0.0030558332800865173,-0.0013667531311511993,0.0060463412664830685,0.6942836046218872,-0.719674825668335,-1.5349203648316128,-4.874081611633301,0.8236438035964966,-1.3034964799880981,3.431195020675659,1.0065045356750488,1.3034964799880981
123.9,3.7832043170928955,1.4885746240615845,-0.003055587410926819,-0.0013869153335690498,0.0060418276116251945,0.6920818090438843,-0.7217923998832703,-1.528810486518972,-4.895810127258301,0.8235545754432678,-1.3034964799880981,3.4508533477783203,1.0063620805740356,1.3034964799880981
123.91666666666667,3.783195972442627,1.488633632659912,-0.0030553489923477173,-0.0014071222394704819,0.006037297658622265,0.6898737549781799,-0.723903238773346,-1.5227011750724908,-4.917538642883301,0.8230666518211365,-1.3034964799880981,3.4705114364624023,1.0063451528549194,1.3034964799880981
123.93333333333334,3.7831871509552,1.4886927604675293,-0.003055073320865631,-0.0014266399666666985,0.006033182144165039,0.6876592040061951,-0.7260070443153381,-1.5165916875357965,-4.939267158508301,0.8244414329528809,-1.3034964799880981,3.4901700019836426,1.0062371492385864,1.3034964799880981
123.95,3.783177614212036,1.4887516498565674,-0.0030548274517059326,-0.0014464212581515312,0.006028801668435335,0.6854382157325745,-0.7281043529510498,-1.5104821572323859,-4.960995674133301,0.8245354890823364,-1.3034964799880981,3.5098283290863037,1.006264328956604,1.3034964799880981
123.96666666666667,3.783168315887451,1.4888107776641846,-0.0030546188354492188,-0.0014670053496956825,0.006023545749485493,0.6832107901573181,-0.7301949262619019,-1.504372498290358,-4.982724189758301,0.8231801986694336,-1.3034964799880981,3.5294859409332275,1.0065264701843262,1.3034964799880981
123.98333333333333,3.783158540725708,1.4888696670532227,-0.0030543431639671326,-0.0014858013018965721,0.006020301021635532,0.6809771060943604,-0.7322782874107361,-1.4982631810718234,-5.004452705383301,0.8252496719360352,-1.3034964799880981,3.5491445064544678,1.0059397220611572,1.3034964799880981
124.0,3.783148765563965,1.4889285564422607,-0.0030540749430656433,-0.0015056943520903587,0.0060153529047966,0.6787372827529907,-0.7343549728393555,-1.4921544449219257,-5.026181221008301,0.8251851797103882,-1.3034964799880981,3.568802833557129,1.0064693689346313,1.3034964799880981
124.01666666666667,3.7831385135650635,1.4889874458312988,-0.0030538588762283325,-0.0015262030065059662,0.0060097817331552505,0.6764907836914062,-0.7364250421524048,-1.4860447556789402,-5.047909736633301,0.8229504823684692,-1.3034964799880981,3.5884604454040527,1.006463646888733,1.3034964799880981
124.03333333333333,3.783127546310425,1.4890462160110474,-0.003053613007068634,-0.001544993370771408,0.006006533280014992,0.6742382645606995,-0.7384878396987915,-1.4799359007797592,-5.069638252258301,0.8256263136863708,-1.3034964799880981,3.608118772506714,1.005968451499939,1.3034964799880981
124.05,3.7831168174743652,1.4891047477722168,-0.0030533447861671448,-0.001564783975481987,0.006001368165016174,0.6719793081283569,-0.7405439615249634,-1.473826614767987,-5.091366767883301,0.8252221345901489,-1.3034964799880981,3.627776622772217,1.0063976049423218,1.3034964799880981
124.06666666666666,3.7831051349639893,1.4891631603240967,-0.0030530989170074463,-0.0015847450122237206,0.005996131803840399,0.6697139143943787,-0.7425932884216309,-1.4677168738646778,-5.113095283508301,0.8236173391342163,-1.3034964799880981,3.647434949874878,1.006359338760376,1.3034964799880981
124.08333333333333,3.783093214035034,1.4892218112945557,-0.0030528604984283447,-0.0016044285148382187,0.00599135085940361,0.6674425005912781,-0.7446355819702148,-1.461607777133142,-5.134823799133301,0.8248816132545471,-1.3034964799880981,3.667093276977539,1.006330132484436,1.3034964799880981
124.1,3.783080577850342,1.489280104637146,-0.0030526071786880493,-0.0016245990991592407,0.005985759198665619,0.6651643514633179,-0.746671199798584,-1.455497276307755,-5.156552314758301,0.8237735033035278,-1.3034964799880981,3.6867518424987793,1.006380319595337,1.3034964799880981
124.11666666666666,3.7830677032470703,1.4893383979797363,-0.003052353858947754,-0.0016434527933597565,0.00598208699375391,0.6628802418708801,-0.7486995458602905,-1.4493874707069814,-5.178280830383301,0.8252667784690857,-1.1948717832565308,3.7064099311828613,1.005946159362793,1.1948717832565308
124.13333333333334,3.783057451248169,1.4893827438354492,-0.0030530616641044617,-0.0016616247594356537,0.005985114723443985,0.6607531309127808,-0.750577449798584,-1.443712629782218,-5.198193550109863,0.7672213315963745,-1.140559434890747,3.7249395847320557,0.9232928156852722,1.140559434890747
124.15,3.783045530319214,1.4894267320632935,-0.003052033483982086,-0.001680595800280571,0.005974079482257366,0.6587451696395874,-0.7523404955863953,-1.438368335666285,-5.217206001281738,1.0577694177627563,-1.0862470865249634,3.7423439025878906,0.8817146420478821,1.0862470865249634
124.16666666666667,3.783033609390259,1.4894707202911377,-0.0030522122979164124,-0.0016964012756943703,0.005973112769424915,0.6568387150764465,-0.7540054321289062,-1.4333059425272514,-5.235302925109863,1.0440220832824707,-1.0319347381591797,3.7587623596191406,0.8292524218559265,1.0319347381591797
124.18333333333334,3.783022165298462,1.4895111322402954,-0.0030527263879776,-0.001710362732410431,0.005972063168883324,0.6550387144088745,-0.7555696964263916,-1.428536460706164,-5.252499580383301,1.3528720140457153,-0.977622389793396,3.7742605209350586,0.8163825273513794,0.977622389793396
124.2,3.7830121517181396,1.4895492792129517,-0.003051847219467163,-0.0017223842442035675,0.005962882190942764,0.6533401608467102,-0.757038950920105,-1.4240446189416063,-5.268795967102051,1.4094009399414062,-0.977622389793396,3.7888574600219727,0.7584375143051147,0.977622389793396
124.21666666666667,3.783000946044922,1.4895907640457153,-0.0030527710914611816,-0.0017343461513519287,0.005964011885225773,0.6516672968864441,-0.7584795951843262,-1.4196294750275384,-5.285092353820801,1.7408101558685303,-0.8689976930618286,3.8030848503112793,0.7881753444671631,0.8689976930618286
124.23333333333333,3.7829906940460205,1.489622950553894,-0.003050878643989563,-0.0017488589510321617,0.005951019003987312,0.6501470804214478,-0.7597830295562744,-1.4156240935665945,-5.299572944641113,1.1914219856262207,-0.8146852850914001,3.8161516189575195,0.6474717855453491,0.8146852850914001
124.25,3.7829794883728027,1.4896583557128906,-0.0030536726117134094,-0.0017635086551308632,0.005972535349428654,0.6487420201301575,-0.7609829902648926,-1.411929012496319,-5.313153266906738,1.3925641775131226,-0.7603729367256165,3.8280351161956787,0.6645827293395996,0.7603729367256165
124.26666666666667,3.782970428466797,1.4896897077560425,-0.003051668405532837,-0.0017700018361210823,0.005957048386335373,0.6474449038505554,-0.7620867490768433,-1.4085220936717608,-5.325833320617676,1.6944998502731323,-0.7060605883598328,3.8390376567840576,0.6322242617607117,0.7060605883598328
124.28333333333333,3.7829604148864746,1.4897208213806152,-0.003050975501537323,-0.001779858022928238,0.005950222723186016,0.6462448239326477,-0.7631047964096069,-1.405374668750529,-5.337597846984863,1.3932652473449707,-0.6517482399940491,3.8491597175598145,0.575037956237793,0.6517482399940491
124.3,3.782949209213257,1.4897534847259521,-0.0030508413910865784,-0.0017909174785017967,0.005949771963059902,0.645139217376709,-0.7640397548675537,-1.4024788538238238,-5.348462104797363,0.5481889247894287,-0.6517482399940491,3.858381748199463,0.49569791555404663,0.6517482399940491
124.31666666666666,3.782933235168457,1.489795446395874,-0.003052249550819397,-0.0018006684258580208,0.00595672894269228,0.6440374255180359,-0.7649686932563782,-1.3995967098505149,-5.359326362609863,-1.4356590509414673,-0.5431235432624817,3.8673031330108643,0.45407047867774963,0.5431235432624817
124.33333333333333,3.782916784286499,1.4898300170898438,-0.0030562877655029297,-0.00180073082447052,0.005970112979412079,0.6430769562721252,-0.7657761573791504,-1.3970872328103634,-5.368374824523926,-2.0584752559661865,-0.488811194896698,3.8750967979431152,-0.20037177205085754,0.488811194896698
124.35,3.7828989028930664,1.4898561239242554,-0.0030516237020492554,-0.0018137162551283836,0.00595384556800127,0.6422305703163147,-0.7664862871170044,-1.3948774305310319,-5.376523017883301,-1.1120355129241943,-0.4344988465309143,3.88122296333313,0.3614119589328766,0.4344988465309143
124.36666666666666,3.7828946113586426,1.489878535270691,-0.0030640512704849243,-0.0017919447273015976,0.005994466133415699,0.6414570212364197,-0.7671334147453308,-1.3928607395187236,-5.383770942687988,-1.6032871007919312,-0.3801864683628082,3.8873677253723145,0.8300269246101379,0.3801864683628082
124.38333333333334,3.782888889312744,1.4898933172225952,-0.0030577555298805237,-0.0017942264676094055,0.005981818772852421,0.6408637166023254,-0.7676292657852173,-1.3913141829315652,-5.390103340148926,1.489782452583313,-0.32587411999702454,3.8921377658843994,0.36104002594947815,0.32587411999702454
124.4,3.782886266708374,1.4898995161056519,-0.0030450373888015747,-0.001803952269256115,0.005899343639612198,0.6403505802154541,-0.7680579423904419,-1.3899758088499585,-5.395535469055176,1.303701639175415,-0.32587411999702454,3.896437168121338,-0.04701784625649452,0.32587411999702454
124.41666666666667,3.782874345779419,1.4899314641952515,-0.003053538501262665,-0.0018358267843723297,0.005954825319349766,0.6398122310638428,-0.7685058116912842,-1.3885756429309293,-5.400967597961426,2.078810214996338,-0.21724940836429596,3.9003446102142334,0.35399478673934937,0.21724940836429596
124.43333333333334,3.7828712463378906,1.4899539947509766,-0.003063485026359558,-0.0017994064837694168,0.0059855422005057335,0.6394609808921814,-0.7687981128692627,-1.3876623832445403,-5.404583930969238,-0.3647918403148651,-0.16293705999851227,3.902775526046753,0.21101540327072144,0.16293705999851227
124.45,3.782867908477783,1.4899641275405884,-0.0030538439750671387,-0.001830337569117546,0.005949446931481361,0.639267086982727,-0.7689595222473145,-1.387157273444618,-5.407299995422363,1.704035758972168,-0.10862470418214798,3.9042978286743164,0.23159250617027283,0.10862470418214798
124.46666666666667,3.7828638553619385,1.4899688959121704,-0.003051452338695526,-0.0018317680805921555,0.005932130850851536,0.63914954662323,-0.7690573334693909,-1.386851197654084,-5.409115791320801,1.072826862335205,-0.05431235209107399,3.9050533771514893,0.402387410402298,0.05431235209107399
124.48333333333333,3.7828614711761475,1.4899742603302002,-0.003052540123462677,-0.001837136223912239,0.00594127643853426,0.6390976309776306,-0.7691003084182739,-1.3867163843845303,-5.410016059875488,1.6988307237625122,-1.5828442481359046e-16,3.905280351638794,0.43501538038253784,1.5828442481359046e-16
124.5,3.7828550338745117,1.4899884462356567,-0.003055587410926819,-0.001839878037571907,0.005962531082332134,0.6390603184700012,-0.7691311836242676,-1.3866198465112036,-5.410016059875488,0.2884055972099304,-1.5828442481359046e-16,3.905027151107788,0.3821065425872803,1.5828442481359046e-16
124.51666666666667,3.7828528881073,1.489991307258606,-0.003055661916732788,-0.0018308153375983238,0.005963140167295933,0.6390524506568909,-0.7691377401351929,-1.3865993873762184,-5.410016059875488,0.2676646411418915,0.0,3.9049642086029053,0.36239951848983765,0.0
124.53333333333333,3.7828574180603027,1.489991307258606,-0.003049038350582123,-0.0018237857148051262,0.005911600310355425,0.6390689015388489,-0.7691245079040527,-1.3866410135861669,-5.410016059875488,0.45054134726524353,0.0,3.9050285816192627,0.04042413458228111,0.0
124.55,3.782855749130249,1.4899942874908447,-0.0030562356114387512,-0.0018276358023285866,0.005963069386780262,0.6390942931175232,-0.7691030502319336,-1.3867082012042247,-5.410016059875488,0.2380298525094986,0.0,3.9046382904052734,0.27943795919418335,0.0
124.56666666666666,3.7828545570373535,1.4899914264678955,-0.0030502527952194214,-0.0018249358981847763,0.005917542614042759,0.639080822467804,-0.7691147327423096,-1.3866721871336192,-5.410016059875488,0.2534068524837494,0.0,3.9047904014587402,0.08621101081371307,0.0
124.58333333333333,3.7828543186187744,1.4900000095367432,-0.0030549466609954834,-0.0018286602571606636,0.00595447514206171,0.6391284465789795,-0.7690748572349548,-1.3867968543787592,-5.410016059875488,0.5076820254325867,0.0,3.9041643142700195,0.36658182740211487,0.0
124.6,3.782853364944458,1.4899981021881104,-0.003049813210964203,-0.0018204469233751297,0.005912281572818756,0.6391147971153259,-0.7690864205360413,-1.3867603804008288,-5.410016059875488,0.42597463726997375,0.0,3.9043073654174805,0.16707295179367065,0.0
124.61666666666666,3.7828526496887207,1.4900041818618774,-0.003054998815059662,-0.001827796921133995,0.005956294015049934,0.6391439437866211,-0.7690619230270386,-1.3868371840217117,-5.410016059875488,0.5433561205863953,0.0,3.9039015769958496,0.39483821392059326,0.0
124.63333333333334,3.7828524112701416,1.4900026321411133,-0.00304991751909256,-0.001818627119064331,0.005912686698138714,0.6391327381134033,-0.7690715789794922,-1.3868070571076072,-5.410016059875488,0.47614654898643494,0.0,3.9040157794952393,0.1966489553451538,0.0
124.65,3.7828519344329834,1.490006685256958,-0.0030548498034477234,-0.0018282365053892136,0.005954524502158165,0.6391537189483643,-0.7690538167953491,-1.3868625672349133,-5.410016059875488,0.5515123605728149,0.0,3.9037373065948486,0.40818488597869873,0.0
124.66666666666667,3.7828519344329834,1.4900052547454834,-0.0030497610569000244,-0.0018180860206484795,0.005911690182983875,0.6391429901123047,-0.7690629363059998,-1.3868336638683088,-5.410016059875488,0.49228888750076294,0.0,3.903855323791504,0.20606549084186554,0.0
124.68333333333334,3.7828519344329834,1.4900085926055908,-0.003054879605770111,-0.0018278583884239197,0.005955870728939772,0.6391599774360657,-0.7690484523773193,-1.3868788363461124,-5.410016059875488,0.561691403388977,0.0,3.903625726699829,0.41355499625205994,0.0
124.7,3.7828521728515625,1.490006923675537,-0.003049805760383606,-0.0018170690163969994,0.005911992862820625,0.6391486525535583,-0.7690584063529968,-1.3868484354270163,-5.410016059875488,0.484197735786438,0.0,3.903754949569702,0.2059803009033203,0.0
124.71666666666667,3.782851457595825,1.4900102615356445,-0.0030549168586730957,-0.001827147789299488,0.005956062115728855,0.6391642093658447,-0.7690450549125671,-1.3868898728791779,-5.410016059875488,0.5439566969871521,0.0,3.9035463333129883,0.411600798368454,0.0
124.73333333333333,3.7828516960144043,1.4900085926055908,-0.003049798309803009,-0.0018162308260798454,0.005912458058446646,0.639153242111206,-0.7690545320510864,-1.386860366083928,-5.410016059875488,0.45922914147377014,0.0,3.9036741256713867,0.20482714474201202,0.0
124.75,3.782851219177246,1.490011215209961,-0.003054693341255188,-0.0018283640965819359,0.005953792482614517,0.6391683220863342,-0.7690415978431702,-1.3869005072766658,-5.410016059875488,0.5270521640777588,0.0,3.903482437133789,0.41335493326187134,0.0
124.76666666666667,3.7828516960144043,1.4900096654891968,-0.003049716353416443,-0.0018169041723012924,0.005911614745855331,0.6391576528549194,-0.7690507769584656,-1.3868717968969038,-5.410016059875488,0.4625864326953888,0.0,3.9036102294921875,0.20980027318000793,0.0
124.78333333333333,3.782850980758667,1.4900116920471191,-0.003054782748222351,-0.0018277717754244804,0.005954797379672527,0.6391700506210327,-0.7690403461456299,-1.3869050686486775,-5.410016059875488,0.540921688079834,0.0,3.903445243835449,0.4183546006679535,0.0
124.8,3.782851457595825,1.4900076389312744,-0.0030496791005134583,-0.0018188441172242165,0.0059108068235218525,0.6391456127166748,-0.7690608501434326,-1.3868404863902661,-5.410016059875488,0.4006551504135132,0.0,3.903776168823242,0.1688230037689209,0.0
124.81666666666666,3.7828516960144043,1.4900119304656982,-0.003054872155189514,-0.0018280837684869766,0.00595493521541357,0.6391697525978088,-0.7690402865409851,-1.386904225773928,-5.410016059875488,0.509405791759491,0.0,3.903451442718506,0.40192335844039917,0.0
124.83333333333333,3.782851219177246,1.4900100231170654,-0.003049887716770172,-0.001817396841943264,0.00591289671137929,0.6391571760177612,-0.7690513134002686,-1.386870621338635,-5.410016059875488,0.4406664967536926,0.0,3.9035964012145996,0.20196294784545898,0.0
124.85,3.782850980758667,1.4900124073028564,-0.0030548274517059326,-0.0018276451155543327,0.0059560020454227924,0.6391724348068237,-0.7690380811691284,-1.3869112314744607,-5.410016059875488,0.5324074625968933,0.0,3.903398275375366,0.4168875515460968,0.0
124.86666666666666,3.782850980758667,1.4900109767913818,-0.0030497685074806213,-0.0018171658739447594,0.005912085995078087,0.6391613483428955,-0.769047737121582,-1.3868814264845077,-5.410016059875488,0.4716033935546875,0.0,3.903538465499878,0.2136787623167038,0.0
124.88333333333334,3.782850980758667,1.490012764930725,-0.003054872155189514,-0.0018282737582921982,0.005955295637249947,0.6391741037368774,-0.7690368890762329,-1.3869156016513455,-5.410016059875488,0.5498681664466858,0.0,3.9033761024475098,0.38612687587738037,0.0
124.9,3.782850980758667,1.490009069442749,-0.003049887716770172,-0.0018216613680124283,0.005914355628192425,0.6391496062278748,-0.7690575122833252,-1.3868509582201014,-5.410016059875488,0.4126977324485779,0.0,3.9036879539489746,0.14854997396469116,0.0
124.91666666666667,3.782850742340088,1.4900161027908325,-0.003055274486541748,-0.001826736144721508,0.005958567373454571,0.6391832232475281,-0.7690292000770569,-1.3869393680298,-5.410016059875488,0.5231572389602661,0.0,3.903226137161255,0.39296454191207886,0.0
124.93333333333334,3.7828502655029297,1.4900143146514893,-0.0030497312545776367,-0.0018173446878790855,0.005910609848797321,0.6391711235046387,-0.7690396308898926,-1.3869068170141652,-5.410016059875488,0.43307068943977356,0.0,3.9033617973327637,0.19755029678344727,0.0
124.95,3.782850503921509,1.4900168180465698,-0.0030548349022865295,-0.001827211119234562,0.005956019274890423,0.6391868591308594,-0.7690261602401733,-1.386948759142708,-5.410016059875488,0.5090388059616089,0.0,3.9031660556793213,0.4154244661331177,0.0
124.96666666666667,3.7828500270843506,1.4900152683258057,-0.003049880266189575,-0.0018162233754992485,0.0059126680716872215,0.6391749382019043,-0.7690365314483643,-1.3869168009687098,-5.410016059875488,0.44892799854278564,0.0,3.903301954269409,0.21687278151512146,0.0
124.98333333333333,3.782850503921509,1.4900161027908325,-0.0030545592308044434,-0.0018279440701007843,0.0059532104060053825,0.6391849517822266,-0.769027829170227,-1.386943752282935,-5.410016059875488,0.4971967935562134,0.0,3.9031989574432373,0.2894226014614105,0.0
125.0,3.7828500270843506,1.4900130033493042,-0.0030503049492836,-0.0018314598128199577,0.005921406205743551,0.6391626000404358,-0.7690466642379761,-1.3868849280258835,-5.410016059875488,0.39690953493118286,0.0,3.9034550189971924,0.090441033244133,0.0
125.01666666666667,3.7828493118286133,1.4900245666503906,-0.003055095672607422,-0.0018276870250701904,0.005957181099802256,0.6392181515693665,-0.7690001726150513,-1.387030175549202,-5.410016059875488,0.5883828401565552,0.0,3.9026715755462646,0.38786765933036804,0.0
125.03333333333333,3.782848596572876,1.490022897720337,-0.003049597144126892,-0.0018184324726462364,0.005911629647016525,0.6392048001289368,-0.7690116167068481,-1.386994419535283,-5.410016059875488,0.4867861866950989,0.0,3.9028208255767822,0.2112985998392105,0.0
125.05,3.782848834991455,1.490025281906128,-0.003054969012737274,-0.0018276330083608627,0.005955031141638756,0.6392176151275635,-0.7690006494522095,-1.387028735716195,-5.410016059875488,0.5718380808830261,0.0,3.902653932571411,0.4148770272731781,0.0
125.06666666666666,3.782848596572876,1.4900211095809937,-0.0030496418476104736,-0.0018174583092331886,0.0059107160195708275,0.6391943693161011,-0.7690203785896301,-1.3869672897828405,-5.410016059875488,0.43769851326942444,0.0,3.9029603004455566,0.18421174585819244,0.0
125.08333333333333,3.782849073410034,1.490024447441101,-0.003055170178413391,-0.001825788989663124,0.005958894267678261,0.6392134428024292,-0.7690041065216064,-1.3870179710954333,-5.410016059875488,0.5204104781150818,0.0,3.902711868286133,0.4139516055583954,0.0
125.1,3.782848596572876,1.4900227785110474,-0.003049783408641815,-0.001815585419535637,0.00591141264885664,0.6392022371292114,-0.7690137624740601,-1.3869877462059288,-5.410016059875488,0.46414652466773987,0.0,3.9028453826904297,0.22260527312755585,0.0
125.11666666666666,3.7828493118286133,1.4900232553482056,-0.003054790198802948,-0.0018271887674927711,0.005955030210316181,0.6392094492912292,-0.7690074443817139,-1.3870074993287473,-5.410016059875488,0.5234965682029724,0.0,3.9027793407440186,0.22486452758312225,0.0
125.13333333333334,3.782848358154297,1.4900201559066772,-0.0030514001846313477,-0.0018331659957766533,0.005926799960434437,0.6391889452934265,-0.7690246105194092,-1.386953538238795,-5.410016059875488,0.41847196221351624,0.0,3.9030134677886963,0.04353681206703186,0.0
125.15,3.7828469276428223,1.490035891532898,-0.003055289387702942,-0.001826433464884758,0.00595869729295373,0.6392605304718018,-0.7689648866653442,-1.3871404149919326,-5.410016059875488,0.5856077075004578,0.0,3.901972532272339,0.3950062096118927,0.0
125.16666666666667,3.782846450805664,1.4900336265563965,-0.003051355481147766,-0.0018147388473153114,0.005918088369071484,0.6392486095428467,-0.7689752578735352,-1.3871085174621334,-5.410016059875488,0.08739591389894485,0.0,3.9021828174591064,0.13011427223682404,0.0
125.18333333333334,3.7828445434570312,1.4900349378585815,-0.003054089844226837,-0.0018239961937069893,0.005949569866061211,0.63927161693573,-0.7689558267593384,-1.3871690609540042,-5.410016059875488,0.18211787939071655,0.0,3.9018778800964355,0.2633723020553589,0.0
125.2,3.782844305038452,1.490032434463501,-0.0030503422021865845,-0.0018234997987747192,0.005916704423725605,0.6392607092857361,-0.7689651250839233,-1.3871399554727888,-5.410016059875488,0.23479165136814117,0.0,3.902003526687622,0.08011257648468018,0.0
125.21666666666667,3.782843589782715,1.490039587020874,-0.003055177628993988,-0.0018277587369084358,0.005955411121249199,0.6393060088157654,-0.7689271569252014,-1.3872586429769662,-5.410016059875488,0.4976949691772461,0.0,3.901404857635498,0.36947542428970337,0.0
125.23333333333333,3.7828428745269775,1.4900380373001099,-0.0030493661761283875,-0.0018192939460277557,0.005911163054406643,0.6392931938171387,-0.7689380645751953,-1.3872242903292318,-5.410016059875488,0.4511720538139343,0.0,3.9015567302703857,0.17684979736804962,0.0
125.25,3.7828423976898193,1.49004328250885,-0.0030543506145477295,-0.0018256278708577156,0.0059521798975765705,0.6393207311630249,-0.768915057182312,-1.387296886364139,-5.410016059875488,0.5560337901115417,0.0,3.901174783706665,0.40248584747314453,0.0
125.26666666666667,3.7828421592712402,1.4900418519973755,-0.0030493587255477905,-0.0018158769235014915,0.005908657796680927,0.6393094062805176,-0.7689248323440552,-1.3872664488887059,-5.410016059875488,0.4899725019931793,0.0,3.901303291320801,0.20133203268051147,0.0
125.28333333333333,3.7828423976898193,1.490045189857483,-0.003054291009902954,-0.001825043000280857,0.0059523205272853374,0.639328122138977,-0.7689087390899658,-1.3873160723850442,-5.410016059875488,0.5693775415420532,0.0,3.9010491371154785,0.4140193462371826,0.0
125.3,3.782841920852661,1.4900436401367188,-0.0030491873621940613,-0.0018148347735404968,0.00590800866484642,0.639316737651825,-0.7689187526702881,-1.387285503777381,-5.410016059875488,0.4972124397754669,0.0,3.901188850402832,0.20570755004882812,0.0
125.31666666666666,3.782841682434082,1.490046501159668,-0.003054201602935791,-0.0018251696601510048,0.005951336584985256,0.6393330693244934,-0.7689046859741211,-1.3873289309599264,-5.410016059875488,0.5692149996757507,0.0,3.900970220565796,0.4163421392440796,0.0
125.33333333333333,3.782841682434082,1.490045189857483,-0.0030492618680000305,-0.0018154280260205269,0.005907791201025248,0.639322817325592,-0.7689135074615479,-1.3873012688522837,-5.410016059875488,0.5155466794967651,0.0,3.9010891914367676,0.21383129060268402,0.0
125.35,3.782841205596924,1.4900476932525635,-0.0030541792511940002,-0.0018249405547976494,0.005951757077127695,0.6393375396728516,-0.768900990486145,-1.3873405732977309,-5.410016059875488,0.5831503868103027,0.0,3.9009006023406982,0.4172994792461395,0.0
125.36666666666666,3.782841682434082,1.4900462627410889,-0.0030491501092910767,-0.0018139919266104698,0.005907978862524033,0.6393281817436218,-0.7689090967178345,-1.387315234880812,-5.410016059875488,0.5285632610321045,0.0,3.9010066986083984,0.21549417078495026,0.0
125.38333333333334,3.782841205596924,1.4900487661361694,-0.003054291009902954,-0.0018244925886392593,0.005952602252364159,0.6393419504165649,-0.7688974142074585,-1.3873520866607267,-5.410016059875488,0.6044127345085144,0.0,3.9008240699768066,0.4171610474586487,0.0
125.4,3.7828409671783447,1.4900473356246948,-0.0030490756034851074,-0.0018143728375434875,0.005907833576202393,0.6393314599990845,-0.7689063549041748,-1.3873237554079274,-5.410016059875488,0.5236305594444275,0.0,3.900946617126465,0.21220998466014862,0.0
125.41666666666667,3.782841205596924,1.490049958229065,-0.003054395318031311,-0.0018251324072480202,0.005953620653599501,0.6393462419509888,-0.7688937187194824,-1.3873632456220626,-5.410016059875488,0.6187101006507874,0.0,3.9007444381713867,0.41682708263397217,0.0
125.43333333333334,3.782841444015503,1.4900486469268799,-0.003049030900001526,-0.0018135886639356613,0.005907755345106125,0.6393361687660217,-0.7689025402069092,-1.3873360231139862,-5.410016059875488,0.52420574426651,0.0,3.900871992111206,0.20961350202560425,0.0
125.45,3.782841205596924,1.4900516271591187,-0.003054291009902954,-0.001825861632823944,0.005951389670372009,0.6393504738807678,-0.7688902616500854,-1.387374215613115,-5.410016059875488,0.5862833261489868,0.0,3.9006760120391846,0.4164952039718628,0.0
125.46666666666667,3.7828407287597656,1.4900498390197754,-0.003049008548259735,-0.0018136585131287575,0.00590758491307497,0.6393388509750366,-0.7689001560211182,-1.3873429599054246,-5.410016059875488,0.4921921193599701,0.0,3.900815725326538,0.2078833281993866,0.0
125.48333333333333,3.7828409671783447,1.4900519847869873,-0.0030542761087417603,-0.0018263040110468864,0.0059515126049518585,0.6393529772758484,-0.7688881158828735,-1.3873807161940295,-5.410016059875488,0.5882604122161865,0.0,3.900630235671997,0.41928842663764954,0.0
125.5,3.7828407287597656,1.4900507926940918,-0.003049112856388092,-0.0018140794709324837,0.005908520892262459,0.6393416523933411,-0.7688979506492615,-1.3873502988263335,-5.410016059875488,0.5147992372512817,0.0,3.900766372680664,0.2145768254995346,0.0
125.51666666666667,3.7828409671783447,1.4900528192520142,-0.0030542463064193726,-0.0018260227516293526,0.005951594561338425,0.6393546462059021,-0.7688867449760437,-1.3873850625770054,-5.410016059875488,0.5778943300247192,0.0,3.9005990028381348,0.41292381286621094,0.0
125.53333333333333,3.782841205596924,1.4900487661361694,-0.003049105405807495,-0.0018157139420509338,0.005907994695007801,0.639330267906189,-0.7689073085784912,-1.387320652694879,-5.410016059875488,0.4399719834327698,0.0,3.9009180068969727,0.17103295028209686,0.0
125.55,3.7828407287597656,1.4900535345077515,-0.0030544325709342957,-0.0018263868987560272,0.005952454637736082,0.6393548846244812,-0.7688864469528198,-1.3873856809618959,-5.410016059875488,0.5364428162574768,0.0,3.900585889816284,0.40543195605278015,0.0
125.56666666666666,3.7828407287597656,1.4900518655776978,-0.003049232065677643,-0.0018153470009565353,0.005908309482038021,0.6393439173698425,-0.7688959836959839,-1.3873561684083122,-5.410016059875488,0.47953325510025024,0.0,3.900707721710205,0.21464794874191284,0.0
125.58333333333333,3.7828404903411865,1.4900532960891724,-0.003054097294807434,-0.001826433464884758,0.005950647871941328,0.639355480670929,-0.7688860893249512,-1.3873872201441624,-5.410016059875488,0.5364792346954346,0.0,3.900578022003174,0.36804670095443726,0.0
125.6,3.7828407287597656,1.4900498390197754,-0.0030493885278701782,-0.0018207421526312828,0.005911910440772772,0.639331579208374,-0.7689062356948853,-1.387324171990459,-5.410016059875488,0.40588757395744324,0.0,3.900876760482788,0.14218775928020477,0.0
125.61666666666666,3.7828402519226074,1.4900566339492798,-0.0030545592308044434,-0.0018255701288580894,0.005953636020421982,0.6393657326698303,-0.7688775062561035,-1.387413943553331,-5.410016059875488,0.5420981645584106,0.10862471163272858,3.900402069091797,0.39739495515823364,-0.10862471163272858
125.63333333333334,3.7828450202941895,1.4900273084640503,-0.0030512213706970215,-0.0018101492896676064,0.005922010168433189,0.6394995450973511,-0.7687666416168213,-1.3877613421960735,-5.408200263977051,1.0220180749893188,0.16293705999851227,3.9000751972198486,0.2518908679485321,-0.16293705999851227
125.65,3.7828526496887207,1.489996075630188,-0.0030560865998268127,-0.001825566403567791,0.005957725457847118,0.6397563815116882,-0.768552303314209,-1.3884303510552554,-5.405484199523926,1.918526530265808,0.21724942326545715,3.898808240890503,-0.34214064478874207,-0.21724942326545715
125.66666666666667,3.7828562259674072,1.489956021308899,-0.003053329885005951,-0.0018167197704315186,0.0059483107179403305,0.6401462554931641,-0.7682279348373413,-1.389444948850357,-5.401867866516113,1.6228182315826416,0.27156177163124084,3.896399974822998,0.23042602837085724,-0.27156177163124084
125.68333333333334,3.782863140106201,1.4899206161499023,-0.0030556321144104004,-0.0018256045877933502,0.005958870984613895,0.6405580043792725,-0.7678844928741455,-1.3905173542122136,-5.397336006164551,2.1559829711914062,0.32587411999702454,3.893554210662842,0.11257390677928925,-0.32587411999702454
125.7,3.782867193222046,1.4898779392242432,-0.003058008849620819,-0.0017953785136342049,0.005988995544612408,0.6411324143409729,-0.7674047946929932,-1.3920145072479568,-5.391903877258301,1.2156848907470703,0.32587411999702454,3.8896377086639404,-0.3479684889316559,-0.32587411999702454
125.71666666666667,3.7828686237335205,1.489844799041748,-0.003043457865715027,-0.0018019722774624825,0.005899197421967983,0.6416248083114624,-0.7669938206672668,-1.3932961087080755,-5.386471748352051,1.410321593284607,0.4344988465309143,3.8861093521118164,-0.0699143037199974,-0.4344988465309143
125.73333333333333,3.7828750610351562,1.4897968769073486,-0.0030651167035102844,-0.0017350846901535988,0.006079267710447311,0.6423635482788086,-0.7663739919662476,-1.3952271237762541,-5.379223823547363,0.8490321040153503,0.488811194896698,3.880915403366089,-0.75824373960495,-0.488811194896698
125.75,3.7828822135925293,1.4897326231002808,-0.003043346107006073,-0.001782359555363655,0.005895623471587896,0.643212616443634,-0.7656629085540771,-1.3974398906234373,-5.371075630187988,0.9893389344215393,0.5431235432624817,3.8751585483551025,-0.44241607189178467,-0.5431235432624817
125.76666666666667,3.7828898429870605,1.4896810054779053,-0.003064073622226715,-0.001658143475651741,0.0061471350491046906,0.6441376209259033,-0.7648829221725464,-1.3998627328243831,-5.362027168273926,1.7885867357254028,0.5974358916282654,3.8682634830474854,-0.8061840534210205,-0.5974358916282654
125.78333333333333,3.782896041870117,1.4896163940429688,-0.0030422434210777283,-0.0017626872286200523,0.005892882123589516,0.6451837420463562,-0.7640025615692139,-1.4025940746590275,-5.352063179016113,0.7193731069564819,0.6517482399940491,3.8603978157043457,0.1271553635597229,-0.6517482399940491
125.8,3.782902956008911,1.4895573854446411,-0.0030630454421043396,-0.0016139140352606773,0.006184717640280724,0.6462960839271545,-0.7630599141120911,-1.4055141172494758,-5.341198921203613,2.019686460494995,0.6517482399940491,3.8518240451812744,-0.6091268062591553,-0.6517482399940491
125.81666666666666,3.7829065322875977,1.4895141124725342,-0.003047265112400055,-0.0017482498660683632,0.005928004160523415,0.6474189162254333,-0.7621093392372131,-1.4084532621683354,-5.330334663391113,0.9874058961868286,0.7603729367256165,3.842823028564453,-0.31120288372039795,-0.7603729367256165
125.83333333333333,3.7829129695892334,1.4894533157348633,-0.0030647367238998413,-0.0016820747405290604,0.006079501006752253,0.6487078666687012,-0.7610113620758057,-1.4118415504715718,-5.317654609680176,1.6400402784347534,0.8146852850914001,3.832753896713257,-0.8274624347686768,-0.8146852850914001
125.85,3.7829158306121826,1.489404320716858,-0.0030419528484344482,-0.0017349515110254288,0.0059095993638038635,0.6500904560089111,-0.7598317861557007,-1.4154740896012756,-5.304074287414551,0.7842292785644531,0.8689976930618286,3.8213024139404297,-0.18121351301670074,-0.8689976930618286
125.86666666666666,3.7829203605651855,1.489341139793396,-0.0030652210116386414,-0.0015513356775045395,0.006217231508344412,0.6515625715255737,-0.7585678100585938,-1.4193588939452,-5.289593696594238,1.4600614309310913,0.9233100414276123,3.809457302093506,-0.9335879683494568,-0.9233100414276123
125.88333333333334,3.7829203605651855,1.489305853843689,-0.0030422285199165344,-0.00170231144875288,0.005911753512918949,0.653096079826355,-0.7572500109672546,-1.4233987184057684,-5.274198055267334,-0.5917423367500305,0.977622389793396,3.7962872982025146,-0.32365328073501587,-0.977622389793396
125.9,3.7829253673553467,1.4892425537109375,-0.003064103424549103,-0.001462424173951149,0.006284572649747133,0.6547299027442932,-0.7558352947235107,-1.4277261053324095,-5.257901668548584,0.8401280641555786,0.977622389793396,3.7829365730285645,-1.0702295303344727,-0.977622389793396
125.91666666666667,3.7829232215881348,1.4892176389694214,-0.003042168915271759,-0.001673756167292595,0.00591928418725729,0.6563736796379089,-0.7544107437133789,-1.4320715384303075,-5.241605281829834,-0.7483265399932861,1.0862470865249634,3.7683935165405273,-0.33353936672210693,-1.0862470865249634
125.93333333333334,3.7829244136810303,1.4891659021377563,-0.003064095973968506,-0.0014572776854038239,0.006280239205807447,0.6581387519836426,-0.7528690099716187,-1.4367636880458312,-5.223508358001709,-0.3881078064441681,1.140559434890747,3.7534501552581787,-1.1250295639038086,-1.140559434890747
125.95,3.782926321029663,1.4891201257705688,-0.0030401870608329773,-0.0016201194375753403,0.005894923582673073,0.6600956320762634,-0.7511566877365112,-1.441959282450668,-5.204495906829834,1.1791160106658936,1.1948717832565308,3.736424207687378,-0.18484018743038177,-1.1948717832565308
125.96666666666667,3.782926321029663,1.4890832901000977,-0.003060564398765564,-0.0015522204339504242,0.006086534820497036,0.6621548533439636,-0.7493406534194946,-1.447452926452491,-5.1845831871032715,1.061732292175293,1.2491841316223145,3.720254421234131,-4.016991138458252,-1.2491841316223145
125.98333333333333,3.7829315662384033,1.4890234470367432,-0.003048226237297058,-0.0015832576900720596,0.005944773554801941,0.6643275022506714,-0.7474162578582764,-1.4532558994111404,-5.1637701988220215,2.440804958343506,1.3034964799880981,3.702507495880127,-0.8357304334640503,-1.3034964799880981
126.0,3.782931089401245,1.4889813661575317,-0.0030537769198417664,-0.0015969006344676018,0.0059858644381165504,0.6666849851608276,-0.7453137636184692,-1.4595739821963916,-5.1420416831970215,3.3078017234802246,1.3034964799880981,3.6840317249298096,-1.2935388088226318,-1.3034964799880981
126.01666666666667,3.7829248905181885,1.4889631271362305,-0.0030618757009506226,-0.0015341537073254585,0.0060610538348555565,0.6690397262573242,-0.7432003617286682,-1.4659033365998253,-5.1203131675720215,1.8889082670211792,1.3034964799880981,3.6637792587280273,-1.163673758506775,-1.3034964799880981
126.03333333333333,3.782923936843872,1.4889297485351562,-0.0030458644032478333,-0.001539468765258789,0.005955483764410019,0.6714197397232056,-0.7410516738891602,-1.4723148283662462,-5.0985846519470215,3.3175995349884033,1.3034964799880981,3.6447458267211914,-0.9288507103919983,-1.3034964799880981
126.05,3.7829184532165527,1.4889084100723267,-0.0030629485845565796,-0.001427353359758854,0.006140109151601791,0.6737344861030579,-0.7389466762542725,-1.4785750321833069,-5.0768561363220215,1.7891520261764526,1.3034964799880981,3.6247198581695557,-1.2812587022781372,-1.3034964799880981
126.06666666666666,3.782917022705078,1.488879919052124,-0.0030435770750045776,-0.0014966819435358047,0.005947453901171684,0.676084041595459,-0.7367989420890808,-1.4849389359342775,-5.0551276206970215,2.7479653358459473,1.3034964799880981,3.6057283878326416,-1.197279930114746,-1.3034964799880981
126.08333333333333,3.7829132080078125,1.4888478517532349,-0.003064274787902832,-0.0013476898893713951,0.006191962398588657,0.6783624887466431,-0.734700083732605,-1.4911380217417198,-5.0333991050720215,1.9258612394332886,1.3034964799880981,3.5861058235168457,-1.250246524810791,-1.3034964799880981
126.1,3.7829113006591797,1.4888205528259277,-0.0030434653162956238,-0.0014534806832671165,0.005951650906354189,0.6806947588920593,-0.7325413227081299,-1.497490558175586,-5.0116705894470215,2.620804786682129,1.3034964799880981,3.5671398639678955,-0.8996781706809998,-1.3034964799880981
126.11666666666666,3.782907009124756,1.4887874126434326,-0.003065049648284912,-0.001293920911848545,0.006213370710611343,0.6829759478569031,-0.7304133176803589,-1.503733785511315,-4.9899420738220215,2.176713705062866,1.3034964799880981,3.5474817752838135,-1.260196328163147,-1.3034964799880981
126.13333333333334,3.7829043865203857,1.488759994506836,-0.00304441899061203,-0.001410769298672676,0.005962459370493889,0.6852976679801941,-0.7282373309135437,-1.5100945652846407,-4.9682135581970215,2.214268445968628,1.3034964799880981,3.528442621231079,-1.1176520586013794,-1.3034964799880981
126.15,3.7829012870788574,1.4887244701385498,-0.0030660107731819153,-0.0012530898675322533,0.006218726746737957,0.6875707507133484,-0.7260897159576416,-1.5163524037126368,-4.9464850425720215,2.3490970134735107,1.3034964799880981,3.5088682174682617,-1.2606103420257568,-1.3034964799880981
126.16666666666667,3.782897472381592,1.488695740699768,-0.0030454695224761963,-0.0013683252036571503,0.005972440354526043,0.6898770332336426,-0.7239006161689758,-1.522708678259807,-4.9247565269470215,2.225757122039795,1.3034964799880981,3.4896163940429688,-0.9680294394493103,-1.3034964799880981
126.18333333333334,3.782893419265747,1.4886603355407715,-0.0030668750405311584,-0.00122876837849617,0.006206306628882885,0.6921437978744507,-0.7217320203781128,-1.528986163050626,-4.9030280113220215,2.506880760192871,1.3034964799880981,3.4700613021850586,-1.2641559839248657,-1.3034964799880981
126.2,3.782888650894165,1.4886276721954346,-0.0030472353100776672,-0.0013256724923849106,0.005985092371702194,0.6944333910942078,-0.7195308208465576,-1.5353351914538214,-4.8812994956970215,2.346871852874756,1.3034964799880981,3.450615167617798,-0.7526109218597412,-1.3034964799880981
126.21666666666667,3.782884120941162,1.488599419593811,-0.0030676349997520447,-0.0012581627815961838,0.006136921234428883,0.6966965794563293,-0.7173384428024292,-1.541639036733998,-4.8595709800720215,2.5598576068878174,1.3034964799880981,3.431159257888794,-1.1528435945510864,-1.3034964799880981
126.23333333333333,3.7828783988952637,1.4885592460632324,-0.00305204838514328,-0.001285254955291748,0.00601786095649004,0.6989928483963013,-0.7151023149490356,-1.5480482752125109,-4.8378424644470215,2.757350444793701,1.3034964799880981,3.411393404006958,-0.7633446455001831,-1.3034964799880981
126.25,3.782871723175049,1.4885352849960327,-0.00306546688079834,-0.0012515224516391754,0.00610846234485507,0.7012547254562378,-0.7128834128379822,-1.5543861973475495,-4.8161139488220215,2.6449058055877686,1.3034964799880981,3.391852378845215,-1.164022445678711,-1.3034964799880981
126.26666666666667,3.782864809036255,1.4884942770004272,-0.0030558332800865173,-0.0012507224455475807,0.006050540134310722,0.7035409212112427,-0.7106277942657471,-1.5608087995074815,-4.7943854331970215,2.8151302337646484,1.3034964799880981,3.371882438659668,-0.8896897435188293,-1.3034964799880981
126.28333333333333,3.7828593254089355,1.488473653793335,-0.003062121570110321,-0.0012366324663162231,0.006090599112212658,0.7058049440383911,-0.7083789110183716,-1.567191662179315,-4.7726569175720215,2.667245864868164,1.3034964799880981,3.3526833057403564,-1.6431984901428223,-1.3034964799880981
126.3,3.782853126525879,1.4884427785873413,-0.003064580261707306,-0.0012025116011500359,0.006111918017268181,0.7080622911453247,-0.7061223983764648,-1.5735755248643981,-4.7509284019470215,1.9325546026229858,1.3034964799880981,3.3323729038238525,-1.159149169921875,-1.3034964799880981
126.31666666666666,3.782848834991455,1.488405466079712,-0.0030538812279701233,-0.0011908169835805893,0.0060472385957837105,0.7103140950202942,-0.7038576602935791,-1.5799620364280893,-4.7291998863220215,3.468214750289917,1.3034964799880981,3.3135428428649902,-1.0634098052978516,-1.3034964799880981
126.33333333333333,3.7828404903411865,1.4883885383605957,-0.003068491816520691,-0.0010966304689645767,0.006181852892041206,0.7125206589698792,-0.7016230821609497,-1.5862451406273184,-4.7074713706970215,1.7995407581329346,1.3034964799880981,3.293478012084961,-1.296608328819275,-1.3034964799880981
126.35,3.7828361988067627,1.4883571863174438,-0.0030487626791000366,-0.0011461563408374786,0.006021392997354269,0.7147526144981384,-0.6993504762649536,-1.5926136746664301,-4.6857428550720215,2.9178316593170166,1.3034964799880981,3.274517297744751,-1.1338553428649902,-1.3034964799880981
126.36666666666666,3.7828290462493896,1.488325595855713,-0.0030692294239997864,-0.0010000374168157578,0.0062408167868852615,0.716911792755127,-0.697135329246521,-1.5988036566533521,-4.6640143394470215,1.8311970233917236,1.3034964799880981,3.2549078464508057,-1.2523014545440674,-1.3034964799880981
126.38333333333334,3.7828242778778076,1.4882951974868774,-0.0030484795570373535,-0.0011039255186915398,0.006020672619342804,0.7191171050071716,-0.694861888885498,-1.6051351850182924,-4.6422858238220215,2.6719367504119873,1.3034964799880981,3.2360873222351074,-1.4928739070892334,-1.3034964799880981
126.4,3.7828173637390137,1.4882596731185913,-0.003070235252380371,-0.0009388802573084831,0.006265455856919289,0.7212461829185486,-0.6926497220993042,-1.6112791010241119,-4.6205573081970215,1.71396803855896,1.3034964799880981,3.2166523933410645,-1.247174620628357,-1.3034964799880981
126.41666666666667,3.7828118801116943,1.4882291555404663,-0.003048136830329895,-0.0010609785094857216,0.006020842120051384,0.7234371304512024,-0.6903631687164307,-1.6176095645949284,-4.5988287925720215,2.6900129318237305,1.3034964799880981,3.197849750518799,-2.6134185791015625,-1.3034964799880981
126.43333333333334,3.7828075885772705,1.4881924390792847,-0.003071106970310211,-0.0009097959846258163,0.006257617846131325,0.725507378578186,-0.6881853938102722,-1.6236225209470225,-4.5771002769470215,1.3752262592315674,1.3034964799880981,3.178720474243164,-1.2200065851211548,-1.3034964799880981
126.45,3.7828025817871094,1.488156795501709,-0.003048814833164215,-0.001019577495753765,0.0060289292596280575,0.7276796698570251,-0.6858898401260376,-1.629940265130983,-4.5553717613220215,2.9459924697875977,1.3034964799880981,3.1594109535217285,-4.058792591094971,-1.3034964799880981
126.46666666666667,3.782799005508423,1.4881205558776855,-0.0030718669295310974,-0.0008988277986645699,0.006225515156984329,0.7296743392944336,-0.6837660074234009,-1.6357705032143235,-4.5336432456970215,1.0610042810440063,1.3034964799880981,3.1408181190490723,-1.297148585319519,-1.3034964799880981
126.48333333333333,3.7827937602996826,1.488074779510498,-0.0030506476759910583,-0.0009796712547540665,0.006043063476681709,0.7318310737609863,-0.6814585328102112,-1.6420848248804603,-4.5119147300720215,1.5323134660720825,1.3034964799880981,3.1214427947998047,-3.3972256183624268,-1.3034964799880981
126.5,3.782787799835205,1.4880235195159912,-0.0030728355050086975,-0.0008539846166968346,0.006237533874809742,0.7338724136352539,-0.6792581081390381,-1.6480905392166714,-4.4901862144470215,1.9272642135620117,1.3034964799880981,3.1028635501861572,-1.2009307146072388,-1.3034964799880981
126.51666666666667,3.782780170440674,1.4879873991012573,-0.00305156409740448,-0.0009391754865646362,0.006047545932233334,0.7360069155693054,-0.6769464015960693,-1.6543810514271367,-4.4684576988220215,2.709350824356079,1.3034964799880981,3.0843164920806885,-1.8225204944610596,-1.3034964799880981
126.53333333333333,3.7827725410461426,1.4879494905471802,-0.0030732527375221252,-0.0007864637300372124,0.006270569749176502,0.7380630373954773,-0.6747021675109863,-1.6604715890313815,-4.4467291831970215,1.4866974353790283,1.3034964799880981,3.065030336380005,-1.2497639656066895,-1.3034964799880981
126.55,3.7827658653259277,1.4879150390625,-0.003050796687602997,-0.0008971281349658966,0.006044390611350536,0.7401884198188782,-0.6723717451095581,-1.6667767032434906,-4.4250006675720215,2.800236225128174,1.3034964799880981,3.046071767807007,-4.773434162139893,-1.3034964799880981
126.56666666666666,3.782762289047241,1.487876057624817,-0.0030743852257728577,-0.0007714172825217247,0.006240887101739645,0.7421279549598694,-0.6702287197113037,-1.6725602292939543,-4.4032721519470215,0.9702697992324829,1.3034964799880981,3.027621269226074,-1.3135836124420166,-1.3034964799880981
126.58333333333333,3.782754421234131,1.4878274202346802,-0.0030526667833328247,-0.0008567720651626587,0.006058527156710625,0.7442371845245361,-0.6678874492645264,-1.6788604131041291,-4.3815436363220215,1.2401838302612305,1.3034964799880981,3.008194923400879,-3.0366148948669434,-1.3034964799880981
126.6,3.7827460765838623,1.4877729415893555,-0.003075055778026581,-0.0007246294990181923,0.006257533561438322,0.7462508678436279,-0.6656348705291748,-1.6849058453109504,-4.3598151206970215,2.2206478118896484,1.3034964799880981,2.989712953567505,-1.2095675468444824,-1.3034964799880981
126.61666666666666,3.7827365398406982,1.4877341985702515,-0.0030541270971298218,-0.0008145561441779137,0.006065847352147102,0.7483449578285217,-0.6632815003395081,-1.691203802639296,-4.3380866050720215,2.370359420776367,1.3034964799880981,2.9708690643310547,-1.0919369459152222,-1.3034964799880981
126.63333333333334,3.7827258110046387,1.487694263458252,-0.0030750855803489685,-0.0006579365581274033,0.006281353533267975,0.7503955960273743,-0.6609588861465454,-1.697403674842111,-4.3163580894470215,2.3308286666870117,1.3034964799880981,2.9515810012817383,-1.2302777767181396,-1.3034964799880981
126.65,3.7827157974243164,1.4876604080200195,-0.003054887056350708,-0.0007717655971646309,0.006070881616324186,0.7524822354316711,-0.65858393907547,-1.7037233125410458,-4.2946295738220215,2.244713068008423,1.3034964799880981,2.9325928688049316,-1.0371836423873901,-1.3034964799880981
126.66666666666667,3.7827045917510986,1.4876214265823364,-0.0030759498476982117,-0.0006047990173101425,0.00629392871633172,0.7545278072357178,-0.6562376618385315,-1.7099523906718523,-4.2729010581970215,2.4125845432281494,1.3034964799880981,2.9132308959960938,-1.2530746459960938,-1.3034964799880981
126.68333333333334,3.782693862915039,1.487587571144104,-0.003055877983570099,-0.0007285811007022858,0.006073229014873505,0.7565992474555969,-0.6538501977920532,-1.7162709087100962,-4.2511725425720215,2.316962957382202,1.3034964799880981,2.8940675258636475,-0.8279097080230713,-1.3034964799880981
126.7,3.7826826572418213,1.4875527620315552,-0.0030767694115638733,-0.0006031692028045654,0.006258857436478138,0.7586380243301392,-0.6514819860458374,-1.722523429040368,-4.2294440269470215,2.491997480392456,1.3034964799880981,2.87477445602417,-1.2368956804275513,-1.3034964799880981
126.71666666666667,3.782670021057129,1.4875149726867676,-0.003058195114135742,-0.0006854087114334106,0.006087329238653183,0.760696530342102,-0.6490787863731384,-1.7288497936504164,-4.2077155113220215,2.3977692127227783,1.3034964799880981,2.85541033744812,-0.7164706587791443,-1.3034964799880981
126.73333333333333,3.782658576965332,1.4874839782714844,-0.0030771270394325256,-0.0006096083670854568,0.006218515336513519,0.7627251744270325,-0.6466925144195557,-1.7351156618993673,-4.1859869956970215,2.5546603202819824,1.3034964799880981,2.8361921310424805,-1.1292001008987427,-1.3034964799880981
126.75,3.782644271850586,1.4874414205551147,-0.0030626505613327026,-0.0006421543657779694,0.006112942472100258,0.7647867798805237,-0.6442540884017944,-1.7415005967958699,-4.1642584800720215,2.82128643989563,1.3034964799880981,2.816554069519043,-0.7750625014305115,-1.3034964799880981
126.76666666666667,3.782633066177368,1.4874166250228882,-0.0030749663710594177,-0.0006020050495862961,0.0061936937272548676,0.7668168544769287,-0.6418356895446777,-1.747816680255168,-4.1425299644470215,2.5923380851745605,1.3034964799880981,2.7972006797790527,-1.2367199659347534,-1.3034964799880981
126.78333333333333,3.782618522644043,1.487375259399414,-0.0030661001801490784,-0.0006097191944718361,0.006144125945866108,0.7688639760017395,-0.6393824219703674,-1.7542064286838688,-4.1208014488220215,2.6013104915618896,1.3034964799880981,2.77728009223938,-0.9609377384185791,-1.3034964799880981
126.8,3.7826087474823,1.4873507022857666,-0.003070823848247528,-0.0005921367555856705,0.006168988533318043,0.7708902359008789,-0.6369378566741943,-1.7605573110352173,-4.0990729331970215,2.767425537109375,1.3034964799880981,2.7583415508270264,-1.438649296760559,-1.3034964799880981
126.81666666666666,3.7825958728790283,1.487323522567749,-0.0030742883682250977,-0.0005532996729016304,0.00619136355817318,0.7729164958000183,-0.6344772577285767,-1.7669327301233653,-4.0773444175720215,2.245537757873535,1.3034964799880981,2.738176107406616,-1.0339847803115845,-1.3034964799880981
126.83333333333333,3.782583475112915,1.487287998199463,-0.0030641406774520874,-0.0005454421043395996,0.0061310394667088985,0.7749369740486145,-0.63200843334198,-1.7733124163049139,-4.0556159019470215,3.40958571434021,1.3034964799880981,2.719367027282715,-1.2327218055725098,-1.3034964799880981
126.85,3.7825708389282227,1.487268328666687,-0.0030785277485847473,-0.00044014211744070053,0.006253193132579327,0.7769109606742859,-0.6295791864395142,-1.7795746138223174,-4.0338873863220215,1.6992571353912354,1.3034964799880981,2.6993863582611084,-1.2670226097106934,-1.3034964799880981
126.86666666666666,3.782560110092163,1.487235188484192,-0.0030583664774894714,-0.0005039982497692108,0.006095841992646456,0.7789026498794556,-0.6271149516105652,-1.7859095468261954,-4.0121588706970215,2.9167897701263428,1.3034964799880981,2.6806464195251465,-2.5505921840667725,-1.3034964799880981
126.88333333333334,3.782548666000366,1.4871996641159058,-0.0030793845653533936,-0.00035376567393541336,0.006288872100412846,0.7807809710502625,-0.6247731447219849,-1.791916623490647,-3.9904303550720215,1.3117722272872925,1.3034964799880981,2.661519765853882,-1.2266944646835327,-1.3034964799880981
126.9,3.782536506652832,1.4871598482131958,-0.003057911992073059,-0.0004618540406227112,0.006092056632041931,0.7827433347702026,-0.6223146915435791,-1.7982051078720749,-3.9687018394470215,3.041053533554077,1.3034964799880981,2.64207124710083,-3.290329694747925,-1.3034964799880981
126.91666666666667,3.782524585723877,1.4871199131011963,-0.0030799657106399536,-0.0003256462514400482,0.006273603066802025,0.7845625281333923,-0.6200177669525146,-1.8040677621949859,-3.9469733238220215,1.189697504043579,1.3034964799880981,2.6235172748565674,-1.2523783445358276,-1.3034964799880981
126.93333333333334,3.78251051902771,1.487074375152588,-0.0030594170093536377,-0.00042046792805194855,0.006099977996200323,0.7865093946456909,-0.6175479888916016,-1.8103551778278721,-3.9252448081970215,1.7406268119812012,1.3034964799880981,2.6041598320007324,-3.1589889526367188,-1.3034964799880981
126.95,3.782493829727173,1.4870223999023438,-0.0030811280012130737,-0.0002823248505592346,0.006278877146542072,0.788354754447937,-0.6151888370513916,-1.8163482406843778,-3.9035162925720215,1.931264877319336,1.3034964799880981,2.585660696029663,-1.1778937578201294,-1.3034964799880981
126.96666666666667,3.782479763031006,1.486985206604004,-0.0030601248145103455,-0.00038014817982912064,0.0060997516848146915,0.7902801036834717,-0.6127152442932129,-1.8226149093414514,-3.8817877769470215,2.7251882553100586,1.3034964799880981,2.567270040512085,-2.4925503730773926,-1.3034964799880981
126.98333333333333,3.782466411590576,1.4869451522827148,-0.0030817911028862,-0.0002191709354519844,0.006300315260887146,0.7921132445335388,-0.6103415489196777,-1.828616175579985,-3.8600592613220215,1.2992844581604004,1.3034964799880981,2.5482568740844727,-1.2279001474380493,-1.3034964799880981
127.0,3.7824525833129883,1.4869050979614258,-0.00305967777967453,-0.0003374144434928894,0.0060957386158406734,0.7940247654914856,-0.6078548431396484,-1.8348865123604852,-3.8383307456970215,2.970057249069214,1.3034964799880981,2.5287275314331055,-2.962797164916992,-1.3034964799880981
127.01666666666667,3.782437324523926,1.4868632555007935,-0.0030820071697235107,-0.00019350647926330566,0.00628155842423439,0.7958077788352966,-0.605516791343689,-1.8407699635648258,-3.8166022300720215,1.2893095016479492,1.3034964799880981,2.5101823806762695,-1.224793791770935,-1.3034964799880981
127.03333333333333,3.782421588897705,1.4868193864822388,-0.0030613914132118225,-0.00029772985726594925,0.006103859283030033,0.7977067232131958,-0.6030144691467285,-1.8470497812042204,-3.7948737144470215,2.229344367980957,1.3034964799880981,2.490886688232422,-3.309739828109741,-1.3034964799880981
127.05,3.7824044227600098,1.4867719411849976,-0.003083065152168274,-0.0001574251800775528,0.00627739354968071,0.7994915843009949,-0.6006444692611694,-1.8529864303908299,-3.7731451988220215,1.5443733930587769,1.3034964799880981,2.47239351272583,-1.2319371700286865,-1.3034964799880981
127.06666666666666,3.782388925552368,1.4867312908172607,-0.003062225878238678,-0.00025743991136550903,0.006104429718106985,0.8013726472854614,-0.5981341600418091,-1.8592577422357242,-3.7514166831970215,3.001026153564453,1.3034964799880981,2.4536292552948,-4.506867408752441,-1.3034964799880981
127.08333333333333,3.7823760509490967,1.4866913557052612,-0.003083854913711548,-0.00012465286999940872,0.006268219090998173,0.8030976057052612,-0.5958143472671509,-1.8650418103676976,-3.7296881675720215,0.9949004054069519,1.3034964799880981,2.435255765914917,-1.326535940170288,-1.3034964799880981
127.1,3.782357931137085,1.4866414070129395,-0.003063187003135681,-0.00021552015095949173,0.006108852103352547,0.8049668073654175,-0.5932883620262146,-1.8713245602355233,-3.7079596519470215,1.2696983814239502,1.3034964799880981,2.415982484817505,-3.01277756690979,-1.3034964799880981
127.11666666666666,3.7823386192321777,1.4865869283676147,-0.003084816038608551,-7.481873035430908e-05,0.006282924674451351,0.8067520260810852,-0.590856671333313,-1.877360401585374,-3.6862311363220215,2.2507665157318115,1.3034964799880981,2.3976457118988037,-1.2481340169906616,-1.3034964799880981
127.13333333333334,3.7823190689086914,1.4865444898605347,-0.0030649304389953613,-0.00017178431153297424,0.006112072616815567,0.8086045980453491,-0.5883206129074097,-1.8836393353126153,-3.6645026206970215,2.4714913368225098,1.3034964799880981,2.378708600997925,-0.7741034626960754,-1.3034964799880981
127.15,3.782301664352417,1.4865093231201172,-0.003084719181060791,-4.8531219363212585e-05,0.006266458425670862,0.8104244470596313,-0.585809588432312,-1.8898439714427357,-3.6427741050720215,2.4445343017578125,1.3034964799880981,2.3597166538238525,-1.2011886835098267,-1.3034964799880981
127.16666666666667,3.7822818756103516,1.4864696264266968,-0.0030671879649162292,-0.0001291939988732338,0.0061220815405249596,0.8122787475585938,-0.5832372903823853,-1.8961840286036682,-3.6210455894470215,2.516896963119507,1.3034964799880981,2.340362787246704,-0.7212499976158142,-1.3034964799880981
127.18333333333334,3.782264471054077,1.4864388704299927,-0.0030851587653160095,-4.149414598941803e-05,0.006240439135581255,0.8140967488288879,-0.5806957483291626,-1.9024354856238697,-3.5993170738220215,2.5649378299713135,1.3034964799880981,2.3211796283721924,-1.1337847709655762,-1.3034964799880981
127.2,3.782242774963379,1.48639714717865,-0.0030706673860549927,-8.361134678125381e-05,0.006136855110526085,0.8159425854682922,-0.578100323677063,-1.908803810115043,-3.5775885581970215,2.8213512897491455,1.3034964799880981,2.301647424697876,-0.7715603709220886,-1.3034964799880981
127.21666666666667,3.782226324081421,1.4863725900650024,-0.0030831322073936462,-3.6660581827163696e-05,0.006214332301169634,0.8177593350410461,-0.5755267143249512,-1.915105430125958,-3.5558600425720215,2.614319086074829,1.3034964799880981,2.282362461090088,-1.206290364265442,-1.3034964799880981
127.23333333333333,3.7822041511535645,1.4863333702087402,-0.003074176609516144,-4.770420491695404e-05,0.006163591984659433,0.8195925951004028,-0.5729134678840637,-1.9214890701307696,-3.5341315269470215,2.6929068565368652,1.3034964799880981,2.262524127960205,-0.9296998977661133,-1.3034964799880981
127.25,3.7821896076202393,1.486310601234436,-0.0030791833996772766,-2.8084032237529755e-05,0.006190118379890919,0.8214049339294434,-0.5703117847442627,-1.9278309524700825,-3.5124030113220215,2.748657703399658,1.3034964799880981,2.2436163425445557,-1.5010157823562622,-1.3034964799880981
127.26666666666667,3.782172441482544,1.486283540725708,-0.003082454204559326,1.1907890439033508e-05,0.0062082321383059025,0.8232151865959167,-0.5676954388618469,-1.9341944654828085,-3.4906744956970215,2.14426589012146,1.3034964799880981,2.223483085632324,-1.067061185836792,-1.3034964799880981
127.28333333333333,3.782153367996216,1.48624849319458,-0.0030720606446266174,1.313723623752594e-05,0.006145244464278221,0.8250187635421753,-0.5650719404220581,-1.9405612009809154,-3.4689459800720215,3.4432687759399414,1.3034964799880981,2.204766273498535,-1.1829605102539062,-1.3034964799880981
127.3,3.782137393951416,1.486230731010437,-0.0030866265296936035,0.0001293681561946869,0.0062594423070549965,0.8267806768417358,-0.5624893307685852,-1.946815553738471,-3.4472174644470215,1.7358074188232422,1.3034964799880981,2.184847593307495,-1.2718979120254517,-1.3034964799880981
127.31666666666666,3.7821204662323,1.4861987829208374,-0.003066807985305786,5.105137825012207e-05,0.006108866073191166,0.8285588622093201,-0.5598686933517456,-1.9531477512811672,-3.4254889488220215,2.9521517753601074,1.3034964799880981,2.166140556335449,-2.216301918029785,-1.3034964799880981
127.33333333333333,3.782102584838867,1.4861648082733154,-0.003087446093559265,0.00022096093744039536,0.006289858371019363,0.8302432894706726,-0.5573655366897583,-1.9591847273853702,-3.4037604331970215,1.3849680423736572,1.3034964799880981,2.1469674110412598,-1.2339695692062378,-1.3034964799880981
127.35,3.7820839881896973,1.4861279726028442,-0.003066129982471466,9.393878281116486e-05,0.006101037375628948,0.8319929242134094,-0.5547526478767395,-1.9654712683458935,-3.3820319175720215,3.012472152709961,1.3034964799880981,2.127725124359131,-3.7143912315368652,-1.3034964799880981
127.36666666666666,3.782064914703369,1.4860897064208984,-0.0030882954597473145,0.0002438332885503769,0.006268111057579517,0.8336066603660583,-0.5523227453231812,-1.9713076769201898,-3.3603034019470215,1.1059980392456055,1.3034964799880981,2.1092419624328613,-1.2853455543518066,-1.3034964799880981
127.38333333333334,3.7820427417755127,1.4860446453094482,-0.0030677542090415955,0.00013595819473266602,0.006106224842369556,0.8353392481803894,-0.5497007966041565,-1.9775908321612523,-3.3385748863220215,1.4931410551071167,1.3034964799880981,2.0899221897125244,-3.063290596008301,-1.3034964799880981
127.4,3.782017469406128,1.4859933853149414,-0.0030893906950950623,0.000287727452814579,0.006273371167480946,0.8369868993759155,-0.5471867322921753,-1.9836051414853857,-3.3168463706970215,2.1125190258026123,1.3034964799880981,2.0715107917785645,-1.1939536333084106,-1.3034964799880981
127.41666666666667,3.7819957733154297,1.4859569072723389,-0.00306866317987442,0.00017595011740922928,0.006103381048887968,0.8387002944946289,-0.5445587635040283,-1.9898769861978212,-3.2951178550720215,2.5958614349365234,1.3034964799880981,2.0530827045440674,-1.4347317218780518,-1.3034964799880981
127.43333333333334,3.781972885131836,1.4859192371368408,-0.0030897408723831177,0.00036958884447813034,0.006296982988715172,0.8403613567352295,-0.541989803314209,-1.9959987558554593,-3.2733893394470215,1.7338128089904785,1.3034964799880981,2.033888578414917,-1.2493973970413208,-1.3034964799880981
127.45,3.781954288482666,1.4858880043029785,-0.00306827574968338,0.00021803658455610275,0.006094306707382202,0.8420607447624207,-0.5393480658531189,-2.002277914789128,-3.2516608238220215,2.662655830383301,1.3034964799880981,2.0153372287750244,-3.360595941543579,-1.3034964799880981
127.46666666666667,3.7819344997406006,1.4858492612838745,-0.003090672194957733,0.00040839333087205887,0.006288574542850256,0.8436487913131714,-0.5368584394454956,-2.00818719084815,-3.2299323081970215,1.1908944845199585,1.3034964799880981,1.9965754747390747,-1.2098321914672852,-1.3034964799880981
127.48333333333333,3.7819125652313232,1.4858096837997437,-0.0030688196420669556,0.000260375440120697,0.0060915276408195496,0.8453282117843628,-0.5342124700546265,-2.014452117715656,-3.2082037925720215,1.5459481477737427,1.3034964799880981,1.9767483472824097,-2.186980724334717,-1.3034964799880981
127.5,3.7818844318389893,1.4857571125030518,-0.0030916184186935425,0.0004328293725848198,0.006276819389313459,0.8469412922859192,-0.5316490530967712,-2.020512470603729,-3.1864752769470215,2.325207471847534,1.3034964799880981,1.9582762718200684,-1.1750867366790771,-1.3034964799880981
127.51666666666667,3.7818615436553955,1.4857226610183716,-0.0030701681971549988,0.0002995617687702179,0.006092446856200695,0.8486045002937317,-0.5289925932884216,-2.0267782206145197,-3.1647467613220215,2.406961441040039,1.3034964799880981,1.9397282600402832,-1.2741140127182007,-1.3034964799880981
127.53333333333333,3.78183650970459,1.4856843948364258,-0.003092251718044281,0.0005069784820079803,0.006293037906289101,0.8502272367477417,-0.5263779163360596,-2.0329361229025924,-3.1430182456970215,1.7824925184249878,1.3034964799880981,1.9204803705215454,-1.3118209838867188,-1.3034964799880981
127.55,3.7818174362182617,1.485654592514038,-0.003070056438446045,0.00034208130091428757,0.006083017215132713,0.8518763184547424,-0.5237075686454773,-2.039210056085317,-3.1212897300720215,2.567490816116333,1.3034964799880981,1.901977300643921,-1.911056637763977,-1.3034964799880981
127.56666666666666,3.781794309616089,1.4856168031692505,-0.003093518316745758,0.0005664024502038956,0.00629845168441534,0.8534605503082275,-0.5211189389228821,-2.0452833715215397,-3.0995612144470215,1.263048768043518,1.3034964799880981,1.882830262184143,-1.3131346702575684,-1.3034964799880981
127.58333333333333,3.7817747592926025,1.4855848550796509,-0.0030696094036102295,0.00038350094109773636,0.006072900258004665,0.8550937175750732,-0.5184376239776611,-2.051559038157281,-3.0778326988220215,2.784466505050659,1.3034964799880981,1.863631010055542,-3.9172630310058594,-1.3034964799880981
127.6,3.781752347946167,1.4855467081069946,-0.003093637526035309,0.0005627544596791267,0.00625917874276638,0.8565990924835205,-0.5159441232681274,-2.0573874090746975,-3.0561041831970215,1.0957787036895752,1.3034964799880981,1.8451683521270752,-1.2660999298095703,-1.3034964799880981
127.61666666666666,3.7817270755767822,1.4855051040649414,-0.0030722543597221375,0.0004250491037964821,0.006083489395678043,0.8582172989845276,-0.5132501125335693,-2.06367005847611,-3.0343756675720215,1.2202742099761963,1.3034964799880981,1.825688362121582,-2.8279569149017334,-1.3034964799880981
127.63333333333334,3.7816970348358154,1.4854544401168823,-0.003094598650932312,0.0005922950804233551,0.006253591738641262,0.8597639203071594,-0.5106529593467712,-2.0697185262300666,-3.0126471519470215,2.3096606731414795,1.3034964799880981,1.8072937726974487,-1.2030266523361206,-1.3034964799880981
127.65,3.7816712856292725,1.4854192733764648,-0.0030739381909370422,0.0004688398912549019,0.0060837361961603165,0.8613640069961548,-0.5079516768455505,-2.0759954309983124,-2.9909186363220215,2.45546817779541,1.3034964799880981,1.7884716987609863,-0.9030389189720154,-1.3034964799880981
127.66666666666667,3.7816450595855713,1.4853850603103638,-0.0030945241451263428,0.0006452221423387527,0.006252042017877102,0.8629327416419983,-0.5052796602249146,-2.082195117744409,-2.9691901206970215,2.494174003601074,1.3034964799880981,1.7693450450897217,-1.2533272504806519,-1.3034964799880981
127.68333333333334,3.781619071960449,1.4853510856628418,-0.003076203167438507,0.0005130041390657425,0.0060876524075865746,0.8645241856575012,-0.5025539994239807,-2.088505098829363,-2.9474616050720215,2.363205671310425,1.3034964799880981,1.7501147985458374,-0.7038929462432861,-1.3034964799880981
127.7,3.7815968990325928,1.4853242635726929,-0.0030951201915740967,0.0006176568567752838,0.006203515455126762,0.8660889267921448,-0.4998510479927063,-2.0947534192870103,-2.9257330894470215,2.5022308826446533,1.3034964799880981,1.731040120124817,-1.1882227659225464,-1.3034964799880981
127.71666666666667,3.7815682888031006,1.4852882623672485,-0.003080308437347412,0.0005603265017271042,0.006101374980062246,0.8676793575286865,-0.49708640575408936,-2.1011309066542365,-2.9040045738220215,2.8172667026519775,1.3034964799880981,1.7114391326904297,-0.7963646054267883,-1.3034964799880981
127.73333333333333,3.781548261642456,1.485267162322998,-0.0030929967761039734,0.0006141113117337227,0.006174921058118343,0.8692404627799988,-0.4943506419658661,-2.1074318423024105,-2.8822760581970215,2.6384990215301514,1.3034964799880981,1.6921464204788208,-1.2002358436584473,-1.3034964799880981
127.75,3.7815182209014893,1.4852327108383179,-0.0030838772654533386,0.0005992446094751358,0.0061231814324855804,0.8708163499832153,-0.49156999588012695,-2.113823525076178,-2.8605475425720215,2.7289106845855713,1.3034964799880981,1.6722997426986694,-0.923357367515564,-1.3034964799880981
127.76666666666667,3.7815001010894775,1.4852137565612793,-0.00308912992477417,0.0006210515275597572,0.006149992346763611,0.8723720908164978,-0.4888032376766205,-2.1201721686856634,-2.8388190269470215,2.7593038082122803,1.3034964799880981,1.653346061706543,-1.5424532890319824,-1.3034964799880981
127.78333333333333,3.7814786434173584,1.485190510749817,-0.0030923038721084595,0.000661604106426239,0.006163404323160648,0.8739229440689087,-0.48602497577667236,-2.1265363053284547,-2.8170905113220215,2.0522243976593018,1.3034964799880981,1.6331710815429688,-1.1090288162231445,-1.3034964799880981
127.8,3.7814531326293945,1.4851592779159546,-0.003081582486629486,0.0006557852029800415,0.0060981521382927895,0.8754667043685913,-0.4832395315170288,-2.132904858912867,-2.7953619956970215,3.479743003845215,1.3034964799880981,1.61445951461792,-1.1368099451065063,-1.3034964799880981
127.81666666666666,3.7814347743988037,1.485145926475525,-0.003096438944339752,0.0007814997807145119,0.006201231386512518,0.8769729137420654,-0.4804990887641907,-2.1391608407491813,-2.7736334800720215,1.7475758790969849,1.3034964799880981,1.5945172309875488,-1.2849767208099365,-1.3034964799880981
127.83333333333333,3.781412363052368,1.48511803150177,-0.0030768439173698425,0.0006911521777510643,0.006062443368136883,0.8784945607185364,-0.4777134656906128,-2.145507241008045,-2.7519049644470215,3.011043071746826,1.3034964799880981,1.575744390487671,-1.7668522596359253,-1.3034964799880981
127.85,3.781388521194458,1.485090732574463,-0.003097124397754669,0.0008792765438556671,0.006224561482667923,0.8799442648887634,-0.47503530979156494,-2.151600720632481,-2.7301764488220215,1.520070195198059,1.3034964799880981,1.5564072132110596,-1.2507530450820923,-1.3034964799880981
127.86666666666666,3.781364679336548,1.485061526298523,-0.003075994551181793,0.0007303263992071152,0.006047345697879791,0.8814395070075989,-0.47225773334503174,-2.1579070118388737,-2.7084479331970215,2.9402647018432617,1.3034964799880981,1.5375555753707886,-4.860383033752441,-1.3034964799880981
127.88333333333334,3.781341075897217,1.4850263595581055,-0.0030985474586486816,0.000894663855433464,0.0061964839696884155,0.8827962875366211,-0.4697142243385315,-2.1636750014563826,-2.6867194175720215,0.9385743737220764,1.3034964799880981,1.5192065238952637,-1.3478286266326904,-1.3034964799880981
127.9,3.7813093662261963,1.484984040260315,-0.0030775293707847595,0.000772855244576931,0.006048107519745827,0.8842712044715881,-0.46693381667137146,-2.1699675058712233,-2.6649909019470215,1.4530867338180542,1.3034964799880981,1.4999855756759644,-3.196854591369629,-1.3034964799880981
127.91666666666667,3.781275510787964,1.484939694404602,-0.0030991658568382263,0.0009409859776496887,0.0061994148418307304,0.8856697082519531,-0.46427327394485474,-2.175981488802239,-2.6432623863220215,2.117300033569336,1.3034964799880981,1.4815938472747803,-1.2392524480819702,-1.3034964799880981
127.93333333333334,3.78124737739563,1.4849073886871338,-0.0030789971351623535,0.0008145226165652275,0.006044778972864151,0.8871275782585144,-0.46148380637168884,-2.1822740665216784,-2.6215338706970215,2.508530855178833,1.3034964799880981,1.462846279144287,-1.2159593105316162,-1.3034964799880981
127.95,3.7812185287475586,1.4848768711090088,-0.0030992403626441956,0.001016588881611824,0.0062082367949187756,0.8885454535484314,-0.4587455093860626,-2.188444423674462,-2.5998053550720215,2.192734956741333,1.3034964799880981,1.4436107873916626,-1.224356770515442,-1.3034964799880981
127.96666666666667,3.7811942100524902,1.4848514795303345,-0.0030791759490966797,0.0008552251383662224,0.006034904159605503,0.8899898529052734,-0.45593947172164917,-2.194753468529011,-2.5780768394470215,2.3630621433258057,1.3034964799880981,1.424930214881897,-1.2104548215866089,-1.3034964799880981
127.98333333333333,3.781165838241577,1.4848214387893677,-0.003100164234638214,0.001081857830286026,0.006213748827576637,0.8913962841033936,-0.45318084955215454,-2.2009497678083387,-2.5563483238220215,2.1022069454193115,1.3034964799880981,1.4055677652359009,-1.2624908685684204,-1.3034964799880981
128.0,3.7811427116394043,1.4847975969314575,-0.003079146146774292,0.0008963830769062042,0.006022612098604441,0.8928232192993164,-0.4503661096096039,-2.2072582147507918,-2.5346198081970215,2.631232738494873,1.3034964799880981,1.3868639469146729,-1.11881422996521,-1.3034964799880981
128.01666666666668,3.781113862991333,1.4847676753997803,-0.0031014159321784973,0.0011437954381108284,0.006215712521225214,0.8942083716392517,-0.44760632514953613,-2.2134375493667857,-2.5128912925720215,1.6631494760513306,1.3034964799880981,1.3674408197402954,-1.354530930519104,-1.3034964799880981
128.03333333333333,3.7810916900634766,1.4847444295883179,-0.0030789896845817566,0.0009371880441904068,0.006008894648402929,0.8956157565116882,-0.4447869062423706,-2.2197364650614038,-2.4911627769470215,2.575471878051758,1.3034964799880981,1.3487812280654907,-1.8795253038406372,-1.3034964799880981
128.05,3.7810633182525635,1.4847136735916138,-0.0031024515628814697,0.0011870479211211205,0.006207867991179228,0.8969631195068359,-0.44206011295318604,-2.2258231284852283,-2.4694342613220215,1.3689889907836914,1.3034964799880981,1.3295576572418213,-1.2996736764907837,-1.3034964799880981
128.06666666666666,3.7810401916503906,1.4846888780593872,-0.0030787810683250427,0.000976872630417347,0.005997197702527046,0.8983540534973145,-0.4392300248146057,-2.2321265188278043,-2.4477057456970215,2.76564621925354,1.3034964799880981,1.3105636835098267,-4.726142406463623,-1.3034964799880981
128.08333333333334,3.7810146808624268,1.4846564531326294,-0.0031030401587486267,0.0011705029755830765,0.0061632003635168076,0.8996190428733826,-0.4366302490234375,-2.2379117462412332,-2.4259772300720215,0.9613341093063354,1.3034964799880981,1.2921326160430908,-1.3192522525787354,-1.3034964799880981
128.1,3.780982494354248,1.484619379043579,-0.003081314265727997,0.0010203784331679344,0.006003371439874172,0.9009920358657837,-0.4337928295135498,-2.2442136349820365,-2.4042487144470215,1.2352627515792847,1.3034964799880981,1.27274751663208,-3.1286988258361816,-1.3034964799880981
128.11666666666667,3.7809457778930664,1.484576940536499,-0.003103695809841156,0.0012042978778481483,0.0061574336141347885,0.9022957682609558,-0.4310716986656189,-2.250251000149475,-2.3825201988220215,2.1873230934143066,1.3034964799880981,1.2542933225631714,-1.2155287265777588,-1.3034964799880981
128.13333333333333,3.7809159755706787,1.4845489263534546,-0.0030829012393951416,0.0010613976046442986,0.005999122746288776,0.9036502838134766,-0.4282279312610626,-2.2565484598375445,-2.3607916831970215,2.473705768585205,1.3034964799880981,1.2355223894119263,-1.1853331327438354,-1.3034964799880981
128.15,3.7808854579925537,1.4845210313796997,-0.0031037405133247375,0.0012793364003300667,0.006162920966744423,0.9049680829048157,-0.4254329800605774,-2.262731627450379,-2.3390631675720215,2.098667621612549,1.3034964799880981,1.2161922454833984,-1.2477296590805054,-1.3034964799880981
128.16666666666666,3.7808613777160645,1.4844987392425537,-0.0030830278992652893,0.0011028079316020012,0.005987806245684624,0.9063078165054321,-0.4225741922855377,-2.269042863223371,-2.3173346519470215,2.648686408996582,1.3034964799880981,1.197481393814087,-1.095794439315796,-1.3034964799880981
128.18333333333334,3.7808313369750977,1.4844721555709839,-0.003104865550994873,0.001349390484392643,0.006167499348521233,0.9076083898544312,-0.419770210981369,-2.2752281858448247,-2.2956061363220215,1.7336689233779907,1.3034964799880981,1.1780176162719727,-1.3336989879608154,-1.3034964799880981
128.2,3.7808079719543457,1.4844509363174438,-0.0030828118324279785,0.0011423882097005844,0.005971395410597324,0.9089300036430359,-0.4169045090675354,-2.2815365732863193,-2.2738776206970215,2.5782382488250732,1.3034964799880981,1.1593070030212402,-1.4855449199676514,-1.3034964799880981
128.21666666666667,3.780777931213379,1.4844237565994263,-0.003105849027633667,0.0013996157795190811,0.006161408498883247,0.9102035760879517,-0.41411274671554565,-2.2876771217243745,-2.2521491050720215,1.5754895210266113,1.3034964799880981,1.1399457454681396,-1.3082969188690186,-1.3034964799880981
128.23333333333332,3.780754804611206,1.4844026565551758,-0.0030834004282951355,0.0011829119175672531,0.005961517337709665,0.9115080237388611,-0.41123735904693604,-2.2939886908282827,-2.2304205894470215,2.631892442703247,1.3034964799880981,1.1212297677993774,-3.3580634593963623,-1.3034964799880981
128.25,3.7807278633117676,1.4843741655349731,-0.003106236457824707,0.0014119651168584824,0.00613459013402462,0.9127207398414612,-0.40853533148765564,-2.29991531972839,-2.2086920738220215,1.229835033416748,1.3034964799880981,1.1023595333099365,-1.2227506637573242,-1.3034964799880981
128.26666666666668,3.780698537826538,1.4843467473983765,-0.0030841082334518433,0.0012235864996910095,0.005956112407147884,0.9140063524246216,-0.40565434098243713,-2.306222044536127,-2.1869635581970215,2.4212586879730225,1.3034964799880981,1.082784652709961,-3.2579708099365234,-1.3034964799880981
128.28333333333333,3.7806661128997803,1.4843149185180664,-0.00310681015253067,0.0014182813465595245,0.006106887944042683,0.9152029156684875,-0.4029446244239807,-2.312149220333077,-2.1652350425720215,1.3735361099243164,1.3034964799880981,1.0641487836837769,-1.2347415685653687,-1.3034964799880981
128.3,3.7806363105773926,1.4842873811721802,-0.0030856356024742126,0.0012637963518500328,0.0059519317001104355,0.9164692759513855,-0.4000587463378906,-2.3184495888611907,-2.1435065269470215,3.069138288497925,1.3034964799880981,1.0450851917266846,-4.213210105895996,-1.3034964799880981
128.31666666666666,3.7806103229522705,1.4842616319656372,-0.0031074881553649902,0.0014316942542791367,0.00608188146725297,0.9176264405250549,-0.39739471673965454,-2.3242609981868405,-2.1217780113220215,1.014011025428772,1.3034964799880981,1.0265529155731201,-1.3352724313735962,-1.3034964799880981
128.33333333333334,3.7805747985839844,1.4842281341552734,-0.0030870288610458374,0.0013047512620687485,0.005947777070105076,0.9188787937164307,-0.3944929242134094,-2.330579908137976,-2.1000494956970215,1.742978572845459,1.3034964799880981,1.0073728561401367,-3.7128376960754395,-1.3034964799880981
128.35,3.780538320541382,1.4841945171356201,-0.003108501434326172,0.001478530466556549,0.006076745223253965,0.9200513362884521,-0.3917478621006012,-2.336552401927222,-2.0783209800720215,1.660685658454895,1.3034964799880981,0.9888231754302979,-1.2759160995483398,-1.3034964799880981
128.36666666666667,3.7805075645446777,1.4841688871383667,-0.0030878260731697083,0.0013433219864964485,0.005936019122600555,0.9212828278541565,-0.3888454735279083,-2.3428557455030115,-2.0565924644470215,2.932213068008423,1.3034964799880981,0.9702793955802917,-3.093862295150757,-1.3034964799880981
128.38333333333333,3.7804808616638184,1.484144687652588,-0.0031085535883903503,0.001535113900899887,0.006073588039726019,0.9224309325218201,-0.3861110210418701,-2.3487897957571993,-2.0348639488220215,1.2323278188705444,1.3034964799880981,0.9513501524925232,-1.2395904064178467,-1.3034964799880981
128.4,3.780449628829956,1.4841175079345703,-0.0030876994132995605,0.0013835560530424118,0.005923477001488209,0.9236463904380798,-0.38319745659828186,-2.355101261128666,-2.0131354331970215,2.629753589630127,1.3034964799880981,0.9319702386856079,-3.6116108894348145,-1.3034964799880981
128.41666666666666,3.7804183959960938,1.4840905666351318,-0.003109484910964966,0.0015602977946400642,0.00605414155870676,0.9247703552246094,-0.3804742097854614,-2.3609959537837595,-1.9914084672927856,1.1970802545547485,1.3034964799880981,0.9133319854736328,-1.291860818862915,-1.3034964799880981
128.43333333333334,3.780385732650757,1.4840619564056396,-0.0030888691544532776,0.0014232909306883812,0.0059161316603422165,0.9259684085845947,-0.37755194306373596,-2.3673103546029948,-1.9696837663650513,2.8280789852142334,1.3034964799880981,0.8942263722419739,-4.076421737670898,-1.3034964799880981
128.45,3.780358076095581,1.4840373992919922,-0.0031102150678634644,0.0015881313011050224,0.006036547012627125,0.927067220211029,-0.37484312057495117,-2.3731591113423884,-1.947959065437317,1.0803089141845703,1.3034964799880981,0.8756614923477173,-1.3429697751998901,-1.3034964799880981
128.46666666666667,3.780322313308716,1.4840072393417358,-0.0030899569392204285,0.0014643827453255653,0.005908636376261711,0.9282495975494385,-0.3719077706336975,-2.379485956712473,-1.9262343645095825,2.2725231647491455,1.3034964799880981,0.8565935492515564,-4.107143402099609,-1.3034964799880981
128.48333333333332,3.780290126800537,1.4839797019958496,-0.0031111985445022583,0.001629275269806385,0.006026208400726318,0.9293426871299744,-0.36916568875312805,-2.3853923960776227,-1.9045096635818481,1.2470860481262207,1.3034964799880981,0.8380425572395325,-1.3441331386566162,-1.3034964799880981
128.5,3.7802557945251465,1.4839518070220947,-0.003090806305408478,0.0015046708285808563,0.005897838622331619,0.9305068254470825,-0.3662240505218506,-2.3917174827726284,-1.8827849626541138,3.26750111579895,1.3034964799880981,0.8192233443260193,-4.7215142250061035,-1.3034964799880981
128.51666666666668,3.7802298069000244,1.48392915725708,-0.0031116902828216553,0.0016541481018066406,0.006006120704114437,0.9315555095672607,-0.3635455369949341,-2.3974724621585235,-1.8610602617263794,0.9860370755195618,1.3034964799880981,0.8008443713188171,-1.3659780025482178,-1.3034964799880981
128.53333333333333,3.78019118309021,1.4838974475860596,-0.0030917003750801086,0.0015430506318807602,0.005889086052775383,0.9327033758163452,-0.3605930507183075,-2.403806213997119,-1.839335560798645,1.9930909872055054,1.3034964799880981,0.7818070650100708,-4.036745548248291,-1.3034964799880981
128.55,3.780156135559082,1.483869194984436,-0.0031126737594604492,0.0017063673585653305,0.0060021402314305305,0.9337697625160217,-0.35781973600387573,-2.4097509788758367,-1.8176108598709106,1.4100505113601685,1.3034964799880981,0.7632503509521484,-1.3392926454544067,-1.3034964799880981
128.56666666666666,3.7801222801208496,1.4838438034057617,-0.0030923858284950256,0.0015840036794543266,0.005876302719116211,0.934897780418396,-0.35486483573913574,-2.4160747399944444,-1.7958861589431763,3.191789150238037,1.3034964799880981,0.7446144223213196,-4.201060771942139,-1.3034964799880981
128.58333333333334,3.7800967693328857,1.4838231801986694,-0.0031128525733947754,0.0017447452992200851,0.005986398085951805,0.9359228014945984,-0.3521498441696167,-2.421881041757773,-1.774161458015442,1.0029146671295166,1.3034964799880981,0.7260299921035767,-1.3385677337646484,-1.3034964799880981
128.6,3.780059337615967,1.4837943315505981,-0.0030927807092666626,0.001622096635401249,0.00586437713354826,0.9370337128639221,-0.349185973405838,-2.428209566115146,-1.7524367570877075,1.900983452796936,1.3034964799880981,0.7068364024162292,-3.821549892425537,-1.3034964799880981
128.61666666666667,3.780022621154785,1.4837666749954224,-0.0031141340732574463,0.0017935121431946754,0.005980231799185276,0.938069224357605,-0.34639158844947815,-2.434172083929507,-1.7307120561599731,1.4836279153823853,1.3034964799880981,0.6882172226905823,-1.3078409433364868,-1.3034964799880981
128.63333333333333,3.779989719390869,1.4837437868118286,-0.0030934959650039673,0.001661079004406929,0.005850406363606453,0.9391604661941528,-0.3434247672557831,-2.4404921633885968,-1.7089873552322388,3.0655581951141357,1.3034964799880981,0.6695942282676697,-4.070311069488525,-1.3034964799880981
128.65,3.779963254928589,1.483723521232605,-0.0031143948435783386,0.0018306765705347061,0.005964189767837524,0.9401570558547974,-0.3406844735145569,-2.4463264275319307,-1.6872626543045044,1.0202274322509766,1.3034964799880981,0.6509117484092712,-1.3177485466003418,-1.3034964799880981
128.66666666666666,3.779926300048828,1.4836965799331665,-0.0030939653515815735,0.0017011240124702454,0.005838796496391296,0.9412311911582947,-0.3377080261707306,-2.4526528023799385,-1.66553795337677,1.8960223197937012,1.3034964799880981,0.6316133737564087,-3.6851580142974854,-1.3034964799880981
128.68333333333334,3.7798900604248047,1.4836703538894653,-0.0031155049800872803,0.00187692791223526,0.0059559401124715805,0.942234218120575,-0.33489638566970825,-2.458625682205062,-1.6438132524490356,1.5065340995788574,1.3034964799880981,0.6129480600357056,-1.2882282733917236,-1.3034964799880981
128.7,3.779857635498047,1.4836491346359253,-0.0030947476625442505,0.0017403773963451385,0.005825543310493231,0.9432891607284546,-0.3319164216518402,-2.4649458384245366,-1.6220885515213013,3.0177321434020996,1.3034964799880981,0.5943050384521484,-4.202542304992676,-1.3034964799880981
128.71666666666667,3.77983021736145,1.4836294651031494,-0.0031158924102783203,0.001910494640469551,0.005937721114605665,0.9442515969276428,-0.32916542887687683,-2.470777151453095,-1.600363850593567,1.003822684288025,1.3034964799880981,0.5756254196166992,-1.3206671476364136,-1.3034964799880981
128.73333333333332,3.7797930240631104,1.4836037158966064,-0.0030953139066696167,0.0017793253064155579,0.005813442170619965,0.9452895522117615,-0.326175719499588,-2.4771045741002715,-1.5786391496658325,1.8974666595458984,1.3034964799880981,0.5563048124313354,-3.6491265296936035,-1.3034964799880981
128.75,3.7797558307647705,1.4835786819458008,-0.003116913139820099,0.001956918276846409,0.005928804632276297,0.9462583661079407,-0.32335132360458374,-2.483078939816583,-1.5569144487380981,1.5112820863723755,1.3034964799880981,0.5376226902008057,-1.2864362001419067,-1.3034964799880981
128.76666666666668,3.779723882675171,1.4835584163665771,-0.0030961111187934875,0.0018186839297413826,0.0057999137789011,0.9472774863243103,-0.3203566074371338,-2.489403456074629,-1.5351897478103638,3.0091872215270996,1.3034964799880981,0.5189620852470398,-4.1606764793396,-1.3034964799880981
128.78333333333333,3.7796967029571533,1.4835397005081177,-0.003117308020591736,0.0019892342388629913,0.005910248961299658,0.9482073187828064,-0.3175906240940094,-2.4952419241488957,-1.5134650468826294,1.0087671279907227,1.3034964799880981,0.5002476572990417,-1.3187586069107056,-1.3034964799880981
128.8,3.7796595096588135,1.4835151433944702,-0.0030967146158218384,0.001857951283454895,0.005787531845271587,0.9492093324661255,-0.314586341381073,-2.501573803914288,-1.491740345954895,1.9478874206542969,1.3034964799880981,0.48091593384742737,-3.684870719909668,-1.3034964799880981
128.81666666666666,3.77962327003479,1.4834911823272705,-0.0031183063983917236,0.0020352015271782875,0.005900074727833271,0.9501429200172424,-0.31175243854522705,-2.5075438250020037,-1.4700156450271606,1.4579460620880127,1.3034964799880981,0.46221408247947693,-1.2930958271026611,-1.3034964799880981
128.83333333333334,3.779590606689453,1.4834717512130737,-0.003097549080848694,0.0018961727619171143,0.005773330107331276,0.9511259198188782,-0.30874308943748474,-2.51387305694392,-1.4482909440994263,3.0481979846954346,1.3034964799880981,0.44350871443748474,-4.515381813049316,-1.3034964799880981
128.85,3.7795639038085938,1.4834532737731934,-0.003118865191936493,0.0020631980150938034,0.00587901845574379,0.9520166516304016,-0.30598291754722595,-2.519676225860935,-1.426566243171692,0.97223961353302,1.3034964799880981,0.4249061048030853,-1.3453301191329956,-1.3034964799880981
128.86666666666667,3.7795250415802,1.4834284782409668,-0.0030983462929725647,0.0019356375560164452,0.005761764477938414,0.9529823660850525,-0.30296480655670166,-2.5260118522117594,-1.4048415422439575,2.017756462097168,1.3034964799880981,0.40567120909690857,-3.853705406188965,-1.3034964799880981
128.88333333333333,3.7794888019561768,1.4834065437316895,-0.003119751811027527,0.0021128179505467415,0.005869642831385136,0.9538789987564087,-0.3001265525817871,-2.531967283347812,-1.3831168413162231,1.3820003271102905,1.3034964799880981,0.38699671626091003,-1.3223021030426025,-1.3034964799880981
128.9,3.7794549465179443,1.4833873510360718,-0.003099188208580017,0.001973617821931839,0.005746984854340553,0.9548265337944031,-0.29710155725479126,-2.5383049345120683,-1.3613921403884888,3.151675224304199,1.3034964799880981,0.36825990676879883,-4.656850337982178,-1.3034964799880981
128.91666666666666,3.779428720474243,1.483370065689087,-0.0031202584505081177,0.0021366318687796593,0.005847450345754623,0.9556801319122314,-0.29434114694595337,-2.544085924388565,-1.3396674394607544,0.9698924422264099,1.3034964799880981,0.3497307300567627,-1.3629767894744873,-1.3034964799880981
128.93333333333334,3.779388666152954,1.4833463430404663,-0.0030999481678009033,0.0020128441974520683,0.005735233426094055,0.9566100835800171,-0.29130759835243225,-2.5504297047132014,-1.31794273853302,2.13797664642334,1.3034964799880981,0.33058086037635803,-4.064389228820801,-1.3034964799880981
128.95,3.7793545722961426,1.4833260774612427,-0.003121189773082733,0.002187831327319145,0.00583807285875082,0.9574688076972961,-0.2884693443775177,-2.556362703295568,-1.2962180376052856,1.2813884019851685,1.3034964799880981,0.3119288682937622,-1.3485206365585327,-1.3034964799880981
128.96666666666667,3.7793190479278564,1.4833065271377563,-0.003100760281085968,0.0020514708012342453,0.005719943903386593,0.9583806395530701,-0.285428524017334,-2.5627097006646653,-1.2744933366775513,3.2802858352661133,1.3034964799880981,0.29311686754226685,-5.011936187744141,-1.3034964799880981
128.98333333333332,3.7792932987213135,1.4832895994186401,-0.003121770918369293,0.0022072121500968933,0.005814093630760908,0.9591944217681885,-0.28267866373062134,-2.568447329954564,-1.252768635749817,0.9778686761856079,1.3034964799880981,0.2747254967689514,-1.3669188022613525,-1.3034964799880981
129.0,3.7792513370513916,1.4832661151885986,-0.003101654350757599,0.002089192159473896,0.0057080332189798355,0.9600890278816223,-0.27962827682495117,-2.5748032114090416,-1.2310439348220825,2.2011191844940186,1.3034964799880981,0.25568264722824097,-4.302894592285156,-1.3034964799880981
129.01666666666668,3.7792177200317383,1.48324716091156,-0.0031226351857185364,0.002258644439280033,0.005804689601063728,0.960910975933075,-0.2767876088619232,-2.5807199717770066,-1.2093192338943481,1.2227660417556763,1.3034964799880981,0.2370622158050537,-1.368866205215454,-1.3034964799880981
129.03333333333333,3.7791802883148193,1.4832278490066528,-0.003102317452430725,0.002127864398062229,0.005691299214959145,0.9617865681648254,-0.2737327218055725,-2.587073644448754,-1.1875945329666138,3.230201244354248,1.3034964799880981,0.21821732819080353,-4.974684238433838,-1.3034964799880981
129.05,3.779154062271118,1.483211636543274,-0.003123164176940918,0.002284260466694832,0.005782471038401127,0.9625678658485413,-0.27096933126449585,-2.5928191868287893,-1.1658698320388794,0.9871625304222107,1.3034964799880981,0.19981449842453003,-1.3657982349395752,-1.3034964799880981
129.06666666666666,3.779111862182617,1.483189344406128,-0.003103107213973999,0.0021658213809132576,0.0056784194894135,0.9634257555007935,-0.2679062485694885,-2.599179217641343,-1.144145131111145,2.2056779861450195,1.3034964799880981,0.18077358603477478,-4.358077526092529,-1.3034964799880981
129.08333333333334,3.779078245162964,1.4831711053848267,-0.003124043345451355,0.0023364564403891563,0.005772871896624565,0.9642124772071838,-0.2650574743747711,-2.6050923280173235,-1.1224204301834106,1.2095500230789185,1.3034964799880981,0.16215483844280243,-1.371027946472168,-1.3034964799880981
129.1,3.7790403366088867,1.483152985572815,-0.0031037181615829468,0.0022036926820874214,0.005660807713866234,0.9650508761405945,-0.2619919180870056,-2.6114465198585592,-1.1006957292556763,3.175081729888916,1.3034964799880981,0.14329352974891663,-4.967471122741699,-1.3034964799880981
129.11666666666667,3.779013156890869,1.4831377267837524,-0.0031245723366737366,0.0023628147318959236,0.005750898737460375,0.9657992720603943,-0.25921639800071716,-2.6171980312464256,-1.078971028327942,0.9868518710136414,1.3034964799880981,0.12487941235303879,-1.368826985359192,-1.3034964799880981
129.13333333333333,3.7789711952209473,1.483116626739502,-0.0031044483184814453,0.0022415928542613983,0.005647177807986736,0.9666198492050171,-0.2561427354812622,-2.6235587480645144,-1.0572463274002075,2.2143218517303467,1.3034964799880981,0.10582337528467178,-4.361278533935547,-1.3034964799880981
129.15,3.7789371013641357,1.4830994606018066,-0.0031254738569259644,0.0024159615859389305,0.0057401955127716064,0.96737140417099,-0.25328588485717773,-2.629469139025323,-1.0355216264724731,1.201454520225525,1.3034964799880981,0.08720056712627411,-1.3704460859298706,-1.3034964799880981
129.16666666666666,3.778899669647217,1.4830822944641113,-0.003105081617832184,0.0022794483229517937,0.00562911294400692,0.9681730270385742,-0.25020819902420044,-2.63582785746877,-1.0137969255447388,3.12087345123291,1.3034964799880981,0.06832017004489899,-4.972631454467773,-1.3034964799880981
129.18333333333334,3.7788727283477783,1.4830676317214966,-0.00312601774930954,0.0024415142834186554,0.005718058440834284,0.9688880443572998,-0.2474212646484375,-2.6415843695281054,-0.9920722246170044,0.9853836894035339,1.3034964799880981,0.04989542439579964,-1.3723117113113403,-1.3034964799880981
129.2,3.7788310050964355,1.4830478429794312,-0.0031058043241500854,0.0023172274231910706,0.00561493169516325,0.9696711897850037,-0.24433737993240356,-2.647945968188717,-0.97034752368927,2.226274251937866,1.3034964799880981,0.030824171379208565,-4.359131336212158,-1.3034964799880981
129.21666666666667,3.7787973880767822,1.4830318689346313,-0.003126859664916992,0.002494647167623043,0.005706428084522486,0.9703875780105591,-0.24147279560565948,-2.6538539148874762,-0.9486228227615356,1.1936919689178467,1.3034964799880981,0.012197557836771011,-1.3695231676101685,-1.3034964799880981
129.23333333333332,3.7787599563598633,1.4830158948898315,-0.003106452524662018,0.0023551462218165398,0.005596504546701908,0.9711517691612244,-0.23838457465171814,-2.660214522016262,-0.9268981218338013,3.0643532276153564,1.3034964799880981,-0.0067013041116297245,-4.976011753082275,-1.3034964799880981
129.25,3.7787320613861084,1.4830020666122437,-0.003127455711364746,0.0025202035903930664,0.005684101488441229,0.9718335270881653,-0.23558607697486877,-2.6659773945269856,-0.9051734209060669,0.9843829274177551,1.3034964799880981,-0.025136403739452362,-1.375742793083191,-1.3034964799880981
129.26666666666668,3.7786898612976074,1.4829833507537842,-0.003107205033302307,0.0023915739730000496,0.005581071600317955,0.9725790619850159,-0.23249328136444092,-2.6723383126230438,-0.8834487199783325,2.2263882160186768,1.3034964799880981,-0.04422454163432121,-4.351822376251221,-1.3034964799880981
129.28333333333333,3.778656244277954,1.4829680919647217,-0.0031282827258110046,0.0025719860568642616,0.005671421531587839,0.9732602834701538,-0.2296205759048462,-2.678245352270695,-0.8617240190505981,1.1907092332839966,1.3034964799880981,-0.06285464018583298,-1.3677247762680054,-1.3034964799880981
129.3,3.778618335723877,1.4829530715942383,-0.0031078606843948364,0.0024299761280417442,0.005562850274145603,0.9739871621131897,-0.22652210295200348,-2.684608510771257,-0.8399993181228638,3.035090208053589,1.3034964799880981,-0.08176658302545547,-4.986212253570557,-1.3034964799880981
129.31666666666666,3.778590202331543,1.4829394817352295,-0.003128916025161743,0.0025978581979870796,0.005648972000926733,0.9746350049972534,-0.22371408343315125,-2.690374235334373,-0.8182746171951294,0.9824087619781494,1.3034964799880981,-0.10020952671766281,-1.3784011602401733,-1.3034964799880981
129.33333333333334,3.778548002243042,1.4829223155975342,-0.0031085461378097534,0.0024667009711265564,0.005546777043491602,0.9753426313400269,-0.22061225771903992,-2.69673525580011,-0.796549916267395,2.2347164154052734,1.3034964799880981,-0.11930952221155167,-4.349671840667725,-1.3034964799880981
129.35,3.7785141468048096,1.482908010482788,-0.003129720687866211,0.002650436945259571,0.005635855253785849,0.975988507270813,-0.2177327573299408,-2.7026397147712506,-0.7748252153396606,1.1855329275131226,1.3034964799880981,-0.13794156908988953,-1.3666356801986694,-1.3034964799880981
129.36666666666667,3.7784762382507324,1.482893943786621,-0.0031092315912246704,0.0025047017261385918,0.00552804209291935,0.9766777157783508,-0.21462443470954895,-2.709005206692081,-0.7531005144119263,2.9757111072540283,1.3034964799880981,-0.15686969459056854,-4.9855804443359375,-1.3034964799880981
129.38333333333333,3.778446912765503,1.4828810691833496,-0.003130391240119934,0.002675841562449932,0.005612774286419153,0.9772920608520508,-0.2118052989244461,-2.714778046088928,-0.7313758134841919,0.9849571585655212,1.3034964799880981,-0.17531996965408325,-1.3794360160827637,-1.3034964799880981
129.4,3.778404712677002,1.4828652143478394,-0.0031099840998649597,0.0025418736040592194,0.005511590279638767,0.9779619574546814,-0.20869478583335876,-2.7211397625340314,-0.7096511125564575,2.242239475250244,1.3034964799880981,-0.19442684948444366,-4.363376617431641,-1.3034964799880981
129.41666666666666,3.7783706188201904,1.4828519821166992,-0.0031311437487602234,0.0027279937639832497,0.005598841700702906,0.9785723090171814,-0.20580895245075226,-2.727041440993759,-0.6879264116287231,1.1789515018463135,1.3034964799880981,-0.21305841207504272,-1.3658740520477295,-1.3034964799880981
129.43333333333334,3.7783327102661133,1.48283851146698,-0.003110647201538086,0.002577260136604309,0.005491979420185089,0.9792238473892212,-0.2026914358139038,-2.733409074614767,-0.6662017107009888,2.914858341217041,1.3034964799880981,-0.23200301826000214,-4.975291728973389,-1.3034964799880981
129.45,3.778303384780884,1.4828262329101562,-0.0031318441033363342,0.002753893844783306,0.005576034542173147,0.9798042178153992,-0.19986215233802795,-2.7391876828783444,-0.6444770097732544,0.9909862875938416,1.3034964799880981,-0.2504596710205078,-1.3783446550369263,-1.3034964799880981
129.46666666666667,3.77826189994812,1.482811689376831,-0.003111317753791809,0.0026145651936531067,0.005474731791764498,0.9804363250732422,-0.19674275815486908,-2.7455512860655698,-0.62275230884552,2.22017765045166,1.3034964799880981,-0.2695728540420532,-4.384934902191162,-1.3034964799880981
129.48333333333332,3.7782270908355713,1.4827991724014282,-0.0031326264142990112,0.0028053876012563705,0.005560947582125664,0.9810113906860352,-0.19385004043579102,-2.751452363940807,-0.6010276079177856,1.1793526411056519,1.3034964799880981,-0.28820154070854187,-1.364785075187683,-1.3034964799880981
129.5,3.7781894207000732,1.4827872514724731,-0.00311201810836792,0.0026522260159254074,0.005455288104712963,0.9816248416900635,-0.19072410464286804,-2.7578212606359225,-0.5793029069900513,2.901263475418091,1.3034964799880981,-0.30715131759643555,-4.98199987411499,-1.3034964799880981
129.51666666666668,3.7781596183776855,1.4827756881713867,-0.0031333118677139282,0.002829817123711109,0.00553770549595356,0.982170820236206,-0.1878877729177475,-2.7636004021126936,-0.5575782060623169,0.9917404651641846,1.3034964799880981,-0.32561081647872925,-1.3769973516464233,-1.3034964799880981
129.53333333333333,3.7781169414520264,1.482762098312378,-0.003112703561782837,0.002688084729015827,0.0054373973980546,0.9827647805213928,-0.1847604513168335,-2.7699647698053593,-0.5358535051345825,2.2038540840148926,1.3034964799880981,-0.3447301387786865,-4.388906478881836,-1.3034964799880981
129.55,3.778083324432373,1.4827505350112915,-0.0031340941786766052,0.002881063148379326,0.005521788261830807,0.9833046197891235,-0.1818605363368988,-2.775866721303541,-0.5141288042068481,1.181854248046875,1.3034964799880981,-0.3633613884449005,-1.3632118701934814,-1.3034964799880981
129.56666666666666,3.7780449390411377,1.4827396869659424,-0.003113389015197754,0.0027244174852967262,0.0054171886295080185,0.9838798642158508,-0.17872756719589233,-2.78223517766734,-0.49240410327911377,2.89320969581604,1.3034964799880981,-0.3823152482509613,-4.988850116729736,-1.3034964799880981
129.58333333333334,3.778014898300171,1.4827287197113037,-0.0031347721815109253,0.002906154841184616,0.005498278886079788,0.9843908548355103,-0.1758858561515808,-2.7880120367508194,-0.4706794023513794,0.9928853511810303,1.3034964799880981,-0.4007736146450043,-1.3755552768707275,-1.3034964799880981
129.6,3.777972459793091,1.48271644115448,-0.0031140893697738647,0.002760995179414749,0.00539920199662447,0.9849467277526855,-0.17275141179561615,-2.794376708003379,-0.448954701423645,2.1765410900115967,1.3034964799880981,-0.41989850997924805,-4.3904876708984375,-1.3034964799880981
129.61666666666667,3.777937412261963,1.4827054738998413,-0.0031355097889900208,0.0029578199610114098,0.0054821292869746685,0.9854511618614197,-0.16984447836875916,-2.800279923767414,-0.42723000049591064,1.1886181831359863,1.3034964799880981,-0.4385300576686859,-1.361467719078064,-1.3034964799880981
129.63333333333333,3.7778995037078857,1.4826955795288086,-0.003114759922027588,0.002797195687890053,0.005378581117838621,0.985988199710846,-0.16670481860637665,-2.806648241119832,-0.40550529956817627,2.893187999725342,1.3034964799880981,-0.4574834406375885,-5.001186370849609,-1.3034964799880981
129.65,3.7778687477111816,1.4826853275299072,-0.0031362101435661316,0.0029820790514349937,0.005458150990307331,0.9864643216133118,-0.16385821998119354,-2.812422867168387,-0.3837805986404419,0.993186354637146,1.3034964799880981,-0.4759369492530823,-1.3738354444503784,-1.3034964799880981
129.66666666666666,3.7778263092041016,1.4826741218566895,-0.0031154602766036987,0.0028326651081442833,0.005359896458685398,0.9869818687438965,-0.16071704030036926,-2.818787812668128,-0.3620558977127075,2.1486847400665283,1.3034964799880981,-0.49507224559783936,-4.374565124511719,-1.3034964799880981
129.68333333333334,3.7777912616729736,1.482663869857788,-0.003136955201625824,0.003032558597624302,0.005441240966320038,0.9874511361122131,-0.1578025072813034,-2.8246944978210875,-0.34033119678497314,1.1989351511001587,1.3034964799880981,-0.5137093663215637,-1.3590646982192993,-1.3034964799880981
129.7,3.7777531147003174,1.4826550483703613,-0.0031161755323410034,0.0028701871633529663,0.005338997580111027,0.9879496693611145,-0.15465673804283142,-2.831062274033614,-0.31860649585723877,2.9321858882904053,1.3034964799880981,-0.5326590538024902,-5.017433166503906,-1.3034964799880981
129.71666666666667,3.7777233123779297,1.4826455116271973,-0.00313761830329895,0.0030556386336684227,0.005416569299995899,0.9883904457092285,-0.15180768072605133,-2.8368304690713884,-0.2968817949295044,0.9901378154754639,1.3034964799880981,-0.5511090159416199,-1.3723835945129395,-1.3034964799880981
129.73333333333332,3.7776801586151123,1.4826350212097168,-0.0031168535351753235,0.0029038656502962112,0.005319938063621521,0.9888695478439331,-0.14866094291210175,-2.8431943512744855,-0.27515709400177,2.127819061279297,1.3034964799880981,-0.5702551603317261,-4.342809677124023,-1.3034964799880981
129.75,3.777644634246826,1.4826258420944214,-0.003138400614261627,0.003107280470430851,0.005399078130722046,0.989303469657898,-0.145738422870636,-2.8491059742051412,-0.25343239307403564,1.2110304832458496,1.2491841316223145,-0.5889007449150085,-1.3565936088562012,-1.2491841316223145
129.76666666666668,3.7776131629943848,1.4826196432113647,-0.0031184330582618713,0.00294290017336607,0.005303055979311466,0.9897483587265015,-0.14269331097602844,-2.855258698471493,-0.2326127290725708,2.545924663543701,1.1948717832565308,-0.6072492003440857,-4.558450222015381,-1.1948717832565308
129.78333333333333,3.777583122253418,1.482611894607544,-0.0031395256519317627,0.0031229760497808456,0.005376206710934639,0.9901304244995117,-0.14001092314720154,-2.8606798567287397,-0.2126981019973755,0.9724724292755127,1.140559434890747,-0.6243953704833984,-1.3041003942489624,-1.140559434890747
129.8,3.777547597885132,1.4826046228408813,-0.0031196847558021545,0.0029763709753751755,0.005287499167025089,0.990521252155304,-0.1372251808643341,-2.8663039075103067,-0.1936889886856079,2.7187042236328125,1.140559434890747,-0.6410925984382629,-4.059083461761475,-1.140559434890747
129.81666666666666,3.7775120735168457,1.4825971126556396,-0.003139495849609375,0.0031720222905278206,0.005359280854463577,0.9908666610717773,-0.13470107316970825,-2.871401530074993,-0.17467987537384033,0.9649747014045715,1.0319347381591797,-0.6570131778717041,-1.2039011716842651,-1.0319347381591797
129.83333333333334,3.7774815559387207,1.4825913906097412,-0.003121420741081238,0.003009532578289509,0.005276189185678959,0.9912105202674866,-0.13215386867523193,-2.876540052039544,-0.15748083591461182,2.1608479022979736,0.977622389793396,-0.6723397374153137,-3.1853275299072266,-0.977622389793396
129.85,3.777445077896118,1.482584834098816,-0.003141067922115326,0.0031853895634412766,0.00534580834209919,0.9915065765380859,-0.1299070417881012,-2.88107472736338,-0.14118731021881104,1.4489731788635254,0.9233100414276123,-0.6862285733222961,-1.0476726293563843,-0.9233100414276123
129.86666666666667,3.777412176132202,1.4825794696807861,-0.00312197208404541,0.0030376408249139786,0.005257489159703255,0.99180006980896,-0.1276548206806183,-2.885615285234273,-0.12579882144927979,2.5492286682128906,0.8689976930618286,-0.6996603608131409,0.21366335451602936,-0.8689976930618286
129.88333333333333,3.7773916721343994,1.4825787544250488,-0.0031403154134750366,0.003252929076552391,0.005333682522177696,0.9920657277107239,-0.12556488811969757,-2.889831353524386,-0.11131560057401657,1.6080868244171143,0.8146852850914001,-0.7125338912010193,-0.8279807567596436,-0.8146852850914001
129.9,3.77736234664917,1.482574462890625,-0.0031230375170707703,0.0030627362430095673,0.005245058797299862,0.9923203587532043,-0.12354540824890137,-2.893899923780928,-0.09773742407560349,2.1104984283447266,0.8146852850914001,-0.7247239947319031,-0.2364848107099533,-0.8146852850914001
129.91666666666666,3.777331829071045,1.4825680255889893,-0.003147013485431671,0.0033464888110756874,0.005348189268261194,0.9925522208213806,-0.12165586650371552,-2.8977107245902025,-0.0841592475771904,1.2045336961746216,0.7060605883598328,-0.7365145087242126,-2.0868396759033203,-0.7060605883598328
129.93333333333334,3.7772982120513916,1.4825611114501953,-0.0031219124794006348,0.003081066533923149,0.0052145798690617085,0.9927578568458557,-0.11997869610786438,-2.9010867029889265,-0.07239162176847458,1.861473798751831,0.6517482399940491,-0.7463629245758057,0.12187136709690094,-0.6517482399940491
129.95,3.7772717475891113,1.4825571775436401,-0.003143787384033203,0.0032253311946988106,0.005304344464093447,0.9929468035697937,-0.11839848756790161,-2.904271780881184,-0.061529118567705154,1.7115038633346558,0.5974358916282654,-0.7559032440185547,-0.4500757157802582,-0.5974358916282654
129.96666666666667,3.777233123779297,1.4825512170791626,-0.0031279921531677246,0.0031156325712800026,0.005233947653323412,0.9931232333183289,-0.11691461503505707,-2.907258839864034,-0.051571816205978394,2.5085947513580322,0.5431235432624817,-0.7645178437232971,-0.10069575905799866,-0.5431235432624817
129.98333333333332,3.7772107124328613,1.4825469255447388,-0.003147020936012268,0.0033006975427269936,0.00531088188290596,0.993273138999939,-0.11562591791152954,-2.909855952898723,-0.04251977801322937,1.3306854963302612,0.488811194896698,-0.7725322842597961,-0.2185514271259308,-0.488811194896698
130.0,3.7771718502044678,1.482541799545288,-0.0031260699033737183,0.003125320188701153,0.005208087153732777,0.9934080243110657,-0.1144711971282959,-2.912178705938534,-0.03437289595603943,0.3429079055786133,0.488811194896698,-0.779008686542511,-1.0854895114898682,-0.488811194896698
130.01666666666668,3.7771294116973877,1.4825329780578613,-0.003146842122077942,0.0033667441457509995,0.005312231369316578,0.9935295581817627,-0.11339855194091797,-2.9143407053816017,-0.026226026937365532,1.2952772378921509,0.3801864683628082,-0.7852454781532288,-0.7076486945152283,-0.3801864683628082
130.03333333333333,3.7770943641662598,1.482529640197754,-0.003124803304672241,0.003131193108856678,0.0051989564672112465,0.99363112449646,-0.11251755058765411,-2.9161113577664617,-0.019889576360583305,0.265002965927124,0.32587411999702454,-0.790258526802063,-0.35047879815101624,-0.32587411999702454
130.05,3.7770614624023438,1.4825242757797241,-0.003146223723888397,0.00331697054207325,0.005295340437442064,0.9937134981155396,-0.11177808046340942,-2.917601936266994,-0.014458341524004936,0.4778924882411957,0.27156177163124084,-0.7944332957267761,-0.5045351386070251,-0.27156177163124084
130.06666666666666,3.777036428451538,1.482521653175354,-0.003122568130493164,0.0031298110261559486,0.005180486477911472,0.993773877620697,-0.11125072836875916,-2.918660901036437,-0.009932311251759529,0.7248875498771667,0.21724940836429596,-0.7972903847694397,-0.08472800999879837,-0.21724940836429596
130.08333333333334,3.7770049571990967,1.482517123222351,-0.0031447559595108032,0.003321218304336071,0.005282076075673103,0.9938280582427979,-0.1107553094625473,-2.9196602089034256,-0.0063114832155406475,0.85301673412323,0.16293705999851227,-0.799903154373169,-0.0031194756738841534,-0.16293705999851227
130.1,3.7769827842712402,1.4825114011764526,-0.003128737211227417,0.0031586652621626854,0.005189076531678438,0.9938628077507019,-0.11045216023921967,-2.9202682462153904,-0.0035958660300821066,0.42562946677207947,0.16293705999851227,-0.8014647364616394,0.2355487048625946,-0.16293705999851227
130.11666666666667,3.7769501209259033,1.4825084209442139,-0.003137551248073578,0.003178599290549755,0.005243321415036917,0.9939060211181641,-0.11005987226963043,-2.921058228714149,-0.0008802509400993586,1.5442173480987549,0.05431235209107399,-0.8033813238143921,0.28849828243255615,-0.05431235209107399
130.13333333333333,3.776951551437378,1.4825091361999512,-0.0031388327479362488,0.00318771880120039,0.005247888155281544,0.9939104318618774,-0.11001953482627869,-2.9211395038429515,2.495836997695733e-05,-0.09947538375854492,0.0,-0.8036985397338867,0.5183200836181641,0.0
130.15,3.7769479751586914,1.482509732246399,-0.003133527934551239,0.0031637726351618767,0.005217273719608784,0.9939092993736267,-0.11003239452838898,-2.921113243247579,2.4958106223493814e-05,0.44505253434181213,0.0,-0.8035380244255066,0.0745767205953598,0.0
130.16666666666666,3.776947259902954,1.4825114011764526,-0.003138713538646698,0.0031839655712246895,0.005247017368674278,0.993910551071167,-0.11001841723918915,-2.9211417018954773,2.4956876586657017e-05,0.13583064079284668,0.0,-0.8037160634994507,0.26832711696624756,0.0
130.18333333333334,3.7769436836242676,1.4825116395950317,-0.0031387358903884888,0.0031799152493476868,0.005250789690762758,0.9939087629318237,-0.11003507673740387,-2.92110821502916,2.495803164492827e-05,0.255325049161911,0.0,-0.8035584688186646,0.042986154556274414,0.0
130.2,3.7769558429718018,1.4825141429901123,-0.003138795495033264,0.003187148831784725,0.005250348709523678,0.9939181208610535,-0.10995076596736908,-2.9212779549132044,2.4956623747129925e-05,0.5840178728103638,0.0,-0.8044666647911072,0.3996782600879669,0.0
130.21666666666667,3.77695369720459,1.48251473903656,-0.003135398030281067,0.0031708432361483574,0.005224587395787239,0.9939162731170654,-0.10996858775615692,-2.9212417301641387,2.4957807909231633e-05,0.5171512961387634,0.0,-0.8043115139007568,0.23926234245300293,0.0
130.23333333333332,3.776960611343384,1.4825149774551392,-0.003139801323413849,0.003193022683262825,0.00525620486587286,0.9939194321632385,-0.10993729531764984,-2.9213050674057834,2.4957091227406636e-05,0.5863828063011169,0.0,-0.8046723008155823,0.41857844591140747,0.0
130.25,3.776958703994751,1.482515573501587,-0.0031349286437034607,0.0031710676848888397,0.005215071141719818,0.9939178824424744,-0.10995443165302277,-2.9212701435880897,2.495756052667275e-05,0.44853898882865906,0.0,-0.8045279383659363,0.21145984530448914,0.0
130.26666666666668,3.7769641876220703,1.482515573501587,-0.0031398311257362366,0.003193202428519726,0.00525602838024497,0.9939208626747131,-0.10992418229579926,-2.9213314405851043,2.4957234927569516e-05,0.5285322666168213,0.0,-0.8048684597015381,0.41533979773521423,0.0
130.28333333333333,3.7769625186920166,1.4825162887573242,-0.0031349211931228638,0.003171357326209545,0.0052148280665278435,0.9939194321632385,-0.10994112491607666,-2.921296970827302,2.495791886758525e-05,0.419394850730896,0.0,-0.8047103881835938,0.21193090081214905,0.0
130.3,3.7769665718078613,1.4825161695480347,-0.003139778971672058,0.0031933924183249474,0.005255824886262417,0.9939218163490295,-0.10991588234901428,-2.9213481649802966,2.495670378266368e-05,0.4931829869747162,0.0,-0.8049909472465515,0.4170109033584595,0.0
130.31666666666666,3.7769646644592285,1.4825166463851929,-0.003134980797767639,0.0031713182106614113,0.00521433912217617,0.9939203262329102,-0.10993237793445587,-2.921314517950415,2.495698026905302e-05,0.40395277738571167,0.0,-0.8048389554023743,0.21787665784358978,0.0
130.33333333333334,3.776968002319336,1.4825161695480347,-0.003139600157737732,0.0031920718029141426,0.005254883319139481,0.9939223527908325,-0.10991039872169495,-2.9213591296974992,2.4957409550552256e-05,0.4751747250556946,0.0,-0.8050481081008911,0.4199780821800232,0.0
130.35,3.776965618133545,1.4825167655944824,-0.0031350627541542053,0.003174126148223877,0.005214810837060213,0.9939208030700684,-0.10992759466171265,-2.9213241424195444,2.4954997570603155e-05,0.3838678002357483,0.0,-0.8049056529998779,0.2188728153705597,0.0
130.36666666666667,3.776968479156494,1.4825165271759033,-0.003139480948448181,0.003191734664142132,0.005254529416561127,0.9939227104187012,-0.10990802943706512,-2.921363952452028,2.4954391847131774e-05,0.501962423324585,0.0,-0.8050858974456787,0.42244812846183777,0.0
130.38333333333333,3.7769668102264404,1.482516884803772,-0.003134980797767639,0.003172454424202442,0.00521437544375658,0.993921160697937,-0.10992446541786194,-2.921330424979086,2.4952405510703102e-05,0.3982933759689331,0.0,-0.80494624376297,0.22038865089416504,0.0
130.4,3.7769689559936523,1.4825165271759033,-0.0031396225094795227,0.0031930413097143173,0.005255257710814476,0.9939229488372803,-0.10990574955940247,-2.921368552374615,2.4953853426268324e-05,0.4630453586578369,0.0,-0.805126965045929,0.41968435049057007,0.0
130.41666666666666,3.7769644260406494,1.4825165271759033,-0.0031350553035736084,0.0031719952821731567,0.005216559395194054,0.9939195513725281,-0.10993869602680206,-2.9213017856080516,2.4953817046480253e-05,0.33988067507743835,0.0,-0.8047881722450256,0.17986680567264557,0.0
130.43333333333334,3.7769691944122314,1.4825164079666138,-0.0031397268176078796,0.0031928671523928642,0.005255468189716339,0.9939229488372803,-0.10990644991397858,-2.9213671942550987,2.4953827960416675e-05,0.45473992824554443,0.0,-0.8051191568374634,0.41162624955177307,0.0
130.45,3.7769672870635986,1.482516884803772,-0.003135189414024353,0.0031724581494927406,0.005216059274971485,0.9939212203025818,-0.1099240630865097,-2.921331262576478,2.4953724278020673e-05,0.3608415126800537,0.0,-0.8049615621566772,0.21444344520568848,0.0
130.46666666666667,3.7769691944122314,1.482516884803772,-0.0031394585967063904,0.003190699964761734,0.005254246294498444,0.9939228892326355,-0.10990554094314575,-2.921368883128457,2.495507760613691e-05,0.4336036145687103,0.0,-0.8051297068595886,0.40929946303367615,0.0
130.48333333333332,3.7769649028778076,1.482516884803772,-0.0031352341175079346,0.003171936608850956,0.005217931233346462,0.9939195513725281,-0.10993842780590057,-2.9213023200691115,2.49552776949713e-05,0.3150102496147156,0.0,-0.8047963380813599,0.17740140855312347,0.0
130.5,3.7769694328308105,1.4825165271759033,-0.003139607608318329,0.0031908340752124786,0.005254540592432022,0.9939228892326355,-0.1099061369895935,-2.9213677314223174,2.4956951165222563e-05,0.44112130999565125,0.0,-0.805123507976532,0.4122520685195923,0.0
130.51666666666668,3.7769672870635986,1.482516884803772,-0.0031352564692497253,0.0031734127551317215,0.005216569639742374,0.9939212203025818,-0.10992331802845001,-2.9213327230993547,2.495643093425315e-05,0.3684913218021393,0.0,-0.8049716353416443,0.221115842461586,0.0
130.53333333333333,3.7769689559936523,1.4825164079666138,-0.0031394585967063904,0.0031903544440865517,0.005254470743238926,0.9939228296279907,-0.10990674793720245,-2.9213665015945613,2.495544686098583e-05,0.43285858631134033,0.0,-0.805122435092926,0.375887006521225,0.0
130.55,3.7769646644592285,1.4825164079666138,-0.0031353607773780823,0.0031700441613793373,0.005222095176577568,0.9939196705818176,-0.10993814468383789,-2.921302972759325,2.4956168999779038e-05,0.3094744384288788,0.0,-0.8048046827316284,0.1512475460767746,0.0
130.56666666666666,3.7769715785980225,1.4825170040130615,-0.003139793872833252,0.003193235956132412,0.005255312658846378,0.9939242601394653,-0.10989423096179962,-2.921391757411321,2.4954808395705186e-05,0.45292994379997253,0.0,-0.8052698969841003,0.40293097496032715,0.0
130.58333333333334,3.7769696712493896,1.4825176000595093,-0.0031351596117019653,0.0031716730445623398,0.005215730518102646,0.9939225912094116,-0.10991153120994568,-2.9213564580299893,2.4954741093097255e-05,0.37747684121131897,0.0,-0.8051155805587769,0.21896785497665405,0.0
130.6,3.7769718170166016,1.4825172424316406,-0.0031395331025123596,0.0031915195286273956,0.005254026036709547,0.9939243793487549,-0.10989318788051605,-2.9213938273164017,2.495509215805214e-05,0.4538011848926544,0.0,-0.8052889704704285,0.4070798456668854,0.0
130.61666666666667,3.776967763900757,1.4825170040130615,-0.0031351223587989807,0.003171103075146675,0.005217375233769417,0.9939209818840027,-0.10992544889450073,-2.921328418685434,2.4956711058621295e-05,0.3334938585758209,0.0,-0.8049636483192444,0.17799359560012817,0.0
130.63333333333333,3.7769718170166016,1.4825170040130615,-0.0031397417187690735,0.003193119540810585,0.005255384370684624,0.9939242601394653,-0.10989376902580261,-2.921392653104988,2.4954659238574095e-05,0.4346955716609955,0.0,-0.8052906394004822,0.4107031524181366,0.0
130.65,3.776970148086548,1.4825174808502197,-0.003135271370410919,0.003172416239976883,0.005216074641793966,0.9939226508140564,-0.10991129279136658,-2.9213569707828055,2.495572880434338e-05,0.368602454662323,0.0,-0.8051273226737976,0.22204923629760742,0.0
130.66666666666666,3.7769720554351807,1.4825170040130615,-0.0031395256519317627,0.0031908461824059486,0.005253980401903391,0.9939240217208862,-0.10989588499069214,-2.921388353919329,2.4955968910944648e-05,0.41574427485466003,0.0,-0.8052598237991333,0.3471788763999939,0.0
130.68333333333334,3.7769675254821777,1.4825173616409302,-0.003135465085506439,0.003170073963701725,0.00522529985755682,0.9939209222793579,-0.10992678999900818,-2.921325852844314,2.4957069399533793e-05,0.31701332330703735,0.0,-0.8049588203430176,0.14114516973495483,0.0
130.7,3.776975631713867,1.4825180768966675,-0.0031399130821228027,0.0031941281631588936,0.00525580532848835,0.9939262270927429,-0.10987585783004761,-2.921428700337202,2.4958670110208914e-05,0.4591868221759796,0.0,-0.8055114150047302,0.39998966455459595,0.0
130.71666666666667,3.7769734859466553,1.4825187921524048,-0.003135085105895996,0.00317247211933136,0.005215119570493698,0.9939246773719788,-0.10989291965961456,-2.921393928354681,2.4959559596027248e-05,0.38368329405784607,0.0,-0.8053612112998962,0.22376024723052979,0.0
130.73333333333332,3.776975393295288,1.482517957687378,-0.0031396225094795227,0.0031925328075885773,0.005254663527011871,0.9939262270927429,-0.10987626016139984,-2.9214278911230385,2.4959839720395394e-05,0.47747519612312317,0.0,-0.8055111169815063,0.3636215329170227,0.0
130.75,3.7769718170166016,1.482518196105957,-0.0031350627541542053,0.0031697917729616165,0.005221915431320667,0.9939230680465698,-0.10990679264068604,-2.921366009500367,2.496075103408657e-05,0.3454996943473816,0.0,-0.8052017688751221,0.15115709602832794,0.0
130.76666666666668,3.776979446411133,1.4825190305709839,-0.003140099346637726,0.003194141201674938,0.005256601609289646,0.9939278960227966,-0.10986098647117615,-2.9214586496316013,2.4960023438325152e-05,0.4510931372642517,0.0,-0.8057118058204651,0.4036043882369995,0.0
130.78333333333333,3.776977300643921,1.4825196266174316,-0.0031351223587989807,0.0031738514080643654,0.0052142636850476265,0.9939264059066772,-0.10987725853919983,-2.921425444663558,2.4960454538813792e-05,0.3552907407283783,0.0,-0.8055707216262817,0.22204571962356567,0.0
130.8,3.7769782543182373,1.4825186729431152,-0.0031394436955451965,0.003190471790730953,0.005253600422292948,0.993927538394928,-0.10986386239528656,-2.9214527666052805,2.4960303562693298e-05,0.46210888028144836,0.0,-0.8056768774986267,0.282421350479126,0.0
130.81666666666666,3.776974678039551,1.4825193881988525,-0.0031354352831840515,0.003168400377035141,0.005232753697782755,0.9939244985580444,-0.10989363491535187,-2.921392571986285,2.4960423615993932e-05,0.33402276039123535,0.0,-0.8054026365280151,0.10412679612636566,0.0
130.83333333333334,3.776987075805664,1.4825206995010376,-0.0031401440501213074,0.003194045275449753,0.005257131531834602,0.9939323663711548,-0.1098211407661438,-2.9215388754318496,2.496136585250497e-05,0.4732908010482788,0.0,-0.8062131404876709,0.4236743748188019,0.0
130.85,3.7769839763641357,1.4825210571289062,-0.003136470913887024,0.003177771344780922,0.0052196308970451355,0.9939306378364563,-0.10983839631080627,-2.921503699316149,2.4962149836937897e-05,0.0904032364487648,0.0,-0.8060500621795654,0.22979611158370972,0.0
130.86666666666667,3.7769861221313477,1.4825228452682495,-0.0031385794281959534,0.003188592381775379,0.0052473656833171844,0.993933916091919,-0.10980743169784546,-2.9215663220670267,2.496154047548771e-05,0.1741640716791153,0.0,-0.8063852190971375,0.2847190797328949,0.0
130.88333333333333,3.7769830226898193,1.482523798942566,-0.003135189414024353,0.0031707147136330605,0.005220300517976284,0.9939322471618652,-0.10982431471347809,-2.921532004323461,2.4962893803603947e-05,0.1961166113615036,0.0,-0.8062399625778198,0.10135816037654877,0.0
130.9,3.776991128921509,1.4825247526168823,-0.003138616681098938,0.0031876815482974052,0.005248039960861206,0.9939382672309875,-0.10976819694042206,-2.9216452788502782,2.4964550902950577e-05,0.44146913290023804,0.0,-0.8068170547485352,0.3831580877304077,0.0
130.91666666666666,3.7769880294799805,1.4825258255004883,-0.003134794533252716,0.0031723324209451675,0.005214340053498745,0.9939364790916443,-0.1097853034734726,-2.921610403778409,2.4962249881355092e-05,0.34897011518478394,0.0,-0.8066844344139099,0.18804673850536346,0.0
130.93333333333334,3.776993989944458,1.4825258255004883,-0.003138616681098938,0.00318829994648695,0.00524851493537426,0.9939402937889099,-0.1097499430179596,-2.921682027475957,2.4961584131233394e-05,0.5115299224853516,0.0,-0.8070332407951355,0.41647768020629883,0.0
130.95,3.776991844177246,1.482526183128357,-0.0031345710158348083,0.003172541968524456,0.00521157355979085,0.9939387440681458,-0.1097661554813385,-2.921649003493297,2.4961054805316962e-05,0.40009400248527527,0.0,-0.8069060444831848,0.21223950386047363,0.0
130.96666666666667,3.7769954204559326,1.4825263023376465,-0.0031386390328407288,0.0031887758523225784,0.005248712841421366,0.9939413070678711,-0.10974040627479553,-2.921701198129598,2.496101842552889e-05,0.5142043232917786,0.0,-0.8071640729904175,0.42021921277046204,0.0
130.98333333333332,3.7769935131073,1.4825270175933838,-0.003134392201900482,0.003170873038470745,0.005210149101912975,0.9939398169517517,-0.1097562164068222,-2.9216689542637866,2.496178785804659e-05,0.4446389675140381,0.0,-0.8070223927497864,0.2255750298500061,0.0
131.0,3.7769973278045654,1.4825265407562256,-0.0031388401985168457,0.0031896866858005524,0.00524944718927145,0.9939422607421875,-0.10973203182220459,-2.9217180852224347,2.4962979296105914e-05,0.5481071472167969,0.0,-0.8072726726531982,0.4195050597190857,0.0
131.01666666666668,3.7769956588745117,1.4825271368026733,-0.0031341835856437683,0.0031709186732769012,0.005209486000239849,0.9939407110214233,-0.10974828898906708,-2.9216849111771768,2.4963599571492523e-05,0.4432116746902466,0.0,-0.8071256279945374,0.2167881280183792,0.0
131.03333333333333,3.7769994735717773,1.4825271368026733,-0.0031388774514198303,0.0031895749270915985,0.005249411799013615,0.9939432740211487,-0.1097225546836853,-2.921737131776427,2.496480919944588e-05,0.5052137970924377,0.0,-0.8073951601982117,0.4178714454174042,0.0
131.05,3.7769973278045654,1.482527732849121,-0.003134295344352722,0.003171290270984173,0.005209690425544977,0.9939417839050293,-0.1097380518913269,-2.921705478460274,2.496436172805261e-05,0.43449121713638306,0.0,-0.807257890701294,0.22486186027526855,0.0
131.06666666666666,3.777000904083252,1.4825273752212524,-0.003138713538646698,0.003189466893672943,0.005249363370239735,0.9939439296722412,-0.10971622169017792,-2.9217498448292356,2.4965873308246955e-05,0.5476948618888855,0.0,-0.8074765205383301,0.4194696247577667,0.0
131.08333333333334,3.7769992351531982,1.4825280904769897,-0.003134123980998993,0.0031702853739261627,0.005208936054259539,0.9939424395561218,-0.10973180830478668,-2.9217180013248827,2.4966499040601775e-05,0.4282618463039398,0.0,-0.8073329329490662,0.21459533274173737,0.0
131.1,3.7770028114318848,1.482527732849121,-0.003138802945613861,0.003189791925251484,0.005249753128737211,0.9939448833465576,-0.10970784723758698,-2.9217667222847745,2.496646629879251e-05,0.5265979766845703,0.0,-0.8075887560844421,0.41997388005256653,0.0
131.11666666666667,3.777000665664673,1.4825284481048584,-0.0031342655420303345,0.0031710704788565636,0.0052092717960476875,0.9939433932304382,-0.10972414910793304,-2.9217334951112246,2.4966064302134328e-05,0.4271526038646698,0.0,-0.8074439764022827,0.22158506512641907,0.0
131.13333333333333,3.777003765106201,1.4825282096862793,-0.0031387358903884888,0.003190021961927414,0.005249685607850552,0.9939454793930054,-0.10970208048820496,-2.9217783011526763,2.4965949705801904e-05,0.5464968681335449,0.0,-0.8076605200767517,0.4196418523788452,0.0
131.15,3.7770018577575684,1.4825286865234375,-0.0031340569257736206,0.0031709372997283936,0.005209055729210377,0.9939441680908203,-0.10971738398075104,-2.9217471223264515,2.4967259378172457e-05,0.44868236780166626,0.0,-0.8075196743011475,0.22607696056365967,0.0
131.16666666666666,3.777005195617676,1.4825282096862793,-0.003138810396194458,0.0031903311610221863,0.005250068847090006,0.9939461946487427,-0.10969607532024384,-2.9217904260971133,2.4967910576378927e-05,0.5582032799720764,0.0,-0.8077421188354492,0.41771039366722107,0.0
131.18333333333334,3.7770040035247803,1.482528805732727,-0.0031339898705482483,0.003170817159116268,0.00520949624478817,0.9939446449279785,-0.10971233248710632,-2.921757237547222,2.496819433872588e-05,0.448320209980011,0.0,-0.8075945973396301,0.2214508354663849,0.0
131.2,3.7770066261291504,1.482528567314148,-0.0031388476490974426,0.003190593793988228,0.005250928923487663,0.9939467310905457,-0.10969097912311554,-2.921800675494139,2.496877459634561e-05,0.4952690601348877,0.0,-0.8078193664550781,0.4195154309272766,0.0
131.21666666666667,3.7770049571990967,1.4825294017791748,-0.0031341761350631714,0.003171131946146488,0.005208979360759258,0.9939452409744263,-0.10970723628997803,-2.9217675114841883,2.4971757738967426e-05,0.4212864339351654,0.0,-0.8076672554016113,0.2268022894859314,0.0
131.23333333333332,3.7770073413848877,1.482528567314148,-0.0031386837363243103,0.0031892741098999977,0.005249490961432457,0.9939468502998352,-0.10968969762325287,-2.921803210515407,2.4971650418592617e-05,0.520870566368103,0.0,-0.8078340291976929,0.37850141525268555,0.0
131.25,3.777003049850464,1.482528805732727,-0.0031340420246124268,0.003167971968650818,0.00521469209343195,0.9939436912536621,-0.10972005128860474,-2.921741666496363,2.4971905077109113e-05,0.3755377233028412,0.09324009716510773,-0.8075243234634399,0.1572990119457245,0.09324009716510773
131.26666666666668,3.776982307434082,1.482521891593933,-0.0031422972679138184,0.003222718834877014,0.005251742899417877,0.9939581751823425,-0.10958628356456757,-2.922011608603608,0.0015789737226441503,0.46297040581703186,0.18648019433021545,-0.8077520728111267,0.19112251698970795,0.18648019433021545
131.28333333333333,3.776885747909546,1.4824984073638916,-0.0031384453177452087,0.0031924862414598465,0.005254041403532028,0.9939802289009094,-0.10938674211502075,-2.922412872217274,0.004686976317316294,2.114056348800659,0.279720276594162,-0.8061712384223938,0.5269708633422852,0.279720276594162
131.3,3.7767508029937744,1.482470989227295,-0.003143310546875,0.003269883804023266,0.005260368809103966,0.9940010905265808,-0.10919484496116638,-2.922799691747268,0.00934898667037487,0.7900698781013489,0.279720276594162,-0.8037293553352356,0.45249873399734497,0.279720276594162
131.31666666666666,3.776604652404785,1.4824426174163818,-0.0031312033534049988,0.0031694332137703896,0.005217248573899269,0.9940137267112732,-0.1090836375951767,-2.9230222273826945,0.014010993763804436,1.3324050903320312,0.46620047092437744,-0.8001055717468262,0.19750699400901794,0.46620047092437744
131.33333333333334,3.77639102935791,1.4823977947235107,-0.003150038421154022,0.0032695047557353973,0.005304697901010513,0.9940229058265686,-0.10899361968040466,-2.923204870192394,0.02178099751472473,-0.7852189540863037,0.559440553188324,-0.7946716547012329,0.3732496500015259,0.559440553188324
131.35,3.7760822772979736,1.4823274612426758,-0.003138415515422821,0.003203079104423523,0.005230323411524296,0.9940364956855774,-0.1088750958442688,-2.9234422364434747,0.031105011701583862,-0.3446098864078522,0.6526806354522705,-0.7865686416625977,0.8052219152450562,0.6526806354522705
131.36666666666667,3.7757272720336914,1.4822516441345215,-0.003142915666103363,0.0032982509583234787,0.005257315933704376,0.9940523505210876,-0.1087253987789154,-2.923744346852334,0.0419829785823822,0.6959004998207092,0.7459207773208618,-0.7773326635360718,0.20388294756412506,0.7459207773208618
131.38333333333333,3.7753212451934814,1.4821652173995972,-0.003136269748210907,0.003189416602253914,0.005238080397248268,0.9940693974494934,-0.10857456922531128,-2.924046844097854,0.054414957761764526,0.41533902287483215,0.8391608595848083,-0.7667175531387329,0.5868844389915466,0.8391608595848083
131.4,3.774874448776245,1.4820655584335327,-0.003147326409816742,0.003290746361017227,0.0052907392382621765,0.9940820932388306,-0.10845226049423218,-2.924294107954184,0.06840100139379501,-0.10759376734495163,0.8391608595848083,-0.7546476125717163,0.4362374246120453,0.8391608595848083
131.41666666666666,3.774387836456299,1.4819597005844116,-0.003128133714199066,0.0031575439497828484,0.005215378478169441,0.9940996170043945,-0.10829947888851166,-2.9245998618517453,0.08238711208105087,1.6237400770187378,1.0256410837173462,-0.7417603135108948,0.9216970801353455,1.0256410837173462
131.43333333333334,3.773829936981201,1.4818353652954102,-0.003144688904285431,0.0035482067614793777,0.005292551126331091,0.9941161870956421,-0.10813112556934357,-2.924942293496148,0.09948122501373291,1.6379138231277466,1.118881106376648,-0.7269284129142761,0.7461428046226501,1.118881106376648
131.45,3.773202657699585,1.4816983938217163,-0.003127545118331909,0.003165286034345627,0.005189448595046997,0.9941462278366089,-0.10787093639373779,-2.9254618196804447,0.118129201233387,2.7292680740356445,1.2121212482452393,-0.7106968760490417,1.3170772790908813,1.2121212482452393
131.46666666666667,3.772522211074829,1.4815480709075928,-0.003146328032016754,0.003462720662355423,0.005283390171825886,0.9941596388816833,-0.10773390531539917,-2.925740634779753,0.13833127915859222,2.892940044403076,1.305361270904541,-0.6920769214630127,0.9444495439529419,1.305361270904541
131.48333333333332,3.7717928886413574,1.4813885688781738,-0.0031338781118392944,0.003185668960213661,0.005223860032856464,0.9941822290420532,-0.10753658413887024,-2.926134875666815,0.160087451338768,3.922010898590088,1.3986014127731323,-0.6725073456764221,1.4369094371795654,1.3986014127731323
131.5,3.7709977626800537,1.4812134504318237,-0.0031429827213287354,0.0034300358965992928,0.005264902021735907,0.9942041039466858,-0.10732491314411163,-2.9265630016559765,0.18339763581752777,2.492422342300415,1.3986014127731323,-0.6511281132698059,1.137454867362976,1.3986014127731323
131.51666666666668,3.770202875137329,1.4810419082641602,-0.003132939338684082,0.0031837979331612587,0.0052197640761733055,0.9942225217819214,-0.10716323554515839,-2.9268858444984933,0.20670782029628754,3.4243125915527344,1.3986014127731323,-0.6294627785682678,1.5045599937438965,1.3986014127731323
131.53333333333333,3.769400119781494,1.480865478515625,-0.0031447112560272217,0.0033187363296747208,0.005259500816464424,0.994242250919342,-0.10697446763515472,-2.9272669964790214,0.2300180047750473,2.729203701019287,1.3986014127731323,-0.6077421307563782,1.214678406715393,1.3986014127731323
131.55,3.768598794937134,1.4806928634643555,-0.0031355395913124084,0.0031949616968631744,0.005233604460954666,0.9942595958709717,-0.10681898891925812,-2.927578599669241,0.2533281147480011,3.8718276023864746,1.3986014127731323,-0.5858921408653259,1.4964475631713867,1.3986014127731323
131.56666666666666,3.7677977085113525,1.480517864227295,-0.0031434595584869385,0.003265327773988247,0.0052512288093566895,0.9942807555198669,-0.10661929845809937,-2.927981014956709,0.27663782238960266,2.872022867202759,1.3986014127731323,-0.5642544031143188,1.3734642267227173,1.3986014127731323
131.58333333333334,3.7669899463653564,1.4803436994552612,-0.0031373724341392517,0.0032032057642936707,0.005241546779870987,0.9942960143089294,-0.10647787153720856,-2.9282648152089847,0.2999475300312042,4.154160499572754,1.3986014127731323,-0.5421143770217896,1.5451974868774414,1.3986014127731323
131.6,3.7661807537078857,1.480167269706726,-0.0031410306692123413,0.003220544196665287,0.005248045548796654,0.9943172931671143,-0.1062789261341095,-2.928665224195763,0.3232572376728058,3.3995890617370605,1.3986014127731323,-0.5202745795249939,1.5152987241744995,1.3986014127731323
131.61666666666667,3.7653756141662598,1.4799941778182983,-0.003142520785331726,0.003213014453649521,0.0052573466673493385,0.9943329095840454,-0.10613197088241577,-2.928960781059867,0.34656694531440735,4.542361259460449,1.3986014127731323,-0.49821722507476807,1.5383503437042236,1.3986014127731323
131.63333333333333,3.7645602226257324,1.4798182249069214,-0.003137029707431793,0.0031985649839043617,0.0052308449521660805,0.994354784488678,-0.10592962801456451,-2.9293675216584516,0.3698766529560089,3.699070692062378,1.3986014127731323,-0.47627755999565125,1.519840121269226,1.3986014127731323
131.65,3.763758659362793,1.4796452522277832,-0.0031447559595108032,0.003230007365345955,0.0052619799971580505,0.9943689107894897,-0.10579411685466766,-2.9296405443857165,0.3931863605976105,4.5614423751831055,1.3986014127731323,-0.4542445242404938,1.5100618600845337,1.3986014127731323
131.66666666666666,3.7629449367523193,1.4794710874557495,-0.0031359344720840454,0.0031970497220754623,0.005222867242991924,0.9943908452987671,-0.10559037327766418,-2.9300497500086817,0.41649606823921204,3.5959296226501465,1.3986014127731323,-0.432311087846756,1.5317988395690918,1.3986014127731323
131.68333333333334,3.762141227722168,1.4792966842651367,-0.00314466655254364,0.0032311799004673958,0.005260735750198364,0.9944038987159729,-0.10546430945396423,-2.930303846197015,0.4398057758808136,4.535212516784668,1.3986014127731323,-0.41019049286842346,1.513994812965393,1.3986014127731323
131.7,3.7613284587860107,1.479123592376709,-0.0031356140971183777,0.0032029422000050545,0.005217378027737141,0.9944259524345398,-0.10525961220264435,-2.9307150127508637,0.46311548352241516,3.5380208492279053,1.3986014127731323,-0.3883088529109955,1.5028740167617798,1.3986014127731323
131.71666666666667,3.7605247497558594,1.478951334953308,-0.003143593668937683,0.003228084184229374,0.005255619063973427,0.994439959526062,-0.10512390732765198,-2.9309883869415496,0.4864251911640167,4.517942428588867,1.3986014127731323,-0.3662464916706085,1.5323995351791382,1.3986014127731323
131.73333333333332,3.7597107887268066,1.4787770509719849,-0.003138229250907898,0.0032164007425308228,0.005227783229202032,0.9944607019424438,-0.10492993891239166,-2.9313782284405754,0.5097349286079407,3.4810092449188232,1.3986014127731323,-0.3442763388156891,1.4860299825668335,1.3986014127731323
131.75,3.758906841278076,1.4786055088043213,-0.0031440630555152893,0.0032319771125912666,0.00525494571775198,0.9944748282432556,-0.1047934740781784,-2.9316529591623057,0.5330446362495422,4.4735026359558105,1.3986014127731323,-0.3222355842590332,1.522110104560852,1.3986014127731323
131.76666666666668,3.7580933570861816,1.4784328937530518,-0.0031361356377601624,0.0032067662104964256,0.005217327736318111,0.9944967031478882,-0.1045895516872406,-2.9320626562947445,0.5563543438911438,3.560631036758423,1.3986014127731323,-0.3003021478652954,1.5243406295776367,1.3986014127731323
131.78333333333333,3.7572877407073975,1.4782603979110718,-0.0031449496746063232,0.0032360730692744255,0.005257404875010252,0.9945095181465149,-0.10446314513683319,-2.9323172986152577,0.5796640515327454,4.568643569946289,1.3986014127731323,-0.278146356344223,1.5250773429870605,1.3986014127731323
131.8,3.7564735412597656,1.478088617324829,-0.003136381506919861,0.003208005800843239,0.005217183381319046,0.9945315718650818,-0.10425606369972229,-2.932733224549348,0.6029737591743469,3.6148152351379395,1.3986014127731323,-0.25625601410865784,1.5115652084350586,1.3986014127731323
131.81666666666666,3.755671501159668,1.477918028831482,-0.003144383430480957,0.0032367855310440063,0.005252977833151817,0.9945454597473145,-0.10412143170833588,-2.933004506187525,0.6262834668159485,4.509756565093994,1.3986014127731323,-0.23420971632003784,1.5284974575042725,1.3986014127731323
131.83333333333334,3.754857063293457,1.4777454137802124,-0.003138333559036255,0.0032223016023635864,0.005222899839282036,0.994566023349762,-0.10392649471759796,-2.933396149769196,0.64959317445755,3.494166851043701,1.3986014127731323,-0.21224121749401093,1.487480878829956,1.3986014127731323
131.85,3.7540528774261475,1.477575421333313,-0.003144584596157074,0.0032385997474193573,0.0052512334659695625,0.9945799112319946,-0.10379181802272797,-2.93366733030592,0.6729028820991516,4.482531547546387,1.3986014127731323,-0.19019268453121185,1.5274397134780884,1.3986014127731323
131.86666666666667,3.7532384395599365,1.4774045944213867,-0.0031365901231765747,0.0032118819653987885,0.005215231329202652,0.9946014881134033,-0.1035870760679245,-2.9340785241868432,0.6962125897407532,3.616853713989258,1.3986014127731323,-0.16824020445346832,1.5313434600830078,1.3986014127731323
131.88333333333333,3.7524335384368896,1.477233648300171,-0.00314495712518692,0.0032425327226519585,0.005251212045550346,0.9946144223213196,-0.10345976054668427,-2.934335033809873,0.7195222973823547,4.528504371643066,1.3986014127731323,-0.1461290568113327,1.51328444480896,1.3986014127731323
131.9,3.7516207695007324,1.4770640134811401,-0.0031364187598228455,0.0032169967889785767,0.005210769362747669,0.9946359992027283,-0.10325442254543304,-2.934747381211035,0.7428320050239563,3.536351203918457,1.3986014127731323,-0.12424367666244507,1.501898169517517,1.3986014127731323
131.91666666666666,3.7508156299591064,1.476894736289978,-0.0031439661979675293,0.0032389825209975243,0.005246850661933422,0.9946498274803162,-0.1031186580657959,-2.935020820465841,0.7661417126655579,4.50288200378418,1.3986014127731323,-0.10218653827905655,1.533160924911499,1.3986014127731323
131.93333333333334,3.7500014305114746,1.4767239093780518,-0.0031388625502586365,0.0032297736033797264,0.0052198199555277824,0.9946702122688293,-0.1029251366853714,-2.935409765090472,0.7894514203071594,3.4745311737060547,1.3986014127731323,-0.0802120491862297,1.484499216079712,1.3986014127731323
131.95,3.749196767807007,1.476555585861206,-0.00314456969499588,0.003244754858314991,0.005246230401098728,0.9946839213371277,-0.10278913378715515,-2.9356834405778347,0.812761127948761,4.466040134429932,1.3986014127731323,-0.05816877260804176,1.5245716571807861,1.3986014127731323
131.96666666666667,3.748382091522217,1.4763861894607544,-0.0031371265649795532,0.003219197504222393,0.005212657153606415,0.9947052597999573,-0.10258601605892181,-2.936091447358728,0.8360708355903625,3.591125965118408,1.3986014127731323,-0.036219920963048935,1.529713749885559,1.3986014127731323
131.98333333333332,3.747577428817749,1.4762171506881714,-0.0031451433897018433,0.0032514138147234917,0.005245552398264408,0.9947179555892944,-0.10245978832244873,-2.9363457292338038,0.8593805432319641,4.506242275238037,1.3986014127731323,-0.01410544104874134,1.514488935470581,1.3986014127731323
132.0,3.746762275695801,1.4760489463806152,-0.003136187791824341,0.0032168524339795113,0.005205451510846615,0.9947396516799927,-0.10225275158882141,-2.9367614538557723,0.8826902508735657,3.6456239223480225,1.3986014127731323,0.007804736960679293,1.5156296491622925,1.3986014127731323
132.01666666666668,3.7459590435028076,1.4758809804916382,-0.003145061433315277,0.003251904621720314,0.005245717242360115,0.9947527647018433,-0.10212093591690063,-2.9370269993655627,0.9059999585151672,4.505747318267822,1.3986014127731323,0.029851220548152924,1.532233476638794,1.3986014127731323
132.03333333333333,3.745143413543701,1.475711703300476,-0.003138795495033264,0.0032360507175326347,0.005214331205934286,0.9947729706764221,-0.10192672908306122,-2.9374171341548863,0.9293096661567688,3.479893684387207,1.3986014127731323,0.05182471126317978,1.4859144687652588,1.3986014127731323
132.05,3.7443387508392334,1.4755449295043945,-0.0031450167298316956,0.003251004032790661,0.005243427120149136,0.9947866797447205,-0.10179118812084198,-2.9376899944514405,0.9526193737983704,4.486847400665283,1.3986014127731323,0.07387027144432068,1.525741457939148,1.3986014127731323
132.06666666666666,3.7435245513916016,1.4753774404525757,-0.0031367912888526917,0.0032245442271232605,0.005204285029321909,0.994807779788971,-0.1015867292881012,-2.9381004836065907,0.9759290814399719,3.5640366077423096,1.3986014127731323,0.09580463916063309,1.524085283279419,1.3986014127731323
132.08333333333334,3.7427172660827637,1.4752097129821777,-0.003145568072795868,0.0032536908984184265,0.0052442653104662895,0.9948205351829529,-0.10145942866802216,-2.9383569875960296,0.9992387890815735,4.5721964836120605,1.3986014127731323,0.11794965714216232,1.5225175619125366,1.3986014127731323
132.1,3.7419028282165527,1.4750425815582275,-0.0031373873353004456,0.003228052519261837,0.005206167697906494,0.9948419332504272,-0.10125154256820679,-2.938774382876727,1.022550344467163,3.600654363632202,1.3986014127731323,0.13983628153800964,1.5093483924865723,1.3986014127731323
132.11666666666667,3.7410991191864014,1.474876880645752,-0.0031449273228645325,0.003257906995713711,0.00523799192160368,0.9948554635047913,-0.1011166125535965,-2.93904616261411,1.0458619594573975,4.478379249572754,1.3986014127731323,0.16187208890914917,1.5280311107635498,1.3986014127731323
132.13333333333333,3.7402827739715576,1.4747090339660645,-0.0031386688351631165,0.0032361606135964394,0.005209729075431824,0.9948756694793701,-0.1009199470281601,-2.939441141172966,1.0691735744476318,3.581190824508667,1.3986014127731323,0.18385744094848633,1.4997831583023071,1.3986014127731323
132.15,3.739478826522827,1.4745441675186157,-0.0031457841396331787,0.0032586045563220978,0.005240185186266899,0.9948887228965759,-0.1007881909608841,-2.9397063754776562,1.0924851894378662,4.4890971183776855,1.3986014127731323,0.20589911937713623,1.5287426710128784,1.3986014127731323
132.16666666666666,3.7386629581451416,1.4743783473968506,-0.003137238323688507,0.0032291002571582794,0.00520218163728714,0.9949098229408264,-0.10058325529098511,-2.9401178578700806,1.1157968044281006,3.6283702850341797,1.3986014127731323,0.22784751653671265,1.5315531492233276,1.3986014127731323
132.18333333333334,3.737856864929199,1.4742121696472168,-0.003145940601825714,0.0032638181000947952,0.005239908583462238,0.9949222803115845,-0.1004566103219986,-2.940372990005593,1.139108419418335,4.540458679199219,1.3986014127731323,0.24995408952236176,1.515427589416504,1.3986014127731323
132.2,3.7370431423187256,1.4740471839904785,-0.003137156367301941,0.0032350318506360054,0.0051981061697006226,0.9949434399604797,-0.10024957358837128,-2.940788599151865,1.1624200344085693,3.5325961112976074,1.3986014127731323,0.2718375623226166,1.501780390739441,1.3986014127731323
132.21666666666667,3.7362375259399414,1.473883032798767,-0.003144867718219757,0.003259195014834404,0.005234500393271446,0.9949566721916199,-0.10011492669582367,-2.94105969293483,1.1857316493988037,4.494878768920898,1.3986014127731323,0.2938949465751648,1.5344562530517578,1.3986014127731323
132.23333333333332,3.7354214191436768,1.4737170934677124,-0.0031395480036735535,0.003249330446124077,0.005207303911447525,0.9949764013290405,-0.09992091357707977,-2.9414494258422557,1.209043264389038,3.4897706508636475,1.3986014127731323,0.31586989760398865,1.4863526821136475,1.3986014127731323
132.25,3.7346174716949463,1.4735536575317383,-0.003145061433315277,0.0032633235678076744,0.00523054413497448,0.9949898719787598,-0.09978450834751129,-2.9417238671761985,1.2323548793792725,4.459123611450195,1.3986014127731323,0.33789873123168945,1.5206702947616577,1.3986014127731323
132.26666666666668,3.7338008880615234,1.4733893871307373,-0.0031373873353004456,0.0032351333647966385,0.005197627004235983,0.9950106143951416,-0.09958171844482422,-2.9421311002166757,1.2556664943695068,3.6468164920806885,1.3986014127731323,0.35987013578414917,1.5350732803344727,1.3986014127731323
132.28333333333333,3.732994318008423,1.4732247591018677,-0.0031461939215660095,0.0032701296731829643,0.005235594697296619,0.9950228929519653,-0.09945559501647949,-2.942385165590046,1.2789781093597412,4.533903121948242,1.3986014127731323,0.3819805383682251,1.5133991241455078,1.3986014127731323
132.3,3.732179880142212,1.4730616807937622,-0.003137454390525818,0.003241768106818199,0.0051941778510808945,0.9950438141822815,-0.09924869239330292,-2.942800462535258,1.3022897243499756,3.53200626373291,1.3986014127731323,0.40386447310447693,1.501484990119934,1.3986014127731323
132.31666666666666,3.731374740600586,1.4728986024856567,-0.0031450986862182617,0.0032665180042386055,0.005230179987847805,0.9950569868087769,-0.09911304712295532,-2.9430735252194196,1.32560133934021,4.5098395347595215,1.3986014127731323,0.4259207248687744,1.532187819480896,1.3986014127731323
132.33333333333334,3.730558156967163,1.4727343320846558,-0.0031398162245750427,0.0032551847398281097,0.005202685482800007,0.9950764775276184,-0.0989193320274353,-2.943462594443077,1.3489129543304443,3.4748871326446533,1.3986014127731323,0.447895348072052,1.4850103855133057,1.3986014127731323
132.35,3.729752779006958,1.4725724458694458,-0.0031458288431167603,0.0032706335186958313,0.005230391398072243,0.9950899481773376,-0.09878318011760712,-2.943736657957546,1.3722245693206787,4.479650974273682,1.3986014127731323,0.4699462354183197,1.5257748365402222,1.3986014127731323
132.36666666666667,3.728936195373535,1.4724098443984985,-0.003137946128845215,0.0032427413389086723,0.005194804631173611,0.995110273361206,-0.09858010709285736,-2.9441442517490732,1.395536184310913,3.6032931804656982,1.3986014127731323,0.49189335107803345,1.5311298370361328,1.3986014127731323
132.38333333333333,3.7281296253204346,1.4722470045089722,-0.0031463056802749634,0.0032764775678515434,0.005230696406215429,0.9951225519180298,-0.098453089594841,-2.944400078162667,1.4188477993011475,4.541633129119873,1.3986014127731323,0.5140056610107422,1.5112780332565308,1.3986014127731323
132.4,3.7273151874542236,1.4720853567123413,-0.0031375661492347717,0.0032479185611009598,0.005189101677387953,0.9951431751251221,-0.0982477068901062,-2.9448123115061806,1.4421594142913818,3.531130075454712,1.3986014127731323,0.5358874797821045,1.5020867586135864,1.3986014127731323
132.41666666666666,3.7265090942382812,1.4719241857528687,-0.0031452104449272156,0.00327245332300663,0.005225359462201595,0.9951562285423279,-0.09811164438724518,-2.945086173598312,1.4654710292816162,4.5031328201293945,1.3986014127731323,0.5579501390457153,1.533026933670044,1.3986014127731323
132.43333333333334,3.7256929874420166,1.4717615842819214,-0.0031401365995407104,0.0032620569691061974,0.005198548547923565,0.9951756596565247,-0.097917839884758,-2.9454754750236187,1.4887826442718506,3.4817087650299072,1.3986014127731323,0.579926609992981,1.4858314990997314,1.3986014127731323
132.45,3.724886655807495,1.4716012477874756,-0.003145836293697357,0.0032752882689237595,0.005224952939897776,0.9951887726783752,-0.09778191149234772,-2.945748910115309,1.512094259262085,4.463014125823975,1.3986014127731323,0.6019690036773682,1.5243911743164062,1.3986014127731323
132.46666666666667,3.7240707874298096,1.4714401960372925,-0.0031382963061332703,0.0032508326694369316,0.0051905568689107895,0.9952089190483093,-0.0975780189037323,-2.9461581274092588,1.5354058742523193,3.593540668487549,1.3986014127731323,0.6239213943481445,1.5293917655944824,1.3986014127731323
132.48333333333332,3.7232632637023926,1.4712790250778198,-0.003146521747112274,0.00328066386282444,0.0052261631935834885,0.9952212572097778,-0.09745045006275177,-2.946415072477231,1.5587174892425537,4.521525859832764,1.3986014127731323,0.6460424065589905,1.5153162479400635,1.3986014127731323
132.5,3.7224478721618652,1.4711188077926636,-0.0031380578875541687,0.003253818489611149,0.005186751484870911,0.9952417016029358,-0.09724418818950653,-2.9468290390716736,1.582029104232788,3.567286491394043,1.3986014127731323,0.6679310202598572,1.5063068866729736,1.3986014127731323
132.51666666666668,3.7216415405273438,1.4709594249725342,-0.003145657479763031,0.003279760479927063,0.0052217524498701096,0.9952546954154968,-0.09710836410522461,-2.947102456555299,1.6053407192230225,4.510249614715576,1.3986014127731323,0.689984917640686,1.530312180519104,1.3986014127731323
132.53333333333333,3.720824956893921,1.4707982540130615,-0.0031403303146362305,0.0032683564350008965,0.0051943520084023476,0.995273768901825,-0.09691451489925385,-2.9474916964178455,1.6286523342132568,3.474789619445801,1.3986014127731323,0.7119584083557129,1.4847944974899292,1.3986014127731323
132.55,3.7200183868408203,1.4706398248672485,-0.0031462013721466064,0.0032819192856550217,0.0052214208990335464,0.9952867031097412,-0.09677879512310028,-2.9477646848128383,1.6519639492034912,4.4717206954956055,1.3986014127731323,0.734005331993103,1.5261237621307373,1.3986014127731323
132.56666666666666,3.7192022800445557,1.47048020362854,-0.003138333559036255,0.0032569272443652153,0.00518482830375433,0.9953070878982544,-0.09657253324985504,-2.9481787191421156,1.6752755641937256,3.607719898223877,1.3986014127731323,0.7559382915496826,1.5277506113052368,1.3986014127731323
132.58333333333334,3.7183940410614014,1.470320701599121,-0.003147028386592865,0.0032875677570700645,0.00522338692098856,0.9953190088272095,-0.09644617140293121,-2.948433154560087,1.69858717918396,4.560342788696289,1.3986014127731323,0.7780737280845642,1.5217828750610352,1.3986014127731323
132.6,3.717578411102295,1.470162034034729,-0.0031382888555526733,0.0032583288848400116,0.005183003842830658,0.995339572429657,-0.09623792767524719,-2.9488511068648,1.7218987941741943,3.615671396255493,1.3986014127731323,0.7999646067619324,1.5111724138259888,1.3986014127731323
132.61666666666667,3.7167720794677734,1.4700045585632324,-0.0031462982296943665,0.0032882094383239746,0.005219004116952419,0.995352029800415,-0.09610532224178314,-2.9491180314616776,1.7452104091644287,4.483068466186523,1.3986014127731323,0.8220140933990479,1.533745288848877,1.3986014127731323
132.63333333333333,3.7159547805786133,1.469844937324524,-0.0031403154134750366,0.003271498717367649,0.005189534742385149,0.9953711628913879,-0.09590992331504822,-2.949510332611482,1.768522024154663,3.522998809814453,1.3986014127731323,0.843988835811615,1.4917585849761963,1.3986014127731323
132.65,3.7151482105255127,1.4696881771087646,-0.003146432340145111,0.0032911021262407303,0.005214979872107506,0.9953837990760803,-0.09577542543411255,-2.949780860586366,1.7918336391448975,4.464524269104004,1.3986014127731323,0.8660212159156799,1.5246608257293701,1.3986014127731323
132.66666666666666,3.7143306732177734,1.469530701637268,-0.0031382739543914795,0.003258701413869858,0.005180678330361843,0.9954039454460144,-0.0955682098865509,-2.9501966496615495,1.8151452541351318,3.6858291625976562,1.3986014127731323,0.8879954218864441,1.5374454259872437,1.3986014127731323
132.68333333333334,3.7135236263275146,1.4693727493286133,-0.0031471848487854004,0.003296559676527977,0.005218246951699257,0.9954159259796143,-0.09544125199317932,-2.950452396618748,1.8384568691253662,4.533901691436768,1.3986014127731323,0.9100784063339233,1.507306694984436,1.3986014127731323
132.7,3.712709426879883,1.4692163467407227,-0.0031381994485855103,0.0032696491107344627,0.0051734233275055885,0.9954360127449036,-0.09523454308509827,-2.9508671341371433,1.8617684841156006,3.474168539047241,1.3986014127731323,0.9319443702697754,1.491790771484375,1.3986014127731323
132.71666666666667,3.7119014263153076,1.469059944152832,-0.003145933151245117,0.003289971500635147,0.005213067401200533,0.9954488277435303,-0.09509767591953278,-2.9511425847187454,1.885080099105835,4.519886016845703,1.3986014127731323,0.9540215730667114,1.5368523597717285,1.3986014127731323
132.73333333333332,3.7110838890075684,1.4689019918441772,-0.003140874207019806,0.0032809190452098846,0.005186502821743488,0.995467483997345,-0.09490354359149933,-2.951532322159678,1.9083917140960693,3.490553855895996,1.3986014127731323,0.9759941697120667,1.487404704093933,1.3986014127731323
132.75,3.7102773189544678,1.4687466621398926,-0.003146730363368988,0.003295709379017353,0.0052128741517663,0.9954802989959717,-0.0947674959897995,-2.9518059943992547,1.9317033290863037,4.477006912231445,1.3986014127731323,0.9980396628379822,1.522200345993042,1.3986014127731323
132.76666666666668,3.7094597816467285,1.4685907363891602,-0.0031382590532302856,0.003267928957939148,0.005173163488507271,0.995499849319458,-0.09456408023834229,-2.9522140869808333,1.955014944076538,3.58756160736084,1.3986014127731323,1.0199767351150513,1.5285102128982544,1.3986014127731323
132.78333333333333,3.708650827407837,1.4684343338012695,-0.003147237002849579,0.0032974621281027794,0.005213896743953228,0.9955118298530579,-0.0944356918334961,-2.9524726271293464,1.9783265590667725,4.585122108459473,1.3986014127731323,1.0421128273010254,1.5151474475860596,1.3986014127731323
132.8,3.7078347206115723,1.4682793617248535,-0.003139108419418335,0.0032759467139840126,0.0051746126264333725,0.995531439781189,-0.09423056244850159,-2.952884198102384,2.0016379356384277,3.524907112121582,1.3986014127731323,1.0639915466308594,1.499814748764038,1.3986014127731323
132.81666666666666,3.7070279121398926,1.4681247472763062,-0.0031463056802749634,0.0032968400046229362,0.005208556540310383,0.9955441355705261,-0.09409366548061371,-2.95315963932167,2.0249457359313965,4.503191947937012,1.3986014127731323,1.0860501527786255,1.5307421684265137,1.3986014127731323
132.83333333333334,3.706209897994995,1.4679685831069946,-0.003141060471534729,0.0032859137281775475,0.005181821063160896,0.9955627918243408,-0.09389916062355042,-2.9535501580588948,2.0482535362243652,3.4981632232666016,1.3986014127731323,1.1080213785171509,1.4880708456039429,1.3986014127731323
132.85,3.7054030895233154,1.4678151607513428,-0.0031471699476242065,0.0033022789284586906,0.005209301598370075,0.9955754280090332,-0.09376363456249237,-2.9538227888931026,2.071561336517334,4.482990264892578,1.3986014127731323,1.1300688982009888,1.5245684385299683,1.3986014127731323
132.86666666666667,3.7045857906341553,1.4676605463027954,-0.003138914704322815,0.003275204449892044,0.0051715197041630745,0.9955950379371643,-0.09355787932872772,-2.9542355951045827,2.0948691368103027,3.618407726287842,1.3986014127731323,1.151997685432434,1.5290120840072632,1.3986014127731323
132.88333333333333,3.7037765979766846,1.4675060510635376,-0.003147810697555542,0.003307357430458069,0.005210653878748417,0.9956066012382507,-0.09343114495277405,-2.9544907253148387,2.1181769371032715,4.568810939788818,1.3986014127731323,1.1741260290145874,1.5190520286560059,1.3986014127731323
132.9,3.7029597759246826,1.4673525094985962,-0.0031391307711601257,0.0032788608223199844,0.005170635879039764,0.9956264495849609,-0.0932227075099945,-2.9549089000597797,2.1414847373962402,3.593257188796997,1.3986014127731323,1.19601309299469,1.5086458921432495,1.3986014127731323
132.91666666666666,3.7021539211273193,1.4671995639801025,-0.003146842122077942,0.0033074114471673965,0.005203630775213242,0.9956386089324951,-0.09308893978595734,-2.9551780400664365,2.164792537689209,4.481088638305664,1.3986014127731323,1.218050479888916,1.530115008354187,1.3986014127731323
132.93333333333334,3.701334238052368,1.4670449495315552,-0.0031407177448272705,0.0032872240990400314,0.005176207050681114,0.9956572651863098,-0.09289221465587616,-2.9555728741734204,2.1881003379821777,3.5885510444641113,1.3986014127731323,1.240040898323059,1.499915599822998,1.3986014127731323
132.95,3.7005276679992676,1.4668930768966675,-0.0031478777527809143,0.0033106673508882523,0.00520621333271265,0.9956693053245544,-0.09275968372821808,-2.955839462181222,2.2114081382751465,4.497412204742432,1.3986014127731323,1.2620774507522583,1.5264191627502441,1.3986014127731323
132.96666666666667,3.699709892272949,1.4667402505874634,-0.003139495849609375,0.003281567245721817,0.005169234238564968,0.9956889748573303,-0.09255354106426239,-2.9562531235029477,2.2347159385681152,3.615187406539917,1.3986014127731323,1.2840232849121094,1.5298017263412476,1.3986014127731323
132.98333333333332,3.698901653289795,1.4665874242782593,-0.003148280084133148,0.0033155949786305428,0.005206641275435686,0.9957002401351929,-0.09242872893810272,-2.9565043759819365,2.258023738861084,4.522902488708496,1.3986014127731323,1.3061463832855225,1.5227683782577515,1.3986014127731323
133.0,3.6980843544006348,1.4664356708526611,-0.003139004111289978,0.0032825972884893417,0.005164312198758125,0.9957196712493896,-0.09222054481506348,-2.9569218322591433,2.2813315391540527,3.6077795028686523,1.3986014127731323,1.328036904335022,1.5110580921173096,1.3986014127731323
133.01666666666668,3.697277069091797,1.4662840366363525,-0.003147535026073456,0.0033137034624814987,0.005203218199312687,0.995731770992279,-0.0920877456665039,-2.9571891806657535,2.3046393394470215,4.497891426086426,1.3986014127731323,1.3500868082046509,1.5351310968399048,1.3986014127731323
133.03333333333333,3.696458101272583,1.4661314487457275,-0.003141365945339203,0.0032979780808091164,0.0051724109798669815,0.9957500696182251,-0.09189240634441376,-2.9575811874408147,2.3279471397399902,3.5041701793670654,1.3986014127731323,1.3720574378967285,1.4886667728424072,1.3986014127731323
133.05,3.6956515312194824,1.4659806489944458,-0.0031475797295570374,0.0033155493438243866,0.0051985797472298145,0.995762288570404,-0.09175696969032288,-2.957853513051965,2.351254940032959,4.481405258178711,1.3986014127731323,1.3940989971160889,1.526822566986084,1.3986014127731323
133.06666666666666,3.694831132888794,1.4658292531967163,-0.003139123320579529,0.003283461555838585,0.005162903573364019,0.9957815408706665,-0.09155173599720001,-2.9582652239423863,2.3745627403259277,3.6988134384155273,1.3986014127731323,1.4160716533660889,1.5394773483276367,1.3986014127731323
133.08333333333334,3.694023370742798,1.4656777381896973,-0.00314880907535553,0.003323344513773918,0.005203306209295988,0.99579256772995,-0.09142866730690002,-2.958513068917679,2.3978705406188965,4.549554347991943,1.3986014127731323,1.4381756782531738,1.5145739316940308,1.3986014127731323
133.1,3.693207025527954,1.4655277729034424,-0.0031390413641929626,0.0032902108505368233,0.005157540552318096,0.9958118200302124,-0.09122161567211151,-2.958928249804601,2.4211783409118652,3.5366756916046143,1.3986014127731323,1.460055947303772,1.5028119087219238,1.3986014127731323
133.11666666666667,3.6923980712890625,1.4653782844543457,-0.0031469911336898804,0.0033160485327243805,0.005195030011236668,0.9958238005638123,-0.09108749032020569,-2.959198110604907,2.444486141204834,4.5020365715026855,1.3986014127731323,1.4821165800094604,1.5357890129089355,1.3986014127731323
133.13333333333333,3.6915791034698486,1.4652268886566162,-0.0031418874859809875,0.003306189551949501,0.0051690456457436085,0.9958416223526001,-0.09089386463165283,-2.9595866821026395,2.4677939414978027,3.4920425415039062,1.3986014127731323,1.5041011571884155,1.4867606163024902,1.3986014127731323
133.15,3.6907715797424316,1.465078353881836,-0.003147520124912262,0.003321148455142975,0.005193002056330442,0.995853841304779,-0.09075874090194702,-2.9598583953534847,2.4911017417907715,4.456025123596191,1.3986014127731323,1.5261343717575073,1.523393988609314,1.3986014127731323
133.16666666666666,3.6899514198303223,1.4649289846420288,-0.0031398534774780273,0.003292117267847061,0.0051605734042823315,0.9958726167678833,-0.09055368602275848,-2.9602696358536704,2.5144095420837402,3.670509099960327,1.3986014127731323,1.5481070280075073,1.5363402366638184,1.3986014127731323
133.18333333333334,3.6891438961029053,1.4647791385650635,-0.003148473799228668,0.003328685648739338,0.005196508951485157,0.9958838224411011,-0.09042806923389435,-2.960522535064029,2.537717342376709,4.541088581085205,1.3986014127731323,1.5701923370361328,1.5063660144805908,1.3986014127731323
133.2,3.6883270740509033,1.4646309614181519,-0.003139503300189972,0.0032983124256134033,0.005154000595211983,0.9959027767181396,-0.09022259712219238,-2.960934596954225,2.5610251426696777,3.5000202655792236,1.3986014127731323,1.5920687913894653,1.4987494945526123,1.3986014127731323
133.21666666666667,3.6875178813934326,1.4644827842712402,-0.0031472519040107727,0.003322604112327099,0.005191568285226822,0.9959146976470947,-0.0900869071483612,-2.961207525802635,2.5843329429626465,4.503104209899902,1.3986014127731323,1.6141377687454224,1.5355517864227295,1.3986014127731323
133.23333333333332,3.6866986751556396,1.4643332958221436,-0.0031422004103660583,0.003313888795673847,0.005165133625268936,0.9959325194358826,-0.08989320695400238,-2.9615963201660813,2.6076407432556152,3.4843122959136963,1.3986014127731323,1.6361169815063477,1.4856350421905518,1.3986014127731323
133.25,3.6858909130096436,1.464186191558838,-0.003147728741168976,0.0033279303461313248,0.005188332870602608,0.9959444999694824,-0.08975768089294434,-2.9618687255741656,2.630948543548584,4.458067417144775,1.2587412595748901,1.6581493616104126,1.521970510482788,1.2587412595748901
133.26666666666668,3.685133695602417,1.4640494585037231,-0.003137819468975067,0.00328644085675478,0.005142783280462027,0.99595707654953,-0.08962228894233704,-2.962139926994231,2.6519293785095215,3.6960837841033936,1.118881106376648,1.6787925958633423,1.416839599609375,1.118881106376648
133.28333333333333,3.6844735145568848,1.463927984237671,-0.003150351345539093,0.003327522426843643,0.005210451316088438,0.9959614276885986,-0.08956833183765411,-2.962249118166159,2.6705756187438965,4.488137722015381,0.9790209531784058,1.6971076726913452,1.3025599718093872,0.9790209531784058
133.3,3.683903217315674,1.4638254642486572,-0.0031485334038734436,0.0033213328570127487,0.005203462205827236,0.9959663152694702,-0.08951453864574432,-2.962357031832891,2.6868948936462402,4.816203594207764,0.9790209531784058,1.7129945755004883,1.1252018213272095,0.9790209531784058
133.31666666666666,3.6833271980285645,1.4637216329574585,-0.0031398162245750427,0.0032943012192845345,0.005155368708074093,0.9959849119186401,-0.08931158483028412,-2.9627640105837236,2.703214168548584,3.3571040630340576,0.6993007063865662,1.7279722690582275,1.1586018800735474,0.6993007063865662
133.33333333333334,3.68289852142334,1.463642954826355,-0.0031509920954704285,0.003332933411002159,0.005211526528000832,0.9959829449653625,-0.08932824432849884,-2.962731273011689,2.714871883392334,3.9192919731140137,0.559440553188324,1.740199089050293,0.8770592212677002,0.559440553188324
133.35,3.6825790405273438,1.4635854959487915,-0.003150850534439087,0.0033343015238642693,0.005208742804825306,0.9959867000579834,-0.08928778767585754,-2.9628125650778854,2.7241950035095215,3.8309407234191895,0.4195804297924042,1.7490042448043823,0.7545223832130432,0.4195804297924042
133.36666666666667,3.6823434829711914,1.4635430574417114,-0.0031507089734077454,0.003334573470056057,0.0052038151770830154,0.9959883689880371,-0.08926796913146973,-2.9628522563787976,2.7311911582946777,3.415844678878784,0.279720276594162,1.7555654048919678,0.623712956905365,0.279720276594162
133.38333333333333,3.682192802429199,1.4635159969329834,-0.003149650990962982,0.003335104323923588,0.005189082585275173,0.9959883093833923,-0.08926936984062195,-2.9628493331080668,2.7358527183532715,2.617894172668457,0.139860138297081,1.7598708868026733,0.48625603318214417,0.139860138297081
133.4,3.682100772857666,1.463502049446106,-0.00313635915517807,0.003287910483777523,0.00511960918083787,0.9959961175918579,-0.0891881138086319,-2.9630115929387686,2.738187313079834,1.5109410285949707,0.139860138297081,1.7619651556015015,0.2830229699611664,0.139860138297081
133.41666666666666,3.6820428371429443,1.4634915590286255,-0.003143325448036194,0.0033195791766047478,0.005146395415067673,0.9960014820098877,-0.0891263484954834,-2.963136122970854,2.7405219078063965,1.1624621152877808,0.0,1.763131856918335,0.4490172863006592,0.0
133.43333333333334,3.682042360305786,1.4634933471679688,-0.00313616544008255,0.0032890327274799347,0.005118129774928093,0.9960004687309265,-0.08913922309875488,-2.9631097490501332,2.7405219078063965,0.7985696196556091,0.0,1.7633552551269531,-0.09404594451189041,0.0
133.45,3.6820406913757324,1.463492512702942,-0.003145366907119751,0.003327576443552971,0.0051725925877690315,0.9959996342658997,-0.08914561569690704,-2.963097717110873,2.7405219078063965,0.8275889754295349,0.0,1.763237476348877,0.111238494515419,0.0
133.46666666666667,3.68205189704895,1.4634945392608643,-0.003142043948173523,0.0033075278624892235,0.00515884580090642,0.9960053563117981,-0.0890834629535675,-2.963222261962185,2.7405219078063965,0.9598527550697327,0.0,1.7625341415405273,0.45856332778930664,0.0
133.48333333333332,3.682051420211792,1.463495135307312,-0.0031374171376228333,0.003287329338490963,0.005137315951287746,0.9960042834281921,-0.0890975147485733,-2.963193720651428,2.7405219078063965,0.8410232663154602,0.0,1.7626457214355469,0.2800351679325104,0.0
133.5,3.6820530891418457,1.4634945392608643,-0.0031442269682884216,0.003322628326714039,0.0051706270314753056,0.996004581451416,-0.08909057080745697,-2.9632081889962207,2.7405219078063965,0.9513825178146362,0.0,1.7625463008880615,0.26607275009155273,0.0
133.51666666666668,3.682051658630371,1.4634952545166016,-0.003138519823551178,0.0032918713986873627,0.005137789994478226,0.9960033297538757,-0.08910641074180603,-2.963175824256016,2.7405219078063965,0.7624032497406006,0.0,1.7626941204071045,0.08598176389932632,0.0
133.53333333333333,3.682067632675171,1.463497281074524,-0.003144390881061554,0.0033210115507245064,0.005170376040041447,0.9960106611251831,-0.08902217447757721,-2.963345490611883,2.7405219078063965,0.82334965467453,0.0,1.7616751194000244,0.40989941358566284,0.0
133.55,3.6820666790008545,1.4634978771209717,-0.003137841820716858,0.003292636014521122,0.005134008824825287,0.9960096478462219,-0.08903692662715912,-2.963315373229494,2.7405219078063965,0.7456713318824768,0.0,1.7618052959442139,0.26535189151763916,0.0
133.56666666666666,3.6820685863494873,1.4634971618652344,-0.0031435564160346985,0.003321640193462372,0.005166024900972843,0.9960101246833801,-0.08902832865715027,-2.963333102305167,2.7405219078063965,0.8565713167190552,0.0,1.7616981267929077,0.2957197427749634,0.0
133.58333333333334,3.6820669174194336,1.4634981155395508,-0.0031377077102661133,0.003288213163614273,0.005136505234986544,0.9960084557533264,-0.08904975652694702,-2.963289567446748,2.7405219078063965,0.6227273344993591,0.0,1.7618825435638428,0.1257898211479187,0.0
133.6,3.6820785999298096,1.4634991884231567,-0.0031433850526809692,0.003318765200674534,0.005165784619748592,0.9960140585899353,-0.08898487687110901,-2.9634203483775954,2.7405219078063965,0.7272315621376038,0.0,1.7611396312713623,0.4178144931793213,0.0
133.61666666666667,3.682077646255493,1.4634995460510254,-0.003137938678264618,0.0032938430085778236,0.005129302851855755,0.9960131049156189,-0.08899812400341034,-2.963393247319113,2.7405219078063965,0.641642689704895,0.0,1.7612465620040894,0.26282304525375366,0.0
133.63333333333333,3.682077646255493,1.463498830795288,-0.0031433328986167908,0.0033204080536961555,0.005164739675819874,0.9960129857063293,-0.08899649977684021,-2.9633969975189904,2.7405219078063965,0.712097704410553,0.0,1.761247992515564,0.10316310077905655,0.0
133.65,3.682082176208496,1.4634997844696045,-0.00314117968082428,0.0033055078238248825,0.005153801292181015,0.9960159659385681,-0.08896411955356598,-2.96346180030019,2.7405219078063965,0.759909451007843,0.0,1.7608981132507324,0.46738091111183167,0.0
133.66666666666666,3.6820807456970215,1.4635002613067627,-0.0031374022364616394,0.0032901279628276825,0.005133538506925106,0.9960150718688965,-0.08897684514522552,-2.9634360152322055,2.7405219078063965,0.6939519047737122,0.0,1.761011004447937,0.28613385558128357,0.0
133.68333333333334,3.6820785999298096,1.463499665260315,-0.0031436309218406677,0.0033161910250782967,0.005168046802282333,0.9960141181945801,-0.08898387849330902,-2.963422334271662,2.7405219078063965,0.7310779094696045,0.0,1.761103630065918,0.08679991960525513,0.0
133.7,3.6820900440216064,1.4635015726089478,-0.003141641616821289,0.003309473395347595,0.0051588453352451324,0.9960200190544128,-0.08891895413398743,-2.9635525935492804,2.7405219078063965,0.7929843664169312,0.0,1.7603548765182495,0.46190470457077026,0.0
133.71666666666667,3.6820876598358154,1.4635028839111328,-0.003140874207019806,0.0033045783638954163,0.005133911035954952,0.9960187673568726,-0.08893424272537231,-2.9635216517511775,2.7405219078063965,0.09053245186805725,0.0,1.7606430053710938,0.05487442761659622,0.0
133.73333333333332,3.6820874214172363,1.4635037183761597,-0.003141544759273529,0.0033085085451602936,0.00515561131760478,0.996020495891571,-0.08891293406486511,-2.9635646068662824,2.7405219078063965,0.10571776330471039,0.0,1.7604730129241943,0.2051711082458496,0.0
133.75,3.682084083557129,1.463504672050476,-0.003140293061733246,0.003300327807664871,0.005150251090526581,0.9960193634033203,-0.08892644941806793,-2.9635373702973173,2.7405219078063965,0.2000928521156311,0.0,1.7606030702590942,-0.013604417443275452,0.0
133.76666666666668,3.682096242904663,1.4635059833526611,-0.003143422305583954,0.00331717636436224,0.005164828151464462,0.9960271716117859,-0.08883775770664215,-2.9637157231089115,2.7405219078063965,0.6116089224815369,0.0,1.7596698999404907,0.3670923709869385,0.0
133.78333333333333,3.682094097137451,1.4635069370269775,-0.0031379982829093933,0.00329509936273098,0.005131040699779987,0.9960259795188904,-0.08885432779788971,-2.963682035900224,2.7405219078063965,0.5261130332946777,0.0,1.7597918510437012,0.1876116394996643,0.0
133.8,3.6820995807647705,1.4635069370269775,-0.0031428933143615723,0.0033190064132213593,0.005162411835044622,0.9960287809371948,-0.08881978690624237,-2.9637518052104674,2.7405219078063965,0.647146999835968,0.0,1.7594306468963623,0.4117855429649353,0.0
133.81666666666666,3.682098150253296,1.4635074138641357,-0.0031376108527183533,0.003294450230896473,0.00512354914098978,0.9960278272628784,-0.0888340175151825,-2.9637227549288414,2.7405219078063965,0.5741084814071655,0.0,1.7595579624176025,0.21286071836948395,0.0
133.83333333333334,3.682101011276245,1.4635069370269775,-0.003143683075904846,0.0033201901242136955,0.005166005343198776,0.9960291981697083,-0.08881410956382751,-2.963763206527937,2.7405219078063965,0.663816511631012,0.0,1.7593597173690796,0.41805702447891235,0.0
133.85,3.6820993423461914,1.4635075330734253,-0.0031374767422676086,0.0032927710562944412,0.005123788025230169,0.9960281848907471,-0.08882918953895569,-2.963732396105361,2.7405219078063965,0.5649111866950989,0.0,1.7594901323318481,0.20844565331935883,0.0
133.86666666666667,3.6821024417877197,1.4635072946548462,-0.0031437352299690247,0.0033210432156920433,0.005166938994079828,0.996029794216156,-0.08880755305290222,-2.963776395954251,2.7405219078063965,0.6661391854286194,0.0,1.7592753171920776,0.41821202635765076,0.0
133.88333333333333,3.6821014881134033,1.4635080099105835,-0.0031375139951705933,0.0032943831756711006,0.005124183371663094,0.9960288405418396,-0.08882232010364532,-2.963746232698982,2.7405219078063965,0.5582503080368042,0.0,1.759399175643921,0.21056076884269714,0.0
133.9,3.6821038722991943,1.4635077714920044,-0.0031428933143615723,0.0033199097961187363,0.005161718465387821,0.9960303902626038,-0.0888020247220993,-2.9637874865182834,2.7405219078063965,0.6318755745887756,0.0,1.7591829299926758,0.4141561686992645,0.0
133.91666666666666,3.682102680206299,1.4635082483291626,-0.003137461841106415,0.003293217159807682,0.005122669972479343,0.9960293769836426,-0.08881562948226929,-2.963759608212357,2.7405219078063965,0.5665115714073181,0.0,1.759312629699707,0.21207314729690552,0.0
133.93333333333334,3.68210506439209,1.4635077714920044,-0.003142841160297394,0.0033190278336405754,0.005161810666322708,0.996030867099762,-0.08879584074020386,-2.9637998561680368,2.7405219078063965,0.6587203741073608,0.0,1.7591142654418945,0.4123907685279846,0.0
133.95,3.6821038722991943,1.4635083675384521,-0.0031374096870422363,0.003293643705546856,0.005122704431414604,0.9960298538208008,-0.08881025016307831,-2.9637704127945996,2.7405219078063965,0.5602354407310486,0.0,1.759243130683899,0.20590224862098694,0.0
133.96666666666667,3.6821072101593018,1.4635082483291626,-0.0031428560614585876,0.0033187828958034515,0.005162019282579422,0.9960314631462097,-0.08878955245018005,-2.963812501172454,2.7405219078063965,0.6387467384338379,0.0,1.759023666381836,0.413470596075058,0.0
133.98333333333332,3.682105779647827,1.4635087251663208,-0.0031374767422676086,0.003294718451797962,0.005122738890349865,0.9960304498672485,-0.08880332112312317,-2.9637843256429575,2.7405219078063965,0.542499303817749,0.0,1.759145975112915,0.20794235169887543,0.0
134.0,3.6821086406707764,1.4635082483291626,-0.0031427741050720215,0.0033177388831973076,0.005161683075129986,0.9960318803787231,-0.08878453075885773,-2.963822554335748,2.7405219078063965,0.6398651599884033,0.0,1.7589563131332397,0.4133051633834839,0.0
134.01666666666668,3.6821069717407227,1.4635088443756104,-0.0031373873353004456,0.0032940860837697983,0.005121507216244936,0.9960309863090515,-0.08879908919334412,-2.9637928886542118,2.7405219078063965,0.5115708708763123,0.0,1.759076476097107,0.20118547976016998,0.0
134.03333333333333,3.6821095943450928,1.4635084867477417,-0.003142744302749634,0.003318672999739647,0.005161989945918322,0.9960322976112366,-0.08878010511398315,-2.9638314654726687,2.7405219078063965,0.6146458387374878,0.0,1.7588965892791748,0.4168453514575958,0.0
134.05,3.6821084022521973,1.4635093212127686,-0.0031375959515571594,0.003294488415122032,0.005122794769704342,0.9960313439369202,-0.08879457414150238,-2.963801947942076,2.7405219078063965,0.5216068029403687,-0.05431235581636429,1.7590171098709106,0.21131406724452972,0.05431235581636429
134.06666666666666,3.6821181774139404,1.4635117053985596,-0.0031420961022377014,0.0033117104321718216,0.005162208341062069,0.9960284233093262,-0.0888238400220871,-2.9637435925399793,2.7396140098571777,1.2133010625839233,-0.10862471163272858,1.7588814496994019,0.3825143873691559,0.10862471163272858
134.08333333333334,3.682131290435791,1.4635145664215088,-0.0031395182013511658,0.003294943831861019,0.005154854618012905,0.9960152506828308,-0.08897247910499573,-2.963444934680394,2.7378058433532715,1.9192180633544922,-0.16293705999851227,1.759492039680481,0.4562426209449768,0.16293705999851227
134.1,3.682175874710083,1.4635217189788818,-0.0031441599130630493,0.0033126026391983032,0.005191040225327015,0.9959847927093506,-0.0893106758594513,-2.96276627844448,2.7350897789001465,0.39444079995155334,-0.16293705999851227,1.7605042457580566,0.6038089990615845,0.16293705999851227
134.11666666666667,3.6822056770324707,1.4635287523269653,-0.0031449496746063232,0.0033347541466355324,0.005182402208447456,0.9959565997123718,-0.089623361825943,-2.962138464185819,2.7323737144470215,0.5195363759994507,-0.27156177163124084,1.7616856098175049,0.36452430486679077,0.27156177163124084
134.13333333333333,3.6822378635406494,1.4635381698608398,-0.0031363442540168762,0.003291461616754532,0.005145765841007233,0.9959100484848022,-0.09014305472373962,-2.961094217998166,2.7278494834899902,-0.4016939401626587,-0.32587411999702454,1.764424443244934,0.36877185106277466,0.32587411999702454
134.15,3.682283401489258,1.4635539054870605,-0.0031479448080062866,0.0033286167308688164,0.00520525686442852,0.9958479404449463,-0.09082241356372833,-2.9597306713405,2.7224173545837402,-1.1215790510177612,-0.3801864683628082,1.7676918506622314,0.5347684621810913,0.3801864683628082
134.16666666666666,3.6823275089263916,1.4635714292526245,-0.0031417980790138245,0.003299672156572342,0.005169515963643789,0.9957756996154785,-0.0916137546300888,-2.9581408193994423,2.7160773277282715,-1.5316691398620605,-0.4344988465309143,1.7717922925949097,0.618768572807312,0.4344988465309143
134.18333333333334,3.6823720932006836,1.4635918140411377,-0.0031403303146362305,0.003284408710896969,0.005191485397517681,0.99569171667099,-0.09252074360847473,-2.9563190901391914,2.7088370323181152,-1.3099125623703003,-0.488811194896698,1.7766897678375244,0.46724966168403625,0.488811194896698
134.2,3.6824188232421875,1.4636014699935913,-0.0031500160694122314,0.0033198995515704155,0.005198684986680746,0.995594322681427,-0.09356246888637543,-2.954226953400529,2.7006888389587402,-1.698306918144226,-0.488811194896698,1.7826038599014282,0.5240190625190735,0.488811194896698
134.21666666666667,3.682438611984253,1.4636085033416748,-0.00314418226480484,0.0033011073246598244,0.005198628641664982,0.9954990744590759,-0.09457065165042877,-2.952201401651345,2.6925406455993652,1.7132456302642822,-0.5974358916282654,1.788865089416504,0.4673917293548584,0.5974358916282654
134.23333333333332,3.682466983795166,1.463616967201233,-0.0031348466873168945,0.0032464833930134773,0.005157867446541786,0.9953812956809998,-0.0958067923784256,-2.9497170837161732,2.682584285736084,2.009193181991577,-0.6517482399940491,1.7959275245666504,2.1784822940826416,0.6517482399940491
134.25,3.6825108528137207,1.4636268615722656,-0.0031385868787765503,0.0032513532787561417,0.005199768114835024,0.9952496290206909,-0.09716220200061798,-2.9469938571185272,2.671720027923584,0.9138048887252808,-0.7060605883598328,1.804269552230835,0.4660319685935974,0.7060605883598328
134.26666666666668,3.682556629180908,1.4636423587799072,-0.003136351704597473,0.0032349685207009315,0.005203553009778261,0.9951011538505554,-0.09867136180400848,-2.9439608142623532,2.6599555015563965,-0.45852041244506836,-0.7603729367256165,1.8136028051376343,0.5124021768569946,0.7603729367256165
134.28333333333333,3.6826014518737793,1.4636600017547607,-0.003138616681098938,0.0032359911128878593,0.0052188425324857235,0.9949358105659485,-0.10032491385936737,-2.940637360078019,2.6472830772399902,-1.101365327835083,-0.8146852850914001,1.823982834815979,0.33367642760276794,0.8146852850914001
134.3,3.682640314102173,1.4636763334274292,-0.00313771516084671,0.0032228976488113403,0.005219073034822941,0.9947564601898193,-0.1020883172750473,-2.937092211902686,2.6337027549743652,-0.4832635223865509,-0.8146852850914001,1.8353345394134521,0.18384285271167755,0.8146852850914001
134.31666666666666,3.6826629638671875,1.4636883735656738,-0.0031365901231765747,0.0032105781137943268,0.005209601484239101,0.9945725202560425,-0.10386590659618378,-2.933517829545827,2.6201224327087402,0.1473553627729416,-0.9233100414276123,1.8467705249786377,0.965553343296051,0.9233100414276123
134.33333333333334,3.682699680328369,1.4637011289596558,-0.0031404122710227966,0.003211633302271366,0.005239620339125395,0.9943637847900391,-0.1058429479598999,-2.929541945960927,2.604733943939209,0.17769289016723633,-0.977622389793396,1.8596605062484741,0.5930166840553284,0.977622389793396
134.35,3.6827266216278076,1.4637116193771362,-0.003138720989227295,0.003194536082446575,0.005234953016042709,0.9941381812095642,-0.10794229805469513,-2.925318847518145,2.588437557220459,0.7388480305671692,-1.0319347381591797,1.8736721277236938,0.8248308897018433,1.0319347381591797
134.36666666666667,3.682751178741455,1.4637205600738525,-0.003139801323413849,0.003187168389558792,0.005246262066066265,0.9938945174217224,-0.11016283929347992,-2.92085108919148,2.5712409019470215,0.9476978778839111,-1.0862470865249634,1.8885928392410278,0.8894791007041931,1.0862470865249634
134.38333333333333,3.6827735900878906,1.4637293815612793,-0.0031402260065078735,0.003176259808242321,0.0052571725100278854,0.9936320781707764,-0.11250530183315277,-2.916136811478324,2.5531363487243652,1.3213696479797363,-1.140559434890747,1.9044080972671509,0.9501827359199524,1.140559434890747
134.4,3.6827940940856934,1.4637367725372314,-0.0031400471925735474,0.003160920925438404,0.005263502709567547,0.9933499097824097,-0.11497057974338531,-2.911173957880937,2.5341238975524902,2.1622626781463623,-1.140559434890747,1.9211146831512451,1.0705814361572266,1.140559434890747
134.41666666666666,3.682831287384033,1.4637469053268433,-0.003135867416858673,0.003130551427602768,0.005254077725112438,0.9930474758148193,-0.1175553947687149,-2.9059686638318256,2.5151114463806152,1.6518394947052002,-1.2491841316223145,1.9381436109542847,1.083669900894165,1.2491841316223145
134.43333333333334,3.6828958988189697,1.4637638330459595,-0.003134220838546753,0.0031066769734025,0.005260991398245096,0.9927059412002563,-0.12040603160858154,-2.9002264278329277,2.494290828704834,0.4578927457332611,-1.3034964799880981,1.9562780857086182,0.9959096908569336,1.3034964799880981
134.45,3.6829562187194824,1.4637824296951294,-0.0031342431902885437,0.0030902037397027016,0.005277314223349094,0.9923377633094788,-0.12340271472930908,-2.8941878960641727,2.472562313079834,1.1348018646240234,-1.3034964799880981,1.9755805730819702,1.0370914936065674,1.3034964799880981
134.46666666666667,3.6830108165740967,1.4637987613677979,-0.003133930265903473,0.0030718976631760597,0.005285054445266724,0.9919568300247192,-0.1264292597770691,-2.8880869512812692,2.450833797454834,0.9664232730865479,-1.3034964799880981,1.9952008724212646,1.031234622001648,1.3034964799880981
134.48333333333332,3.6830649375915527,1.4638164043426514,-0.003134116530418396,0.003055551089346409,0.005298765376210213,0.991565465927124,-0.1294623166322708,-2.88197044112805,2.429105281829834,0.9068797826766968,-1.3034964799880981,2.014915704727173,1.0190544128417969,1.3034964799880981
134.5,3.683119535446167,1.4638354778289795,-0.0031338781118392944,0.0030377954244613647,0.005311145447194576,0.9911649823188782,-0.13249312341213226,-2.8758560096080403,2.407376766204834,0.8696070313453674,-1.3034964799880981,2.034609317779541,1.0112779140472412,1.3034964799880981
134.51666666666668,3.6831741333007812,1.4638558626174927,-0.0031336620450019836,0.0030201496556401253,0.005323016084730625,0.9907553195953369,-0.13552226126194,-2.8697424627299055,2.385648250579834,0.8282771706581116,-1.3034964799880981,2.0542922019958496,1.0055745840072632,1.3034964799880981
134.53333333333333,3.68323016166687,1.4638770818710327,-0.0031335055828094482,0.0030019953846931458,0.005334183573722839,0.990336537361145,-0.13855020701885223,-2.86362887453828,2.363919734954834,0.7941431999206543,-1.3034964799880981,2.0739634037017822,1.0023926496505737,1.3034964799880981
134.55,3.683286190032959,1.4638991355895996,-0.0031333640217781067,0.002986535429954529,0.005345787853002548,0.9899083375930786,-0.14157676696777344,-2.857515360604109,2.342191219329834,0.7916229963302612,-1.3034964799880981,2.0936262607574463,1.0040985345840454,1.3034964799880981
134.56666666666666,3.6833412647247314,1.4639211893081665,-0.003133036196231842,0.0029676398262381554,0.0053553772158920765,0.9894711375236511,-0.1446002721786499,-2.8514052840296564,2.320462703704834,0.8209792375564575,-1.3034964799880981,2.1132853031158447,1.0091902017593384,1.3034964799880981
134.58333333333334,3.683396816253662,1.463943600654602,-0.0031327158212661743,0.002949412912130356,0.005364390090107918,0.9890246987342834,-0.1476229876279831,-2.845294143658114,2.298734188079834,0.8078672289848328,-1.3034964799880981,2.132946252822876,1.00519859790802,1.3034964799880981
134.6,3.6834521293640137,1.4639664888381958,-0.003132566809654236,0.0029332060366868973,0.005375220440328121,0.9885690212249756,-0.15064391493797302,-2.8391838166548893,2.277005672454834,0.8078072667121887,-1.3034964799880981,2.1526038646698,1.0066839456558228,1.3034964799880981
134.61666666666667,3.683506965637207,1.4639896154403687,-0.003132268786430359,0.002915177494287491,0.005384657997637987,0.9881042838096619,-0.1536637544631958,-2.833073006023295,2.255277156829834,0.8169124126434326,-1.3034964799880981,2.1722629070281982,1.0074342489242554,1.3034964799880981
134.63333333333333,3.6835618019104004,1.464012861251831,-0.0031320080161094666,0.002896605059504509,0.005393979139626026,0.9876300096511841,-0.15668219327926636,-2.8269618430712877,2.233548641204834,0.8077878952026367,-1.3034964799880981,2.191920757293701,1.0060921907424927,1.3034964799880981
134.65,3.683616876602173,1.4640367031097412,-0.0031318068504333496,0.002879803068935871,0.005404346156865358,0.9871466755867004,-0.15969891846179962,-2.820851328588249,2.211820125579834,0.8116905689239502,-1.3034964799880981,2.2115800380706787,1.0070053339004517,1.3034964799880981
134.66666666666666,3.683671474456787,1.4640612602233887,-0.003131486475467682,0.0028616487979888916,0.005413346458226442,0.9866541624069214,-0.16271427273750305,-2.8147405938925374,2.190091609954834,0.8130770325660706,-1.3034964799880981,2.2312393188476562,1.0067325830459595,1.3034964799880981
134.68333333333334,3.683725595474243,1.4640859365463257,-0.0031313076615333557,0.0028455527499318123,0.005423395894467831,0.9861523509025574,-0.16572825610637665,-2.8086295339710925,2.168363094329834,0.8120100498199463,-1.3034964799880981,2.2508981227874756,1.0062150955200195,1.3034964799880981
134.7,3.6837806701660156,1.4641104936599731,-0.0031310245394706726,0.002828034572303295,0.005433053243905306,0.9856413006782532,-0.16874058544635773,-2.802518621636059,2.146634578704834,0.813202977180481,-1.3034964799880981,2.2705557346343994,1.0069395303726196,1.3034964799880981
134.71666666666667,3.68383526802063,1.464135766029358,-0.003130778670310974,0.0028090933337807655,0.005442100111395121,0.9851212501525879,-0.17175133526325226,-2.7964078965392694,2.124906063079834,0.8109293580055237,-1.3034964799880981,2.2902135848999023,1.0069109201431274,1.3034964799880981
134.73333333333332,3.683889865875244,1.4641611576080322,-0.003130577504634857,0.002791901119053364,0.005451700650155544,0.9845919609069824,-0.17476049065589905,-2.7902971417673155,2.103177547454834,0.8117100596427917,-1.3034964799880981,2.309873104095459,1.0066137313842773,1.3034964799880981
134.75,3.683943271636963,1.4641869068145752,-0.003130301833152771,0.002774052321910858,0.005460985936224461,0.9840533137321472,-0.1777680516242981,-2.7841861382639714,2.081449031829834,0.8122745156288147,-1.3034964799880981,2.3295304775238037,1.0067129135131836,1.3034964799880981
134.76666666666668,3.6839966773986816,1.4642131328582764,-0.0031300559639930725,0.0027566496282815933,0.005470431409776211,0.9835056066513062,-0.18077392876148224,-2.7780753191492256,2.059720516204834,0.8119868636131287,-1.3034964799880981,2.3491883277893066,1.0066604614257812,1.3034964799880981
134.78333333333333,3.6840503215789795,1.4642395973205566,-0.00312979519367218,0.0027367668226361275,0.005479100625962019,0.9829487204551697,-0.1837777942419052,-2.771965063941064,2.037992000579834,0.8105905055999756,-1.3034964799880981,2.3688454627990723,1.007196068763733,1.3034964799880981
134.8,3.6841046810150146,1.4642664194107056,-0.0031295791268348694,0.002719596028327942,0.005488344468176365,0.9823825359344482,-0.18678030371665955,-2.7658540522868664,2.016263484954834,0.8121457099914551,-1.3034964799880981,2.388505458831787,1.0064659118652344,1.3034964799880981
134.81666666666666,3.6841578483581543,1.4642934799194336,-0.0031292885541915894,0.0027005933225154877,0.005496978759765625,0.9818072319030762,-0.1897810697555542,-2.759743069784894,1.99453604221344,0.811444103717804,-1.3034964799880981,2.408163070678711,1.0068529844284058,1.3034964799880981
134.83333333333334,3.684211254119873,1.4643210172653198,-0.0031290873885154724,0.002683703787624836,0.005506481043994427,0.9812228083610535,-0.19278006255626678,-2.7536321759981464,1.9728113412857056,0.8125451803207397,-1.3034964799880981,2.4278225898742676,1.0064870119094849,1.3034964799880981
134.85,3.6842641830444336,1.4643487930297852,-0.003128841519355774,0.002665669657289982,0.0055154673755168915,0.9806293249130249,-0.1957772970199585,-2.7475213059951025,1.9510866403579712,0.8126751184463501,-1.3034964799880981,2.4474804401397705,1.0067269802093506,1.3034964799880981
134.86666666666667,3.684316873550415,1.4643770456314087,-0.003128543496131897,0.002646900713443756,0.005523880012333393,0.9800264239311218,-0.19877253472805023,-2.741410426992699,1.9293619394302368,0.8117628693580627,-1.3034964799880981,2.4671380519866943,1.0068353414535522,1.3034964799880981
134.88333333333333,3.6843695640563965,1.4644055366516113,-0.0031283199787139893,0.002630314789712429,0.005533318966627121,0.9794145226478577,-0.20176607370376587,-2.7352994724161266,1.9076372385025024,0.8135246634483337,-1.3034964799880981,2.4867968559265137,1.0064070224761963,1.3034964799880981
134.9,3.6844217777252197,1.4644341468811035,-0.0031280741095542908,0.0026113223284482956,0.005541571415960789,0.9787935018539429,-0.20475783944129944,-2.729188310111005,1.885912537574768,0.812112033367157,-1.3034964799880981,2.5064537525177,1.006874680519104,1.3034964799880981
134.91666666666666,3.684473752975464,1.464463233947754,-0.00312785804271698,0.0025939717888832092,0.005550791975110769,0.9781633019447327,-0.20774751901626587,-2.7230774440048875,1.8641878366470337,0.8128824830055237,-1.3034964799880981,2.526113510131836,1.0065646171569824,1.3034964799880981
134.93333333333334,3.684525966644287,1.464492678642273,-0.0031276196241378784,0.0025763660669326782,0.0055596125312149525,0.9775239825248718,-0.21073511242866516,-2.7169668471644335,1.8424631357192993,0.8129240870475769,-1.3034964799880981,2.545771837234497,1.0066394805908203,1.3034964799880981
134.95,3.684577465057373,1.4645222425460815,-0.003127366304397583,0.002557295374572277,0.005567814223468304,0.9768755435943604,-0.2137209177017212,-2.710855916078154,1.820738434791565,0.8119694590568542,-1.3034964799880981,2.5654296875,1.0069323778152466,1.3034964799880981
134.96666666666667,3.684629201889038,1.4645521640777588,-0.0031270980834960938,0.0025390395894646645,0.005576455965638161,0.9762178659439087,-0.21670466661453247,-2.704744959613601,1.7990137338638306,0.8119217753410339,-1.3034964799880981,2.5850889682769775,1.0066280364990234,1.3034964799880981
134.98333333333332,3.684680700302124,1.4645826816558838,-0.003126859664916992,0.0025210408493876457,0.005585086531937122,0.9755513072013855,-0.2196863442659378,-2.698634384470856,1.7772890329360962,0.8125734329223633,-1.3034964799880981,2.6047472953796387,1.0067027807235718,1.3034964799880981
135.0,3.684731960296631,1.4646131992340088,-0.0031266063451766968,0.002503243274986744,0.005593722686171532,0.9748755693435669,-0.22266605496406555,-2.692523575554632,1.7555643320083618,0.8128437995910645,-1.3034964799880981,2.624406099319458,1.0066388845443726,1.3034964799880981
135.01666666666668,3.684783697128296,1.464644193649292,-0.003126382827758789,0.0024849679321050644,0.0056020403280854225,0.9741906523704529,-0.2256435602903366,-2.6864128798365794,1.7338396310806274,0.8127304911613464,-1.3034964799880981,2.6440649032592773,1.0067111253738403,1.3034964799880981
135.03333333333333,3.6848347187042236,1.4646754264831543,-0.003126107156276703,0.0024658888578414917,0.005609877407550812,0.9734966158866882,-0.22861909866333008,-2.6803018917107146,1.712114930152893,0.8124294877052307,-1.3034964799880981,2.6637229919433594,1.0068587064743042,1.3034964799880981
135.05,3.6848857402801514,1.4647068977355957,-0.0031258538365364075,0.002447165548801422,0.0056181130930781364,0.9727936387062073,-0.2315923273563385,-2.674191414964998,1.6903902292251587,0.8116776943206787,-1.3034964799880981,2.6833817958831787,1.0067282915115356,1.3034964799880981
135.06666666666666,3.684936285018921,1.4647387266159058,-0.0031256452202796936,0.002430305816233158,0.005626791622489691,0.9720813632011414,-0.2345636785030365,-2.668080179527235,1.6686655282974243,0.8140122890472412,-1.3034964799880981,2.703040599822998,1.0064011812210083,1.3034964799880981
135.08333333333334,3.6849863529205322,1.464771032333374,-0.0031253769993782043,0.0024116067215800285,0.00563464080914855,0.9713602662086487,-0.2375326156616211,-2.6619696467898146,1.64694082736969,0.8132824301719666,-1.3034964799880981,2.722698450088501,1.0067229270935059,1.3034964799880981
135.1,3.6850368976593018,1.4648032188415527,-0.003125123679637909,0.002392856404185295,0.005642763338983059,0.9706299304962158,-0.24049922823905945,-2.655859069012831,1.6252161264419556,0.8121824264526367,-1.3034964799880981,2.7423572540283203,1.0067898035049438,1.3034964799880981
135.11666666666667,3.6850874423980713,1.4648362398147583,-0.0031248927116394043,0.002373790368437767,0.005650592502206564,0.9698906540870667,-0.24346375465393066,-2.6497483784702114,1.6034914255142212,0.8124092221260071,-1.3034964799880981,2.7620158195495605,1.0068413019180298,1.3034964799880981
135.13333333333333,3.6851370334625244,1.4648690223693848,-0.003124624490737915,0.00235561840236187,0.005658773239701986,0.9691421985626221,-0.24642594158649445,-2.6436376419776964,1.5817667245864868,0.8125702142715454,-1.3034964799880981,2.781674385070801,1.0065479278564453,1.3034964799880981
135.15,3.6851863861083984,1.4649025201797485,-0.0031243935227394104,0.0023360885679721832,0.005666267592459917,0.968384861946106,-0.24938581883907318,-2.637527134343559,1.5600420236587524,0.8122650980949402,-1.3034964799880981,2.8013322353363037,1.006909966468811,1.3034964799880981
135.16666666666666,3.6852355003356934,1.4649361371994019,-0.0031241625547409058,0.0023181233555078506,0.005674358457326889,0.9676183462142944,-0.2523435652256012,-2.6314161204187996,1.538317322731018,0.8129590749740601,-1.3034964799880981,2.820990800857544,1.0064969062805176,1.3034964799880981
135.18333333333334,3.6852850914001465,1.4649701118469238,-0.0031239092350006104,0.002300295978784561,0.005682308226823807,0.9668427109718323,-0.255298912525177,-2.625305054196093,1.5165926218032837,0.8139568567276001,-1.3034964799880981,2.8406496047973633,1.0065603256225586,1.3034964799880981
135.2,3.6853339672088623,1.4650044441223145,-0.003123655915260315,0.002281729131937027,0.005690016783773899,0.9660581350326538,-0.25825172662734985,-2.6191943529455823,1.4948679208755493,0.8134768605232239,-1.3034964799880981,2.860307455062866,1.0067355632781982,1.3034964799880981
135.21666666666667,3.685382604598999,1.4650390148162842,-0.0031233951449394226,0.0022623538970947266,0.005697368178516626,0.9652646780014038,-0.2612020671367645,-2.6130839477456314,1.473143219947815,0.8122361302375793,-1.3034964799880981,2.87996506690979,1.0068246126174927,1.3034964799880981
135.23333333333332,3.6854307651519775,1.465073823928833,-0.0031231939792633057,0.002245258539915085,0.005705451592803001,0.9644620418548584,-0.2641502320766449,-2.6069728887417587,1.4514185190200806,0.8146908283233643,-1.3034964799880981,2.8996241092681885,1.0064013004302979,1.3034964799880981
135.25,3.685479164123535,1.4651089906692505,-0.003122881054878235,0.002224649302661419,0.005712413229048252,0.9636504650115967,-0.2670955955982208,-2.6008624296339473,1.4296938180923462,0.8119989037513733,-1.3034964799880981,2.919280767440796,1.0071232318878174,1.3034964799880981
135.26666666666668,3.6855268478393555,1.4651446342468262,-0.0031226947903633118,0.002206774428486824,0.0057201143354177475,0.9628299474716187,-0.2700387239456177,-2.594751667631881,1.4079691171646118,0.812774121761322,-1.3034964799880981,2.9389405250549316,1.0064176321029663,1.3034964799880981
135.28333333333333,3.685574769973755,1.465180516242981,-0.003122389316558838,0.002187398262321949,0.00572715001180768,0.9620003700256348,-0.272979199886322,-2.588640988340966,1.3862444162368774,0.8137187957763672,-1.3034964799880981,2.9585981369018555,1.006900668144226,1.3034964799880981
135.3,3.685622215270996,1.4652166366577148,-0.0031222105026245117,0.0021697785705327988,0.005734924226999283,0.9611617922782898,-0.27591729164123535,-2.5825300390421866,1.364519715309143,0.8135472536087036,-1.3034964799880981,2.9782567024230957,1.0063055753707886,1.3034964799880981
135.31666666666666,3.685669183731079,1.4652527570724487,-0.0031219273805618286,0.0021512676030397415,0.005742491222918034,0.9603143334388733,-0.2788526117801666,-2.5764195425746523,1.3427950143814087,0.8138654232025146,-1.3034964799880981,2.9979147911071777,1.0067490339279175,1.3034964799880981
135.33333333333334,3.685716390609741,1.4652894735336304,-0.003121688961982727,0.0021317098289728165,0.005749241448938847,0.9594578742980957,-0.28178536891937256,-2.5703089027068384,1.3210703134536743,0.8128296136856079,-1.3034964799880981,3.0175721645355225,1.0068519115447998,1.3034964799880981
135.35,3.6857638359069824,1.4653263092041016,-0.003121420741081238,0.0021123383194208145,0.005756227299571037,0.9585923552513123,-0.2847155034542084,-2.56419809004512,1.29934561252594,0.8125722408294678,-1.3034964799880981,3.0372302532196045,1.0067460536956787,1.3034964799880981
135.36666666666667,3.6858110427856445,1.4653633832931519,-0.003121189773082733,0.002094605937600136,0.0057637328281998634,0.957718014717102,-0.2876431941986084,-2.558087164875584,1.2776209115982056,0.8141744136810303,-1.3034964799880981,3.056889057159424,1.006415605545044,1.3034964799880981
135.38333333333333,3.6858575344085693,1.4654009342193604,-0.0031209364533424377,0.002075077034533024,0.005770573392510414,0.9568347334861755,-0.2905677258968353,-2.551976970322493,1.2558962106704712,0.8132939338684082,-1.3034964799880981,3.0765464305877686,1.0068747997283936,1.3034964799880981
135.4,3.685904026031494,1.4654388427734375,-0.00312071293592453,0.0020567355677485466,0.005777815822511911,0.9559425115585327,-0.29348984360694885,-2.5458663049951995,1.2341715097427368,0.813227653503418,-1.3034964799880981,3.0962047576904297,1.00655996799469,1.3034964799880981
135.41666666666666,3.6859500408172607,1.4654768705368042,-0.0031204596161842346,0.002038339152932167,0.00578487291932106,0.9550411701202393,-0.2964094281196594,-2.539754985628004,1.2124468088150024,0.8144376873970032,-1.3034964799880981,3.115863084793091,1.0066667795181274,1.3034964799880981
135.43333333333334,3.6859960556030273,1.4655152559280396,-0.0031201913952827454,0.002019391395151615,0.005791578907519579,0.9541311860084534,-0.2993258833885193,-2.5336446832442876,1.190722107887268,0.813528835773468,-1.3034964799880981,3.1355209350585938,1.0066102743148804,1.3034964799880981
135.45,3.6860415935516357,1.4655539989471436,-0.003119952976703644,0.001999884843826294,0.005798137281090021,0.9532122611999512,-0.30223944783210754,-2.5275344681189287,1.1689974069595337,0.8132497668266296,-1.3034964799880981,3.155179023742676,1.0068206787109375,1.3034964799880981
135.46666666666667,3.686086416244507,1.4655929803848267,-0.0031197145581245422,0.001980803906917572,0.0058049606159329414,0.9522844552993774,-0.30515041947364807,-2.521423936135538,1.1472727060317993,0.8131885528564453,-1.3034964799880981,3.1748368740081787,1.006678581237793,1.3034964799880981
135.48333333333332,3.686131477355957,1.4656322002410889,-0.0031194835901260376,0.0019618356600403786,0.005811599083244801,0.9513476490974426,-0.3080585300922394,-2.515313233425432,1.125548005104065,0.8133311867713928,-1.3034964799880981,3.1944949626922607,1.0066198110580444,1.3034964799880981
135.5,3.6861765384674072,1.465671420097351,-0.0031192153692245483,0.0019432725384831429,0.005818452686071396,0.950401782989502,-0.3109639883041382,-2.5092018836494834,1.1038233041763306,0.8140720725059509,-1.3034964799880981,3.214153528213501,1.0066149234771729,1.3034964799880981
135.51666666666668,3.68622088432312,1.465711236000061,-0.0031189769506454468,0.0019235676154494286,0.005824634805321693,0.9494474530220032,-0.31386613845825195,-2.503091847018393,1.0820986032485962,0.8133066892623901,-1.3034964799880981,3.2338104248046875,1.0068144798278809,1.3034964799880981
135.53333333333333,3.686265230178833,1.4657514095306396,-0.0031187161803245544,0.001903679221868515,0.005830720998346806,0.9484840035438538,-0.31676554679870605,-2.496981070852562,1.0603739023208618,0.8126450777053833,-1.3034964799880981,3.2534687519073486,1.006800889968872,1.3034964799880981
135.55,3.686309814453125,1.4657914638519287,-0.0031184926629066467,0.0018852390348911285,0.005837579257786274,0.9475116729736328,-0.3196621835231781,-2.490869993441047,1.0386492013931274,0.8138706088066101,-1.3034964799880981,3.2731282711029053,1.0064600706100464,1.3034964799880981
135.56666666666666,3.6863536834716797,1.4658321142196655,-0.003118254244327545,0.001867012120783329,0.0058441972360014915,0.9465305805206299,-0.322555810213089,-2.48475910491468,1.016924500465393,0.8149514198303223,-1.3034964799880981,3.2927865982055664,1.0064570903778076,1.3034964799880981
135.58333333333334,3.6863973140716553,1.4658730030059814,-0.003117993474006653,0.0018482422456145287,0.005850726738572121,0.9455406665802002,-0.3254462778568268,-2.4786484607147012,0.9951997995376587,0.8147844076156616,-1.3034964799880981,3.3124451637268066,1.0066475868225098,1.3034964799880981
135.6,3.6864407062530518,1.465914011001587,-0.0031177178025245667,0.0018285047262907028,0.005856571719050407,0.944541871547699,-0.3283335268497467,-2.472537965829195,0.9734750986099243,0.813829243183136,-1.3034964799880981,3.3321022987365723,1.0068368911743164,1.3034964799880981
135.61666666666667,3.68648362159729,1.4659552574157715,-0.003117479383945465,0.0018091034144163132,0.005862673744559288,0.943534255027771,-0.33121776580810547,-2.466427387232407,0.9517503976821899,0.8132970929145813,-1.3034964799880981,3.3517608642578125,1.006648063659668,1.3034964799880981
135.63333333333333,3.686526298522949,1.4659968614578247,-0.0031172558665275574,0.0017899051308631897,0.005869024433195591,0.9425179958343506,-0.3340989053249359,-2.460317130673828,0.9300256967544556,0.8136987090110779,-1.3034964799880981,3.3714194297790527,1.0066665410995483,1.3034964799880981
135.65,3.6865692138671875,1.4660390615463257,-0.003117002546787262,0.001770474947988987,0.005874693393707275,0.9414929151535034,-0.3369770348072052,-2.4542066611082562,0.9083009958267212,0.8143144249916077,-1.3034964799880981,3.391077756881714,1.006665825843811,1.3034964799880981
135.66666666666666,3.6866114139556885,1.466080904006958,-0.0031167492270469666,0.0017517320811748505,0.00588093651458621,0.9404587149620056,-0.3398521840572357,-2.448095350058595,0.8865762948989868,0.8144251704216003,-1.3034964799880981,3.410736322402954,1.006536841392517,1.3034964799880981
135.68333333333334,3.6866536140441895,1.466123342514038,-0.003116510808467865,0.0017327144742012024,0.005887230392545462,0.9394161105155945,-0.3427239656448364,-2.441985026580321,0.8648515939712524,0.8142275810241699,-1.3034964799880981,3.4303948879241943,1.0066665410995483,1.3034964799880981
135.7,3.6866953372955322,1.4661660194396973,-0.0031162649393081665,0.0017139986157417297,0.00589321693405509,0.9383644461631775,-0.34559276700019836,-2.4358738375180904,0.8431268930435181,0.8149240016937256,-1.3034964799880981,3.4500534534454346,1.0065641403198242,1.3034964799880981
135.71666666666667,3.686737298965454,1.4662091732025146,-0.003116004168987274,0.001693270169198513,0.005898157134652138,0.9373042583465576,-0.34845805168151855,-2.4297634786699476,0.8214021921157837,0.8135647177696228,-1.3034964799880981,3.4697105884552,1.0070061683654785,1.3034964799880981
135.73333333333332,3.6867783069610596,1.466252326965332,-0.0031157806515693665,0.0016746940091252327,0.005904275458306074,0.9362351894378662,-0.3513203263282776,-2.423652565358106,0.7996774911880493,0.813800036907196,-1.3034964799880981,3.4893691539764404,1.0063594579696655,1.3034964799880981
135.75,3.686819553375244,1.4662957191467285,-0.003115512430667877,0.0016556857153773308,0.005910201463848352,0.9351574182510376,-0.3541792631149292,-2.4175418021154744,0.7779527902603149,0.8151959776878357,-1.3034964799880981,3.5090277194976807,1.0066715478897095,1.3034964799880981
135.76666666666668,3.6868607997894287,1.466339349746704,-0.0031152814626693726,0.0016358355060219765,0.005915542133152485,0.9340710043907166,-0.35703444480895996,-2.4114318187615758,0.7562280893325806,0.8140415549278259,-1.3034964799880981,3.5286850929260254,1.0067161321640015,1.3034964799880981
135.78333333333333,3.686901092529297,1.4663830995559692,-0.0031150132417678833,0.0016158418729901314,0.005920774303376675,0.9329759478569031,-0.3598863482475281,-2.405321904812854,0.7345033884048462,0.8135733604431152,-1.3034964799880981,3.5483431816101074,1.0068097114562988,1.3034964799880981
135.8,3.686941385269165,1.4664274454116821,-0.0031147822737693787,0.0015975413843989372,0.005926731042563915,0.9318718314170837,-0.3627355098724365,-2.3992104740163422,0.7127786874771118,0.8154006600379944,-1.3034964799880981,3.568002462387085,1.0063450336456299,1.3034964799880981
135.81666666666666,3.6869819164276123,1.4664719104766846,-0.0031144991517066956,0.0015783607959747314,0.005932223051786423,0.9307591915130615,-0.3655809164047241,-2.3930998831323276,0.6910539865493774,0.8150837421417236,-1.3034964799880981,3.587660551071167,1.0065946578979492,1.3034964799880981
135.83333333333334,3.687021255493164,1.4665166139602661,-0.0031142905354499817,0.0015583708882331848,0.005937307141721249,0.9296380877494812,-0.36842262744903564,-2.386990112310981,0.6693292856216431,0.8142678737640381,-1.3034964799880981,3.60731840133667,1.006870150566101,1.3034964799880981
135.85,3.687060832977295,1.4665614366531372,-0.00311405211687088,0.001538209617137909,0.005942238494753838,0.9285082221031189,-0.3712610900402069,-2.380879911104185,0.6476045846939087,0.8135216236114502,-1.3034964799880981,3.626976728439331,1.006736159324646,1.3034964799880981
135.86666666666667,3.6870996952056885,1.466606616973877,-0.0031138211488723755,0.0015193093568086624,0.005947890691459179,0.9273695349693298,-0.37409642338752747,-2.3747689729726575,0.6258798837661743,0.8143895864486694,-1.3034964799880981,3.6466355323791504,1.0064773559570312,1.3034964799880981
135.88333333333333,3.687138557434082,1.4666517972946167,-0.0031135454773902893,0.001499430276453495,0.005952696315944195,0.9262223243713379,-0.3769277334213257,-2.368658992295502,0.6041551828384399,0.8148835897445679,-1.3034964799880981,3.6662933826446533,1.006780743598938,1.3034964799880981
135.9,3.6871776580810547,1.466697335243225,-0.0031133070588111877,0.0014810441061854362,0.0059583596885204315,0.9250661730766296,-0.37975621223449707,-2.3625475261585995,0.5824304819107056,0.8157469630241394,-1.3034964799880981,3.68595290184021,1.0062931776046753,1.3034964799880981
135.91666666666666,3.687215566635132,1.4667433500289917,-0.0031130611896514893,0.001461295410990715,0.005963181145489216,0.9239016771316528,-0.38258063793182373,-2.3564373022144105,0.5607057809829712,0.8151452541351318,-1.3034964799880981,3.7056117057800293,1.0067425966262817,1.3034964799880981
135.93333333333334,3.687253713607788,1.466789722442627,-0.003112807869911194,0.001442011445760727,0.0059684040024876595,0.9227283596992493,-0.3854016959667206,-2.3503264156994064,0.5389810800552368,0.815000593662262,-1.3034964799880981,3.7252702713012695,1.006622076034546,1.3034964799880981
135.95,3.687291383743286,1.4668357372283936,-0.0031125694513320923,0.0014229854568839073,0.005973603576421738,0.9215466380119324,-0.38821926712989807,-2.3442158265355917,0.5172563791275024,0.815350353717804,-1.3034964799880981,3.7449288368225098,1.0065621137619019,1.3034964799880981
135.96666666666667,3.687329053878784,1.466882348060608,-0.003112286329269409,0.0014017801731824875,0.005977458320558071,0.920356273651123,-0.39103275537490845,-2.33810570226572,0.49553167819976807,0.813557505607605,-1.3034964799880981,3.7645864486694336,1.00704824924469,1.3034964799880981
135.98333333333332,3.687366008758545,1.4669291973114014,-0.0031120702624320984,0.0013836007565259933,0.005983125418424606,0.9191571474075317,-0.3938431143760681,-2.3319946129648943,0.4738069772720337,0.8152590990066528,-1.3034964799880981,3.7842459678649902,1.006184697151184,1.3034964799880981
136.0,3.6874027252197266,1.4669761657714844,-0.003111816942691803,0.001362173818051815,0.0059868586249649525,0.9179496765136719,-0.3966493308544159,-2.3258845510957973,0.4520822763442993,0.8139548897743225,-1.3034964799880981,3.803903102874756,1.0071873664855957,1.3034964799880981
136.01666666666668,3.68743896484375,1.4670231342315674,-0.0031115859746932983,0.0013440689072012901,0.005992318503558636,0.9167333841323853,-0.3994522988796234,-2.319773441389427,0.43035757541656494,0.815280556678772,-1.3034964799880981,3.8235630989074707,1.0061070919036865,1.3034964799880981
136.03333333333333,3.6874754428863525,1.4670705795288086,-0.0031112954020500183,0.001323869451880455,0.005996402818709612,0.9155087471008301,-0.4022509455680847,-2.3136634828758433,0.40863287448883057,0.8156506419181824,-1.3034964799880981,3.8432209491729736,1.0069425106048584,1.3034964799880981
136.05,3.6875109672546387,1.4671183824539185,-0.0031110867857933044,0.0013041775673627853,0.006001151166856289,0.9142754077911377,-0.4050464332103729,-2.3075524671198666,0.3869081735610962,0.8138934373855591,-1.3034964799880981,3.862879514694214,1.0064549446105957,1.3034964799880981
136.06666666666666,3.687547445297241,1.4671663045883179,-0.003110833466053009,0.0012850146740674973,0.006005913484841585,0.9130334854125977,-0.4078381061553955,-2.301441395639371,0.3651834726333618,0.8155678510665894,-1.3034964799880981,3.882538318634033,1.006683111190796,1.3034964799880981
136.08333333333334,3.6875832080841064,1.4672144651412964,-0.0031105875968933105,0.0012648673728108406,0.006009761244058609,0.9117834568023682,-0.4106253981590271,-2.295331905734464,0.34345877170562744,0.8152261972427368,-1.3034964799880981,3.902195453643799,1.006729245185852,1.3034964799880981
136.1,3.6876184940338135,1.4672627449035645,-0.003110334277153015,0.0012454111129045486,0.006014509126543999,0.9105244874954224,-0.41340935230255127,-2.289220901964542,0.32173407077789307,0.814311683177948,-1.3034964799880981,3.92185378074646,1.0064458847045898,1.3034964799880981
136.11666666666667,3.687652826309204,1.467311143875122,-0.003110073506832123,0.0012252042070031166,0.006018438376486301,0.9092572927474976,-0.416189044713974,-2.2831109608076017,0.3000093698501587,0.8151434063911438,-1.3034964799880981,3.941511869430542,1.0068788528442383,1.3034964799880981
136.13333333333333,3.6876871585845947,1.467360019683838,-0.003109857439994812,0.0012046508491039276,0.006022186949849129,0.9079815745353699,-0.41896501183509827,-2.27700074432755,0.2782846689224243,0.8142293691635132,-1.3034964799880981,3.961170196533203,1.006679654121399,1.3034964799880981
136.15,3.6877214908599854,1.4674087762832642,-0.0031096115708351135,0.001185496337711811,0.006026700139045715,0.9066972732543945,-0.42173731327056885,-2.270890029187707,0.25655996799468994,0.8148719668388367,-1.3034964799880981,3.9808292388916016,1.0064336061477661,1.3034964799880981
136.16666666666666,3.6877546310424805,1.467457890510559,-0.003109365701675415,0.0011672470718622208,0.00603163568302989,0.9054043889045715,-0.4245055615901947,-2.264779200578789,0.23483505845069885,0.8175135850906372,-1.3034964799880981,4.00048828125,1.0063549280166626,1.3034964799880981
136.18333333333334,3.687788486480713,1.4675073623657227,-0.0031091198325157166,0.0011462904512882233,0.006034606136381626,0.9041033387184143,-0.4272697865962982,-2.258669023812737,0.21310998499393463,0.8150034546852112,-1.3034964799880981,4.020143985748291,1.0069178342819214,1.3034964799880981
136.2,3.687821626663208,1.4675569534301758,-0.0031088590621948242,0.001127307303249836,0.006039291620254517,0.9027935266494751,-0.43003013730049133,-2.2525580412935122,0.19138480722904205,0.815399169921875,-1.3034964799880981,4.039802074432373,1.0063461065292358,1.3034964799880981
136.21666666666667,3.687854766845703,1.467606544494629,-0.0031086206436157227,0.0011070165783166885,0.006042626686394215,0.9014756083488464,-0.43278610706329346,-2.246448163994845,0.16965964436531067,0.8158294558525085,-1.3034964799880981,4.059460163116455,1.0068743228912354,1.3034964799880981
136.23333333333332,3.687887668609619,1.4676564931869507,-0.0031083673238754272,0.001086592674255371,0.006046293303370476,0.9001493453979492,-0.43553805351257324,-2.240338432844289,0.14793464541435242,0.8139069080352783,-1.3034964799880981,4.079118728637695,1.0065908432006836,1.3034964799880981
136.25,3.6879196166992188,1.4677067995071411,-0.0031081661581993103,0.0010675182566046715,0.0060506295412778854,0.8988144397735596,-0.43828630447387695,-2.2342277653908025,0.12620946764945984,0.8158794641494751,-1.3034964799880981,4.098776817321777,1.0064818859100342,1.3034964799880981
136.26666666666668,3.6879525184631348,1.4677571058273315,-0.003107890486717224,0.0010472238063812256,0.006053750403225422,0.8974713087081909,-0.4410301446914673,-2.2281177965984287,0.10448453575372696,0.8158977627754211,-1.3034964799880981,4.118434429168701,1.006721019744873,1.3034964799880981
136.28333333333333,3.687983512878418,1.4678077697753906,-0.0031076446175575256,0.0010280078276991844,0.006057911552488804,0.8961195945739746,-0.44377002120018005,-2.222007214956198,0.08275959640741348,0.8151132464408875,-1.3034964799880981,4.138092041015625,1.006334662437439,1.3034964799880981
136.3,3.6880154609680176,1.4678585529327393,-0.0031073614954948425,0.0010080477222800255,0.006061211694031954,0.8947595953941345,-0.446505606174469,-2.2158969548789322,0.061034657061100006,0.8167564272880554,-1.3034964799880981,4.157750129699707,1.006856083869934,1.3034964799880981
136.31666666666666,3.68804669380188,1.467909574508667,-0.0031071454286575317,0.000987926498055458,0.006064543500542641,0.8933914303779602,-0.4492371678352356,-2.2097869721247227,0.03930971771478653,0.8148931860923767,-1.3034964799880981,4.1774091720581055,1.0064516067504883,1.3034964799880981
136.33333333333334,3.688077449798584,1.4679605960845947,-0.0031068995594978333,0.000968223437666893,0.006068336311727762,0.8920146822929382,-0.45196473598480225,-2.2036762241073626,0.017584778368473053,0.8154628276824951,-1.3034964799880981,4.1970672607421875,1.0066570043563843,1.3034964799880981
136.35,3.688107967376709,1.4680119752883911,-0.003106646239757538,0.0009479112923145294,0.006071343552321196,0.890629768371582,-0.4546877145767212,-2.19756622407177,-0.004140167962759733,0.8160697221755981,-1.3034964799880981,4.2167253494262695,1.0067315101623535,1.3034964799880981
136.36666666666667,3.688138008117676,1.4680635929107666,-0.0031063854694366455,0.0009289169684052467,0.0060753109864890575,0.8892364501953125,-0.45740649104118347,-2.191455994373355,-0.025865117087960243,0.8161126971244812,-1.3034964799880981,4.23638391494751,1.0062212944030762,1.3034964799880981
136.38333333333333,3.6881680488586426,1.4681153297424316,-0.003106147050857544,0.0009088655933737755,0.0060781752690672874,0.8878349661827087,-0.4601208567619324,-2.185346195966937,-0.04759005829691887,0.8166291117668152,-1.3034964799880981,4.256042003631592,1.006813406944275,1.3034964799880981
136.4,3.6881978511810303,1.4681670665740967,-0.0031058937311172485,0.0008885767310857773,0.006081289146095514,0.8864251375198364,-0.46283119916915894,-2.1792359871478513,-0.06931500136852264,0.8151695132255554,-1.3034964799880981,4.27570104598999,1.0065675973892212,1.3034964799880981
136.41666666666666,3.6882269382476807,1.4682191610336304,-0.0031056776642799377,0.0008687544614076614,0.006084525026381016,0.8850069642066956,-0.46553727984428406,-2.173125559384272,-0.09103994071483612,0.8157164454460144,-1.3034964799880981,4.295358180999756,1.0065997838974,1.3034964799880981
136.43333333333334,3.688255786895752,1.4682716131210327,-0.0031054019927978516,0.000848705880343914,0.006087194662541151,0.8835805654525757,-0.468238890171051,-2.1670153294039562,-0.1127648800611496,0.8165560364723206,-1.3034964799880981,4.315016269683838,1.0066066980361938,1.3034964799880981
136.45,3.6882848739624023,1.4683243036270142,-0.00310516357421875,0.0008284179493784904,0.006090129725635052,0.8821459412574768,-0.47093600034713745,-2.1609052841138996,-0.13448992371559143,0.8152483701705933,-1.3034964799880981,4.334675312042236,1.0065760612487793,1.3034964799880981
136.46666666666667,3.6883132457733154,1.4683767557144165,-0.0031049400568008423,0.0008099479600787163,0.006094128824770451,0.8807030320167542,-0.4736288785934448,-2.154794989503618,-0.15621508657932281,0.817345917224884,-1.3034964799880981,4.354334831237793,1.0062358379364014,1.3034964799880981
136.48333333333332,3.688340663909912,1.468429684638977,-0.0031046420335769653,0.000788138248026371,0.006095554679632187,0.879252016544342,-0.47631722688674927,-2.148685000695394,-0.177940234541893,0.8157902956008911,-1.3034964799880981,4.373992443084717,1.0072007179260254,1.3034964799880981
136.5,3.688368797302246,1.468482494354248,-0.0031044557690620422,0.0007688663899898529,0.006098988465964794,0.8777925968170166,-0.4790014326572418,-2.1425743035851657,-0.19966541230678558,0.8150161504745483,-1.3034964799880981,4.393650531768799,1.0061310529708862,1.3034964799880981
136.51666666666668,3.6883962154388428,1.4685354232788086,-0.0031041353940963745,0.0007484192028641701,0.006101198494434357,0.8763251304626465,-0.481680691242218,-2.136464381902464,-0.2213904708623886,0.8169006109237671,-1.3034964799880981,4.4133076667785645,1.0069847106933594,1.3034964799880981
136.53333333333333,3.6884233951568604,1.4685885906219482,-0.0031039342284202576,0.0007298551499843597,0.0061049144715070724,0.8748493790626526,-0.4843559265136719,-2.1303538033036036,-0.2431156486272812,0.8171515464782715,-1.3034964799880981,4.432966709136963,1.0060092210769653,1.3034964799880981
136.55,3.6884498596191406,1.468641757965088,-0.003103680908679962,0.0007090345025062561,0.00610676035284996,0.8733656406402588,-0.4870264530181885,-2.1242437865321673,-0.2648405134677887,0.8160436749458313,-1.3034964799880981,4.452624320983887,1.0069494247436523,1.3034964799880981
136.56666666666666,3.6884758472442627,1.4686955213546753,-0.0031034499406814575,0.0006882008165121078,0.00610884977504611,0.8718736171722412,-0.4896923303604126,-2.1181335435431903,-0.28656521439552307,0.8153172135353088,-1.3034964799880981,4.472283363342285,1.0067689418792725,1.3034964799880981
136.58333333333334,3.6885018348693848,1.4687491655349731,-0.003103196620941162,0.0006688619032502174,0.006112013943493366,0.8703733682632446,-0.4923539161682129,-2.112022865312129,-0.30828991532325745,0.8161641359329224,-1.3034964799880981,4.491941928863525,1.006263017654419,1.3034964799880981
136.6,3.6885275840759277,1.4688032865524292,-0.003102920949459076,0.0006487881764769554,0.00611401442438364,0.8688650131225586,-0.49501076340675354,-2.105912331631648,-0.3300146162509918,0.8172103762626648,-1.3034964799880981,4.511600017547607,1.0066816806793213,1.3034964799880981
136.61666666666667,3.6885533332824707,1.4688575267791748,-0.003102712333202362,0.0006284620612859726,0.0061163632199168205,0.8673486709594727,-0.4976630210876465,-2.0998020841193292,-0.3517393171787262,0.8161401748657227,-1.3034964799880981,4.531259059906006,1.00655996799469,1.3034964799880981
136.63333333333333,3.6885788440704346,1.4689115285873413,-0.0031024888157844543,0.0006091417744755745,0.006119199097156525,0.8658239245414734,-0.5003108978271484,-2.093690856896344,-0.37346401810646057,0.8169739246368408,-1.3034964799880981,4.550917148590088,1.0063729286193848,1.3034964799880981
136.65,3.688603162765503,1.468965768814087,-0.003102220594882965,0.0005889683961868286,0.006121054291725159,0.8642914891242981,-0.5029536485671997,-2.087580981648551,-0.39518871903419495,0.8172541260719299,-1.3034964799880981,4.570575714111328,1.0066940784454346,1.3034964799880981
136.66666666666666,3.6886274814605713,1.4690203666687012,-0.003101937472820282,0.0005683796480298042,0.006122985854744911,0.8627508282661438,-0.5055918097496033,-2.081470619565514,-0.4169134199619293,0.8153771758079529,-1.3034964799880981,4.590235233306885,1.0065574645996094,1.3034964799880981
136.68333333333334,3.6886510848999023,1.4690752029418945,-0.003101736307144165,0.0005492391064763069,0.0061257933266460896,0.8612018823623657,-0.5082257390022278,-2.075359293999091,-0.4386381208896637,0.8174926042556763,-1.3034964799880981,4.609893798828125,1.0063871145248413,1.3034964799880981
136.7,3.6886751651763916,1.469130039215088,-0.003101460635662079,0.0005286829546093941,0.006127169355750084,0.8596452474594116,-0.5108543634414673,-2.0692492817343697,-0.46036282181739807,0.8171162605285645,-1.3034964799880981,4.629551887512207,1.0067753791809082,1.3034964799880981
136.71666666666667,3.6886982917785645,1.4691849946975708,-0.0031011998653411865,0.0005082394927740097,0.006129012443125248,0.8580804467201233,-0.5134783387184143,-2.063138823974238,-0.48208752274513245,0.815022349357605,-1.3034964799880981,4.649211406707764,1.0064921379089355,1.3034964799880981
136.73333333333332,3.688721179962158,1.4692401885986328,-0.003100976347923279,0.0004887618124485016,0.006131429690867662,0.8565075397491455,-0.516097903251648,-2.057027832836353,-0.5038122534751892,0.8176023364067078,-1.3034964799880981,4.668868541717529,1.0065228939056396,1.3034964799880981
136.75,3.6887435913085938,1.4692955017089844,-0.0031007081270217896,0.000467945821583271,0.006132396869361401,0.8549268841743469,-0.5187121033668518,-2.0509178702118196,-0.5255369544029236,0.8165223002433777,-1.3034964799880981,4.688526153564453,1.0067206621170044,1.3034964799880981
136.76666666666668,3.6887662410736084,1.469350814819336,-0.0031005144119262695,0.00044891051948070526,0.006135201081633568,0.8533381223678589,-0.5213217735290527,-2.044807391634748,-0.547261655330658,0.8171053528785706,-1.3034964799880981,4.70818567276001,1.0061705112457275,1.3034964799880981
136.78333333333333,3.688788652420044,1.469406247138977,-0.0031002312898635864,0.0004284484311938286,0.006136343814432621,0.851741373538971,-0.523926317691803,-2.038697015925577,-0.5689863562583923,0.8175428509712219,-1.3034964799880981,4.727843284606934,1.0068265199661255,1.3034964799880981
136.8,3.688810110092163,1.4694616794586182,-0.003099985420703888,0.0004085563123226166,0.006138432305306196,0.8501365780830383,-0.5265262722969055,-2.03258618678293,-0.5907110571861267,0.8163684606552124,-1.3034964799880981,4.747500896453857,1.0063620805740356,1.3034964799880981
136.81666666666666,3.6888320446014404,1.4695175886154175,-0.0030997321009635925,0.0003887265920639038,0.006139891687780619,0.8485239148139954,-0.5291212201118469,-2.0264755904673226,-0.6124357581138611,0.8177016973495483,-1.3034964799880981,4.767158508300781,1.0066488981246948,1.3034964799880981
136.83333333333334,3.6888530254364014,1.4695736169815063,-0.003099478781223297,0.00036803632974624634,0.006141060031950474,0.846903383731842,-0.5317111611366272,-2.0203651711908974,-0.6341604590415955,0.8165202736854553,-1.3034964799880981,4.786816596984863,1.006616473197937,1.3034964799880981
136.85,3.6888740062713623,1.4696297645568848,-0.0030992478132247925,0.00034818705171346664,0.006142898462712765,0.845274806022644,-0.5342962741851807,-2.014254307924847,-0.6558851599693298,0.816339373588562,-1.3034964799880981,4.806473731994629,1.0064448118209839,1.3034964799880981
136.86666666666667,3.688894271850586,1.4696859121322632,-0.0030989870429039,0.0003281170502305031,0.006144077517092228,0.8436384201049805,-0.5368763208389282,-2.0081437006691125,-0.6776098608970642,0.8180011510848999,-1.3034964799880981,4.8261308670043945,1.0066254138946533,1.3034964799880981
136.88333333333333,3.6889142990112305,1.4697421789169312,-0.003098726272583008,0.0003075236454606056,0.006144894286990166,0.8419944643974304,-0.5394511222839355,-2.0020340446684304,-0.6993345618247986,0.8163371682167053,-1.3034964799880981,4.845788955688477,1.0065617561340332,1.3034964799880981
136.9,3.688934326171875,1.4697986841201782,-0.003098495304584503,0.0002873418852686882,0.006146445404738188,0.8403422832489014,-0.5420210361480713,-1.9959233485834382,-0.721059262752533,0.8165569305419922,-1.3034964799880981,4.865447521209717,1.0065569877624512,1.3034964799880981
136.91666666666666,3.688953399658203,1.4698550701141357,-0.0030982419848442078,0.0002666963264346123,0.006146840751171112,0.8386824131011963,-0.5445859432220459,-1.989812993761137,-0.7427839636802673,0.81717848777771,-1.3034964799880981,4.885104656219482,1.006752371788025,1.3034964799880981
136.93333333333334,3.688971996307373,1.4699115753173828,-0.003098003566265106,0.00024698488414287567,0.006148677319288254,0.8370146155357361,-0.5471458435058594,-1.9837023673972345,-0.7645086646080017,0.8167494535446167,-1.3034964799880981,4.904763221740723,1.0062531232833862,1.3034964799880981
136.95,3.688990592956543,1.469968557357788,-0.003097750246524811,0.00022674817591905594,0.006149320397526026,0.8353390097618103,-0.5497006177902222,-1.9775917390204008,-0.7862333655357361,0.8176435828208923,-1.3034964799880981,4.924421310424805,1.0066885948181152,1.3034964799880981
136.96666666666667,3.6890087127685547,1.4700254201889038,-0.0030974969267845154,0.00020596012473106384,0.006149914115667343,0.8336557149887085,-0.5522502064704895,-1.9714814307152009,-0.8079580664634705,0.8167977929115295,-1.3034964799880981,4.944080352783203,1.0066802501678467,1.3034964799880981
136.98333333333332,3.6890270709991455,1.470082402229309,-0.003097258508205414,0.00018638931214809418,0.006151381880044937,0.831964373588562,-0.5547949075698853,-1.965370278660741,-0.8296827673912048,0.8170076608657837,-1.3034964799880981,4.963738441467285,1.0062578916549683,1.3034964799880981
137.0,3.6890437602996826,1.4701393842697144,-0.0030969977378845215,0.0001661023125052452,0.006151846144348383,0.8302654027938843,-0.5573340654373169,-1.9592596965261204,-0.8514074683189392,0.8185223340988159,-1.3034964799880981,4.983395099639893,1.0067487955093384,1.3034964799880981
137.01666666666668,3.689060926437378,1.4701967239379883,-0.0030967295169830322,0.0001455117017030716,0.0061523159965872765,0.8285589218139648,-0.5598679184913635,-1.9531498126572866,-0.8731321692466736,0.8163677453994751,-1.3034964799880981,5.003053188323975,1.0064541101455688,1.3034964799880981
137.03333333333333,3.689077854156494,1.4702541828155518,-0.003096558153629303,0.00012592226266860962,0.006153777241706848,0.8268445134162903,-0.5623968839645386,-1.9470392351400834,-0.894856870174408,0.8177474141120911,-1.3034964799880981,5.022711753845215,1.0064465999603271,1.3034964799880981
137.05,3.689094066619873,1.4703118801116943,-0.00309627503156662,0.0001056445762515068,0.006154033355414867,0.8251224756240845,-0.5649204254150391,-1.9409289720450924,-0.9165815711021423,0.8183205723762512,-1.3034964799880981,5.042368412017822,1.0066074132919312,1.3034964799880981
137.06666666666666,3.6891098022460938,1.4703694581985474,-0.0030960217118263245,8.562114089727402e-05,0.006154811941087246,0.8233925700187683,-0.5674388408660889,-1.9348181942253568,-0.9383062720298767,0.8172216415405273,-1.3034964799880981,5.062026500701904,1.006372094154358,1.3034964799880981
137.08333333333334,3.6891257762908936,1.47042715549469,-0.0030957460403442383,6.471574306488037e-05,0.006154806353151798,0.8216552138328552,-0.5699515342712402,-1.9287082727851008,-0.9600309729576111,0.8171336054801941,-1.3034964799880981,5.0816850662231445,1.0068720579147339,1.3034964799880981
137.1,3.689141273498535,1.4704848527908325,-0.0030955523252487183,4.5367516577243805e-05,0.00615598913282156,0.8199101090431213,-0.5724591612815857,-1.9225980267181841,-0.9817556738853455,0.8181300759315491,-1.3034964799880981,5.101344108581543,1.0061588287353516,1.3034964799880981
137.11666666666667,3.6891560554504395,1.4705426692962646,-0.003095284104347229,2.5219283998012543e-05,0.006155969575047493,0.8181573152542114,-0.5749614834785461,-1.916487633119764,-1.0034804344177246,0.8185364007949829,-1.3034964799880981,5.121001243591309,1.0066044330596924,1.3034964799880981
137.13333333333333,3.6891708374023438,1.4706003665924072,-0.0030950531363487244,5.273148417472839e-06,0.00615681242197752,0.8163968324661255,-0.577458381652832,-1.910377152811454,-1.025205135345459,0.8178685307502747,-1.3034964799880981,5.140659809112549,1.0064538717269897,1.3034964799880981
137.15,3.68918514251709,1.470658540725708,-0.003094777464866638,-1.4989636838436127e-05,0.006156607531011105,0.8146287798881531,-0.5799500346183777,-1.9042667063862166,-1.0469298362731934,0.8178616762161255,-1.3034964799880981,5.160316467285156,1.0066195726394653,1.3034964799880981
137.16666666666666,3.689199209213257,1.4707164764404297,-0.0030945315957069397,-3.574695438146591e-05,0.006156468763947487,0.8128530979156494,-0.582436203956604,-1.8981562310497841,-1.0686545372009277,0.8171678185462952,-1.3034964799880981,5.1799750328063965,1.006661057472229,1.3034964799880981
137.18333333333334,3.689213275909424,1.4707746505737305,-0.003094315528869629,-5.604419857263565e-05,0.006156698800623417,0.8110699653625488,-0.5849169492721558,-1.8920461321947675,-1.090379238128662,0.8168909549713135,-1.3034964799880981,5.1996331214904785,1.0064752101898193,1.3034964799880981
137.2,3.6892263889312744,1.4708330631256104,-0.0030940398573875427,-7.623434066772461e-05,0.006156355142593384,0.8092791438102722,-0.5873918533325195,-1.8859358942549287,-1.1121039390563965,0.8182281255722046,-1.3034964799880981,5.219290733337402,1.0065540075302124,1.3034964799880981
137.21666666666667,3.689239501953125,1.4708913564682007,-0.003093816339969635,-9.56682488322258e-05,0.006157273892313242,0.807481050491333,-0.5898613929748535,-1.879826391999725,-1.1338286399841309,0.8188366293907166,-1.3034964799880981,5.238951683044434,1.0061962604522705,1.3034964799880981
137.23333333333332,3.68925142288208,1.470949649810791,-0.003093525767326355,-0.00011599250137805939,0.006156742572784424,0.8056752681732178,-0.5923253297805786,-1.8737164851418402,-1.1555533409118652,0.8182478547096252,-1.3034964799880981,5.258608341217041,1.0066766738891602,1.3034964799880981
137.25,3.6892642974853516,1.4710081815719604,-0.0030932947993278503,-0.00013700686395168304,0.006156018935143948,0.8038619160652161,-0.5947839617729187,-1.8676063270404601,-1.1772780418395996,0.8171522617340088,-1.3034964799880981,5.2782673835754395,1.0067505836486816,1.3034964799880981
137.26666666666668,3.6892759799957275,1.4710668325424194,-0.003093048930168152,-0.00015677697956562042,0.006156393326818943,0.8020408153533936,-0.5972373485565186,-1.8614953887800434,-1.199002742767334,0.817541241645813,-1.3034964799880981,5.29792594909668,1.006267786026001,1.3034964799880981
137.28333333333333,3.6892874240875244,1.4711252450942993,-0.0030928030610084534,-0.00017739087343215942,0.006155494600534439,0.8002124428749084,-0.5996849536895752,-1.8553851023175354,-1.2207274436950684,0.8182923793792725,-1.3034964799880981,5.3175835609436035,1.0067460536956787,1.3034964799880981
137.3,3.689298629760742,1.4711838960647583,-0.003092564642429352,-0.00019691605120897293,0.006155919283628464,0.7983765006065369,-0.6021268367767334,-1.8492746322645992,-1.2424521446228027,0.8183484673500061,-1.3034964799880981,5.337243556976318,1.0061869621276855,1.3034964799880981
137.31666666666666,3.689309597015381,1.4712425470352173,-0.0030922964215278625,-0.00021757185459136963,0.006154758855700493,0.7965333461761475,-0.6045632362365723,-1.843164719629389,-1.264176845550537,0.8182070851325989,-1.3034964799880981,5.356901168823242,1.0068206787109375,1.3034964799880981
137.33333333333334,3.689319372177124,1.4713014364242554,-0.0030920952558517456,-0.00023676548153162003,0.006155438255518675,0.7946826219558716,-0.6069937944412231,-1.837054571154372,-1.2859015464782715,0.8189491033554077,-1.3034964799880981,5.376560688018799,1.006066083908081,1.3034964799880981
137.35,3.6893296241760254,1.4713603258132935,-0.0030917897820472717,-0.00025829486548900604,0.006153467111289501,0.7928246855735779,-0.609418511390686,-1.8309449878152273,-1.3076262474060059,0.8174688220024109,-1.3034964799880981,5.396217346191406,1.0070984363555908,1.3034964799880981
137.36666666666667,3.6893391609191895,1.471419095993042,-0.003091581165790558,-0.00027737952768802643,0.006153926718980074,0.790959358215332,-0.6118377447128296,-1.8248354103189075,-1.3293509483337402,0.8184954524040222,-1.3034964799880981,5.415876388549805,1.0059908628463745,1.3034964799880981
137.38333333333333,3.6893486976623535,1.47147798538208,-0.0030913129448890686,-0.0002978537231683731,0.006152696907520294,0.7890864014625549,-0.6142513751983643,-1.8187250671621675,-1.3510756492614746,0.8191458582878113,-1.3034964799880981,5.4355340003967285,1.0067408084869385,1.3034964799880981
137.4,3.6893577575683594,1.4715371131896973,-0.003091096878051758,-0.00031784456223249435,0.006152508780360222,0.7872061133384705,-0.6166591644287109,-1.8126148857797013,-1.372800350189209,0.8180045485496521,-1.3034964799880981,5.455193042755127,1.0063482522964478,1.3034964799880981
137.41666666666666,3.6893668174743652,1.4715962409973145,-0.0030908361077308655,-0.00033811014145612717,0.006151233799755573,0.7853186726570129,-0.6190611124038696,-1.8065052481302224,-1.3945250511169434,0.8185847997665405,-1.3034964799880981,5.474850177764893,1.0066494941711426,1.3034964799880981
137.43333333333334,3.6893749237060547,1.4716554880142212,-0.003090597689151764,-0.0003585638478398323,0.0061503066681325436,0.783423662185669,-0.6214574575424194,-1.800394890931792,-1.4162497520446777,0.8180477619171143,-1.3034964799880981,5.494508743286133,1.006494164466858,1.3034964799880981
137.45,3.689382314682007,1.4717146158218384,-0.0030903518199920654,-0.00037895236164331436,0.006149200722575188,0.7815215587615967,-0.6238478422164917,-1.794285194249386,-1.437974452972412,0.8174647092819214,-1.3034964799880981,5.514166355133057,1.0065195560455322,1.3034964799880981
137.46666666666667,3.689390182495117,1.4717737436294556,-0.003090105950832367,-0.0003989171236753464,0.00614866241812706,0.7796120047569275,-0.6262326240539551,-1.7881750045517106,-1.4596991539001465,0.8190715909004211,-1.3034964799880981,5.533825874328613,1.006482481956482,1.3034964799880981
137.48333333333332,3.6893973350524902,1.4718329906463623,-0.0030898302793502808,-0.00041891448199748993,0.006147217471152544,0.77769535779953,-0.6286110877990723,-1.7820654606751714,-1.4814238548278809,0.8189086318016052,-1.3034964799880981,5.553483963012695,1.0063930749893188,1.3034964799880981
137.5,3.689404010772705,1.471892237663269,-0.00308961421251297,-0.00043971091508865356,0.006145788356661797,0.7757713794708252,-0.6309839487075806,-1.775955624091385,-1.5031485557556152,0.8178747892379761,-1.3034964799880981,5.573142051696777,1.0067189931869507,1.3034964799880981
137.51666666666668,3.689410924911499,1.4719513654708862,-0.0030893534421920776,-0.0004586242139339447,0.006145867519080639,0.7738401293754578,-0.6333509683609009,-1.7698457266506358,-1.5248732566833496,0.8196263313293457,-1.3034964799880981,5.592802047729492,1.0060757398605347,1.3034964799880981
137.53333333333333,3.6894171237945557,1.4720109701156616,-0.0030891001224517822,-0.0004802020266652107,0.006142891012132168,0.7719018459320068,-0.6357117891311646,-1.7637363627211349,-1.546597957611084,0.8183133602142334,-1.3034964799880981,5.612459182739258,1.0071319341659546,1.3034964799880981
137.55,3.689422845840454,1.472070336341858,-0.0030888840556144714,-0.0004998920485377312,0.006142412777990103,0.7699561715126038,-0.6380670666694641,-1.7576264272032638,-1.5683226585388184,0.8174168467521667,-1.3034964799880981,5.6321187019348145,1.0060641765594482,1.3034964799880981
137.56666666666666,3.6894283294677734,1.4721297025680542,-0.0030886083841323853,-0.0005200179293751717,0.006140507757663727,0.7680031657218933,-0.6404162645339966,-1.7515160885126313,-1.5900473594665527,0.8198836445808411,-1.3034964799880981,5.65177583694458,1.0067566633224487,1.3034964799880981
137.58333333333334,3.6894330978393555,1.4721894264221191,-0.003088332712650299,-0.0005405433475971222,0.006138738710433245,0.7660434246063232,-0.6427592635154724,-1.7454070199456904,-1.611772060394287,0.818049430847168,-1.3034964799880981,5.6714348793029785,1.0063966512680054,1.3034964799880981
137.6,3.6894376277923584,1.4722487926483154,-0.003088124096393585,-0.0005605146288871765,0.006137813441455364,0.764075756072998,-0.645097017288208,-1.739295602003679,-1.6334967613220215,0.8182218074798584,-1.3034964799880981,5.691093444824219,1.0064425468444824,1.3034964799880981
137.61666666666667,3.6894421577453613,1.4723083972930908,-0.003087863326072693,-0.0005810000002384186,0.006135472562164068,0.7621013522148132,-0.6474282741546631,-1.7331853834190107,-1.6552214622497559,0.8194249272346497,-1.3034964799880981,5.710751533508301,1.0067449808120728,1.3034964799880981
137.63333333333333,3.689446210861206,1.4723682403564453,-0.0030876174569129944,-0.0006005372852087021,0.006134729366749525,0.7601196765899658,-0.6497538089752197,-1.727074685367619,-1.6769461631774902,0.8187244534492493,-1.3034964799880981,5.730411052703857,1.006045937538147,1.3034964799880981
137.65,3.6894495487213135,1.4724277257919312,-0.0030873864889144897,-0.0006205243989825249,0.006132741458714008,0.758131206035614,-0.6520729064941406,-1.720964887380156,-1.6986708641052246,0.8200281262397766,-1.3034964799880981,5.750070095062256,1.0066696405410767,1.3034964799880981
137.66666666666666,3.689453125,1.472487211227417,-0.0030871182680130005,-0.0006410786882042885,0.006130462512373924,0.7561355829238892,-0.6543859243392944,-1.7148548655138607,-1.720395565032959,0.8186277747154236,-1.3034964799880981,5.769728660583496,1.006550669670105,1.3034964799880981
137.68333333333334,3.689455986022949,1.4725468158721924,-0.003086887300014496,-0.0006605898961424828,0.006129461340606213,0.7541326284408569,-0.6566931009292603,-1.7087440519189216,-1.7421202659606934,0.8188427090644836,-1.3034964799880981,5.789389133453369,1.0062230825424194,1.3034964799880981
137.7,3.689458131790161,1.4726065397262573,-0.0030866116285324097,-0.0006804158911108971,0.006127530708909035,0.7521228194236755,-0.6589939594268799,-1.7026337742525732,-1.7638449668884277,0.8205928802490234,-1.3034964799880981,5.809048175811768,1.0066044330596924,1.3034964799880981
137.71666666666667,3.689460515975952,1.4726662635803223,-0.003086365759372711,-0.0007010232657194138,0.006125061772763729,0.7501059770584106,-0.6612887382507324,-1.6965234325724479,-1.785569667816162,0.8179926872253418,-1.3034964799880981,5.828706741333008,1.0064955949783325,1.3034964799880981
137.73333333333332,3.6894619464874268,1.4727259874343872,-0.003086172044277191,-0.0007212860509753227,0.00612297561019659,0.7480820417404175,-0.6635776162147522,-1.690412796566607,-1.8072943687438965,0.8186107277870178,-1.3034964799880981,5.848364353179932,1.0065803527832031,1.3034964799880981
137.75,3.6894633769989014,1.4727857112884521,-0.003085896372795105,-0.000741804949939251,0.006120277568697929,0.7460511326789856,-0.665860116481781,-1.684302207949749,-1.8290190696716309,0.8189640641212463,-1.3034964799880981,5.86802339553833,1.0065672397613525,1.3034964799880981
137.76666666666668,3.6894643306732178,1.472845435142517,-0.0030856654047966003,-0.0007613543421030045,0.006118897348642349,0.7440133094787598,-0.6681364178657532,-1.678191792335955,-1.8507437705993652,0.8190325498580933,-1.3034964799880981,5.887683391571045,1.0061779022216797,1.3034964799880981
137.78333333333333,3.689464807510376,1.4729050397872925,-0.003085389733314514,-0.0007820324972271919,0.006115722469985485,0.7419685125350952,-0.6704064607620239,-1.67208125663479,-1.8724684715270996,0.8193568587303162,-1.3034964799880981,5.9073405265808105,1.0068366527557373,1.3034964799880981
137.8,3.689465284347534,1.4729647636413574,-0.0030851587653160095,-0.0008016284555196762,0.0061142537742853165,0.7399168014526367,-0.6726701259613037,-1.6659708155484367,-1.894193172454834,0.8191155791282654,-1.3034964799880981,5.927000045776367,1.0061322450637817,1.3034964799880981
137.81666666666666,3.689465284347534,1.4730243682861328,-0.003084897994995117,-0.0008216099813580513,0.006111598573625088,0.7378582954406738,-0.6749274730682373,-1.6598606654974561,-1.9159178733825684,0.8200460076332092,-1.3034964799880981,5.946659088134766,1.0066052675247192,1.3034964799880981
137.83333333333334,3.689465045928955,1.4730842113494873,-0.003084637224674225,-0.0008420506492257118,0.0061086975038051605,0.735792875289917,-0.6771785020828247,-1.6537504354908334,-1.9376425743103027,0.8189945816993713,-1.3034964799880981,5.966317653656006,1.0065361261367798,1.3034964799880981
137.85,3.6894640922546387,1.4731438159942627,-0.0030843988060951233,-0.0008623572066426277,0.006106196902692318,0.7337203025817871,-0.6794235706329346,-1.647639371365107,-1.959367275238037,0.8184754848480225,-1.3034964799880981,5.985976696014404,1.0064691305160522,1.3034964799880981
137.86666666666667,3.6894631385803223,1.473203420639038,-0.0030841752886772156,-0.0008813347667455673,0.006104832980781794,0.7316410541534424,-0.6816620826721191,-1.6415288520833677,-1.9810919761657715,0.8210979104042053,-1.3034964799880981,6.005635738372803,1.0061808824539185,1.3034964799880981
137.88333333333333,3.689462184906006,1.4732632637023926,-0.0030838772654533386,-0.0009025325998663902,0.0061007398180663586,0.7295551300048828,-0.683894157409668,-1.6354187074423054,-2.002817153930664,0.8187059760093689,-1.3034964799880981,6.025293350219727,1.0069308280944824,1.3034964799880981
137.9,3.6894607543945312,1.4733229875564575,-0.0030836686491966248,-0.0009222067892551422,0.006098766811192036,0.7274619936943054,-0.6861201524734497,-1.6293074539901318,-2.024545669555664,0.8186300992965698,-1.3034964799880981,6.044953346252441,1.0062074661254883,1.3034964799880981
137.91666666666666,3.6894588470458984,1.4733829498291016,-0.0030834227800369263,-0.0009421119466423988,0.0060955858789384365,0.7253625392913818,-0.6883394718170166,-1.6231975316346554,-2.046274185180664,0.8207162022590637,-1.3034964799880981,6.064612865447998,1.0066146850585938,1.3034964799880981
137.93333333333334,3.6894562244415283,1.4734424352645874,-0.003083169460296631,-0.0009625665843486786,0.006092214956879616,0.7232561707496643,-0.690552294254303,-1.6170872053008363,-2.068002700805664,0.8184388875961304,-1.3034964799880981,6.0842719078063965,1.0064289569854736,1.3034964799880981
137.95,3.689452886581421,1.473502278327942,-0.003082960844039917,-0.0009822426363825798,0.00609013345092535,0.7211428880691528,-0.6927589178085327,-1.6109764353871292,-2.089731216430664,0.8195701837539673,-1.3034964799880981,6.103931427001953,1.0064080953598022,1.3034964799880981
137.96666666666667,3.6894495487213135,1.4735620021820068,-0.003082677721977234,-0.0010026246309280396,0.006086395122110844,0.7190229296684265,-0.6949589252471924,-1.6048657937386106,-2.111459732055664,0.8200469017028809,-1.3034964799880981,6.123590469360352,1.0066826343536377,1.3034964799880981
137.98333333333332,3.689445972442627,1.4736216068267822,-0.003082461655139923,-0.00102201197296381,0.006084254942834377,0.7168962955474854,-0.6971525549888611,-1.5987552898172779,-2.133188247680664,0.8195091485977173,-1.3034964799880981,6.143249988555908,1.0060511827468872,1.3034964799880981
138.0,3.6894419193267822,1.4736814498901367,-0.003082185983657837,-0.001041823998093605,0.006080825813114643,0.7147630453109741,-0.6993395090103149,-1.5926449770074986,-2.154916763305664,0.8210926651954651,-1.3034964799880981,6.162909030914307,1.0066752433776855,1.3034964799880981
138.01666666666668,3.6894373893737793,1.4737406969070435,-0.0030819177627563477,-0.0010622264817357063,0.006077216938138008,0.7126233577728271,-0.7015197277069092,-1.586535328165943,-2.176645278930664,0.819103479385376,-1.3034964799880981,6.182567596435547,1.006494164466858,1.3034964799880981
138.03333333333333,3.6894326210021973,1.4738003015518188,-0.003081701695919037,-0.0010824790224432945,0.006073975004255772,0.710476815700531,-0.7036935687065125,-1.5804251097294588,-2.198373794555664,0.8184619545936584,-1.3034964799880981,6.202225685119629,1.0064786672592163,1.3034964799880981
138.05,3.689427375793457,1.4738597869873047,-0.0030814558267593384,-0.0011013168841600418,0.006071863695979118,0.7083238959312439,-0.7058604955673218,-1.5743156392119015,-2.220102310180664,0.8218911290168762,-1.3034964799880981,6.221884250640869,1.0061981678009033,1.3034964799880981
138.06666666666666,3.6894211769104004,1.473919153213501,-0.0030811652541160583,-0.001122802495956421,0.006066439673304558,0.7061640024185181,-0.7080212831497192,-1.5682050598075035,-2.241830825805664,0.8183954954147339,-1.3034964799880981,6.241542816162109,1.0069735050201416,1.3034964799880981
138.08333333333334,3.689415454864502,1.4739787578582764,-0.003080993890762329,-0.001141783781349659,0.006064559333026409,0.7039977312088013,-0.7101755142211914,-1.5620951735867332,-2.263559341430664,0.8194964528083801,-1.3034964799880981,6.261202335357666,1.0059505701065063,1.3034964799880981
138.1,3.689408779144287,1.4740381240844727,-0.0030806809663772583,-0.001161833293735981,0.006060450803488493,0.7018246650695801,-0.7123228907585144,-1.555984598802391,-2.285287857055664,0.8215572834014893,-1.3034964799880981,6.280860900878906,1.0067627429962158,1.3034964799880981
138.11666666666667,3.6894023418426514,1.474097490310669,-0.0030804425477981567,-0.0011816415935754776,0.006057390011847019,0.6996452212333679,-0.7144637107849121,-1.549874541103278,-2.307016372680664,0.8190724849700928,-1.3034964799880981,-6.2658514976501465,1.006121039390564,1.3034964799880981
138.13333333333333,3.6893951892852783,1.4741568565368652,-0.0030801892280578613,-0.0012015746906399727,0.00605342211201787,0.6974591612815857,-0.716597855091095,-1.5437642198960426,-2.328744888305664,0.8205146193504333,-1.3034964799880981,-6.2461934089660645,1.0067143440246582,1.3034964799880981
138.15,3.689387798309326,1.4742162227630615,-0.003079928457736969,-0.001222078688442707,0.006048945710062981,0.6952667236328125,-0.7187252640724182,-1.537654259530374,-2.350473403930664,0.8196412324905396,-1.3034964799880981,-6.226534843444824,1.006569504737854,1.3034964799880981
138.16666666666666,3.689379930496216,1.4742748737335205,-0.003079734742641449,-0.0012408532202243805,0.006046827416867018,0.6930676698684692,-0.7208460569381714,-1.5315440030165939,-2.372201919555664,0.8203573226928711,-1.3034964799880981,-6.206875324249268,1.0058904886245728,1.3034964799880981
138.18333333333334,3.6893715858459473,1.4743340015411377,-0.003079429268836975,-0.0012618675827980042,0.006041545420885086,0.6908622980117798,-0.7229599952697754,-1.5254340912224789,-2.393930435180664,0.8204960227012634,-1.3034964799880981,-6.187217712402344,1.007218360900879,1.3034964799880981
138.2,3.6893632411956787,1.4743930101394653,-0.003079228103160858,-0.001280427910387516,0.0060390327125787735,0.6886504888534546,-0.725067138671875,-1.5193242728958956,-2.415658950805664,0.8203709721565247,-1.3034964799880981,-6.1675591468811035,1.0057032108306885,1.3034964799880981
138.21666666666667,3.689354658126831,1.474452018737793,-0.003078959882259369,-0.0013012588024139404,0.006033934187144041,0.6864323019981384,-0.7271676063537598,-1.5132145407279232,-2.437387466430664,0.8201285004615784,-1.1948717832565308,-6.147900581359863,1.0071091651916504,1.1948717832565308
138.23333333333332,3.6893467903137207,1.4744967222213745,-0.0030796900391578674,-0.001318667083978653,0.0060390084981918335,0.6843655705451965,-0.7291127443313599,-1.5075379944298772,-2.4573001861572266,0.7658344507217407,-1.140559434890747,-6.129370212554932,0.9235989451408386,1.140559434890747
138.25,3.689337730407715,1.4745417833328247,-0.0030786246061325073,-0.0013378327712416649,0.00602898932993412,0.6824144124984741,-0.730939507484436,-1.5021924184870508,-2.4763126373291016,1.0488438606262207,-1.0862470865249634,-6.111966609954834,0.8806259036064148,1.0862470865249634
138.26666666666668,3.689328670501709,1.4745863676071167,-0.0030788779258728027,-0.0013538375496864319,0.0060290805995464325,0.680561900138855,-0.7326644659042358,-1.4971296097363653,-2.494417190551758,1.0399553775787354,-1.0319347381591797,-6.095548152923584,0.8302154541015625,1.0319347381591797
138.28333333333333,3.6893200874328613,1.4746272563934326,-0.0030793100595474243,-0.0013677868992090225,0.006028502713888884,0.6788122653961182,-0.734285831451416,-1.4923588716488376,-2.5116138458251953,1.349372148513794,-0.977622389793396,-6.080047130584717,0.8163872957229614,0.977622389793396
138.3,3.6893115043640137,1.4746659994125366,-0.0030784234404563904,-0.0013799620792269707,0.006020271219313145,0.6771608591079712,-0.7358090281486511,-1.4878654135187321,-2.5279102325439453,1.4007869958877563,-0.977622389793396,-6.065450668334961,0.7583017349243164,0.977622389793396
138.31666666666666,3.689303159713745,1.4747083187103271,-0.0030793696641921997,-0.0013917209580540657,0.006022220943123102,0.6755343675613403,-0.7373026013374329,-1.483449060545414,-2.5442066192626953,1.7392685413360596,-0.8689976930618286,-6.051222324371338,0.7888372540473938,0.8689976930618286
138.33333333333334,3.6892948150634766,1.4747411012649536,-0.003077477216720581,-0.0014071064069867134,0.006010236218571663,0.6740562915802002,-0.7386541366577148,-1.4794431005514386,-2.558687210083008,1.1848500967025757,-0.8146852850914001,-6.0381550788879395,0.6475100517272949,0.8146852850914001
138.35,3.689286231994629,1.4747774600982666,-0.0030802860856056213,-0.0014204131439328194,0.006033009849488735,0.6726899743080139,-0.7398984432220459,-1.4757473289266552,-2.572267532348633,1.3870048522949219,-0.7603729367256165,-6.026272773742676,0.6647520661354065,0.7603729367256165
138.36666666666667,3.6892783641815186,1.4748095273971558,-0.0030782967805862427,-0.0014279484748840332,0.006016306113451719,0.6714285612106323,-0.7410435676574707,-1.4723399569584947,-2.584939956665039,1.689658761024475,-0.7060605883598328,-6.015270709991455,0.6328219175338745,0.7060605883598328
138.38333333333333,3.6892707347869873,1.4748412370681763,-0.003077581524848938,-0.0014374768361449242,0.006011416669934988,0.6702612042427063,-0.742099404335022,-1.4691915361849592,-2.5967044830322266,1.4165210723876953,-0.6517482399940491,-6.005148887634277,0.575400710105896,0.6517482399940491
138.4,3.6892616748809814,1.474874496459961,-0.0030774548649787903,-0.001449326053261757,0.006011130288243294,0.6691856980323792,-0.7430694699287415,-1.4662949391350062,-2.6075687408447266,0.5988937616348267,-0.6517482399940491,-5.995928764343262,0.49665567278862,0.6517482399940491
138.41666666666666,3.6892480850219727,1.4749172925949097,-0.0030788108706474304,-0.0014586420729756355,0.0060182372108101845,0.6681137681007385,-0.7440333366394043,-1.4634118812804529,-2.6184329986572266,-1.4282870292663574,-0.5431235432624817,-5.98701286315918,0.45459091663360596,0.5431235432624817
138.43333333333334,3.689234495162964,1.4749529361724854,-0.003082960844039917,-0.0014575831592082977,0.006032424978911877,0.6671797037124634,-0.7448709011077881,-1.460902839216136,-2.627481460571289,-2.0637524127960205,-0.488811194896698,-5.979218006134033,-0.18461346626281738,0.488811194896698
138.45,3.6892178058624268,1.474980115890503,-0.003079131245613098,-0.0014723250642418861,0.0060208821669220924,0.6663579344749451,-0.7456062436103821,-1.4586972384726318,-2.635629653930664,-1.0765193700790405,-0.4344988465309143,-5.973104476928711,0.36438024044036865,0.4344988465309143
138.46666666666667,3.6892147064208984,1.4750033617019653,-0.0030907467007637024,-0.0014482326805591583,0.006057066842913628,0.6656063199043274,-0.7462769746780396,-1.4566828560612803,-2.6428699493408203,-1.6027129888534546,-0.3801864683628082,-5.966982364654541,0.8302673101425171,0.3801864683628082
138.48333333333332,3.6892104148864746,1.475018858909607,-0.0030841678380966187,-0.0014526443555951118,0.006041834596544504,0.6650298237800598,-0.7467909455299377,-1.4551380806091085,-2.649209976196289,1.4932665824890137,-0.32587411999702454,-5.96222448348999,0.36031579971313477,0.32587411999702454
138.5,3.689208507537842,1.4750251770019531,-0.003072574734687805,-0.0014631617814302444,0.005967588163912296,0.6645306348800659,-0.7472356557846069,-1.4537998972484458,-2.654642105102539,1.292930006980896,-0.32587411999702454,-5.9579386711120605,-0.01657760515809059,0.32587411999702454
138.51666666666668,3.689199447631836,1.4750570058822632,-0.0030806809663772583,-0.001490890048444271,0.0060210381634533405,0.6640130281448364,-0.7476953268051147,-1.4524162308121689,-2.660074234008789,2.26828932762146,-0.21724940836429596,-5.9540839195251465,0.3914472460746765,0.21724940836429596
138.53333333333333,3.6891956329345703,1.4750795364379883,-0.003088153898715973,-0.0014593200758099556,0.006039066705852747,0.6636637449264526,-0.7480050325393677,-1.45148248357792,-2.663698196411133,-0.479824960231781,-0.16293705999851227,-5.951587677001953,0.2105298936367035,0.16293705999851227
138.55,3.6891932487487793,1.475088119506836,-0.003080226480960846,-0.0014830566942691803,0.0060105957090854645,0.6634832620620728,-0.748165488243103,-1.4509993708080624,-2.666414260864258,1.5179697275161743,-0.10862470418214798,-5.950105667114258,0.19552163779735565,0.10862470418214798
138.56666666666666,3.6891896724700928,1.475096583366394,-0.00307677686214447,-0.0014933915808796883,0.005986733362078667,0.6633554697036743,-0.7482789754867554,-1.4506572524327623,-2.668222427368164,2.710021734237671,-0.05431235209107399,-5.949286937713623,0.32308802008628845,0.05431235209107399
138.58333333333334,3.6891884803771973,1.4751038551330566,-0.003081873059272766,-0.001492626965045929,0.006020755507051945,0.6633032560348511,-0.7483248710632324,-1.4505184622954557,-2.669130325317383,0.3142445385456085,-1.5828442481359046e-16,-5.949126720428467,0.4590170979499817,1.5828442481359046e-16
138.6,3.6891865730285645,1.4751009941101074,-0.0030800849199295044,-0.0014853700995445251,0.0060046655125916,0.6632881164550781,-0.748338520526886,-1.4504776368775678,-2.669130325317383,0.4097386598587036,-1.5828442481359046e-16,-5.949002742767334,-0.00010388618102297187,1.5828442481359046e-16
138.61666666666667,3.689185619354248,1.4751110076904297,-0.0030793845653533936,-0.001486377790570259,0.006001433357596397,0.663351833820343,-0.7482820749282837,-1.4506478600056816,-2.669130325317383,0.8373759984970093,0.0,-5.949852466583252,0.35784390568733215,0.0
138.63333333333333,3.68918514251709,1.4751102924346924,-0.0030755624175071716,-0.00148769561201334,0.005976560525596142,0.6633415818214417,-0.7482914924621582,-1.4506199129432977,-2.669130325317383,0.7935556173324585,0.0,-5.949739933013916,0.1492951363325119,0.0
138.65,3.6891849040985107,1.4751155376434326,-0.0030809491872787476,-0.001483025960624218,0.006013875361531973,0.6633668541908264,-0.7482684850692749,-1.4506882589726147,-2.669130325317383,0.8704376220703125,0.0,-5.950120449066162,0.39297664165496826,0.0
138.66666666666666,3.6891849040985107,1.475115180015564,-0.003074958920478821,-0.0014808820560574532,0.005970330908894539,0.6633584499359131,-0.7482764720916748,-1.4506648267363667,-2.669130325317383,0.8120290637016296,0.0,-5.950024127960205,0.17501533031463623,0.0
138.68333333333334,3.6891846656799316,1.4751181602478027,-0.003081023693084717,-0.0014831982553005219,0.006013710983097553,0.6633734107017517,-0.7482627630233765,-1.4507057939517187,-2.669130325317383,0.854023814201355,0.0,-5.950253486633301,0.3975503742694855,0.0
138.7,3.6891844272613525,1.4751180410385132,-0.003074921667575836,-0.0014792829751968384,0.005969922989606857,0.6633646488189697,-0.748271107673645,-1.4506814037298765,-2.669130325317383,0.7762245535850525,0.0,-5.950150012969971,0.17009490728378296,0.0
138.71666666666667,3.6891844272613525,1.4751206636428833,-0.00308111310005188,-0.0014820713549852371,0.006015871651470661,0.6633797883987427,-0.7482571601867676,-1.4507228993790826,-2.669130325317383,0.8144953846931458,0.0,-5.950380802154541,0.3976938724517822,0.0
138.73333333333332,3.689183473587036,1.4751204252243042,-0.0030749961733818054,-0.0014798380434513092,0.005969621241092682,0.6633713245391846,-0.7482650279998779,-1.450699214489559,-2.669130325317383,0.7620183825492859,0.0,-5.950276851654053,0.17137742042541504,0.0
138.75,3.6891846656799316,1.4751231670379639,-0.003081195056438446,-0.001481994055211544,0.006016357336193323,0.6633866429328918,-0.7482510805130005,-1.4507412317852075,-2.669130325317383,0.8234332203865051,0.0,-5.95050573348999,0.3975188136100769,0.0
138.76666666666668,3.689183235168457,1.4751226902008057,-0.0030748844146728516,-0.0014792662113904953,0.005968661978840828,0.6633764505386353,-0.748260498046875,-1.4507128937812,-2.669130325317383,0.720716118812561,0.0,-5.950388431549072,0.1645423322916031,0.0
138.78333333333333,3.6891841888427734,1.4751253128051758,-0.0030811652541160583,-0.0014823954552412033,0.00601574219763279,0.6633931994438171,-0.7482452392578125,-1.4507587376742617,-2.669130325317383,0.7869164943695068,0.0,-5.950629711151123,0.39748066663742065,0.0
138.8,3.689183473587036,1.4751249551773071,-0.0030747875571250916,-0.0014788834378123283,0.005968199111521244,0.6633837819099426,-0.7482540607452393,-1.450732487615689,-2.669130325317383,0.712948203086853,0.0,-5.950505256652832,0.16818001866340637,0.0
138.81666666666666,3.6891837120056152,1.4751272201538086,-0.0030808523297309875,-0.0014824001118540764,0.006013933103531599,0.6633980870246887,-0.7482408881187439,-1.4507717549734815,-2.669130325317383,0.7550702691078186,0.0,-5.950714588165283,0.3985397219657898,0.0
138.83333333333334,3.689182996749878,1.4751266241073608,-0.003075040876865387,-0.0014784988015890121,0.005970152094960213,0.6633895039558411,-0.7482489943504333,-1.4507478293519056,-2.669130325317383,0.7099530696868896,0.0,-5.950618743896484,0.1743774563074112,0.0
138.85,3.6891839504241943,1.475128412246704,-0.003081008791923523,-0.001481807790696621,0.006015514023602009,0.6634021401405334,-0.7482373714447021,-1.450782638254143,-2.669130325317383,0.7730607390403748,0.0,-5.950793743133545,0.3789866864681244,0.0
138.86666666666667,3.689182996749878,1.4751256704330444,-0.0030747950077056885,-0.0014811763539910316,0.0059691909700632095,0.6633811593055725,-0.7482563257217407,-1.4507254953722235,-2.669130325317383,0.6262103915214539,0.0,-5.950514793395996,0.1253325194120407,0.0
138.88333333333333,3.6891837120056152,1.4751307964324951,-0.0030812695622444153,-0.001481587067246437,0.006017849314957857,0.6634101271629333,-0.7482303380966187,-1.4508040509271674,-2.669130325317383,0.7516497373580933,0.0,-5.950927734375,0.384059339761734,0.0
138.9,3.689182996749878,1.4751300811767578,-0.0030749961733818054,-0.001480674371123314,0.005969117395579815,0.663399875164032,-0.7482398748397827,-1.4507755406496181,-2.669130325317383,0.6924693584442139,0.0,-5.950807094573975,0.16864238679409027,0.0
138.91666666666666,3.689183473587036,1.4751323461532593,-0.0030810460448265076,-0.0014825062826275826,0.006015056744217873,0.6634136438369751,-0.7482272386550903,-1.450813387357972,-2.669130325317383,0.750296950340271,0.0,-5.9510016441345215,0.4000460207462311,0.0
138.93333333333334,3.689182996749878,1.475131630897522,-0.0030749738216400146,-0.0014777574688196182,0.0059692710638046265,0.663403332233429,-0.7482366561889648,-1.4507847562170566,-2.669130325317383,0.6716585159301758,0.0,-5.950881481170654,0.17207907140254974,0.0
138.95,3.689183473587036,1.4751330614089966,-0.00308101624250412,-0.0014824401587247849,0.006015721708536148,0.6634149551391602,-0.74822598695755,-1.4508168942901332,-2.669130325317383,0.7158828377723694,0.0,-5.951037883758545,0.3736335337162018,0.0
138.96666666666667,3.6891822814941406,1.475130558013916,-0.0030748993158340454,-0.0014816997572779655,0.005969046615064144,0.6633937954902649,-0.7482452392578125,-1.4507592859811855,-2.669130325317383,0.5801941752433777,0.0,-5.950758934020996,0.12591466307640076,0.0
138.98333333333332,3.6891820430755615,1.4751348495483398,-0.003081962466239929,-0.0014838185161352158,0.006021578796207905,0.6634198427200317,-0.7482215166091919,-1.4508300809480403,-2.669130325317383,0.6975732445716858,0.0,-5.951118469238281,0.38552430272102356,0.0
139.0,3.6891825199127197,1.4751343727111816,-0.003074958920478821,-0.0014811381697654724,0.005969698540866375,0.6634130477905273,-0.7482280731201172,-1.450810745276549,-2.669130325317383,0.6811830401420593,0.0,-5.951040744781494,0.18026202917099,0.0
139.01666666666668,3.6891825199127197,1.4751347303390503,-0.003081679344177246,-0.0014849640429019928,0.006018661893904209,0.6634206771850586,-0.7482209205627441,-1.450832265166581,-2.669130325317383,0.7093845009803772,0.18648019433021545,-5.951141834259033,0.28105980157852173,0.18648019433021545
139.03333333333333,3.689192533493042,1.475056529045105,-0.0030842944979667664,-0.0014620060101151466,0.006040690932422876,0.6635580062866211,-0.7480988502502441,-1.451199829142712,-2.666025161743164,1.5436214208602905,0.279720276594162,-5.950129508972168,0.38782161474227905,0.279720276594162
139.05,3.6892123222351074,1.474908471107483,-0.0030840784311294556,-0.001505821943283081,0.006054739933460951,0.6636772751808167,-0.7479928731918335,-1.4515190847555146,-2.6613636016845703,2.1756653785705566,0.3729603886604309,-5.947027206420898,1.0219051837921143,0.3729603886604309
139.06666666666666,3.689232349395752,1.4747244119644165,-0.003084324300289154,-0.0014507584273815155,0.006048216018825769,0.6637890338897705,-0.7478940486907959,-1.4518177404716892,-2.6551456451416016,2.2532761096954346,0.46620047092437744,-5.942867755889893,0.4748121201992035,0.46620047092437744
139.08333333333334,3.6892597675323486,1.4744722843170166,-0.003076396882534027,-0.0014837924391031265,0.005997487809509039,0.66390460729599,-0.7477916479110718,-1.4521256672037834,-2.647378921508789,3.573847532272339,0.559440553188324,-5.936668872833252,0.36393752694129944,0.559440553188324
139.1,3.689290761947632,1.474174976348877,-0.0030881837010383606,-0.0014930488541722298,0.0060749417170882225,0.6639909148216248,-0.7477143406867981,-1.4523583008935697,-2.6380558013916016,-0.1916927546262741,0.559440553188324,-5.929020881652832,0.21656827628612518,0.559440553188324
139.11666666666667,3.689323902130127,1.4738560914993286,-0.00308295339345932,-0.0014826133847236633,0.006024073343724012,0.6640765070915222,-0.7476388216018677,-1.4525860760129634,-2.628732681274414,0.31892910599708557,0.7459207773208618,-5.920742988586426,0.46886926889419556,0.7459207773208618
139.13333333333333,3.68937611579895,1.47343909740448,-0.0030840113759040833,-0.0013404395431280136,0.006171904504299164,0.6642342209815979,-0.7474977970123291,-1.4530112928297254,-2.616304397583008,2.0542221069335938,0.8391608595848083,-5.910470485687256,0.45588380098342896,0.8391608595848083
139.15,3.6894264221191406,1.4729769229888916,-0.0030720308423042297,-0.0014907252043485641,0.005982433445751667,0.6643848419189453,-0.7473652362823486,-1.453410105077367,-2.6023197174072266,0.9140016436576843,0.9324009418487549,-5.898676872253418,0.6688618063926697,0.9324009418487549
139.16666666666666,3.6894874572753906,1.4724674224853516,-0.0030893608927726746,-0.0014035720378160477,0.006155870854854584,0.6644883155822754,-0.7472718358039856,-1.453690919804602,-2.5867786407470703,0.2752591371536255,1.0256410837173462,-5.885228633880615,0.48878970742225647,1.0256410837173462
139.18333333333334,3.68955659866333,1.471882939338684,-0.0030689537525177,-0.001482924446463585,0.005961899179965258,0.6646192669868469,-0.7471568584442139,-1.4540370292280265,-2.569681167602539,1.602440595626831,1.118881106376648,-5.870004653930664,0.9516075253486633,1.118881106376648
139.2,3.6896326541900635,1.4712377786636353,-0.003087341785430908,-0.001306154765188694,0.006230694241821766,0.6647502779960632,-0.7470386028289795,-1.4543938290790241,-2.551034927368164,1.7729398012161255,1.118881106376648,-5.853060245513916,0.9019498825073242,1.118881106376648
139.21666666666667,3.6897072792053223,1.4705942869186401,-0.0030739009380340576,-0.0014743003994226456,0.005982554517686367,0.6648809313774109,-0.7469238042831421,-1.454738008105247,-2.532388687133789,3.012249231338501,1.305361270904541,-5.836093425750732,1.2351832389831543,1.305361270904541
139.23333333333332,3.6897945404052734,1.4698597192764282,-0.003088027238845825,-0.0012214211747050285,0.006322210654616356,0.6650126576423645,-0.7468041777610779,-1.4550984367311628,-2.510629653930664,3.1216814517974854,1.3986014127731323,-5.816599369049072,1.0229663848876953,1.3986014127731323
139.25,3.6898868083953857,1.4690589904785156,-0.003068394958972931,-0.0014591719955205917,0.005945874378085136,0.6652249097824097,-0.7466179132461548,-1.455658403792383,-2.4873218536376953,3.1100053787231445,1.3986014127731323,-5.79588508605957,1.5536788702011108,1.3986014127731323
139.26666666666668,3.689981460571289,1.468249797821045,-0.003090299665927887,-0.0013791322708129883,0.006152920890599489,0.6653119921684265,-0.7465386986732483,-1.4558963712728712,-2.4640140533447266,3.3955016136169434,1.3986014127731323,-5.773856163024902,1.1610788106918335,1.3986014127731323
139.28333333333333,3.6900746822357178,1.4674301147460938,-0.0030673444271087646,-0.0014637559652328491,0.005944042466580868,0.665464460849762,-0.7464044094085693,-1.4563001460193956,-2.440706253051758,3.023972511291504,1.3986014127731323,-5.752119541168213,1.4731725454330444,1.3986014127731323
139.3,3.6901698112487793,1.4666221141815186,-0.0030909404158592224,-0.0013815062120556831,0.006154716946184635,0.6655569672584534,-0.746320366859436,-1.4565528117353126,-2.417398452758789,3.4127438068389893,1.3986014127731323,-5.730238437652588,1.1647019386291504,1.3986014127731323
139.31666666666666,3.6902618408203125,1.4658030271530151,-0.003066927194595337,-0.0014627929776906967,0.005941679235547781,0.665717601776123,-0.7461786270141602,-1.4569784735786524,-2.3940906524658203,3.108426570892334,1.3986014127731323,-5.7086029052734375,1.4522576332092285,1.3986014127731323
139.33333333333334,3.6903557777404785,1.4650002717971802,-0.0030898824334144592,-0.001387416385114193,0.006139175035059452,0.6658138036727905,-0.7460914850234985,-1.457240842396702,-2.3707828521728516,3.3000524044036865,1.3986014127731323,-5.686865329742432,1.1933199167251587,1.3986014127731323
139.35,3.6904489994049072,1.4641765356063843,-0.003069058060646057,-0.0014615990221500397,0.0059559037908911705,0.6659701466560364,-0.7459532618522644,-1.4576558116810303,-2.347475051879883,3.272108316421509,1.3986014127731323,-5.6650567054748535,1.4639679193496704,1.3986014127731323
139.36666666666667,3.690542459487915,1.4633722305297852,-0.0030908584594726562,-0.0013763653114438057,0.006156859453767538,0.6660631895065308,-0.7458686232566833,-1.4579098334542637,-2.324167251586914,3.5008962154388428,1.3986014127731323,-5.643245697021484,1.1705812215805054,1.3986014127731323
139.38333333333333,3.690633773803711,1.4625526666641235,-0.0030659735202789307,-0.001458488404750824,0.005937913432717323,0.6662188172340393,-0.7457312345504761,-1.4583221937054611,-2.3008594512939453,3.055838108062744,1.3986014127731323,-5.621536731719971,1.4179589748382568,1.3986014127731323
139.4,3.690728187561035,1.4617335796356201,-0.0030884817242622375,-0.001406058669090271,0.006110983435064554,0.6663542985916138,-0.745608925819397,-1.458689512832073,-2.2775516510009766,2.805286407470703,1.3986014127731323,-5.599722385406494,1.2716443538665771,1.3986014127731323
139.41666666666666,3.6908183097839355,1.460917592048645,-0.00307658314704895,-0.0014673452824354172,0.0060057369992136955,0.6664747595787048,-0.7455019950866699,-1.4590102780287182,-2.254243850708008,4.025059700012207,1.3986014127731323,-5.577851295471191,1.506583333015442,1.3986014127731323
139.43333333333334,3.690910816192627,1.4601012468338013,-0.003084436058998108,-0.0014339033514261246,0.006061026826500893,0.6666216254234314,-0.7453703284263611,-1.459405560744668,-2.230936050415039,2.942882537841797,1.3986014127731323,-5.556161403656006,1.4141013622283936,1.3986014127731323
139.45,3.6910016536712646,1.4592795372009277,-0.0030792951583862305,-0.0014662034809589386,0.006024245638400316,0.6667259335517883,-0.7452770471572876,-1.4596846080264878,-2.2076282501220703,4.224206924438477,1.3986014127731323,-5.533994197845459,1.548972487449646,1.3986014127731323
139.46666666666667,3.6910951137542725,1.4584547281265259,-0.0030822455883026123,-0.0014619957655668259,0.006033735349774361,0.6668745279312134,-0.745144248008728,-1.4600836494312364,-2.1843204498291016,3.484077215194702,1.3986014127731323,-5.512115001678467,1.5298982858657837,1.3986014127731323
139.48333333333332,3.6911842823028564,1.457637906074524,-0.0030840933322906494,-0.0014686407521367073,0.006038031540811062,0.6669836044311523,-0.7450463771820068,-1.4603765091607517,-2.161012649536133,4.567164421081543,1.3986014127731323,-5.490077972412109,1.5385000705718994,1.3986014127731323
139.5,3.6912763118743896,1.4568065404891968,-0.0030785351991653442,-0.001466456800699234,0.006007880438119173,0.6671375036239624,-0.7449089288711548,-1.4607889854362832,-2.137704849243164,3.8357951641082764,1.3986014127731323,-5.468101501464844,1.5311521291732788,1.3986014127731323
139.51666666666668,3.6913669109344482,1.4559948444366455,-0.0030867159366607666,-0.0014526834711432457,0.006058129016309977,0.6672341227531433,-0.7448220252990723,-1.461049559347585,-2.1143970489501953,4.486658573150635,1.3986014127731323,-5.4461188316345215,1.493386149406433,1.3986014127731323
139.53333333333333,3.6914565563201904,1.4551666975021362,-0.003076314926147461,-0.0014580488204956055,0.00599515438079834,0.6673875451087952,-0.7446849346160889,-1.4614600952956565,-2.0910892486572266,3.6461918354034424,1.3986014127731323,-5.424154281616211,1.5386338233947754,1.3986014127731323
139.55,3.6915485858917236,1.4543490409851074,-0.0030860528349876404,-0.0014580441638827324,0.006053626537322998,0.667482316493988,-0.7445995807647705,-1.4617159936396167,-2.067781448364258,4.557543754577637,1.3986014127731323,-5.4020609855651855,1.5095903873443604,1.3986014127731323
139.56666666666666,3.6916370391845703,1.4535247087478638,-0.0030769705772399902,-0.001445479691028595,0.006002981681376696,0.6676351428031921,-0.7444630861282349,-1.4621253489668709,-2.044473648071289,3.5009894371032715,1.3986014127731323,-5.380191326141357,1.4763047695159912,1.3986014127731323
139.58333333333334,3.6917288303375244,1.4526915550231934,-0.0030811503529548645,-0.001460435800254345,0.006021552719175816,0.6677764058113098,-0.7443361282348633,-1.4625053125210985,-2.0211658477783203,3.7476420402526855,1.3986014127731323,-5.358077526092529,1.571838617324829,1.3986014127731323
139.6,3.691816806793213,1.4518786668777466,-0.003086499869823456,-0.0014476757496595383,0.006057729944586754,0.6678798198699951,-0.7442430257797241,-1.4627840139327353,-1.997857689857483,4.508411884307861,1.3986014127731323,-5.336097717285156,1.4741417169570923,1.3986014127731323
139.61666666666667,3.6919057369232178,1.4510514736175537,-0.0030779018998146057,-0.0014508161693811417,0.006005881354212761,0.668034553527832,-0.7441045641899109,-1.4631986669930481,-1.9745460748672485,3.617357015609741,1.3986014127731323,-5.314202308654785,1.53365957736969,1.3986014127731323
139.63333333333333,3.6919949054718018,1.4502336978912354,-0.0030869469046592712,-0.0014517828822135925,0.00605720654129982,0.6681267619132996,-0.7440214157104492,-1.4634477119474028,-1.9512344598770142,4.5295796394348145,1.3986014127731323,-5.292072772979736,1.5168840885162354,1.3986014127731323
139.65,3.6920835971832275,1.4494065046310425,-0.003077574074268341,-0.0014480380341410637,0.006003599148243666,0.6682846546173096,-0.743880033493042,-1.4638709319442473,-1.9279228448867798,3.6729061603546143,1.3986014127731323,-5.270194053649902,1.5151931047439575,1.3986014127731323
139.66666666666666,3.692171812057495,1.4485909938812256,-0.003086872398853302,-0.0014515258371829987,0.006056488491594791,0.6683810353279114,-0.7437930107116699,-1.4641313019606674,-1.9046112298965454,4.506685256958008,1.3986014127731323,-5.248134613037109,1.5422519445419312,1.3986014127731323
139.68333333333334,3.6922597885131836,1.4477618932724,-0.0030789971351623535,-0.0014464892446994781,0.006012697704136372,0.6685311794281006,-0.7436583042144775,-1.4645340218347096,-1.881299614906311,3.6455821990966797,1.3986014127731323,-5.226169586181641,1.5062750577926636,1.3986014127731323
139.7,3.692348003387451,1.4469462633132935,-0.0030871331691741943,-0.001447387970983982,0.006058171391487122,0.6686289310455322,-0.7435701489448547,-1.4647979966071218,-1.8579879999160767,4.519170761108398,1.3986014127731323,-5.204132556915283,1.5299323797225952,1.3986014127731323
139.71666666666667,3.692434787750244,1.446117877960205,-0.0030776411294937134,-0.0014443062245845795,0.006004009861499071,0.6687831282615662,-0.743431806564331,-1.4652115063822653,-1.8346763849258423,3.6492629051208496,1.3986014127731323,-5.182184219360352,1.534050703048706,1.3986014127731323
139.73333333333332,3.6925230026245117,1.4453002214431763,-0.0030869022011756897,-0.001444079913198948,0.00605785520747304,0.668876588344574,-0.7433474063873291,-1.4654642096596942,-1.811364769935608,4.545727729797363,1.3986014127731323,-5.160079002380371,1.516548752784729,1.3986014127731323
139.75,3.6926095485687256,1.4444741010665894,-0.003078058362007141,-0.0014377767220139503,0.00600713025778532,0.6690316796302795,-0.7432082295417786,-1.465880337522559,-1.7880531549453735,3.540239095687866,1.3986014127731323,-5.138202667236328,1.5021988153457642,1.3986014127731323
139.76666666666668,3.6926963329315186,1.4436571598052979,-0.0030860230326652527,-0.0014432156458497047,0.006052829325199127,0.6691315770149231,-0.7431179285049438,-1.4661502438490015,-1.7647415399551392,4.486475944519043,1.3986014127731323,-5.116147041320801,1.5376365184783936,1.3986014127731323
139.78333333333333,3.6927833557128906,1.442828893661499,-0.003080114722251892,-0.001434285193681717,0.006021363660693169,0.6692784428596497,-0.7429859638214111,-1.4665448089954358,-1.7414299249649048,3.5255489349365234,1.3986014127731323,-5.094180107116699,1.4910956621170044,1.3986014127731323
139.8,3.692868947982788,1.4420123100280762,-0.003086298704147339,-0.001438317820429802,0.006052680313587189,0.6693781614303589,-0.7428956627845764,-1.4668139503381796,-1.7181183099746704,4.47706413269043,1.3986014127731323,-5.072146892547607,1.5256637334823608,1.3986014127731323
139.81666666666666,3.6929545402526855,1.441183090209961,-0.0030781999230384827,-0.0014394260942935944,0.006005772389471531,0.6695331335067749,-0.7427565455436707,-1.46723013274299,-1.694806694984436,3.7193400859832764,1.3986014127731323,-5.050179481506348,1.5399022102355957,1.3986014127731323
139.83333333333334,3.6930408477783203,1.4403660297393799,-0.003087848424911499,-0.0014354726299643517,0.006063420325517654,0.6696233749389648,-0.742674708366394,-1.467474463053019,-1.6714950799942017,4.520015716552734,1.3986014127731323,-5.028076648712158,1.5189930200576782,1.3986014127731323
139.85,3.6931257247924805,1.4395390748977661,-0.003077767789363861,-0.001432536169886589,0.006004848051816225,0.6697803139686584,-0.7425336837768555,-1.4678957721272252,-1.6481834650039673,3.627492904663086,1.3986014127731323,-5.0061869621276855,1.5126489400863647,1.3986014127731323
139.86666666666667,3.6932101249694824,1.438722848892212,-0.0030868053436279297,-0.0014362046495079994,0.006056986749172211,0.6698787212371826,-0.7424444556236267,-1.4681620515623628,-1.624871850013733,4.483529567718506,1.3986014127731323,-4.984144687652588,1.5380607843399048,1.3986014127731323
139.88333333333333,3.69329571723938,1.4378948211669922,-0.0030803754925727844,-0.0014249905943870544,0.006023220717906952,0.6700250506401062,-0.7423126697540283,-1.4685554653087822,-1.6015602350234985,3.4960501194000244,1.3986014127731323,-4.962181091308594,1.486345648765564,1.3986014127731323
139.9,3.6933789253234863,1.4370774030685425,-0.003086693584918976,-0.0014333855360746384,0.006054703611880541,0.6701249480247498,-0.7422221899032593,-1.4688253651013794,-1.5782486200332642,4.486539840698242,1.3986014127731323,-4.940131664276123,1.5310776233673096,1.3986014127731323
139.91666666666666,3.693463087081909,1.436249017715454,-0.0030792653560638428,-0.001429462805390358,0.006013989448547363,0.6702793836593628,-0.7420830726623535,-1.4692405951516494,-1.5549370050430298,3.649287700653076,1.3986014127731323,-4.9181928634643555,1.5313868522644043,1.3986014127731323
139.93333333333334,3.6935479640960693,1.4354313611984253,-0.003087572753429413,-0.0014275824651122093,0.006061987020075321,0.6703717112541199,-0.7419992685317993,-1.4694905500160034,-1.5316253900527954,4.513338565826416,1.3986014127731323,-4.896093845367432,1.5152641534805298,1.3986014127731323
139.95,3.6936306953430176,1.4346041679382324,-0.0030778348445892334,-0.0014247605577111244,0.0060051907785236835,0.6705273389816284,-0.7418590188026428,-1.469908734542833,-1.508313775062561,3.615712881088257,1.3986014127731323,-4.874203681945801,1.5118194818496704,1.3986014127731323
139.96666666666667,3.6937148571014404,1.43378746509552,-0.003086566925048828,-0.0014279577881097794,0.006055774167180061,0.6706269979476929,-0.741768479347229,-1.4701785924560051,-1.4850021600723267,4.508519172668457,1.3986014127731323,-4.852160453796387,1.5317496061325073,1.3986014127731323
139.98333333333332,3.693798542022705,1.4329591989517212,-0.003080807626247406,-0.001417454332113266,0.0060255276039242744,0.6707720756530762,-0.7416378259658813,-1.4705691122039368,-1.4616905450820923,3.475442886352539,1.3986014127731323,-4.830191135406494,1.4842642545700073,1.3986014127731323
140.0,3.693881034851074,1.4321414232254028,-0.003086879849433899,-0.0014262404292821884,0.006056095473468304,0.6708731055259705,-0.7415459752082825,-1.470842268346956,-1.438378930091858,4.475385665893555,1.3986014127731323,-4.808144569396973,1.5280656814575195,1.3986014127731323
140.01666666666668,3.693963050842285,1.4313135147094727,-0.0030788853764533997,-0.001420249231159687,0.006011743564158678,0.6710256934165955,-0.7414083480834961,-1.4712528156271638,-1.4150673151016235,3.5953369140625,1.3986014127731323,-4.786197185516357,1.5286307334899902,1.3986014127731323
140.03333333333333,3.6940462589263916,1.4304943084716797,-0.0030876100063323975,-0.0014227582141757011,0.006060770712792873,0.6711185574531555,-0.7413238286972046,-1.4715044670581547,-1.3917557001113892,4.533853054046631,1.3986014127731323,-4.764062881469727,1.5222736597061157,1.3986014127731323
140.05,3.6941275596618652,1.4296666383743286,-0.0030788257718086243,-0.0014173034578561783,0.006012083031237125,0.671274721622467,-0.741182804107666,-1.4719246734392681,-1.3684440851211548,3.632935047149658,1.3986014127731323,-4.742172718048096,1.5115752220153809,1.3986014127731323
140.06666666666666,3.694209098815918,1.4288501739501953,-0.0030871331691741943,-0.0014207521453499794,0.0060577900148928165,0.6713728308677673,-0.7410935163497925,-1.4721904820074856,-1.3451324701309204,4.483317852020264,1.3986014127731323,-4.72012996673584,1.5352827310562134,1.3986014127731323
140.08333333333334,3.694291114807129,1.4280210733413696,-0.0030806511640548706,-0.0014129271730780602,0.0060239434242248535,0.6715198755264282,-0.7409606575965881,-1.4725865610934485,-1.321820855140686,3.556260824203491,1.3986014127731323,-4.6981587409973145,1.4946247339248657,1.3986014127731323
140.1,3.6943721771240234,1.4272044897079468,-0.003087088465690613,-0.0014156978577375412,0.0060568684712052345,0.6716198921203613,-0.7408696413040161,-1.4728572953290475,-1.2985092401504517,4.4698052406311035,1.3986014127731323,-4.6761369705200195,1.5230529308319092,1.3986014127731323
140.11666666666667,3.6944520473480225,1.426375389099121,-0.0030789226293563843,-0.0014148885384202003,0.006010008044540882,0.6717727184295654,-0.7407315969467163,-1.4732688168603538,-1.2751976251602173,3.647325038909912,1.3986014127731323,-4.654172420501709,1.5335413217544556,1.3986014127731323
140.13333333333333,3.6945338249206543,1.425557255744934,-0.003087438642978668,-0.001413019374012947,0.006061682943254709,0.671867311000824,-0.7406452894210815,-1.4735254184422395,-1.251886010169983,4.5484395027160645,1.3986014127731323,-4.632087230682373,1.5077297687530518,1.3986014127731323
140.15,3.694613456726074,1.424730896949768,-0.003079153597354889,-0.0014042109251022339,0.00601521972566843,0.6720207333564758,-0.7405065894126892,-1.4739386710038553,-1.2285743951797485,3.48984694480896,1.3986014127731323,-4.610212326049805,1.4953951835632324,1.3986014127731323
140.16666666666666,3.694693088531494,1.4239126443862915,-0.0030862241983413696,-0.0014132065698504448,0.006053441669791937,0.6721223592758179,-0.740414023399353,-1.4742140579955385,-1.2052627801895142,4.49593448638916,1.3986014127731323,-4.588154315948486,1.533064365386963,1.3986014127731323
140.18333333333334,3.6947734355926514,1.4230839014053345,-0.0030815377831459045,-0.0014025187119841576,0.006030457094311714,0.6722666025161743,-0.7402831315994263,-1.4746031535811444,-1.1819511651992798,3.4887564182281494,1.3986014127731323,-4.566176414489746,1.4858356714248657,1.3986014127731323
140.2,3.6948530673980713,1.4222666025161743,-0.003087051212787628,-0.001407485455274582,0.006057418882846832,0.6723672747612,-0.7401915788650513,-1.4748757964695234,-1.1586395502090454,4.459968566894531,1.3986014127731323,-4.544142723083496,1.524099588394165,1.3986014127731323
140.21666666666667,3.6949315071105957,1.4214363098144531,-0.0030787140130996704,-0.0014081308618187904,0.006009081844240427,0.6725202202796936,-0.7400529384613037,-1.4752879564053567,-1.135327935218811,3.709547996520996,1.3986014127731323,-4.522165298461914,1.5410542488098145,1.3986014127731323
140.23333333333332,3.6950113773345947,1.4206182956695557,-0.00308835506439209,-0.001404356211423874,0.006067163776606321,0.6726121306419373,-0.73996901512146,-1.475537713491198,-1.1120163202285767,4.5466461181640625,1.3986014127731323,-4.500070095062256,1.5105775594711304,1.3986014127731323
140.25,3.6950888633728027,1.419791579246521,-0.0030792206525802612,-0.0014000115916132927,0.006014218553900719,0.672766923904419,-0.7398287057876587,-1.4759548865584113,-1.0887047052383423,3.542691946029663,1.3986014127731323,-4.478198528289795,1.5033226013183594,1.3986014127731323
140.26666666666668,3.6951675415039062,1.4189739227294922,-0.003087341785430908,-0.0014068512246012688,0.00605937372893095,0.672865629196167,-0.7397384643554688,-1.4762227773649026,-1.065393090248108,4.473728656768799,1.3986014127731323,-4.456141471862793,1.5415891408920288,1.3986014127731323
140.28333333333333,3.695246458053589,1.4181445837020874,-0.003081314265727997,-0.0013968590646982193,0.0060287462547421455,0.6730119585990906,-0.7396056652069092,-1.4766177171821435,-1.0420814752578735,3.551703453063965,1.3986014127731323,-4.434167385101318,1.4933934211730957,1.3986014127731323
140.3,3.6953234672546387,1.4173269271850586,-0.003087945282459259,-0.0014027366414666176,0.00606232974678278,0.6731107831001282,-0.7395153641700745,-1.4768857437350482,-1.0187698602676392,4.49561882019043,1.3986014127731323,-4.412125110626221,1.5289539098739624,1.3986014127731323
140.31666666666666,3.695401191711426,1.4164977073669434,-0.003079831600189209,-0.001400340348482132,0.006016398314386606,0.6732649803161621,-0.7393753528594971,-1.4773017268761146,-0.9954586625099182,3.6649625301361084,1.3986014127731323,-4.39017915725708,1.5340279340744019,1.3986014127731323
140.33333333333334,3.695478677749634,1.4156793355941772,-0.003088943660259247,-0.0013971878215670586,0.006069847382605076,0.6733561158180237,-0.7392920255661011,-1.4775495129921163,-0.9721489548683167,4.524552822113037,1.3986014127731323,-4.368065357208252,1.5205246210098267,1.3986014127731323
140.35,3.6955554485321045,1.4148509502410889,-0.003079809248447418,-0.0013966625556349754,0.006015669088810682,0.6735128164291382,-0.7391496896743774,-1.4779722026708495,-0.9488392472267151,3.663566827774048,1.3986014127731323,-4.3461761474609375,1.5163408517837524,1.3986014127731323
140.36666666666667,3.695632219314575,1.4140349626541138,-0.0030883848667144775,-0.0013956166803836823,0.006066722795367241,0.6736089587211609,-0.7390615940093994,-1.478233538273194,-0.9255295395851135,4.4720611572265625,1.3986014127731323,-4.324141979217529,1.5379832983016968,1.3986014127731323
140.38333333333333,3.695709466934204,1.4132049083709717,-0.0030810758471488953,-0.001391848549246788,0.006024934351444244,0.6737567186355591,-0.7389273643493652,-1.4786324646678943,-0.902219831943512,3.594632863998413,1.3986014127731323,-4.302174091339111,1.5008533000946045,1.3986014127731323
140.4,3.6957850456237793,1.412387728691101,-0.0030887797474861145,-0.001395130529999733,0.006067156791687012,0.6738544702529907,-0.738837718963623,-1.4788980231407038,-0.8789101243019104,4.508291721343994,1.3986014127731323,-4.280128002166748,1.5331509113311768,1.3986014127731323
140.41666666666666,3.6958608627319336,1.411558747291565,-0.003080137073993683,-0.0013922424986958504,0.006018222775310278,0.6740085482597351,-0.7386977076530457,-1.479314012786566,-0.8556004166603088,3.646045446395874,1.3986014127731323,-4.258188247680664,1.5312268733978271,1.3986014127731323
140.43333333333334,3.695937156677246,1.4107398986816406,-0.0030893683433532715,-0.0013916920870542526,0.006070950534194708,0.6740998029708862,-0.7386139631271362,-1.4795623170550913,-0.8322907090187073,4.5274152755737305,1.3986014127731323,-4.236064434051514,1.5273640155792236,1.3986014127731323
140.45,3.696011543273926,1.4099113941192627,-0.0030797645449638367,-0.0013889390975236893,0.00601582694798708,0.6742555499076843,-0.7384722232818604,-1.479982788477897,-0.8089810013771057,3.6579768657684326,1.3986014127731323,-4.214173316955566,1.5154508352279663,1.3986014127731323
140.46666666666667,3.69608736038208,1.4090948104858398,-0.00308835506439209,-0.0013891523703932762,0.0060661896131932735,0.6743535399436951,-0.7383824586868286,-1.4802493770923415,-0.7856712937355042,4.485387325286865,1.3986014127731323,-4.19214391708374,1.5343782901763916,1.3986014127731323
140.48333333333332,3.696162223815918,1.4082655906677246,-0.003081806004047394,-0.0013808095827698708,0.006031029857695103,0.674498975276947,-0.7382497787475586,-1.4806424922902053,-0.7623615860939026,3.5135200023651123,1.3986014127731323,-4.1701788902282715,1.4893712997436523,1.3986014127731323
140.5,3.696237087249756,1.4074478149414062,-0.0030881762504577637,-0.0013851998373866081,0.006063200533390045,0.6745985150337219,-0.738158643245697,-1.4809129355336903,-0.739051878452301,4.477935314178467,1.3986014127731323,-4.148142337799072,1.5299139022827148,1.3986014127731323
140.51666666666668,3.6963107585906982,1.4066169261932373,-0.003079421818256378,-0.0013854959979653358,0.006012641824781895,0.6747516989707947,-0.7380191087722778,-1.481326843140548,-0.7157421708106995,3.717027187347412,1.3986014127731323,-4.126163005828857,1.5410856008529663,1.3986014127731323
140.53333333333333,3.696385622024536,1.4057985544204712,-0.003089591860771179,-0.001383090391755104,0.006072705611586571,0.6748412847518921,-0.7379367351531982,-1.481571030164208,-0.6924324631690979,4.544279098510742,1.3986014127731323,-4.104053974151611,1.518649697303772,1.3986014127731323
140.55,3.696458578109741,1.4049710035324097,-0.003079712390899658,-0.001378803513944149,0.006016313564032316,0.6749966740608215,-0.7377948760986328,-1.481990866635588,-0.6691227555274963,3.5926108360290527,1.3986014127731323,-4.082174777984619,1.5087306499481201,1.3986014127731323
140.56666666666666,3.6965322494506836,1.4041532278060913,-0.00308825820684433,-0.0013837777078151703,0.006064155604690313,0.675094485282898,-0.7377049922943115,-1.482257146224281,-0.6458130478858948,4.478433132171631,1.3986014127731323,-4.060125827789307,1.539656162261963,1.3986014127731323
140.58333333333334,3.696605920791626,1.4033236503601074,-0.0030821561813354492,-0.0013735974207520485,0.006033469922840595,0.6752400398254395,-0.7375720143318176,-1.4826510627534526,-0.6225033402442932,3.529639959335327,1.3986014127731323,-4.038154602050781,1.4904673099517822,1.3986014127731323
140.6,3.696678400039673,1.4025061130523682,-0.0030882880091667175,-0.0013772649690508842,0.0060645402409136295,0.675339937210083,-0.7374802827835083,-1.4829226866015028,-0.5991936326026917,4.46690559387207,1.3986014127731323,-4.016129016876221,1.5247079133987427,1.3986014127731323
140.61666666666667,3.6967508792877197,1.401676058769226,-0.003080591559410095,-0.0013769613578915596,0.006021277979016304,0.6754921078681946,-0.7373412847518921,-1.4833343895253146,-0.5758839249610901,3.6726276874542236,1.3986014127731323,-3.994163990020752,1.535101056098938,1.3986014127731323
140.63333333333333,3.696823835372925,1.4008573293685913,-0.0030894875526428223,-0.001375061459839344,0.006072520278394222,0.6755830645561218,-0.7372574806213379,-1.4835823055324782,-0.5525742173194885,4.515676975250244,1.3986014127731323,-3.9720563888549805,1.519622564315796,1.3986014127731323
140.65,3.696894645690918,1.400028944015503,-0.003079928457736969,-0.0013718362897634506,0.0060176788829267025,0.6757384538650513,-0.7371155023574829,-1.4840025881108305,-0.529264509677887,3.627264976501465,1.3986014127731323,-3.9501664638519287,1.5120716094970703,1.3986014127731323
140.66666666666666,3.696967124938965,1.399211049079895,-0.003088653087615967,-0.0013737753033638,0.006068984977900982,0.675836980342865,-0.7370249032974243,-1.4842711496481091,-0.5059548020362854,4.502373695373535,1.3986014127731323,-3.9281301498413086,1.5331692695617676,1.3986014127731323
140.68333333333334,3.6970391273498535,1.3983819484710693,-0.0030825436115264893,-0.0013646604493260384,0.006034979596734047,0.6759811043739319,-0.7368929386138916,-1.4846614641057163,-0.48264509439468384,3.4709317684173584,1.3986014127731323,-3.9061636924743652,1.4844990968704224,1.3986014127731323
140.7,3.697110176086426,1.3975627422332764,-0.0030888691544532776,-0.001372586004436016,0.006067309528589249,0.6760806441307068,-0.7368013858795166,-1.4849324068924077,-0.4593353867530823,4.487083911895752,1.3986014127731323,-3.8841075897216797,1.5328885316848755,1.3986014127731323
140.71666666666667,3.6971800327301025,1.3967335224151611,-0.003080010414123535,-0.0013681286945939064,0.006016850005835295,0.6762339472770691,-0.7366611361503601,-1.4853473928130876,-0.4360256791114807,3.656867504119873,1.3986014127731323,-3.862168312072754,1.5330578088760376,1.3986014127731323
140.73333333333332,3.697251796722412,1.3959134817123413,-0.0030888542532920837,-0.0013680187985301018,0.0060695623978972435,0.6763299107551575,-0.7365726232528687,-1.4856091757989593,-0.41271597146987915,4.602931976318359,1.3986014127731323,-3.8400769233703613,1.5035916566848755,1.3986014127731323
140.75,3.6973211765289307,1.3950868844985962,-0.003080889582633972,-0.0013595875352621078,0.006024114787578583,0.6764822006225586,-0.7364329695701599,-1.4860216284515297,-0.3894062638282776,3.474311590194702,1.3986014127731323,-3.818209171295166,1.4939905405044556,1.3986014127731323
140.76666666666668,3.6973915100097656,1.3942673206329346,-0.0030876845121383667,-0.0013672681525349617,0.006062011234462261,0.6765834093093872,-0.7363396286964417,-1.4862973924404619,-0.366096556186676,4.497274398803711,1.3986014127731323,-3.7961466312408447,1.5312803983688354,1.3986014127731323
140.78333333333333,3.6974620819091797,1.3934375047683716,-0.0030830800533294678,-0.001357310451567173,0.006038974970579147,0.6767269372940063,-0.7362080812454224,-1.4866867336746141,-0.34278684854507446,3.4932432174682617,1.3986014127731323,-3.7741661071777344,1.4869920015335083,1.3986014127731323
140.8,3.697531223297119,1.392619013786316,-0.0030887722969055176,-0.0013638343662023544,0.00606747530400753,0.6768278479576111,-0.7361149787902832,-1.4869615466652124,-0.3194771409034729,4.471976280212402,1.3986014127731323,-3.7521305084228516,1.5198757648468018,1.3986014127731323
140.81666666666666,3.6976003646850586,1.3917899131774902,-0.0030812621116638184,-0.0013605542480945587,0.0060247620567679405,0.6769782900810242,-0.7359769344329834,-1.4873693182711027,-0.29616743326187134,3.5713698863983154,1.3986014127731323,-3.730189561843872,1.5271724462509155,1.3986014127731323
140.83333333333334,3.6976706981658936,1.3909695148468018,-0.0030896365642547607,-0.0013620071113109589,0.006071553565561771,0.6770705580711365,-0.7358917593955994,-1.4876211726548794,-0.2728577256202698,4.525527000427246,1.3986014127731323,-3.7080559730529785,1.5213137865066528,1.3986014127731323
140.85,3.6977379322052,1.390140414237976,-0.0030802562832832336,-0.0013574203476309776,0.006018771789968014,0.6772252321243286,-0.7357498407363892,-1.488040338191327,-0.24954800307750702,3.640821933746338,1.3986014127731323,-3.68615984916687,1.5130130052566528,1.3986014127731323
140.86666666666667,3.697807550430298,1.3893228769302368,-0.0030890777707099915,-0.001359758898615837,0.006069793365895748,0.6773232817649841,-0.735659122467041,-1.4883080730505862,-0.22623781859874725,4.508882999420166,1.3986014127731323,-3.6641173362731934,1.5304875373840332,1.3986014127731323
140.88333333333333,3.697876214981079,1.3884931802749634,-0.0030830055475234985,-0.0013510696589946747,0.00603655818849802,0.6774677634239197,-0.7355265021324158,-1.4887001281607743,-0.2029276341199875,3.4937779903411865,1.3986014127731323,-3.6421475410461426,1.487286925315857,1.3986014127731323
140.9,3.697943687438965,1.3876742124557495,-0.003089405596256256,-0.00135708786547184,0.006070651113986969,0.6775673031806946,-0.7354344129562378,-1.4889715966438124,-0.17961744964122772,4.482896327972412,1.3986014127731323,-3.6200993061065674,1.5287891626358032,1.3986014127731323
140.91666666666666,3.6980111598968506,1.3868446350097656,-0.0030812472105026245,-0.0013538813218474388,0.006024475209414959,0.6777190566062927,-0.7352950572967529,-1.4893832477706517,-0.15630726516246796,3.6186363697052,1.3986014127731323,-3.5981554985046387,1.5309038162231445,1.3986014127731323
140.93333333333334,3.6980793476104736,1.3860244750976562,-0.003090187907218933,-0.0013540033251047134,0.006075305864214897,0.6778100728988647,-0.735210657119751,-1.4896320049109821,-0.1329970806837082,4.533114433288574,1.3986014127731323,-3.5760257244110107,1.5230472087860107,1.3986014127731323
140.95,3.698145866394043,1.3851951360702515,-0.003080904483795166,-0.0013507800176739693,0.006022284738719463,0.677965521812439,-0.7350677251815796,-1.4900536609617643,-0.10968706011772156,3.659428834915161,1.3986014127731323,-3.5541326999664307,1.515097975730896,1.3986014127731323
140.96666666666667,3.6982128620147705,1.3843780755996704,-0.0030898675322532654,-0.0013520251959562302,0.006073698867112398,0.6780613660812378,-0.7349789142608643,-1.490315658365448,-0.0863771140575409,4.484983444213867,1.3986014127731323,-3.5320873260498047,1.5378316640853882,1.3986014127731323
140.98333333333332,3.698279619216919,1.383547306060791,-0.0030827373266220093,-0.0013457871973514557,0.006034644320607185,0.6782081723213196,-0.7348437309265137,-1.4907142472654336,-0.06306716799736023,3.5865654945373535,1.3986014127731323,-3.510120153427124,1.498760461807251,1.3986014127731323
141.0,3.698345899581909,1.382729411125183,-0.0030898377299308777,-0.0013495301827788353,0.0060728685930371284,0.6783067584037781,-0.7347524166107178,-1.4909834792943788,-0.039757102727890015,4.497303485870361,1.3986014127731323,-3.4880917072296143,1.5254459381103516,1.3986014127731323
141.01666666666668,3.698411226272583,1.3819000720977783,-0.003081478178501129,-0.001344745047390461,0.006025777198374271,0.6784573197364807,-0.7346137166023254,-1.4913922254887604,-0.016447074711322784,3.572000741958618,1.118881106376648,-3.46614933013916,1.5260313749313354,1.118881106376648
141.03333333333333,3.698467254638672,1.381212830543518,-0.003091081976890564,-0.001361403614282608,0.006080936640501022,0.6784438490867615,-0.7346256971359253,-1.4913568619113555,0.0022009555250406265,4.311249256134033,0.9790209531784058,-3.4468188285827637,1.2713866233825684,0.9790209531784058
141.05,3.698512554168701,1.3806363344192505,-0.0030901655554771423,-0.0013620909303426743,0.006076220888644457,0.6784954071044922,-0.7345782518386841,-1.491497133887553,0.018517980352044106,4.746310710906982,0.8391608595848083,-3.4311037063598633,1.120948076248169,0.8391608595848083
141.06666666666666,3.6985533237457275,1.3801217079162598,-0.0030807629227638245,-0.0013481108471751213,0.0060179345309734344,0.6785909533500671,-0.7344904541969299,-1.4917559035723575,0.03250397369265556,3.081977367401123,0.6993007063865662,-3.4175288677215576,1.0003050565719604,0.6993007063865662
141.08333333333334,3.698586940765381,1.379704236984253,-0.003092139959335327,-0.001355661079287529,0.006087155546993017,0.6786368489265442,-0.7344475388526917,-1.491882516120251,0.044158946722745895,3.857452630996704,0.559440553188324,-3.406296730041504,0.8926823735237122,0.559440553188324
141.1,3.698612928390503,1.3793776035308838,-0.0030915290117263794,-0.0013553593307733536,0.006083750165998936,0.678663432598114,-0.734423041343689,-1.4919548307790444,0.05348295345902443,3.8748857975006104,0.559440553188324,-3.3973817825317383,0.749240517616272,0.559440553188324
141.11666666666667,3.6986377239227295,1.3790686130523682,-0.0030932649970054626,-0.0013549961149692535,0.00609426386654377,0.6787305474281311,-0.7343608140945435,-1.4921378404565921,0.06280694156885147,3.729701042175293,0.279720276594162,-3.3893299102783203,0.7752967476844788,0.279720276594162
141.13333333333333,3.698650360107422,1.3789012432098389,-0.00308990478515625,-0.0013405214995145798,0.006066753529012203,0.6786770224571228,-0.7344105243682861,-1.4919914137012216,0.06746897846460342,2.7351763248443604,0.139860138297081,-3.3841421604156494,0.4709746241569519,0.139860138297081
141.15,3.6986567974090576,1.3788092136383057,-0.0030842721462249756,-0.0013418057933449745,0.00603895029053092,0.6787384748458862,-0.7343540191650391,-1.492158124546725,0.0697999969124794,1.5681166648864746,0.0,-3.3821229934692383,0.35162559151649475,0.0
141.16666666666666,3.6986560821533203,1.3788102865219116,-0.0030781999230384827,-0.0013385294005274773,0.0059998552314937115,0.6787359714508057,-0.7343565225601196,-1.4921503771575637,0.0697999969124794,1.4289366006851196,0.0,-3.3820927143096924,0.15075059235095978,0.0
141.18333333333334,3.698655128479004,1.3788083791732788,-0.0030850768089294434,-0.001341640017926693,0.006042907014489174,0.6787267327308655,-0.7343646883964539,-1.4921262221965157,0.0697999969124794,1.3478918075561523,0.0,-3.382026195526123,0.013551312498748302,0.0
141.2,3.6986539363861084,1.3788212537765503,-0.0030847936868667603,-0.0013425331562757492,0.00604159664362669,0.6787804961204529,-0.7343150973320007,-1.4922726266121489,0.0697999969124794,1.4939872026443481,0.0,-3.382873773574829,0.3747440278530121,0.0
141.21666666666667,3.6986544132232666,1.3788219690322876,-0.003079243004322052,-0.0013491949066519737,0.00601113960146904,0.6787796020507812,-0.7343161106109619,-1.4922694793614788,0.0697999969124794,1.5127418041229248,0.0,-3.382829427719116,0.14447492361068726,0.0
141.23333333333332,3.6986541748046875,1.3788211345672607,-0.0030846595764160156,-0.0013377759605646133,0.00604246836155653,0.6787768006324768,-0.7343184947967529,-1.4922625763459236,0.0697999969124794,1.528108835220337,0.0,-3.382840156555176,0.08859086781740189,0.0
141.25,3.6986539363861084,1.3788272142410278,-0.0030836090445518494,-0.0013417331501841545,0.006033537909388542,0.6788047552108765,-0.73429274559021,-1.4923385107658098,0.0697999969124794,1.561441421508789,0.0,-3.3832716941833496,0.4052274823188782,0.0
141.26666666666668,3.6986536979675293,1.378827691078186,-0.0030780434608459473,-0.0013503171503543854,0.00600480567663908,0.6788035035133362,-0.7342941761016846,-1.4923344430190673,0.0697999969124794,1.5781450271606445,0.0,-3.383197784423828,0.1423007696866989,0.0
141.28333333333333,3.69865345954895,1.3788261413574219,-0.0030849874019622803,-0.0013425098732113838,0.006043115630745888,0.6787980198860168,-0.7342989444732666,-1.4923203964829301,0.0697999969124794,1.552927017211914,0.0,-3.3831663131713867,0.05124489590525627,0.0
141.3,3.698652744293213,1.3788355588912964,-0.0030844807624816895,-0.0013442570343613625,0.00604039104655385,0.6788374185562134,-0.7342624664306641,-1.492427636876755,0.0697999969124794,1.6282106637954712,0.0,-3.3838021755218506,0.406370609998703,0.0
141.31666666666666,3.69865083694458,1.378833532333374,-0.0030820518732070923,-0.0013297460973262787,0.006013735197484493,0.6788290143013,-0.734270453453064,-1.4924041087643287,0.0697999969124794,0.06521695852279663,0.0,-3.3836426734924316,0.08409452438354492,0.0
141.33333333333334,3.6986513137817383,1.3788325786590576,-0.003082573413848877,-0.0013341186568140984,0.006029563024640083,0.6788458824157715,-0.7342547178268433,-1.4924504264179537,0.0697999969124794,0.16309723258018494,0.0,-3.383805751800537,0.1776103675365448,0.0
141.35,3.6986496448516846,1.3788307905197144,-0.0030808672308921814,-0.0013412684202194214,0.006017320789396763,0.6788359880447388,-0.734264075756073,-1.4924232086335496,0.0697999969124794,0.2768925130367279,0.0,-3.383655309677124,-0.07785295695066452,0.0
141.36666666666667,3.698650360107422,1.3788408041000366,-0.0030847713351249695,-0.0013363724574446678,0.006043277680873871,0.6789044737815857,-0.7342003583908081,-1.4926103397812143,0.0697999969124794,0.7788577675819397,0.0,-3.384586811065674,0.3068837523460388,0.0
141.38333333333333,3.698648691177368,1.378840684890747,-0.003076910972595215,-0.001337854191660881,0.005992911756038666,0.6788954138755798,-0.7342091798782349,-1.4925844898219542,0.0697999969124794,0.7319150567054749,0.0,-3.384474277496338,0.08346116542816162,0.0
141.4,3.6986494064331055,1.3788433074951172,-0.0030847862362861633,-0.0013378243893384933,0.0060425130650401115,0.6789183616638184,-0.7341874837875366,-1.4926481502649145,0.0697999969124794,0.8411110043525696,0.0,-3.384791135787964,0.3679858148097992,0.0
141.41666666666666,3.698648691177368,1.3788433074951172,-0.0030779168009757996,-0.0013360744342207909,0.0059977564960718155,0.6789127588272095,-0.7341932058334351,-1.4926318597127188,0.0697999969124794,0.8497382998466492,0.0,-3.3847084045410156,0.1352555900812149,0.0
141.43333333333334,3.6986496448516846,1.3788435459136963,-0.003083735704421997,-0.00133476871997118,0.006037459708750248,0.6789203882217407,-0.7341858148574829,-1.492653566826704,0.0697999969124794,0.8904435038566589,0.0,-3.3848140239715576,0.2209608256816864,0.0
141.45,3.69864821434021,1.3788422346115112,-0.003079138696193695,-0.0013466021046042442,0.006006384268403053,0.6789020895957947,-0.7342029809951782,-1.4926030050509191,0.0697999969124794,0.7604303956031799,0.0,-3.3845880031585693,-0.025424716994166374,0.0
141.46666666666667,3.69864821434021,1.378853440284729,-0.003083564341068268,-0.001337260939180851,0.006036080420017242,0.6789632439613342,-0.7341461181640625,-1.4927702740129678,0.0697999969124794,1.061918020248413,0.0,-3.385474681854248,0.3460109233856201,0.0
141.48333333333332,3.6986477375030518,1.3788537979125977,-0.003078088164329529,-0.0013389438390731812,0.006001487374305725,0.678959846496582,-0.7341495752334595,-1.492760215991555,0.0697999969124794,1.0683510303497314,0.0,-3.3854293823242188,0.13976632058620453,0.0
141.5,3.698648691177368,1.3788529634475708,-0.0030837133526802063,-0.0013352734968066216,0.00603767205029726,0.6789625883102417,-0.7341468334197998,-1.4927685361828886,0.0697999969124794,1.1236066818237305,0.0,-3.385474920272827,0.10241493582725525,0.0
141.51666666666668,3.69864821434021,1.3788551092147827,-0.003082059323787689,-0.0013415645807981491,0.00602290453389287,0.6789760589599609,-0.7341343760490417,-1.4928048812264794,0.0697999969124794,1.134184718132019,0.0,-3.3856499195098877,0.41273319721221924,0.0
141.53333333333333,3.698648452758789,1.3788554668426514,-0.003078162670135498,-0.001341882161796093,0.006004249677062035,0.6789750456809998,-0.7341355085372925,-1.4928016904818855,0.0697999969124794,1.2017896175384521,0.0,-3.3855996131896973,0.15494893491268158,0.0
141.55,3.69864821434021,1.3788539171218872,-0.0030832290649414062,-0.0013362551108002663,0.006033622659742832,0.6789692640304565,-0.7341406941413879,-1.4927866286359577,0.0697999969124794,1.192439079284668,0.0,-3.3855466842651367,0.010262305848300457,0.0
141.56666666666666,3.6986472606658936,1.3788632154464722,-0.00308314710855484,-0.0013408362865447998,0.006030596327036619,0.6790159940719604,-0.7340973615646362,-1.4929138551695202,0.0697999969124794,1.3741271495819092,0.0,-3.3862476348876953,0.3897726833820343,0.0
141.58333333333334,3.6986470222473145,1.3788636922836304,-0.0030769556760787964,-0.0013465853407979012,0.005997910164296627,0.6790165305137634,-0.7340971231460571,-1.4929145584660342,0.0697999969124794,1.4381822347640991,0.0,-3.386199951171875,0.15073254704475403,0.0
141.6,3.6986474990844727,1.378861665725708,-0.0030838772654533386,-0.0013422751799225807,0.006037464365363121,0.679009735584259,-0.7341032028198242,-1.4928969782211958,0.0697999969124794,1.4015953540802002,0.0,-3.3861398696899414,0.026717865839600563,0.0
141.61666666666667,3.698646306991577,1.3788715600967407,-0.003082685172557831,-0.0013391794636845589,0.0060307541862130165,0.6790501475334167,-0.73406583070755,-1.4930069135426491,0.0697999969124794,1.5061008930206299,0.0,-3.386777400970459,0.39498814940452576,0.0
141.63333333333333,3.6986465454101562,1.3788723945617676,-0.0030777379870414734,-0.0013441070914268494,0.006000940687954426,0.6790528893470764,-0.7340635657310486,-1.4930136954326012,0.0697999969124794,1.5571322441101074,0.0,-3.3867673873901367,0.17667771875858307,0.0
141.65,3.698646068572998,1.3788708448410034,-0.0030831098556518555,-0.0013437392190098763,0.0060342769138514996,0.6790465116500854,-0.7340691089630127,-1.4929970883225119,0.0697999969124794,1.4977689981460571,0.0,-3.386714458465576,0.05195057764649391,0.0
141.66666666666666,3.6986465454101562,1.3788752555847168,-0.0030835792422294617,-0.0013423701748251915,0.006035995669662952,0.6790674328804016,-0.7340497970581055,-1.49305413385788,0.0697999969124794,1.6072956323623657,0.0,-3.3870537281036377,0.41124969720840454,0.0
141.68333333333334,3.6986465454101562,1.3788762092590332,-0.0030775219202041626,-0.0013447431847453117,0.006000962108373642,0.6790695190429688,-0.7340482473373413,-1.4930590119084537,0.0697999969124794,1.6301852464675903,0.0,-3.387021064758301,0.17726333439350128,0.0
141.7,3.698646068572998,1.3788747787475586,-0.003082871437072754,-0.001344870775938034,0.006033375859260559,0.67906254529953,-0.7340542674064636,-1.4930407506789372,0.0697999969124794,1.5466406345367432,0.0,-3.386962890625,0.060759786516427994,0.0
141.71666666666667,3.698646306991577,1.3788782358169556,-0.0030833929777145386,-0.0013430584222078323,0.006035135127604008,0.6790785789489746,-0.7340394258499146,-1.4930844758019843,0.0697999969124794,1.6526223421096802,0.0,-3.3872363567352295,0.40150630474090576,0.0
141.73333333333332,3.6986467838287354,1.378879189491272,-0.003077685832977295,-0.0013458672910928726,0.006002895534038544,0.6790798306465149,-0.7340386509895325,-1.4930871486065123,0.0697999969124794,1.6435859203338623,0.0,-3.387200355529785,0.17378835380077362,0.0
141.75,3.698645830154419,1.3788779973983765,-0.00308217853307724,-0.0013413876295089722,0.006030152551829815,0.679071307182312,-0.7340463399887085,-1.4930645603824546,0.0697999969124794,1.5396959781646729,0.0,-3.3871307373046875,0.05930052697658539,0.0
141.76666666666668,3.698645830154419,1.3788808584213257,-0.003083236515522003,-0.0013438155874609947,0.0060341269709169865,0.6790865659713745,-0.734032154083252,-1.4931062260555044,0.0697999969124794,1.6449686288833618,0.0,-3.38738751411438,0.4106498956680298,0.0
141.78333333333333,3.698646068572998,1.3788816928863525,-0.003077380359172821,-0.001346382312476635,0.006002177484333515,0.679089367389679,-0.7340297102928162,-1.4931131034377116,0.0697999969124794,1.661845326423645,0.0,-3.3873541355133057,0.17390722036361694,0.0
141.8,3.69864559173584,1.3788807392120361,-0.0030827298760414124,-0.0013454901054501534,0.006034426391124725,0.6790827512741089,-0.7340357303619385,-1.4930958462127497,0.0697999969124794,1.5760009288787842,0.0,-3.387305498123169,0.06619297713041306,0.0
141.81666666666666,3.698645830154419,1.3788834810256958,-0.003082491457462311,-0.001340564340353012,0.0060326047241687775,0.6790961027145386,-0.7340232729911804,-1.4931321642882063,0.0697999969124794,1.6670622825622559,-0.10862471163272858,-3.387552499771118,0.3917725384235382,0.10862471163272858
141.83333333333334,3.698645830154419,1.3788893222808838,-0.0030809342861175537,-0.001345193013548851,0.006021312437951565,0.6789587736129761,-0.7341503500938416,-1.492757755500376,0.06798968464136124,2.2868213653564453,-0.16293705999851227,-3.386414051055908,0.24870973825454712,0.16293705999851227
141.85,3.6986443996429443,1.3789074420928955,-0.0030827373266220093,-0.0013484247028827667,0.006034227088093758,0.6787518262863159,-0.7343416213989258,-1.492194372247199,0.06527409702539444,2.975520372390747,-0.21724942326545715,-3.3850514888763428,0.2832604944705963,0.21724942326545715
141.86666666666667,3.698639392852783,1.378954291343689,-0.003083959221839905,-0.0013644993305206299,0.0060479831881821156,0.6784021258354187,-0.7346645593643188,-1.491242510722843,0.06165324151515961,0.6223030090332031,-0.27156177163124084,-3.3832778930664062,0.6388434767723083,0.27156177163124084
141.88333333333333,3.698631763458252,1.3789957761764526,-0.003087244927883148,-0.0013347407802939415,0.006092391908168793,0.6780136823654175,-0.735022783279419,-1.4901863361539003,0.057127222418785095,-0.29282110929489136,-0.32587411999702454,-3.3808743953704834,0.35778796672821045,0.32587411999702454
141.9,3.698641777038574,1.3790239095687866,-0.0030935555696487427,-0.0013097291812300682,0.006070028990507126,0.6775583624839783,-0.7354427576065063,-1.4889472327687772,0.05169598385691643,-0.43765130639076233,-0.32587411999702454,-3.377472162246704,0.5550600290298462,0.32587411999702454
141.91666666666666,3.698640823364258,1.3790656328201294,-0.0030868351459503174,-0.001319904811680317,0.00607321597635746,0.6771069169044495,-0.7358583211898804,-1.4877199892532549,0.04626472294330597,-0.3589145541191101,-0.4344988465309143,-3.3745219707489014,0.626973569393158,0.4344988465309143
141.93333333333334,3.698638439178467,1.3790984153747559,-0.003077983856201172,-0.0013680094853043556,0.006019613705575466,0.6764772534370422,-0.7364375591278076,-1.4860080978276566,0.03902311623096466,0.029819464311003685,-0.488811194896698,-3.369474172592163,0.4130218029022217,0.488811194896698
141.95,3.6986355781555176,1.3791221380233765,-0.0030824467539787292,-0.0013789096847176552,0.006032023578882217,0.6757616400718689,-0.7370942234992981,-1.4840658513782365,0.03087623417377472,1.2911911010742188,-0.5431235432624817,-3.3636934757232666,0.05993462726473808,0.5431235432624817
141.96666666666667,3.698627471923828,1.3791496753692627,-0.0030766353011131287,-0.0013810526579618454,0.005995562300086021,0.6749266982078552,-0.7378590703010559,-1.481800710647924,0.021824192255735397,1.5602827072143555,-0.5974358916282654,-3.3573391437530518,1.2420661449432373,0.5974358916282654
141.98333333333332,3.698615789413452,1.3791983127593994,-0.0030799955129623413,-0.001407051458954811,0.006029697135090828,0.6739864349365234,-0.7387177348136902,-1.4792544195260109,0.011866938322782516,-0.8221243023872375,-0.6517482399940491,-3.349731683731079,0.36483779549598694,0.6517482399940491
142.0,3.6986024379730225,1.3792548179626465,-0.003085397183895111,-0.0014017391949892044,0.006053186021745205,0.6729310750961304,-0.7396789789199829,-1.4763995749647782,0.001004465389996767,-2.064493179321289,-0.6517482399940491,-3.3413357734680176,0.4939019978046417,0.6517482399940491
142.01666666666668,3.6985883712768555,1.3792873620986938,-0.0030795931816101074,-0.0014215437695384026,0.006026770453900099,0.6718840599060059,-0.7406303882598877,-1.4735698446331034,-0.00985801126807928,-0.32242774963378906,-0.7603729367256165,-3.333238363265991,0.6477057337760925,0.7603729367256165
142.03333333333333,3.698575973510742,1.3793326616287231,-0.0030825063586235046,-0.001429196447134018,0.006038445048034191,0.6706377863883972,-0.7417590022087097,-1.4702072974308191,-0.02253090776503086,-1.3578627109527588,-0.8146852850914001,-3.3227128982543945,0.4196777045726776,0.8146852850914001
142.05,3.6985628604888916,1.3793689012527466,-0.0030781105160713196,-0.001438237726688385,0.006008632481098175,0.6693353652954102,-0.7429347038269043,-1.4666977375199453,-0.03610900044441223,-0.06456442922353745,-0.8689976930618286,-3.3116798400878906,0.43062594532966614,0.8689976930618286
142.06666666666666,3.698554515838623,1.3793997764587402,-0.003079928457736969,-0.0014489209279417992,0.006013311445713043,0.667934000492096,-0.7441948056221008,-1.4629285958032645,-0.0505923330783844,0.19912613928318024,-0.9233100414276123,-3.299443483352661,0.8108974695205688,0.9233100414276123
142.08333333333334,3.698546886444092,1.3794325590133667,-0.0030795708298683167,-0.0014601871371269226,0.006008526310324669,0.66645348072052,-0.7455208897590637,-1.458953232435907,-0.06598082184791565,0.43316611647605896,-0.977622389793396,-3.2864668369293213,0.7897198796272278,0.977622389793396
142.1,3.698539972305298,1.3794599771499634,-0.0030806362628936768,-0.0014756331220269203,0.0060102143324911594,0.6648809313774109,-0.7469237446784973,-1.4547386692151079,-0.08227458596229553,0.8101264834403992,-0.977622389793396,-3.272489309310913,0.8443666696548462,0.977622389793396
142.11666666666667,3.6985342502593994,1.379480004310608,-0.0030805468559265137,-0.0014882255345582962,0.006006776355206966,0.663287341594696,-0.7483392953872681,-1.4504756352612442,-0.09856835007667542,0.8603343367576599,-1.0862470865249634,-3.258159875869751,0.8564653992652893,1.0862470865249634
142.13333333333333,3.6985268592834473,1.3795092105865479,-0.0030817463994026184,-0.0015043951570987701,0.00601259246468544,0.6615361571311951,-0.7498875856399536,-1.4458004796224184,-0.11667242646217346,1.0075631141662598,-1.140559434890747,-3.242640972137451,0.9224388003349304,1.140559434890747
142.15,3.698519468307495,1.3795312643051147,-0.0030815675854682922,-0.0015215268358588219,0.006008656229823828,0.6596766114234924,-0.7515239715576172,-1.4408463582521398,-0.1356816440820694,1.501028299331665,-1.1948717832565308,-3.2259650230407715,0.9990933537483215,1.1948717832565308
142.16666666666666,3.6985135078430176,1.3795547485351562,-0.00308053195476532,-0.0015390710905194283,0.0059980591759085655,0.6577048897743225,-0.753250241279602,-1.4356049779770763,-0.1555962711572647,1.994005560874939,-1.2491841316223145,-3.208357810974121,1.1306781768798828,1.2491841316223145
142.18333333333334,3.6985056400299072,1.379604697227478,-0.003076978027820587,-0.001553783193230629,0.005973094142973423,0.6555448770523071,-0.7551310062408447,-1.4298764864319051,-0.17641593515872955,1.212356448173523,-1.3034964799880981,-3.1898388862609863,1.1508984565734863,1.3034964799880981
142.2,3.698495626449585,1.3796666860580444,-0.003075018525123596,-0.001577773131430149,0.005956965498626232,0.6532511115074158,-0.7571161985397339,-1.423809060296495,-0.19814088940620422,0.7674850225448608,-1.3034964799880981,-3.1704835891723633,1.062913417816162,1.3034964799880981
142.21666666666667,3.6984848976135254,1.379721760749817,-0.0030752569437026978,-0.0016004592180252075,0.00595630519092083,0.650936484336853,-0.7591071128845215,-1.4177028728261294,-0.2198660671710968,1.0297307968139648,-1.3034964799880981,-3.1508078575134277,1.0431196689605713,1.3034964799880981
142.23333333333332,3.6984732151031494,1.3797764778137207,-0.0030753090977668762,-0.0016206875443458557,0.005953048821538687,0.6486139893531799,-0.7610926032066345,-1.4115919142782487,-0.24159124493598938,0.9676191806793213,-1.3034964799880981,-3.131108045578003,1.0293169021606445,1.3034964799880981
142.25,3.698460102081299,1.3798319101333618,-0.00307503342628479,-0.0016406858339905739,0.005949349142611027,0.6462835073471069,-0.7630723714828491,-1.4054758316128055,-0.2633160948753357,0.9025071859359741,-1.3034964799880981,-3.111395835876465,1.0158014297485352,1.3034964799880981
142.26666666666668,3.6984455585479736,1.3798882961273193,-0.0030749142169952393,-0.0016624638810753822,0.005946057848632336,0.643947958946228,-0.7650443315505981,-1.399362349872964,-0.28504079580307007,0.8607560992240906,-1.3034964799880981,-3.0917041301727295,1.0082905292510986,1.3034964799880981
142.28333333333333,3.6984307765960693,1.379945158958435,-0.0030746757984161377,-0.0016834363341331482,0.005941468756645918,0.641606330871582,-0.7670091390609741,-1.3932486605559276,-0.30676549673080444,0.8203787803649902,-1.3034964799880981,-3.0720255374908447,1.003335952758789,1.3034964799880981
142.3,3.6984140872955322,1.3800026178359985,-0.0030745193362236023,-0.0017030732706189156,0.005938177928328514,0.6392593383789062,-0.7689664363861084,-1.3871366836941548,-0.3284901976585388,0.7908073663711548,-1.3034964799880981,-3.0523579120635986,1.0007717609405518,1.3034964799880981
142.31666666666666,3.6983978748321533,1.380059838294983,-0.003074362874031067,-0.00172368623316288,0.005933535285294056,0.6369068026542664,-0.7709160447120667,-1.3810257503118317,-0.3502148985862732,0.8119952082633972,-1.3034964799880981,-3.0326998233795166,1.0073884725570679,1.3034964799880981
142.33333333333334,3.698380708694458,1.3801171779632568,-0.003073953092098236,-0.0017428230494260788,0.005927005782723427,0.6345490217208862,-0.7728579044342041,-1.3749165892037738,-0.37193959951400757,0.8303840160369873,-1.3034964799880981,-3.0130386352539062,1.0068399906158447,1.3034964799880981
142.35,3.698363780975342,1.3801742792129517,-0.0030737146735191345,-0.0017626620829105377,0.005921180360019207,0.6321852207183838,-0.7747925519943237,-1.3688071702596285,-0.39366430044174194,0.8119198679924011,-1.3034964799880981,-2.993379831314087,1.0048308372497559,1.3034964799880981
142.36666666666667,3.6983461380004883,1.3802313804626465,-0.003073558211326599,-0.001781810075044632,0.005916871130466461,0.6298155188560486,-0.7767201662063599,-1.3626978321550103,-0.4153890013694763,0.824969470500946,-1.3034964799880981,-2.9737226963043213,1.0078283548355103,1.3034964799880981
142.38333333333333,3.6983282566070557,1.3802883625030518,-0.0030732154846191406,-0.00180109404027462,0.005910392850637436,0.6274397969245911,-0.7786405086517334,-1.3565880404599395,-0.4371137022972107,0.822476327419281,-1.3034964799880981,-2.9540631771087646,1.0056990385055542,1.3034964799880981
142.4,3.6983096599578857,1.3803452253341675,-0.0030730292201042175,-0.0018208716064691544,0.005905096419155598,0.6250579953193665,-0.7805538177490234,-1.350477719378075,-0.45883840322494507,0.8170133829116821,-1.3034964799880981,-2.9344053268432617,1.0062164068222046,1.3034964799880981
142.41666666666666,3.698291063308716,1.380401849746704,-0.0030727609992027283,-0.0018403474241495132,0.005898850969970226,0.622670590877533,-0.7824596762657166,-1.3443679737064793,-0.48056310415267944,0.8249680399894714,-1.3034964799880981,-2.914747476577759,1.0072453022003174,1.3034964799880981
142.43333333333334,3.6982717514038086,1.3804587125778198,-0.0030724704265594482,-0.0018603578209877014,0.0058920676819980145,0.6202774047851562,-0.7843581438064575,-1.3382582744800169,-0.5022878050804138,0.817940354347229,-1.3034964799880981,-2.8950889110565186,1.0057778358459473,1.3034964799880981
142.45,3.6982524394989014,1.380515217781067,-0.003072306513786316,-0.001879040151834488,0.0058878157287836075,0.617878258228302,-0.7862494587898254,-1.332148204699333,-0.5240125060081482,0.8219883441925049,-1.3034964799880981,-2.8754312992095947,1.0064468383789062,1.3034964799880981
142.46666666666667,3.698232889175415,1.3805714845657349,-0.003071993589401245,-0.001898561604321003,0.0058813150972127914,0.6154735684394836,-0.7881332635879517,-1.3260386536006006,-0.5457372069358826,0.8236156702041626,-1.3034964799880981,-2.8557729721069336,1.0066142082214355,1.3034964799880981
142.48333333333332,3.6982131004333496,1.3806276321411133,-0.0030717551708221436,-0.0019183484837412834,0.005874704569578171,0.613062858581543,-0.7900099754333496,-1.3199284160285785,-0.5674619078636169,0.818418562412262,-1.3034964799880981,-2.8361151218414307,1.0061880350112915,1.3034964799880981
142.5,3.698193073272705,1.3806837797164917,-0.0030715391039848328,-0.001937459222972393,0.005869186483323574,0.6106465458869934,-0.7918790578842163,-1.3138184551435679,-0.5891866087913513,0.8228716850280762,-1.3034964799880981,-2.8164560794830322,1.0067031383514404,1.3034964799880981
142.51666666666668,3.6981723308563232,1.3807398080825806,-0.0030712708830833435,-0.001956617459654808,0.0058632162399590015,0.6082248091697693,-0.7937407493591309,-1.3077092433241628,-0.6109113097190857,0.8217161297798157,-1.3034964799880981,-2.796797275543213,1.006070613861084,1.3034964799880981
142.53333333333333,3.6981515884399414,1.3807957172393799,-0.003071017563343048,-0.0019762981683015823,0.005856387782841921,0.605797290802002,-0.7955949902534485,-1.3015997073647783,-0.6326360106468201,0.8201808929443359,-1.3034964799880981,-2.77713942527771,1.0066193342208862,1.3034964799880981
142.55,3.6981303691864014,1.3808515071868896,-0.0030707865953445435,-0.001995147205889225,0.0058510685339570045,0.6033643484115601,-0.7974417209625244,-1.2954908085629528,-0.6543607115745544,0.8228896260261536,-1.3034964799880981,-2.7574803829193115,1.0063269138336182,1.3034964799880981
142.56666666666666,3.698108434677124,1.3809070587158203,-0.0030704885721206665,-0.0020149247720837593,0.005843661725521088,0.6009255647659302,-0.7992809414863586,-1.289381258510115,-0.6760854125022888,0.8208464980125427,-1.3034964799880981,-2.7378225326538086,1.0064877271652222,1.3034964799880981
142.58333333333334,3.6980860233306885,1.38096284866333,-0.0030702948570251465,-0.0020338818430900574,0.00583831500262022,0.5984811186790466,-0.8011131286621094,-1.2832717470676607,-0.6978101134300232,0.8216227889060974,-1.3034964799880981,-2.7181642055511475,1.0062341690063477,1.3034964799880981
142.6,3.698064088821411,1.3810181617736816,-0.0030700117349624634,-0.0020529571920633316,0.0058313999325037,0.5960312485694885,-0.802937388420105,-1.2771624890905697,-0.7195348143577576,0.8229053020477295,-1.3034964799880981,-2.6985061168670654,1.0065323114395142,1.3034964799880981
142.61666666666667,3.6980414390563965,1.381073236465454,-0.0030697807669639587,-0.002072332426905632,0.005824622698128223,0.5935758352279663,-0.8047542572021484,-1.2710533205869425,-0.7412595152854919,0.8210347294807434,-1.3034964799880981,-2.678847312927246,1.006282925605774,1.3034964799880981
142.63333333333333,3.6980180740356445,1.3811284303665161,-0.003069549798965454,-0.0020909383893013,0.005819150246679783,0.5911148190498352,-0.8065637350082397,-1.2649440466203627,-0.7629842162132263,0.8228886723518372,-1.3034964799880981,-2.6591885089874268,1.0062469244003296,1.3034964799880981
142.65,3.6979944705963135,1.381183385848999,-0.0030692890286445618,-0.0021099401637911797,0.005812526680529118,0.5886480212211609,-0.8083658218383789,-1.2588340698776819,-0.7847089171409607,0.8231355547904968,-1.3034964799880981,-2.6395297050476074,1.0063815116882324,1.3034964799880981
142.66666666666666,3.6979708671569824,1.3812381029129028,-0.0030690357089042664,-0.00212931539863348,0.005805573426187038,0.5861758589744568,-0.8101601004600525,-1.2527243454017585,-0.8064336180686951,0.8210832476615906,-1.3034964799880981,-2.6198716163635254,1.00636625289917,1.3034964799880981
142.68333333333334,3.697946548461914,1.381292700767517,-0.003068782389163971,-0.002148468978703022,0.005798735655844212,0.5836983919143677,-0.8119469285011292,-1.246615115012877,-0.8281583189964294,0.8219382166862488,-1.3034964799880981,-2.6002135276794434,1.0065116882324219,1.3034964799880981
142.7,3.697922468185425,1.3813470602035522,-0.0030685514211654663,-0.002168199047446251,0.005791023373603821,0.5812154412269592,-0.8137263655662537,-1.2405058366599084,-0.8498830199241638,0.8208747506141663,-1.3034964799880981,-2.580554962158203,1.006532073020935,1.3034964799880981
142.71666666666667,3.6978979110717773,1.381401538848877,-0.003068305552005768,-0.0021866783499717712,0.005785252898931503,0.5787264704704285,-0.8154981732368469,-1.2343949634288895,-0.8716077208518982,0.8221924901008606,-1.3034964799880981,-2.5608959197998047,1.0060205459594727,1.3034964799880981
142.73333333333332,3.6978724002838135,1.3814555406570435,-0.0030680224299430847,-0.0022060973569750786,0.005777487996965647,0.5762322545051575,-0.8172624111175537,-1.228284491560625,-0.8933324217796326,0.8227052688598633,-1.3034964799880981,-2.5412371158599854,1.006737470626831,1.3034964799880981
142.75,3.6978466510772705,1.3815096616744995,-0.003067806363105774,-0.002224705182015896,0.005771243944764137,0.5737332701683044,-0.8190189003944397,-1.2221756635855578,-0.9150571227073669,0.8217512965202332,-1.3034964799880981,-2.521578073501587,1.0060137510299683,1.3034964799880981
142.76666666666668,3.6978211402893066,1.381563425064087,-0.0030675381422042847,-0.0022440897300839424,0.005763309076428413,0.5712285041809082,-0.8207676410675049,-1.2160655970554965,-0.9367818236351013,0.8223248720169067,-1.3034964799880981,-2.501919746398926,1.006801962852478,1.3034964799880981
142.78333333333333,3.6977956295013428,1.3816170692443848,-0.003067292273044586,-0.002262658439576626,0.005756997969001532,0.5687187314033508,-0.822508692741394,-1.2099564321105158,-0.9585065245628357,0.8222227692604065,-1.3034964799880981,-2.4822604656219482,1.0059937238693237,1.3034964799880981
142.8,3.6977691650390625,1.381670594215393,-0.0030670389533042908,-0.0022819116711616516,0.005749235395342112,0.5662035346031189,-0.8242421746253967,-1.2038469624079973,-0.9802312254905701,0.8219444155693054,-1.3034964799880981,-2.462602138519287,1.0066410303115845,1.3034964799880981
142.81666666666666,3.697741985321045,1.3817238807678223,-0.0030667930841445923,-0.0023010820150375366,0.005741605069488287,0.5636830925941467,-0.8259679079055786,-1.197737577202657,-1.0019559860229492,0.8216896057128906,-1.3034964799880981,-2.442944049835205,1.0064144134521484,1.3034964799880981
142.83333333333334,3.6977150440216064,1.381777048110962,-0.0030665546655654907,-0.002319909632205963,0.005734780803322792,0.5611573457717896,-0.8276860117912292,-1.1916281215945121,-1.0236806869506836,0.8220536708831787,-1.3034964799880981,-2.4232850074768066,1.006241798400879,1.3034964799880981
142.85,3.6976876258850098,1.3818302154541016,-0.003066316246986389,-0.0023391908034682274,0.005726516246795654,0.5586265325546265,-0.8293961882591248,-1.1855190092088694,-1.045405387878418,0.8218611478805542,-1.3034964799880981,-2.4036269187927246,1.006643533706665,1.3034964799880981
142.86666666666667,3.697659492492676,1.3818832635879517,-0.0030660703778266907,-0.002357509918510914,0.005720247980207205,0.5560906529426575,-0.8310984969139099,-1.1794102768321006,-1.0671300888061523,0.822777509689331,-1.3034964799880981,-2.383967399597168,1.0059714317321777,1.3034964799880981
142.88333333333333,3.6976308822631836,1.381935954093933,-0.003065831959247589,-0.0023765787482261658,0.005712179001420736,0.5535495281219482,-0.8327932953834534,-1.1733014574198066,-1.0888547897338867,0.8226882815361023,-1.3034964799880981,-2.364309549331665,1.0066455602645874,1.3034964799880981
142.9,3.6976027488708496,1.3819884061813354,-0.0030655637383461,-0.0023949528113007545,0.0057054562494158745,0.5510029196739197,-0.8344802260398865,-1.1671917695118494,-1.110579490661621,0.8228239417076111,-1.3034964799880981,-2.3446505069732666,1.0060771703720093,1.3034964799880981
142.91666666666666,3.6975741386413574,1.3820408582687378,-0.003065340220928192,-0.002413894049823284,0.005697447806596756,0.5484514236450195,-0.8361596465110779,-1.1610828570315264,-1.1323041915893555,0.8227987289428711,-1.3034964799880981,-2.3249926567077637,1.0065702199935913,1.3034964799880981
142.93333333333334,3.697545289993286,1.382093071937561,-0.003065057098865509,-0.0024330290034413338,0.005689204670488834,0.5458946228027344,-0.8378309011459351,-1.1549732810215803,-1.1540288925170898,0.8216410279273987,-1.3034964799880981,-2.3053348064422607,1.0064712762832642,1.3034964799880981
142.95,3.6975157260894775,1.3821452856063843,-0.0030648186802864075,-0.002451273612678051,0.0056822579354047775,0.5433328151702881,-0.839494526386261,-1.148864046979002,-1.1757535934448242,0.8228521943092346,-1.3034964799880981,-2.285675287246704,1.0061076879501343,1.3034964799880981
142.96666666666667,3.697486162185669,1.382197380065918,-0.003064580261707306,-0.0024706022813916206,0.005673456937074661,0.5407661199569702,-0.8411502242088318,-1.1427552208389384,-1.1974782943725586,0.8222963213920593,-1.3034964799880981,-2.2660176753997803,1.006723165512085,1.3034964799880981
142.98333333333332,3.6974568367004395,1.382248878479004,-0.003064356744289398,-0.002488715574145317,0.00566677562892437,0.5381943583488464,-0.8427980542182922,-1.1366463729364724,-1.219202995300293,0.8227949738502502,-1.3034964799880981,-2.2463583946228027,1.0059092044830322,1.3034964799880981
143.0,3.6974267959594727,1.3823003768920898,-0.003064095973968506,-0.0025071920827031136,0.005658856593072414,0.5356175303459167,-0.8444379568099976,-1.1305373505362313,-1.2409276962280273,0.8242147564888,-1.3034964799880981,-2.226699113845825,1.0065053701400757,1.3034964799880981
143.01666666666668,3.6973965167999268,1.3823517560958862,-0.0030638203024864197,-0.0025264648720622063,0.005649910308420658,0.5330355167388916,-0.8460702896118164,-1.124427952051341,-1.2626523971557617,0.8215996623039246,-1.3034964799880981,-2.207041025161743,1.0064595937728882,1.3034964799880981
143.03333333333333,3.6973655223846436,1.3824028968811035,-0.003063581883907318,-0.0025448696687817574,0.005642330273985863,0.5304484367370605,-0.8476945161819458,-1.1183182394673072,-1.284377098083496,0.822516679763794,-1.3034964799880981,-2.187382221221924,1.006285548210144,1.3034964799880981
143.05,3.697333812713623,1.3824535608291626,-0.0030633211135864258,-0.00256365817040205,0.0056337229907512665,0.5278564691543579,-0.8493109941482544,-1.1122087471951632,-1.3061017990112305,0.8232433795928955,-1.3034964799880981,-2.1677236557006836,1.0065486431121826,1.3034964799880981
143.06666666666666,3.6973023414611816,1.3825043439865112,-0.0030630677938461304,-0.002582065761089325,0.005625814665108919,0.5252595543861389,-0.8509194850921631,-1.1060991847614865,-1.3278264999389648,0.8221728205680847,-1.3034964799880981,-2.148064613342285,1.0061047077178955,1.3034964799880981
143.08333333333334,3.697270393371582,1.3825550079345703,-0.0030628442764282227,-0.002600552514195442,0.005617702379822731,0.5226578712463379,-0.8525199294090271,-1.0999899202109462,-1.3495512008666992,0.8237228393554688,-1.3034964799880981,-2.128406286239624,1.006481409072876,1.3034964799880981
143.1,3.6972386837005615,1.3826053142547607,-0.003062598407268524,-0.0026191268116235733,0.005609368905425072,0.5200513005256653,-0.8541125655174255,-1.0938806937174461,-1.3712759017944336,0.8228319883346558,-1.3034964799880981,-2.1087474822998047,1.0062782764434814,1.3034964799880981
143.11666666666667,3.697206497192383,1.3826555013656616,-0.0030623525381088257,-0.002637946978211403,0.005600458942353725,0.5174399614334106,-0.8556972146034241,-1.087771670338265,-1.393000602722168,0.8220493793487549,-1.3034964799880981,-2.0890896320343018,1.0065393447875977,1.3034964799880981
143.13333333333333,3.697174072265625,1.3827053308486938,-0.003062121570110321,-0.002655799500644207,0.005593493580818176,0.5148240923881531,-0.857273519039154,-1.0816632942834932,-1.4147253036499023,0.8240828514099121,-1.3034964799880981,-2.0694308280944824,1.0060099363327026,1.3034964799880981
143.15,3.69714093208313,1.3827550411224365,-0.003061853349208832,-0.002674276940524578,0.005584457889199257,0.5122029781341553,-0.858842134475708,-1.0755538663035673,-1.4364500045776367,0.8233534693717957,-1.3034964799880981,-2.049772024154663,1.0065159797668457,1.3034964799880981
143.16666666666666,3.697108030319214,1.3828043937683105,-0.0030616074800491333,-0.002692851237952709,0.005575602408498526,0.5095771551132202,-0.8604026436805725,-1.0694445839498745,-1.458174705505371,0.8226412534713745,-1.3034964799880981,-2.030113458633423,1.0063941478729248,1.3034964799880981
143.18333333333334,3.6970739364624023,1.3828537464141846,-0.003061339259147644,-0.002711888402700424,0.0055659739300608635,0.5069460868835449,-0.8619555234909058,-1.0633342043969112,-1.4798994064331055,0.8218864798545837,-1.3034964799880981,-2.010455369949341,1.0065749883651733,1.3034964799880981
143.2,3.6970396041870117,1.382902979850769,-0.0030611157417297363,-0.0027299663051962852,0.005558349192142487,0.5043100714683533,-0.8635003566741943,-1.05722330430193,-1.5016241073608398,0.8231368660926819,-1.3034964799880981,-1.9907963275909424,1.0060399770736694,1.3034964799880981
143.21666666666667,3.6970055103302,1.3829518556594849,-0.0030608773231506348,-0.0027473391965031624,0.005550816655158997,0.5016700029373169,-0.8650368452072144,-1.0511139656415522,-1.5233488082885742,0.8254984617233276,-1.3034964799880981,-1.9711376428604126,1.0060749053955078,1.3034964799880981
143.23333333333332,3.6969711780548096,1.3830006122589111,-0.003060571849346161,-0.002766610123217106,0.005540214013308287,0.49902480840682983,-0.866565465927124,-1.0450035185331559,-1.5450735092163086,0.8221515417098999,-1.3034964799880981,-1.9514801502227783,1.00686514377594,1.3034964799880981
143.25,3.6969363689422607,1.3830490112304688,-0.003060370683670044,-0.0027845390141010284,0.005532487761229277,0.4963747560977936,-0.8680861592292786,-1.0388926918472179,-1.566798210144043,0.8227709531784058,-1.3034964799880981,-1.9318211078643799,1.0059802532196045,1.3034964799880981
143.26666666666668,3.696901321411133,1.3830972909927368,-0.0030601099133491516,-0.0028031496331095695,0.005522442050278187,0.49372023344039917,-0.8695987462997437,-1.032782241937404,-1.5885229110717773,0.8239464163780212,-1.3034964799880981,-1.912163496017456,1.006746768951416,1.3034964799880981
143.28333333333333,3.6968655586242676,1.3831455707550049,-0.003059864044189453,-0.002821083180606365,0.005514196120202541,0.4910612404346466,-0.8711029291152954,-1.0266720406215917,-1.6102476119995117,0.82276850938797,-1.3034964799880981,-1.8925046920776367,1.0058926343917847,1.3034964799880981
143.3,3.6968295574188232,1.3831934928894043,-0.0030596330761909485,-0.0028391610831022263,0.005505237262696028,0.488397479057312,-0.8725993037223816,-1.0205615130107315,-1.631972312927246,0.8245501518249512,-1.3034964799880981,-1.8728463649749756,1.0065398216247559,1.3034964799880981
143.31666666666666,3.696794033050537,1.383241057395935,-0.0030593648552894592,-0.0028574150055646896,0.005496137775480747,0.48572903871536255,-0.8740874528884888,-1.01445063584327,-1.6536970138549805,0.8234711289405823,-1.3034964799880981,-1.853188395500183,1.006251335144043,1.3034964799880981
143.33333333333334,3.6967577934265137,1.3832885026931763,-0.003059111535549164,-0.0028758281841874123,0.005486383102834225,0.4830557703971863,-0.8755675554275513,-1.0083390516569193,-1.6754217147827148,0.8225674033164978,-1.3034964799880981,-1.8335307836532593,1.0065361261367798,1.3034964799880981
143.35,3.696721076965332,1.3833354711532593,-0.0030588731169700623,-0.0028936583548784256,0.005477973259985447,0.48037856817245483,-0.8770393133163452,-1.0022288853817514,-1.6971464157104492,0.8243950605392456,-1.3034964799880981,-1.81387197971344,1.006148338317871,1.3034964799880981
143.36666666666667,3.6966843605041504,1.3833824396133423,-0.003058589994907379,-0.002912089228630066,0.005467580631375313,0.47769635915756226,-0.8785030841827393,-0.9961174463132652,-1.7188711166381836,0.8230302333831787,-1.3034964799880981,-1.794214129447937,1.0065258741378784,1.3034964799880981
143.38333333333333,3.6966471672058105,1.3834291696548462,-0.0030583813786506653,-0.0029299845919013023,0.005458929110318422,0.47500985860824585,-0.8799585103988647,-0.9900064002942499,-1.740595817565918,0.8235558271408081,-1.3034964799880981,-1.7745554447174072,1.0061430931091309,1.3034964799880981
143.4,3.6966092586517334,1.383475661277771,-0.00305812805891037,-0.0029473667964339256,0.005450565833598375,0.47231924533843994,-0.8814057111740112,-0.9838961741565644,-1.7623205184936523,0.8256630301475525,-1.3034964799880981,-1.754896879196167,1.0061256885528564,1.3034964799880981
143.41666666666666,3.6965718269348145,1.3835219144821167,-0.0030578747391700745,-0.002965587191283703,0.005440711975097656,0.4696241021156311,-0.8828446865081787,-0.9777856147923123,-1.7840452194213867,0.8236373662948608,-1.3034964799880981,-1.7352396249771118,1.0064526796340942,1.3034964799880981
143.43333333333334,3.696533679962158,1.3835680484771729,-0.003057621419429779,-0.002984042279422283,0.005430165678262711,0.46692490577697754,-0.8842751383781433,-0.971675734906204,-1.805769920349121,0.8225499391555786,-1.3034964799880981,-1.7155818939208984,1.006594181060791,1.3034964799880981
143.45,3.696495532989502,1.3836137056350708,-0.0030573904514312744,-0.003001580946147442,0.005421592853963375,0.46422138810157776,-0.8856974840164185,-0.9655660616603078,-1.8274946212768555,0.8242318630218506,-1.3034964799880981,-1.695923089981079,1.0060420036315918,1.3034964799880981
143.46666666666667,3.6964569091796875,1.3836593627929688,-0.0030571147799491882,-0.00301998108625412,0.0054108924232423306,0.4615134000778198,-0.8871115446090698,-0.9594559903457246,-1.8492193222045898,0.8231929540634155,-1.3034964799880981,-1.6762657165527344,1.0065876245498657,1.3034964799880981
143.48333333333332,3.696417808532715,1.383704662322998,-0.0030568987131118774,-0.003037423826754093,0.005402268376201391,0.45880118012428284,-0.8885173201560974,-0.9533461460742565,-1.8709440231323242,0.8240928053855896,-1.3034964799880981,-1.6566072702407837,1.0060213804244995,1.3034964799880981
143.5,3.696378469467163,1.3837497234344482,-0.003056652843952179,-0.003055230714380741,0.005392279475927353,0.456084668636322,-0.8899148106575012,-0.9472362559866943,-1.8926687240600586,0.8249413371086121,-1.3034964799880981,-1.6369497776031494,1.006484031677246,1.3034964799880981
143.51666666666668,3.6963391304016113,1.3837946653366089,-0.0030563920736312866,-0.0030731288716197014,0.005382278002798557,0.4533637762069702,-0.8913039565086365,-0.9411260336820334,-1.914393424987793,0.8233696818351746,-1.3034964799880981,-1.6172914505004883,1.0062122344970703,1.3034964799880981
143.53333333333333,3.6962997913360596,1.3838393688201904,-0.003056168556213379,-0.0030907681211829185,0.005372805055230856,0.4506387710571289,-0.8926848769187927,-0.9350161703307069,-1.9361181259155273,0.8244419097900391,-1.3034964799880981,-1.5976332426071167,1.0063339471817017,1.3034964799880981
143.55,3.6962594985961914,1.3838837146759033,-0.0030558928847312927,-0.003108503296971321,0.005362860392779112,0.44790950417518616,-0.8940572738647461,-0.9289060557265848,-1.9578428268432617,0.8243176341056824,-1.3034964799880981,-1.5779749155044556,1.0062928199768066,1.3034964799880981
143.56666666666666,3.6962196826934814,1.383927822113037,-0.0030556321144104004,-0.0031262673437595367,0.005352616310119629,0.4451759159564972,-0.89542156457901,-0.9227957116667911,-1.979567527770996,0.8237708806991577,-1.3034964799880981,-1.5583168268203735,1.006347417831421,1.3034964799880981
143.58333333333334,3.696178913116455,1.3839718103408813,-0.003055386245250702,-0.003144470974802971,0.005341573618352413,0.44243812561035156,-0.8967775106430054,-0.9166852456636339,-2.0012924671173096,0.8232097029685974,-1.3034964799880981,-1.5386587381362915,1.0065643787384033,1.3034964799880981
143.6,3.696138381958008,1.3840155601501465,-0.0030551552772521973,-0.0031617507338523865,0.005332762375473976,0.4396963119506836,-0.8981249332427979,-0.9105750046437939,-2.0230209827423096,0.8245443105697632,-1.3034964799880981,-1.5189995765686035,1.0059592723846436,1.3034964799880981
143.61666666666667,3.6960971355438232,1.3840588331222534,-0.0030549094080924988,-0.0031793229281902313,0.005322243086993694,0.4369503855705261,-0.8994642496109009,-0.904464859002401,-2.0447494983673096,0.8249784111976624,-1.3034964799880981,-1.4993420839309692,1.0064899921417236,1.3034964799880981
143.63333333333333,3.6960556507110596,1.3841018676757812,-0.003054670989513397,-0.003196428529918194,0.005313178990036249,0.4342004656791687,-0.9007948637008667,-0.8983547865195336,-2.0664780139923096,0.8249716758728027,-1.3034964799880981,-1.479683518409729,1.0059031248092651,1.3034964799880981
143.65,3.6960136890411377,1.3841447830200195,-0.003054402768611908,-0.003214096650481224,0.005302661098539829,0.4314466416835785,-0.9021170735359192,-0.8922450579764708,-2.0882065296173096,0.8250638246536255,-1.3034964799880981,-1.4600261449813843,1.0065613985061646,1.3034964799880981
143.66666666666666,3.6959714889526367,1.3841872215270996,-0.0030541643500328064,-0.0032319193705916405,0.005291617941111326,0.42868876457214355,-0.9034309387207031,-0.8861352950816723,-2.1099350452423096,0.8231481313705444,-1.3034964799880981,-1.4403682947158813,1.006388545036316,1.3034964799880981
143.68333333333334,3.695929765701294,1.3842294216156006,-0.0030539333820343018,-0.0032489849254488945,0.005282213911414146,0.42592671513557434,-0.904736340045929,-0.8800251210345245,-2.1316635608673096,0.8249227404594421,-1.3034964799880981,-1.4207097291946411,1.006120204925537,1.3034964799880981
143.7,3.695887327194214,1.3842716217041016,-0.0030536502599716187,-0.0032666241750121117,0.005271338392049074,0.423160582780838,-0.9060333967208862,-0.873914711589291,-2.1533920764923096,0.8245368003845215,-1.3034964799880981,-1.4010521173477173,1.006440281867981,1.3034964799880981
143.71666666666667,3.6958444118499756,1.3843133449554443,-0.003053419291973114,-0.0032844170928001404,0.0052598644979298115,0.42039045691490173,-0.9073220491409302,-0.8678042140389278,-2.1751205921173096,0.8231003880500793,-1.3034964799880981,-1.3813940286636353,1.0064328908920288,1.3034964799880981
143.73333333333332,3.6958022117614746,1.384355068206787,-0.0030531808733940125,-0.003301694057881832,0.0052496339194476604,0.41761645674705505,-0.908602237701416,-0.8616938648405447,-2.1968491077423096,0.8246219158172607,-1.3034964799880981,-1.361735463142395,1.006253957748413,1.3034964799880981
143.75,3.695758819580078,1.3843964338302612,-0.003052927553653717,-0.0033185267820954323,0.005240365397185087,0.414838582277298,-0.9098737239837646,-0.8555834712093942,-2.2185776233673096,0.825543224811554,-1.3034964799880981,-1.3420768976211548,1.0058938264846802,1.3034964799880981
143.76666666666668,3.6957156658172607,1.3844374418258667,-0.003052659332752228,-0.0033358540385961533,0.005229531321674585,0.41205698251724243,-0.9111368656158447,-0.8494734896490431,-2.2403061389923096,0.8254051208496094,-1.3034964799880981,-1.3224197626113892,1.0064775943756104,1.3034964799880981
143.78333333333333,3.695672035217285,1.384478211402893,-0.0030523836612701416,-0.0033535119146108627,0.0052178180776536465,0.4092714786529541,-0.9123914837837219,-0.8433633412034613,-2.2620346546173096,0.8236204981803894,-1.3034964799880981,-1.3027621507644653,1.0064736604690552,1.3034964799880981
143.8,3.6956279277801514,1.3845187425613403,-0.0030521973967552185,-0.0033708028495311737,0.0052071213722229,0.4064822793006897,-0.913637638092041,-0.8372535427460287,-2.2837631702423096,0.8242740631103516,-1.3034964799880981,-1.283103585243225,1.0062540769577026,1.3034964799880981
143.81666666666666,3.6955840587615967,1.3845590353012085,-0.0030519142746925354,-0.0033878348767757416,0.005196634214371443,0.4036889970302582,-0.9148751497268677,-0.8311429827141258,-2.3054916858673096,0.8253173232078552,-1.3034964799880981,-1.2634450197219849,1.0062185525894165,1.3034964799880981
143.83333333333334,3.695539951324463,1.3845990896224976,-0.003051668405532837,-0.0034051649272441864,0.005185503046959639,0.40089231729507446,-0.9161041378974915,-0.8250333200119307,-2.3272202014923096,0.8244560956954956,-1.3034964799880981,-1.243787169456482,1.0063161849975586,1.3034964799880981
143.85,3.695495367050171,1.384638786315918,-0.003051444888114929,-0.0034223487600684166,0.0051742736250162125,0.3980919122695923,-0.9173245429992676,-0.8189236755593658,-2.3489487171173096,0.8246012330055237,-1.3034964799880981,-1.2241294384002686,1.0063914060592651,1.3034964799880981
143.86666666666667,3.695450782775879,1.3846778869628906,-0.0030511990189552307,-0.0034390250220894814,0.005164371337741613,0.3952869176864624,-0.9185366630554199,-0.8128120958912407,-2.3706772327423096,0.8259621262550354,-1.3034964799880981,-1.2044706344604492,1.0059694051742554,1.3034964799880981
143.88333333333333,3.695405960083008,1.3847171068191528,-0.0030509158968925476,-0.0034565217792987823,0.005152256228029728,0.3924781382083893,-0.9197403192520142,-0.8067003155750385,-2.3924057483673096,0.8243178725242615,-1.3034964799880981,-1.184813380241394,1.0065995454788208,1.3034964799880981
143.9,3.6953604221343994,1.3847558498382568,-0.003050699830055237,-0.0034733088687062263,0.0051421825774014,0.38966596126556396,-0.9209352731704712,-0.8005891528633932,-2.4141342639923096,0.8250568509101868,-1.3034964799880981,-1.1651549339294434,1.0060579776763916,1.3034964799880981
143.91666666666666,3.695314645767212,1.3847944736480713,-0.0030504614114761353,-0.003490281291306019,0.005130623001605272,0.38684985041618347,-0.9221218228340149,-0.7944773602034573,-2.4358627796173096,0.8253964781761169,-1.3034964799880981,-1.14549720287323,1.0064311027526855,1.3034964799880981
143.93333333333334,3.6952686309814453,1.3848328590393066,-0.003050178289413452,-0.0035073552280664444,0.005119095556437969,0.38403019309043884,-0.9232995510101318,-0.788365614569546,-2.4575912952423096,0.8241558074951172,-1.3034964799880981,-1.1258388757705688,1.0062530040740967,1.3034964799880981
143.95,3.6952223777770996,1.3848706483840942,-0.0030499473214149475,-0.003524521365761757,0.005107374861836433,0.38120681047439575,-0.9244689345359802,-0.7822536852201928,-2.4793198108673096,0.8243353962898254,-1.3034964799880981,-1.106181025505066,1.0064646005630493,1.3034964799880981
143.96666666666667,3.695176124572754,1.3849085569381714,-0.003049708902835846,-0.0035411352291703224,0.005097045563161373,0.3783800005912781,-0.9256294965744019,-0.7761419949205477,-2.5010483264923096,0.825523316860199,-1.3034964799880981,-1.0865222215652466,1.0059661865234375,1.3034964799880981
143.98333333333332,3.695129871368408,1.3849461078643799,-0.0030494406819343567,-0.003558032214641571,0.005085419397801161,0.3755496144294739,-0.9267813563346863,-0.7700301493732746,-2.5227768421173096,0.8252887725830078,-1.3034964799880981,-1.0668644905090332,1.0063726902008057,1.3034964799880981
144.0,3.6950831413269043,1.3849833011627197,-0.0030491873621940613,-0.003574817441403866,0.00507380161434412,0.37271595001220703,-0.927924633026123,-0.7639188858776012,-2.5445053577423096,0.8249317407608032,-1.3034964799880981,-1.0472062826156616,1.0062669515609741,1.3034964799880981
144.01666666666668,3.695035934448242,1.385020136833191,-0.0030489638447761536,-0.0035917460918426514,0.0050619905814528465,0.3698786497116089,-0.9290592670440674,-0.7578072635754306,-2.5662338733673096,0.8251433372497559,-1.3034964799880981,-1.0275481939315796,1.0064107179641724,1.3034964799880981
144.03333333333333,3.694988965988159,1.385056734085083,-0.0030486732721328735,-0.003608880564570427,0.005049459636211395,0.367037832736969,-0.9301851987838745,-0.7516954678357964,-2.5879623889923096,0.8238443732261658,-1.3034964799880981,-1.0078903436660767,1.0064187049865723,1.3034964799880981
144.05,3.694941282272339,1.3850927352905273,-0.0030484870076179504,-0.003625345416367054,0.005039304494857788,0.36419400572776794,-0.9313024282455444,-0.7455846893000289,-2.6096909046173096,0.8257033228874207,-1.3034964799880981,-0.9882314801216125,1.0059033632278442,1.3034964799880981
144.06666666666666,3.6948938369750977,1.3851287364959717,-0.0030482038855552673,-0.0036419248208403587,0.005027170293033123,0.3613462448120117,-0.9324110746383667,-0.7394726786570276,-2.6314194202423096,0.8261415362358093,-1.3034964799880981,-0.9685736298561096,1.0064972639083862,1.3034964799880981
144.08333333333334,3.6948459148406982,1.385164499282837,-0.003047950565814972,-0.003658723086118698,0.005015092436224222,0.3584950268268585,-0.933510959148407,-0.7333604498711127,-2.6531479358673096,0.8244779109954834,-1.3034964799880981,-0.948915421962738,1.0062731504440308,1.3034964799880981
144.1,3.6947977542877197,1.3851999044418335,-0.003047727048397064,-0.0036749690771102905,0.005004638805985451,0.3556409478187561,-0.9346019625663757,-0.7272493038193898,-2.6748764514923096,0.8264988660812378,-1.3034964799880981,-0.9292567372322083,1.0060173273086548,1.3034964799880981
144.11666666666667,3.694749593734741,1.385235071182251,-0.0030474811792373657,-0.003691514953970909,0.004992532543838024,0.35278329253196716,-0.9356845021247864,-0.7211376711976833,-2.6966049671173096,0.8261911869049072,-1.3034964799880981,-0.9095988869667053,1.0063668489456177,1.3034964799880981
144.13333333333333,3.6947009563446045,1.3852699995040894,-0.0030472129583358765,-0.0037080198526382446,0.004980487283319235,0.34992238879203796,-0.9367580413818359,-0.7150260085885922,-2.7183334827423096,0.8249127864837646,-1.3034964799880981,-0.8899409770965576,1.0062110424041748,1.3034964799880981
144.15,3.6946523189544678,1.385304570198059,-0.003046959638595581,-0.003724491223692894,0.004968627355992794,0.3470582365989685,-0.9378229379653931,-0.708914450399431,-2.7400619983673096,0.8261893391609192,-1.3034964799880981,-0.8702828884124756,1.0063910484313965,1.3034964799880981
144.16666666666666,3.6946029663085938,1.3853387832641602,-0.0030467286705970764,-0.003741282969713211,0.004955715034157038,0.34419071674346924,-0.9388792514801025,-0.702802673088531,-2.7617905139923096,0.8245822787284851,-1.3034964799880981,-0.8506247401237488,1.0063371658325195,1.3034964799880981
144.18333333333334,3.694554328918457,1.385372519493103,-0.003046482801437378,-0.003757488913834095,0.0049447775818407536,0.341320276260376,-0.9399265050888062,-0.6966914564580015,-2.7835190296173096,0.8258543014526367,-1.3034964799880981,-0.830966055393219,1.0060663223266602,1.3034964799880981
144.2,3.694504737854004,1.3854061365127563,-0.0030462145805358887,-0.003773856908082962,0.004932325333356857,0.33844688534736633,-0.9409649968147278,-0.6905807685482763,-2.8052475452423096,0.8262847065925598,-1.3034964799880981,-0.8113081455230713,1.0064129829406738,1.3034964799880981
144.21666666666667,3.694455146789551,1.385439395904541,-0.00304596871137619,-0.0037902649492025375,0.00491970032453537,0.3355698883533478,-0.9419947862625122,-0.6844690905040324,-2.8269760608673096,0.8244872689247131,-1.3034964799880981,-0.7916501760482788,1.0062588453292847,1.3034964799880981
144.23333333333332,3.6944055557250977,1.3854724168777466,-0.0030457451939582825,-0.003806803375482559,0.00490660360082984,0.33269003033638,-0.9430157542228699,-0.6783580211672369,-2.8487045764923096,0.8252490162849426,-1.3034964799880981,-0.7719918489456177,1.0065401792526245,1.3034964799880981
144.25,3.6943557262420654,1.385505199432373,-0.00304548442363739,-0.0038227643817663193,0.004895756021142006,0.3298071026802063,-0.9440277814865112,-0.6722470029374122,-2.8704330921173096,0.8261975646018982,-1.3034964799880981,-0.7523328065872192,1.0057635307312012,1.3034964799880981
144.26666666666668,3.694305658340454,1.3855377435684204,-0.003045216202735901,-0.0038392478600144386,0.00488242506980896,0.3269210457801819,-0.9450311660766602,-0.6661359179448967,-2.8921616077423096,0.8256379961967468,-1.3034964799880981,-0.7326754927635193,1.006649136543274,1.3034964799880981
144.28333333333333,3.694255828857422,1.38556969165802,-0.003045007586479187,-0.0038550356402993202,0.004871262237429619,0.3240318298339844,-0.9460258483886719,-0.6600246852636206,-2.9138901233673096,0.8264745473861694,-1.3034964799880981,-0.7130166888237,1.0058444738388062,1.3034964799880981
144.3,3.6942052841186523,1.38560152053833,-0.003044717013835907,-0.0038714632391929626,0.0048577566631138325,0.32113954424858093,-0.947011411190033,-0.6539131690229392,-2.9356186389923096,0.8259683847427368,-1.3034964799880981,-0.6933591365814209,1.0066776275634766,1.3034964799880981
144.31666666666666,3.694155216217041,1.385632872581482,-0.003044500946998596,-0.0038872752338647842,0.004846545401960611,0.3182448446750641,-0.9479882121086121,-0.6478030650913252,-2.9573471546173096,0.8259037137031555,-1.3034964799880981,-0.6737003922462463,1.0057822465896606,1.3034964799880981
144.33333333333334,3.6941041946411133,1.3856641054153442,-0.003044232726097107,-0.0039032334461808205,0.004833742044866085,0.3153465986251831,-0.9489561915397644,-0.6416916369619727,-2.9790756702423096,0.8272026181221008,-1.3034964799880981,-0.654042661190033,1.0065133571624756,1.3034964799880981
144.35,3.6940529346466064,1.385694980621338,-0.0030439943075180054,-0.003919404931366444,0.004820946604013443,0.3124452829360962,-0.94991534948349,-0.6355799476127504,-3.0008041858673096,0.8252085447311401,-1.3034964799880981,-0.6343843936920166,1.0061209201812744,1.3034964799880981
144.36666666666667,3.6940014362335205,1.385725498199463,-0.003043733537197113,-0.003935499116778374,0.0048080505803227425,0.3095411956310272,-0.950865626335144,-0.6294685829641333,-3.0225327014923096,0.8257097005844116,-1.3034964799880981,-0.6147264838218689,1.0064277648925781,1.3034964799880981
144.38333333333333,3.693950653076172,1.3857557773590088,-0.0030435174703598022,-0.00395149365067482,0.004795427899807692,0.30663418769836426,-0.9518072605133057,-0.6233572723111349,-3.0442612171173096,0.826077938079834,-1.3034964799880981,-0.5950682163238525,1.0061882734298706,1.3034964799880981
144.4,3.693898916244507,1.3857858180999756,-0.0030432194471359253,-0.003967336378991604,0.004782346077263355,0.3037240505218506,-0.9527397155761719,-0.6172452074131328,-3.0659897327423096,0.8256963491439819,-1.3034964799880981,-0.5754104256629944,1.0062782764434814,1.3034964799880981
144.41666666666666,3.6938467025756836,1.3858152627944946,-0.0030430033802986145,-0.003983091562986374,0.004770160187035799,0.3008114695549011,-0.9536633491516113,-0.6111340817416595,-3.0877182483673096,0.8267558813095093,-1.3034964799880981,-0.5557519197463989,1.0061273574829102,1.3034964799880981
144.43333333333334,3.6937944889068604,1.3858445882797241,-0.0030427128076553345,-0.00399918295443058,0.004756247624754906,0.29789605736732483,-0.9545780420303345,-0.6050228605664162,-3.1094467639923096,0.825302243232727,-1.3034964799880981,-0.5360944271087646,1.0064617395401,1.3034964799880981
144.45,3.693741798400879,1.385873794555664,-0.0030425339937210083,-0.004014633595943451,0.0047450801357626915,0.29497790336608887,-0.9554839134216309,-0.5989118164727086,-3.1311752796173096,0.8271809816360474,-1.3034964799880981,-0.5164352655410767,1.0058248043060303,1.3034964799880981
144.46666666666667,3.6936895847320557,1.3859026432037354,-0.003042265772819519,-0.004030066542327404,0.004731856286525726,0.29205748438835144,-0.9563806056976318,-0.592801707095907,-3.1529037952423096,0.8277535438537598,-1.3034964799880981,-0.4967775344848633,1.0064098834991455,1.3034964799880981
144.48333333333332,3.693636894226074,1.3859310150146484,-0.003041990101337433,-0.004045984707772732,0.004718686919659376,0.28913387656211853,-0.957268476486206,-0.5866906195606025,-3.1746323108673096,0.8252941966056824,-1.3034964799880981,-0.47711944580078125,1.0061501264572144,1.3034964799880981
144.5,3.6935839653015137,1.3859591484069824,-0.0030417516827583313,-0.004061714746057987,0.004705830477178097,0.28620773553848267,-0.958147406578064,-0.5805799065329147,-3.1963608264923096,0.8265706300735474,-1.3034964799880981,-0.457461416721344,1.006349802017212,1.3034964799880981
144.51666666666668,3.693531036376953,1.3859869241714478,-0.0030415207147598267,-0.004077272489666939,0.004692538641393185,0.2832789719104767,-0.9590173959732056,-0.5744692972335055,-3.2180893421173096,0.8265610337257385,-1.3034964799880981,-0.4378032386302948,1.0061888694763184,1.3034964799880981
144.53333333333333,3.6934783458709717,1.3860143423080444,-0.0030412599444389343,-0.004092716611921787,0.004679263103753328,0.2803473472595215,-0.9598784446716309,-0.5683582126263714,-3.2398178577423096,0.8263363838195801,-1.3034964799880981,-0.4181451201438904,1.0062024593353271,1.3034964799880981
144.55,3.693425178527832,1.386041283607483,-0.003041006624698639,-0.004108472727239132,0.004665633663535118,0.277413010597229,-0.9607306122779846,-0.5622469539695437,-3.2615463733673096,0.8260663151741028,-1.3034964799880981,-0.3984871804714203,1.006425380706787,1.3034964799880981
144.56666666666666,3.6933720111846924,1.3860682249069214,-0.0030407458543777466,-0.004124012775719166,0.004652065224945545,0.2744760811328888,-0.9615737199783325,-0.5561356481209386,-3.2832748889923096,0.8256956934928894,-1.3034964799880981,-0.37882909178733826,1.006220817565918,1.3034964799880981
144.58333333333334,3.6933186054229736,1.386094570159912,-0.0030405521392822266,-0.0041393106803298,0.004640041850507259,0.27153709530830383,-0.9624080061912537,-0.5500255589309065,-3.3050034046173096,0.827661395072937,-1.3034964799880981,-0.35917025804519653,1.0059713125228882,1.3034964799880981
144.6,3.6932644844055176,1.3861205577850342,-0.0030402541160583496,-0.004154637455940247,0.004626424051821232,0.26859524846076965,-0.9632329344749451,-0.543914550461557,-3.3267319202423096,0.8268427848815918,-1.3034964799880981,-0.3395126461982727,1.0062859058380127,1.3034964799880981
144.61666666666667,3.693211078643799,1.3861461877822876,-0.003040015697479248,-0.004169986583292484,0.004612766671925783,0.26565074920654297,-0.964049220085144,-0.5378033851915962,-3.3484604358673096,0.8265849351882935,-1.3034964799880981,-0.3198547065258026,1.0063388347625732,1.3034964799880981
144.63333333333333,3.693157434463501,1.3861716985702515,-0.0030397623777389526,-0.004185318946838379,0.0045991078950464725,0.26270392537117004,-0.9648563861846924,-0.5316925087754794,-3.3701889514923096,0.8265013694763184,-1.3034964799880981,-0.30019640922546387,1.0061990022659302,1.3034964799880981
144.65,3.693103075027466,1.3861967325210571,-0.003039516508579254,-0.004200603812932968,0.004585418850183487,0.2597544491291046,-0.965654730796814,-0.5255812781956826,-3.3919174671173096,0.8263983726501465,-1.3034964799880981,-0.2805382013320923,1.0062522888183594,1.3034964799880981
144.66666666666666,3.6930487155914307,1.3862214088439941,-0.0030392706394195557,-0.004215785767883062,0.004572085104882717,0.2568027973175049,-0.9664437770843506,-0.5194704735577518,-3.4136459827423096,0.826894223690033,-1.3034964799880981,-0.26088008284568787,1.006168246269226,1.3034964799880981
144.68333333333334,3.6929948329925537,1.386245846748352,-0.003039032220840454,-0.004230991937220097,0.004558298271149397,0.25384849309921265,-0.9672240018844604,-0.5133591951921266,-3.4353744983673096,0.8271284699440002,-1.3034964799880981,-0.24122203886508942,1.0062981843948364,1.3034964799880981
144.7,3.692939519882202,1.3862701654434204,-0.0030387714505195618,-0.0042463792487978935,0.004543519113212824,0.25089162588119507,-0.967995285987854,-0.5072475222578404,-3.4571030139923096,0.825578510761261,-1.3034964799880981,-0.22156424820423126,1.0064340829849243,1.3034964799880981
144.71666666666667,3.692884922027588,1.3862937688827515,-0.003038540482521057,-0.004261276219040155,0.004531604703515768,0.24793241918087006,-0.9687572717666626,-0.5011357871967907,-3.4788315296173096,0.82772296667099,-1.3034964799880981,-0.20190510153770447,1.0057389736175537,1.3034964799880981
144.73333333333332,3.6928303241729736,1.386317253112793,-0.003038264811038971,-0.004276443738490343,0.0045167687349021435,0.24497097730636597,-0.9695104360580444,-0.49502428025146944,-3.5005600452423096,0.8274198770523071,-1.3034964799880981,-0.18224771320819855,1.0066149234771729,1.3034964799880981
144.75,3.6927754878997803,1.3863402605056763,-0.0030380263924598694,-0.004291309509426355,0.0045035057701170444,0.24200762808322906,-0.9702544212341309,-0.4889135669966846,-3.5222885608673096,0.8264954090118408,-1.3034964799880981,-0.16258922219276428,1.0059045553207397,1.3034964799880981
144.76666666666668,3.692720413208008,1.38636314868927,-0.003037787973880768,-0.004306409042328596,0.004488663282245398,0.2390417903661728,-0.9709893465042114,-0.48280233396968314,-3.5440170764923096,0.8273716568946838,-1.3034964799880981,-0.14293146133422852,1.0066462755203247,1.3034964799880981
144.78333333333333,3.6926653385162354,1.386385440826416,-0.0030375495553016663,-0.004321186803281307,0.0044759768061339855,0.23607394099235535,-0.9717151522636414,-0.47669158721990096,-3.5657455921173096,0.827087938785553,-1.3034964799880981,-0.12327248603105545,1.005696177482605,1.3034964799880981
144.8,3.6926097869873047,1.3864076137542725,-0.003037266433238983,-0.004335984122008085,0.004461652599275112,0.23310361802577972,-0.9724319577217102,-0.4705802636144665,-3.5874741077423096,0.8276618123054504,-1.3034964799880981,-0.10361504554748535,1.0065279006958008,1.3034964799880981
144.81666666666666,3.692553997039795,1.3864293098449707,-0.0030370280146598816,-0.004351011477410793,0.00444683525711298,0.23013120889663696,-0.973139762878418,-0.46446916242049774,-3.6092026233673096,0.8263751864433289,-1.3034964799880981,-0.08395706862211227,1.0062618255615234,1.3034964799880981
144.83333333333334,3.692498207092285,1.3864507675170898,-0.003036811947822571,-0.004365668166428804,0.004433611407876015,0.22715690732002258,-0.9738383293151855,-0.45835857184005446,-3.6309311389923096,0.8273475766181946,-1.3034964799880981,-0.064298614859581,1.0059787034988403,1.3034964799880981
144.85,3.6924426555633545,1.3864719867706299,-0.0030365288257598877,-0.004380374681204557,0.004419229459017515,0.2241801619529724,-0.9745278358459473,-0.4522472834875652,-3.6526596546173096,0.827970027923584,-1.3034964799880981,-0.04464064538478851,1.0063769817352295,1.3034964799880981
144.86666666666667,3.6923868656158447,1.3864927291870117,-0.003036282956600189,-0.004395107738673687,0.004404805600643158,0.22120130062103271,-0.9752082824707031,-0.44613596299517255,-3.6743881702423096,0.8266141414642334,-1.3034964799880981,-0.024982532486319542,1.0061763525009155,1.3034964799880981
144.88333333333333,3.6923305988311768,1.386513113975525,-0.0030360743403434753,-0.004409578163176775,0.004392130766063929,0.2182203084230423,-0.9758796691894531,-0.44002454671134444,-3.6961166858673096,0.8284977674484253,-1.3034964799880981,-0.005323819350451231,1.0059317350387573,1.3034964799880981
144.9,3.692274570465088,1.3865331411361694,-0.0030357837677001953,-0.004424232989549637,0.004376902244985104,0.21523751318454742,-0.9765418767929077,-0.43391356780570456,-3.7178452014923096,0.8275887370109558,-1.3034964799880981,0.0143335722386837,1.0064949989318848,1.3034964799880981
144.91666666666666,3.69221830368042,1.3865526914596558,-0.0030355304479599,-0.004438936710357666,0.0043617854826152325,0.2122524529695511,-0.9771949648857117,-0.427802046827995,-3.7395737171173096,0.8259018659591675,-1.3034964799880981,0.033991530537605286,1.0062389373779297,1.3034964799880981
144.93333333333334,3.692162036895752,1.386572003364563,-0.0030352994799613953,-0.004453214351087809,0.004348644986748695,0.2092655748128891,-0.9778389930725098,-0.4216909277985778,-3.7613022327423096,0.8286000490188599,-1.3034964799880981,0.053650274872779846,1.0059711933135986,1.3034964799880981
144.95,3.6921050548553467,1.3865909576416016,-0.003035031259059906,-0.004467821680009365,0.0043339054100215435,0.20627735555171967,-0.9784737229347229,-0.4155810250962396,-3.7830307483673096,0.8274862766265869,-1.3034964799880981,0.07330814003944397,1.0062978267669678,1.3034964799880981
144.96666666666667,3.6920485496520996,1.3866095542907715,-0.0030347630381584167,-0.0044822548516094685,0.0043190401047468185,0.2032874971628189,-0.9790992736816406,-0.4094717089165522,-3.8047592639923096,0.8265783786773682,-1.3034964799880981,0.09296585619449615,1.0063230991363525,1.3034964799880981
144.98333333333332,3.6919915676116943,1.3866279125213623,-0.003034554421901703,-0.004496506880968809,0.004305076785385609,0.20029588043689728,-0.9797157049179077,-0.4033627051089939,-3.8264877796173096,0.8285820484161377,-1.3034964799880981,0.11262457072734833,1.0061283111572266,1.3034964799880981
145.0,3.691934823989868,1.386645793914795,-0.0030343011021614075,-0.004510849714279175,0.004290132783353329,0.19730186462402344,-0.9803229570388794,-0.39725255312136937,-3.8482162952423096,0.8269660472869873,-1.3034964799880981,0.13228252530097961,1.0061964988708496,1.3034964799880981
145.01666666666668,3.691877841949463,1.3866634368896484,-0.003034040331840515,-0.0045251562260091305,0.004275792744010687,0.19430632889270782,-0.9809210300445557,-0.39114307970825174,-3.8699448108673096,0.8277007341384888,-1.3034964799880981,0.15194077789783478,1.0062177181243896,1.3034964799880981
145.03333333333333,3.6918208599090576,1.3866807222366333,-0.0030338093638420105,-0.0045393528416752815,0.004261326044797897,0.19130903482437134,-0.9815101027488708,-0.3850337747804189,-3.8916733264923096,0.827978789806366,-1.3034964799880981,0.17159904539585114,1.006104826927185,1.3034964799880981
145.05,3.691763162612915,1.38669753074646,-0.003033556044101715,-0.004553573671728373,0.004245770629495382,0.18830984830856323,-0.9820899367332458,-0.37892420010417205,-3.9134018421173096,0.8271150588989258,-1.3034964799880981,0.1912568211555481,1.0063880681991577,1.3034964799880981
145.06666666666666,3.691706418991089,1.3867143392562866,-0.0030333176255226135,-0.004567529074847698,0.004232195671647787,0.185309037566185,-0.9826605916023254,-0.37281492782564923,-3.9351303577423096,0.8283251523971558,-1.3034964799880981,0.21091552078723907,1.0058850049972534,1.3034964799880981
145.08333333333334,3.6916489601135254,1.3867303133010864,-0.0030330494046211243,-0.004581653047353029,0.004216575995087624,0.18230660259723663,-0.9832220077514648,-0.36670582390644807,-3.9568588733673096,0.8280042409896851,-1.3034964799880981,0.23057304322719574,1.006471872329712,1.3034964799880981
145.1,3.691591501235962,1.3867460489273071,-0.003032796084880829,-0.004595764447003603,0.0042022597044706345,0.17930248379707336,-0.9837741851806641,-0.3605967542958798,-3.9785873889923096,0.827284574508667,-1.3034964799880981,0.25023147463798523,1.0059548616409302,1.3034964799880981
145.11666666666667,3.6915345191955566,1.3867616653442383,-0.0030325576663017273,-0.0046097454614937305,0.004187111742794514,0.17629657685756683,-0.984317421913147,-0.3544875112321659,-4.0003156661987305,0.8281417489051819,-1.3034964799880981,0.26988911628723145,1.006420373916626,1.3034964799880981
145.13333333333333,3.6914761066436768,1.3867766857147217,-0.003032296895980835,-0.004623484797775745,0.004173325374722481,0.17328906059265137,-0.9848513007164001,-0.34837830365963446,-4.0220441818237305,0.8287245035171509,-1.3034964799880981,0.28954771161079407,1.0058555603027344,1.3034964799880981
145.15,3.691418409347534,1.386791467666626,-0.0030320733785629272,-0.004637453239411116,0.00415825005620718,0.17027981579303741,-0.9853761196136475,-0.3422688893969258,-4.0437726974487305,0.8280068039894104,-1.3034964799880981,0.30920538306236267,1.0062683820724487,1.3034964799880981
145.16666666666666,3.6913599967956543,1.3868058919906616,-0.003031812608242035,-0.004651384893804789,0.004142298828810453,0.16726908087730408,-0.9858916401863098,-0.3361596357635588,-4.0655012130737305,0.8273955583572388,-1.3034964799880981,0.3288630545139313,1.0064449310302734,1.3034964799880981
145.18333333333334,3.691302537918091,1.3868200778961182,-0.0030315443873405457,-0.0046651726588606834,0.004127502907067537,0.16425706446170807,-0.9863978028297424,-0.33005092992699864,-4.0872297286987305,0.8274831771850586,-1.3034964799880981,0.34852147102355957,1.006009578704834,1.3034964799880981
145.2,3.69124436378479,1.3868337869644165,-0.0030312910676002502,-0.004678959026932716,0.004111503250896931,0.1612432599067688,-0.986894965171814,-0.32394173991174846,-4.1089582443237305,0.8277749419212341,-1.3034964799880981,0.3681793212890625,1.006467580795288,1.3034964799880981
145.21666666666667,3.6911864280700684,1.3868470191955566,-0.0030310675501823425,-0.004692419432103634,0.004097682423889637,0.15822821855545044,-0.9873828291893005,-0.317833106792076,-4.1306867599487305,0.828557550907135,-1.3034964799880981,0.3878381848335266,1.0057084560394287,1.3034964799880981
145.23333333333332,3.6911277770996094,1.3868600130081177,-0.0030307918787002563,-0.004706176929175854,0.00408148905262351,0.15521150827407837,-0.9878615140914917,-0.3117240539465691,-4.1524152755737305,0.8282676339149475,-1.3034964799880981,0.40749555826187134,1.0066053867340088,1.3034964799880981
145.25,3.6910693645477295,1.3868728876113892,-0.003030553460121155,-0.0047197602689266205,0.004067618399858475,0.1521933376789093,-0.9883309602737427,-0.30561500176741535,-4.1741437911987305,0.8284908533096313,-1.3034964799880981,0.4271544814109802,1.0056966543197632,1.3034964799880981
145.26666666666668,3.6910111904144287,1.386885166168213,-0.0030303150415420532,-0.0047333501279354095,0.004051464144140482,0.14917370676994324,-0.9887913465499878,-0.29950588196544964,-4.1958723068237305,0.8287987112998962,-1.3034964799880981,0.4468119442462921,1.0065664052963257,1.3034964799880981
145.28333333333333,3.6909523010253906,1.3868972063064575,-0.003030046820640564,-0.004746958613395691,0.004035192541778088,0.14615276455879211,-0.9892423748970032,-0.29339688978296785,-4.2176008224487305,0.8266627788543701,-1.3034964799880981,0.4664698839187622,1.0062072277069092,1.3034964799880981
145.3,3.6908938884735107,1.3869088888168335,-0.003029830753803253,-0.00476028909906745,0.004021191503852606,0.14313039183616638,-0.9896841645240784,-0.28728778726595244,-4.2393293380737305,0.8292975425720215,-1.3034964799880981,0.4861287772655487,1.0058801174163818,1.3034964799880981
145.31666666666666,3.6908352375030518,1.3869200944900513,-0.0030295774340629578,-0.004773787222802639,0.004004700109362602,0.1401066780090332,-0.9901168346405029,-0.2811786723559408,-4.2610578536987305,0.8283224701881409,-1.3034964799880981,0.5057862997055054,1.006483793258667,1.3034964799880981
145.33333333333334,3.690777063369751,1.38693106174469,-0.003029339015483856,-0.004787068348377943,0.003989825490862131,0.13708171248435974,-0.9905401468276978,-0.2750696603951644,-4.2827863693237305,0.8279609680175781,-1.3034964799880981,0.5254446864128113,1.0059279203414917,1.3034964799880981
145.35,3.690718650817871,1.38694167137146,-0.003029070794582367,-0.004800150636583567,0.003975589759647846,0.13405553996562958,-0.9909541010856628,-0.2689607743873301,-4.3045148849487305,0.8304329514503479,-1.3034964799880981,0.5451031923294067,1.0060383081436157,1.3034964799880981
145.36666666666667,3.690659999847412,1.3869518041610718,-0.0030288174748420715,-0.004813505336642265,0.003959866240620613,0.13102781772613525,-0.9913590550422668,-0.2628513213580894,-4.3262434005737305,0.8285414576530457,-1.3034964799880981,0.5647608637809753,1.0062209367752075,1.3034964799880981
145.38333333333333,3.690600872039795,1.3869614601135254,-0.003028586506843567,-0.0048267594538629055,0.003943990916013718,0.12799887359142303,-0.9917547106742859,-0.2567418554843388,-4.3479719161987305,0.8279862403869629,-1.3034964799880981,0.5844185948371887,1.0063356161117554,1.3034964799880981
145.4,3.690542221069336,1.3869709968566895,-0.0030283331871032715,-0.004839836619794369,0.003928327467292547,0.12496878206729889,-0.9921411275863647,-0.25063249175639796,-4.3697004318237305,0.8289926648139954,-1.3034964799880981,0.6040769815444946,1.0061280727386475,1.3034964799880981
145.41666666666666,3.690483331680298,1.3869802951812744,-0.003028079867362976,-0.004852903075516224,0.003912646323442459,0.1219375878572464,-0.9925181865692139,-0.24452323401217183,-4.3914289474487305,0.828404426574707,-1.3034964799880981,0.6237350702285767,1.006037712097168,1.3034964799880981
145.43333333333334,3.6904244422912598,1.3869889974594116,-0.0030278488993644714,-0.00486600399017334,0.0038968564476817846,0.11890516430139542,-0.992885947227478,-0.23841378083538545,-4.4131574630737305,0.8291611075401306,-1.3034964799880981,0.6433929204940796,1.006322979927063,1.3034964799880981
145.45,3.6903650760650635,1.3869974613189697,-0.003027603030204773,-0.004878990352153778,0.0038810165133327246,0.11587176471948624,-0.9932446479797363,-0.23230464664624245,-4.4348859786987305,0.8286716938018799,-1.3034964799880981,0.6630512475967407,1.006075143814087,1.3034964799880981
145.46666666666667,3.6903064250946045,1.3870055675506592,-0.003027305006980896,-0.004892042838037014,0.003864220343530178,0.11283717304468155,-0.9935938119888306,-0.22619521464997092,-4.4566144943237305,0.8277153968811035,-1.3034964799880981,0.6827089190483093,1.0064369440078735,1.3034964799880981
145.48333333333332,3.690246820449829,1.3870130777359009,-0.0030270814895629883,-0.004904875531792641,0.0038486928679049015,0.10980173945426941,-0.993933916091919,-0.22008627500198383,-4.4783430099487305,0.828782320022583,-1.3034964799880981,0.7023674249649048,1.0059826374053955,1.3034964799880981
145.5,3.690187454223633,1.3870203495025635,-0.0030268430709838867,-0.004917524289339781,0.0038340778555721045,0.10676514357328415,-0.9942647218704224,-0.21397706002159256,-4.5000715255737305,0.8301596641540527,-1.3034964799880981,0.7220259308815002,1.005855917930603,1.3034964799880981
145.51666666666668,3.6901283264160156,1.387027382850647,-0.0030265897512435913,-0.004930381663143635,0.003818164113909006,0.10372775048017502,-0.9945862293243408,-0.20786823026116505,-4.5218000411987305,0.8295860886573792,-1.3034964799880981,0.7416834831237793,1.006227731704712,1.3034964799880981
145.53333333333333,3.6900687217712402,1.3870340585708618,-0.003026336431503296,-0.004943161737173796,0.0038013258017599583,0.10068930685520172,-0.9948983788490295,-0.20175920485742876,-4.5435285568237305,0.8283454179763794,-1.3034964799880981,0.7613410949707031,1.0063750743865967,1.3034964799880981
145.55,3.6900088787078857,1.3870402574539185,-0.0030261054635047913,-0.004955913871526718,0.0037853033281862736,0.09765002876520157,-0.9952013492584229,-0.19565042378263434,-4.5652570724487305,0.8286872506141663,-1.3034964799880981,0.7809994220733643,1.0060688257217407,1.3034964799880981
145.56666666666666,3.6899499893188477,1.3870460987091064,-0.003025822341442108,-0.004968603141605854,0.0037686945870518684,0.09460972994565964,-0.9954948425292969,-0.18954137678947636,-4.5869855880737305,0.8284023404121399,-1.3034964799880981,0.8006574511528015,1.0062586069107056,1.3034964799880981
145.58333333333334,3.6898903846740723,1.3870517015457153,-0.0030256062746047974,-0.004981162026524544,0.0037529333494603634,0.09156854450702667,-0.9957792162895203,-0.18343236436598945,-4.6087141036987305,0.8292436599731445,-1.3034964799880981,0.8203160166740417,1.0060172080993652,1.3034964799880981
145.6,3.6898305416107178,1.3870567083358765,-0.003025345504283905,-0.004993519280105829,0.00373805477283895,0.08852669596672058,-0.9960541725158691,-0.17732372672830535,-4.6304426193237305,0.8306740522384644,-1.3034964799880981,0.8399744629859924,1.0058879852294922,1.3034964799880981
145.61666666666667,3.6897709369659424,1.387061357498169,-0.0030250847339630127,-0.005006092134863138,0.0037209070287644863,0.08548374474048615,-0.9963200092315674,-0.17121453348531523,-4.6521711349487305,0.828694760799408,-1.3034964799880981,0.8596316576004028,1.006428837776184,1.3034964799880981
145.63333333333333,3.6897120475769043,1.3870657682418823,-0.003024861216545105,-0.005018600262701511,0.0037045697681605816,0.08244020491838455,-0.9965764880180359,-0.16510576213810568,-4.6738996505737305,0.8284440040588379,-1.3034964799880981,0.8792896866798401,1.006162166595459,1.3034964799880981
145.65,3.689653158187866,1.3870699405670166,-0.003024585545063019,-0.005031048320233822,0.003687433898448944,0.0793958231806755,-0.9968236088752747,-0.15899682460061929,-4.6956281661987305,0.8286817073822021,-1.3034964799880981,0.8989475965499878,1.0063576698303223,1.3034964799880981
145.66666666666666,3.689593553543091,1.3870735168457031,-0.003024369478225708,-0.005043173208832741,0.003671723185107112,0.07635078579187393,-0.9970616102218628,-0.1528881024338545,-4.7173566818237305,0.8291324377059937,-1.3034964799880981,0.918606162071228,1.005867600440979,1.3034964799880981
145.68333333333334,3.6895341873168945,1.3870768547058105,-0.0030241310596466064,-0.0050553507171571255,0.003656696993857622,0.07330497354269028,-0.9972900152206421,-0.1467792191177858,-4.7390851974487305,0.8308340907096863,-1.3034964799880981,0.9382645487785339,1.0059233903884888,1.3034964799880981
145.7,3.689474582672119,1.3870797157287598,-0.0030238553881645203,-0.005067664198577404,0.003640110371634364,0.0702582597732544,-0.997509241104126,-0.14066989935729485,-4.7608137130737305,0.8295779824256897,-1.3034964799880981,0.9579222202301025,1.0062506198883057,1.3034964799880981
145.71666666666667,3.6894149780273438,1.3870822191238403,-0.003023594617843628,-0.005079896654933691,0.0036238934844732285,0.06721074879169464,-0.9977192282676697,-0.1345603087857533,-4.7825422286987305,0.8291545510292053,-1.3034964799880981,0.9775803089141846,1.0061099529266357,1.3034964799880981
145.73333333333332,3.6893553733825684,1.3870846033096313,-0.0030233561992645264,-0.005092014092952013,0.003607288934290409,0.06416261196136475,-0.9979199171066284,-0.12845071759395243,-4.8042707443237305,0.8296552896499634,-1.3034964799880981,0.9972383379936218,1.0062109231948853,1.3034964799880981
145.75,3.689296007156372,1.3870865106582642,-0.003023102879524231,-0.005103813949972391,0.0035906920675188303,0.06111404672265053,-0.9981113076210022,-0.12234146899222073,-4.8259992599487305,0.8293829560279846,-1.3034964799880981,1.01689612865448,1.0060895681381226,1.3034964799880981
145.76666666666668,3.6892361640930176,1.3870879411697388,-0.0030228421092033386,-0.005116103682667017,0.0035740744788199663,0.05806489661335945,-0.9982932209968567,-0.11623217547172206,-4.8477277755737305,0.8291923999786377,-1.3034964799880981,1.0365540981292725,1.0062042474746704,1.3034964799880981
145.78333333333333,3.689176082611084,1.3870890140533447,-0.003022603690624237,-0.005128044635057449,0.0035573376808315516,0.055015143007040024,-0.9984660148620605,-0.11012277759725345,-4.8694562911987305,0.8291313648223877,-1.3034964799880981,1.0562121868133545,1.0061479806900024,1.3034964799880981
145.8,3.6891164779663086,1.3870898485183716,-0.0030223429203033447,-0.0051399823278188705,0.0035398867912590504,0.051964737474918365,-0.9986294507980347,-0.10401308868410426,-4.8911848068237305,0.8290848731994629,-1.3034964799880981,1.0758702754974365,1.0063151121139526,1.3034964799880981
145.81666666666666,3.6890571117401123,1.3870900869369507,-0.003022104501724243,-0.0051515474915504456,0.0035240279976278543,0.048913903534412384,-0.998783528804779,-0.09790352586499043,-4.9129133224487305,0.8298441767692566,-1.3034964799880981,1.0955286026000977,1.005784273147583,1.3034964799880981
145.83333333333334,3.688997268676758,1.3870902061462402,-0.0030218660831451416,-0.005163561552762985,0.003507322398945689,0.045862603932619095,-0.9989282488822937,-0.09179393520054852,-4.9346418380737305,0.830585241317749,-1.3034964799880981,1.1151865720748901,1.0062791109085083,1.3034964799880981
145.85,3.6889376640319824,1.3870898485183716,-0.003021612763404846,-0.005175246857106686,0.0034903250634670258,0.04281076043844223,-0.9990636110305786,-0.0856841045969618,-4.9563703536987305,0.8288258910179138,-1.3034964799880981,1.1348443031311035,1.00608491897583,1.3034964799880981
145.86666666666667,3.688878059387207,1.3870891332626343,-0.0030213668942451477,-0.0051870523020625114,0.003473379649221897,0.03975823521614075,-0.9991897940635681,-0.07957372294450787,-4.9780988693237305,0.8296687602996826,-1.3034964799880981,1.154502511024475,1.0062813758850098,1.3034964799880981
145.88333333333333,3.6888184547424316,1.3870879411697388,-0.0030210912227630615,-0.00519860303029418,0.0034558544866740704,0.036705583333969116,-0.9993065595626831,-0.07346381632742414,-4.9998273849487305,0.8291982412338257,-1.3034964799880981,1.1741604804992676,1.0061466693878174,1.3034964799880981
145.9,3.6887588500976562,1.3870865106582642,-0.0030208826065063477,-0.005210187751799822,0.003440837375819683,0.03365299478173256,-0.9994140267372131,-0.06735475460110182,-5.0215559005737305,0.8311437368392944,-1.3034964799880981,1.1938197612762451,1.0056904554367065,1.3034964799880981
145.91666666666666,3.6886990070343018,1.3870846033096313,-0.0030205994844436646,-0.005221591796725988,0.0034217024222016335,0.030599748715758324,-0.9995121955871582,-0.061244959261917115,-5.0432844161987305,0.8291149735450745,-1.3034964799880981,1.2134770154953003,1.0067232847213745,1.3034964799880981
145.93333333333334,3.6886396408081055,1.3870826959609985,-0.003020375967025757,-0.00523304333910346,0.0034061430487781763,0.027546290308237076,-0.9996010065078735,-0.055135349956151075,-5.0650129318237305,0.8298506140708923,-1.3034964799880981,1.2331361770629883,1.005629301071167,1.3034964799880981
145.95,3.68858003616333,1.387080430984497,-0.0030201226472854614,-0.005244603846222162,0.003388103563338518,0.02449224144220352,-0.9996805191040039,-0.049025048409635015,-5.0867414474487305,0.8300697207450867,-1.3034964799880981,1.2527936697006226,1.0066006183624268,1.3034964799880981
145.96666666666667,3.6885204315185547,1.3870773315429688,-0.003019891679286957,-0.005255809053778648,0.003371910424903035,0.021438302472233772,-0.9997506737709045,-0.042915441857841054,-5.1084699630737305,0.8294605612754822,-1.3034964799880981,1.2724519968032837,1.0056463479995728,1.3034964799880981
145.98333333333332,3.6884608268737793,1.3870741128921509,-0.0030196309089660645,-0.0052672321908175945,0.0033547303173691034,0.01838398166000843,-0.9998115301132202,-0.03680546392185107,-5.1301984786987305,0.8311936855316162,-1.2491841316223145,1.2921100854873657,1.0064418315887451,1.2491841316223145
146.0,3.688408136367798,1.3870701789855957,-0.003019675612449646,-0.005280358716845512,0.003339869435876608,0.015437892638146877,-0.9998612403869629,-0.03091235141876166,-5.1510114669799805,0.7771738171577454,-1.2491841316223145,1.3112045526504517,0.9615603685379028,1.2491841316223145
146.01666666666668,3.688352584838867,1.3870660066604614,-0.0030194073915481567,-0.005290028173476458,0.00332343066111207,0.01252186018973589,-0.9999021291732788,-0.0250795924452691,-5.1718244552612305,1.0282456874847412,-1.140559434890747,1.3300104141235352,0.9776838421821594,1.140559434890747
146.03333333333333,3.688309669494629,1.3870618343353271,-0.0030194446444511414,-0.005301914643496275,0.0033120783045887947,0.009823642671108246,-0.9999321103096008,-0.01968276134916276,-5.1908369064331055,0.8378897309303284,-1.0862470865249634,1.347633719444275,0.8718553781509399,1.0862470865249634
146.05,3.6882669925689697,1.3870567083358765,-0.003019466996192932,-0.005312481429427862,0.003296811832115054,0.007292462978512049,-0.9999538064002991,-0.01462011190945346,-5.2089338302612305,1.2135751247406006,-1.0319347381591797,1.3641186952590942,0.8499494791030884,1.0319347381591797
146.06666666666666,3.6882247924804688,1.3870515823364258,-0.0030188485980033875,-0.005318372044712305,0.0032815064769238234,0.0049024783074855804,-0.9999685287475586,-0.009839919924087866,-5.226130485534668,1.1945921182632446,-0.977622389793396,1.3796290159225464,0.7888934016227722,0.977622389793396
146.08333333333334,3.688185214996338,1.387046456336975,-0.003019869327545166,-0.005330429878085852,0.0032752242404967546,0.0026557520031929016,-0.9999769330024719,-0.005346437372424319,-5.242426872253418,1.4359534978866577,-0.9233100414276123,1.3942105770111084,0.7761321663856506,0.9233100414276123
146.1,3.688148260116577,1.387041449546814,-0.003018990159034729,-0.005332188680768013,0.0032603794243186712,0.0005496680387295783,-0.9999802708625793,-0.0011341086154333564,-5.257822513580322,1.5475629568099976,-0.9233100414276123,1.4078936576843262,0.729161262512207,0.9233100414276123
146.11666666666667,3.688107490539551,1.3870368003845215,-0.0030195116996765137,-0.005338936112821102,0.003252838971093297,-0.001520726247690618,-0.9999793171882629,0.003006724665059106,-5.273218631744385,1.8239073753356934,-0.8146852850914001,1.4212175607681274,0.7471480965614319,0.8146852850914001
146.13333333333333,3.688075542449951,1.3870317935943604,-0.0030177906155586243,-0.0053427261300385,0.0032341494224965572,-0.003386896336451173,-0.9999746680259705,0.006739256300253575,-5.28679895401001,1.2577760219573975,-0.7603729367256165,1.4333820343017578,0.6108105182647705,0.7603729367256165
146.15,3.6880385875701904,1.3870258331298828,-0.0030201971530914307,-0.005366509780287743,0.003240471938624978,-0.005104846321046352,-0.9999672770500183,0.010174971371090483,-5.299479007720947,1.2860838174819946,-0.7060605883598328,1.4443721771240234,0.6079665422439575,0.7060605883598328
146.16666666666666,3.6880030632019043,1.3870187997817993,-0.0030188634991645813,-0.005363671109080315,0.00322783924639225,-0.006692199967801571,-0.9999579787254333,0.01334989227783761,-5.311243534088135,-0.06558678299188614,-0.6517482399940491,1.4544979333877563,0.5595899820327759,0.6517482399940491
146.18333333333334,3.6879656314849854,1.3870093822479248,-0.0030195489525794983,-0.005374189931899309,0.0032230967190116644,-0.008156243711709976,-0.9999471306800842,0.016278048212502488,-5.322107791900635,-1.3233439922332764,-0.5974358916282654,1.4637738466262817,0.16398587822914124,0.5974358916282654
146.2,3.6879281997680664,1.3869975805282593,-0.003020346164703369,-0.005379939917474985,0.0032201972790062428,-0.009517401456832886,-0.9999349117279053,0.019000464882484896,-5.332071781158447,-1.7184213399887085,-0.5974358916282654,1.4723345041275024,-0.43447887897491455,0.5974358916282654
146.21666666666667,3.6878914833068848,1.3869847059249878,-0.0030193105340003967,-0.005385702475905418,0.0032079052180051804,-0.010858098044991493,-0.9999213218688965,0.02168209521621754,-5.34203577041626,-1.3814417123794556,-0.488811194896698,1.4805372953414917,-0.325106143951416,0.488811194896698
146.23333333333332,3.6878628730773926,1.3869717121124268,-0.0030214712023735046,-0.00539065059274435,0.003209833987057209,-0.012007389217615128,-0.9999082088470459,0.023980780451126622,-5.350183963775635,-1.9057137966156006,-0.4344988465309143,1.4876883029937744,-0.8804948329925537,0.4344988465309143
146.25,3.687833309173584,1.3869580030441284,-0.0030220672488212585,-0.005401378031820059,0.0032082542311400175,-0.013014454394578934,-0.9998955726623535,0.025995018886937334,-5.357431888580322,-1.642712116241455,-0.3801864683628082,1.4937580823898315,-0.22960634529590607,0.3801864683628082
146.26666666666668,3.687804937362671,1.3869481086730957,-0.0030245184898376465,-0.00539427250623703,0.003215851727873087,-0.013885757885873318,-0.999883770942688,0.02773775078479943,-5.36376428604126,-1.5930432081222534,-0.32587411999702454,1.498881459236145,0.12826280295848846,0.32587411999702454
146.28333333333333,3.687777042388916,1.3869373798370361,-0.003018707036972046,-0.005395886953920126,0.00318629527464509,-0.014584695920348167,-0.9998739361763,0.029136071961914912,-5.36919641494751,-0.7107261419296265,-0.27156177163124084,1.5029354095458984,-0.5551933646202087,0.27156177163124084
146.3,3.68776535987854,1.3869432210922241,-0.0030350834131240845,-0.005407379008829594,0.0032543125562369823,-0.015174003317952156,-0.999864935874939,0.030314030288318073,-5.373728275299072,0.24721664190292358,-0.27156177163124084,1.5065213441848755,0.5599148869514465,0.27156177163124084
146.31666666666666,3.687734365463257,1.3869426250457764,-0.0030280426144599915,-0.005408760625869036,0.0032198154367506504,-0.015677833929657936,-0.9998573064804077,0.03132216832855784,-5.378260135650635,1.126336693763733,-0.16293705999851227,1.509050726890564,0.4243195354938507,0.16293705999851227
146.33333333333334,3.6877312660217285,1.3869454860687256,-0.0030209049582481384,-0.005394290201365948,0.003186058020219207,-0.015916461125016212,-0.9998536705970764,0.03179993094412836,-5.38097620010376,1.7731401920318604,-0.10862471163272858,1.510650873184204,0.08743015676736832,0.10862471163272858
146.35,3.6877119541168213,1.3869422674179077,-0.0030236616730690002,-0.0054132998920977116,0.003195184050127864,-0.016140166670084,-0.9998499155044556,0.0322471787860878,-5.382791996002197,1.5344315767288208,-0.05431235581636429,1.5115233659744263,0.1072588786482811,0.05431235581636429
146.36666666666667,3.6877119541168213,1.386940836906433,-0.0030215755105018616,-0.005390753038227558,0.0031976886093616486,-0.01616022363305092,-0.9998496770858765,0.03228741883264123,-5.383692264556885,1.3031413555145264,-1.130603034382789e-16,1.5115858316421509,0.12231875211000443,1.130603034382789e-16
146.38333333333333,3.6877129077911377,1.3869398832321167,-0.003018386662006378,-0.005390599835664034,0.003166511422023177,-0.016171153634786606,-0.9998496174812317,0.03230960963806229,-5.383692264556885,1.419897198677063,0.0,1.5117030143737793,-0.03482983633875847,0.0
146.4,3.68770432472229,1.3869386911392212,-0.003020361065864563,-0.005392011720687151,0.003180151805281639,-0.01611349917948246,-0.9998505115509033,0.032194133949807684,-5.383692264556885,1.5475395917892456,0.0,1.5110079050064087,0.3286769986152649,0.0
146.41666666666666,3.687704086303711,1.3869388103485107,-0.0030144602060317993,-0.005373615305870771,0.0031532521825283766,-0.016106920316815376,-0.999850869178772,0.0321813775342615,-5.383692264556885,1.686798334121704,0.0,1.5110143423080444,0.07828057557344437,0.0
146.43333333333334,3.6877059936523438,1.3869386911392212,-0.0030199140310287476,-0.005391938146203756,0.0031735117081552744,-0.01610901951789856,-0.9998506307601929,0.03218524428562607,-5.383692264556885,1.7574563026428223,0.0,1.5110350847244263,-0.04042397439479828,0.0
146.45,3.6876938343048096,1.386938214302063,-0.003020770847797394,-0.005394121166318655,0.0031810516957193613,-0.016040345653891563,-0.9998517632484436,0.03204778741234053,-5.383692264556885,1.8631606101989746,0.0,1.5102274417877197,0.3214254677295685,0.0
146.46666666666667,3.687692642211914,1.3869386911392212,-0.0030147358775138855,-0.0053775617852807045,0.0031529783736914396,-0.01603027991950512,-0.9998520612716675,0.03202805339200676,-5.383692264556885,2.021373748779297,0.0,1.5102170705795288,0.08149716258049011,0.0
146.48333333333332,3.6876940727233887,1.3869383335113525,-0.0030192360281944275,-0.0053933002054691315,0.0031693335622549057,-0.016032559797167778,-0.9998518824577332,0.03203234027752239,-5.383692264556885,2.0315892696380615,0.0,1.5102274417877197,-0.03304201737046242,0.0
146.5,3.6876866817474365,1.3869380950927734,-0.003020934760570526,-0.005396142601966858,0.0031838216818869114,-0.015993544831871986,-0.9998523592948914,0.03195412707311254,-5.383692264556885,2.0555248260498047,0.0,1.509719729423523,0.339056134223938,0.0
146.51666666666668,3.6876864433288574,1.3869388103485107,-0.003014765679836273,-0.005379098933190107,0.003152284072712064,-0.01598193310201168,-0.9998528361320496,0.03193134474621864,-5.383692264556885,2.2138113975524902,0.0,1.5097194910049438,0.07895497977733612,0.0
146.53333333333333,3.687687635421753,1.386938214302063,-0.0030192285776138306,-0.00539500592276454,0.003168778494000435,-0.015982305631041527,-0.9998526573181152,0.03193181290980618,-5.383692264556885,2.2812819480895996,0.0,1.5097286701202393,-0.014632264152169228,0.0
146.55,3.6876838207244873,1.386938214302063,-0.0030208975076675415,-0.005396660417318344,0.0031823955941945314,-0.01596229523420334,-0.9998529553413391,0.03189163438986842,-5.383692264556885,2.2947628498077393,0.0,1.5094306468963623,0.32478609681129456,0.0
146.56666666666666,3.68768310546875,1.3869383335113525,-0.003015860915184021,-0.0053856209851801395,0.0031554508022964,-0.015952058136463165,-0.9998531937599182,0.031871509377977135,-5.383692264556885,2.4209020137786865,0.0,1.5094592571258545,0.048959363251924515,0.0
146.58333333333334,3.6876847743988037,1.3869383335113525,-0.0030195042490959167,-0.005395977757871151,0.0031716295052319765,-0.015950845554471016,-0.9998531341552734,0.03186884806433228,-5.383692264556885,2.4705541133880615,0.0,1.5094313621520996,-0.0036217854358255863,0.0
146.6,3.687681198120117,1.3869379758834839,-0.0030211806297302246,-0.005399124696850777,0.003182973712682724,-0.015935758128762245,-0.9998533725738525,0.03183853145996525,-5.383692264556885,2.4786927700042725,0.0,1.5091842412948608,0.30597856640815735,0.0
146.61666666666667,3.6876816749572754,1.386938214302063,-0.0030167847871780396,-0.005390699952840805,0.0031583947129547596,-0.015926197171211243,-0.9998536109924316,0.031819718380714936,-5.383692264556885,2.604578971862793,0.0,1.5092253684997559,0.021077029407024384,0.0
146.63333333333333,3.687683582305908,1.3869383335113525,-0.003020673990249634,-0.005399351008236408,0.003178823972120881,-0.01592501625418663,-0.9998535513877869,0.03181708686159712,-5.383692264556885,2.686933755874634,0.0,1.5092110633850098,0.01364127453416586,0.0
146.65,3.687678813934326,1.3869378566741943,-0.003020964562892914,-0.0053986855782568455,0.0031834952533245087,-0.01590723730623722,-0.9998537302017212,0.03178147679198738,-5.383692264556885,2.6612343788146973,0.0,1.5089147090911865,0.312547892332077,0.0
146.66666666666666,3.6876790523529053,1.386938214302063,-0.003017224371433258,-0.005394700914621353,0.0031602629460394382,-0.015898264944553375,-0.9998540282249451,0.03176380124422588,-5.383692264556885,2.7975986003875732,0.0,1.5089837312698364,0.0024318054784089327,0.0
146.68333333333334,3.68768048286438,1.3869379758834839,-0.003021322190761566,-0.005402828566730022,0.0031825797632336617,-0.01589706726372242,-0.9998539686203003,0.03176111968975691,-5.383692264556885,2.876458168029785,0.0,1.5089476108551025,0.024255653843283653,0.0
146.7,3.687676191329956,1.3869379758834839,-0.0030219703912734985,-0.005405365489423275,0.003186336252838373,-0.01588534750044346,-0.9998541474342346,0.0317376217139011,-5.383692264556885,2.84419846534729,0.0,1.508721113204956,0.27561354637145996,0.0
146.71666666666667,3.6876773834228516,1.386938214302063,-0.0030181482434272766,-0.005399362649768591,0.0031633982434868813,-0.01587771810591221,-0.999854326248169,0.03172263938091693,-5.383692264556885,2.921966791152954,0.0,1.508774995803833,-0.00779520720243454,0.0
146.73333333333332,3.687678098678589,1.3869378566741943,-0.003022231161594391,-0.0054051680490374565,0.0031901642214506865,-0.015876980498433113,-0.9998542070388794,0.031720844688100734,-5.383692264556885,3.0040042400360107,0.0,1.5087306499481201,0.08557385206222534,0.0
146.75,3.687676429748535,1.3869377374649048,-0.0030217692255973816,-0.005407914984971285,0.0031860664021223783,-0.01587013341486454,-0.999854326248169,0.03170717423051387,-5.383692264556885,2.9994759559631348,0.0,1.5085951089859009,0.23338133096694946,0.0
146.76666666666668,3.687678098678589,1.3869377374649048,-0.00302017480134964,-0.005406356882303953,0.0031721489503979683,-0.015866711735725403,-0.9998544454574585,0.031700486784810245,-5.383692264556885,3.0968611240386963,0.0,1.5086901187896729,-0.006342778448015451,0.0
146.78333333333333,3.687674045562744,1.3869379758834839,-0.0030229538679122925,-0.0054101538844406605,0.003194604767486453,-0.015857471153140068,-0.9998544454574585,0.031681740736334785,-5.383692264556885,3.032090425491333,0.0,1.508472204208374,0.24716585874557495,0.0
146.8,3.6876754760742188,1.3869378566741943,-0.003018714487552643,-0.005402984097599983,0.0031652147881686687,-0.015852326527237892,-0.9998546242713928,0.03167180463867039,-5.383692264556885,3.0965631008148193,0.0,1.5085464715957642,-0.010702275671064854,0.0
146.81666666666666,3.6876749992370605,1.3869378566741943,-0.0030228719115257263,-0.005409544799476862,0.003194579156115651,-0.015849580988287926,-0.9998546242713928,0.03166596425427296,-5.383692264556885,3.16113543510437,0.18648019433021545,1.5084478855133057,0.14609035849571228,0.18648019433021545
146.83333333333334,3.68772292137146,1.3869398832321167,-0.0030220672488212585,-0.005392952356487513,0.0032011959701776505,-0.015748614445328712,-0.9998562932014465,0.031464045210945896,-5.380579471588135,1.3979002237319946,0.279720276594162,1.5091811418533325,0.27932047843933105,0.279720276594162
146.85,3.687863826751709,1.3869448900222778,-0.003022335469722748,-0.005411979276686907,0.003189794486388564,-0.015575439669191837,-0.9998589158058167,0.031117646764392843,-5.37591028213501,1.8035650253295898,0.3729603886604309,1.5119924545288086,0.42211711406707764,0.3729603886604309
146.86666666666667,3.688076972961426,1.3869504928588867,-0.0030230730772018433,-0.005395821761339903,0.0032435317989438772,-0.01537857111543417,-0.9998618364334106,0.0307234025620174,-5.369699954986572,1.9924384355545044,0.46620047092437744,1.5166524648666382,0.34029945731163025,0.46620047092437744
146.88333333333333,3.6883389949798584,1.3869565725326538,-0.003017634153366089,-0.005395922344177961,0.003183340886607766,-0.015219336375594139,-0.9998644590377808,0.030405525873593534,-5.36193323135376,3.2407822608947754,0.559440553188324,1.5226402282714844,2.052647590637207,0.559440553188324
146.9,3.688607692718506,1.3869625329971313,-0.0030277222394943237,-0.005445029120892286,0.003229041351005435,-0.015111502259969711,-0.9998656511306763,0.030189026809382517,-5.352610111236572,0.8459118604660034,0.559440553188324,1.529483675956726,0.42446011304855347,0.559440553188324
146.91666666666666,3.688934564590454,1.38697350025177,-0.003022409975528717,-0.005399996880441904,0.003233450697734952,-0.014961577020585537,-0.9998682141304016,0.029889395922148596,-5.343286991119385,2.539921760559082,0.7459207773208618,1.53757905960083,0.4885425865650177,0.7459207773208618
146.93333333333334,3.6893258094787598,1.3869850635528564,-0.003019571304321289,-0.005415667779743671,0.0031922676134854555,-0.014848987571895123,-0.9998700618743896,0.02966452544196706,-5.330851078033447,0.932091236114502,0.8391608595848083,1.5477455854415894,0.8320958614349365,0.8391608595848083
146.95,3.6898021697998047,1.3869990110397339,-0.0030263587832450867,-0.005414022598415613,0.003356996923685074,-0.014694849960505962,-0.9998717308044434,0.029354489040066517,-5.316858768463135,0.8660882115364075,0.9324009418487549,1.5601119995117188,0.5894895195960999,0.9324009418487549
146.96666666666667,3.6903371810913086,1.3870142698287964,-0.0030127614736557007,-0.0053736320696771145,0.0031659831292927265,-0.014495734125375748,-0.9998754858970642,0.028958489198939317,-5.30132532119751,2.503089189529419,1.0256410837173462,1.5736780166625977,0.9683834910392761,1.0256410837173462
146.98333333333332,3.6909351348876953,1.387032389640808,-0.003025554120540619,-0.005402402952313423,0.003434374462813139,-0.014294136315584183,-0.9998773336410522,0.02855224126474381,-5.28423547744751,2.2891268730163574,1.118881106376648,1.5890365839004517,0.7604149580001831,1.118881106376648
147.0,3.6915695667266846,1.3870493173599243,-0.003015384078025818,-0.005379484035074711,0.003179912455379963,-0.014083843678236008,-0.9998812079429626,0.02813443636369013,-5.265589237213135,3.3443100452423096,1.118881106376648,1.6053706407546997,1.2646912336349487,1.118881106376648
147.01666666666668,3.6922128200531006,1.387068510055542,-0.0030296146869659424,-0.005414159037172794,0.003323374083265662,-0.013969536870718002,-0.999882161617279,0.027904060482903663,-5.24694299697876,3.40696120262146,1.305361270904541,1.6226451396942139,0.9524922966957092,1.305361270904541
147.03333333333333,3.6929686069488525,1.3870887756347656,-0.0030108243227005005,-0.005357256159186363,0.003165371483191848,-0.013667311519384384,-0.9998871088027954,0.02730158583775975,-5.225183963775635,3.511834144592285,1.3986014127731323,1.641777515411377,1.4375548362731934,1.3986014127731323
147.05,3.6937716007232666,1.3871126174926758,-0.0030298903584480286,-0.005417165346443653,0.003406937001273036,-0.013531910255551338,-0.9998879432678223,0.027027820988023876,-5.201868534088135,3.4003422260284424,1.3986014127731323,1.6633343696594238,1.147222638130188,1.3986014127731323
147.06666666666666,3.694593906402588,1.3871326446533203,-0.003004714846611023,-0.005325104109942913,0.0031411987729370594,-0.01332231517881155,-0.9998921751976013,0.026611992949134442,-5.178553104400635,2.952697992324829,1.3986014127731323,1.6849778890609741,1.7455579042434692,1.3986014127731323
147.08333333333334,3.695415735244751,1.38715660572052,-0.003028497099876404,-0.005411201156675816,0.0033351911697536707,-0.013133412227034569,-0.9998934864997864,0.026231548614108452,-5.155237674713135,2.714329481124878,1.3986014127731323,1.7066850662231445,1.232951045036316,1.3986014127731323
147.1,3.6962339878082275,1.3871759176254272,-0.0030156895518302917,-0.005378625355660915,0.0031856135465204716,-0.012970836833119392,-0.9998964071273804,0.02590816511036475,-5.131922245025635,3.823949098587036,1.3986014127731323,1.728467583656311,1.487399697303772,1.3986014127731323
147.11666666666667,3.697054147720337,1.3871979713439941,-0.003025040030479431,-0.005397750996053219,0.0032609128393232822,-0.012768026441335678,-0.9998986124992371,0.025501589989008207,-5.108606815338135,2.919513702392578,1.3986014127731323,1.7500898838043213,1.385509967803955,1.3986014127731323
147.13333333333333,3.697878837585449,1.3872182369232178,-0.003018394112586975,-0.005391857586801052,0.00319925625808537,-0.012624651193618774,-0.9999005198478699,0.02521550094081838,-5.085291385650635,4.195144176483154,1.3986014127731323,1.7722060680389404,1.541130542755127,1.3986014127731323
147.15,3.698707103729248,1.3872401714324951,-0.003022141754627228,-0.005396575201302767,0.003218346508219838,-0.012425805442035198,-0.9999030232429504,0.024817547849077387,-5.061975955963135,3.4030189514160156,1.3986014127731323,1.794030785560608,1.5167155265808105,1.3986014127731323
147.16666666666666,3.6995301246643066,1.387259602546692,-0.0030235424637794495,-0.005406118929386139,0.003210365539416671,-0.012277016416192055,-0.9999048113822937,0.02451996767424108,-5.038660526275635,4.539478778839111,1.3986014127731323,1.8160828351974487,1.5371007919311523,1.3986014127731323
147.18333333333334,3.700363874435425,1.3872801065444946,-0.0030182301998138428,-0.0053820316679775715,0.003194262273609638,-0.01207364909350872,-0.9999074935913086,0.024113530112695816,-5.015345096588135,3.722303628921509,1.3986014127731323,1.8380252122879028,1.5249979496002197,1.3986014127731323
147.2,3.7011849880218506,1.3873001337051392,-0.0030259117484092712,-0.0054104747250676155,0.0032278054859489202,-0.011938754469156265,-0.9999088048934937,0.023843179352792614,-4.992029666900635,4.574347972869873,1.3986014127731323,1.8600561618804932,1.517356514930725,1.3986014127731323
147.21666666666667,3.702016592025757,1.3873189687728882,-0.003017045557498932,-0.005374809727072716,0.003190824296325445,-0.011728920042514801,-0.9999116659164429,0.023424105729004052,-4.968714237213135,3.6672496795654297,1.3986014127731323,1.8819953203201294,1.5362588167190552,1.3986014127731323
147.23333333333332,3.702838182449341,1.38733971118927,-0.0030261725187301636,-0.005409519653767347,0.0032324970234185457,-0.011604133062064648,-0.9999127388000488,0.023173845694592035,-4.945398807525635,4.509625434875488,1.3986014127731323,1.9040998220443726,1.5145885944366455,1.3986014127731323
147.25,3.703669309616089,1.3873577117919922,-0.003016956150531769,-0.005370928905904293,0.003196138422936201,-0.011394971050322056,-0.9999155402183533,0.022756131543978472,-4.922083377838135,3.6143484115600586,1.3986014127731323,1.925981879234314,1.5106152296066284,1.3986014127731323
147.26666666666668,3.7044901847839355,1.3873772621154785,-0.003025338053703308,-0.0054059335961937904,0.003228944493457675,-0.01126143429428339,-0.999916672706604,0.022488463038727705,-4.898767948150635,4.473587989807129,1.3986014127731323,1.9480259418487549,1.5372828245162964,1.3986014127731323
147.28333333333333,3.7053232192993164,1.3873960971832275,-0.003019168972969055,-0.005377462599426508,0.0032102451659739017,-0.011064570397138596,-0.9999191761016846,0.022095096359013924,-4.875452518463135,3.536752462387085,1.3986014127731323,1.9699957370758057,1.4919410943984985,1.3986014127731323
147.3,3.706144332885742,1.3874143362045288,-0.0030257925391197205,-0.005404831375926733,0.0032320432364940643,-0.01092961523681879,-0.9999203681945801,0.021824757721699686,-4.852137088775635,4.491593360900879,1.3986014127731323,1.992041826248169,1.5298991203308105,1.3986014127731323
147.31666666666666,3.706977128982544,1.3874316215515137,-0.0030175969004631042,-0.00537155894562602,0.003200121456757188,-0.010721600614488125,-0.9999229311943054,0.021409259140892683,-4.828821659088135,3.6628077030181885,1.3986014127731323,2.0139849185943604,1.533382534980774,1.3986014127731323
147.33333333333334,3.707798719406128,1.3874505758285522,-0.0030263885855674744,-0.00540514849126339,0.003238119650632143,-0.010596289299428463,-0.9999240040779114,0.021158001018805987,-4.805506229400635,4.518762588500977,1.3986014127731323,2.0360829830169678,1.5151396989822388,1.3986014127731323
147.35,3.7086293697357178,1.3874670267105103,-0.0030173733830451965,-0.005366770084947348,0.003202962689101696,-0.0103876031935215,-0.9999264478683472,0.020741226726691167,-4.782190799713135,3.5876944065093994,1.3986014127731323,2.0579640865325928,1.5074608325958252,1.3986014127731323
147.36666666666667,3.7094504833221436,1.3874846696853638,-0.003025338053703308,-0.005400775000452995,0.003234443487599492,-0.010253154672682285,-0.9999275207519531,0.02047175899811273,-4.758875370025635,4.478460788726807,1.3986014127731323,2.0800070762634277,1.535971999168396,1.3986014127731323
147.38333333333333,3.7102832794189453,1.3875019550323486,-0.0030195340514183044,-0.005373259074985981,0.0032163895666599274,-0.010056933388113976,-0.9999298453330994,0.020079669457780648,-4.735559940338135,3.5188515186309814,1.3986014127731323,2.1019787788391113,1.4900697469711304,1.3986014127731323
147.4,3.711104393005371,1.3875184059143066,-0.003025941550731659,-0.005400065332651138,0.003238213947042823,-0.009921271353960037,-0.9999310374259949,0.019807925632329162,-4.712244510650635,4.48495626449585,1.3986014127731323,2.124019145965576,1.5267924070358276,1.3986014127731323
147.41666666666666,3.7119369506835938,1.3875341415405273,-0.0030180364847183228,-0.005367785692214966,0.003208067500963807,-0.009714316576719284,-0.9999332427978516,0.019394523771416507,-4.688929080963135,3.630124568939209,1.3986014127731323,2.1459579467773438,1.5304559469223022,1.3986014127731323
147.43333333333334,3.712758779525757,1.3875515460968018,-0.003026604652404785,-0.005400456953793764,0.0032445001415908337,-0.009589404799044132,-0.9999342560768127,0.019144090437737963,-4.665613651275635,4.51998233795166,1.3986014127731323,2.1680657863616943,1.5173451900482178,1.3986014127731323
147.45,3.713590383529663,1.3875659704208374,-0.003017209470272064,-0.005361093208193779,0.0032061354722827673,-0.00938001461327076,-0.9999364614486694,0.018725951933441745,-4.642298221588135,3.6200203895568848,1.3986014127731323,2.189950704574585,1.5111528635025024,1.3986014127731323
147.46666666666667,3.7144112586975098,1.3875823020935059,-0.003025941550731659,-0.005397804547101259,0.003241926431655884,-0.009246067143976688,-0.9999375343322754,0.018457428526251887,-4.618982791900635,4.491211414337158,1.3986014127731323,2.211993932723999,1.5345247983932495,1.3986014127731323
147.48333333333332,3.7152435779571533,1.387597680091858,-0.0030197054147720337,-0.005368647165596485,0.003223188454285264,-0.009049274027347565,-0.9999394416809082,0.018064212810697765,-4.595667362213135,3.52285099029541,1.3986014127731323,2.233959674835205,1.4900729656219482,1.3986014127731323
147.5,3.7160651683807373,1.3876125812530518,-0.0030262619256973267,-0.005396152380853891,0.0032446878030896187,-0.008914167992770672,-0.9999404549598694,0.017793581455355978,-4.572351932525635,4.487614631652832,1.3986014127731323,2.2560033798217773,1.5291157960891724,1.3986014127731323
147.51666666666668,3.7168972492218018,1.3876266479492188,-0.003018222749233246,-0.00536327762529254,0.0032137816306203604,-0.008706445805728436,-0.9999425411224365,0.017378662483224366,-4.549036502838135,3.6423072814941406,1.3986014127731323,2.2779462337493896,1.5312846899032593,1.3986014127731323
147.53333333333333,3.717719793319702,1.38764226436615,-0.003026902675628662,-0.0053965020924806595,0.003250952111557126,-0.008581317961215973,-0.9999433159828186,0.01712778532924481,-4.525721073150635,4.512695789337158,1.3986014127731323,2.3000576496124268,1.5198396444320679,1.3986014127731323
147.55,3.7185516357421875,1.3876553773880005,-0.0030176714062690735,-0.005358070135116577,0.0032148691825568676,-0.008370484225451946,-0.9999454021453857,0.01670673560644449,-4.502405643463135,3.641555070877075,1.3986014127731323,2.321948766708374,1.5123306512832642,1.3986014127731323
147.56666666666666,3.7193713188171387,1.3876696825027466,-0.003026232123374939,-0.00539336446672678,0.0032495565246790648,-0.008237183094024658,-0.9999461770057678,0.016439524576911876,-4.479090213775635,4.486201286315918,1.3986014127731323,2.343982458114624,1.5332505702972412,1.3986014127731323
147.58333333333334,3.7202041149139404,1.3876835107803345,-0.0030200034379959106,-0.005364130716770887,0.0032310488168150187,-0.008040719665586948,-0.9999480247497559,0.01604697265505077,-4.455774784088135,3.5111515522003174,1.3986014127731323,2.365947961807251,1.4885920286178589,1.3986014127731323
147.6,3.721025228500366,1.3876969814300537,-0.003026328980922699,-0.00539148086681962,0.0032496913336217403,-0.007905015721917152,-0.9999488592147827,0.015775177832394828,-4.432459354400635,4.48284912109375,1.3986014127731323,2.387988805770874,1.5282909870147705,1.3986014127731323
147.61666666666667,3.7218570709228516,1.3877092599868774,-0.003018304705619812,-0.005358047317713499,0.0032192643266171217,-0.0076982565224170685,-0.9999508261680603,0.015362188816884618,-4.409143924713135,3.621927261352539,1.3986014127731323,2.4099326133728027,1.5301347970962524,1.3986014127731323
147.63333333333333,3.72268009185791,1.3877230882644653,-0.0030270814895629883,-0.005392358638346195,0.003256495576351881,-0.007572993170469999,-0.9999514222145081,0.015111033821911693,-4.385828495025635,4.5199103355407715,1.3986014127731323,2.432055950164795,1.5217941999435425,1.3986014127731323
147.65,3.7235114574432373,1.3877345323562622,-0.003018096089363098,-0.005354769062250853,0.003220910904929042,-0.007362326607108116,-0.9999533295631409,0.014690312181905744,-4.362513065338135,3.638651132583618,1.3986014127731323,2.453946113586426,1.5120930671691895,1.3986014127731323
147.66666666666666,3.724332094192505,1.3877474069595337,-0.003026723861694336,-0.0053896550089120865,0.0032572236377745867,-0.007230554707348347,-0.9999540448188782,0.01442614804429329,-4.339197635650635,4.481008529663086,1.3986014127731323,2.4759860038757324,1.536991834640503,1.3986014127731323
147.68333333333334,3.725165367126465,1.3877594470977783,-0.0030198991298675537,-0.005360251292586327,0.0032336178701370955,-0.007031850516796112,-0.9999556541442871,0.014029171784293755,-4.315882205963135,3.5802767276763916,1.3986014127731323,2.4979536533355713,1.498069405555725,1.3986014127731323
147.7,3.725985527038574,1.3877711296081543,-0.0030266791582107544,-0.005385322496294975,0.0032592967618256807,-0.006897861137986183,-0.9999563097953796,0.013760748122411398,-4.292566776275635,4.477527141571045,1.3986014127731323,2.519977569580078,1.5258439779281616,1.3986014127731323
147.71666666666667,3.7268192768096924,1.3877816200256348,-0.0030182674527168274,-0.0053531271405518055,0.003222887171432376,-0.006689941510558128,-0.9999580979347229,0.01334549687320188,-4.269251346588135,3.6944570541381836,1.3986014127731323,2.5419423580169678,1.5368863344192505,1.3986014127731323
147.73333333333332,3.727640390396118,1.3877938985824585,-0.0030277594923973083,-0.00538910087198019,0.0032658607233315706,-0.006566896103322506,-0.9999586343765259,0.01309870885879429,-4.245935916900635,4.530341625213623,1.3986014127731323,2.5640361309051514,1.517077088356018,1.3986014127731323
147.75,3.728471517562866,1.3878034353256226,-0.0030183345079421997,-0.005348842591047287,0.0032291882671415806,-0.006357372272759676,-0.9999602437019348,0.012680304048449536,-4.222620487213135,3.579080820083618,1.3986014127731323,2.585914373397827,1.5064877271652222,1.3986014127731323
147.76666666666668,3.729292392730713,1.3878148794174194,-0.0030268654227256775,-0.005385714583098888,0.003261118195950985,-0.006223953794687986,-0.9999608397483826,0.012412881431950176,-4.199305057525635,4.4800801277160645,1.3986014127731323,2.607964038848877,1.5416855812072754,1.3986014127731323
147.78333333333333,3.7301249504089355,1.3878250122070312,-0.0030203312635421753,-0.005355860106647015,0.0032408779952675104,-0.006025827489793301,-0.9999622106552124,0.012017030869783339,-4.175989627838135,3.557003974914551,1.3986014127731323,2.629930257797241,1.4942615032196045,1.3986014127731323
147.8,3.7309465408325195,1.3878352642059326,-0.0030270740389823914,-0.005383309442549944,0.0032640243880450726,-0.005890992935746908,-0.9999628067016602,0.011746930478429073,-4.152674198150635,4.490579605102539,1.3986014127731323,2.6519670486450195,1.528377890586853,1.3986014127731323
147.81666666666666,3.7317795753479004,1.387844204902649,-0.003018893301486969,-0.005350084975361824,0.0032324797939509153,-0.005683960393071175,-0.9999642372131348,0.011333410076669197,-4.129358768463135,3.6375975608825684,1.3986014127731323,2.6739089488983154,1.5311024188995361,1.3986014127731323
147.83333333333334,3.7326018810272217,1.387854814529419,-0.003027789294719696,-0.005384278483688831,0.0032704626210033894,-0.005560190416872501,-0.999964714050293,0.011085238782287631,-4.106043338775635,4.5319719314575195,1.3986014127731323,2.6960196495056152,1.5192643404006958,1.3986014127731323
147.85,3.7334330081939697,1.3878626823425293,-0.0030179843306541443,-0.0053420290350914,0.0032321265898644924,-0.0053482805378735065,-0.9999662637710571,0.01066209670133052,-4.082727909088135,3.6308181285858154,1.3986014127731323,2.7178940773010254,1.509463906288147,1.3986014127731323
147.86666666666667,3.7342538833618164,1.387872338294983,-0.0030270591378211975,-0.005381606053560972,0.003267202526330948,-0.005214436911046505,-0.999966561794281,0.010393772355805877,-4.059412479400635,4.516302108764648,1.3986014127731323,2.739943265914917,1.5368965864181519,1.3986014127731323
147.88333333333333,3.735086679458618,1.3878810405731201,-0.0030206963419914246,-0.005351575557142496,0.0032483935356140137,-0.005017388146370649,-0.9999678134918213,0.010000066461583126,-4.036097049713135,3.5339035987854004,1.3986014127731323,2.7619080543518066,1.4916996955871582,1.3986014127731323
147.9,3.735908031463623,1.3878895044326782,-0.0030272379517555237,-0.005378547124564648,0.003269239328801632,-0.004882200621068478,-0.9999681711196899,0.00972928774196084,-4.012781620025635,4.487876892089844,1.3986014127731323,2.783949613571167,1.5269631147384644,1.3986014127731323
147.91666666666666,3.7367405891418457,1.3878967761993408,-0.003019183874130249,-0.005345426499843597,0.003239486599341035,-0.004675437230616808,-0.999969482421875,0.009316289536112157,-3.9894697666168213,3.631826877593994,1.3986014127731323,2.8058922290802,1.5306439399719238,1.3986014127731323
147.93333333333334,3.7375636100769043,1.3879058361053467,-0.00302799791097641,-0.005379417445510626,0.003276502713561058,-0.004550774581730366,-0.9999697804450989,0.009066344543575213,-3.9661619663238525,4.529435634613037,1.3986014127731323,2.82800555229187,1.5186973810195923,1.3986014127731323
147.95,3.738394021987915,1.3879122734069824,-0.003018803894519806,-0.0053412155248224735,0.003241457510739565,-0.004339760635048151,-0.9999709725379944,0.008644934620641767,-3.942854166030884,3.624110221862793,1.3986014127731323,2.8498923778533936,1.5101860761642456,1.3986014127731323
147.96666666666667,3.7392144203186035,1.3879200220108032,-0.0030271336436271667,-0.00537533313035965,0.003274688497185707,-0.00420784717425704,-0.9999713897705078,0.008380528808312061,-3.919546365737915,4.468234062194824,1.3986014127731323,2.8719277381896973,1.5371872186660767,1.3986014127731323
147.98333333333332,3.7400474548339844,1.3879271745681763,-0.003020927309989929,-0.005347621627151966,0.0032547623850405216,-0.00400998629629612,-0.999972403049469,0.00798519705985833,-3.8962385654449463,3.555738925933838,1.3986014127731323,2.8938968181610107,1.4945406913757324,1.3986014127731323
148.0,3.740868330001831,1.3879338502883911,-0.003027774393558502,-0.0053752027451992035,0.0032773970160633326,-0.0038767883088439703,-0.9999726414680481,0.007718375696545244,-3.8729307651519775,4.494775295257568,1.3986014127731323,2.9159421920776367,1.5312483310699463,1.3986014127731323
148.01666666666668,3.741701126098633,1.387939453125,-0.0030191391706466675,-0.005340730771422386,0.0032426018733531237,-0.003669204656034708,-0.999973714351654,0.007303801072687327,-3.849622964859009,3.678166627883911,1.3986014127731323,2.937889337539673,1.5355563163757324,1.3986014127731323
148.03333333333333,3.742522954940796,1.3879468441009521,-0.0030281469225883484,-0.0053731948137283325,0.003285102779045701,-0.003545258892700076,-0.9999738335609436,0.00705524183054131,-3.82631516456604,4.507632732391357,1.3986014127731323,2.959982395172119,1.5158271789550781,1.3986014127731323
148.05,3.7433550357818604,1.3879512548446655,-0.003018774092197418,-0.005335893016308546,0.003243729006499052,-0.0033336856868118048,-0.9999749660491943,0.006632777820119286,-3.8030073642730713,3.672703504562378,1.3986014127731323,2.981886625289917,1.5167295932769775,1.3986014127731323
148.06666666666666,3.7441747188568115,1.3879576921463013,-0.003027871251106262,-0.005372682120651007,0.0032840771600604057,-0.0032029033172875643,-0.9999749660491943,0.006370539608808916,-3.7796995639801025,4.476334095001221,1.3986014127731323,3.003913640975952,1.5362296104431152,1.3986014127731323
148.08333333333334,3.745007038116455,1.3879629373550415,-0.00302114337682724,-0.005342172458767891,0.0032609961926937103,-0.0030057071708142757,-0.999975860118866,0.005976591559555673,-3.756391763687134,3.5259289741516113,1.3986014127731323,3.025880813598633,1.4912259578704834,1.3986014127731323
148.1,3.7458293437957764,1.3879681825637817,-0.0030279383063316345,-0.005370417609810829,0.003282153746113181,-0.002871662611141801,-0.9999759793281555,0.0057080893226216884,-3.733083963394165,4.488352298736572,1.3986014127731323,3.047926902770996,1.5335652828216553,1.3986014127731323
148.11666666666667,3.746662139892578,1.387972116470337,-0.00301959365606308,-0.005336646921932697,0.0032504163682460785,-0.002663267310708761,-0.9999768733978271,0.005291856280993606,-3.7097761631011963,3.660388469696045,1.3986014127731323,3.069875717163086,1.5327776670455933,1.3986014127731323
148.13333333333333,3.747483968734741,1.387977957725525,-0.0030287280678749084,-0.005371216684579849,0.0032918148208409548,-0.0025397641584277153,-0.9999768733978271,0.005044180355238854,-3.6864683628082275,4.536052227020264,1.3986014127731323,3.09197998046875,1.5176329612731934,1.3986014127731323
148.15,3.7483153343200684,1.3879806995391846,-0.00301910936832428,-0.00533108226954937,0.0032528273295611143,-0.002329818205907941,-0.9999778270721436,0.00462496601970906,-3.663160562515259,3.6139919757843018,1.3986014127731323,3.1138625144958496,1.5103349685668945,1.3986014127731323
148.16666666666666,3.749135971069336,1.3879855871200562,-0.003027796745300293,-0.005367559846490622,0.003288001287728548,-0.002196589019149542,-0.9999776482582092,0.004357891448770669,-3.63985276222229,4.491379737854004,1.3986014127731323,3.1359024047851562,1.5352174043655396,1.3986014127731323
148.18333333333334,3.749969005584717,1.3879891633987427,-0.003021545708179474,-0.005338229238986969,0.0032687424682080746,-0.0020001549273729324,-0.9999783039093018,0.003965420152823896,-3.6165449619293213,3.513401985168457,1.3986014127731323,3.1578688621520996,1.4891924858093262,1.3986014127731323
148.2,3.7507901191711426,1.3879926204681396,-0.0030282363295555115,-0.005366315133869648,0.003290219232439995,-0.0018652487779036164,-0.9999783635139465,0.003695193033428264,-3.5932371616363525,4.499724864959717,1.3986014127731323,3.1799168586730957,1.5295430421829224,1.3986014127731323
148.21666666666667,3.7516229152679443,1.3879947662353516,-0.003019973635673523,-0.005332837346941233,0.003256739117205143,-0.0016571743180975318,-0.9999790191650391,0.003279619602987062,-3.569929361343384,3.6537649631500244,1.3986014127731323,3.201855421066284,1.532946228981018,1.3986014127731323
148.23333333333332,3.7524452209472656,1.3879989385604858,-0.003028690814971924,-0.005365754943341017,0.0032967987935990095,-0.0015316680073738098,-0.9999788999557495,0.003027962523947509,-3.546621561050415,4.527064800262451,1.3986014127731323,3.223949909210205,1.5132273435592651,1.3986014127731323
148.25,3.7532761096954346,1.3880001306533813,-0.003019563853740692,-0.005327268503606319,0.0032612483482807875,-0.0013218203093856573,-0.999979555606842,0.002608898172742525,-3.5233137607574463,3.5916693210601807,1.3986014127731323,3.2458317279815674,1.507429599761963,1.3986014127731323
148.26666666666668,3.7540969848632812,1.3880031108856201,-0.003027781844139099,-0.005361718591302633,0.00329247722402215,-0.0011872162576764822,-0.9999794960021973,0.002339130199364277,-3.5000059604644775,4.486577987670898,1.3986014127731323,3.2678720951080322,1.534798502922058,1.3986014127731323
148.28333333333333,3.754929542541504,1.3880047798156738,-0.0030219629406929016,-0.005334203131496906,0.003276777220889926,-0.0009909674990922213,-0.9999799132347107,0.0019469803712266582,-3.476698160171509,3.5086257457733154,1.3986014127731323,3.2898409366607666,1.4880141019821167,1.3986014127731323
148.3,3.755750894546509,1.3880066871643066,-0.0030282288789749146,-0.005361041985452175,0.003295865608379245,-0.000855838879942894,-0.9999797344207764,0.0016763418287327016,-3.45339035987854,4.487649440765381,1.3986014127731323,3.311882495880127,1.5275416374206543,1.3986014127731323
148.31666666666666,3.756582736968994,1.3880072832107544,-0.0030203834176063538,-0.005328998900949955,0.0032650090288370848,-0.0006484315381385386,-0.9999802112579346,0.0012620662531470466,-3.4300825595855713,3.638190746307373,1.3986014127731323,3.3338239192962646,1.5310230255126953,1.3986014127731323
148.33333333333334,3.7574048042297363,1.3880095481872559,-0.0030289292335510254,-0.005361258517950773,0.003301328746601939,-0.0005225427448749542,-0.9999800324440002,0.0010096882852284894,-3.4067747592926025,4.506977081298828,1.3986014127731323,3.3559298515319824,1.5178433656692505,1.3986014127731323
148.35,3.7582366466522217,1.3880091905593872,-0.00301998108625412,-0.005324248224496841,0.0032660297583788633,-0.0003130600380245596,-0.9999803900718689,0.000591342154214251,-3.383466958999634,3.632982015609741,1.3986014127731323,3.3778140544891357,1.511829137802124,1.3986014127731323
148.36666666666667,3.7590572834014893,1.3880105018615723,-0.0030285194516181946,-0.005359052214771509,0.0033021073322743177,-0.00018039465066976845,-0.9999800324440002,0.0003253968719261895,-3.360159158706665,4.481444358825684,1.3986014127731323,3.399854898452759,1.5369853973388672,1.3986014127731323
148.38333333333333,3.75989031791687,1.388010859489441,-0.0030217841267585754,-0.005329603794962168,0.003278837539255619,1.7891168681671843e-05,-0.9999803900718689,-7.073296645466527e-05,-3.3368513584136963,3.5664353370666504,1.3986014127731323,3.421820878982544,1.4962643384933472,1.3986014127731323
148.4,3.760711431503296,1.388010859489441,-0.0030288025736808777,-0.005357818678021431,0.0033040056005120277,0.00015118467854335904,-0.9999801516532898,-0.00033777525860315724,-3.3135435581207275,4.494970798492432,1.3986014127731323,3.443859100341797,1.5285711288452148,1.3986014127731323
148.41666666666666,3.7615435123443604,1.388009786605835,-0.0030200928449630737,-0.005321136675775051,0.0032708693761378527,0.00035983495763503015,-0.9999804496765137,-0.0007544815274846765,-3.290235757827759,3.6352148056030273,1.3986014127731323,3.4657864570617676,1.5284335613250732,1.3986014127731323
148.43333333333334,3.7623660564422607,1.3880106210708618,-0.0030292049050331116,-0.0053579313680529594,0.0033072317019104958,0.000485406257212162,-0.9999799728393555,-0.001006255059722272,-3.26692795753479,4.568681240081787,1.3986014127731323,3.487903118133545,1.5199311971664429,1.3986014127731323
148.45,3.763197422027588,1.38800847530365,-0.003020085394382477,-0.005318933166563511,0.0032734766136854887,0.0006944686756469309,-0.9999802112579346,-0.0014237635970412,-3.2436201572418213,3.597848415374756,1.3986014127731323,3.509784460067749,1.5082927942276,1.3986014127731323
148.46666666666667,3.7640182971954346,1.3880081176757812,-0.0030284225940704346,-0.005353807937353849,0.003305720165371895,0.0008283326751552522,-0.9999798536300659,-0.0016920660444710255,-3.2203123569488525,4.495967864990234,1.3986014127731323,3.5318288803100586,1.5339272022247314,1.3986014127731323
148.48333333333332,3.7648508548736572,1.3880070447921753,-0.0030223578214645386,-0.005325814243406057,0.003288454608991742,0.0010254704393446445,-0.9999797940254211,-0.002085973311062745,-3.197004556655884,3.528937578201294,1.3986014127731323,3.5537946224212646,1.4908456802368164,1.3986014127731323
148.5,3.765671968460083,1.388005256652832,-0.0030284151434898376,-0.005348765756934881,0.0033081986475735903,0.0011596735566854477,-0.9999794960021973,-0.002354742639627932,-3.173696756362915,4.462928295135498,1.3986014127731323,3.5758204460144043,1.525170922279358,1.3986014127731323
148.51666666666668,3.766505479812622,1.3880022764205933,-0.003020353615283966,-0.0053185587748885155,0.003273648675531149,0.001366517972201109,-0.9999794960021973,-0.0027678646863331245,-3.1503889560699463,3.7024848461151123,1.3986014127731323,3.5977885723114014,1.538223147392273,1.3986014127731323
148.53333333333333,3.7673277854919434,1.388001561164856,-0.003029562532901764,-0.005352781619876623,0.003317298134788871,0.001490996452048421,-0.9999789595603943,-0.003017514376847985,-3.1270811557769775,4.531569957733154,1.3986014127731323,3.619875907897949,1.5116900205612183,1.3986014127731323
148.55,3.768157482147217,1.3879977464675903,-0.003020085394382477,-0.005312873050570488,0.003280164208263159,0.0017004964174702764,-0.9999790191650391,-0.0034358559582839997,-3.103773355484009,3.557556390762329,1.3986014127731323,3.6417527198791504,1.5041475296020508,1.3986014127731323
148.56666666666666,3.768979072570801,1.3879954814910889,-0.0030283406376838684,-0.005348420236259699,0.0033093071542680264,0.0018347327131778002,-0.9999784827232361,-0.0037048747403917496,-3.08046555519104,4.480975151062012,1.3986014127731323,3.6637985706329346,1.5381306409835815,1.3986014127731323
148.58333333333334,3.7698121070861816,1.3879926204681396,-0.0030228570103645325,-0.005322062876075506,0.003296265611425042,0.0020303698256611824,-0.9999783039093018,-0.004095837286520506,-3.0571577548980713,3.5041608810424805,1.3986014127731323,3.685769557952881,1.4869784116744995,1.3986014127731323
148.6,3.77063250541687,1.3879895210266113,-0.0030287131667137146,-0.005345082841813564,0.003314685309305787,0.0021662150975316763,-0.9999777674674988,-0.00436787760604604,-3.0338499546051025,4.477114200592041,1.3986014127731323,3.7078006267547607,1.5246974229812622,1.3986014127731323
148.61666666666667,3.7714664936065674,1.3879847526550293,-0.003020569682121277,-0.005313800647854805,0.003279697149991989,0.002373490948230028,-0.9999776482582092,-0.0047818514081246375,-3.010542154312134,3.71330189704895,1.3986014127731323,3.729764938354492,1.5394450426101685,1.3986014127731323
148.63333333333333,3.772287607192993,1.3879821300506592,-0.00303012877702713,-0.005349493119865656,0.003324623219668865,0.002495903754606843,-0.9999769926071167,-0.005027394178011616,-2.987234354019165,4.541209697723389,1.3986014127731323,3.7518560886383057,1.5128965377807617,1.3986014127731323
148.65,3.773118734359741,1.387976884841919,-0.0030205994844436646,-0.0053099715150892735,0.00328634399920702,0.0027059775311499834,-0.9999767541885376,-0.005446873598173587,-2.9639265537261963,3.5882461071014404,1.3986014127731323,3.773731231689453,1.507779836654663,1.3986014127731323
148.66666666666666,3.773939371109009,1.3879730701446533,-0.0030291154980659485,-0.005346186924725771,0.0033189973328262568,0.0028385501354932785,-0.9999760985374451,-0.005712608314698752,-2.9406187534332275,4.47920560836792,1.3986014127731323,3.7957732677459717,1.5388014316558838,1.3986014127731323
148.68333333333334,3.7747724056243896,1.3879681825637817,-0.0030228421092033386,-0.0053168428130447865,0.0033010304905474186,0.0030355784110724926,-0.9999758005142212,-0.0061062817447952635,-2.917310953140259,3.529891014099121,1.3986014127731323,3.817737340927124,1.4904937744140625,1.3986014127731323
148.7,3.7755935192108154,1.3879636526107788,-0.003029361367225647,-0.00534387631341815,0.003320258343592286,0.003170948475599289,-0.9999750852584839,-0.006377407446464024,-2.89400315284729,4.494308948516846,1.3986014127731323,3.8397810459136963,1.52859365940094,1.3986014127731323
148.71666666666667,3.776425838470459,1.387957215309143,-0.0030210092663764954,-0.005309566855430603,0.003289357293397188,0.0033775754272937775,-0.9999747276306152,-0.006790107769139682,-2.8706953525543213,3.6384565830230713,1.3986014127731323,3.861726999282837,1.5315790176391602,1.3986014127731323
148.73333333333332,3.7772486209869385,1.3879531621932983,-0.003029860556125641,-0.005343711469322443,0.003327588550746441,0.003503341693431139,-0.9999740123748779,-0.007042277053190936,-2.8473875522613525,4.533797740936279,1.3986014127731323,3.8838376998901367,1.5169463157653809,1.3986014127731323
148.75,3.7780797481536865,1.3879460096359253,-0.0030208975076675415,-0.005305699072778225,0.003293765475973487,0.003712240606546402,-0.9999735355377197,-0.007459465279177002,-2.824079751968384,3.59470272064209,1.3986014127731323,3.905717134475708,1.5074502229690552,1.3986014127731323
148.76666666666668,3.7789011001586914,1.3879406452178955,-0.003028959035873413,-0.005339595954865217,0.0033244637306779623,0.003847939893603325,-0.9999728202819824,-0.007731419006611175,-2.800771951675415,4.50241756439209,1.3986014127731323,3.9277541637420654,1.531187653541565,1.3986014127731323
148.78333333333333,3.779733180999756,1.3879344463348389,-0.00302337110042572,-0.005312544293701649,0.0033100382424890995,0.004043538123369217,-0.9999721050262451,-0.0081222850826316,-2.7774641513824463,3.485541820526123,1.3986014127731323,3.949718713760376,1.484832763671875,1.3986014127731323
148.8,3.780555248260498,1.3879276514053345,-0.0030293837189674377,-0.005338378716260195,0.0033261722419410944,0.004178804345428944,-0.9999715089797974,-0.008393165071795492,-2.7541563510894775,4.474152088165283,1.3986014127731323,3.971764326095581,1.5301587581634521,1.3986014127731323
148.81666666666666,3.7813880443573,1.3879196643829346,-0.003021620213985443,-0.0053071570582687855,0.0032960218377411366,0.004386581014841795,-0.9999708533287048,-0.008808193902901858,-2.730848550796509,3.665165662765503,1.118881106376648,3.99371075630188,1.5338679552078247,1.118881106376648
148.83333333333334,3.782076358795166,1.3879148960113525,-0.003030933439731598,-0.005354620050638914,0.003328103804960847,0.004369177855551243,-0.999970555305481,-0.008774044084491556,-2.712202310562134,4.361931324005127,0.9790209531784058,4.013001918792725,1.2742637395858765,0.9790209531784058
148.85,3.7826550006866455,1.3879097700119019,-0.0030297189950942993,-0.005350321531295776,0.003321694443002343,0.004436906892806292,-0.9999702572822571,-0.008909405782653508,-2.69588303565979,4.744837760925293,0.8391608595848083,4.028719902038574,1.118945837020874,0.8391608595848083
148.86666666666667,3.783170700073242,1.3879045248031616,-0.0030200406908988953,-0.005300672724843025,0.0032870538998395205,0.004569046199321747,-0.9999700784683228,-0.00917299010849846,-2.681898355484009,3.1120967864990234,0.6993007063865662,4.042290210723877,0.9959359765052795,0.6993007063865662
148.88333333333333,3.7835898399353027,1.3879019021987915,-0.0030319690704345703,-0.005354679189622402,0.0033337315544486046,0.004632091149687767,-0.9999693632125854,-0.009299938293697348,-2.670240640640259,3.867323160171509,0.559440553188324,4.0535054206848145,0.8937965631484985,0.559440553188324
148.9,3.7839179039001465,1.387898325920105,-0.003031030297279358,-0.005351167172193527,0.003329955041408539,0.004673268646001816,-0.9999691247940063,-0.009382229599144802,-2.6609175205230713,3.95707631111145,0.559440553188324,4.062409400939941,0.7424600124359131,0.559440553188324
148.91666666666666,3.784226655960083,1.387895941734314,-0.003033287823200226,-0.005360170733183622,0.0033399935346096754,0.004762852564454079,-0.9999687075614929,-0.009561568675402608,-2.651594400405884,3.73297381401062,0.279720276594162,4.070426940917969,0.7802620530128479,0.279720276594162
148.93333333333334,3.7843940258026123,1.3878934383392334,-0.00302838534116745,-0.005322171840816736,0.0033253594301640987,0.004691814538091421,-0.9999693036079407,-0.009419081758506254,-2.64693284034729,2.768897533416748,0.139860138297081,4.075607776641846,0.47461116313934326,0.139860138297081
148.95,3.7844865322113037,1.3878921270370483,-0.003025330603122711,-0.005319997202605009,0.003311457112431526,0.0047736563719809055,-0.999968945980072,-0.009582603737696085,-2.6445982456207275,1.5228499174118042,0.0,4.077647686004639,0.345039963722229,0.0
148.96666666666667,3.7844855785369873,1.3878915309906006,-0.003020443022251129,-0.00529478071257472,0.0032912876922637224,0.004776006564497948,-0.9999691247940063,-0.009586922864434272,-2.6445982456207275,1.50535249710083,0.0,4.077654838562012,0.10364707559347153,0.0
148.98333333333332,3.784487724304199,1.3878912925720215,-0.0030265748500823975,-0.005323738791048527,0.003314428962767124,0.004764797631651163,-0.9999690055847168,-0.009564942984872279,-2.6445982456207275,1.4948925971984863,0.0,4.077768802642822,-0.08074383437633514,0.0
149.0,3.784475803375244,1.387891411781311,-0.0030273720622062683,-0.005325764417648315,0.0033209891989827156,0.004833858460187912,-0.9999685883522034,-0.009703149825075807,-2.6445982456207275,1.5902652740478516,0.0,4.076955795288086,0.3012029230594635,0.0
149.01666666666668,3.784477949142456,1.3878897428512573,-0.003020152449607849,-0.005282428115606308,0.0032911126036196947,0.004820768255740404,-0.9999690055847168,-0.009676365183816633,-2.6445982456207275,0.07802081853151321,0.0,4.077066421508789,0.02218538150191307,0.0
149.03333333333333,3.7844789028167725,1.387890338897705,-0.0030248165130615234,-0.005313261412084103,0.0033111514057964087,0.004847122821956873,-0.9999686479568481,-0.009729491261326793,-2.6445982456207275,0.28033697605133057,0.0,4.07690954208374,0.1665429323911667,0.0
149.05,3.7844808101654053,1.3878897428512573,-0.003024466335773468,-0.005312854889780283,0.0033111455850303173,0.004835252184420824,-0.9999686479568481,-0.009705746350581919,-2.6445982456207275,0.3465857207775116,0.0,4.077046871185303,-0.14159345626831055,0.0
149.06666666666666,3.784471273422241,1.3878891468048096,-0.0030254796147346497,-0.005313481204211712,0.00331862666644156,0.004925604443997145,-0.9999682307243347,-0.009886538230327039,-2.6445982456207275,0.8840880393981934,0.0,4.076120853424072,0.26366525888442993,0.0
149.08333333333334,3.784470796585083,1.3878889083862305,-0.003019265830516815,-0.005289796739816666,0.0032868077978491783,0.004923730622977018,-0.9999685287475586,-0.009882295407841066,-2.6445982456207275,0.9499928951263428,0.0,4.076153755187988,0.027393478900194168,0.0
149.1,3.784470558166504,1.3878893852233887,-0.0030257180333137512,-0.005315882153809071,0.003317851573228836,0.004944899585098028,-0.9999681711196899,-0.009925137006339565,-2.6445982456207275,0.97354656457901,0.0,4.07595157623291,0.3282330334186554,0.0
149.11666666666667,3.784470319747925,1.3878891468048096,-0.003019288182258606,-0.005292173009365797,0.0032862925436347723,0.0049471682868897915,-0.9999683499336243,-0.009929180871147553,-2.6445982456207275,1.1553783416748047,0.0,4.075973033905029,0.06796204298734665,0.0
149.13333333333333,3.784471273422241,1.3878895044326782,-0.0030258595943450928,-0.00531591335311532,0.0033185111824423075,0.004951397888362408,-0.9999680519104004,-0.00993814024344824,-2.6445982456207275,1.1958874464035034,0.0,4.075934410095215,0.09714087843894958,0.0
149.15,3.784471273422241,1.3878893852233887,-0.003023706376552582,-0.0053106858395040035,0.003303523175418377,0.004953065887093544,-0.9999681115150452,-0.009941281104391061,-2.6445982456207275,1.1703400611877441,0.0,4.075928688049316,0.1297241896390915,0.0
149.16666666666666,3.7844715118408203,1.3878891468048096,-0.003024764358997345,-0.005313264671713114,0.003310773754492402,0.004945315420627594,-0.9999681115150452,-0.009925874609810936,-2.6445982456207275,1.1601918935775757,0.0,4.075987339019775,0.005925389472395182,0.0
149.18333333333334,3.784466505050659,1.3878891468048096,-0.003024868667125702,-0.005313587840646505,0.003309262217953801,0.004989738576114178,-0.9999678730964661,-0.010014707886448598,-2.6445982456207275,1.331824541091919,0.0,4.07554817199707,0.3359752893447876,0.0
149.2,3.7844655513763428,1.3878896236419678,-0.0030197426676750183,-0.005297557450830936,0.0032863784581422806,0.0049985237419605255,-0.9999681115150452,-0.010031929720327832,-2.6445982456207275,1.521896243095398,0.0,4.075529098510742,0.09967361390590668,0.0
149.21666666666667,3.7844676971435547,1.3878892660140991,-0.0030250772833824158,-0.005315687973052263,0.0033112643286585808,0.00498702609911561,-0.9999679923057556,-0.010009319358108582,-2.6445982456207275,1.4869831800460815,0.0,4.075631618499756,-0.07600127905607224,0.0
149.23333333333332,3.7844600677490234,1.3878892660140991,-0.0030255690217018127,-0.005316156893968582,0.0033138159196823835,0.005042088218033314,-0.999967634677887,-0.010119474955333144,-2.6445982456207275,1.633653998374939,0.0,4.075018882751465,0.3307969570159912,0.0
149.25,3.7844595909118652,1.3878893852233887,-0.00301988422870636,-0.005300228018313646,0.003287716768682003,0.005053025670349598,-0.9999678134918213,-0.010140966829638378,-2.6445982456207275,1.8078274726867676,0.0,4.074990272521973,0.11368680000305176,0.0
149.26666666666668,3.7844603061676025,1.3878891468048096,-0.0030241310596466064,-0.005315741058439016,0.003305091056972742,0.0050446572713553905,-0.999967634677887,-0.010124516587325006,-2.6445982456207275,1.809889554977417,0.0,4.075067043304443,-0.023739971220493317,0.0
149.28333333333333,3.784458637237549,1.3878896236419678,-0.0030256658792495728,-0.00531851826235652,0.003313353518024087,0.005064124707132578,-0.9999674558639526,-0.010163558568182046,-2.6445982456207275,1.833155632019043,0.0,4.074828624725342,0.36454343795776367,0.0
149.3,3.7844579219818115,1.3878895044326782,-0.003019683063030243,-0.005299756303429604,0.003286785911768675,0.005074810236692429,-0.9999675750732422,-0.010184522208638193,-2.6445982456207275,2.017221212387085,0.0,4.074825286865234,0.09092799574136734,0.0
149.31666666666666,3.7844598293304443,1.3878893852233887,-0.0030239298939704895,-0.0053169080056250095,0.0033022109419107437,0.005066946614533663,-0.999967634677887,-0.010169073768746437,-2.6445982456207275,2.004192352294922,0.0,4.074899673461914,-0.01453525759279728,0.0
149.33333333333334,3.7844579219818115,1.3878895044326782,-0.003025837242603302,-0.005319897085428238,0.003314368426799774,0.005075919441878796,-0.9999674558639526,-0.010187169064174509,-2.6445982456207275,1.9620633125305176,0.0,4.074723243713379,0.32943350076675415,0.0
149.35,3.7844576835632324,1.3878895044326782,-0.0030199214816093445,-0.005301931872963905,0.0032871970906853676,0.0050728460773825645,-0.9999676942825317,-0.01018061365688448,-2.6445982456207275,1.9989382028579712,0.0,4.074836730957031,0.0930841788649559,0.0
149.36666666666667,3.7844600677490234,1.3878893852233887,-0.003023877739906311,-0.005317325703799725,0.0033006772864609957,0.00506471935659647,-0.9999675750732422,-0.01016460471241006,-2.6445982456207275,1.9745713472366333,0.0,4.07491397857666,-0.03670475631952286,0.0
149.38333333333333,3.784456253051758,1.3878895044326782,-0.0030262693762779236,-0.0053218514658510685,0.0033168320078402758,0.005089867394417524,-0.9999673962593079,-0.010215105008249887,-2.6445982456207275,2.016974449157715,0.0,4.074588298797607,0.3464691936969757,0.0
149.4,3.7844552993774414,1.3878897428512573,-0.003019757568836212,-0.005302651785314083,0.003286530263721943,0.005101087968796492,-0.9999674558639526,-0.010237094878062312,-2.6445982456207275,2.2079946994781494,0.0,4.074595928192139,0.0708475112915039,0.0
149.41666666666666,3.784456253051758,1.3878897428512573,-0.003023870289325714,-0.005319620948284864,0.003301045158877969,0.005106308963149786,-0.9999672770500183,-0.010247803384947518,-2.6445982456207275,2.2679738998413086,0.0,4.074553489685059,0.002643557032570243,0.0
149.43333333333334,3.784456491470337,1.3878895044326782,-0.003025829792022705,-0.0053206621669232845,0.0033131015952676535,0.005102523136883974,-0.9999672770500183,-0.010240368222997892,-2.6445982456207275,2.226933479309082,0.0,4.074518203735352,0.09536375105381012,0.0
149.45,3.784454822540283,1.3878896236419678,-0.0030252262949943542,-0.005319572519510984,0.0033111413940787315,0.0051084705628454685,-0.9999672770500183,-0.01025223522218149,-2.6445982456207275,2.2333858013153076,0.0,4.0744309425354,0.26021021604537964,0.0
149.46666666666667,3.7844557762145996,1.3878891468048096,-0.0030219480395317078,-0.005312675144523382,0.0032914970070123672,0.0051051112823188305,-0.9999673962593079,-0.010245260548029475,-2.6445982456207275,2.235386371612549,0.0,4.074556350708008,0.01392302569001913,0.0
149.48333333333332,3.7844576835632324,1.3878893852233887,-0.003026016056537628,-0.005322901997715235,0.0033116349950432777,0.005107776261866093,-0.9999672174453735,-0.010250873324071512,-2.6445982456207275,2.3361823558807373,0.0,4.074526309967041,0.025577282533049583,0.0
149.5,3.784451723098755,1.3878895044326782,-0.003025926649570465,-0.005322696175426245,0.003314628964290023,0.005128397140651941,-0.9999672174453735,-0.010292147696193816,-2.6445982456207275,2.253969430923462,0.0,4.074217796325684,0.3392539322376251,0.0
149.51666666666668,3.7844512462615967,1.3878898620605469,-0.0030202195048332214,-0.005307894665747881,0.003286958672106266,0.005138400010764599,-0.9999673366546631,-0.010311759872451209,-2.6445982456207275,2.4111766815185547,0.0,4.074230194091797,0.04082343354821205,0.0
149.53333333333333,3.784451961517334,1.3878896236419678,-0.0030242204666137695,-0.005322419572621584,0.0033029031474143267,0.005144148133695126,-0.999967098236084,-0.010323521514863031,-2.6445982456207275,2.512265920639038,0.0,4.074189186096191,0.006577769294381142,0.0
149.55,3.7844533920288086,1.3878896236419678,-0.003026150166988373,-0.005324923433363438,0.0033145807683467865,0.005146048963069916,-0.999967098236084,-0.010327465827929552,-2.6445982456207275,2.593039035797119,0.0,4.074150085449219,0.06195066124200821,0.0
149.56666666666666,3.7844512462615967,1.3878895044326782,-0.0030262619256973267,-0.005326532758772373,0.003315826877951622,0.00515790656208992,-0.9999669194221497,-0.010351204286220828,-2.6445982456207275,2.5760624408721924,0.0,4.073988437652588,0.3028917610645294,0.0
149.58333333333334,3.784451723098755,1.3878896236419678,-0.003022037446498871,-0.005318521987646818,0.0032939831726253033,0.005168752279132605,-0.9999670386314392,-0.010372609397511,-2.6445982456207275,2.7464256286621094,0.0,4.074038505554199,0.014293109066784382,0.0
149.6,3.784452438354492,1.3878898620605469,-0.0030255168676376343,-0.0053272489458322525,0.003310471074655652,0.005174946039915085,-0.9999669194221497,-0.010385231621429873,-2.6445982456207275,2.8743913173675537,0.0,4.073990821838379,0.009319653734564781,0.0
149.61666666666667,3.7844536304473877,1.3878897428512573,-0.0030270442366600037,-0.005329929757863283,0.0033191691618412733,0.005177360959351063,-0.9999669194221497,-0.010390173328052756,-2.6445982456207275,2.9479501247406006,-0.10862471163272858,4.073949813842773,0.09262113273143768,0.10862471163272858
149.63333333333333,3.7844297885894775,1.3878897428512573,-0.003027990460395813,-0.005340553354471922,0.0033213298302143812,0.005018339492380619,-0.999967634677887,-0.010072218556170912,-2.646406412124634,3.122223377227783,-0.16293705999851227,4.074409484863281,0.13979804515838623,0.16293705999851227
149.65,3.7844090461730957,1.3878905773162842,-0.0030261799693107605,-0.005336362402886152,0.0033124105539172888,0.004704362712800503,-0.9999691247940063,-0.009444131864898156,-2.649122476577759,3.283804178237915,-0.21724942326545715,4.075893878936768,0.135843887925148,0.21724942326545715
149.66666666666666,3.784379720687866,1.387891173362732,-0.0030282214283943176,-0.005348015110939741,0.0033182946499437094,0.004273847211152315,-0.9999709725379944,-0.008583230689499862,-2.6527464389801025,3.3466849327087402,-0.27156177163124084,4.077923774719238,0.1455116719007492,0.27156177163124084
149.68333333333334,3.784341335296631,1.3878916501998901,-0.0030282437801361084,-0.005351405590772629,0.0033158950973302126,0.003736258717253804,-0.9999731183052063,-0.0075080396089423265,-2.657270669937134,2.30808162689209,-0.32587411999702454,4.080424785614014,1.0723875761032104,0.32587411999702454
149.7,3.7843117713928223,1.387891411781311,-0.003020063042640686,-0.005301059689372778,0.0032842401415109634,0.0031678304076194763,-0.9999755024909973,-0.006370504622238407,-2.662702798843384,1.430428147315979,-0.32587411999702454,4.0833611488342285,0.29992273449897766,0.32587411999702454
149.71666666666667,3.7842938899993896,1.387888789176941,-0.0030220523476600647,-0.0053209601901471615,0.0032869670540094376,0.0025469043757766485,-0.9999772310256958,-0.005128804806102169,-2.668134927749634,2.4844508171081543,-0.4344988465309143,4.086452007293701,0.29999932646751404,0.4344988465309143
149.73333333333332,3.7842440605163574,1.3878815174102783,-0.003021247684955597,-0.005324123427271843,0.003284294158220291,0.001632788684219122,-0.9999791383743286,-0.0033005580354057247,-2.67537522315979,-1.6831438541412354,-0.488811194896698,4.091333389282227,0.5815315246582031,0.488811194896698
149.75,3.784189224243164,1.3878692388534546,-0.00302249938249588,-0.005350322462618351,0.0032833502627909184,0.0006003256421536207,-0.9999801516532898,-0.001235788324909057,-2.683523416519165,-1.62254798412323,-0.5431235432624817,4.097006797790527,0.4876091480255127,0.5431235432624817
149.76666666666668,3.7841362953186035,1.3878616094589233,-0.003026209771633148,-0.005345878191292286,0.0032923268154263496,-0.0005827453569509089,-0.9999801516532898,0.0011302916143460645,-2.6925718784332275,-2.079657793045044,-0.5974358916282654,4.103806018829346,0.4095035195350647,0.5974358916282654
149.78333333333333,3.7840991020202637,1.3878536224365234,-0.0030210018157958984,-0.00535570876672864,0.003268144093453884,-0.0018447252223268151,-0.9999785423278809,0.003654451490602953,-2.702528238296509,-0.11206655949354172,-0.6517482399940491,4.110744476318359,0.3692987859249115,0.6517482399940491
149.8,3.784062147140503,1.3878438472747803,-0.0030174702405929565,-0.005349854473024607,0.003241517348214984,-0.00329835107550025,-0.9999749660491943,0.006562040210618429,-2.713392496109009,-1.22147536277771,-0.6517482399940491,4.119621276855469,-0.1015629991889,0.6517482399940491
149.81666666666666,3.7840235233306885,1.3878326416015625,-0.003019265830516815,-0.005366722587496042,0.003241016296669841,-0.004764270037412643,-0.999968945980072,0.009493802115692498,-2.724256753921509,-1.417456865310669,-0.7603729367256165,4.128885269165039,-0.20828860998153687,0.7603729367256165
149.83333333333334,3.783978223800659,1.3878217935562134,-0.0030193105340003967,-0.005370205268263817,0.003230985254049301,-0.006421045400202274,-0.9999596476554871,0.012807493734213634,-2.736929178237915,-0.9263108372688293,-0.8146852850914001,4.139294147491455,0.13095782697200775,0.8146852850914001
149.85,3.783942461013794,1.3878129720687866,-0.003017723560333252,-0.005365253426134586,0.0032142167910933495,-0.008190889842808247,-0.9999467730522156,0.016347492697321938,-2.75050950050354,-0.18725654482841492,-0.8689976930618286,4.150577545166016,0.4703606367111206,0.8689976930618286
149.86666666666667,3.7839109897613525,1.3878065347671509,-0.00301969051361084,-0.0053750304505229,0.0032112125772982836,-0.010073204524815083,-0.9999296069145203,0.020112254846794318,-2.7649900913238525,0.2226320058107376,-0.9233100414276123,4.162744045257568,0.7814019322395325,0.9233100414276123
149.88333333333333,3.783879041671753,1.3878010511398315,-0.00301939994096756,-0.005379870068281889,0.00320063391700387,-0.012063675560057163,-0.9999076128005981,0.024093528762505517,-2.780378580093384,0.49381816387176514,-0.977622389793396,4.175808429718018,0.7316076755523682,0.977622389793396
149.9,3.783851146697998,1.387796401977539,-0.0030202344059944153,-0.0053893146105110645,0.0031905737705528736,-0.014175101183354855,-0.9998798966407776,0.02831679574881528,-2.796674966812134,0.7752160429954529,-0.977622389793396,4.189825057983398,0.8427115082740784,0.977622389793396
149.91666666666666,3.7838308811187744,1.3877923488616943,-0.003020152449607849,-0.0053959996439516544,0.0031786372419446707,-0.016308628022670746,-0.9998473525047302,0.032584434099373824,-2.812971353530884,0.8293505907058716,-1.0862470865249634,4.204166889190674,0.8550476431846619,1.0862470865249634
149.93333333333334,3.783801317214966,1.3877872228622437,-0.003021322190761566,-0.005410342942923307,0.003170396201312542,-0.01864692009985447,-0.9998064637184143,0.03726173564582347,-2.83107590675354,0.9917041063308716,-1.140559434890747,4.219686508178711,0.9193258881568909,1.140559434890747
149.95,3.783778190612793,1.387782335281372,-0.0030211880803108215,-0.005419494118541479,0.003155685495585203,-0.021124405786395073,-0.9997571110725403,0.04221778761378694,-2.850088357925415,1.4471569061279297,-1.1948717832565308,4.236363887786865,0.9933139681816101,1.1948717832565308
149.96666666666667,3.7837555408477783,1.3877781629562378,-0.0030203983187675476,-0.0054258122108876705,0.003138288389891386,-0.023739205673336983,-0.9996984601020813,0.047448853502635585,-2.8700010776519775,2.1093835830688477,-1.2491841316223145,4.253971099853516,1.124997615814209,1.2491841316223145
149.98333333333332,3.783704996109009,1.3877743482589722,-0.0030165836215019226,-0.005417868494987488,0.0031054208520799875,-0.026601025834679604,-0.9996265769004822,0.05317471244291148,-2.890821695327759,1.1463911533355713,-1.3034964799880981,4.272480010986328,1.1520615816116333,1.3034964799880981
150.0,3.7836432456970215,1.3877695798873901,-0.003014877438545227,-0.005425671581178904,0.0030815007630735636,-0.0296300258487463,-0.9995414018630981,0.05923531529197855,-2.912550210952759,1.0329382419586182,-1.3034964799880981,4.291842937469482,1.0695774555206299,1.3034964799880981
150.01666666666668,3.7835874557495117,1.3877642154693604,-0.0030145347118377686,-0.0054357959888875484,0.003060942981392145,-0.03268227353692055,-0.9994462728500366,0.06534293312887635,-2.934278726577759,1.0130996704101562,-1.3034964799880981,4.311506748199463,1.0493923425674438,1.3034964799880981
150.03333333333333,3.78353214263916,1.3877577781677246,-0.00301496684551239,-0.005450771655887365,0.003045507939532399,-0.03573844954371452,-0.999341607093811,0.07145893650737875,-2.956007242202759,0.9799799919128418,-1.3034964799880981,4.3312249183654785,1.032114028930664,1.3034964799880981
150.05,3.7834761142730713,1.3877500295639038,-0.003014668822288513,-0.005462427623569965,0.0030289432033896446,-0.038793690502643585,-0.9992277026176453,0.07757377437037166,-2.977735757827759,0.9238835573196411,-1.3034964799880981,4.350937843322754,1.0178742408752441,1.3034964799880981
150.06666666666666,3.783419132232666,1.3877408504486084,-0.0030144602060317993,-0.005474939476698637,0.003010530024766922,-0.04184820502996445,-0.999104380607605,0.08368788949719885,-2.999464273452759,0.8750407099723816,-1.3034964799880981,4.37063455581665,1.0087878704071045,1.3034964799880981
150.08333333333334,3.7833611965179443,1.387730598449707,-0.003014296293258667,-0.005487116519361734,0.0029926167335361242,-0.044902216643095016,-0.9989717602729797,0.08980177965432312,-3.021192789077759,0.8345435857772827,-1.3034964799880981,4.390316963195801,1.003074288368225,1.3034964799880981
150.1,3.7833025455474854,1.3877192735671997,-0.0030140727758407593,-0.005498754791915417,0.002974044531583786,-0.04795517399907112,-0.9988299608230591,0.0959144199445375,-3.042921304702759,0.7980373501777649,-1.3034964799880981,4.4099860191345215,1.0000416040420532,1.3034964799880981
150.11666666666667,3.783243179321289,1.3877078294754028,-0.003013983368873596,-0.0055104512721300125,0.00295781041495502,-0.05100706219673157,-0.9986786246299744,0.10202576950961782,-3.064649820327759,0.8180467486381531,-1.3034964799880981,4.429644584655762,1.0064085721969604,1.3034964799880981
150.13333333333333,3.7831850051879883,1.3876960277557373,-0.0030135661363601685,-0.005519045516848564,0.002938189310953021,-0.05405762419104576,-0.9985182285308838,0.10813548929972919,-3.086378335952759,0.8435381054878235,-1.3034964799880981,4.449306011199951,1.007515788078308,1.3034964799880981
150.15,3.78312611579895,1.3876835107803345,-0.00301332026720047,-0.005529096815735102,0.002921618986874819,-0.05710786581039429,-0.9983482956886292,0.11424551646348159,-3.108106851577759,0.8207883238792419,-1.3034964799880981,4.468964576721191,1.0031343698501587,1.3034964799880981
150.16666666666666,3.783067464828491,1.3876711130142212,-0.0030131563544273376,-0.005539635196328163,0.0029029829893261194,-0.0601574145257473,-0.9981693029403687,0.1203552679621985,-3.129835367202759,0.8338110446929932,-1.3034964799880981,4.488620758056641,1.008387804031372,1.3034964799880981
150.18333333333334,3.7830095291137695,1.3876579999923706,-0.00301283597946167,-0.0055487253703176975,0.0028861775062978268,-0.06320570409297943,-0.9979809522628784,0.12646360191508366,-3.151563882827759,0.8340181708335876,-1.3034964799880981,4.5082807540893555,1.0049893856048584,1.3034964799880981
150.2,3.782951831817627,1.3876445293426514,-0.0030126050114631653,-0.005558624863624573,0.0028680714312940836,-0.0662538930773735,-0.9977831244468689,0.13257290586147105,-3.173292398452759,0.827217698097229,-1.3034964799880981,4.527937889099121,1.0057129859924316,1.3034964799880981
150.21666666666667,3.7828941345214844,1.3876309394836426,-0.0030123665928840637,-0.005568386055529118,0.0028498561587184668,-0.06930121779441833,-0.9975761771202087,0.13868174038943284,-3.195020914077759,0.8339341282844543,-1.3034964799880981,4.547595977783203,1.006995677947998,1.3034964799880981
150.23333333333332,3.7828369140625,1.3876168727874756,-0.00301206111907959,-0.005577730946242809,0.0028306979220360518,-0.07234819233417511,-0.9973597526550293,0.14479115937404902,-3.216749429702759,0.8288539052009583,-1.3034964799880981,4.567254543304443,1.0056061744689941,1.3034964799880981
150.25,3.7827789783477783,1.3876025676727295,-0.0030118823051452637,-0.005587657913565636,0.002814294071868062,-0.07539427280426025,-0.9971341490745544,0.15090012510352233,-3.238477945327759,0.8316038250923157,-1.3034964799880981,4.586912155151367,1.005881905555725,1.3034964799880981
150.26666666666668,3.7827212810516357,1.3875877857208252,-0.0030115842819213867,-0.005596746690571308,0.0027935891412198544,-0.07843960076570511,-0.9968992471694946,0.15700903721340437,-3.260206460952759,0.8313188552856445,-1.3034964799880981,4.606570720672607,1.0068413019180298,1.3034964799880981
150.28333333333333,3.782663345336914,1.387573003768921,-0.003011375665664673,-0.005606390535831451,0.0027766507118940353,-0.08148430287837982,-0.9966550469398499,0.1631181253860276,-3.281934976577759,0.8290768265724182,-1.3034964799880981,4.626230239868164,1.0052375793457031,1.3034964799880981
150.3,3.7826058864593506,1.3875573873519897,-0.0030110999941825867,-0.00561573076993227,0.0027577828150242567,-0.08452792465686798,-0.9964014291763306,0.16922656641311012,-3.303663492202759,0.8333088159561157,-1.3034964799880981,4.6458868980407715,1.006788969039917,1.3034964799880981
150.31666666666666,3.782548666000366,1.387541651725769,-0.0030108094215393066,-0.005624894984066486,0.002739628776907921,-0.08757072687149048,-0.9961386322975159,0.1753349571831275,-3.325392007827759,0.8303859829902649,-1.3034964799880981,4.665546417236328,1.0055384635925293,1.3034964799880981
150.33333333333334,3.782491445541382,1.3875255584716797,-0.0030106082558631897,-0.005634458269923925,0.002722088247537613,-0.09061282873153687,-0.9958664178848267,0.18144355335444728,-3.347120523452759,0.8324451446533203,-1.3034964799880981,4.685204029083252,1.0062203407287598,1.3034964799880981
150.35,3.7824339866638184,1.3875091075897217,-0.0030103400349617004,-0.005643405951559544,0.002703612670302391,-0.09365398436784744,-0.9955851435661316,0.18755199759537797,-3.368849039077759,0.8325138688087463,-1.3034964799880981,4.704861164093018,1.0061150789260864,1.3034964799880981
150.36666666666667,3.782377004623413,1.387492060661316,-0.003010079264640808,-0.005652615334838629,0.0026843263767659664,-0.09669453650712967,-0.9952943325042725,0.1936609489693152,-3.390577554702759,0.8295733332633972,-1.3034964799880981,4.724518299102783,1.0061582326889038,1.3034964799880981
150.38333333333333,3.7823197841644287,1.3874750137329102,-0.0030098557472229004,-0.005661935545504093,0.002667248249053955,-0.09973395615816116,-0.9949943423271179,0.19976943151353918,-3.412306070327759,0.8326730132102966,-1.3034964799880981,4.744176864624023,1.0058790445327759,1.3034964799880981
150.4,3.7822630405426025,1.3874574899673462,-0.003009580075740814,-0.0056706639006733894,0.0026482108514755964,-0.10277248919010162,-0.9946851134300232,0.20587803154306109,-3.434034585952759,0.8320237398147583,-1.3034964799880981,4.763834476470947,1.0061558485031128,1.3034964799880981
150.41666666666666,3.7822062969207764,1.387439489364624,-0.0030093714594841003,-0.005679973866790533,0.0026313895359635353,-0.10581019520759583,-0.9943665862083435,0.21198687244795586,-3.455763101577759,0.8321378827095032,-1.3034964799880981,4.7834930419921875,1.0056216716766357,1.3034964799880981
150.43333333333334,3.782149314880371,1.3874212503433228,-0.0030090883374214172,-0.0056884074583649635,0.0026105446740984917,-0.10884679108858109,-0.9940387606620789,0.21809549850425516,-3.477491617202759,0.8311254382133484,-1.3034964799880981,4.8031511306762695,1.0068598985671997,1.3034964799880981
150.45,3.782092571258545,1.3874025344848633,-0.0030088499188423157,-0.005697373300790787,0.002592300297692418,-0.11188264936208725,-0.9937016367912292,0.22420465851702295,-3.499220132827759,0.8300701379776001,-1.3034964799880981,4.822810649871826,1.0056099891662598,1.3034964799880981
150.46666666666667,3.782036542892456,1.3873835802078247,-0.003008604049682617,-0.005706177093088627,0.002574469428509474,-0.11491690576076508,-0.9933553338050842,0.2303126980946268,-3.520948648452759,0.833102822303772,-1.3034964799880981,4.84246826171875,1.006118655204773,1.3034964799880981
150.48333333333332,3.78197979927063,1.3873640298843384,-0.003008335828781128,-0.005714770872145891,0.0025551423896104097,-0.11795034259557724,-0.992999792098999,0.2364212725665411,-3.542677164077759,0.8312202095985413,-1.3034964799880981,4.862126350402832,1.006113886833191,1.3034964799880981
150.5,3.781923532485962,1.387344241142273,-0.003008134663105011,-0.005723733454942703,0.002538240747526288,-0.12098272144794464,-0.9926348924636841,0.24252988873935552,-3.564405679702759,0.8327823281288147,-1.3034964799880981,4.881784439086914,1.005678653717041,1.3034964799880981
150.51666666666668,3.781867027282715,1.3873244524002075,-0.003007851541042328,-0.005732198245823383,0.002518763765692711,-0.12401382625102997,-0.9922606945037842,0.24863822247353734,-3.586134195327759,0.8325414657592773,-1.3034964799880981,4.9014410972595215,1.0064442157745361,1.3034964799880981
150.53333333333333,3.781810998916626,1.3873039484024048,-0.0030075982213020325,-0.005740772467106581,0.0024998497683554888,-0.12704451382160187,-0.9918771386146545,0.2547480389071468,-3.607862710952759,0.8302343487739563,-1.3034964799880981,4.921098709106445,1.0058925151824951,1.3034964799880981
150.55,3.7817554473876953,1.3872833251953125,-0.0030073970556259155,-0.005749245639890432,0.0024813804775476456,-0.13007330894470215,-0.9914845824241638,0.26085646612072017,-3.629591226577759,0.8333530426025391,-1.3034964799880981,4.940755844116211,1.0062047243118286,1.3034964799880981
150.56666666666666,3.7816991806030273,1.3872624635696411,-0.0030070841312408447,-0.005757436156272888,0.0024628075771033764,-0.13310110569000244,-0.9910825490951538,0.26696527861379604,-3.651319742202759,0.8318805694580078,-1.3034964799880981,4.960413932800293,1.0057460069656372,1.3034964799880981
150.58333333333334,3.781643867492676,1.3872411251068115,-0.003006860613822937,-0.005765964277088642,0.0024441147688776255,-0.1361277848482132,-0.9906714558601379,0.273074392876856,-3.673048257827759,0.8320487141609192,-1.3034964799880981,4.980072021484375,1.0061986446380615,1.3034964799880981
150.6,3.781588077545166,1.3872195482254028,-0.0030065998435020447,-0.0057742600329220295,0.002424410078674555,-0.13915342092514038,-0.9902510643005371,0.279183969595489,-3.694776773452759,0.8316093683242798,-1.3034964799880981,4.999730110168457,1.0063177347183228,1.3034964799880981
150.61666666666667,3.7815330028533936,1.387197494506836,-0.003006353974342346,-0.005782464053481817,0.0024059985298663378,-0.14217764139175415,-0.9898212552070618,0.2852932466762113,-3.716505289077759,0.8314864635467529,-1.3034964799880981,5.019388675689697,1.0057032108306885,1.3034964799880981
150.63333333333333,3.781477689743042,1.3871749639511108,-0.0030061304569244385,-0.005790616385638714,0.0023876556660979986,-0.14520007371902466,-0.9893825650215149,0.2914016686659937,-3.738233804702759,0.8334799408912659,-1.3034964799880981,5.039045810699463,1.006098747253418,1.3034964799880981
150.65,3.7814226150512695,1.3871523141860962,-0.0030058547854423523,-0.005798843689262867,0.0023696692660450935,-0.14822125434875488,-0.9889342784881592,0.29751019667976786,-3.759962320327759,0.8328026533126831,-1.3034964799880981,5.058703899383545,1.0057028532028198,1.3034964799880981
150.66666666666666,3.781367540359497,1.3871291875839233,-0.003005601465702057,-0.005806935951113701,0.002350007649511099,-0.1512414813041687,-0.9884769916534424,0.30361968881001533,-3.781690835952759,0.8319177627563477,-1.3034964799880981,5.078360080718994,1.0063623189926147,1.3034964799880981
150.68333333333334,3.781312942504883,1.387105941772461,-0.0030053555965423584,-0.005814794450998306,0.0023302524350583553,-0.15426038205623627,-0.9880104064941406,0.3097293375518819,-3.803419351577759,0.8314119577407837,-1.3034964799880981,5.098017692565918,1.0061492919921875,1.3034964799880981
150.7,3.7812585830688477,1.3870822191238403,-0.00300510972738266,-0.005822804756462574,0.0023120774421840906,-0.15727759897708893,-0.9875345230102539,0.31583844277827255,-3.825147867202759,0.8329108357429504,-1.3034964799880981,5.117676258087158,1.005781888961792,1.3034964799880981
150.71666666666667,3.7812042236328125,1.387058138847351,-0.0030048564076423645,-0.005830476991832256,0.002292212098836899,-0.1602933704853058,-0.9870495796203613,0.3219476547487497,-3.846876382827759,0.8319036960601807,-1.3034964799880981,5.137333393096924,1.0063194036483765,1.3034964799880981
150.73333333333332,3.7811496257781982,1.3870338201522827,-0.003004617989063263,-0.005838386714458466,0.0022740322165191174,-0.1633075475692749,-0.9865551590919495,0.32805656425294916,-3.868604898452759,0.8327833414077759,-1.3034964799880981,5.156991958618164,1.0057615041732788,1.3034964799880981
150.75,3.781095504760742,1.3870091438293457,-0.0030043572187423706,-0.005846497602760792,0.00225658155977726,-0.1663198173046112,-0.9860518574714661,0.334164767620515,-3.890333414077759,0.8344353437423706,-1.3034964799880981,5.176650524139404,1.0057395696640015,1.3034964799880981
150.76666666666668,3.781041145324707,1.3869839906692505,-0.0030040964484214783,-0.005853553302586079,0.002235441468656063,-0.16933085024356842,-0.9855393171310425,0.34027364782292036,-3.912061929702759,0.8314005136489868,-1.3034964799880981,5.1963067054748535,1.0065693855285645,1.3034964799880981
150.78333333333333,3.7809877395629883,1.3869587182998657,-0.0030038803815841675,-0.005861527286469936,0.0022169784642755985,-0.17234055697917938,-0.9850174784660339,0.3463829983674218,-3.933790445327759,0.831920862197876,-1.3034964799880981,5.215965747833252,1.0057390928268433,1.3034964799880981
150.8,3.7809343338012695,1.3869330883026123,-0.003003641963005066,-0.0058692386373877525,0.002198882168158889,-0.17534834146499634,-0.9844865202903748,0.3524917138581181,-3.955518960952759,0.834357500076294,-1.3034964799880981,5.23562479019165,1.0058244466781616,1.3034964799880981
150.81666666666666,3.780880928039551,1.3869072198867798,-0.003003343939781189,-0.005876495968550444,0.002178883645683527,-0.1783546507358551,-0.9839462041854858,0.35860072447121166,-3.977247476577759,0.8321672677993774,-1.3034964799880981,5.255281925201416,1.0062624216079712,1.3034964799880981
150.83333333333334,3.780827522277832,1.386880874633789,-0.003003127872943878,-0.0058839693665504456,0.0021588050294667482,-0.18135963380336761,-0.9833968281745911,0.36471048223385866,-3.998975992202759,0.8311049342155457,-1.3034964799880981,5.274940490722656,1.006233811378479,1.3034964799880981
150.85,3.7807745933532715,1.3868541717529297,-0.0030028894543647766,-0.005891362205147743,0.0021404556464403868,-0.1843625009059906,-0.9828383326530457,0.3708193576451684,-4.02070426940918,0.8335527777671814,-1.3034964799880981,5.294598579406738,1.005781650543213,1.3034964799880981
150.86666666666667,3.7807211875915527,1.3868271112442017,-0.0030026286840438843,-0.005898812785744667,0.002122320467606187,-0.18736322224140167,-0.9822707176208496,0.37692735346169426,-4.04243278503418,0.8343822956085205,-1.3034964799880981,5.314257621765137,1.00570547580719,1.3034964799880981
150.88333333333333,3.780668258666992,1.3867998123168945,-0.003002353012561798,-0.005905955098569393,0.002102801576256752,-0.1903623789548874,-0.9816937446594238,0.3830356768607937,-4.06416130065918,0.8329276442527771,-1.3034964799880981,5.333914756774902,1.0061949491500854,1.3034964799880981
150.9,3.7806150913238525,1.3867721557617188,-0.0030021145939826965,-0.005913191474974155,0.002082809340208769,-0.19335997104644775,-0.981107771396637,0.38914450310697085,-4.08588981628418,0.8321206569671631,-1.3034964799880981,5.353572845458984,1.0061731338500977,1.3034964799880981
150.91666666666666,3.780562400817871,1.3867441415786743,-0.0030019059777259827,-0.0059206075966358185,0.002064894884824753,-0.19635559618473053,-0.9805126786231995,0.39525298040367146,-4.10761833190918,0.8339446783065796,-1.3034964799880981,5.37322998046875,1.0056679248809814,1.3034964799880981
150.93333333333334,3.7805097103118896,1.3867158889770508,-0.0030016079545021057,-0.005927485879510641,0.0020455103367567062,-0.19934949278831482,-0.979908287525177,0.40136163375639766,-4.12934684753418,0.8338449597358704,-1.3034964799880981,5.392888069152832,1.006106972694397,1.3034964799880981
150.95,3.7804577350616455,1.3866875171661377,-0.0030013546347618103,-0.0059344032779335976,0.0020251525565981865,-0.2023419737815857,-0.9792948365211487,0.40747126473713763,-4.15107536315918,0.8315563797950745,-1.3034964799880981,5.412546634674072,1.0061956644058228,1.3034964799880981
150.96666666666667,3.7804055213928223,1.3866585493087769,-0.0030011385679244995,-0.005941637791693211,0.002007331931963563,-0.20533181726932526,-0.9786723256111145,0.4135793147402784,-4.17280387878418,0.8343827128410339,-1.3034964799880981,5.432204246520996,1.0057005882263184,1.3034964799880981
150.98333333333332,3.780353307723999,1.3866292238235474,-0.0030008628964424133,-0.005947814788669348,0.0019859285093843937,-0.20831987261772156,-0.9780406951904297,0.4196876690659552,-4.19453239440918,0.8324601054191589,-1.3034964799880981,5.4518609046936035,1.0065209865570068,1.3034964799880981
151.0,3.780301570892334,1.3865998983383179,-0.0030006244778633118,-0.005954957567155361,0.00196673721075058,-0.21130646765232086,-0.9773997068405151,0.42579694083049785,-4.21626091003418,0.8314515948295593,-1.3034964799880981,5.47152042388916,1.0057462453842163,1.3034964799880981
151.01666666666668,3.7802505493164062,1.386569857597351,-0.003000408411026001,-0.005962117575109005,0.001948987366631627,-0.21429061889648438,-0.9767497777938843,0.4319052633939845,-4.23798942565918,0.8354166150093079,-1.3034964799880981,5.491178035736084,1.0058298110961914,1.3034964799880981
151.03333333333333,3.7801995277404785,1.3865396976470947,-0.003000117838382721,-0.005968601442873478,0.0019295518286526203,-0.2172730416059494,-0.9760905504226685,0.4380141046906085,-4.25971794128418,0.833827018737793,-1.3034964799880981,5.510836124420166,1.0059458017349243,1.3034964799880981
151.05,3.780148506164551,1.3865091800689697,-0.0029998570680618286,-0.005975236184895039,0.001909597311168909,-0.22025354206562042,-0.9754224419593811,0.44412326190551166,-4.28144645690918,0.8325574994087219,-1.3034964799880981,5.530494213104248,1.0061650276184082,1.3034964799880981
151.06666666666666,3.780097484588623,1.3864784240722656,-0.002999626100063324,-0.005981625989079475,0.001889462466351688,-0.22323179244995117,-0.9747452139854431,0.4502319963153764,-4.30317497253418,0.8328744769096375,-1.3034964799880981,5.550152778625488,1.0061428546905518,1.3034964799880981
151.08333333333334,3.780046224594116,1.3864474296569824,-0.0029994025826454163,-0.0059882705099880695,0.0018706475384533405,-0.22620806097984314,-0.9740588068962097,0.45634090152920354,-4.32490348815918,0.8334405422210693,-1.3034964799880981,5.5698113441467285,1.005739450454712,1.3034964799880981
151.1,3.7799954414367676,1.386415958404541,-0.002999141812324524,-0.005994483828544617,0.0018503526225686073,-0.2291821539402008,-0.9733633995056152,0.4624497145592074,-4.34663200378418,0.8332634568214417,-1.3034964799880981,5.589468955993652,1.0062710046768188,1.3034964799880981
151.11666666666667,3.779945135116577,1.386384129524231,-0.002998858690261841,-0.006000877358019352,0.0018311808817088604,-0.23215405642986298,-0.9726586937904358,0.46855831583484225,-4.36836051940918,0.8331930637359619,-1.3034964799880981,5.609127521514893,1.0057955980300903,1.3034964799880981
151.13333333333333,3.7798948287963867,1.3863521814346313,-0.00299864262342453,-0.006007198244333267,0.0018116674618795514,-0.23512370884418488,-0.9719452261924744,0.47466686668823366,-4.39008903503418,0.8339296579360962,-1.3034964799880981,5.628785133361816,1.0060474872589111,1.3034964799880981
151.15,3.7798447608947754,1.386319637298584,-0.002998366951942444,-0.006013420410454273,0.0017919095698744059,-0.23809145390987396,-0.9712223410606384,0.4807758907117782,-4.41181755065918,0.8332557082176208,-1.3034964799880981,5.64844274520874,1.0059905052185059,1.3034964799880981
151.16666666666666,3.779794692993164,1.386286973953247,-0.002998143434524536,-0.006019844673573971,0.001773088239133358,-0.24105672538280487,-0.9704906940460205,0.4868844871600031,-4.43354606628418,0.8342009782791138,-1.3034964799880981,5.668100833892822,1.005817174911499,1.3034964799880981
151.18333333333334,3.7797446250915527,1.386254072189331,-0.00299786776304245,-0.006025929003953934,0.0017535220831632614,-0.24401967227458954,-0.969749927520752,0.4929928973939645,-4.45527458190918,0.8342751264572144,-1.3034964799880981,5.687757968902588,1.0060203075408936,1.3034964799880981
151.2,3.779695987701416,1.3862208127975464,-0.002997651696205139,-0.00603198166936636,0.0017337127355858684,-0.246980682015419,-0.9690000414848328,0.4991020146429188,-4.47700309753418,0.8334195613861084,-1.3034964799880981,5.70741605758667,1.0060324668884277,1.3034964799880981
151.21666666666667,3.779646873474121,1.386187195777893,-0.002997390925884247,-0.006037849932909012,0.0017136763781309128,-0.24993914365768433,-0.9682411551475525,0.505210620790625,-4.49873161315918,0.8332788348197937,-1.3034964799880981,5.727074146270752,1.0060673952102661,1.3034964799880981
151.23333333333332,3.779597759246826,1.3861533403396606,-0.002997100353240967,-0.006043593864887953,0.0016929081175476313,-0.2528957426548004,-0.9674732089042664,0.5113202436235023,-4.52046012878418,0.8323410749435425,-1.3034964799880981,5.746732234954834,1.0062000751495361,1.3034964799880981
151.25,3.7795486450195312,1.3861193656921387,-0.00299689918756485,-0.006049619521945715,0.001673927647061646,-0.25584936141967773,-0.9666962623596191,0.5174285091123753,-4.54218864440918,0.8338680267333984,-1.3034964799880981,5.766390323638916,1.0057507753372192,1.3034964799880981
151.26666666666668,3.7795000076293945,1.3860849142074585,-0.0029966384172439575,-0.00605564471334219,0.0016551375156268477,-0.25880056619644165,-0.9659103155136108,0.5235367199680062,-4.56391716003418,0.8355696797370911,-1.3034964799880981,5.7860493659973145,1.0057868957519531,1.3034964799880981
151.28333333333333,3.779451847076416,1.3860502243041992,-0.002996377646923065,-0.006061189342290163,0.0016350237419828773,-0.2617495059967041,-0.9651154279708862,0.5296452993327926,-4.58564567565918,0.8335492014884949,-1.3034964799880981,5.80570650100708,1.0060524940490723,1.3034964799880981
151.3,3.7794032096862793,1.3860152959823608,-0.002996101975440979,-0.0060667130164802074,0.0016142679378390312,-0.264696329832077,-0.9643113017082214,0.5357544926096011,-4.60737419128418,0.833119809627533,-1.3034964799880981,5.825363636016846,1.0063180923461914,1.3034964799880981
151.31666666666666,3.7793548107147217,1.3859797716140747,-0.002995885908603668,-0.006072441581636667,0.0015951419482007623,-0.26764044165611267,-0.9634984135627747,0.5418632473093637,-4.62910270690918,0.8340863585472107,-1.3034964799880981,5.845021724700928,1.0057108402252197,1.3034964799880981
151.33333333333334,3.7793071269989014,1.3859442472457886,-0.002995625138282776,-0.006077778059989214,0.0015747359720990062,-0.27058202028274536,-0.9626763463020325,0.5479718442286787,-4.65083122253418,0.8339827060699463,-1.3034964799880981,5.864679336547852,1.0061348676681519,1.3034964799880981
151.35,3.77925968170166,1.3859084844589233,-0.0029953867197036743,-0.0060833222232759,0.0015550258103758097,-0.2735210061073303,-0.9618455171585083,0.5540803847404288,-4.67255973815918,0.833594799041748,-1.3034964799880981,5.884336948394775,1.0058327913284302,1.3034964799880981
151.36666666666667,3.779212713241577,1.3858721256256104,-0.0029951483011245728,-0.006088992580771446,0.0015360977267846465,-0.27645739912986755,-0.961005687713623,0.5601888152208125,-4.69428825378418,0.8354725241661072,-1.3034964799880981,5.903995037078857,1.0058419704437256,1.3034964799880981
151.38333333333333,3.779165506362915,1.3858356475830078,-0.0029948726296424866,-0.006094053853303194,0.0015152847627177835,-0.2793913185596466,-0.9601566791534424,0.5662973930337976,-4.71601676940918,0.8334621787071228,-1.3034964799880981,5.923652172088623,1.0062261819839478,1.3034964799880981
151.4,3.779118776321411,1.3857991695404053,-0.002994649112224579,-0.006099510472267866,0.001496173208579421,-0.2823224663734436,-0.9592990279197693,0.5724057384806109,-4.73774528503418,0.8341967463493347,-1.3034964799880981,5.943310260772705,1.0057584047317505,1.3034964799880981
151.41666666666666,3.7790720462799072,1.3857619762420654,-0.002994343638420105,-0.006104614585638046,0.0014756271848455071,-0.2852509319782257,-0.9584322571754456,0.5785139048520703,-4.75947380065918,0.8345166444778442,-1.3034964799880981,5.9629693031311035,1.0062142610549927,1.3034964799880981
151.43333333333334,3.7790257930755615,1.3857247829437256,-0.002994135022163391,-0.006109920330345631,0.0014563716249540448,-0.2881769835948944,-0.9575565457344055,0.5846226115578966,-4.78120231628418,0.8337407112121582,-1.3034964799880981,5.9826273918151855,1.0056391954421997,1.3034964799880981
151.45,3.7789793014526367,1.3856871128082275,-0.0029938966035842896,-0.00611496064811945,0.0014364169910550117,-0.2911002039909363,-0.956671953201294,0.5907310292428183,-4.80293083190918,0.835291862487793,-1.3034964799880981,6.002285003662109,1.0062284469604492,1.3034964799880981
151.46666666666667,3.778933048248291,1.38564932346344,-0.002993643283843994,-0.006120079662650824,0.0014164433814585209,-0.29402077198028564,-0.9557784199714661,0.5968395799200835,-4.82465934753418,0.8336799740791321,-1.3034964799880981,6.02194356918335,1.0057770013809204,1.3034964799880981
151.48333333333332,3.7788872718811035,1.3856111764907837,-0.002993367612361908,-0.006124791689217091,0.0013958219205960631,-0.29693853855133057,-0.9548758268356323,0.6029479338264518,-4.84638786315918,0.8336648941040039,-1.3034964799880981,6.041600704193115,1.006224513053894,1.3034964799880981
151.5,3.7788422107696533,1.385572910308838,-0.0029931291937828064,-0.006129708141088486,0.0013759699650108814,-0.2998534142971039,-0.9539645314216614,0.6090561095305841,-4.86811637878418,0.8346048593521118,-1.3034964799880981,6.061258792877197,1.0058586597442627,1.3034964799880981
151.51666666666668,3.778796672821045,1.3855340480804443,-0.002992890775203705,-0.006134798750281334,0.0013567411806434393,-0.3027655780315399,-0.9530442953109741,0.6151644507563002,-4.88984489440918,0.8347727656364441,-1.3034964799880981,6.080916881561279,1.005704402923584,1.3034964799880981
151.53333333333333,3.778751850128174,1.3854950666427612,-0.0029926374554634094,-0.006139309611171484,0.0013358921278268099,-0.30567488074302673,-0.9521152377128601,0.6212727550396782,-4.91157341003418,0.8344346284866333,-1.3034964799880981,6.100574016571045,1.0063477754592896,1.3034964799880981
151.55,3.7787067890167236,1.3854557275772095,-0.002992391586303711,-0.006144361104816198,0.001316855545155704,-0.30858105421066284,-0.951177179813385,0.6273803566663247,-4.93330192565918,0.8348252773284912,-1.3034964799880981,6.120232105255127,1.0055302381515503,1.3034964799880981
151.56666666666666,3.7786624431610107,1.385416030883789,-0.0029921233654022217,-0.006148701999336481,0.001295932219363749,-0.3114846348762512,-0.9502303600311279,0.6334886731896807,-4.95503044128418,0.8345754146575928,-1.3034964799880981,6.139889240264893,1.0063632726669312,1.3034964799880981
151.58333333333334,3.778618574142456,1.385376214981079,-0.0029918625950813293,-0.006153542082756758,0.0012765692081302404,-0.31438547372817993,-0.949274480342865,0.639597251106857,-4.97675895690918,0.8342308402061462,-1.3034964799880981,6.159547328948975,1.0056047439575195,1.3034964799880981
151.6,3.778573989868164,1.3853360414505005,-0.002991609275341034,-0.006157814059406519,0.0012559641618281603,-0.31728315353393555,-0.9483100175857544,0.64570546080371,-4.99848747253418,0.8349841833114624,-1.3034964799880981,6.179204940795898,1.0062201023101807,1.3034964799880981
151.61666666666667,3.7785298824310303,1.3852957487106323,-0.002991408109664917,-0.006162690930068493,0.001236675656400621,-0.32017794251441956,-0.9473366141319275,0.6518137686533888,-5.02021598815918,0.8351820111274719,-1.3034964799880981,6.198863506317139,1.005614161491394,1.3034964799880981
151.63333333333333,3.778486490249634,1.385254979133606,-0.002991132438182831,-0.006166917737573385,0.001216638833284378,-0.32306969165802,-0.9463542699813843,0.657921907740517,-5.04194450378418,0.8354396820068359,-1.3034964799880981,6.218520641326904,1.0060811042785645,1.3034964799880981
151.65,3.7784433364868164,1.3852139711380005,-0.0029908791184425354,-0.006170943845063448,0.0011959020048379898,-0.3259586691856384,-0.9453631639480591,0.6640306392198376,-5.06367301940918,0.8343577980995178,-1.3034964799880981,6.23817777633667,1.0060300827026367,1.3034964799880981
151.66666666666666,3.778399705886841,1.3851728439331055,-0.002990633249282837,-0.006175361108034849,0.0011762080248445272,-0.3288443386554718,-0.9443631768226624,0.6701387173456048,-5.08540153503418,0.8349030613899231,-1.3034964799880981,6.257835865020752,1.005814790725708,1.3034964799880981
151.68333333333334,3.7783567905426025,1.3851314783096313,-0.0029903724789619446,-0.006179380230605602,0.0011555853998288512,-0.33172714710235596,-0.9433543682098389,0.6762472698322167,-5.10713005065918,0.8350452184677124,-1.3034964799880981,6.277493000030518,1.00615394115448,1.3034964799880981
151.7,3.7783138751983643,1.3850897550582886,-0.002990126609802246,-0.006183839403092861,0.00113601831253618,-0.33460691571235657,-0.9423367381095886,0.6823559293015268,-5.12885856628418,0.8345013856887817,-1.3034964799880981,-6.269220352172852,1.0056461095809937,1.3034964799880981
151.71666666666667,3.778271198272705,1.3850477933883667,-0.0029898807406425476,-0.006187583785504103,0.0011149931233376265,-0.33748337626457214,-0.9413105249404907,0.688464276827743,-5.15058708190918,0.8345595002174377,-1.3034964799880981,-6.249563694000244,1.0063259601593018,1.3034964799880981
151.73333333333332,3.778229236602783,1.3850053548812866,-0.002989649772644043,-0.006192136090248823,0.0010961955413222313,-0.3403564989566803,-0.9402753114700317,0.694572053331228,-5.17231559753418,0.8356541395187378,-1.3034964799880981,-6.229904651641846,1.0054751634597778,1.3034964799880981
151.75,3.7781872749328613,1.384962797164917,-0.002989374101161957,-0.006195686291903257,0.0010755473049357533,-0.3432267904281616,-0.9392315149307251,0.7006807374456423,-5.19404411315918,0.8357565402984619,-1.3034964799880981,-6.210246562957764,1.006196141242981,1.3034964799880981
151.76666666666668,3.7781457901000977,1.3849200010299683,-0.0029891133308410645,-0.006199347786605358,0.0010546277044340968,-0.3460938632488251,-0.9381787180900574,0.7067892589383109,-5.21577262878418,0.8336081504821777,-1.3034964799880981,-6.19058895111084,1.0059020519256592,1.3034964799880981
151.78333333333333,3.778104543685913,1.3848772048950195,-0.0029888972640037537,-0.006203486584126949,0.001035088556818664,-0.3489575684070587,-0.9371173977851868,0.7128975664151137,-5.23750114440918,0.8360062837600708,-1.3034964799880981,-6.170929908752441,1.005836009979248,1.3034964799880981
151.8,3.7780630588531494,1.3848339319229126,-0.0029886290431022644,-0.006207152269780636,0.0010148041183128953,-0.3518179655075073,-0.9360471963882446,0.7190056816576204,-5.25922966003418,0.8352861404418945,-1.3034964799880981,-6.151273250579834,1.005915641784668,1.3034964799880981
151.81666666666666,3.778022289276123,1.3847905397415161,-0.002988383173942566,-0.00621061073616147,0.0009942312026396394,-0.35467529296875,-0.9349684119224548,0.7251143731484809,-5.28095817565918,0.8344636559486389,-1.3034964799880981,-6.131615161895752,1.005995750427246,1.3034964799880981
151.83333333333334,3.777981996536255,1.384746789932251,-0.0029881298542022705,-0.006213918793946505,0.0009732216130942106,-0.35752928256988525,-0.9338808059692383,0.7312229466642932,-5.30268669128418,0.8345831632614136,-1.3034964799880981,-6.11195707321167,1.0061430931091309,1.3034964799880981
151.85,3.777941942214966,1.3847026824951172,-0.002987898886203766,-0.006217891350388527,0.0009539991151541471,-0.36037948727607727,-0.9327846169471741,0.7373305191654552,-5.32441520690918,0.8357203602790833,-1.3034964799880981,-6.092297554016113,1.0054882764816284,1.3034964799880981
151.86666666666667,3.777902364730835,1.3846584558486938,-0.0029876455664634705,-0.006221133284270763,0.0009330094326287508,-0.36322665214538574,-0.9316796064376831,0.7434387944884725,-5.34614372253418,0.835458517074585,-1.3034964799880981,-6.0726399421691895,1.0062679052352905,1.3034964799880981
151.88333333333333,3.777862548828125,1.384614109992981,-0.002987384796142578,-0.0062247696332633495,0.0009135371074080467,-0.36607033014297485,-0.9305657744407654,0.7495467556794528,-5.36787223815918,0.8356872797012329,-1.3034964799880981,-6.052981853485107,1.0056196451187134,1.3034964799880981
151.9,3.7778232097625732,1.3845694065093994,-0.002987124025821686,-0.00622779643163085,0.0008924038847908378,-0.36891064047813416,-0.9294435977935791,0.7556550184278221,-5.38960075378418,0.8351108431816101,-1.3034964799880981,-6.0333251953125,1.0062694549560547,1.3034964799880981
151.91666666666666,3.7777841091156006,1.3845247030258179,-0.0029868781566619873,-0.006231398321688175,0.0008729171240702271,-0.37174737453460693,-0.9283125400543213,0.7617628351637279,-5.41132926940918,0.8353967666625977,-1.3034964799880981,-6.013667106628418,1.005558729171753,1.3034964799880981
151.93333333333334,3.777745008468628,1.3844796419143677,-0.002986617386341095,-0.006234418135136366,0.000852265628054738,-0.3745807111263275,-0.9271729588508606,0.7678708978840183,-5.43305778503418,0.8360371589660645,-1.3034964799880981,-5.994009494781494,1.0061631202697754,1.3034964799880981
151.95,3.7777066230773926,1.3844341039657593,-0.0029863864183425903,-0.0062375497072935104,0.0008319446351379156,-0.3774106502532959,-0.9260246157646179,0.773979125666936,-5.45478630065918,0.8350133895874023,-1.3034964799880981,-5.974351406097412,1.005785346031189,1.3034964799880981
151.96666666666667,3.7776684761047363,1.3843885660171509,-0.002986140549182892,-0.0062405942007899284,0.0008111401693895459,-0.38023698329925537,-0.9248676896095276,0.7800871816119703,-5.47651481628418,0.8352629542350769,-1.3034964799880981,-5.954692840576172,1.0061349868774414,1.3034964799880981
151.98333333333332,3.77763032913208,1.384342908859253,-0.002985909581184387,-0.00624397536739707,0.0007918750634416938,-0.3830595016479492,-0.9237021803855896,0.7861946094028308,-5.49824333190918,0.8364406824111938,-1.3034964799880981,-5.935034275054932,1.0055127143859863,1.3034964799880981
152.0,3.777592420578003,1.3842967748641968,-0.002985633909702301,-0.006246612407267094,0.0007706098258495331,-0.3858787417411804,-0.9225280284881592,0.7923027390634408,-5.51997184753418,0.8353733420372009,-1.3034964799880981,-5.915376663208008,1.0062941312789917,1.3034964799880981
152.01666666666668,3.777554750442505,1.3842506408691406,-0.0029853880405426025,-0.006249101832509041,0.0007495897589251399,-0.3886944055557251,-0.9213451743125916,0.7984108691295355,-5.54170036315918,0.8342831134796143,-1.3034964799880981,-5.895718097686768,1.005955457687378,1.3034964799880981
152.03333333333333,3.777517557144165,1.3842040300369263,-0.002985149621963501,-0.006252162158489227,0.0007295830873772502,-0.3915064036846161,-0.9201538562774658,0.8045189656498802,-5.56342887878418,0.8361439108848572,-1.3034964799880981,-5.876059532165527,1.0058337450027466,1.3034964799880981
152.05,3.7774810791015625,1.384157419204712,-0.0029848963022232056,-0.00625530444085598,0.0007101530209183693,-0.3943144977092743,-0.9189538359642029,0.8106263847529162,-5.58515739440918,0.836712121963501,-1.3034964799880981,-5.856400489807129,1.0055876970291138,1.3034964799880981
152.06666666666666,3.777444839477539,1.384110450744629,-0.00298464298248291,-0.006257887929677963,0.0006895170081406832,-0.3971192240715027,-0.9177454710006714,0.8167346817051719,-5.60688591003418,0.8363251686096191,-1.3034964799880981,-5.836742401123047,1.0060832500457764,1.3034964799880981
152.08333333333334,3.7774085998535156,1.3840631246566772,-0.0029844045639038086,-0.006260465830564499,0.0006692938040941954,-0.39992013573646545,-0.9165284633636475,0.8228426635950107,-5.62861442565918,0.8359493017196655,-1.3034964799880981,-5.817084789276123,1.0057849884033203,1.3034964799880981
152.1,3.7773728370666504,1.3840157985687256,-0.002984151244163513,-0.006263150367885828,0.0006489630322903395,-0.4027174413204193,-0.9153026938438416,0.8289508300743532,-5.65034294128418,0.8363807201385498,-1.3034964799880981,-5.797425746917725,1.0059505701065063,1.3034964799880981
152.11666666666667,3.7773373126983643,1.3839682340621948,-0.0029838457703590393,-0.006265303585678339,0.0006279575172811747,-0.405510812997818,-0.9140685200691223,0.8350586425634918,-5.67207145690918,0.8352617621421814,-1.3034964799880981,-5.777767658233643,1.005984902381897,1.3034964799880981
152.13333333333333,3.7773022651672363,1.383920431137085,-0.0029836148023605347,-0.006267595570534468,0.0006068921647965908,-0.4083007574081421,-0.9128257036209106,0.8411672545926342,-5.69379997253418,0.8352105617523193,-1.3034964799880981,-5.758109092712402,1.0059822797775269,1.3034964799880981
152.15,3.77726674079895,1.3838722705841064,-0.00298338383436203,-0.006270225625485182,0.0005872955080121756,-0.4110865890979767,-0.9115744829177856,0.8472751761764031,-5.71552848815918,0.8370265960693359,-1.3034964799880981,-5.738450050354004,1.0055780410766602,1.3034964799880981
152.16666666666666,3.7772316932678223,1.3838239908218384,-0.00298309326171875,-0.006272193044424057,0.0005660163005813956,-0.4138687551021576,-0.910314679145813,0.8533834767474363,-5.73725700378418,0.835586428642273,-1.3034964799880981,-5.71879243850708,1.0061970949172974,1.3034964799880981
152.18333333333334,3.7771973609924316,1.3837753534317017,-0.002982877194881439,-0.006274242885410786,0.0005454199854284525,-0.41664692759513855,-0.9090465307235718,0.8594915267014562,-5.75898551940918,0.835900068283081,-1.3034964799880981,-5.699133396148682,1.005738615989685,1.3034964799880981
152.2,3.77716326713562,1.3837264776229858,-0.002982623875141144,-0.0062768422067165375,0.0005257717566564679,-0.41942134499549866,-0.9077696800231934,0.8655997697969985,-5.78071403503418,0.8371944427490234,-1.3034964799880981,-5.679474830627441,1.0057079792022705,1.3034964799880981
152.21666666666667,3.7771294116973877,1.38367760181427,-0.0029823705554008484,-0.0062788561917841434,0.0005053268978372216,-0.4221918284893036,-0.9064845442771912,0.87170806453195,-5.80244255065918,0.8370410799980164,-1.3034964799880981,-5.659816265106201,1.0058547258377075,1.3034964799880981
152.23333333333332,3.7770957946777344,1.383628487586975,-0.002982102334499359,-0.006280547007918358,0.00048400089144706726,-0.4249584376811981,-0.9051908254623413,0.8778164529622067,-5.82417106628418,0.8350012302398682,-1.3034964799880981,-5.640158653259277,1.0061122179031372,1.3034964799880981
152.25,3.777061939239502,1.3835793733596802,-0.0029818788170814514,-0.006282271817326546,0.00046286091674119234,-0.4277210533618927,-0.9038888812065125,0.8839248858221681,-5.84589958190918,0.8357680439949036,-1.3034964799880981,-5.620500087738037,1.0060263872146606,1.3034964799880981
152.26666666666668,3.777029037475586,1.3835296630859375,-0.002981632947921753,-0.006284227129071951,0.00044259405694901943,-0.4304792582988739,-0.9025784134864807,0.8900322210502957,-5.86762809753418,0.8358982801437378,-1.3034964799880981,-5.600841999053955,1.0056577920913696,1.3034964799880981
152.28333333333333,3.776996374130249,1.3834799528121948,-0.0029813796281814575,-0.006286391988396645,0.00042296270839869976,-0.4332336187362671,-0.9012596011161804,0.8961400119301055,-5.88935661315918,0.8377284407615662,-1.3034964799880981,-5.581182956695557,1.0057647228240967,1.3034964799880981
152.3,3.7769641876220703,1.383430004119873,-0.002981133759021759,-0.006287814117968082,0.0004015312297269702,-0.4359839856624603,-0.899932324886322,0.9022478998168344,-5.91108512878418,0.8356205821037292,-1.3034964799880981,-5.561525344848633,1.0061849355697632,1.3034964799880981
152.31666666666666,3.7769322395324707,1.3833798170089722,-0.0029808729887008667,-0.006289818324148655,0.00038192886859178543,-0.43873023986816406,-0.8985967040061951,0.9083556859236857,-5.93281364440918,0.8366718888282776,-1.3034964799880981,-5.541866779327393,1.0055335760116577,1.3034964799880981
152.33333333333334,3.776900291442871,1.3833296298980713,-0.002980627119541168,-0.006291130557656288,0.00036092125810682774,-0.4414723217487335,-0.8972526788711548,0.9144632675802921,-5.95454216003418,0.8371524810791016,-1.3034964799880981,-5.522209167480469,1.006158709526062,1.3034964799880981
152.35,3.7768683433532715,1.3832789659500122,-0.002980373799800873,-0.00629226490855217,0.000339571968652308,-0.44421064853668213,-0.8959001302719116,0.920571672171328,-5.97627067565918,0.8347923755645752,-1.3034964799880981,-5.502551555633545,1.005926489830017,1.3034964799880981
152.36666666666667,3.776837110519409,1.383228063583374,-0.002980150282382965,-0.006294588092714548,0.00032033142633736134,-0.4469444453716278,-0.894539475440979,0.9266792299169023,-5.99799919128418,0.8374860882759094,-1.3034964799880981,-5.482892036437988,1.0056085586547852,1.3034964799880981
152.38333333333333,3.776806354522705,1.3831772804260254,-0.002979874610900879,-0.006295541301369667,0.0002990975044667721,-0.4496743977069855,-0.8931702971458435,0.9327875155058043,-6.01972770690918,0.8367065787315369,-1.3034964799880981,-5.463234901428223,1.0061296224594116,1.3034964799880981
152.4,3.776776075363159,1.3831263780593872,-0.0029796287417411804,-0.006296949926763773,0.000278863706625998,-0.452399879693985,-0.891792893409729,0.9388951572823867,-6.04145622253418,0.8362132906913757,-1.3034964799880981,-5.443576812744141,1.0056297779083252,1.3034964799880981
152.41666666666666,3.7767460346221924,1.3830749988555908,-0.002979382872581482,-0.006297986954450607,0.00025758589617908,-0.45512157678604126,-0.8904070258140564,0.9450038209274929,-6.06318473815918,0.8370218873023987,-1.3034964799880981,-5.423919200897217,1.006136417388916,1.3034964799880981
152.43333333333334,3.7767159938812256,1.3830235004425049,-0.0029791519045829773,-0.006299643777310848,0.00023789249826222658,-0.4578385055065155,-0.8890130519866943,0.9511112614438979,-6.08491325378418,0.8365545272827148,-1.3034964799880981,-5.404260635375977,1.0054514408111572,1.3034964799880981
152.45,3.776686668395996,1.3829718828201294,-0.0029788613319396973,-0.006300326436758041,0.00021654553711414337,-0.46055129170417786,-0.8876106142997742,0.9572189418727158,-6.10664176940918,0.8369752764701843,-1.3034964799880981,-5.384603977203369,1.0063660144805908,1.3034964799880981
152.46666666666667,3.7766573429107666,1.3829200267791748,-0.0029786303639411926,-0.0063016945496201515,0.00019648403394967318,-0.46325960755348206,-0.8862001895904541,0.963326324062067,-6.12837028503418,0.8369554281234741,-1.3034964799880981,-5.364943981170654,1.0054004192352295,1.3034964799880981
152.48333333333332,3.776627540588379,1.3828679323196411,-0.0029783695936203003,-0.006302510388195515,0.0001756991259753704,-0.465963751077652,-0.8847813010215759,0.969433979721908,-6.15009880065918,0.836946427822113,-1.3034964799880981,-5.345287322998047,1.0060659646987915,1.3034964799880981
152.5,3.776599407196045,1.382815957069397,-0.002978123724460602,-0.006303384900093079,0.00015476997941732407,-0.46866363286972046,-0.8833541870117188,0.975541863162582,-6.17182731628418,0.836627721786499,-1.3034964799880981,-5.325629234313965,1.0059658288955688,1.3034964799880981
152.51666666666668,3.776571035385132,1.3827635049819946,-0.0029778704047203064,-0.006304561160504818,0.0001348922960460186,-0.4713590443134308,-0.8819187879562378,0.9816494620569606,-6.19355583190918,0.837019681930542,-1.3034964799880981,-5.305970668792725,1.0055978298187256,1.3034964799880981
152.53333333333333,3.776543140411377,1.3827110528945923,-0.002977631986141205,-0.006305010057985783,0.00011356314644217491,-0.4740501046180725,-0.8804753422737122,0.9877572777132135,-6.21528434753418,0.8369095921516418,-1.3034964799880981,-5.286313056945801,1.0062350034713745,1.3034964799880981
152.55,3.776515483856201,1.3826583623886108,-0.0029773712158203125,-0.006306337658315897,9.395985398441553e-05,-0.47673657536506653,-0.8790234923362732,0.9938645501861191,-6.23701286315918,0.8373705744743347,-1.3034964799880981,-5.266654014587402,1.0054117441177368,1.3034964799880981
152.56666666666666,3.7764878273010254,1.3826055526733398,-0.002977132797241211,-0.006306625436991453,7.265538442879915e-05,-0.4794188439846039,-0.8775635361671448,0.9999725050967456,-6.25874137878418,0.8371564149856567,-1.3034964799880981,-5.2469964027404785,1.0062588453292847,1.3034964799880981
152.58333333333334,3.776461362838745,1.3825526237487793,-0.0029768571257591248,-0.006306988187134266,5.1747425459325314e-05,-0.482096791267395,-0.8760952353477478,1.0060807596368777,-6.28046989440918,0.8359073996543884,-1.3034964799880981,-5.227338790893555,1.0057827234268188,1.3034964799880981
152.6,3.7764344215393066,1.3824994564056396,-0.00297662615776062,-0.006307588890194893,3.135832957923412e-05,-0.48477011919021606,-0.8746187686920166,1.0121886988508506,6.264172554016113,0.837317705154419,-1.3034964799880981,-5.207680702209473,1.0058364868164062,1.3034964799880981
152.61666666666667,3.776407241821289,1.382446050643921,-0.0029763728380203247,-0.006308301351964474,1.078587956726551e-05,-0.48743894696235657,-0.8731342554092407,1.0182967509054068,6.242444038391113,0.8373454213142395,-1.3034964799880981,-5.188022613525391,1.0058391094207764,1.3034964799880981
152.63333333333333,3.7763803005218506,1.3823925256729126,-0.0029761046171188354,-0.0063081588596105576,-1.0470743291079998e-05,-0.49010324478149414,-0.8716414570808411,1.0244047774916256,6.220715522766113,0.8360726833343506,-1.3034964799880981,-5.168365478515625,1.0060149431228638,1.3034964799880981
152.65,3.776355028152466,1.3823390007019043,-0.0029758885502815247,-0.006309172138571739,-3.0086026526987553e-05,-0.4927629828453064,-0.8701406121253967,1.030512865526473,6.198987007141113,0.8389652371406555,-1.3034964799880981,-5.148706912994385,1.0054817199707031,1.3034964799880981
152.66666666666666,3.776329517364502,1.3822848796844482,-0.0029756203293800354,-0.0063092829659581184,-5.0935777835547924e-05,-0.49541813135147095,-0.8686316013336182,1.0366209533603485,6.177258491516113,0.8373458385467529,-1.3034964799880981,-5.1290507316589355,1.0059787034988403,1.3034964799880981
152.68333333333334,3.7763047218322754,1.3822307586669922,-0.0029753893613815308,-0.006309076212346554,-7.231556810438633e-05,-0.49806877970695496,-0.8671145439147949,1.042729385839197,6.155529975891113,0.8363995552062988,-1.3034964799880981,-5.109393119812012,1.0060744285583496,1.3034964799880981
152.7,3.776280164718628,1.3821765184402466,-0.0029751434922218323,-0.00630928436294198,-9.266659617424011e-05,-0.5007146596908569,-0.865589439868927,1.0488375139488353,6.133801460266113,0.8373008370399475,-1.3034964799880981,-5.0897345542907715,1.0056788921356201,1.3034964799880981
152.71666666666667,3.7762553691864014,1.3821220397949219,-0.00297488272190094,-0.006309971213340759,-0.00011230609379708767,-0.5033556222915649,-0.8640562891960144,1.0549450069644712,6.112072944641113,0.8388525247573853,-1.3034964799880981,-5.070076942443848,1.005635380744934,1.3034964799880981
152.73333333333332,3.776230573654175,1.3820675611495972,-0.0029746219515800476,-0.0063099972903728485,-0.00013284978922456503,-0.5059921145439148,-0.8625149726867676,1.0610530362507886,6.090344429016113,0.8378147482872009,-1.3034964799880981,-5.05042028427124,1.0058728456497192,1.3034964799880981
152.75,3.7762069702148438,1.382012963294983,-0.002974368631839752,-0.006309607066214085,-0.0001540984958410263,-0.5086239576339722,-0.8609656095504761,1.0671612529506231,6.068615913391113,0.8365694880485535,-1.3034964799880981,-5.030763626098633,1.0060104131698608,1.3034964799880981
152.76666666666668,3.776183843612671,1.381958246231079,-0.00297410786151886,-0.006309292279183865,-0.00017497362568974495,-0.5112509727478027,-0.8594083189964294,1.073269298291274,6.046887397766113,0.8370371460914612,-1.3034964799880981,-5.011106014251709,1.0058984756469727,1.3034964799880981
152.78333333333333,3.77616024017334,1.3819035291671753,-0.0029738619923591614,-0.006309168413281441,-0.00019555434118956327,-0.5138731598854065,-0.8578428030014038,1.0793770834301426,6.025158882141113,0.8374654650688171,-1.3034964799880981,-4.991447448730469,1.005801796913147,1.3034964799880981
152.8,3.7761385440826416,1.3818483352661133,-0.002973608672618866,-0.0063085095025599,-0.00021670479327440262,-0.5164908766746521,-0.8562694191932678,1.0854857839017547,6.003430366516113,0.8376168608665466,-1.3034964799880981,-4.9717888832092285,1.0058705806732178,1.3034964799880981
152.81666666666666,3.776115894317627,1.3817933797836304,-0.002973392605781555,-0.006308662239462137,-0.0002366369590163231,-0.5191035866737366,-0.8546880483627319,1.0915939800122572,5.981701850891113,0.8376701474189758,-1.3034964799880981,-4.952131748199463,1.0056043863296509,1.3034964799880981
152.83333333333334,3.7760937213897705,1.3817380666732788,-0.002973131835460663,-0.0063077472150325775,-0.00025789428036659956,-0.5217116475105286,-0.8530985713005066,1.0977026287019434,5.959973335266113,0.8378109931945801,-1.3034964799880981,-4.9324750900268555,1.0061858892440796,1.3034964799880981
152.85,3.7760722637176514,1.3816828727722168,-0.0029728859663009644,-0.006308089941740036,-0.00027743447571992874,-0.5243147015571594,-0.8515011072158813,1.1038108836280107,5.938244819641113,0.8381108641624451,-1.3034964799880981,-4.912815570831299,1.0053478479385376,1.3034964799880981
152.86666666666667,3.7760515213012695,1.3816272020339966,-0.002972610294818878,-0.0063073704950511456,-0.00029834441374987364,-0.5269129276275635,-0.8498957753181458,1.1099193491294062,5.916516304016113,0.838146984577179,-1.3034964799880981,-4.893158435821533,1.0061111450195312,1.3034964799880981
152.88333333333333,3.7760300636291504,1.3815714120864868,-0.0029723644256591797,-0.006306035444140434,-0.0003198991762474179,-0.5295061469078064,-0.8482825756072998,1.116027604220913,5.894787788391113,0.8372330665588379,-1.3034964799880981,-4.873500347137451,1.0058485269546509,1.3034964799880981
152.9,3.7760097980499268,1.381515622138977,-0.002972148358821869,-0.006306098774075508,-0.0003396165557205677,-0.5320942997932434,-0.8466615676879883,1.1221355576934082,5.873059272766113,0.8381240963935852,-1.3034964799880981,-4.853841781616211,1.0055087804794312,1.3034964799880981
152.91666666666666,3.775989055633545,1.3814595937728882,-0.002971857786178589,-0.006305016577243805,-0.00036070088390260935,-0.5346775650978088,-0.8450324535369873,1.1282436232510518,5.851330757141113,0.8385204672813416,-1.3034964799880981,-4.8341851234436035,1.0061484575271606,1.3034964799880981
152.93333333333334,3.7759692668914795,1.3814035654067993,-0.0029716119170188904,-0.006303860805928707,-0.00038192246574908495,-0.5372558236122131,-0.8433957099914551,1.1343517528725964,5.829602241516113,0.8362545967102051,-1.3034964799880981,-4.81452751159668,1.00577974319458,1.3034964799880981
152.95,3.775949478149414,1.381347417831421,-0.002971373498439789,-0.0063035981729626656,-0.00040166755206882954,-0.5398284792900085,-0.841751217842102,1.140458348102595,5.807873725891113,0.838822066783905,-1.3034964799880981,-4.794869422912598,1.005650520324707,1.3034964799880981
152.96666666666667,3.7759296894073486,1.3812910318374634,-0.0029711127281188965,-0.006302494555711746,-0.00042247003875672817,-0.5423964858055115,-0.8400987386703491,1.146565912717429,5.786145210266113,0.8393812775611877,-1.3034964799880981,-4.775211334228516,1.0057440996170044,1.3034964799880981
152.98333333333332,3.775911331176758,1.3812345266342163,-0.002970859408378601,-0.00630148546770215,-0.0004430644912645221,-0.5449592471122742,-0.8384385704994202,1.152673040742874,5.764416694641113,0.837241530418396,-1.3034964799880981,-4.755554676055908,1.0057718753814697,1.3034964799880981
153.0,3.775892734527588,1.3811779022216797,-0.0029706060886383057,-0.006299998145550489,-0.0004642199492082,-0.5475171804428101,-0.8367704749107361,1.158780802720185,5.742688179016113,0.8390050530433655,-1.3034964799880981,-4.735896110534668,1.0060542821884155,1.3034964799880981
153.01666666666668,3.775874376296997,1.3811213970184326,-0.002970367670059204,-0.006299055181443691,-0.00048449321184307337,-0.5500698685646057,-0.8350948095321655,1.1648882876164262,5.720959663391113,0.8381086587905884,-1.3034964799880981,-4.716237545013428,1.0053339004516602,1.3034964799880981
153.03333333333333,3.775855541229248,1.3810646533966064,-0.0029701367020606995,-0.0062978025525808334,-0.0005057342350482941,-0.5526172518730164,-0.8334111571311951,1.1709952206659955,5.699231147766113,0.8379903435707092,-1.3034964799880981,-4.696580410003662,1.006205677986145,1.3034964799880981
153.05,3.775836944580078,1.3810077905654907,-0.0029698610305786133,-0.006296965293586254,-0.0005256123840808868,-0.5551595687866211,-0.8317197561264038,1.1771023866737094,5.677502632141113,0.8389171957969666,-1.3034964799880981,-4.67692232131958,1.0055378675460815,1.3034964799880981
153.06666666666666,3.775820255279541,1.380950689315796,-0.002969607710838318,-0.0062944600358605385,-0.0005471600452437997,-0.5576967597007751,-0.8300207257270813,1.183209753005009,5.655774116516113,0.8386012315750122,-1.3034964799880981,-4.65726375579834,1.005958914756775,1.3034964799880981
153.08333333333334,3.775803327560425,1.3808938264846802,-0.00296938419342041,-0.006294271908700466,-0.0005666080396622419,-0.5602285861968994,-0.8283138871192932,1.1893166343333244,5.634045600891113,0.8384897708892822,-1.3034964799880981,-4.637605667114258,1.0053895711898804,1.3034964799880981
153.1,3.7757866382598877,1.3808366060256958,-0.0029691308736801147,-0.006292625330388546,-0.0005873360205441713,-0.5627553462982178,-0.8265994191169739,1.1954239868209233,5.612317085266113,0.8405212163925171,-1.3034964799880981,-4.617947578430176,1.0059086084365845,1.3034964799880981
153.11666666666667,3.7757699489593506,1.3807792663574219,-0.0029688626527786255,-0.0062905726954340935,-0.000608632224611938,-0.5652770400047302,-0.8248768448829651,1.2015316691867646,5.590588569641113,0.8370082378387451,-1.3034964799880981,-4.598290920257568,1.0059012174606323,1.3034964799880981
153.13333333333333,3.7757537364959717,1.3807220458984375,-0.002968616783618927,-0.0062895105220377445,-0.0006284912815317512,-0.5677933692932129,-0.8231467008590698,1.2076391425193433,5.568860054016113,0.8389703631401062,-1.3034964799880981,-4.57863187789917,1.005656361579895,1.3034964799880981
153.15,3.7757387161254883,1.3806644678115845,-0.0029683560132980347,-0.006287854630500078,-0.0006490558153018355,-0.5703045129776001,-0.8214089870452881,1.2137469600518387,5.547131538391113,0.8399129509925842,-1.3034964799880981,-4.558973789215088,1.0056681632995605,1.3034964799880981
153.16666666666666,3.7757232189178467,1.380607008934021,-0.002968132495880127,-0.006285536102950573,-0.0006703916005790234,-0.5728102922439575,-0.8196635842323303,1.219854646615831,5.525403022766113,0.8368291854858398,-1.3034964799880981,-4.539317607879639,1.006006121635437,1.3034964799880981
153.18333333333334,3.7757091522216797,1.380549430847168,-0.0029678866267204285,-0.00628430861979723,-0.0006900629960000515,-0.5753105878829956,-0.8179106116294861,1.2259619657336323,5.503674507141113,0.8399801254272461,-1.3034964799880981,-4.519659042358398,1.0056356191635132,1.3034964799880981
153.2,3.7756950855255127,1.3804916143417358,-0.002967618405818939,-0.006281768903136253,-0.0007115061162039638,-0.5778055787086487,-0.8161499500274658,1.2320694354068742,5.481945991516113,0.8378137350082397,-1.3034964799880981,-4.500002384185791,1.0060229301452637,1.3034964799880981
153.21666666666667,3.775681257247925,1.3804337978363037,-0.0029673948884010315,-0.006280554458498955,-0.0007311854278668761,-0.5802951455116272,-0.8143817186355591,1.238176811637657,5.460217475891113,0.8386767506599426,-1.3034964799880981,-4.480344295501709,1.0053651332855225,1.3034964799880981
153.23333333333332,3.775667428970337,1.380375862121582,-0.0029671192169189453,-0.006278252694755793,-0.0007523307576775551,-0.582779049873352,-0.8126060962677002,1.2442835877834475,5.438488960266113,0.8391785621643066,-1.3034964799880981,-4.460687637329102,1.0062178373336792,1.3034964799880981
153.25,3.7756543159484863,1.3803179264068604,-0.0029668807983398438,-0.006276133470237255,-0.0007727887714281678,-0.5852577090263367,-0.8108227252960205,1.2503908094531466,5.416760444641113,0.8378853797912598,-1.3034964799880981,-4.441030025482178,1.0055296421051025,1.3034964799880981
153.26666666666668,3.775641441345215,1.38025963306427,-0.0029666051268577576,-0.0062737129628658295,-0.0007938353810459375,-0.5877306461334229,-0.8090318441390991,1.2564973289826875,5.395031929016113,0.8386467099189758,-1.3034964799880981,-4.421372890472412,1.0060901641845703,1.3034964799880981
153.28333333333333,3.7756285667419434,1.3802015781402588,-0.002966351807117462,-0.00627151969820261,-0.0008142122533172369,-0.5901983976364136,-0.8072333335876465,1.2626046185319786,5.373303413391113,0.8395439982414246,-1.3034964799880981,-4.4017133712768555,1.0054404735565186,1.3034964799880981
153.3,3.775616407394409,1.3801432847976685,-0.0029661133885383606,-0.0062691932544112206,-0.0008350210264325142,-0.5926606059074402,-0.8054274320602417,1.2687118502688663,5.351574897766113,0.8394423127174377,-1.3034964799880981,-4.382055759429932,1.0057263374328613,1.3034964799880981
153.31666666666666,3.775604486465454,1.3800849914550781,-0.002965867519378662,-0.0062674954533576965,-0.0008548644836992025,-0.5951173305511475,-0.8036139011383057,1.274819150374094,5.329846382141113,0.8400875926017761,-1.3034964799880981,-4.362398624420166,1.0056679248809814,1.3034964799880981
153.33333333333334,3.7755930423736572,1.3800265789031982,-0.002965576946735382,-0.006264564581215382,-0.0008757050381973386,-0.5975685715675354,-0.8017927408218384,1.2809265910737955,5.308117866516113,0.8395544290542603,-1.3034964799880981,-4.342742443084717,1.0059635639190674,1.3034964799880981
153.35,3.7755815982818604,1.3799681663513184,-0.0029653385281562805,-0.006261745467782021,-0.0008965041488409042,-0.6000143885612488,-0.7999640703201294,1.2870344300459045,5.286389350891113,0.8390307426452637,-1.3034964799880981,-4.323084831237793,1.0055890083312988,1.3034964799880981
153.36666666666667,3.7755706310272217,1.3799093961715698,-0.0029651299118995667,-0.006259680725634098,-0.0009165140800178051,-0.602454423904419,-0.7981282472610474,1.2931418543723092,5.264660835266113,0.8407116532325745,-1.3034964799880981,-4.303426742553711,1.005537986755371,1.3034964799880981
153.38333333333333,3.775559663772583,1.3798507452011108,-0.0029648393392562866,-0.0062572890892624855,-0.0009369491599500179,-0.6048886179924011,-0.7962847948074341,1.2992486030251333,5.242932319641113,0.8395017981529236,-1.3034964799880981,-4.2837700843811035,1.0058600902557373,1.3034964799880981
153.4,3.7755494117736816,1.3797920942306519,-0.002964593470096588,-0.006254085339605808,-0.0009579146280884743,-0.6073176264762878,-0.7944338321685791,1.3053565832545904,5.221203804016113,0.8394484519958496,-1.3034964799880981,-4.264111518859863,1.005839467048645,1.3034964799880981
153.41666666666666,3.7755398750305176,1.3797333240509033,-0.0029643625020980835,-0.00625112559646368,-0.0009788996540009975,-0.6097410917282104,-0.7925754189491272,1.311464884914114,5.199475288391113,0.8389108777046204,-1.3034964799880981,-4.2444539070129395,1.0056673288345337,1.3034964799880981
153.43333333333334,3.7755300998687744,1.3796746730804443,-0.002964131534099579,-0.006248622667044401,-0.0009991624392569065,-0.6121584177017212,-0.7907097935676575,1.317571985890183,5.177746772766113,0.8397114872932434,-1.3034964799880981,-4.224797248840332,1.0057642459869385,1.3034964799880981
153.45,3.7755208015441895,1.3796160221099854,-0.0029638558626174927,-0.006245696451514959,-0.0010193854104727507,-0.614570140838623,-0.7888367772102356,1.3236793725965064,5.156018257141113,0.8401724100112915,-1.3034964799880981,-4.205140113830566,1.0057622194290161,1.3034964799880981
153.46666666666667,3.775512456893921,1.3795568943023682,-0.002963617444038391,-0.006242305506020784,-0.0010402500629425049,-0.6169761419296265,-0.7869563698768616,1.3297867777174648,5.134289741516113,0.838523268699646,-1.3034964799880981,-4.185483932495117,1.005790114402771,1.3034964799880981
153.48333333333332,3.775503635406494,1.3794978857040405,-0.0029633715748786926,-0.006239426322281361,-0.0010604835115373135,-0.6193764209747314,-0.7850686311721802,1.335894267921022,5.112561225891113,0.8396487236022949,-1.3034964799880981,-4.165826797485352,1.0057343244552612,1.3034964799880981
153.5,3.7754955291748047,1.3794389963150024,-0.002963118255138397,-0.006236986257135868,-0.0010802093893289566,-0.6217709183692932,-0.7831735014915466,1.3420017189732545,5.090832710266113,0.84024977684021,-1.3034964799880981,-4.146167755126953,1.0055553913116455,1.3034964799880981
153.51666666666668,3.7754876613616943,1.3793798685073853,-0.002962835133075714,-0.006233514286577702,-0.0011012577451765537,-0.6241592764854431,-0.7812713980674744,1.348108322308169,5.069104194641113,0.8386958241462708,-1.3034964799880981,-4.126511096954346,1.0060069561004639,1.3034964799880981
153.53333333333333,3.775480270385742,1.3793206214904785,-0.0029625743627548218,-0.006229741498827934,-0.001122244168072939,-0.6265422105789185,-0.7793616652488708,1.35421593061581,5.047375679016113,0.8384038805961609,-1.3034964799880981,-4.106853485107422,1.0059125423431396,1.3034964799880981
153.55,3.7754735946655273,1.3792613744735718,-0.002962350845336914,-0.006227175705134869,-0.0011416219640523195,-0.6289191842079163,-0.7774448394775391,1.3603232474332927,5.025647163391113,0.8414750695228577,-1.3034964799880981,-4.087194442749023,1.005219578742981,1.3034964799880981
153.56666666666666,3.7754671573638916,1.3792023658752441,-0.0029621124267578125,-0.006223990581929684,-0.0011622398160398006,-0.6312901973724365,-0.7755208015441895,1.3664303143899785,5.003918647766113,0.8395608067512512,-1.3034964799880981,-4.067537307739258,1.00589919090271,1.3034964799880981
153.58333333333334,3.775460958480835,1.3791431188583374,-0.00296185165643692,-0.006220204755663872,-0.0011830406729131937,-0.633655309677124,-0.7735896706581116,1.3725373758720034,4.982190132141113,0.8395270705223083,-1.3034964799880981,-4.04788064956665,1.0059504508972168,1.3034964799880981
153.6,3.7754547595977783,1.3790839910507202,-0.002961590886116028,-0.006216133013367653,-0.001203842693939805,-0.6360145211219788,-0.7716511487960815,1.3786444126775959,4.960461616516113,0.8388654589653015,-1.3034964799880981,-4.028223514556885,1.005814552307129,1.3034964799880981
153.61666666666667,3.77544903755188,1.3790245056152344,-0.002961374819278717,-0.006212744861841202,-0.001224050298333168,-0.6383680701255798,-0.7697052359580994,1.38475214803667,4.938733100891113,0.8394304513931274,-1.3034964799880981,-4.008565425872803,1.005618929862976,1.3034964799880981
153.63333333333333,3.7754437923431396,1.3789652585983276,-0.002961099147796631,-0.006209827959537506,-0.0012437982950359583,-0.6407154202461243,-0.7677522897720337,1.3908592276615834,4.917004585266113,0.8410038352012634,-1.3034964799880981,-3.9889068603515625,1.0056430101394653,1.3034964799880981
153.65,3.7754383087158203,1.378906011581421,-0.0029608309268951416,-0.0062055136077106,-0.0012647658586502075,-0.6430568099021912,-0.765792191028595,1.3969663560522547,4.895276069641113,0.8391503095626831,-1.3034964799880981,-3.969249725341797,1.0059415102005005,1.3034964799880981
153.66666666666666,3.7754340171813965,1.3788467645645142,-0.002960607409477234,-0.006202176213264465,-0.0012847066391259432,-0.6453928351402283,-0.7638245224952698,1.403075154702499,4.873547554016113,0.8397693634033203,-1.3034964799880981,-3.949592113494873,1.0055434703826904,1.3034964799880981
153.68333333333334,3.775430202484131,1.3787873983383179,-0.0029603391885757446,-0.0061980970203876495,-0.00130555615760386,-0.6477224826812744,-0.7618499994277954,1.4091830161407206,4.851819038391113,0.8398682475090027,-1.3034964799880981,-3.92993426322937,1.0060397386550903,1.3034964799880981
153.7,3.7754268646240234,1.3787277936935425,-0.00296010822057724,-0.006194636225700378,-0.0013252072967588902,-0.6500463485717773,-0.7598681449890137,1.4152915507811672,4.830090522766113,0.8398765325546265,-1.3034964799880981,-3.91027569770813,1.0053958892822266,1.3034964799880981
153.71666666666667,3.775423288345337,1.3786685466766357,-0.0029598474502563477,-0.006190222222357988,-0.0013460391201078892,-0.6523637175559998,-0.7578796148300171,1.4213989587591922,4.808362007141113,0.8398560881614685,-1.3034964799880981,-3.8906185626983643,1.0061008930206299,1.3034964799880981
153.73333333333332,3.7754201889038086,1.3786088228225708,-0.002959609031677246,-0.00618575606495142,-0.001366630895063281,-0.6546754837036133,-0.7558835744857788,1.427507630656335,4.786633491516113,0.8390991687774658,-1.3034964799880981,-3.870960235595703,1.0056812763214111,1.3034964799880981
153.75,3.7754180431365967,1.3785494565963745,-0.002959340810775757,-0.006182556971907616,-0.001386295072734356,-0.6569806933403015,-0.7538806796073914,1.433615069821404,4.764904975891113,0.8407284617424011,-1.3034964799880981,-3.8513023853302,1.0055108070373535,1.3034964799880981
153.76666666666668,3.7754154205322266,1.3784898519515991,-0.0029590800404548645,-0.006178155541419983,-0.0014069874305278063,-0.6592798829078674,-0.75187087059021,1.4397228377804125,4.743176460266113,0.8402929306030273,-1.2491841316223145,-3.8316450119018555,1.0059353113174438,1.2491841316223145
153.78333333333333,3.775413990020752,1.3784373998641968,-0.002959109842777252,-0.006176275201141834,-0.001426904695108533,-0.6614923477172852,-0.7499250173568726,1.44561568488884,4.722363471984863,0.7837968468666077,-1.1948717832565308,-3.8125498294830322,0.9602930545806885,1.1948717832565308
153.8,3.775413751602173,1.3783878087997437,-0.002959020435810089,-0.006175018846988678,-0.0014453558251261711,-0.6635966300964355,-0.7480636835098267,1.4512346552479025,4.702450752258301,0.9101176857948303,-1.1948717832565308,-3.7943062782287598,0.9205984473228455,1.1948717832565308
153.81666666666666,3.7754135131835938,1.3783349990844727,-0.002958729863166809,-0.006168660707771778,-0.0014627811033278704,-0.6656686067581177,-0.746220588684082,1.4567810689992653,4.682538032531738,1.1866989135742188,-1.0862470865249634,-3.776416540145874,0.9373133182525635,1.0862470865249634
153.83333333333334,3.775414228439331,1.3782933950424194,-0.0029585137963294983,-0.00616651214659214,-0.0014793304726481438,-0.6675761938095093,-0.7445144653320312,1.4618995765541902,4.664441108703613,0.8772785663604736,-1.0319347381591797,-3.7597062587738037,0.8177302479743958,1.0319347381591797
153.85,3.7754158973693848,1.3782529830932617,-0.002959609031677246,-0.006170875392854214,-0.001493917778134346,-0.6693518161773682,-0.7429183721542358,1.4666745548563231,4.647244453430176,1.414344072341919,-0.977622389793396,-3.744149923324585,0.8240556716918945,0.977622389793396
153.86666666666667,3.7754175662994385,1.3782135248184204,-0.002957850694656372,-0.006155345588922501,-0.0015084552578628063,-0.6710195541381836,-0.7414124011993408,1.4711688056536267,4.630948066711426,1.3700114488601685,-0.9233100414276123,-3.7295408248901367,0.7477706074714661,0.9233100414276123
153.88333333333333,3.775419235229492,1.378174901008606,-0.002959340810775757,-0.006163758225739002,-0.0015216751489788294,-0.6725816130638123,-0.7399955987930298,1.4753865704841875,4.615551948547363,1.4617640972137451,-0.8689976930618286,-3.71587872505188,0.7304741144180298,0.8689976930618286
153.9,3.775421142578125,1.3781392574310303,-0.0029586777091026306,-0.006157503463327885,-0.001532290130853653,-0.6740370392799377,-0.7386702299118042,1.4793237016040046,4.601071357727051,1.6403782367706299,-0.8689976930618286,-3.7031090259552,0.7000709772109985,0.8689976930618286
153.91666666666666,3.775421380996704,1.3781005144119263,-0.0029586777091026306,-0.006153324618935585,-0.0015413626097142696,-0.6754635572433472,-0.7373660802841187,1.4831894962523864,4.586590766906738,1.9178119897842407,-0.7603729367256165,-3.6906797885894775,0.713551938533783,0.7603729367256165
153.93333333333334,3.775423526763916,1.3780711889266968,-0.002956986427307129,-0.00614175945520401,-0.0015561450272798538,-0.6767361164093018,-0.736198365688324,1.4866438970604354,4.573910713195801,1.3660449981689453,-0.7060605883598328,-3.6794049739837646,0.5725422501564026,0.7060605883598328
153.95,3.7754263877868652,1.3780341148376465,-0.002959035336971283,-0.006162308156490326,-0.0015688345301896334,-0.6779049038887024,-0.7351220846176147,1.4898214230070173,4.562146186828613,1.0958144664764404,-0.6517482399940491,-3.669301986694336,0.53936368227005,0.6517482399940491
153.96666666666667,3.7754318714141846,1.377994179725647,-0.002959243953227997,-0.006159186363220215,-0.0015737696085125208,-0.6789849996566772,-0.7341246604919434,1.4927619432903343,4.551281929016113,-1.611835241317749,-0.5974358916282654,-3.6600778102874756,0.47725921869277954,0.5974358916282654
153.98333333333332,3.7754385471343994,1.377951741218567,-0.002962745726108551,-0.006172545254230499,-0.001574905589222908,-0.6799800395965576,-0.7332029938697815,1.49547440572748,4.541317939758301,-1.9276905059814453,-0.5431235432624817,-3.651695966720581,0.018872175365686417,0.5431235432624817
154.0,3.775449275970459,1.3779199123382568,-0.0029577240347862244,-0.006151302717626095,-0.0015919760335236788,-0.6808688044548035,-0.7323777675628662,1.497900173064976,4.532269477844238,-0.9456647038459778,-0.5431235432624817,-3.644960641860962,0.4244963824748993,0.5431235432624817
154.01666666666668,3.7754485607147217,1.3778879642486572,-0.002969212830066681,-0.006186536513268948,-0.0015718750655651093,-0.6817823052406311,-0.7315273284912109,1.500396034802733,4.523221015930176,-1.9241437911987305,-0.4344988465309143,-3.637136459350586,0.4370799660682678,0.4344988465309143
154.03333333333333,3.7754528522491455,1.3778743743896484,-0.0029645711183547974,-0.006196719594299793,-0.001553050708025694,-0.6824521422386169,-0.7309022545814514,1.5022279642273697,4.515973091125488,1.2418739795684814,-0.3801864683628082,-3.631312370300293,0.193644717335701,0.3801864683628082
154.05,3.7754526138305664,1.3778451681137085,-0.002953179180622101,-0.006112799048423767,-0.0016006242949515581,-0.6830990314483643,-0.7302983999252319,1.5039991532612804,4.509640693664551,1.788321614265442,-0.32587411999702454,-3.626009225845337,0.27824607491493225,0.32587411999702454
154.06666666666666,3.775458812713623,1.3778107166290283,-0.0029617100954055786,-0.006161494180560112,-0.0016095335595309734,-0.683610200881958,-0.7298194169998169,1.5053995017807933,4.504208564758301,-1.1339279413223267,-0.27156177163124084,-3.6221694946289062,0.4424651563167572,0.27156177163124084
154.08333333333334,3.7754547595977783,1.3777837753295898,-0.002972818911075592,-0.0061992742121219635,-0.0015792888589203358,-0.6840105056762695,-0.729444146156311,1.5064965383184252,4.499676704406738,-0.04651768133044243,-0.21724942326545715,-3.6192283630371094,0.4415377676486969,0.21724942326545715
154.1,3.7754533290863037,1.3777661323547363,-0.002964794635772705,-0.00617603724822402,-0.0016136823687702417,-0.6842807531356812,-0.7291907072067261,1.5072378667310773,4.496060371398926,1.958648920059204,-0.21724942326545715,-3.617204427719116,0.26379314064979553,0.21724942326545715
154.11666666666667,3.77545166015625,1.377751350402832,-0.002958551049232483,-0.006130928639322519,-0.001615322893485427,-0.6845458745956421,-0.7289422154426575,1.5079651774380178,4.492444038391113,1.3731273412704468,-0.10862470418214798,-3.6152515411376953,0.2955291271209717,0.10862470418214798
154.13333333333333,3.7754526138305664,1.3777410984039307,-0.0029625892639160156,-0.006166694685816765,-0.0016015288420021534,-0.6846762299537659,-0.7288194298744202,1.5083227341415308,4.490628242492676,2.1502931118011475,-0.05431235581636429,-3.614285945892334,-0.12656129896640778,0.05431235581636429
154.15,3.7754523754119873,1.3777347803115845,-0.002957955002784729,-0.0061470153741538525,-0.0016241527628153563,-0.6847367882728577,-0.7287627458572388,1.5084890960124266,4.489727973937988,1.8831416368484497,-4.522411806658911e-17,-3.61395263671875,0.0986320748925209,4.522411806658911e-17
154.16666666666666,3.775453567504883,1.3777371644973755,-0.0029609575867652893,-0.006149244494736195,-0.001618796493858099,-0.6847450733184814,-0.7287548780441284,1.5085117875078922,4.489727973937988,0.05925852060317993,0.0,-3.6137807369232178,-0.17048755288124084,0.0
154.18333333333334,3.7754533290863037,1.3777328729629517,-0.0029624998569488525,-0.006160152144730091,-0.001621321076527238,-0.6846804022789001,-0.7288156151771545,1.5083343336773671,4.489727973937988,0.7868947386741638,0.0,-3.6145150661468506,0.24353249371051788,0.0
154.2,3.775453805923462,1.377732753753662,-0.0029584094882011414,-0.00613723648712039,-0.0016277879476547241,-0.6846837401390076,-0.7288126349449158,1.5083435487269465,4.489727973937988,0.8747965693473816,0.0,-3.6144728660583496,-0.007946792058646679,0.0
154.21666666666667,3.7754526138305664,1.3777297735214233,-0.0029641389846801758,-0.006171573884785175,-0.001617772737517953,-0.6846553087234497,-0.728839099407196,1.5082654441522325,4.489727973937988,1.0191614627838135,0.0,-3.6148500442504883,0.31456050276756287,0.0
154.23333333333332,3.7754526138305664,1.3777291774749756,-0.002957843244075775,-0.00613101152703166,-0.0016244915314018726,-0.6846562027931213,-0.7288385033607483,1.5082679588010142,4.489727973937988,1.1121143102645874,0.0,-3.6148364543914795,0.09061241894960403,0.0
154.25,3.7754523754119873,1.3777297735214233,-0.0029642879962921143,-0.006173102185130119,-0.0016160767991095781,-0.6846534609794617,-0.7288407683372498,1.5082603562317227,4.489727973937988,1.0831108093261719,0.0,-3.614877223968506,0.16172797977924347,0.0
154.26666666666668,3.775453567504883,1.377730369567871,-0.0029600337147712708,-0.006144681945443153,-0.001627839170396328,-0.6846641898155212,-0.7288308143615723,1.508289886717004,4.489727973937988,1.0421791076660156,0.0,-3.6147096157073975,-0.10243472456932068,0.0
154.28333333333333,3.7754530906677246,1.3777204751968384,-0.002962656319141388,-0.006160038523375988,-0.0016211385373026133,-0.6846060156822205,-0.7288853526115417,1.5081302047741694,4.489727973937988,1.3667504787445068,0.0,-3.615593194961548,0.31151527166366577,0.0
154.3,3.7754526138305664,1.377719521522522,-0.002957157790660858,-0.006130093242973089,-0.0016273872461169958,-0.6846009492874146,-0.7288905382156372,1.5081163792277876,4.489727973937988,1.5305982828140259,0.0,-3.6156506538391113,0.16353465616703033,0.0
154.31666666666666,3.7754533290863037,1.3777211904525757,-0.0029613152146339417,-0.006153353489935398,-0.0016271835193037987,-0.6846073269844055,-0.728884220123291,1.5081338537993259,4.489727973937988,1.511743426322937,0.0,-3.61554217338562,-0.011841777712106705,0.0
154.33333333333334,3.775452136993408,1.3777174949645996,-0.0029623880982398987,-0.006159203127026558,-0.0016230125911533833,-0.6845835447311401,-0.7289065718650818,1.50806857183849,4.489727973937988,1.550117015838623,0.0,-3.6158976554870605,0.36841192841529846,0.0
154.35,3.775451898574829,1.3777166604995728,-0.002957470715045929,-0.006133739370852709,-0.0016271406784653664,-0.684577465057373,-0.7289125323295593,1.50805193692908,4.489727973937988,1.7300292253494263,0.0,-3.615945816040039,0.19813212752342224,0.0
154.36666666666667,3.7754528522491455,1.3777176141738892,-0.002960801124572754,-0.006152347661554813,-0.001626941142603755,-0.6845836639404297,-0.7289065718650818,1.508068935652281,4.489727973937988,1.7093570232391357,0.0,-3.6158604621887207,0.06673526763916016,0.0
154.38333333333333,3.7754523754119873,1.377718448638916,-0.0029619336128234863,-0.0061554377898573875,-0.001625654986128211,-0.6845846176147461,-0.7289054989814758,1.5080715284007429,4.489727973937988,1.6630973815917969,0.0,-3.6158559322357178,0.0983036682009697,0.0
154.4,3.775452136993408,1.377716064453125,-0.002962835133075714,-0.006162381265312433,-0.0016217587981373072,-0.6845728158950806,-0.7289164662361145,1.5080391104650115,4.489727973937988,1.6721534729003906,0.0,-3.6160457134246826,0.3785512447357178,0.0
154.41666666666666,3.775451898574829,1.377714991569519,-0.0029569119215011597,-0.006129811517894268,-0.001627596328034997,-0.6845663785934448,-0.728922963142395,1.5080215227560776,4.489727973937988,1.8474962711334229,0.0,-3.616086959838867,0.19752781093120575,0.0
154.43333333333334,3.7754528522491455,1.377716064453125,-0.002960115671157837,-0.006149680353701115,-0.0016295760869979858,-0.6845705509185791,-0.7289187908172607,1.508032967105625,4.489727973937988,1.8337469100952148,0.0,-3.6160213947296143,0.09427376091480255,0.0
154.45,3.7754530906677246,1.377717137336731,-0.002961687743663788,-0.0061538731679320335,-0.0016293784137815237,-0.6845765709877014,-0.7289130687713623,1.5080494781707652,4.489727973937988,1.771531343460083,0.0,-3.615950107574463,0.012981378473341465,0.0
154.46666666666667,3.775451898574829,1.3777111768722534,-0.002963319420814514,-0.0061662569642066956,-0.001622804207727313,-0.6845487952232361,-0.7289391756057739,1.5079732263866266,4.489727973937988,1.7944234609603882,0.0,-3.6163852214813232,0.3680427074432373,0.0
154.48333333333332,3.77545166015625,1.3777101039886475,-0.002957262098789215,-0.006134310271590948,-0.0016298522241413593,-0.6845417618751526,-0.7289459705352783,1.5079539904241055,4.489727973937988,1.9889636039733887,0.0,-3.616441011428833,0.20190216600894928,0.0
154.5,3.775451898574829,1.3777114152908325,-0.0029604658484458923,-0.006152261979877949,-0.0016318531706929207,-0.6845452189445496,-0.7289426326751709,1.5079634857468027,4.489727973937988,1.9717503786087036,0.0,-3.616386651992798,0.12192049622535706,0.0
154.51666666666668,3.775452136993408,1.3777118921279907,-0.002961389720439911,-0.006153683178126812,-0.001632321160286665,-0.6845507621765137,-0.7289373874664307,1.5079786947312064,4.489727973937988,1.9278978109359741,0.0,-3.6163136959075928,0.022295182570815086,0.0
154.53333333333333,3.775451421737671,1.377709150314331,-0.0029629692435264587,-0.006164394784718752,-0.0016245115548372269,-0.6845360994338989,-0.7289510369300842,1.5079384005936827,4.489727973937988,1.9174754619598389,0.0,-3.6165683269500732,0.3823009729385376,0.0
154.55,3.77545166015625,1.377707839012146,-0.0029569268226623535,-0.0061331079341471195,-0.0016303097363561392,-0.6845298409461975,-0.7289572358131409,1.5079212932612136,4.489727973937988,2.089427947998047,0.0,-3.616607666015625,0.18952052295207977,0.0
154.56666666666666,3.775451898574829,1.377709150314331,-0.0029600635170936584,-0.006150758825242519,-0.0016336212866008282,-0.6845323443412781,-0.7289546132087708,1.5079281659215362,4.489727973937988,2.0779240131378174,0.09324009716510773,-3.6165618896484375,0.12795482575893402,0.09324009716510773
154.58333333333334,3.775453567504883,1.3777239322662354,-0.002962656319141388,-0.006162635982036591,-0.0016119345091283321,-0.6845046281814575,-0.7289806008338928,1.5078519672053299,4.491284370422363,0.5331416726112366,0.18648017942905426,-3.6163580417633057,0.14689743518829346,0.18648017942905426
154.6,3.7754592895507812,1.3778189420700073,-0.002962440252304077,-0.0061590829864144325,-0.0016142150852829218,-0.6843621134757996,-0.7291144132614136,1.507461031838614,4.494397163391113,2.1706748008728027,0.18648017942905426,-3.6150245666503906,0.35897356271743774,0.18648017942905426
154.61666666666667,3.7754645347595215,1.3779085874557495,-0.002962663769721985,-0.006152115762233734,-0.0016042813658714294,-0.6843172907829285,-0.7291566133499146,1.5073380254378212,4.497509956359863,1.7306610345840454,0.3729603886604309,-3.612945079803467,0.3998822569847107,0.3729603886604309
154.63333333333333,3.7754766941070557,1.3781006336212158,-0.0029660165309906006,-0.0061883521266281605,-0.0015915047843009233,-0.6841614246368408,-0.7293026447296143,1.5069104499691737,4.503720283508301,2.992640256881714,0.46620047092437744,-3.6089284420013428,0.4802345037460327,0.46620047092437744
154.65,3.7754955291748047,1.3783738613128662,-0.0029552429914474487,-0.006130312569439411,-0.0016134006436914206,-0.684009850025177,-0.729445219039917,1.5064950112013824,4.511487007141113,2.5964605808258057,0.559440553188324,-3.6026620864868164,0.6487255096435547,0.559440553188324
154.66666666666666,3.7755138874053955,1.378682017326355,-0.002969905734062195,-0.0062490846030414104,-0.0015370321925729513,-0.6839033961296082,-0.7295440435409546,1.5062025573137445,4.520810127258301,2.903047800064087,0.6526806354522705,-3.594999313354492,1.7020061016082764,0.6526806354522705
154.68333333333334,3.77553653717041,1.3790314197540283,-0.0029628872871398926,-0.006173782981932163,-0.0016109959688037634,-0.6837608218193054,-0.7296782732009888,1.5058123052137127,4.531689643859863,3.737001419067383,0.745920717716217,-3.5865213871002197,0.8182448744773865,0.745920717716217
154.7,3.775563955307007,1.379456639289856,-0.002964511513710022,-0.006191815249621868,-0.0015722340904176235,-0.6836006045341492,-0.7298282980918884,1.5053729343728954,4.544125556945801,2.242589235305786,0.745920717716217,-3.576042890548706,0.7537297010421753,0.745920717716217
154.71666666666667,3.7755937576293945,1.3798929452896118,-0.0029593631625175476,-0.00615686597302556,-0.0016118111088871956,-0.6834946870803833,-0.729927659034729,1.5050829985920335,4.556561470031738,3.5060439109802246,0.9324009418487549,-3.5647974014282227,0.9182410836219788,0.9324009418487549
154.73333333333332,3.7756264209747314,1.3804031610488892,-0.00296996533870697,-0.006343611981719732,-0.001434660516679287,-0.683394730091095,-0.7300200462341309,1.5048078467477208,4.572094917297363,2.6226229667663574,1.0256409645080566,-3.5514328479766846,0.7256805300712585,1.0256409645080566
154.75,3.775667190551758,1.3809837102890015,-0.0029540956020355225,-0.006120637059211731,-0.0016052068676799536,-0.683247447013855,-0.7301594018936157,1.504405656306094,4.589184761047363,3.8194704055786133,1.118881106376648,-3.53643536567688,1.1691709756851196,1.118881106376648
154.76666666666668,3.7757086753845215,1.3816330432891846,-0.0029658153653144836,-0.006318560801446438,-0.0014350763522088528,-0.6831115484237671,-0.7302853465080261,1.5040322107294672,4.607831001281738,2.1009037494659424,1.2121212482452393,-3.519529104232788,0.9039709568023682,1.2121212482452393
154.78333333333333,3.775756597518921,1.3823254108428955,-0.002954445779323578,-0.006124219391494989,-0.001602565636858344,-0.6829512119293213,-0.7304364442825317,1.50359437962559,4.628033638000488,3.3321573734283447,1.305361270904541,-3.5015811920166016,1.333510160446167,1.305361270904541
154.8,3.775806188583374,1.3830697536468506,-0.002968817949295044,-0.006349384784698486,-0.0014145977329462767,-0.6828468441963196,-0.7305325269699097,1.5033072559567335,4.649792671203613,3.2718493938446045,1.305361270904541,-3.4816248416900635,1.021557331085205,1.305361270904541
154.81666666666666,3.7758584022521973,1.3838329315185547,-0.0029480531811714172,-0.0060832304880023,-0.0015973623376339674,-0.6826940178871155,-0.7306773662567139,1.5028902937010873,4.671551704406738,2.8067009449005127,1.3986014127731323,-3.461592197418213,1.3658578395843506,1.3986014127731323
154.83333333333334,3.775911331176758,1.3846352100372314,-0.0029691308736801147,-0.0063718343153595924,-0.0013937382027506828,-0.6825719475746155,-0.7307891845703125,1.502554662135817,4.694867134094238,3.1928863525390625,1.3986014127731323,-3.4402289390563965,1.1285808086395264,1.3986014127731323
154.85,3.7759690284729004,1.3854506015777588,-0.002944663166999817,-0.006064075976610184,-0.001595191890373826,-0.6824125051498413,-0.7309404015541077,1.5021198868474968,4.718182563781738,2.846179246902466,1.3986014127731323,-3.4187936782836914,1.4934970140457153,1.3986014127731323
154.86666666666667,3.776021957397461,1.3862639665603638,-0.0029699206352233887,-0.006294985767453909,-0.0014784601517021656,-0.6823225617408752,-0.7310225963592529,1.5018728706232918,4.741497993469238,3.239415168762207,1.3986014127731323,-3.3968589305877686,1.1208158731460571,1.3986014127731323
154.88333333333333,3.776080846786499,1.3870834112167358,-0.0029454827308654785,-0.006071336567401886,-0.0015959714073687792,-0.682165801525116,-0.7311705350875854,1.501444973535315,4.764813423156738,2.97078013420105,1.3986014127731323,-3.3753063678741455,1.428525447845459,1.3986014127731323
154.9,3.7761359214782715,1.3879036903381348,-0.0029685497283935547,-0.006253859028220177,-0.0015166886150836945,-0.6820254325866699,-0.7313000559806824,1.5010604041167126,4.788128852844238,2.7361719608306885,1.3986014127731323,-3.35361647605896,1.247326374053955,1.3986014127731323
154.91666666666666,3.776195526123047,1.3887205123901367,-0.002956002950668335,-0.006138637661933899,-0.0015982987824827433,-0.6819061636924744,-0.7314119935035706,1.5007348746404352,4.811444282531738,3.9006593227386475,1.3986014127731323,-3.3318135738372803,1.492007851600647,1.3986014127731323
154.93333333333334,3.776252031326294,1.3895398378372192,-0.002965502440929413,-0.006202328018844128,-0.0015589562244713306,-0.6817578673362732,-0.7315499186515808,1.5003291176743097,4.834759712219238,2.9883246421813965,1.3986014127731323,-3.3101654052734375,1.4034833908081055,1.3986014127731323
154.95,3.7763113975524902,1.390363335609436,-0.0029591992497444153,-0.0061588408425450325,-0.0015970594249665737,-0.6816551685333252,-0.731645941734314,1.5000486668065691,4.858075141906738,4.199954986572266,1.3986014127731323,-3.2880332469940186,1.5885934829711914,1.3986014127731323
154.96666666666667,3.776370048522949,1.3911917209625244,-0.002960972487926483,-0.006163490004837513,-0.0015896593686193228,-0.6815062761306763,-0.731784462928772,1.4996416387670783,4.881390571594238,3.517561197280884,1.3986014127731323,-3.266193389892578,1.4984281063079834,1.3986014127731323
154.98333333333332,3.7764289379119873,1.392011046409607,-0.002964422106742859,-0.006179561372846365,-0.00159367430023849,-0.6813994646072388,-0.7318838834762573,1.4993497733408543,4.904706001281738,4.541309833526611,1.3986014127731323,-3.2441964149475098,1.5169140100479126,1.3986014127731323
155.0,3.7764883041381836,1.3928406238555908,-0.002958230674266815,-0.006145230494439602,-0.0015908025670796633,-0.681248664855957,-0.7320245504379272,1.4989377359918281,4.928021430969238,3.605644702911377,1.3986014127731323,-3.2222819328308105,1.531873345375061,1.3986014127731323
155.01666666666668,3.7765467166900635,1.393662452697754,-0.0029662325978279114,-0.00618898868560791,-0.0015900852158665657,-0.6811555027961731,-0.732110857963562,1.4986831914622407,4.951336860656738,4.578070640563965,1.3986014127731323,-3.2001399993896484,1.5277360677719116,1.3986014127731323
155.03333333333333,3.7766077518463135,1.3944936990737915,-0.0029574111104011536,-0.006139865145087242,-0.0015918004792183638,-0.6809989809989929,-0.7322568297386169,1.498255691179209,4.974652290344238,3.763672351837158,1.3986014127731323,-3.1782400608062744,1.5242445468902588,1.3986014127731323
155.05,3.7766661643981934,1.3953099250793457,-0.002966873347759247,-0.006193943787366152,-0.0015840562991797924,-0.6809050440788269,-0.732343852519989,1.4979990679701478,4.997967720031738,4.486555576324463,1.3986014127731323,-3.1562116146087646,1.536047101020813,1.3986014127731323
155.06666666666666,3.776726484298706,1.3961423635482788,-0.002958238124847412,-0.0061449953354895115,-0.001587413251399994,-0.6807559728622437,-0.7324827313423157,1.4975920517708219,5.021283149719238,3.6935513019561768,1.3986014127731323,-3.134242534637451,1.5112707614898682,1.3986014127731323
155.08333333333334,3.7767860889434814,1.396959662437439,-0.0029667317867279053,-0.006192484404891729,-0.0015824215952306986,-0.6806606650352478,-0.7325709462165833,1.4973317808601874,5.044598579406738,4.502640724182129,1.3986014127731323,-3.1122188568115234,1.5291848182678223,1.3986014127731323
155.1,3.776848316192627,1.3977898359298706,-0.0029572322964668274,-0.006138323340564966,-0.0015846001915633678,-0.6805077195167542,-0.7327135801315308,1.4969143313032542,5.067914009094238,3.6485397815704346,1.3986014127731323,-3.0902788639068604,1.531518578529358,1.3986014127731323
155.11666666666667,3.7769076824188232,1.39860999584198,-0.002966739237308502,-0.00619279220700264,-0.0015805636066943407,-0.6804165244102478,-0.7327976226806641,1.4966653455216463,5.091229438781738,4.531311511993408,1.3986014127731323,-3.0681660175323486,1.5265718698501587,1.3986014127731323
155.13333333333333,3.776970863342285,1.3994393348693848,-0.0029571279883384705,-0.006138051860034466,-0.0015806949231773615,-0.6802616715431213,-0.7329418659210205,1.4962427993137442,5.114544868469238,3.63457989692688,1.3986014127731323,-3.0462844371795654,1.5108118057250977,1.3986014127731323
155.15,3.7770307064056396,1.4002577066421509,-0.0029661133885383606,-0.006190059706568718,-0.0015794592909514904,-0.680163562297821,-0.7330325841903687,1.4959750783376373,5.137860298156738,4.488687992095947,1.3986014127731323,-3.024251699447632,1.537104845046997,1.3986014127731323
155.16666666666666,3.777092695236206,1.4010882377624512,-0.0029595419764518738,-0.006155367940664291,-0.0015729807782918215,-0.6800184845924377,-0.7331674098968506,1.4955792640387326,5.161175727844238,3.5340166091918945,1.3986014127731323,-3.0022881031036377,1.4906851053237915,1.3986014127731323
155.18333333333334,3.7771542072296143,1.4019067287445068,-0.002965785562992096,-0.006186584942042828,-0.0015746483113616705,-0.6799188256263733,-0.7332596182823181,1.4953074259937225,5.184491157531738,4.46873664855957,1.3986014127731323,-2.9802663326263428,1.5252032279968262,1.3986014127731323
155.2,3.7772178649902344,1.4027374982833862,-0.0029577016830444336,-0.00614032382145524,-0.0015787831507623196,-0.6797668933868408,-0.7334008812904358,1.4948931339674947,5.207806587219238,3.6783952713012695,1.3986014127731323,-2.9583072662353516,1.5351682901382446,1.3986014127731323
155.21666666666667,3.7772786617279053,1.403557300567627,-0.00296715646982193,-0.006195827387273312,-0.0015716003254055977,-0.6796761751174927,-0.7334843873977661,1.4946456656646205,5.231122016906738,4.530693531036377,1.3986014127731323,-2.936194658279419,1.5222506523132324,1.3986014127731323
155.23333333333332,3.777343511581421,1.4043867588043213,-0.0029572471976280212,-0.0061385370790958405,-0.0015741032548248768,-0.6795212030410767,-0.7336285710334778,1.494223220075073,5.254437446594238,3.657642364501953,1.3986014127731323,-2.914311170578003,1.5141217708587646,1.3986014127731323
155.25,3.7774057388305664,1.40520441532135,-0.0029664039611816406,-0.006192106753587723,-0.001570655032992363,-0.679423451423645,-0.7337185740470886,1.4939566874042687,5.277752876281738,4.48838472366333,1.3986014127731323,-2.8922815322875977,1.5349138975143433,1.3986014127731323
155.26666666666668,3.7774689197540283,1.4060347080230713,-0.0029598399996757507,-0.006156343035399914,-0.0015651164576411247,-0.6792787909507751,-0.7338528037071228,1.4935623936535196,5.301068305969238,3.513838768005371,1.3986014127731323,-2.8703198432922363,1.4886455535888672,1.3986014127731323
155.28333333333333,3.7775332927703857,1.4068536758422852,-0.002966359257698059,-0.006189909763634205,-0.001569598913192749,-0.6791792511940002,-0.7339445352554321,1.4932911358280958,5.324383735656738,4.482378005981445,1.3986014127731323,-2.8482770919799805,1.5308414697647095,1.3986014127731323
155.3,3.7775979042053223,1.4076834917068481,-0.0029586851596832275,-0.006148092448711395,-0.0015692629385739565,-0.6790260672569275,-0.7340866327285767,1.4928737857515186,5.347699165344238,3.6494717597961426,1.3986014127731323,-2.8263463973999023,1.5297678709030151,1.3986014127731323
155.31666666666666,3.777660846710205,1.4085036516189575,-0.0029678121209144592,-0.006198704242706299,-0.001563857076689601,-0.6789352893829346,-0.7341703176498413,1.4926264277491108,5.371014595031738,4.538027286529541,1.3986014127731323,-2.804213047027588,1.5311083793640137,1.3986014127731323
155.33333333333334,3.7777271270751953,1.409334421157837,-0.0029574111104011536,-0.0061385189183056355,-0.0015695763286203146,-0.6787777543067932,-0.734316349029541,1.4921973954522751,5.394330024719238,3.7768301963806152,1.3986014127731323,-2.782309055328369,1.5262199640274048,1.3986014127731323
155.35,3.7777903079986572,1.410150170326233,-0.002967655658721924,-0.00619862973690033,-0.0015615602023899555,-0.6786843538284302,-0.7344022393226624,1.4919429389000902,5.417645454406738,4.4750776290893555,1.3986014127731323,-2.760286569595337,1.5389336347579956,1.3986014127731323
155.36666666666667,3.7778563499450684,1.410981297492981,-0.002959318459033966,-0.006152176298201084,-0.001561671495437622,-0.6785362362861633,-0.7345396280288696,1.491539663365631,5.440960884094238,3.6365785598754883,1.3986014127731323,-2.7383224964141846,1.5045236349105835,1.3986014127731323
155.38333333333333,3.7779204845428467,1.4117995500564575,-0.002967648208141327,-0.006197432987391949,-0.00156010827049613,-0.6784401535987854,-0.7346279621124268,1.4912780271814812,5.464276313781738,4.515393257141113,1.3986014127731323,-2.716278553009033,1.5402151346206665,1.3986014127731323
155.4,3.7779881954193115,1.4126302003860474,-0.0029576867818832397,-0.006140281446278095,-0.0015640747733414173,-0.6782858371734619,-0.7347707748413086,1.490858005937575,5.487591743469238,3.71803617477417,1.3986014127731323,-2.6943278312683105,1.5386502742767334,1.3986014127731323
155.41666666666666,3.7780518531799316,1.4134495258331299,-0.002967618405818939,-0.006199384108185768,-0.0015554490964859724,-0.6781947612762451,-0.7348544001579285,1.4906100276106875,5.510907173156738,4.539809226989746,1.3986014127731323,-2.6722402572631836,1.5177961587905884,1.3986014127731323
155.43333333333334,3.7781200408935547,1.41427743434906,-0.0029578953981399536,-0.006142422556877136,-0.0015563673805445433,-0.6780396103858948,-0.7349979877471924,1.4901878543885472,5.534222602844238,3.579831123352051,1.3986014127731323,-2.6503665447235107,1.5062094926834106,1.3986014127731323
155.45,3.7781858444213867,1.4150961637496948,-0.0029662176966667175,-0.006191391963511705,-0.0015559929888695478,-0.6779398918151855,-0.7350896000862122,1.4899165030364987,5.557538032531738,4.503067493438721,1.3986014127731323,-2.6283321380615234,1.533843755722046,1.3986014127731323
155.46666666666667,3.778252363204956,1.4159258604049683,-0.0029606893658638,-0.006161040626466274,-0.0015488050412386656,-0.6777961850166321,-0.735222339630127,1.489525521780626,5.580853462219238,3.479506492614746,1.3986014127731323,-2.6063637733459473,1.4840409755706787,1.3986014127731323
155.48333333333332,3.778319835662842,1.4167450666427612,-0.0029668286442756653,-0.00619263481348753,-0.0015540635213255882,-0.6776962280273438,-0.7353142499923706,1.4892536559968614,5.604168891906738,4.477142810821533,1.3986014127731323,-2.5843169689178467,1.5308809280395508,1.3986014127731323
155.5,3.778388261795044,1.4175750017166138,-0.0029591545462608337,-0.006150273606181145,-0.001554971095174551,-0.6775426864624023,-0.735456109046936,1.4888361215246397,5.627484321594238,3.665904998779297,1.3986014127731323,-2.5623834133148193,1.5323492288589478,1.3986014127731323
155.51666666666668,3.778454303741455,1.4183942079544067,-0.0029679611325263977,-0.006199555937200785,-0.001548857195302844,-0.6774516105651855,-0.7355394959449768,1.4885883813604976,5.650799751281738,4.521072864532471,1.3986014127731323,-2.5402755737304688,1.5209511518478394,1.3986014127731323
155.53333333333333,3.7785234451293945,1.4192239046096802,-0.0029581263661384583,-0.006143342703580856,-0.0015525452326983213,-0.6772950291633606,-0.7356841564178467,1.4881627385149128,5.674115180969238,3.7144765853881836,1.3986014127731323,-2.5183827877044678,1.5197861194610596,1.3986014127731323
155.55,3.7785909175872803,1.4200403690338135,-0.0029676780104637146,-0.0061993710696697235,-0.0015470909420400858,-0.6771993041038513,-0.7357718348503113,1.4879024517110402,5.697430610656738,4.472686767578125,1.3986014127731323,-2.4963552951812744,1.5380748510360718,1.3986014127731323
155.56666666666666,3.7786600589752197,1.4208707809448242,-0.002960205078125,-0.00615762360394001,-0.001545108389109373,-0.6770524978637695,-0.7359073162078857,1.4875034622803582,5.720746040344238,3.5788350105285645,1.3986014127731323,-2.474393844604492,1.497390866279602,1.3986014127731323
155.58333333333334,3.7787277698516846,1.4216885566711426,-0.002967134118080139,-0.006194092333316803,-0.0015434043016284704,-0.6769538521766663,-0.7359976768493652,1.4872353458037078,5.744061470031738,4.484863758087158,1.3986014127731323,-2.4523701667785645,1.5294121503829956,1.3986014127731323
155.6,3.7787985801696777,1.422519326210022,-0.002958148717880249,-0.006142939440906048,-0.0015483254101127386,-0.6768004298210144,-0.7361392974853516,1.4868185680541655,5.767376899719238,3.7188069820404053,1.3986014127731323,-2.4303998947143555,1.539125919342041,1.3986014127731323
155.61666666666667,3.7788660526275635,1.4233386516571045,-0.0029684454202651978,-0.006204274017363787,-0.0015401060227304697,-0.676709771156311,-0.7362220287322998,1.486572166380824,5.790692329406738,4.534390926361084,1.3986014127731323,-2.408295154571533,1.521443486213684,1.3986014127731323
155.63333333333333,3.7789371013641357,1.4241664409637451,-0.002958424389362335,-0.006145533174276352,-0.0015409791376441717,-0.6765545606613159,-0.7363652586936951,1.4861506352440674,5.814007759094238,3.5921528339385986,1.3986014127731323,-2.3864200115203857,1.5077662467956543,1.3986014127731323
155.65,3.779005527496338,1.4249844551086426,-0.0029673725366592407,-0.006197203416377306,-0.0015414431691169739,-0.6764569282531738,-0.736454427242279,1.4858854403047606,5.837323188781738,4.481245040893555,1.3986014127731323,-2.364370822906494,1.5437065362930298,1.3986014127731323
155.66666666666666,3.779075860977173,1.4258149862289429,-0.002960599958896637,-0.0061601074412465096,-0.0015376002993434668,-0.676310122013092,-0.7365896701812744,1.4854868132414418,5.860638618469238,3.59389328956604,1.3986014127731323,-2.342404842376709,1.498651385307312,1.3986014127731323
155.68333333333334,3.779144763946533,1.4266330003738403,-0.0029679536819458008,-0.006198657210916281,-0.001538111362606287,-0.6762121319770813,-0.736679196357727,1.48522073499487,5.883954048156738,4.506019115447998,1.3986014127731323,-2.320359468460083,1.5343483686447144,1.3986014127731323
155.7,3.7792177200317383,1.4274632930755615,-0.002957873046398163,-0.006142036989331245,-0.0015393877401947975,-0.6760591864585876,-0.7368200421333313,1.4848056044330682,5.907269477844238,3.697040557861328,1.3986014127731323,-2.298400640487671,1.5384918451309204,1.3986014127731323
155.71666666666667,3.7792866230010986,1.428282618522644,-0.002968013286590576,-0.006202655844390392,-0.0015326908323913813,-0.6759656667709351,-0.7369054555892944,1.484551701300293,5.930584907531738,4.571351528167725,1.3986014127731323,-2.27630877494812,1.5096348524093628,1.3986014127731323
155.73333333333332,3.7793593406677246,1.4291090965270996,-0.0029589757323265076,-0.006150238215923309,-0.0015284146647900343,-0.6758131980895996,-0.7370456457138062,1.4841379391752707,5.953900337219238,3.4723150730133057,1.3986014127731323,-2.2544493675231934,1.4928627014160156,1.3986014127731323
155.75,3.7794301509857178,1.4299284219741821,-0.0029664114117622375,-0.006191103719174862,-0.0015356605872511864,-0.6757110953330994,-0.7371389269828796,1.483860927917271,5.977215766906738,4.49542760848999,1.3986014127731323,-2.2323949337005615,1.5345386266708374,1.3986014127731323
155.76666666666668,3.7795023918151855,1.4307581186294556,-0.002961672842502594,-0.0061668092384934425,-0.0015259194187819958,-0.6755672097206116,-0.7372709512710571,1.4834705238967028,6.000531196594238,3.4874541759490967,1.3986014127731323,-2.21042537689209,1.4857110977172852,1.3986014127731323
155.78333333333333,3.7795732021331787,1.4315764904022217,-0.0029675737023353577,-0.006196122150868177,-0.0015310586895793676,-0.6754661202430725,-0.7373633980751038,1.483196345657882,6.023846626281738,4.493435382843018,1.3986014127731323,-2.188377618789673,1.5293121337890625,1.3986014127731323
155.8,3.779646873474121,1.4324063062667847,-0.00295894593000412,-0.006147575564682484,-0.0015327360015362501,-0.6753129363059998,-0.7375040054321289,1.482780939296964,6.047162055969238,3.68912935256958,1.3986014127731323,-2.1664273738861084,1.5376131534576416,1.3986014127731323
155.81666666666666,3.7797179222106934,1.4332256317138672,-0.002968892455101013,-0.006205456331372261,-0.0015251203440129757,-0.6752223968505859,-0.7375865578651428,1.4825353492898925,6.070477485656738,4.543947219848633,1.3986014127731323,-2.1443021297454834,1.5224199295043945,1.3986014127731323
155.83333333333334,3.779792547225952,1.4340543746948242,-0.002958916127681732,-0.006147438660264015,-0.0015291005838662386,-0.6750654578208923,-0.7377306222915649,1.4821099164457556,6.093792915344238,3.6878278255462646,1.3986014127731323,-2.1224172115325928,1.5174249410629272,1.3986014127731323
155.85,3.7798640727996826,1.434870958328247,-0.0029678940773010254,-0.006201296113431454,-0.0015227710828185081,-0.6749684810638428,-0.7378188967704773,1.4818469472481444,6.117108345031738,4.47491455078125,1.3986014127731323,-2.1003949642181396,1.5336430072784424,1.3986014127731323
155.86666666666667,3.7799384593963623,1.43570077419281,-0.00296127051115036,-0.006164169870316982,-0.0015197962056845427,-0.6748223900794983,-0.7379528284072876,1.481450990285207,6.140423774719238,3.5479578971862793,1.3986014127731323,-2.0784263610839844,1.493528127670288,1.3986014127731323
155.88333333333333,3.7800111770629883,1.4365191459655762,-0.0029682740569114685,-0.00620120856910944,-0.0015218397602438927,-0.6747236251831055,-0.7380427122116089,1.4811833138828734,6.163739204406738,4.502686023712158,1.3986014127731323,-2.0563814640045166,1.5340361595153809,1.3986014127731323
155.9,3.7800869941711426,1.43734872341156,-0.0029592663049697876,-0.006150192115455866,-0.001524448161944747,-0.6745690107345581,-0.7381845712661743,1.4807644482984021,6.187054634094238,3.697397470474243,1.3986014127731323,-2.0344350337982178,1.5366805791854858,1.3986014127731323
155.91666666666666,3.7801589965820312,1.4381669759750366,-0.002968303859233856,-0.00620310939848423,-0.0015170827973634005,-0.6744756102561951,-0.7382694482803345,1.4805113192308916,6.210370063781738,4.539143085479736,1.3986014127731323,-2.012361526489258,1.5078305006027222,1.3986014127731323
155.93333333333334,3.7802350521087646,1.43899405002594,-0.002959415316581726,-0.006151662208139896,-0.001515776850283146,-0.6743215322494507,-0.7384107708930969,1.4800940133696106,6.233685493469238,3.5356333255767822,1.3986014127731323,-1.9904932975769043,1.5004782676696777,1.3986014127731323
155.95,3.780308723449707,1.439812421798706,-0.002967067062854767,-0.0061952341347932816,-0.0015184935182332993,-0.6742207407951355,-0.7385022640228271,1.4798210063129473,6.257000923156738,4.495419502258301,1.3986014127731323,-1.968448281288147,1.5331333875656128,1.3986014127731323
155.96666666666667,3.7803847789764404,1.44064199924469,-0.0029621049761772156,-0.0061691440641880035,-0.0015108510851860046,-0.674076497554779,-0.7386343479156494,1.479430402452841,6.280316352844238,3.4911296367645264,1.3986014127731323,-1.9464747905731201,1.4854660034179688,1.3986014127731323
155.98333333333332,3.780458450317383,1.4414595365524292,-0.0029679611325263977,-0.006199299823492765,-0.0015122720506042242,-0.6739751696586609,-0.7387264370918274,1.479156032990933,-6.262739181518555,4.477993011474609,1.3986014127731323,-1.9244452714920044,1.5244215726852417,1.3986014127731323
156.0,3.780535936355591,1.4422897100448608,-0.0029595717787742615,-0.006151176057755947,-0.0015178222674876451,-0.6738212704658508,-0.7388671636581421,1.478739490192059,-6.239423751831055,3.71883225440979,1.3986014127731323,-1.9024828672409058,1.5394868850708008,1.3986014127731323
156.01666666666668,3.7806098461151123,1.4431079626083374,-0.0029694512486457825,-0.006209788843989372,-0.0015089712105691433,-0.6737305521965027,-0.7389493584632874,1.4784938363493214,-6.216108322143555,4.525870323181152,1.3986014127731323,-1.880380630493164,1.5182381868362427,1.3986014127731323
156.03333333333333,3.7806880474090576,1.4439353942871094,-0.002959012985229492,-0.006148437969386578,-0.0015101614408195019,-0.673573911190033,-0.7390927672386169,1.4780699997408733,-6.192792892456055,3.621413230895996,1.3986014127731323,-1.8585158586502075,1.5088224411010742,1.3986014127731323
156.05,3.7807631492614746,1.444752812385559,-0.002968437969684601,-0.006203565746545792,-0.0015107516665011644,-0.6734759211540222,-0.7391814589500427,1.4778048031762512,-6.169477462768555,4.51122522354126,1.3986014127731323,-1.8364630937576294,1.5421371459960938,1.3986014127731323
156.06666666666666,3.780839681625366,1.4455828666687012,-0.0029615983366966248,-0.006165596190840006,-0.001507507637143135,-0.6733284592628479,-0.7393161654472351,1.4774058749509085,-6.146162033081055,3.5902724266052246,1.3986014127731323,-1.8145005702972412,1.4987852573394775,1.3986014127731323
156.08333333333334,3.780916213989258,1.4463996887207031,-0.0029685571789741516,-0.006202385760843754,-0.0015038670971989632,-0.6732296347618103,-0.7394059896469116,1.4771385199790534,-6.122846603393555,4.491914749145508,1.3986014127731323,-1.7924704551696777,1.526942491531372,1.3986014127731323
156.1,3.7809958457946777,1.4472299814224243,-0.002959050238132477,-0.006148003973066807,-0.0015095234848558903,-0.6730750799179077,-0.7395470142364502,1.4767205846290146,-6.099531173706055,3.74182391166687,1.3986014127731323,-1.7704998254776,1.5421662330627441,1.3986014127731323
156.11666666666667,3.781071424484253,1.4480479955673218,-0.0029693469405174255,-0.006208457984030247,-0.0015020170249044895,-0.6729841232299805,-0.7396294474601746,1.4764745448692487,-6.076215744018555,4.541933059692383,1.3986014127731323,-1.7484142780303955,1.5126140117645264,1.3986014127731323
156.13333333333333,3.7811505794525146,1.448874592781067,-0.0029602572321891785,-0.00615664292126894,-0.0015018233098089695,-0.6728282570838928,-0.7397716641426086,1.4760531616292532,-6.052900314331055,3.5621509552001953,1.3986014127731323,-1.7265491485595703,1.5033890008926392,1.3986014127731323
156.15,3.7812278270721436,1.4496922492980957,-0.0029682815074920654,-0.006201351992785931,-0.0015034361276775599,-0.6727284789085388,-0.7398619055747986,1.475783391127472,-6.029584884643555,4.467947959899902,1.3986014127731323,-1.7045084238052368,1.5407912731170654,1.3986014127731323
156.16666666666666,3.7813072204589844,1.45052170753479,-0.0029621943831443787,-0.006168750114738941,-0.0014978989493101835,-0.6725817918777466,-0.7399955987930298,1.4753869051489736,-6.006269454956055,3.5525169372558594,1.3986014127731323,-1.6825428009033203,1.4930036067962646,1.3986014127731323
156.18333333333334,3.7813844680786133,1.451338768005371,-0.0029687657952308655,-0.0062048002146184444,-0.0014982093125581741,-0.672481119632721,-0.7400867938995361,1.4751148139758357,-5.982954025268555,4.49761962890625,1.3986014127731323,-1.6605149507522583,1.524259328842163,1.3986014127731323
156.2,3.7814648151397705,1.45216703414917,-0.0029603317379951477,-0.006156709976494312,-0.0014997690450400114,-0.6723290085792542,-0.7402253150939941,1.4747038390253342,-5.959638595581055,3.606814384460449,1.3986014127731323,-1.6385765075683594,1.5295016765594482,1.3986014127731323
156.21666666666667,3.7815420627593994,1.452986240386963,-0.0029693245887756348,-0.00620797835290432,-0.0014933613128960133,-0.6722359657287598,-0.7403093576431274,1.474452378298139,-5.936323165893555,4.517910003662109,1.3986014127731323,-1.616451382637024,1.5233718156814575,1.3986014127731323
156.23333333333332,3.781622886657715,1.4538151025772095,-0.0029596686363220215,-0.006151949055492878,-0.0014981734566390514,-0.67207932472229,-0.7404520511627197,1.474029332436846,-5.913007736206055,3.7127411365509033,1.3986014127731323,-1.5945438146591187,1.520121455192566,1.3986014127731323
156.25,3.7817013263702393,1.4546308517456055,-0.0029692798852920532,-0.006208332255482674,-0.0014923808630555868,-0.6719836592674255,-0.7405385375022888,1.4737708871896271,-5.889692306518555,4.474520206451416,1.3986014127731323,-1.5725094079971313,1.5381696224212646,1.3986014127731323
156.26666666666668,3.781782388687134,1.4554603099822998,-0.002962052822113037,-0.0061675384640693665,-0.0014917445369064808,-0.6718358397483826,-0.7406728863716125,1.4733717254743293,-5.866376876831055,3.581869602203369,1.3986014127731323,-1.5505428314208984,1.498169183731079,1.3986014127731323
156.28333333333333,3.7818613052368164,1.4562774896621704,-0.0029692798852920532,-0.0062068309634923935,-0.001491235801950097,-0.6717369556427002,-0.7407622337341309,1.4731046998714084,-5.843061447143555,4.5032758712768555,1.3986014127731323,-1.5285059213638306,1.5317602157592773,1.3986014127731323
156.3,3.7819437980651855,1.4571062326431274,-0.002960205078125,-0.006155516020953655,-0.0014932823833078146,-0.6715827584266663,-0.7409023642539978,1.472688471062456,-5.819746017456055,3.6672701835632324,1.3986014127731323,-1.5065594911575317,1.5340440273284912,1.3986014127731323
156.31666666666666,3.782022714614868,1.4579246044158936,-0.0029696524143218994,-0.006210349500179291,-0.0014867712743580341,-0.6714902520179749,-0.7409858703613281,1.4724387031861028,-5.796430587768555,4.539895057678223,1.3986014127731323,-1.48445725440979,1.5179588794708252,1.3986014127731323
156.33333333333334,3.7821061611175537,1.4587514400482178,-0.0029603391885757446,-0.006156522314995527,-0.0014878339134156704,-0.6713340282440186,-0.7411277294158936,1.472017121860649,-5.773115158081055,3.603633403778076,1.3986014127731323,-1.462581753730774,1.5082097053527832,1.3986014127731323
156.35,3.7821860313415527,1.4595686197280884,-0.0029691457748413086,-0.006207340396940708,-0.0014866990968585014,-0.6712353229522705,-0.741216778755188,1.4717507391492262,-5.749799728393555,4.482260227203369,1.3986014127731323,-1.4405388832092285,1.5397783517837524,1.3986014127731323
156.36666666666667,3.782268762588501,1.460397720336914,-0.002962544560432434,-0.0061716437339782715,-0.0014820806682109833,-0.6710880398750305,-0.7413504719734192,1.471353376855039,-5.726484298706055,3.56538724899292,1.3986014127731323,-1.4185731410980225,1.4948617219924927,1.3986014127731323
156.38333333333333,3.7823498249053955,1.4612150192260742,-0.002969875931739807,-0.006209786981344223,-0.0014838017523288727,-0.6709887385368347,-0.7414401173591614,1.4710854983154702,-5.703168869018555,4.510030746459961,1.3986014127731323,-1.3965243101119995,1.5348784923553467,1.3986014127731323
156.4,3.78243350982666,1.4620438814163208,-0.0029608607292175293,-0.0061578089371323586,-0.001487915636971593,-0.6708329916000366,-0.7415814399719238,1.4706654956080876,-5.679853439331055,3.712207078933716,1.3986014127731323,-1.37458336353302,1.5379183292388916,1.3986014127731323
156.41666666666666,3.7825138568878174,1.4628617763519287,-0.0029705241322517395,-0.006214889697730541,-0.0014779339544475079,-0.6707414984703064,-0.7416636347770691,1.470418633826298,-5.656538009643555,4.526030540466309,1.3986014127731323,-1.3524816036224365,1.5208325386047363,1.3986014127731323
156.43333333333334,3.782599449157715,1.4636892080307007,-0.0029596909880638123,-0.006152117624878883,-0.0014807784464210272,-0.6705849170684814,-0.7418057918548584,1.4699965194144646,-5.633222579956055,3.642003297805786,1.3986014127731323,-1.3305952548980713,1.5129913091659546,1.3986014127731323
156.45,3.7826802730560303,1.464505672454834,-0.0029694437980651855,-0.006209380924701691,-0.0014796515461057425,-0.6704855561256409,-0.7418950200080872,1.4697285825246853,-5.609907150268555,4.507894039154053,1.3986014127731323,-1.3085577487945557,1.5360488891601562,1.3986014127731323
156.46666666666667,3.782764434814453,1.4653339385986328,-0.0029631033539772034,-0.006174925714731216,-0.001471861731261015,-0.6703400611877441,-0.7420269250869751,1.469336394732438,-5.586591720581055,3.493316411972046,1.3986014127731323,-1.2865941524505615,1.485605239868164,1.3986014127731323
156.48333333333332,3.7828474044799805,1.4661515951156616,-0.0029693543910980225,-0.0062071941792964935,-0.0014762063510715961,-0.6702390313148499,-0.7421177625656128,1.469064093062288,-5.563276290893555,4.494251728057861,1.3986014127731323,-1.2645500898361206,1.5301644802093506,1.3986014127731323
156.5,3.782932758331299,1.4669800996780396,-0.0029616951942443848,-0.0061640008352696896,-0.00147906132042408,-0.6700833439826965,-0.7422586679458618,1.4686446182518493,-5.539960861206055,3.6805670261383057,1.3986014127731323,-1.2426118850708008,1.5342109203338623,1.3986014127731323
156.51666666666668,3.783015251159668,1.4677976369857788,-0.0029703229665756226,-0.006213687360286713,-0.001469954615458846,-0.6699906587600708,-0.7423419952392578,1.4683948035795018,-5.516645431518555,4.50599479675293,1.3986014127731323,-1.2205275297164917,1.5121108293533325,1.3986014127731323
156.53333333333333,3.7831015586853027,1.4686249494552612,-0.0029610544443130493,-0.006161417346447706,-0.0014719446189701557,-0.6698338985443115,-0.742483913898468,1.4679725760496718,-5.493330001831055,3.629399299621582,1.3986014127731323,-1.1986439228057861,1.5109516382217407,1.3986014127731323
156.55,3.7831850051879883,1.4694406986236572,-0.0029698535799980164,-0.006210550665855408,-0.0014709122478961945,-0.6697354912757874,-0.7425723671913147,1.467707486166988,-5.470014572143555,4.476490497589111,1.3986014127731323,-1.17660391330719,1.5393531322479248,1.3986014127731323
156.56666666666666,3.7832705974578857,1.4702696800231934,-0.002962939441204071,-0.006173045374453068,-0.0014678994193673134,-0.6695873141288757,-0.7427061796188354,1.4673084336650253,-5.446699142456055,3.580481767654419,1.2587412595748901,-1.1546393632888794,1.4969761371612549,1.2587412595748901
156.58333333333334,3.783348321914673,1.4710204601287842,-0.0029700621962547302,-0.006212097592651844,-0.0014798948541283607,-0.669539213180542,-0.7427492141723633,1.4671789635640122,-5.425718307495117,4.482302188873291,1.118881106376648,-1.1340053081512451,1.4406671524047852,1.118881106376648
156.6,3.783416509628296,1.4716815948486328,-0.0029704347252845764,-0.0062153954058885574,-0.0014820124488323927,-0.6695041060447693,-0.7427809238433838,1.4670844598597397,-5.407072067260742,4.832221984863281,1.118881106376648,-1.1157076358795166,1.2817895412445068,1.118881106376648
156.61666666666667,3.7834861278533936,1.4723488092422485,-0.0029620081186294556,-0.006164730526506901,-0.0014743164647370577,-0.6693572998046875,-0.742913544178009,1.4666891898929943,-5.388425827026367,3.569117546081543,0.8391608595848083,-1.0983067750930786,1.279281497001648,0.8391608595848083
156.63333333333333,3.7835397720336914,1.4728639125823975,-0.002972334623336792,-0.006226222962141037,-0.001478851307183504,-0.6693655848503113,-0.7429054975509644,1.466711464138217,-5.374433517456055,4.062090873718262,0.6993007063865662,-1.083775520324707,1.013530969619751,0.6993007063865662
156.65,3.7835822105407715,1.473271369934082,-0.002971537411212921,-0.006222320254892111,-0.0014782652724534273,-0.6693301796913147,-0.7429375052452087,1.4666161626580112,-5.362775802612305,4.160828590393066,0.559440553188324,-1.0726261138916016,0.8866004943847656,0.559440553188324
156.66666666666666,3.7836155891418457,1.4735946655273438,-0.0029724836349487305,-0.006227543577551842,-0.001477513462305069,-0.6693105101585388,-0.7429550886154175,1.4665631908971273,-5.353452682495117,3.9180450439453125,0.4195804297924042,-1.0637191534042358,0.7651209235191345,0.4195804297924042
156.68333333333334,3.783644199371338,1.4738636016845703,-0.0029609352350234985,-0.006157157476991415,-0.001471994211897254,-0.6692283749580383,-0.7430297136306763,1.4663421308257603,-5.346464157104492,2.664736270904541,0.279720276594162,-1.0569356679916382,0.577587366104126,0.279720276594162
156.7,3.7836594581604004,1.4740201234817505,-0.0029720142483711243,-0.00621873140335083,-0.0014649878721684217,-0.6692013740539551,-0.7430536150932312,1.4662693664398765,-5.341794967651367,2.6056439876556396,0.279720276594162,-1.0528100728988647,0.5192642211914062,0.279720276594162
156.71666666666667,3.783674955368042,1.4741634130477905,-0.002968631684780121,-0.006195669062435627,-0.0014586260076612234,-0.6691380143165588,-0.7431107759475708,1.466098800081916,-5.337125778198242,2.416949987411499,0.0,-1.0492972135543823,0.44732680916786194,0.0
156.73333333333332,3.783676862716675,1.474171757698059,-0.0029666200280189514,-0.006184843834489584,-0.0014654113911092281,-0.6691973805427551,-0.7430574893951416,1.4662586492255316,-5.337125778198242,1.6007033586502075,0.0,-1.0484801530838013,-0.07881772518157959,0.0
156.75,3.7836766242980957,1.4741697311401367,-0.002970166504383087,-0.006217815913259983,-0.001450044335797429,-0.6691944599151611,-0.7430598735809326,1.4662506549526766,-5.337125778198242,1.5942386388778687,0.0,-1.0486681461334229,0.24883128702640533,0.0
156.76666666666668,3.783676862716675,1.474168062210083,-0.0029592514038085938,-0.00616209302097559,-0.0014656949788331985,-0.6691969037055969,-0.7430581450462341,1.466257392461084,-5.337125778198242,1.4483238458633423,0.0,-1.0486538410186768,0.1614207923412323,0.0
156.78333333333333,3.7836763858795166,1.474167823791504,-0.002967528998851776,-0.006201723124831915,-0.0014713392592966557,-0.6691985726356506,-0.7430563569068909,1.4662618970114352,-5.337125778198242,1.5056232213974,0.0,-1.0486582517623901,0.08113589882850647,0.0
156.8,3.7836766242980957,1.4741684198379517,-0.0029659271240234375,-0.006188416853547096,-0.0014755898155272007,-0.6691976189613342,-0.7430572509765625,1.4662593614069876,-5.337125778198242,1.4151079654693604,0.0,-1.0486704111099243,0.1560726910829544,0.0
156.81666666666666,3.783677101135254,1.4741681814193726,-0.0029670074582099915,-0.006194877903908491,-0.0014726156368851662,-0.6692038774490356,-0.7430515289306641,1.4662761750881728,-5.337125778198242,1.4343631267547607,0.0,-1.0486841201782227,0.026050232350826263,0.0
156.83333333333334,3.7836766242980957,1.4741642475128174,-0.0029664039611816406,-0.0061913952231407166,-0.0014725911896675825,-0.6691724061965942,-0.7430799603462219,1.4661914816401322,-5.337125778198242,1.5342761278152466,0.0,-1.0490984916687012,0.3746805787086487,0.0
156.85,3.7836763858795166,1.4741630554199219,-0.002962745726108551,-0.006174183916300535,-0.0014776417519897223,-0.6691648364067078,-0.7430868148803711,1.4661711442164373,-5.337125778198242,1.7805655002593994,0.0,-1.0492031574249268,0.2720161974430084,0.0
156.86666666666667,3.7836759090423584,1.4741638898849487,-0.002965308725833893,-0.0061905160546302795,-0.0014778340701013803,-0.6691696643829346,-0.7430822253227234,1.4661841109712388,-5.337125778198242,1.768269419670105,0.0,-1.049124002456665,0.1577499359846115,0.0
156.88333333333333,3.7836763858795166,1.474164366722107,-0.0029657408595085144,-0.006187700666487217,-0.0014806145336478949,-0.6691739559173584,-0.7430784702301025,1.4661956957794111,-5.337125778198242,1.7090097665786743,0.0,-1.0490578413009644,0.053586848080158234,0.0
156.9,3.7836759090423584,1.4741618633270264,-0.0029676780104637146,-0.006199412047863007,-0.0014747537206858397,-0.6691553592681885,-0.7430952787399292,1.4661456146822367,-5.337125778198242,1.704132318496704,0.0,-1.0493332147598267,0.39743003249168396,0.0
156.91666666666666,3.7836756706237793,1.4741606712341309,-0.0029627159237861633,-0.00617418484762311,-0.0014787260442972183,-0.669148862361908,-0.7431012392044067,1.466128165147292,-5.337125778198242,1.8923218250274658,0.0,-1.0494109392166138,0.28740954399108887,0.0
156.93333333333334,3.7836761474609375,1.4741613864898682,-0.002965182065963745,-0.006189743522554636,-0.0014804271049797535,-0.669151782989502,-0.7430984973907471,1.4661360270179669,-5.337125778198242,1.8911848068237305,0.0,-1.0493561029434204,0.19639386236667633,0.0
156.95,3.7836763858795166,1.4741613864898682,-0.0029654651880264282,-0.006189738865941763,-0.0014823488891124725,-0.6691515445709229,-0.7430986166000366,1.4661353858039496,-5.337125778198242,1.8839597702026367,0.0,-1.0493459701538086,0.11858531087636948,0.0
156.96666666666667,3.7836761474609375,1.4741623401641846,-0.0029670223593711853,-0.006195823661983013,-0.001478628721088171,-0.669152021408081,-0.7430981397628784,1.4661366376750533,-5.337125778198242,1.9138128757476807,0.0,-1.04933500289917,0.11110794544219971,0.0
156.98333333333332,3.783675193786621,1.4741601943969727,-0.0029678791761398315,-0.006202480755746365,-0.0014750445261597633,-0.6691403985023499,-0.7431086301803589,1.4661053360430776,-5.337125778198242,1.8659759759902954,0.0,-1.0495165586471558,0.40447378158569336,0.0
157.0,3.783674955368042,1.474158525466919,-0.002962552011013031,-0.006176592316478491,-0.0014791295398026705,-0.6691346168518066,-0.7431141138076782,1.4660898358383117,-5.337125778198242,2.0196235179901123,0.0,-1.0495887994766235,0.3023315966129303,0.0
157.01666666666668,3.7836759090423584,1.4741597175598145,-0.0029646456241607666,-0.006188150495290756,-0.001482990337535739,-0.669137179851532,-0.7431117296218872,1.4660967543338952,-5.337125778198242,2.0237324237823486,0.0,-1.0495473146438599,0.22818690538406372,0.0
157.03333333333333,3.7836759090423584,1.4741592407226562,-0.0029654428362846375,-0.006192297674715519,-0.0014837202616035938,-0.6691344380378723,-0.7431141138076782,1.4660893699249873,-5.337125778198242,2.026132583618164,0.0,-1.0495615005493164,0.18138904869556427,0.0
157.05,3.7836759090423584,1.4741591215133667,-0.002966076135635376,-0.006194311194121838,-0.0014827055856585503,-0.669134259223938,-0.7431142330169678,1.4660888761564603,-5.337125778198242,2.0220041275024414,0.0,-1.0495586395263672,0.13399018347263336,0.0
157.06666666666666,3.7836759090423584,1.474159598350525,-0.002967134118080139,-0.006198126822710037,-0.0014808503910899162,-0.6691362261772156,-0.7431124448776245,1.4660941553228264,-5.337125778198242,2.019794225692749,0.0,-1.0495407581329346,0.10738412290811539,0.0
157.08333333333334,3.7836754322052,1.4741584062576294,-0.002967625856399536,-0.006203317083418369,-0.0014765518717467785,-0.6691272854804993,-0.7431203722953796,1.4660700466654475,-5.337125778198242,2.0079028606414795,0.0,-1.0496914386749268,0.39508646726608276,0.0
157.1,3.783674716949463,1.4741570949554443,-0.0029625818133354187,-0.006178233772516251,-0.0014826885890215635,-0.6691203713417053,-0.7431267499923706,1.4660514963398248,-5.337125778198242,2.149273157119751,0.0,-1.0497677326202393,0.3112987279891968,0.0
157.11666666666667,3.783675193786621,1.474156379699707,-0.0029641836881637573,-0.006187768653035164,-0.001484511187300086,-0.6691156029701233,-0.7431310415267944,1.466038679194369,-5.337125778198242,2.186396598815918,0.0,-1.0498368740081787,0.28441670536994934,0.0
157.13333333333333,3.783675193786621,1.4741556644439697,-0.002964392304420471,-0.006189615931361914,-0.0014851295854896307,-0.6691101789474487,-0.743135929107666,1.4660240873707309,-5.337125778198242,2.222102642059326,0.0,-1.0498967170715332,0.26740825176239014,0.0
157.15,3.783675193786621,1.4741551876068115,-0.0029646307229995728,-0.006191123276948929,-0.0014856487978249788,-0.6691045165061951,-0.7431408166885376,1.4660088231507795,-5.337125778198242,2.2601068019866943,0.0,-1.0499722957611084,0.26572149991989136,0.0
157.16666666666666,3.783674716949463,1.4741545915603638,-0.0029649287462234497,-0.006193215027451515,-0.0014856201596558094,-0.6690987944602966,-0.7431461811065674,1.4659934541062964,-5.337125778198242,2.309356451034546,0.0,-1.050031065940857,0.26962947845458984,0.0
157.18333333333334,3.783674478530884,1.474153995513916,-0.0029649287462234497,-0.006192830391228199,-0.0014862464740872383,-0.6690937876701355,-0.7431506514549255,1.465979979007259,-5.337125778198242,2.348879098892212,0.0,-1.0500959157943726,0.2779594659805298,0.0
157.2,3.783674716949463,1.4741531610488892,-0.002964898943901062,-0.006194281857460737,-0.0014853887259960175,-0.6690889596939087,-0.7431549429893494,1.465966972595648,-5.337125778198242,2.3831379413604736,0.0,-1.0501586198806763,0.289336621761322,0.0
157.21666666666667,3.7836742401123047,1.4741524457931519,-0.002964712679386139,-0.0061935242265462875,-0.0014858103822916746,-0.6690825819969177,-0.7431607246398926,1.4659498175526062,-5.337125778198242,2.447608232498169,0.0,-1.050245761871338,0.3022061884403229,0.0
157.23333333333332,3.7836742401123047,1.4741517305374146,-0.002964489161968231,-0.006193067412823439,-0.0014858911745250225,-0.6690757274627686,-0.7431668043136597,1.465931358677982,-5.337125778198242,2.518611192703247,0.0,-1.0503331422805786,0.31498095393180847,0.0
157.25,3.7836742401123047,1.4741510152816772,-0.002964489161968231,-0.00619454076513648,-0.0014854655601084232,-0.6690681576728821,-0.7431737780570984,1.465911007135037,-5.337125778198242,2.593553304672241,0.0,-1.0504175424575806,0.32460224628448486,0.0
157.26666666666668,3.7836740016937256,1.4741498231887817,-0.002964407205581665,-0.006194445304572582,-0.0014859132934361696,-0.6690607070922852,-0.7431804537773132,1.4658909556926958,-5.337125778198242,2.665025472640991,0.0,-1.0505061149597168,0.3163101077079773,0.0
157.28333333333333,3.7836737632751465,1.4741485118865967,-0.0029643625020980835,-0.006194423418492079,-0.0014862976968288422,-0.6690536737442017,-0.7431866526603699,1.4658720126248999,-5.337125778198242,2.7210659980773926,0.0,-1.0505974292755127,0.305488258600235,0.0
157.3,3.7836732864379883,1.4741472005844116,-0.0029645636677742004,-0.006195884197950363,-0.0014868718571960926,-0.669047474861145,-0.7431923747062683,1.4658553555915792,-5.337125778198242,2.745039224624634,0.0,-1.0506868362426758,0.2921910583972931,0.0
157.31666666666666,3.7836735248565674,1.4741460084915161,-0.002964511513710022,-0.006196202244609594,-0.001486329361796379,-0.6690412759780884,-0.7431978583335876,1.465838656870563,-5.337125778198242,2.770188093185425,0.0,-1.0507798194885254,0.29564788937568665,0.0
157.33333333333334,3.7836732864379883,1.4741448163986206,-0.002964518964290619,-0.006195573136210442,-0.0014878883957862854,-0.6690353155136108,-0.7432031631469727,1.4658226197525392,-5.337125778198242,2.790889024734497,0.0,-1.0508630275726318,0.2870575487613678,0.0
157.35,3.78367280960083,1.4741437435150146,-0.002964884042739868,-0.006198745220899582,-0.0014871896710246801,-0.669029712677002,-0.7432082295417786,1.4658075417347405,-5.337125778198242,2.818070888519287,0.0,-1.0509388446807861,0.28846514225006104,0.0
157.36666666666667,3.7836735248565674,1.4741425514221191,-0.0029645487666130066,-0.006196463014930487,-0.001486997352913022,-0.669025182723999,-0.7432124614715576,1.4657953712885072,-5.337125778198242,2.839017152786255,0.0,-1.0510218143463135,0.28360164165496826,0.0
157.38333333333333,3.7836735248565674,1.4741411209106445,-0.0029646754264831543,-0.006197991780936718,-0.0014870504382997751,-0.6690188646316528,-0.7432180643081665,1.4657783586155195,-5.337125778198242,2.870903491973877,-0.05431235209107399,-1.0511053800582886,0.269615113735199,0.05431235209107399
157.4,3.7836718559265137,1.4741357564926147,-0.0029661953449249268,-0.006206057500094175,-0.0014879268128424883,-0.6690924167633057,-0.7431517839431763,1.4659762916294041,-5.33802604675293,2.9806008338928223,-0.05431235209107399,-1.0506134033203125,0.20137862861156464,0.05431235209107399
157.41666666666666,3.783670425415039,1.474125862121582,-0.002968423068523407,-0.006217987276613712,-0.001477599609643221,-0.6691526770591736,-0.7430974245071411,1.466138384282549,-5.338926315307617,3.123901844024658,-0.16293705999851227,-1.0503727197647095,0.23830193281173706,0.16293705999851227
157.43333333333334,3.7836673259735107,1.4741002321243286,-0.002968892455101013,-0.006221340969204903,-0.001484970562160015,-0.6693736910820007,-0.7428982853889465,1.4667333420530353,-5.341642379760742,3.242859363555908,-0.21724940836429596,-1.0491257905960083,0.25341230630874634,0.21724940836429596
157.45,3.7836647033691406,1.4740689992904663,-0.0029669255018234253,-0.006207314319908619,-0.0014856364578008652,-0.6696794629096985,-0.7426228523254395,1.4675566895825929,-5.345258712768555,3.4323270320892334,-0.27156177163124084,-1.0472257137298584,0.7191978096961975,0.27156177163124084
157.46666666666667,3.7836623191833496,1.4740312099456787,-0.0029632747173309326,-0.006183505989611149,-0.0014883314725011587,-0.6700654625892639,-0.7422747611999512,1.4685965044098295,-5.349790573120117,3.7471749782562256,-0.32587411999702454,-1.0447652339935303,-0.14108812808990479,0.32587411999702454
157.48333333333332,3.783665418624878,1.4739903211593628,-0.0029569044709205627,-0.006151772569864988,-0.001497088698670268,-0.6705421209335327,-0.7418444752693176,1.4698812578082814,-5.355222702026367,-0.06121167540550232,-0.3801864683628082,-1.0414372682571411,0.3359106183052063,0.3801864683628082
157.5,3.783656358718872,1.4739452600479126,-0.002974368631839752,-0.0062307314947247505,-0.0014645711053162813,-0.6710901856422424,-0.741348147392273,1.4713590076648042,-5.361555099487305,-0.9325803518295288,-0.3801864683628082,-1.037738561630249,0.6311237812042236,0.3801864683628082
157.51666666666668,3.7836551666259766,1.4739242792129517,-0.0029595792293548584,-0.006157898344099522,-0.001500352518633008,-0.6716217994689941,-0.740867018699646,1.4727939163130885,-5.367887496948242,1.862791895866394,-0.488811194896698,-1.0334351062774658,0.47564175724983215,0.488811194896698
157.53333333333333,3.7836520671844482,1.4738935232162476,-0.0029588788747787476,-0.006151661276817322,-0.001508113695308566,-0.67232346534729,-0.7402304410934448,1.4746889323972507,-5.376035690307617,1.7079998254776,-0.5431235432624817,-1.028008222579956,1.2492767572402954,0.5431235432624817
157.55,3.7836501598358154,1.4738425016403198,-0.002962648868560791,-0.00617522606626153,-0.0015140415634959936,-0.6731529235839844,-0.7394760847091675,1.4769311379303052,-5.38508415222168,3.7623469829559326,-0.5974358916282654,-1.0215821266174316,0.3839307725429535,0.5974358916282654
157.56666666666666,3.7836520671844482,1.4737871885299683,-0.002956010401248932,-0.006146886385977268,-0.0015318086370825768,-0.6740909218788147,-0.7386212348937988,1.4794696093074124,-5.395048141479492,-1.567228078842163,-0.6517482399940491,-1.0141440629959106,0.3221088945865631,0.6517482399940491
157.58333333333334,3.7836570739746094,1.4737306833267212,-0.0029638633131980896,-0.0061906808987259865,-0.0015353802591562271,-0.6751431822776794,-0.7376590371131897,1.4823206368560093,-5.405912399291992,-1.9184942245483398,-0.7060605883598328,-1.0056874752044678,0.4750569760799408,0.7060605883598328
157.6,3.7836625576019287,1.4736809730529785,-0.0029572322964668274,-0.006159765645861626,-0.0015585660003125668,-0.6762515306472778,-0.7366434335708618,1.485327882315224,-5.41767692565918,-0.6566336750984192,-0.7060605883598328,-0.9964424967765808,-0.008683326654136181,0.7060605883598328
157.61666666666667,3.7836697101593018,1.4736477136611938,-0.0029563382267951965,-0.006149573251605034,-0.0015653008595108986,-0.6774033308029175,-0.7355844378471375,1.488457270306834,-5.429441452026367,-0.7164492011070251,-0.8146852850914001,-0.98687344789505,0.2940637469291687,0.8146852850914001
157.63333333333333,3.783674478530884,1.4736031293869019,-0.0029600635170936584,-0.006169618107378483,-0.0015758094377815723,-0.6787154674530029,-0.7343736886978149,1.4920277881145212,-5.443021774291992,-0.8753994703292847,-0.8689976930618286,-0.9755427837371826,0.330905944108963,0.8689976930618286
157.65,3.7836802005767822,1.4735685586929321,-0.002956993877887726,-0.006142381578683853,-0.0015858614351600409,-0.680095911026001,-0.7330957651138306,1.495790588461769,-5.457502365112305,0.10408719629049301,-0.9233100414276123,-0.9634107947349548,0.4965289831161499,0.9233100414276123
157.66666666666666,3.783682107925415,1.4735361337661743,-0.002958446741104126,-0.006143899634480476,-0.0015945544000715017,-0.6815504431724548,-0.731743574142456,1.4997624047776712,-5.472898006439209,0.5192877650260925,-0.977622389793396,-0.9503762722015381,0.7668612003326416,0.977622389793396
157.68333333333334,3.783684253692627,1.4735081195831299,-0.002959415316581726,-0.006147173698991537,-0.001608897466212511,-0.6830924153327942,-0.7303042411804199,1.503981070252491,-5.489194393157959,0.8021093606948853,-1.0319347381591797,-0.9363850355148315,0.8362832069396973,1.0319347381591797
157.7,3.783686399459839,1.4734818935394287,-0.0029600635170936584,-0.006147867534309626,-0.0016240512486547232,-0.6847215294837952,-0.7287771105766296,1.5084472233042783,-5.5063910484313965,0.9319031238555908,-1.0319347381591797,-0.9214835166931152,0.8826040029525757,1.0319347381591797
157.71666666666667,3.783689022064209,1.4734629392623901,-0.0029597505927085876,-0.006142341531813145,-0.0016387044452130795,-0.6863645315170288,-0.7272298336029053,1.5129609386217184,-5.523587703704834,1.0375494956970215,-1.140559434890747,-0.9062325954437256,0.9027788639068604,1.140559434890747
157.73333333333332,3.78369140625,1.4734346866607666,-0.0029606521129608154,-0.006145911291241646,-0.0016548414714634418,-0.6881518363952637,-0.7255388498306274,1.5178820483563595,-5.542600154876709,1.5542303323745728,-1.1948717832565308,-0.8898140788078308,0.9900092482566833,1.1948717832565308
157.75,3.783693552017212,1.4734095335006714,-0.0029591619968414307,-0.006134198512881994,-0.0016737913247197866,-0.6900495886802673,-0.7237341403961182,1.5231198683537313,-5.5625128746032715,1.9683873653411865,-1.2491841316223145,-0.8722440600395203,1.1274172067642212,1.2491841316223145
157.76666666666668,3.7836921215057373,1.473359227180481,-0.002955824136734009,-0.006108444184064865,-0.0016916971653699875,-0.6921175122261047,-0.7217569351196289,1.5288422830815978,-5.5833258628845215,1.2965964078903198,-1.3034964799880981,-0.8537269234657288,1.144641637802124,1.3034964799880981
157.78333333333333,3.783691167831421,1.4732964038848877,-0.0029538869857788086,-0.0060927714221179485,-0.0017156701069325209,-0.6943030953407288,-0.71965491771698,1.5349074444469952,-5.6050543785095215,0.6761462688446045,-1.3034964799880981,-0.8343771696090698,1.0550888776779175,1.3034964799880981
157.8,3.7836925983428955,1.4732401371002197,-0.00295402854681015,-0.006092714611440897,-0.0017389040440320969,-0.6964966058731079,-0.7175320982933044,1.5410124799665854,-5.6267828941345215,1.0321136713027954,-1.3034964799880981,-0.8146907091140747,1.0366390943527222,1.3034964799880981
157.81666666666666,3.783694267272949,1.4731839895248413,-0.00295412540435791,-0.006089529953896999,-0.0017588732298463583,-0.6986851692199707,-0.7154012322425842,1.547121810400964,-5.6485114097595215,0.9709060192108154,-1.3034964799880981,-0.7949987649917603,1.024738073348999,1.3034964799880981
157.83333333333334,3.7836968898773193,1.4731268882751465,-0.002953760325908661,-0.006083803251385689,-0.0017807914409786463,-0.7008690237998962,-0.7132617831230164,1.5532362280954828,-5.6702399253845215,0.8967360854148865,-1.3034964799880981,-0.7752880454063416,1.0114601850509644,1.3034964799880981
157.85,3.783700942993164,1.4730689525604248,-0.0029536783695220947,-0.006080863531678915,-0.0018026016186922789,-0.7030454277992249,-0.7111166715621948,1.5593481176607815,-5.6919684410095215,0.8606227040290833,-1.3034964799880981,-0.7555986046791077,1.0044684410095215,1.3034964799880981
157.86666666666667,3.783705472946167,1.4730101823806763,-0.0029534325003623962,-0.006076809484511614,-0.0018229971174150705,-0.7052152156829834,-0.7089647054672241,1.5654598517884057,-5.7136969566345215,0.8220445513725281,-1.3034964799880981,-0.7359227538108826,0.9998695254325867,1.3034964799880981
157.88333333333333,3.7837109565734863,1.4729505777359009,-0.0029532834887504578,-0.0060719894245266914,-0.001844553044065833,-0.7073782682418823,-0.7068066596984863,1.5715711743005887,-5.7354254722595215,0.8097519874572754,-1.3034964799880981,-0.7162591814994812,1.00198233127594,1.3034964799880981
157.9,3.783716917037964,1.4728914499282837,-0.00295305997133255,-0.006067146081477404,-0.0018640661146491766,-0.7095332145690918,-0.7046433687210083,1.5776782192982997,-5.7571539878845215,0.8572949171066284,-1.3034964799880981,-0.6966013312339783,1.0098611116409302,1.3034964799880981
157.91666666666666,3.7837231159210205,1.472832441329956,-0.0029525980353355408,-0.006059994921088219,-0.0018834690563380718,-0.7116820216178894,-0.7024729251861572,1.583786621932317,-5.7788825035095215,0.8343061804771423,-1.3034964799880981,-0.6769407987594604,1.002864122390747,1.3034964799880981
157.93333333333334,3.7837297916412354,1.4727733135223389,-0.0029525235295295715,-0.006055259145796299,-0.0019041721243411303,-0.7138240933418274,-0.7002962827682495,1.589894752995826,-5.8006110191345215,0.8360791206359863,-1.3034964799880981,-0.65728360414505,1.005810022354126,1.3034964799880981
157.95,3.7837374210357666,1.4727143049240112,-0.002952195703983307,-0.006048789247870445,-0.0019242786802351475,-0.7159591913223267,-0.6981131434440613,1.5960019832510106,-5.8223395347595215,0.8472806215286255,-1.3034964799880981,-0.6376261115074158,1.0067979097366333,1.3034964799880981
157.96666666666667,3.7837445735931396,1.4726552963256836,-0.0029519274830818176,-0.006043461617082357,-0.0019433880224823952,-0.7180879712104797,-0.6959232687950134,1.6021102306484498,-5.8440680503845215,0.838509202003479,-1.3034964799880981,-0.61796635389328,1.0039469003677368,1.3034964799880981
157.98333333333332,3.78375244140625,1.472596287727356,-0.0029517561197280884,-0.006037754938006401,-0.0019634568598121405,-0.720210075378418,-0.6937270164489746,1.6082185422948434,-5.8657965660095215,0.8442775011062622,-1.3034964799880981,-0.598309338092804,1.006408452987671,1.3034964799880981
158.0,3.7837607860565186,1.4725377559661865,-0.0029514431953430176,-0.006031508557498455,-0.0019829985685646534,-0.7223252654075623,-0.6915242671966553,1.6143262950118897,-5.8875250816345215,0.8423429131507874,-1.3034964799880981,-0.5786517262458801,1.005569577217102,1.3034964799880981
158.01666666666668,3.783769130706787,1.4724787473678589,-0.002951189875602722,-0.00602524820715189,-0.002003355184569955,-0.7244337797164917,-0.6893149614334106,1.620434234955618,-5.9092535972595215,0.8394356966018677,-1.3034964799880981,-0.5589942336082458,1.0056421756744385,1.3034964799880981
158.03333333333333,3.783777952194214,1.4724199771881104,-0.0029509738087654114,-0.0060186125338077545,-0.0020235422998666763,-0.7265355587005615,-0.6870995163917542,1.6265422127773246,-5.9309821128845215,0.8427243232727051,-1.3034964799880981,-0.5393359661102295,1.0058491230010986,1.3034964799880981
158.05,3.783787250518799,1.4723612070083618,-0.002950720489025116,-0.006013386882841587,-0.0020425093825906515,-0.7286304235458374,-0.6848776340484619,1.6326497913470557,-5.9527106285095215,0.8418484330177307,-1.3034964799880981,-0.5196776986122131,1.0052108764648438,1.3034964799880981
158.06666666666666,3.783796787261963,1.4723024368286133,-0.0029504597187042236,-0.006006232462823391,-0.00206272816285491,-0.7307184934616089,-0.6826493740081787,1.6387573788185534,-5.9744391441345215,0.841996967792511,-1.3034964799880981,-0.5000208020210266,1.0061556100845337,1.3034964799880981
158.08333333333334,3.783806324005127,1.4722437858581543,-0.002950213849544525,-0.0059997448697686195,-0.0020826472900807858,-0.7328001260757446,-0.6804143190383911,1.6448660746723556,-5.9961676597595215,0.8404569625854492,-1.3034964799880981,-0.4803626537322998,1.005537509918213,1.3034964799880981
158.1,3.7838168144226074,1.4721850156784058,-0.0029499605298042297,-0.005992593709379435,-0.002103010891005397,-0.734874427318573,-0.6781734228134155,1.6509733179106334,-6.0178961753845215,0.840452253818512,-1.3034964799880981,-0.4607051908969879,1.0059564113616943,1.3034964799880981
158.11666666666667,3.783827066421509,1.4721266031265259,-0.002949737012386322,-0.0059872521087527275,-0.0021219332702457905,-0.736941933631897,-0.6759262681007385,1.657080704415076,-6.0396246910095215,0.8426380753517151,-1.3034964799880981,-0.44104641675949097,1.0052865743637085,1.3034964799880981
158.13333333333333,3.7838382720947266,1.4720680713653564,-0.002949431538581848,-0.0059799146838486195,-0.0021420277189463377,-0.7390026450157166,-0.6736725568771362,1.663188350743122,-6.0613532066345215,0.8416330218315125,-1.3034964799880981,-0.4213891625404358,1.0059200525283813,1.3034964799880981
158.15,3.7838499546051025,1.4720097780227661,-0.0029491931200027466,-0.005973972380161285,-0.0021613817662000656,-0.741056501865387,-0.6714125871658325,1.6692960940681787,-6.0830817222595215,0.8415882587432861,-1.3034964799880981,-0.4017309248447418,1.0054327249526978,1.3034964799880981
158.16666666666666,3.7838616371154785,1.4719514846801758,-0.002948962152004242,-0.005966482684016228,-0.002181549556553364,-0.7431031465530396,-0.6691467761993408,1.675402931538625,-6.1048102378845215,0.8415829539299011,-1.3034964799880981,-0.3820737898349762,1.006020188331604,1.3034964799880981
158.18333333333334,3.7838735580444336,1.4718931913375854,-0.0029487162828445435,-0.005960025358945131,-0.002201019087806344,-0.7451427578926086,-0.6668748259544373,1.6815094498322716,-6.1265387535095215,0.8414584994316101,-1.3034964799880981,-0.36241546273231506,1.0054535865783691,1.3034964799880981
158.2,3.783885955810547,1.4718352556228638,-0.002948448061943054,-0.005953450687229633,-0.0022204716224223375,-0.7471755743026733,-0.6645963191986084,1.6876164527943163,-6.1482672691345215,0.84227454662323,-1.3034964799880981,-0.34275755286216736,1.0056580305099487,1.3034964799880981
158.21666666666667,3.78389835357666,1.471777081489563,-0.002948179841041565,-0.005945839919149876,-0.002240487840026617,-0.7492010593414307,-0.6623121500015259,1.693722338775569,-6.1699957847595215,0.8414226174354553,-1.3034964799880981,-0.32310014963150024,1.005846381187439,1.3034964799880981
158.23333333333332,3.783911943435669,1.4717189073562622,-0.002947963774204254,-0.005939329043030739,-0.002259774599224329,-0.751219630241394,-0.6600216627120972,1.699828439956231,-6.1917243003845215,0.842044472694397,-1.3034964799880981,-0.3034419119358063,1.0054705142974854,1.3034964799880981
158.25,3.783926010131836,1.4716609716415405,-0.0029477104544639587,-0.005933191627264023,-0.0022786410991102457,-0.7532311081886292,-0.6577252149581909,1.7059342452100215,-6.2134528160095215,0.8433521389961243,-1.3034964799880981,-0.2837839126586914,1.0055180788040161,1.3034964799880981
158.26666666666668,3.7839395999908447,1.471603274345398,-0.0029474273324012756,-0.005925368517637253,-0.0022985790856182575,-0.7552356123924255,-0.6554226279258728,1.7120401916198162,-6.2351813316345215,0.8417096138000488,-1.3034964799880981,-0.26412665843963623,1.00586998462677,1.3034964799880981
158.28333333333333,3.783953905105591,1.4715454578399658,-0.002947181463241577,-0.005918340291827917,-0.002318240236490965,-0.7572331428527832,-0.6531136631965637,1.718146377798718,-6.2569098472595215,0.8412398099899292,-1.3034964799880981,-0.24446873366832733,1.0056082010269165,1.3034964799880981
158.3,3.783968210220337,1.4714878797531128,-0.0029469504952430725,-0.0059110005386173725,-0.002337693003937602,-0.7592236995697021,-0.6507987380027771,1.724252772730363,-6.2786383628845215,0.8437895774841309,-1.3034964799880981,-0.22481010854244232,1.005502462387085,1.3034964799880981
158.31666666666666,3.783982992172241,1.4714304208755493,-0.0029466822743415833,-0.005904874764382839,-0.0023563315626233816,-0.7612070441246033,-0.6484777927398682,1.7303587705069383,6.2660040855407715,0.8429936170578003,-1.3034964799880981,-0.20515218377113342,1.0053025484085083,1.3034964799880981
158.33333333333334,3.783998727798462,1.4713729619979858,-0.0029464438557624817,-0.005897195544093847,-0.002375906566157937,-0.7631833553314209,-0.6461507081985474,1.7364649731850483,6.2442755699157715,0.8445963263511658,-1.3034964799880981,-0.18549436330795288,1.0057648420333862,1.3034964799880981
158.35,3.784014940261841,1.4713152647018433,-0.002946197986602783,-0.005890039727091789,-0.002395294141024351,-0.7651525735855103,-0.6438175439834595,1.7425712481943914,6.2225470542907715,0.8414378762245178,-1.3034964799880981,-0.16583701968193054,1.0055142641067505,1.3034964799880981
158.36666666666667,3.7840304374694824,1.4712579250335693,-0.002945944666862488,-0.0058817388489842415,-0.0024152607657015324,-0.767114520072937,-0.6414787173271179,1.7486770485860719,6.2008185386657715,0.8419820666313171,-1.3034964799880981,-0.1461798995733261,1.0061120986938477,1.3034964799880981
158.38333333333333,3.7840471267700195,1.4712008237838745,-0.0029456615447998047,-0.005874212831258774,-0.002434816211462021,-0.7690691947937012,-0.6391338109970093,1.754782530966918,6.1790900230407715,0.8411619663238525,-1.3034964799880981,-0.1265217363834381,1.0054993629455566,1.3034964799880981
158.4,3.7840638160705566,1.4711434841156006,-0.002945452928543091,-0.005866360384970903,-0.0024543439503759146,-0.7710169553756714,-0.6367830634117126,1.760888687815477,6.1573615074157715,0.8419503569602966,-1.3034964799880981,-0.10686396807432175,1.005741000175476,1.3034964799880981
158.41666666666666,3.7840805053710938,1.4710862636566162,-0.0029451996088027954,-0.005859795957803726,-0.002472837222740054,-0.7729571461677551,-0.6344264149665833,1.766993753633416,6.1356329917907715,0.8438764214515686,-1.3034964799880981,-0.0872054249048233,1.0053361654281616,1.3034964799880981
158.43333333333334,3.784097909927368,1.4710294008255005,-0.0029449164867401123,-0.005851763766258955,-0.002492125378921628,-0.7748902440071106,-0.6320637464523315,1.7730991677978678,6.1139044761657715,0.8427792191505432,-1.3034964799880981,-0.06754817813634872,1.0057228803634644,1.3034964799880981
158.45,3.7841153144836426,1.4709726572036743,-0.002944663166999817,-0.005843210965394974,-0.0025118940975517035,-0.7768162488937378,-0.6296952962875366,1.7792049099837794,6.0921759605407715,0.8414969444274902,-1.3034964799880981,-0.04789084196090698,1.0058631896972656,1.3034964799880981
158.46666666666667,3.7841334342956543,1.4709161520004272,-0.002944447100162506,-0.005835797172039747,-0.0025310099590569735,-0.7787349224090576,-0.6273209452629089,1.785310400331776,6.0704474449157715,0.8422591686248779,-1.3034964799880981,-0.028232596814632416,1.005480170249939,1.3034964799880981
158.48333333333332,3.784151554107666,1.4708595275878906,-0.002944163978099823,-0.005827188491821289,-0.002550619188696146,-0.7806462049484253,-0.6249407529830933,1.7914155230922078,6.0487189292907715,0.8421614766120911,-1.3034964799880981,-0.008575128391385078,1.005853533744812,1.3034964799880981
158.5,3.784169912338257,1.4708030223846436,-0.0029439404606819153,-0.005819528363645077,-0.002569661010056734,-0.782550573348999,-0.6225545406341553,1.7975217102134435,6.0269904136657715,0.8423003554344177,-1.3034964799880981,0.01108299009501934,1.005477786064148,1.3034964799880981
158.51666666666668,3.784189462661743,1.470746636390686,-0.002943694591522217,-0.005812534596771002,-0.0025882073678076267,-0.7844474911689758,-0.6201626062393188,1.8036274298808588,6.0052618980407715,0.8438370823860168,-1.3034964799880981,0.030741119757294655,1.0054564476013184,1.3034964799880981
158.53333333333333,3.7842085361480713,1.4706904888153076,-0.0029434114694595337,-0.0058044558390975,-0.002607287373393774,-0.7863371968269348,-0.6177647709846497,1.8097334734900028,5.9835333824157715,0.843124508857727,-1.3034964799880981,0.050398506224155426,1.0056250095367432,1.3034964799880981
158.55,3.7842283248901367,1.4706344604492188,-0.0029431581497192383,-0.005795824807137251,-0.002626768546178937,-0.7882195711135864,-0.615361213684082,1.8158395019214555,5.9618048667907715,0.8420957326889038,-1.3034964799880981,0.07005585730075836,1.0057997703552246,1.3034964799880981
158.56666666666666,3.7842485904693604,1.4705784320831299,-0.002942904829978943,-0.005786724388599396,-0.0026463570538908243,-0.7900944948196411,-0.6129518747329712,1.821945263822774,5.9400763511657715,0.8416579365730286,-1.3034964799880981,0.08971340954303741,1.0058599710464478,1.3034964799880981
158.58333333333334,3.784269094467163,1.4705225229263306,-0.0029426738619804382,-0.00577955599874258,-0.00266484497115016,-0.791962206363678,-0.6105369329452515,1.828051391096279,5.9183478355407715,0.8430340886116028,-1.3034964799880981,0.10937211662530899,1.0052493810653687,1.3034964799880981
158.6,3.784290313720703,1.4704667329788208,-0.002942413091659546,-0.00577077642083168,-0.002684115432202816,-0.7938222885131836,-0.6081164479255676,1.8341567826995933,5.8966193199157715,0.8430690169334412,-1.3034964799880981,0.12902943789958954,1.0058784484863281,1.3034964799880981
158.61666666666667,3.784311532974243,1.4704110622406006,-0.0029421821236610413,-0.005761595442891121,-0.0027035418897867203,-0.7956748604774475,-0.6056904792785645,1.840261789902566,5.8748908042907715,0.8416913151741028,-1.3034964799880981,0.14868701994419098,1.005721926689148,1.3034964799880981
158.63333333333333,3.7843329906463623,1.4703556299209595,-0.002941913902759552,-0.005753622390329838,-0.002722396282479167,-0.7975201606750488,-0.6032585501670837,1.8463673183583147,5.8531622886657715,0.8428552746772766,-1.3034964799880981,0.1683454066514969,1.0055006742477417,1.3034964799880981
158.65,3.7843549251556396,1.470300316810608,-0.0029416903853416443,-0.005746015347540379,-0.0027407044544816017,-0.7993579506874084,-0.6008214354515076,1.852472437675743,5.8314337730407715,0.8439901471138,-1.3034964799880981,0.18800337612628937,1.005418062210083,1.3034964799880981
158.66666666666666,3.784377098083496,1.4702452421188354,-0.002941429615020752,-0.005737025290727615,-0.002759801922366023,-0.8011884093284607,-0.5983784198760986,1.8585780188987788,5.8097052574157715,0.8431885838508606,-1.3034964799880981,0.20766064524650574,1.005776047706604,1.3034964799880981
158.68333333333334,3.78439998626709,1.4701900482177734,-0.0029411688446998596,-0.005728362128138542,-0.002778800670057535,-0.8030116558074951,-0.5959292650222778,1.8646845542774648,5.7879767417907715,0.8426418900489807,-1.3034964799880981,0.2273184359073639,1.0055917501449585,1.3034964799880981
158.7,3.7844223976135254,1.4701353311538696,-0.0029408931732177734,-0.005719807464629412,-0.002797537250444293,-0.8048271536827087,-0.5934749841690063,1.8707901707186572,5.7662482261657715,0.8431945443153381,-1.3034964799880981,0.24697624146938324,1.0056054592132568,1.3034964799880981
158.71666666666667,3.7844462394714355,1.4700804948806763,-0.002940662205219269,-0.005710798315703869,-0.0028164463583379984,-0.8066352605819702,-0.5910152196884155,1.8768960662615612,5.7445197105407715,0.843033492565155,-1.3034964799880981,0.26663386821746826,1.0056507587432861,1.3034964799880981
158.73333333333332,3.7844693660736084,1.4700255393981934,-0.0029403939843177795,-0.005701269488781691,-0.0028357626870274544,-0.8084356784820557,-0.5885500311851501,1.8830014579571008,5.7227911949157715,0.8422178030014038,-1.3034964799880981,0.2862914502620697,1.0058060884475708,1.3034964799880981
158.75,3.7844927310943604,1.4699710607528687,-0.0029401853680610657,-0.005693437531590462,-0.002854028018191457,-0.810228705406189,-0.5860792398452759,1.88910728683441,5.7010626792907715,0.8435102105140686,-1.3034964799880981,0.30594974756240845,1.0053033828735352,1.3034964799880981
158.76666666666668,3.7845165729522705,1.469916820526123,-0.0029399171471595764,-0.0056833792477846146,-0.002873282413929701,-0.812014102935791,-0.5836030840873718,1.8952128648408018,5.6793341636657715,0.8429153561592102,-1.3034964799880981,0.3256068229675293,1.0059735774993896,1.3034964799880981
158.78333333333333,3.784541130065918,1.469862461090088,-0.002939671277999878,-0.005674758926033974,-0.0028920427430421114,-0.8137919306755066,-0.581121563911438,1.901318390804273,5.6576056480407715,0.8423120379447937,-1.3034964799880981,0.34526515007019043,1.0053924322128296,1.3034964799880981
158.8,3.7845656871795654,1.4698083400726318,-0.0029394179582595825,-0.005664971191436052,-0.002911016345024109,-0.8155621290206909,-0.57863450050354,1.907423865080439,5.6358771324157715,0.8432314991950989,-1.3034964799880981,0.36492255330085754,1.005883812904358,1.3034964799880981
158.81666666666666,3.78459095954895,1.4697543382644653,-0.00293915718793869,-0.0056570591405034065,-0.002929071197286248,-0.817324697971344,-0.5761421322822571,1.9135292045163275,5.6141486167907715,0.8438569903373718,-1.3034964799880981,0.38458123803138733,1.0051366090774536,1.3034964799880981
158.83333333333334,3.784616231918335,1.469700574874878,-0.002938896417617798,-0.005647399462759495,-0.002947921399027109,-0.8190796971321106,-0.5736442804336548,1.9196347436435262,5.5924201011657715,0.843652606010437,-1.3034964799880981,0.40423819422721863,1.0058681964874268,1.3034964799880981
158.85,3.784641742706299,1.46964693069458,-0.0029386579990386963,-0.005637659225612879,-0.002966940635815263,-0.8208270072937012,-0.5711413621902466,1.9257399770435675,5.5706915855407715,0.8424367308616638,-1.3034964799880981,0.423895925283432,1.0056990385055542,1.3034964799880981
158.86666666666667,3.78466796875,1.4695935249328613,-0.002938397228717804,-0.005628708750009537,-0.0029853431042283773,-0.8225667476654053,-0.5686327219009399,1.9318456464428508,5.5489630699157715,0.8432438969612122,-1.3034964799880981,0.4435540437698364,1.00544273853302,1.3034964799880981
158.88333333333333,3.784694194793701,1.4695402383804321,-0.0029381513595581055,-0.005619118455797434,-0.0030039476696401834,-0.8242990374565125,-0.5661187171936035,1.9379519360870876,5.5272345542907715,0.8439874053001404,-1.3034964799880981,0.46321165561676025,1.00571870803833,1.3034964799880981
158.9,3.7847208976745605,1.4694873094558716,-0.0029379278421401978,-0.0056106955744326115,-0.0030218621250241995,-0.8260235786437988,-0.563599705696106,1.9440578815097436,5.5055060386657715,0.844333291053772,-1.3034964799880981,0.48286983370780945,1.005277156829834,1.3034964799880981
158.91666666666666,3.784747838973999,1.469434380531311,-0.0029376596212387085,-0.0056009432300925255,-0.003040378913283348,-0.8277403712272644,-0.5610750913619995,1.9501639124553587,5.4837775230407715,0.8441596627235413,-1.3034964799880981,0.502527117729187,1.005750298500061,1.3034964799880981
158.93333333333334,3.7847750186920166,1.46938157081604,-0.0029373839497566223,-0.0055909352377057076,-0.00305912084877491,-0.8294494152069092,-0.5585454106330872,1.956269758473918,5.4620490074157715,0.843023419380188,-1.3034964799880981,0.5221846103668213,1.00563383102417,1.3034964799880981
158.95,3.7848033905029297,1.4693289995193481,-0.002937130630016327,-0.0055813295766711235,-0.0030777419451624155,-0.8311510682106018,-0.5560101270675659,1.9623767556332938,5.4403204917907715,0.8431642055511475,-1.3034964799880981,0.5418426990509033,1.0056120157241821,1.3034964799880981
158.96666666666667,3.784832000732422,1.469276785850525,-0.002936907112598419,-0.0055716633796691895,-0.0030962370801717043,-0.8328447937965393,-0.5534698963165283,1.968483128204089,5.4185919761657715,0.8436310887336731,-1.3034964799880981,0.5615005493164062,1.0055840015411377,1.3034964799880981
158.98333333333332,3.784860372543335,1.4692245721817017,-0.002936631441116333,-0.00556107796728611,-0.003115025581791997,-0.8345307111740112,-0.5509246587753296,1.9745892874388582,5.3968634605407715,0.8429146409034729,-1.3034964799880981,0.5811581015586853,1.0058083534240723,1.3034964799880981
159.0,3.7848892211914062,1.4691725969314575,-0.002936422824859619,-0.005552288144826889,-0.0031328843906521797,-0.8362085819244385,-0.548374354839325,1.9806946836059136,5.3751349449157715,0.8438823819160461,-1.3034964799880981,0.6008167266845703,1.0052592754364014,1.3034964799880981
159.01666666666668,3.7849180698394775,1.4691206216812134,-0.002936132252216339,-0.0055413455702364445,-0.0031516561284661293,-0.8378788828849792,-0.5458189845085144,1.9868006508979223,5.3534064292907715,0.8436679244041443,-1.3034964799880981,0.6204738020896912,1.0059819221496582,1.3034964799880981
159.03333333333333,3.784947633743286,1.4690688848495483,-0.0029358863830566406,-0.0055319517850875854,-0.0031698266975581646,-0.839540958404541,-0.5432587265968323,1.9929053811621735,5.3316779136657715,0.8432508111000061,-1.3034964799880981,0.6401321291923523,1.0052876472473145,1.3034964799880981
159.05,3.7849767208099365,1.4690172672271729,-0.002935655415058136,-0.005522460676729679,-0.0031878233421593904,-0.8411956429481506,-0.5406934022903442,1.9990112447039892,5.3099493980407715,0.844735324382782,-1.3034964799880981,0.6597899794578552,1.0055776834487915,1.3034964799880981
159.06666666666666,3.7850072383880615,1.468965768814087,-0.0029354020953178406,-0.005511540919542313,-0.003206209745258093,-0.8428422808647156,-0.5381229519844055,2.005116631990008,5.2882208824157715,0.8437834978103638,-1.3034964799880981,0.6794472336769104,1.0057746171951294,1.3034964799880981
159.08333333333334,3.7850382328033447,1.4689147472381592,-0.002935156226158142,-0.005502518266439438,-0.0032239994034171104,-0.8444810509681702,-0.5355473160743713,2.011222098789242,5.2664923667907715,0.8439885377883911,-1.3034964799880981,0.6991057395935059,1.005234718322754,1.3034964799880981
159.1,3.7850685119628906,1.4688637256622314,-0.0029348954558372498,-0.005492193624377251,-0.003242210717871785,-0.8461121320724487,-0.5329668521881104,2.0173279259728005,5.2447638511657715,0.8446710705757141,-1.3034964799880981,0.7187630534172058,1.0057601928710938,1.3034964799880981
159.11666666666667,3.785099506378174,1.468813180923462,-0.0029346346855163574,-0.0054812077432870865,-0.003260579891502857,-0.8477351665496826,-0.5303813815116882,2.0234333662057282,5.2230353355407715,0.8432866930961609,-1.3034964799880981,0.7384206056594849,1.0056153535842896,1.3034964799880981
159.13333333333333,3.785130500793457,1.4687625169754028,-0.002934366464614868,-0.005470984149724245,-0.003278954653069377,-0.8493505120277405,-0.5277906060218811,2.0295396224936115,5.2013068199157715,0.8434745073318481,-1.3034964799880981,0.7580785751342773,1.0056084394454956,1.3034964799880981
159.15,3.7851619720458984,1.468712329864502,-0.0029341578483581543,-0.005461652763187885,-0.0032965433783829212,-0.8509578704833984,-0.525195300579071,2.0356453956107643,5.1795783042907715,0.8449699878692627,-1.3034964799880981,0.7777367234230042,1.0053715705871582,1.3034964799880981
159.16666666666666,3.7851943969726562,1.468662142753601,-0.002933874726295471,-0.005450291559100151,-0.0033148324582725763,-0.8525571227073669,-0.5225952863693237,2.041750583143006,5.1578497886657715,0.8437732458114624,-1.3034964799880981,0.7973940968513489,1.0058311223983765,1.3034964799880981
159.18333333333334,3.785226821899414,1.4686120748519897,-0.002933606505393982,-0.005439098458737135,-0.0033332589082419872,-0.8541480898857117,-0.5199905037879944,2.047854819072675,5.1361212730407715,0.8426859378814697,-1.3034964799880981,0.8170520067214966,1.0056724548339844,1.3034964799880981
159.2,3.7852590084075928,1.4685620069503784,-0.002933390438556671,-0.005429673939943314,-0.0033508604392409325,-0.8557314872741699,-0.5173807740211487,2.0539601194259665,5.1143927574157715,0.8446646332740784,-1.3034964799880981,0.8367104530334473,1.005341649055481,1.3034964799880981
159.21666666666667,3.785291910171509,1.4685122966766357,-0.002933107316493988,-0.00541828665882349,-0.0033691455610096455,-0.8573067784309387,-0.5147662162780762,2.0600650976893156,5.0926642417907715,0.8438735604286194,-1.3034964799880981,0.8563677072525024,1.0058259963989258,1.3034964799880981
159.23333333333332,3.785325050354004,1.4684628248214722,-0.0029328912496566772,-0.005409046076238155,-0.003386382944881916,-0.8588739633560181,-0.5121471881866455,2.066169497392275,5.0709357261657715,0.8451349139213562,-1.3034964799880981,0.8760261535644531,1.0051032304763794,1.3034964799880981
159.25,3.78535795211792,1.4684134721755981,-0.002932600677013397,-0.005397398956120014,-0.003404424525797367,-0.8604333400726318,-0.5095229148864746,2.0722747894332274,5.0492072105407715,0.8446182012557983,-1.3034964799880981,0.8956831097602844,1.0059353113174438,1.3034964799880981
159.26666666666668,3.7853915691375732,1.4683643579483032,-0.0029323622584342957,-0.005385853350162506,-0.0034228831063956022,-0.8619850873947144,-0.5068934559822083,2.0783814318369584,5.0274786949157715,0.8423105478286743,-1.3034964799880981,0.9153408408164978,1.0056411027908325,1.3034964799880981
159.28333333333333,3.7854254245758057,1.4683154821395874,-0.002932131290435791,-0.005376344081014395,-0.0034401719458401203,-0.8635286092758179,-0.5042593479156494,2.084487516529945,5.0057501792907715,0.8451828360557556,-1.3034964799880981,0.934999406337738,1.0052591562271118,1.3034964799880981
159.3,3.7854602336883545,1.4682667255401611,-0.0029318705201148987,-0.005365475080907345,-0.003457818878814578,-0.8650641441345215,-0.5016205310821533,2.0905937727191652,4.9840216636657715,0.8457040190696716,-1.3034964799880981,0.9546570777893066,1.0056548118591309,1.3034964799880981
159.31666666666666,3.785494565963745,1.4682183265686035,-0.0029316172003746033,-0.0053544845432043076,-0.003475512145087123,-0.8665916919708252,-0.49897682666778564,2.0967004057170695,4.9622931480407715,0.8442551493644714,-1.3034964799880981,0.9743146896362305,1.005445957183838,1.3034964799880981
159.33333333333334,3.785529375076294,1.468170166015625,-0.0029313787817955017,-0.005343647673726082,-0.0034933071583509445,-0.8681113719940186,-0.49632835388183594,2.102807668720925,4.9405646324157715,0.8446623682975769,-1.3034964799880981,0.9939723610877991,1.0056078433990479,1.3034964799880981
159.35,3.785564422607422,1.4681223630905151,-0.0029310956597328186,-0.005332589615136385,-0.0035108583979308605,-0.8696227669715881,-0.4936753511428833,2.1089143688619973,4.9188361167907715,0.8449108600616455,-1.3034964799880981,1.0136301517486572,1.0055181980133057,1.3034964799880981
159.36666666666667,3.785599946975708,1.4680746793746948,-0.00293084979057312,-0.005321037955582142,-0.003528702538460493,-0.8711262345314026,-0.4910176396369934,2.115021615019801,4.8971076011657715,0.8441648483276367,-1.3034964799880981,1.033287763595581,1.0055997371673584,1.3034964799880981
159.38333333333333,3.785635471343994,1.4680269956588745,-0.0029305964708328247,-0.005309498868882656,-0.0035464828833937645,-0.8726215362548828,-0.48835518956184387,2.1211288987437165,4.8753790855407715,0.8443171381950378,-1.3034964799880981,1.0529452562332153,1.0055972337722778,1.3034964799880981
159.4,3.7856717109680176,1.4679796695709229,-0.0029303506016731262,-0.005297444295138121,-0.0035645514726638794,-0.8741085529327393,-0.4856884479522705,2.127235582109097,4.8536505699157715,0.8434786200523376,-1.3034964799880981,1.0726028680801392,1.0057653188705444,1.3034964799880981
159.41666666666666,3.785707950592041,1.4679328203201294,-0.0029301270842552185,-0.00528713921085,-0.0035817075986415148,-0.8755875825881958,-0.4830170273780823,2.1333427925753825,4.8319220542907715,0.8446632027626038,-1.3034964799880981,1.0922611951828003,1.0052627325057983,1.3034964799880981
159.43333333333334,3.7857444286346436,1.4678860902786255,-0.0029298365116119385,-0.0052756257355213165,-0.0035991868935525417,-0.8770583868026733,-0.4803411364555359,2.139449828605591,4.8101935386657715,0.8454383611679077,-1.3034964799880981,1.1119190454483032,1.0057185888290405,1.3034964799880981
159.45,3.785781145095825,1.4678393602371216,-0.0029296204447746277,-0.005264309234917164,-0.003616529516875744,-0.8785209655761719,-0.47766101360321045,2.1455565118333193,4.7884650230407715,0.8447251319885254,-1.3034964799880981,1.1315772533416748,1.005385398864746,1.3034964799880981
159.46666666666667,3.785818576812744,1.4677928686141968,-0.0029293522238731384,-0.0052521442994475365,-0.003634295193478465,-0.8799753785133362,-0.47497618198394775,2.1516635054047484,4.7667365074157715,0.8443208336830139,-1.3034964799880981,1.1512343883514404,1.0057932138442993,1.3034964799880981
159.48333333333332,3.785855770111084,1.4677467346191406,-0.002929084002971649,-0.0052410997450351715,-0.003651537699624896,-0.881421685218811,-0.47228699922561646,2.1577706546472135,4.7450079917907715,0.8447995185852051,-1.3034964799880981,1.170892357826233,1.005360722541809,1.3034964799880981
159.5,3.7858939170837402,1.4677008390426636,-0.0029288604855537415,-0.0052299899980425835,-0.003668689401820302,-0.8828596472740173,-0.4695933759212494,2.1638775342634418,4.7232794761657715,0.8455877304077148,-1.3034964799880981,1.1905505657196045,1.0055137872695923,1.3034964799880981
159.51666666666668,3.7859318256378174,1.4676549434661865,-0.0029285699129104614,-0.005217930302023888,-0.003686167998239398,-0.8842893838882446,-0.46689531207084656,2.1699844977496947,4.7015509605407715,0.8447742462158203,-1.3034964799880981,1.2102081775665283,1.0056400299072266,1.3034964799880981
159.53333333333333,3.7859697341918945,1.4676094055175781,-0.002928338944911957,-0.005205512512475252,-0.0037037222646176815,-0.8857110142707825,-0.4641929268836975,2.176091764292697,4.6798224449157715,0.8440381288528442,-1.3034964799880981,1.2298657894134521,1.005663514137268,1.3034964799880981
159.55,3.786008358001709,1.4675641059875488,-0.002928115427494049,-0.005194983445107937,-0.0037206257693469524,-0.8871243596076965,-0.46148622035980225,2.182198947262646,4.6580939292907715,0.8458288311958313,-1.3034964799880981,1.249524474143982,1.0053001642227173,1.3034964799880981
159.56666666666666,3.7860474586486816,1.4675192832946777,-0.00292784720659256,-0.005182460881769657,-0.003737812861800194,-0.8885294198989868,-0.4587750732898712,2.1883062493047762,4.6363654136657715,0.8453466296195984,-1.3034964799880981,1.2691818475723267,1.005670189857483,1.3034964799880981
159.58333333333334,3.7860865592956543,1.4674744606018066,-0.0029275938868522644,-0.0051712775602936745,-0.0037548576947301626,-0.8899263739585876,-0.4560593366622925,2.1944142916787386,4.6146368980407715,0.8451595902442932,-1.3034964799880981,1.2888399362564087,1.0053038597106934,1.3034964799880981
159.6,3.786125898361206,1.4674298763275146,-0.002927333116531372,-0.005158586893230677,-0.003772258060052991,-0.8913148641586304,-0.45333972573280334,2.200521561193846,4.5929083824157715,0.8450071811676025,-1.3034964799880981,1.3084971904754639,1.0058411359786987,1.3034964799880981
159.61666666666667,3.786165952682495,1.4673855304718018,-0.0029271021485328674,-0.00514815142378211,-0.003788848640397191,-0.8926948308944702,-0.4506160616874695,2.20662813434653,4.5711798667907715,0.8459001183509827,-1.3034964799880981,1.328155755996704,1.005006194114685,1.3034964799880981
159.63333333333333,3.7862064838409424,1.4673415422439575,-0.0029268190264701843,-0.005134862381964922,-0.0038061111699789762,-0.8940666913986206,-0.4478881061077118,2.2127353276110204,4.5494513511657715,0.8454091548919678,-1.3034964799880981,1.347812533378601,1.0060102939605713,1.3034964799880981
159.65,3.7862465381622314,1.4672977924346924,-0.0029265880584716797,-0.005122070200741291,-0.003823589300736785,-0.895430326461792,-0.4451557397842407,2.2188430292849244,4.5277228355407715,0.8434851169586182,-1.3034964799880981,1.367470145225525,1.0054941177368164,1.3034964799880981
159.66666666666666,3.786287307739258,1.467254400253296,-0.002926364541053772,-0.00511117372661829,-0.003840232500806451,-0.896785318851471,-0.4424196779727936,2.224949543845024,4.5059943199157715,0.846073567867279,-1.3034964799880981,1.387128233909607,1.005321741104126,1.3034964799880981
159.68333333333334,3.786327838897705,1.4672108888626099,-0.002926073968410492,-0.0050982218235731125,-0.0038572060875594616,-0.8981319069862366,-0.4396795630455017,2.2310558904239426,4.4842658042907715,0.8455343246459961,-1.3034964799880981,1.4067853689193726,1.005691409111023,1.3034964799880981
159.7,3.7863683700561523,1.4671679735183716,-0.0029258430004119873,-0.005087204743176699,-0.003873910754919052,-0.8994702100753784,-0.4369351863861084,2.2371626076954505,4.4625372886657715,0.845542311668396,-1.3034964799880981,1.4264436960220337,1.005226731300354,1.3034964799880981
159.71666666666667,3.786409854888916,1.4671252965927124,-0.002925559878349304,-0.005074147135019302,-0.003890582825988531,-0.9008001685142517,-0.4341866672039032,2.243269505915338,4.4408087730407715,0.8459112644195557,-1.3034964799880981,1.4461013078689575,1.0056798458099365,1.3034964799880981
159.73333333333332,3.7864513397216797,1.4670828580856323,-0.002925306558609009,-0.005061316303908825,-0.003907816484570503,-0.9021217823028564,-0.43143391609191895,2.2493767369991002,4.4190802574157715,0.8446387052536011,-1.3034964799880981,1.465759038925171,1.005590796470642,1.3034964799880981
159.75,3.7864937782287598,1.4670406579971313,-0.002925083041191101,-0.0050500016659498215,-0.003924370743334293,-0.9034348726272583,-0.42867735028266907,2.2554834679592406,4.3973517417907715,0.8456277251243591,-1.3034964799880981,1.485417127609253,1.0052826404571533,1.3034964799880981
159.76666666666668,3.7865355014801025,1.46699857711792,-0.002924807369709015,-0.005037199705839157,-0.003941001370549202,-0.9047396183013916,-0.42591673135757446,2.261590448918776,4.3756232261657715,0.8460987210273743,-1.3034964799880981,1.5050747394561768,1.005680799484253,1.3034964799880981
159.78333333333333,3.7865777015686035,1.466956615447998,-0.0029245540499687195,-0.005024352576583624,-0.003957873210310936,-0.9060359001159668,-0.423152357339859,2.2676971169237734,4.3538947105407715,0.8448852300643921,-1.3034964799880981,1.5247329473495483,1.0054672956466675,1.3034964799880981
159.8,3.786620616912842,1.4669151306152344,-0.0029243305325508118,-0.00501193106174469,-0.003974596504122019,-0.9073237776756287,-0.42038387060165405,2.273804071008001,4.3321661949157715,0.845612108707428,-1.3034964799880981,1.5443906784057617,1.0055252313613892,1.3034964799880981
159.81666666666666,3.78666353225708,1.4668737649917603,-0.0029240697622299194,-0.004998854361474514,-0.003991360776126385,-0.9086031317710876,-0.41761142015457153,2.279910938297403,4.3104376792907715,0.8455542325973511,-1.3034964799880981,1.5640485286712646,1.0056217908859253,1.3034964799880981
159.83333333333334,3.7867062091827393,1.4668327569961548,-0.002923808991909027,-0.004986048676073551,-0.004007907584309578,-0.9098739624023438,-0.4148353934288025,2.286017310781355,4.2887091636657715,0.8453102111816406,-1.3034964799880981,1.5837066173553467,1.005440592765808,1.3034964799880981
159.85,3.7867496013641357,1.466792106628418,-0.0029235556721687317,-0.0049725924618542194,-0.004024741239845753,-0.9111364483833313,-0.4120550751686096,2.2921244982283535,4.2669806480407715,0.845116138458252,-1.3034964799880981,1.603364109992981,1.005669116973877,1.3034964799880981
159.86666666666667,3.7867932319641113,1.4667519330978394,-0.0029232949018478394,-0.004960470832884312,-0.004041098058223724,-0.9123902320861816,-0.4092712700366974,2.2982307945760785,4.2452521324157715,0.8459022045135498,-1.3034964799880981,1.6230220794677734,1.0052897930145264,1.3034964799880981
159.88333333333333,3.786837100982666,1.4667118787765503,-0.002923034131526947,-0.004946728236973286,-0.004057673737406731,-0.9136357307434082,-0.40648338198661804,2.3043379076497144,4.2235236167907715,0.8457721471786499,-1.3034964799880981,1.6426795721054077,1.0057461261749268,1.3034964799880981
159.9,3.786881446838379,1.4666719436645508,-0.0029228180646896362,-0.0049345530569553375,-0.004074055701494217,-0.9148725867271423,-0.403691828250885,2.310444588884522,4.2017951011657715,0.845696747303009,-1.3034964799880981,1.6623376607894897,1.005239486694336,1.3034964799880981
159.91666666666666,3.7869255542755127,1.46663236618042,-0.0029225721955299377,-0.004923027008771896,-0.004089981783181429,-0.9161008596420288,-0.40089666843414307,2.3165509532796635,4.1800665855407715,0.8477532863616943,-1.3034964799880981,1.6819958686828613,1.0052920579910278,1.3034964799880981
159.93333333333334,3.786970376968384,1.4665930271148682,-0.0029222890734672546,-0.004909251816570759,-0.004106111824512482,-0.9173206686973572,-0.3980973958969116,2.322657964360616,4.1583380699157715,0.8465601801872253,-1.3034964799880981,1.7016528844833374,1.0056573152542114,1.3034964799880981
159.95,3.787015676498413,1.466553807258606,-0.002922065556049347,-0.004896270576864481,-0.004122507758438587,-0.9185324311256409,-0.3952939510345459,2.3287666329344785,4.1366095542907715,0.8453012704849243,-1.3034964799880981,1.7213108539581299,1.005386471748352,1.3034964799880981
159.96666666666667,3.7870609760284424,1.4665148258209229,-0.0029218047857284546,-0.004882750101387501,-0.0041390107944607735,-0.9197355508804321,-0.3924863934516907,2.334875683205106,4.1148810386657715,0.8456354737281799,-1.3034964799880981,1.7409682273864746,1.005637764930725,1.3034964799880981
159.98333333333332,3.7871060371398926,1.4664760828018188,-0.0029215291142463684,-0.004869496449828148,-0.004155277740210295,-0.9209299087524414,-0.38967546820640564,2.3409839749774672,4.0931525230407715,0.8457425236701965,-1.3034964799880981,1.7606260776519775,1.0054619312286377,1.3034964799880981
160.0,3.787152051925659,1.466437816619873,-0.0029213279485702515,-0.00485630240291357,-0.004171459935605526,-0.9221157431602478,-0.3868612051010132,2.3470920249232714,4.0714240074157715,0.8459538817405701,-1.3034964799880981,1.7802834510803223,1.0054646730422974,1.3034964799880981
160.01666666666668,3.7871978282928467,1.4664000272750854,-0.002921067178249359,-0.004843058995902538,-0.00418759835883975,-0.9232930541038513,-0.3840431272983551,2.353200500812205,4.0496954917907715,0.8461161255836487,-1.3034964799880981,1.7999413013458252,1.0054858922958374,1.3034964799880981
160.03333333333333,3.787243127822876,1.4663622379302979,-0.00292079895734787,-0.004828955978155136,-0.004203694872558117,-0.9244614243507385,-0.3812217712402344,2.3593079023629246,4.0279669761657715,0.8457496762275696,-1.3034964799880981,1.8195987939834595,1.005624532699585,1.3034964799880981
160.05,3.7872889041900635,1.4663249254226685,-0.0029205679893493652,-0.00481626158580184,-0.004219789989292622,-0.9256214499473572,-0.3783966898918152,2.3654160912418125,4.0062384605407715,0.84617018699646,-1.3034964799880981,1.8392572402954102,1.0053094625473022,1.3034964799880981
160.06666666666666,3.7873353958129883,1.4662878513336182,-0.00292031466960907,-0.004802137613296509,-0.004235728178173304,-0.9267727136611938,-0.375568151473999,2.3715239269064807,3.9845099449157715,0.8461013436317444,-1.3034964799880981,1.8589143753051758,1.005618691444397,1.3034964799880981
160.08333333333334,3.787381887435913,1.466251015663147,-0.0029200613498687744,-0.004790062550455332,-0.004251674748957157,-0.9279152750968933,-0.3727360963821411,2.3776316496891075,3.9627814292907715,0.8469653129577637,-1.3034964799880981,1.878572940826416,1.0052504539489746,1.3034964799880981
160.1,3.787428617477417,1.4662145376205444,-0.0029197856783866882,-0.004776539746671915,-0.0042672851122915745,-0.929049015045166,-0.36990106105804443,2.3837383745218474,3.9410529136657715,0.8470049500465393,-1.3034964799880981,1.8982300758361816,1.0054728984832764,1.3034964799880981
160.11666666666667,3.7874755859375,1.4661781787872314,-0.002919517457485199,-0.004762386903166771,-0.0042832642793655396,-0.9301744103431702,-0.36706191301345825,2.389846644251904,3.9193243980407715,0.8462306261062622,-1.3034964799880981,1.9178874492645264,1.005602240562439,1.3034964799880981
160.13333333333333,3.7875232696533203,1.466142177581787,-0.002919316291809082,-0.0047491323202848434,-0.004299267195165157,-0.9312910437583923,-0.36421966552734375,2.3959542938048064,3.8975958824157715,0.8459835052490234,-1.3034964799880981,1.9375452995300293,1.0053364038467407,1.3034964799880981
160.15,3.7875707149505615,1.4661065340042114,-0.002919025719165802,-0.00473544467240572,-0.00431480910629034,-0.9323987364768982,-0.3613743185997009,2.402061026559564,3.8758673667907715,0.8469953536987305,-1.3034964799880981,1.957202672958374,1.005523920059204,1.3034964799880981
160.16666666666666,3.787618637084961,1.4660710096359253,-0.0029187723994255066,-0.004721043631434441,-0.004330804571509361,-0.9334980249404907,-0.3585250973701477,2.4081690370847904,3.8541388511657715,0.8458278775215149,-1.3034964799880981,1.9768602848052979,1.0055925846099854,1.3034964799880981
160.18333333333334,3.7876665592193604,1.4660357236862183,-0.002918548882007599,-0.004706426057964563,-0.0043468838557600975,-0.9345887899398804,-0.3556723892688751,2.4142776066915577,3.8324103355407715,0.8448633551597595,-1.3034964799880981,1.9965180158615112,1.005631446838379,1.3034964799880981
160.2,3.787714719772339,1.4660009145736694,-0.0029182955622673035,-0.004693550057709217,-0.004362365230917931,-0.9356704354286194,-0.35281693935394287,2.4203845692783097,3.8106818199157715,0.8470976948738098,-1.3034964799880981,2.016176462173462,1.005289077758789,1.3034964799880981
160.21666666666667,3.7877633571624756,1.4659664630889893,-0.0029180049896240234,-0.004678420722484589,-0.004377895034849644,-0.9367433786392212,-0.34995800256729126,2.4264918693185367,3.7889533042907715,0.8464560508728027,-1.3034964799880981,2.0358333587646484,1.0057356357574463,1.3034964799880981
160.23333333333332,3.7878127098083496,1.4659322500228882,-0.0029177889227867126,-0.004666021093726158,-0.004393456503748894,-0.9378077387809753,-0.3470957577228546,2.4325995092929094,3.7672247886657715,0.8467789888381958,-1.3034964799880981,2.0554919242858887,1.0050365924835205,1.3034964799880981
160.25,3.7878613471984863,1.4658983945846558,-0.002917543053627014,-0.004651227034628391,-0.004408873151987791,-0.9388633966445923,-0.3442303538322449,2.438707134526367,3.7454962730407715,0.8471412658691406,-1.3034964799880981,2.0751490592956543,1.0057681798934937,1.3034964799880981
160.26666666666668,3.787909984588623,1.465864658355713,-0.002917267382144928,-0.004636817611753941,-0.004424579441547394,-0.9399102330207825,-0.3413613438606262,2.444815201008572,3.7237677574157715,0.8459320664405823,-1.3034964799880981,2.094806671142578,1.0054590702056885,1.3034964799880981
160.28333333333333,3.787959337234497,1.4658311605453491,-0.0029170364141464233,-0.004623565822839737,-0.004439909011125565,-0.9409481883049011,-0.33848994970321655,2.4509218865557596,3.7020392417907715,0.8470793962478638,-1.3034964799880981,2.1144652366638184,1.0052289962768555,1.3034964799880981
160.3,3.788008689880371,1.465798020362854,-0.002916775643825531,-0.004608834162354469,-0.004455231595784426,-0.9419775009155273,-0.33561497926712036,2.4570294350946345,3.6803107261657715,0.8474614024162292,-1.3034964799880981,2.134122371673584,1.0056886672973633,1.3034964799880981
160.31666666666666,3.7880587577819824,1.465765357017517,-0.0029165148735046387,-0.004594836384057999,-0.00447059003636241,-0.9429978728294373,-0.33273690938949585,2.463136643388192,3.6585822105407715,0.8464022278785706,-1.3034964799880981,2.153780460357666,1.0052578449249268,1.3034964799880981
160.33333333333334,3.7881085872650146,1.4657329320907593,-0.00291626900434494,-0.004580073058605194,-0.004485992714762688,-0.9440096020698547,-0.3298553228378296,2.4692447478801496,3.6368536949157715,0.8467897772789001,-1.3034964799880981,2.1734378337860107,1.005615472793579,1.3034964799880981
160.35,3.788159132003784,1.4657007455825806,-0.002916008234024048,-0.00456499308347702,-0.004501472692936659,-0.945012629032135,-0.32697081565856934,2.475352813214919,3.6151251792907715,0.8459960222244263,-1.3034964799880981,2.193096160888672,1.0055885314941406,1.3034964799880981
160.36666666666667,3.7882094383239746,1.4656689167022705,-0.002915799617767334,-0.004552219063043594,-0.0045165447518229485,-0.9460066556930542,-0.3240836262702942,2.481459972384316,3.5933966636657715,0.8474217057228088,-1.3034964799880981,2.212754487991333,1.005038857460022,1.3034964799880981
160.38333333333333,3.788259744644165,1.4656373262405396,-0.002915516495704651,-0.004537501372396946,-0.004531411454081535,-0.9469919204711914,-0.3211933672428131,2.4875673219539185,3.5716681480407715,0.8482234477996826,-1.3034964799880981,2.2324113845825195,1.005684733390808,1.3034964799880981
160.4,3.788311004638672,1.4656062126159668,-0.0029152631759643555,-0.004522253293544054,-0.004546687938272953,-0.9479683041572571,-0.3183000385761261,2.493674697928521,3.5499396324157715,0.8459024429321289,-1.3034964799880981,2.2520687580108643,1.005494236946106,1.3034964799880981
160.41666666666666,3.7883615493774414,1.4655754566192627,-0.002915002405643463,-0.004508167505264282,-0.004561939276754856,-0.9489357471466064,-0.31540387868881226,2.49978167965844,3.5282111167907715,0.8466928601264954,-1.3034964799880981,2.271726608276367,1.0053577423095703,1.3034964799880981
160.43333333333334,3.78841233253479,1.4655448198318481,-0.002914741635322571,-0.00449284166097641,-0.004576928913593292,-0.9498944878578186,-0.31250467896461487,2.505889078506724,3.5064826011657715,0.8471574783325195,-1.3034964799880981,2.29138445854187,1.005664348602295,1.3034964799880981
160.45,3.7884631156921387,1.4655144214630127,-0.00291452556848526,-0.004479655530303717,-0.004591838456690311,-0.9508443474769592,-0.3096027374267578,2.51199615469013,3.4847540855407715,0.8473449945449829,-1.3034964799880981,2.3110427856445312,1.0050300359725952,1.3034964799880981
160.46666666666667,3.7885143756866455,1.465484619140625,-0.002914249897003174,-0.004463798366487026,-0.004606662318110466,-0.9517853260040283,-0.30669790506362915,2.518103227871923,3.4630255699157715,0.8473352789878845,-1.3034964799880981,2.3306996822357178,1.0058457851409912,1.3034964799880981
160.48333333333332,3.7885656356811523,1.4654550552368164,-0.002914018929004669,-0.004450600128620863,-0.004621538333594799,-0.9527173042297363,-0.30379030108451843,2.524209927505442,3.4412970542907715,0.8475208282470703,-1.3034964799880981,2.350358486175537,1.0050194263458252,1.3034964799880981
160.5,3.7886176109313965,1.465425729751587,-0.002913728356361389,-0.004433796741068363,-0.004636509343981743,-0.9536405205726624,-0.30087968707084656,2.530317137989197,3.4195685386657715,0.8463578224182129,-1.3034964799880981,2.370013952255249,1.0060112476348877,1.3034964799880981
160.51666666666668,3.788670063018799,1.465396523475647,-0.002913534641265869,-0.0044207400642335415,-0.004651281982660294,-0.9545547366142273,-0.29796671867370605,2.536423428463256,3.3978400230407715,0.8473186492919922,-1.3034964799880981,2.3896732330322266,1.004909873008728,1.3034964799880981
160.53333333333333,3.788721799850464,1.4653677940368652,-0.002913244068622589,-0.004405321087688208,-0.004665770102292299,-0.9554600119590759,-0.2950507700443268,2.5425299830344072,3.3761115074157715,0.8482896685600281,-1.3034964799880981,2.409330129623413,1.0057018995285034,1.3034964799880981
160.55,3.788774013519287,1.4653395414352417,-0.0029129907488822937,-0.004390372894704342,-0.004680456127971411,-0.9563564658164978,-0.292132169008255,2.548636522560007,3.3543829917907715,0.846767246723175,-1.3034964799880981,2.428987503051758,1.0053602457046509,1.3034964799880981
160.56666666666666,3.7888264656066895,1.4653114080429077,-0.0029127374291419983,-0.004375499673187733,-0.004695246461778879,-0.9572440385818481,-0.2892102897167206,2.5547440007401905,3.3326544761657715,0.847129762172699,-1.3034964799880981,2.4486448764801025,1.005455493927002,1.3034964799880981
160.58333333333334,3.788878917694092,1.465283751487732,-0.0029124990105628967,-0.004359995946288109,-0.004709860309958458,-0.9581226110458374,-0.28628626465797424,2.5608504829821994,3.3109259605407715,0.8474389314651489,-1.3034964799880981,2.468302011489868,1.005542278289795,1.3034964799880981
160.6,3.7889320850372314,1.4652562141418457,-0.0029122158885002136,-0.004344769287854433,-0.004724660888314247,-0.9589924812316895,-0.2833588123321533,2.5669585534350254,3.2891974449157715,0.8468230366706848,-1.3034964799880981,2.487959861755371,1.0054136514663696,1.3034964799880981
160.61666666666667,3.788984775543213,1.4652291536331177,-0.002911992371082306,-0.004329921677708626,-0.004739144816994667,-0.9598532319068909,-0.2804292142391205,2.573065535891847,3.2674689292907715,0.8476836681365967,-1.3034964799880981,2.507617712020874,1.0053715705871582,1.3034964799880981
160.63333333333333,3.7890381813049316,1.4652024507522583,-0.0029117241501808167,-0.00431362260133028,-0.004753475077450275,-0.9607051610946655,-0.2774965763092041,2.57917342296633,3.2457404136657715,0.8473306894302368,-1.3034964799880981,2.5272750854492188,1.0056911706924438,1.3034964799880981
160.65,3.7890913486480713,1.4651761054992676,-0.002911500632762909,-0.004300170578062534,-0.004767828155308962,-0.9615479111671448,-0.2745622396469116,2.5852794919171305,3.2240118980407715,0.8481985926628113,-1.3034964799880981,2.546933650970459,1.0049527883529663,1.3034964799880981
160.66666666666666,3.789144515991211,1.465149998664856,-0.002911210060119629,-0.004284366499632597,-0.004782053641974926,-0.9623815417289734,-0.2716253399848938,2.5913853413292043,3.2022833824157715,0.8485283255577087,-1.3034964799880981,2.5665907859802246,1.0057203769683838,1.3034964799880981
160.68333333333334,3.789198637008667,1.465124249458313,-0.002911008894443512,-0.0042692008428275585,-0.004796505905687809,-0.9632064700126648,-0.2686856985092163,2.5974919472517715,3.1805548667907715,0.8468223810195923,-1.3034964799880981,2.5862488746643066,1.0052539110183716,1.3034964799880981
160.7,3.7892520427703857,1.4650986194610596,-0.002910718321800232,-0.0042537786066532135,-0.004810658749192953,-0.9640223383903503,-0.2657434642314911,2.603598575023626,3.1588263511657715,0.8478903770446777,-1.3034964799880981,2.6059064865112305,1.0055323839187622,1.3034964799880981
160.71666666666667,3.7893054485321045,1.465073585510254,-0.0029104650020599365,-0.0042385803535580635,-0.004825040232390165,-0.9648292064666748,-0.2627986669540405,2.6097053248198643,3.1370978355407715,0.8476270437240601,-1.3034964799880981,2.625563859939575,1.0053730010986328,1.3034964799880981
160.73333333333332,3.7893593311309814,1.4650486707687378,-0.002910241484642029,-0.004223129712045193,-0.004839143715798855,-0.9656272530555725,-0.2598513066768646,2.6158125251054374,3.1153693199157715,0.8477045297622681,-1.3034964799880981,2.64522123336792,1.005447506904602,1.3034964799880981
160.75,3.7894134521484375,1.4650243520736694,-0.0029099583625793457,-0.004206615034490824,-0.004853252787142992,-0.9664162397384644,-0.25690150260925293,2.621919683635452,3.0936408042907715,0.8471104502677917,-1.3034964799880981,2.6648786067962646,1.0056017637252808,1.3034964799880981
160.76666666666668,3.7894678115844727,1.4650001525878906,-0.002909742295742035,-0.004192592576146126,-0.004867340438067913,-0.9671962261199951,-0.2539493441581726,2.628026766738432,3.0719122886657715,0.84833163022995,-1.3034964799880981,2.6845366954803467,1.0050952434539795,1.3034964799880981
160.78333333333333,3.7895219326019287,1.46497642993927,-0.0029094666242599487,-0.004176820628345013,-0.004881102126091719,-0.9679670929908752,-0.250995010137558,2.6341333906618134,3.0501837730407715,0.8486654758453369,-1.3034964799880981,2.7041938304901123,1.0055493116378784,1.3034964799880981
160.8,3.789576292037964,1.464953064918518,-0.002909228205680847,-0.004160478711128235,-0.004895124118775129,-0.9687290191650391,-0.2480381429195404,2.640240467423677,3.0284552574157715,0.8471595644950867,-1.3034964799880981,2.723850965499878,1.0055289268493652,1.3034964799880981
160.81666666666666,3.7896313667297363,1.4649298191070557,-0.002908967435359955,-0.004144041799008846,-0.004909329582005739,-0.969481885433197,-0.24507883191108704,2.6463477291566564,3.0067267417907715,0.8465223908424377,-1.3034964799880981,2.743508815765381,1.0055450201034546,1.3034964799880981
160.83333333333334,3.7896862030029297,1.4649070501327515,-0.0029086992144584656,-0.00412969384342432,-0.0049231345765292645,-0.9702255129814148,-0.24211758375167847,2.652454099276191,2.9849982261657715,0.848696231842041,-1.3034964799880981,2.763167381286621,1.0051753520965576,1.3034964799880981
160.85,3.7897415161132812,1.464884638786316,-0.002908468246459961,-0.004114016890525818,-0.004936656448990107,-0.9709603190422058,-0.23915404081344604,2.6585608578997615,2.9632697105407715,0.8490015268325806,-1.3034964799880981,2.7828245162963867,1.0054516792297363,1.3034964799880981
160.86666666666667,3.789796829223633,1.464862585067749,-0.0029082223773002625,-0.004098402336239815,-0.004950346890836954,-0.9716860055923462,-0.23618847131729126,2.6646671713495635,2.9415411949157715,0.8480826616287231,-1.3034964799880981,2.8024821281433105,1.0053058862686157,1.3034964799880981
160.88333333333333,3.7898519039154053,1.4648406505584717,-0.0029079318046569824,-0.004080868326127529,-0.004964347463101149,-0.9724026322364807,-0.23322024941444397,2.6707742786365105,2.9198126792907715,0.8468235731124878,-1.3034964799880981,2.822139263153076,1.0057613849639893,1.3034964799880981
160.9,3.789907217025757,1.4648191928863525,-0.0029077380895614624,-0.004066476598381996,-0.0049780793488025665,-0.9731102585792542,-0.23024994134902954,2.6768812943092977,2.8980841636657715,0.8484435677528381,-1.3034964799880981,2.8417978286743164,1.005021095275879,1.3034964799880981
160.91666666666666,3.7899625301361084,1.4647979736328125,-0.0029074251651763916,-0.00404951348900795,-0.004991494584828615,-0.9738087058067322,-0.22727763652801514,2.6829879295230605,2.8763556480407715,0.8484558463096619,-1.3034964799880981,2.861454963684082,1.0057368278503418,1.3034964799880981
160.93333333333334,3.7900187969207764,1.4647771120071411,-0.002907179296016693,-0.004033251665532589,-0.005005230661481619,-0.9744981527328491,-0.2243032157421112,2.6890946570165113,2.8546271324157715,0.8471758961677551,-1.3034964799880981,2.881112575531006,1.0053091049194336,1.3034964799880981
160.95,3.790074348449707,1.464756727218628,-0.0029069334268569946,-0.004017477855086327,-0.005018808878958225,-0.9751785397529602,-0.22132650017738342,2.6952017690573293,2.8328986167907715,0.848475992679596,-1.3034964799880981,2.900770902633667,1.0053938627243042,1.3034964799880981
160.96666666666667,3.7901298999786377,1.4647367000579834,-0.00290670245885849,-0.004001631401479244,-0.0050320918671786785,-0.9758498072624207,-0.21834790706634521,2.7013085179116683,2.8111701011657715,0.8489145040512085,-1.3034964799880981,2.920428514480591,1.0053504705429077,1.3034964799880981
160.98333333333332,3.7901861667633057,1.4647170305252075,-0.002906426787376404,-0.003984984941780567,-0.00504559651017189,-0.9765119552612305,-0.21536728739738464,2.707415229842282,2.7894415855407715,0.847912609577179,-1.3034964799880981,2.9400858879089355,1.0055111646652222,1.3034964799880981
161.0,3.7902424335479736,1.4646975994110107,-0.0029061734676361084,-0.003967864438891411,-0.0050591412000358105,-0.9771648645401001,-0.21238481998443604,2.713521494316701,2.7677130699157715,0.8471584916114807,-1.3034964799880981,2.9597434997558594,1.0055636167526245,1.3034964799880981
161.01666666666668,3.7902984619140625,1.464678406715393,-0.0029059499502182007,-0.003953278064727783,-0.005072442814707756,-0.9778088331222534,-0.209400475025177,2.7196277606331978,2.7459845542907715,0.8491423726081848,-1.3034964799880981,2.9794020652770996,1.0050463676452637,1.3034964799880981
161.03333333333333,3.790355682373047,1.4646596908569336,-0.0029056668281555176,-0.003935986198484898,-0.005085555836558342,-0.9784435629844666,-0.20641401410102844,2.7257341923377094,2.7242560386657715,0.8485134840011597,-1.3034964799880981,2.999058485031128,1.0057156085968018,1.3034964799880981
161.05,3.790412187576294,1.4646413326263428,-0.002905450761318207,-0.003920586779713631,-0.0050988649018108845,-0.9790692329406738,-0.2034255564212799,2.7318408114103585,2.7025275230407715,0.848409116268158,-1.3034964799880981,3.018717050552368,1.0050700902938843,1.3034964799880981
161.06666666666666,3.790468454360962,1.4646233320236206,-0.00290515273809433,-0.003904379904270172,-0.005111773498356342,-0.9796857237815857,-0.2004353404045105,2.7379471285057604,2.6807990074157715,0.8495640754699707,-1.3034964799880981,3.038374185562134,1.0054824352264404,1.3034964799880981
161.08333333333334,3.7905256748199463,1.4646055698394775,-0.002904929220676422,-0.003887435421347618,-0.005124889314174652,-0.9802932739257812,-0.19744306802749634,2.7440540146984804,2.6590704917907715,0.8481619358062744,-1.3034964799880981,3.0580313205718994,1.005456805229187,1.3034964799880981
161.1,3.7905821800231934,1.4645882844924927,-0.0029046759009361267,-0.003871147520840168,-0.005137921776622534,-0.9808914661407471,-0.19444897770881653,2.750160600357952,2.6373419761657715,0.8482759594917297,-1.3034964799880981,3.0776894092559814,1.0053043365478516,1.3034964799880981
161.11666666666667,3.7906391620635986,1.464571237564087,-0.002904444932937622,-0.0038539916276931763,-0.005151001270860434,-0.9814807176589966,-0.19145295023918152,2.756267652039051,2.6156134605407715,0.8481829762458801,-1.3034964799880981,3.097346544265747,1.0056090354919434,1.3034964799880981
161.13333333333333,3.790695905685425,1.4645546674728394,-0.0029041841626167297,-0.0038379887118935585,-0.005163876805454493,-0.9820606708526611,-0.18845537304878235,2.7623740974465987,2.5938849449157715,0.8487395644187927,-1.3034964799880981,3.117004871368408,1.005201816558838,1.3034964799880981
161.15,3.7907533645629883,1.4645380973815918,-0.0029039233922958374,-0.003820207901299,-0.005176888778805733,-0.9826314449310303,-0.18545600771903992,2.768480591358514,2.5721564292907715,0.8477969765663147,-1.3034964799880981,3.1366615295410156,1.0056484937667847,1.3034964799880981
161.16666666666666,3.7908105850219727,1.4645220041275024,-0.0029036924242973328,-0.003803972154855728,-0.005189890041947365,-0.9831931591033936,-0.18245485424995422,2.7745872880914324,2.5504279136657715,0.8483630418777466,-1.3034964799880981,3.156320571899414,1.0051978826522827,1.3034964799880981
161.18333333333334,3.790867567062378,1.4645062685012817,-0.0029034167528152466,-0.0037887319922447205,-0.005202319473028183,-0.9837455749511719,-0.17945200204849243,2.7806938296946173,2.5286993980407715,0.8505738973617554,-1.3034964799880981,3.175977945327759,1.0051319599151611,1.3034964799880981
161.2,3.7909255027770996,1.4644912481307983,-0.002903170883655548,-0.003772280178964138,-0.00521489605307579,-0.9842890501022339,-0.17644768953323364,2.7868002322369265,2.5069708824157715,0.8498848676681519,-1.3034964799880981,3.1956350803375244,1.0054073333740234,1.3034964799880981
161.21666666666667,3.790983200073242,1.464476466178894,-0.002902887761592865,-0.003753136843442917,-0.005227742251008749,-0.9848231077194214,-0.17344120144844055,2.7929073901270454,2.4852423667907715,0.8464330434799194,-1.3034964799880981,3.215291976928711,1.005854606628418,1.3034964799880981
161.23333333333332,3.7910406589508057,1.4644618034362793,-0.002902694046497345,-0.0037375232204794884,-0.005240652710199356,-0.9853482246398926,-0.17043331265449524,2.7990143595606547,2.4635138511657715,0.8484746217727661,-1.3034964799880981,3.234950542449951,1.0050777196884155,1.3034964799880981
161.25,3.7910985946655273,1.4644477367401123,-0.002902388572692871,-0.003720097243785858,-0.005252923350781202,-0.985863983631134,-0.16742396354675293,2.8051209340722347,2.4417853355407715,0.8494982123374939,-1.3034964799880981,3.254607915878296,1.0055739879608154,1.3034964799880981
161.26666666666668,3.7911558151245117,1.4644339084625244,-0.0029021501541137695,-0.0037043001502752304,-0.005265489686280489,-0.9863704442977905,-0.1644132435321808,2.811227034393406,2.4200568199157715,0.8493740558624268,-1.3034964799880981,3.274266004562378,1.0050477981567383,1.3034964799880981
161.28333333333333,3.7912142276763916,1.4644200801849365,-0.002901904284954071,-0.0036870259791612625,-0.0052778953686356544,-0.9868680238723755,-0.16140076518058777,2.8173338731357416,2.3983283042907715,0.8494097590446472,-1.3034964799880981,3.2939233779907227,1.0055391788482666,1.3034964799880981
161.3,3.7912724018096924,1.4644068479537964,-0.0029016658663749695,-0.003669573925435543,-0.005290278233587742,-0.9873561859130859,-0.1583867073059082,2.823440644773029,2.3765997886657715,0.8481456637382507,-1.3034964799880981,3.3135809898376465,1.0053527355194092,1.3034964799880981
161.31666666666666,3.791330337524414,1.4643940925598145,-0.002901412546634674,-0.003654336556792259,-0.005302617326378822,-0.9878351092338562,-0.15537142753601074,2.829546886005919,2.3548712730407715,0.8505537509918213,-1.3034964799880981,3.3332390785217285,1.0050526857376099,1.3034964799880981
161.33333333333334,3.7913882732391357,1.4643816947937012,-0.0029011070728302,-0.003635834902524948,-0.005314874462783337,-0.9883047938346863,-0.1523546278476715,2.8356532690815515,2.3331427574157715,0.8487041592597961,-1.3034964799880981,3.352895498275757,1.0057045221328735,1.3034964799880981
161.35,3.7914459705352783,1.4643696546554565,-0.0029008910059928894,-0.0036191176623106003,-0.005327271763235331,-0.9887654185295105,-0.14933612942695618,2.841760298138922,2.3114142417907715,0.8486779928207397,-1.3034964799880981,3.372554063796997,1.0051690340042114,1.3034964799880981
161.36666666666667,3.791504144668579,1.4643579721450806,-0.0029006227850914,-0.0036016730591654778,-0.005339311435818672,-0.9892168045043945,-0.14631643891334534,2.8478669374350036,2.2896857261657715,0.8494827747344971,-1.3034964799880981,3.3922119140625,1.0054831504821777,1.3034964799880981
161.38333333333333,3.7915632724761963,1.4643466472625732,-0.002900362014770508,-0.0035836314782500267,-0.005351519212126732,-0.9896589517593384,-0.14329537749290466,2.8539735802177613,2.2679572105407715,0.8482473492622375,-1.3034964799880981,3.4118690490722656,1.0054850578308105,1.3034964799880981
161.4,3.791621685028076,1.4643354415893555,-0.0029001384973526,-0.0035674143582582474,-0.005363828036934137,-0.990091860294342,-0.14027294516563416,2.860080259554104,2.2462286949157715,0.8493202924728394,-1.3034964799880981,3.431527614593506,1.0051019191741943,1.3034964799880981
161.41666666666666,3.791680097579956,1.464324951171875,-0.0028998777270317078,-0.003549909219145775,-0.005375538021326065,-0.9905155301094055,-0.13724955916404724,2.8661862707323866,2.2245001792907715,0.850389838218689,-1.3034964799880981,3.4511852264404297,1.0054947137832642,1.3034964799880981
161.43333333333334,3.791738271713257,1.4643146991729736,-0.0028996244072914124,-0.0035322709009051323,-0.005387520883232355,-0.990929901599884,-0.13422492146492004,2.8722921761744207,2.2027716636657715,0.8483951687812805,-1.3034964799880981,3.4708428382873535,1.0052663087844849,1.3034964799880981
161.45,3.7917964458465576,1.464304804801941,-0.002899371087551117,-0.003516155295073986,-0.005399599205702543,-0.9913350343704224,-0.13119885325431824,2.8783984075736395,2.1810431480407715,0.8502304553985596,-1.3034964799880981,3.4905004501342773,1.005225419998169,1.3034964799880981
161.46666666666667,3.7918553352355957,1.4642951488494873,-0.0028991103172302246,-0.0034979144111275673,-0.005411249585449696,-0.9917310476303101,-0.12817150354385376,2.884504867594757,2.1593146324157715,0.8494096398353577,-1.3034964799880981,3.510157346725464,1.005571961402893,1.3034964799880981
161.48333333333332,3.791914463043213,1.464286208152771,-0.002898864448070526,-0.0034796101972460747,-0.005423123016953468,-0.9921177625656128,-0.125142902135849,2.8906113951255907,2.1375861167907715,0.8481068015098572,-1.3034964799880981,3.5298149585723877,1.005445122718811,1.3034964799880981
161.5,3.7919728755950928,1.4642773866653442,-0.0028986260294914246,-0.0034626182168722153,-0.005434844642877579,-0.9924951791763306,-0.1221136748790741,2.896716831300965,2.1158576011657715,0.8495689034461975,-1.3034964799880981,3.5494730472564697,1.0051929950714111,1.3034964799880981
161.51666666666668,3.7920310497283936,1.4642688035964966,-0.002898372709751129,-0.003445570357143879,-0.005446448456496,-0.9928632974624634,-0.11908316612243652,2.9028225091824975,2.0941290855407715,0.850573718547821,-1.3034964799880981,3.5691299438476562,1.0053062438964844,1.3034964799880981
161.53333333333333,3.7920901775360107,1.4642606973648071,-0.002898089587688446,-0.00342720840126276,-0.0054581365548074245,-0.993222177028656,-0.11605143547058105,2.9089284288368065,2.0724005699157715,0.8487040996551514,-1.2491841316223145,3.588787078857422,1.0054829120635986,1.2491841316223145
161.55,3.792142629623413,1.464254379272461,-0.0028981566429138184,-0.0034141074866056442,-0.005471196491271257,-0.9935597777366638,-0.11312529444694519,2.914819652217139,2.0515799522399902,0.7925122380256653,-1.1948717832565308,3.607882261276245,0.9592981338500977,1.1948717832565308
161.56666666666666,3.792191743850708,1.4642493724822998,-0.002898015081882477,-0.003398498520255089,-0.005483245011419058,-0.9938735961914062,-0.11033463478088379,2.920436287722357,2.0316672325134277,0.9213961958885193,-1.140559434890747,3.6261250972747803,0.9212029576301575,1.140559434890747
161.58333333333334,3.792238235473633,1.464245080947876,-0.0028977319598197937,-0.0033831214532256126,-0.00549312261864543,-0.9941642880439758,-0.10768258571624756,2.9257722110196065,2.0126547813415527,1.0316776037216187,-1.0862470865249634,3.643454074859619,0.878506600856781,1.0862470865249634
161.6,3.792282819747925,1.4642415046691895,-0.002897799015045166,-0.0033693695440888405,-0.005503158550709486,-0.9944331645965576,-0.10517051815986633,2.930825143750768,1.9945502281188965,1.1725343465805054,-1.0862470865249634,3.6598691940307617,0.8419907689094543,1.0862470865249634
161.61666666666667,3.7923293113708496,1.4642373323440552,-0.0028978660702705383,-0.0033560246229171753,-0.00550879817456007,-0.9946917295455933,-0.10269725322723389,2.9357987815694844,1.9764456748962402,1.546936273574829,-0.977622389793396,3.675930976867676,0.8601434230804443,0.977622389793396
161.63333333333333,3.792367458343506,1.464235544204712,-0.0028965845704078674,-0.0033374251797795296,-0.00551590183749795,-0.9949234127998352,-0.10042795538902283,2.940361133694173,1.9601531028747559,0.9661045074462891,-0.9233100414276123,3.6908209323883057,0.713479220867157,0.9233100414276123
161.65,3.792405366897583,1.464233160018921,-0.0028998106718063354,-0.003344879485666752,-0.005538301542401314,-0.9951332807540894,-0.09832519292831421,2.9445873456059504,1.9447646141052246,1.5183154344558716,-0.8689976930618286,3.704514980316162,0.7619995474815369,0.8689976930618286
161.66666666666666,3.792438268661499,1.464231252670288,-0.002896830439567566,-0.003318658098578453,-0.0055264257825911045,-0.9953246116638184,-0.09637102484703064,2.948514732013441,1.9302802085876465,1.7924641370773315,-0.8146852850914001,3.717320203781128,0.6990213990211487,0.8146852850914001
161.68333333333334,3.792473793029785,1.4642295837402344,-0.002896919846534729,-0.003308922052383423,-0.005536974407732487,-0.995499849319458,-0.09454280138015747,2.9521879680565277,1.916703701019287,1.4835008382797241,-0.7603729367256165,3.7291946411132812,0.6238465309143066,0.7603729367256165
161.7,3.7925095558166504,1.4642277956008911,-0.0028977543115615845,-0.0033077020198106766,-0.00555244367569685,-0.9956597685813904,-0.09284168481826782,2.955605098247548,1.9040312767028809,1.4059864282608032,-0.7603729367256165,3.7401485443115234,0.6028232574462891,0.7603729367256165
161.71666666666667,3.7925496101379395,1.4642261266708374,-0.0028975754976272583,-0.0032994169741868973,-0.005554812960326672,-0.9958146214485168,-0.0911673903465271,2.958968101325038,1.8913588523864746,0.4991162121295929,-0.6517482399940491,3.750816583633423,0.6228319406509399,0.6517482399940491
161.73333333333332,3.7925779819488525,1.4642277956008911,-0.002896510064601898,-0.003285665065050125,-0.005560344085097313,-0.9959474205970764,-0.08970403671264648,2.9619069253262325,1.8804945945739746,-0.7726782560348511,-0.5974358916282654,3.7602767944335938,0.5017874836921692,0.5974358916282654
161.75,3.7926182746887207,1.464231014251709,-0.0028989091515541077,-0.0032897163182497025,-0.005571254529058933,-0.9960684180259705,-0.08835163712501526,2.964622482160436,1.8705382347106934,-1.7773964405059814,-0.5431235432624817,3.7687838077545166,-0.3640480637550354,0.5431235432624817
161.76666666666668,3.7926552295684814,1.4642376899719238,-0.00289781391620636,-0.003279116004705429,-0.0055771819315850735,-0.9961768388748169,-0.08711877465248108,2.967097753618396,1.8614859580993652,-1.5709019899368286,-0.488811194896698,3.7762889862060547,-0.4837552309036255,0.488811194896698
161.78333333333333,3.7926881313323975,1.4642430543899536,-0.0029019340872764587,-0.00328957661986351,-0.005579169373959303,-0.9962753653526306,-0.08598488569259644,2.9693739496946168,1.8533377647399902,-1.9775210618972778,-0.4344988465309143,3.783367872238159,-0.21483272314071655,0.4344988465309143
161.8,3.792720079421997,1.4642488956451416,-0.002898000180721283,-0.0032700905576348305,-0.005586716812103987,-0.9963575005531311,-0.08502823114395142,2.971294492913967,1.846097469329834,-0.9342982172966003,-0.4344988465309143,3.7890329360961914,-0.611731767654419,0.4344988465309143
161.81666666666666,3.7927498817443848,1.4642482995986938,-0.0029058754444122314,-0.0032950500026345253,-0.005581820849329233,-0.996441125869751,-0.08404123783111572,2.9732752430609644,1.8388571739196777,-1.680144190788269,-0.32587411999702454,3.794912338256836,0.7706471085548401,0.32587411999702454
161.83333333333334,3.792767286300659,1.464251160621643,-0.002902284264564514,-0.003297283314168453,-0.00558375334367156,-0.9964960813522339,-0.08338811993598938,2.9745860868823115,1.8334250450134277,0.6403119564056396,-0.27156177163124084,3.798750638961792,0.09648818522691727,0.27156177163124084
161.85,3.792794704437256,1.46425461769104,-0.0028951838612556458,-0.0032515674829483032,-0.005562922917306423,-0.9965468645095825,-0.08278092741966248,2.975805318093769,1.8289008140563965,-0.6374061703681946,-0.21724942326545715,3.8022429943084717,-0.5580343008041382,0.21724942326545715
161.86666666666667,3.792823076248169,1.464248538017273,-0.0029090940952301025,-0.003305063582956791,-0.00559642817825079,-0.9965825080871582,-0.08234745264053345,2.9766744181821583,1.8252806663513184,-1.6030935049057007,-0.16293705999851227,3.804363250732422,0.21535219252109528,0.16293705999851227
161.88333333333333,3.7928273677825928,1.4642510414123535,-0.0028957203030586243,-0.0032359864562749863,-0.005572394467890263,-0.9966031908988953,-0.08210018277168274,2.9771716022780277,1.8225646018981934,1.6651796102523804,-0.10862471163272858,3.8056225776672363,0.12853409349918365,0.10862471163272858
161.9,3.792837142944336,1.4642462730407715,-0.0029028430581092834,-0.0032656751573085785,-0.005612875800579786,-0.9966176748275757,-0.08191969990730286,2.977533166767637,1.8207526206970215,1.9867887496948242,-0.10862471163272858,3.806365489959717,0.4449169337749481,0.10862471163272858
161.91666666666666,3.792844533920288,1.4642447233200073,-0.0028991177678108215,-0.003253977745771408,-0.00559149868786335,-0.996627151966095,-0.08180752396583557,2.977758590266944,1.8189406394958496,1.5018001794815063,-6.783618206296734e-17,3.8068478107452393,0.17708110809326172,6.783618206296734e-17
161.93333333333334,3.7928459644317627,1.4642447233200073,-0.0029010847210884094,-0.003259235993027687,-0.005604397505521774,-0.9966269731521606,-0.08180809020996094,2.9777572954288445,1.8189406394958496,1.6481561660766602,0.0,3.8067471981048584,0.2921363115310669,0.0
161.95,3.7928476333618164,1.4642448425292969,-0.002900168299674988,-0.003251521848142147,-0.005606481805443764,-0.9966272711753845,-0.08180519938468933,2.9777632057378765,1.8189406394958496,1.5825763940811157,0.0,3.8067715167999268,0.1866370290517807,0.0
161.96666666666667,3.792848587036133,1.4642452001571655,-0.002900935709476471,-0.003254493698477745,-0.005607989616692066,-0.996627688407898,-0.0817994475364685,2.9777746841906794,1.8189406394958496,1.4886516332626343,0.0,3.8067941665649414,0.10817238688468933,0.0
161.98333333333332,3.792849063873291,1.4642446041107178,-0.0029016882181167603,-0.0032589323818683624,-0.005608553532510996,-0.996627151966095,-0.08180698752403259,2.977759543199707,1.8189406394958496,1.3835071325302124,0.0,3.806699514389038,0.2853095829486847,0.0
162.0,3.792849540710449,1.4642446041107178,-0.002898991107940674,-0.0032479427754878998,-0.005599622149020433,-0.9966278076171875,-0.08179831504821777,2.97777706513646,1.8189406394958496,1.3863458633422852,0.0,3.8067541122436523,0.1736786812543869,0.0
162.01666666666668,3.7928500175476074,1.464245080947876,-0.0029006749391555786,-0.003252411261200905,-0.005607930943369865,-0.99662846326828,-0.0817907452583313,2.9777922000152266,1.8189406394958496,1.2936679124832153,0.0,3.806819438934326,0.05903513357043266,0.0
162.03333333333333,3.792851209640503,1.4642443656921387,-0.0029011815786361694,-0.0032574282959103584,-0.0056070382706820965,-0.9966258406639099,-0.08182156085968018,2.9777302632902805,1.8189406394958496,1.3483017683029175,0.0,3.8065438270568848,0.3438984751701355,0.0
162.05,3.7928528785705566,1.4642435312271118,-0.00289878249168396,-0.00324868131428957,-0.005597037263214588,-0.9966256618499756,-0.08182555437088013,2.9777224466374284,1.8189406394958496,1.5387083292007446,0.0,3.8064486980438232,0.29540708661079407,0.0
162.06666666666666,3.792854070663452,1.4642441272735596,-0.0029001384973526,-0.003250925801694393,-0.005608303472399712,-0.9966259002685547,-0.08182063698768616,2.977732177757293,1.8189406394958496,1.4554624557495117,0.0,3.8064911365509033,0.15447859466075897,0.0
162.08333333333334,3.7928528785705566,1.4642443656921387,-0.0029010847210884094,-0.0032534459605813026,-0.005609659943729639,-0.996626079082489,-0.08181819319725037,2.977737039458926,1.8189406394958496,1.4157472848892212,0.0,3.8065266609191895,0.11332925409078598,0.0
162.1,3.792853832244873,1.464243769645691,-0.002901695668697357,-0.003257990814745426,-0.0056105926632881165,-0.9966248869895935,-0.08183333277702332,2.9777066305791986,1.8189406394958496,1.4146453142166138,0.0,3.806389093399048,0.3464946746826172,0.0
162.11666666666667,3.7928550243377686,1.4642434120178223,-0.0028982162475585938,-0.0032454440370202065,-0.005595991853624582,-0.9966257214546204,-0.0818246603012085,2.9777242726669577,1.8189406394958496,1.4523968696594238,0.0,3.8064184188842773,0.25092312693595886,0.0
162.13333333333333,3.7928552627563477,1.46424400806427,-0.0028997883200645447,-0.003250555135309696,-0.005608606617897749,-0.9966260194778442,-0.08181893825531006,2.9777355800010574,1.8189406394958496,1.3365882635116577,0.0,3.8064558506011963,0.11429449170827866,0.0
162.15,3.7928547859191895,1.4642434120178223,-0.0029010698199272156,-0.0032568946480751038,-0.005610882770270109,-0.996625542640686,-0.0818261206150055,2.9777211457345776,1.8189406394958496,1.3236900568008423,0.0,3.8064053058624268,0.22716978192329407,0.0
162.16666666666666,3.792855978012085,1.4642442464828491,-0.0028990954160690308,-0.0032477770000696182,-0.0056044855155050755,-0.9966264367103577,-0.08181646466255188,2.977740690577124,1.8189406394958496,1.3072208166122437,0.0,3.8064754009246826,0.09717170149087906,0.0
162.18333333333334,3.792856454849243,1.4642435312271118,-0.00290091335773468,-0.0032550981268286705,-0.005610393360257149,-0.9966256022453308,-0.08182528614997864,2.9777228371580824,1.8189406394958496,1.2221094369888306,0.0,3.8063852787017822,0.2550191879272461,0.0
162.2,3.7928566932678223,1.4642438888549805,-0.0028983131051063538,-0.0032459404319524765,-0.005600716453045607,-0.996626615524292,-0.08181387186050415,2.9777459076317174,1.8189406394958496,1.2182304859161377,0.0,3.8064568042755127,0.12566760182380676,0.0
162.21666666666667,3.7928555011749268,1.4642435312271118,-0.002900838851928711,-0.0032543856650590897,-0.005612017586827278,-0.9966259002685547,-0.08182135224342346,2.97773072260484,1.8189406394958496,1.2107688188552856,0.0,3.8064260482788086,0.18452134728431702,0.0
162.23333333333332,3.792855978012085,1.4642443656921387,-0.0028992369771003723,-0.0032470785081386566,-0.005606119986623526,-0.9966268539428711,-0.08181044459342957,2.9777527367581484,1.8189406394958496,1.2107760906219482,0.0,3.8065121173858643,0.046932607889175415,0.0
162.25,3.7928571701049805,1.4642434120178223,-0.002901323139667511,-0.0032573435455560684,-0.0056121922098100185,-0.9966244697570801,-0.08183878660202026,2.97769570398259,1.8189406394958496,1.2440248727798462,0.0,3.8062686920166016,0.32860267162323,0.0
162.26666666666668,3.792858600616455,1.4642425775527954,-0.0028980299830436707,-0.0032443804666399956,-0.005597362760454416,-0.9966244101524353,-0.08184117078781128,2.9776911704202544,1.8189406394958496,1.4269241094589233,0.0,3.806190252304077,0.2680340111255646,0.0
162.28333333333333,3.7928576469421387,1.4642435312271118,-0.0029000192880630493,-0.0032513048499822617,-0.005611557513475418,-0.9966248273849487,-0.08183470368385315,2.977703976812478,1.8189406394958496,1.4251458644866943,0.0,3.80629301071167,0.11623392254114151,0.0
162.3,3.7928578853607178,1.4642434120178223,-0.002900846302509308,-0.003255723975598812,-0.0056116716004908085,-0.9966241717338562,-0.08184128999710083,2.977690654532731,1.8189406394958496,1.3927181959152222,0.0,3.80623459815979,0.22923007607460022,0.0
162.31666666666666,3.792858123779297,1.4642436504364014,-0.00289887934923172,-0.0032464321702718735,-0.005606499034911394,-0.9966250061988831,-0.08183300495147705,2.977707472764153,1.8189406394958496,1.3743518590927124,0.0,3.80629563331604,0.10200851410627365,0.0
162.33333333333334,3.792858600616455,1.4642431735992432,-0.0029004737734794617,-0.0032541388645768166,-0.005611417815089226,-0.9966245889663696,-0.08183631300926208,2.977700664388485,1.8189406394958496,1.258439540863037,0.0,3.8062515258789062,0.20290230214595795,0.0
162.35,3.7928595542907715,1.4642436504364014,-0.0028988048434257507,-0.003245922736823559,-0.005606999155133963,-0.9966253638267517,-0.08182758092880249,2.977718318627005,1.8189406394958496,1.2770953178405762,0.0,3.806318521499634,0.07946715503931046,0.0
162.36666666666667,3.7928595542907715,1.4642432928085327,-0.0029008612036705017,-0.0032556531950831413,-0.005613207351416349,-0.9966239333152771,-0.08184456825256348,2.9776840875875927,1.8189406394958496,1.2761660814285278,0.0,3.8061769008636475,0.31326690316200256,0.0
162.38333333333333,3.7928593158721924,1.4642431735992432,-0.002897508442401886,-0.003243347629904747,-0.005598536692559719,-0.9966250061988831,-0.08183345198631287,2.9777066496069406,1.8189406394958496,1.3079209327697754,0.0,3.8062314987182617,0.19543305039405823,0.0
162.4,3.7928595542907715,1.4642432928085327,-0.002899669110774994,-0.003249647095799446,-0.005612032953649759,-0.996625542640686,-0.08182594180107117,2.9777215744645735,1.8189406394958496,1.2223469018936157,0.0,3.8063135147094727,0.04089744761586189,0.0
162.41666666666666,3.792861223220825,1.464242696762085,-0.002900943160057068,-0.0032574646174907684,-0.005613561253994703,-0.9966228604316711,-0.08185821771621704,2.97765669939386,1.8189406394958496,1.270775318145752,0.0,3.8060388565063477,0.3309195339679718,0.0
162.43333333333334,3.792862892150879,1.4642419815063477,-0.002897694706916809,-0.0032443301752209663,-0.005600292701274157,-0.9966226816177368,-0.08186104893684387,2.977651226057608,1.8189406394958496,1.438351035118103,0.0,3.8059349060058594,0.27016353607177734,0.0
162.45,3.7928614616394043,1.4642428159713745,-0.002899639308452606,-0.003250422887504101,-0.005613042041659355,-0.9966232776641846,-0.08185431361198425,2.977664660510088,1.8189406394958496,1.4286056756973267,0.0,3.8060426712036133,0.11963977664709091,0.0
162.46666666666667,3.7928617000579834,1.4642424583435059,-0.0029004737734794617,-0.003254661336541176,-0.005613911896944046,-0.9966227412223816,-0.08185890316963196,2.9776553231940825,1.8189406394958496,1.3926061391830444,0.0,3.8060014247894287,0.20203962922096252,0.0
162.48333333333332,3.7928621768951416,1.4642431735992432,-0.0028989464044570923,-0.003246152773499489,-0.00560951791703701,-0.9966234564781189,-0.08185118436813354,2.977670958754111,1.8189406394958496,1.3875000476837158,0.0,3.806072473526001,0.08054167777299881,0.0
162.5,3.7928626537323,1.4642423391342163,-0.0029003992676734924,-0.003253582864999771,-0.005613652989268303,-0.996622622013092,-0.0818614661693573,2.977650237280272,1.8189406394958496,1.2809416055679321,0.0,3.8059616088867188,0.2936065196990967,0.0
162.51666666666668,3.7928638458251953,1.4642424583435059,-0.0028974339365959167,-0.0032429946586489677,-0.005602036137133837,-0.9966235160827637,-0.08185109496116638,2.977671219183587,1.8189406394958496,1.306746006011963,0.0,3.8060097694396973,0.1802164763212204,0.0
162.53333333333333,3.792863607406616,1.4642430543899536,-0.0028992071747779846,-0.0032478757202625275,-0.0056124115362763405,-0.9966240525245667,-0.08184337615966797,2.9776865785375737,1.8189406394958496,1.185532808303833,0.0,3.8060765266418457,0.03491010516881943,0.0
162.55,3.79286527633667,1.4642421007156372,-0.002900540828704834,-0.003254939801990986,-0.005614949855953455,-0.9966214895248413,-0.08187490701675415,2.977623232702791,1.8189406394958496,1.2443424463272095,0.0,3.8058040142059326,0.33046790957450867,0.0
162.56666666666666,3.7928671836853027,1.4642413854599,-0.0028974786400794983,-0.003243272192776203,-0.005601769778877497,-0.9966212511062622,-0.08187827467918396,2.9776166587871185,1.8189406394958496,1.431959867477417,0.0,3.8057141304016113,0.270639568567276,0.0
162.58333333333334,3.7928659915924072,1.4642422199249268,-0.0028992891311645508,-0.0032491134479641914,-0.005614384077489376,-0.9966217875480652,-0.0818713903427124,2.9776303602748966,1.8189406394958496,1.4205453395843506,0.0,3.8058085441589355,0.12196693569421768,0.0
162.6,3.792865514755249,1.4642422199249268,-0.0029001161456108093,-0.003253227099776268,-0.005614579655230045,-0.9966213703155518,-0.08187541365623474,2.977622198055575,1.8189406394958496,1.3759548664093018,0.0,3.805791139602661,0.19102171063423157,0.0
162.61666666666667,3.7928667068481445,1.4642423391342163,-0.0028987377882003784,-0.003245808184146881,-0.005611293949186802,-0.9966220259666443,-0.08186745643615723,2.9776382581796863,1.8189406394958496,1.3680546283721924,0.0,3.805850028991699,0.07362917065620422,0.0
162.63333333333333,3.792867422103882,1.4642417430877686,-0.002900063991546631,-0.003252780996263027,-0.005615037865936756,-0.9966210722923279,-0.0818796455860138,2.9776137336978454,1.8189406394958496,1.238703727722168,0.0,3.8057098388671875,0.3088909685611725,0.0
162.65,3.792867422103882,1.4642413854599,-0.0028969794511795044,-0.0032411376014351845,-0.005601005628705025,-0.9966222047805786,-0.08186763525009155,2.9776380738551116,1.8189406394958496,1.2764838933944702,0.0,3.8057737350463867,0.1919247955083847,0.0
162.66666666666666,3.7928669452667236,1.4642423391342163,-0.0028994008898735046,-0.0032483795657753944,-0.005615579430013895,-0.9966224431991577,-0.08186253905296326,2.9776480922917288,1.8189406394958496,1.2643160820007324,0.0,3.80586314201355,0.04648493230342865,0.0
162.68333333333334,3.7928683757781982,1.4642415046691895,-0.002900421619415283,-0.0032568518072366714,-0.005616774782538414,-0.9966199398040771,-0.08189240097999573,2.977588045866168,1.8189406394958496,1.2853319644927979,0.0,3.805604934692383,0.3407862186431885,0.0
162.7,3.792870283126831,1.4642407894134521,-0.002897121012210846,-0.0032433299347758293,-0.005602848716080189,-0.9966198205947876,-0.08189660310745239,2.9775799119208393,1.8189406394958496,1.4858859777450562,0.0,3.805493116378784,0.287432461977005,0.0
162.71666666666667,3.7928695678710938,1.4642415046691895,-0.002898983657360077,-0.00324882660061121,-0.0056158252991735935,-0.9966202974319458,-0.08188903331756592,2.9775949349901567,1.8189406394958496,1.4568469524383545,0.0,3.805598735809326,0.13808350265026093,0.0
162.73333333333332,3.792870044708252,1.464241623878479,-0.0028992444276809692,-0.003247678279876709,-0.0056144604459404945,-0.9966208338737488,-0.0818837583065033,2.9776055873763316,1.8189406394958496,1.3235286474227905,0.0,3.8056349754333496,0.0914309173822403,0.0
162.75,3.792870044708252,1.4642410278320312,-0.0029000267386436462,-0.0032535474747419357,-0.005617036949843168,-0.996619462966919,-0.08189886808395386,2.9775751307431686,1.8189406394958496,1.3381943702697754,0.0,3.80549693107605,0.31670233607292175,0.0
162.76666666666668,3.79287052154541,1.4642413854599,-0.0028968825936317444,-0.0032409382984042168,-0.005603888537734747,-0.9966205358505249,-0.08188816905021667,2.9775968712623357,1.8189406394958496,1.3534449338912964,0.0,3.80554461479187,0.20458054542541504,0.0
162.78333333333333,3.7928709983825684,1.4642417430877686,-0.0028986111283302307,-0.0032458817586302757,-0.005615844391286373,-0.9966208338737488,-0.08188223838806152,2.9776085924575035,1.8189406394958496,1.2785476446151733,0.0,3.805612802505493,0.07340717315673828,0.0
162.8,3.7928714752197266,1.4642411470413208,-0.002899855375289917,-0.0032521774992346764,-0.005617375485599041,-0.9966194033622742,-0.08189895749092102,2.977574940009829,1.8189406394958496,1.282677412033081,0.0,3.8054730892181396,0.32158181071281433,0.0
162.81666666666666,3.7928714752197266,1.4642409086227417,-0.002896621823310852,-0.0032399678602814674,-0.005602579098194838,-0.9966205358505249,-0.08188769221305847,2.977597823286308,1.8189406394958496,1.3055294752120972,0.0,3.8055241107940674,0.205947607755661,0.0
162.83333333333334,3.792872667312622,1.4642415046691895,-0.0028986409306526184,-0.003246166743338108,-0.00561657315120101,-0.9966211318969727,-0.08187904953956604,2.977615004082748,1.8189406394958496,1.2091481685638428,0.0,3.8056092262268066,0.04714850336313248,0.0
162.85,3.792872905731201,1.4642407894134521,-0.0028998181223869324,-0.0032526208087801933,-0.005617954768240452,-0.9966190457344055,-0.08190500736236572,2.977562861327463,1.8189406394958496,1.2186609506607056,0.0,3.805394411087036,0.3376609683036804,0.0
162.86666666666667,3.792874336242676,1.4642400741577148,-0.002896703779697418,-0.00324163306504488,-0.00560290040448308,-0.9966188669204712,-0.0819081962108612,2.977556665834476,1.8189406394958496,1.3824584484100342,0.0,3.8052964210510254,0.267183780670166,0.0
162.88333333333333,3.7928736209869385,1.4642409086227417,-0.002898775041103363,-0.003247437998652458,-0.005616911221295595,-0.9966192841529846,-0.08190098404884338,2.977570950217839,1.8189406394958496,1.3806499242782593,0.0,3.8053975105285645,0.11406810581684113,0.0
162.9,3.7928738594055176,1.4642409086227417,-0.0028993040323257446,-0.003249784931540489,-0.005617285147309303,-0.996618926525116,-0.08190557360649109,2.977561722736521,1.8189406394958496,1.3173633813858032,0.0,3.8053722381591797,0.18931451439857483,0.0
162.91666666666666,3.7928738594055176,1.4642411470413208,-0.0028979480266571045,-0.003243342973291874,-0.005614419002085924,-0.9966195821762085,-0.081898033618927,2.9775769503206773,1.8189406394958496,1.3355629444122314,0.0,3.805436134338379,0.07314347475767136,0.0
162.93333333333334,3.792874336242676,1.4642407894134521,-0.002899348735809326,-0.0032516615465283394,-0.00561763858422637,-0.9966186881065369,-0.0819079577922821,2.9775568957570004,1.8189406394958496,1.2214033603668213,0.0,3.8053245544433594,0.28285863995552063,0.0
162.95,3.792875289916992,1.4642406702041626,-0.0028965026140213013,-0.003239615820348263,-0.005606558173894882,-0.9966197609901428,-0.08189639449119568,2.9775803239312135,1.8189406394958496,1.2549704313278198,0.0,3.8053905963897705,0.1655767858028412,0.0
162.96666666666667,3.792875289916992,1.4642412662506104,-0.0028984472155570984,-0.0032448284327983856,-0.0056173731572926044,-0.9966201782226562,-0.08189037442207336,2.9775922794176046,1.8189406394958496,1.1342703104019165,0.0,3.8054497241973877,0.035988420248031616,0.0
162.98333333333332,3.792876720428467,1.464240312576294,-0.00289946049451828,-0.0032525332644581795,-0.005619105417281389,-0.9966180324554443,-0.08191558718681335,2.9775415579122035,1.8189406394958496,1.1585546731948853,0.0,3.8052287101745605,0.329582542181015,0.0
163.0,3.7928779125213623,1.4642398357391357,-0.002896413207054138,-0.0032394975423812866,-0.005603398196399212,-0.9966179728507996,-0.08191892504692078,2.9775351521806943,1.8189406394958496,1.3144420385360718,0.0,3.805128812789917,0.24803608655929565,0.0
163.01666666666668,3.7928779125213623,1.464240312576294,-0.0028987526893615723,-0.003248772583901882,-0.005618188995867968,-0.9966185092926025,-0.0819108784198761,2.9775510953166298,1.8189406394958496,1.2977566719055176,0.0,3.8052358627319336,0.0839422345161438,0.0
163.03333333333333,3.792877674102783,1.4642400741577148,-0.0028991252183914185,-0.003250506706535816,-0.005618617404252291,-0.9966174960136414,-0.08192288875579834,2.9775269606040218,1.8189406394958496,1.2642956972122192,0.0,3.805137872695923,0.276509553194046,0.0
163.05,3.7928786277770996,1.4642400741577148,-0.002896413207054138,-0.003239620476961136,-0.005608709994703531,-0.996618390083313,-0.08191323280334473,2.977546534351872,1.8189406394958496,1.293521761894226,0.0,3.805190086364746,0.16213810443878174,0.0
163.06666666666666,3.792879581451416,1.4642404317855835,-0.002897985279560089,-0.0032428018748760223,-0.005617490038275719,-0.996618926525116,-0.08190533518791199,2.9775622684304714,1.8189406394958496,1.1389203071594238,0.0,3.805244207382202,0.025227177888154984,0.0
163.08333333333334,3.792880058288574,1.464239478111267,-0.0028986558318138123,-0.0032487940043210983,-0.005616983864456415,-0.9966163039207458,-0.0819377601146698,2.9774971560900805,1.8189406394958496,1.1919286251068115,0.0,3.8049635887145996,0.3342379033565521,0.0
163.1,3.792881488800049,1.4642387628555298,-0.0028963610529899597,-0.003240375779569149,-0.005605712067335844,-0.9966161251068115,-0.08194074034690857,2.9774913320022245,1.8189406394958496,1.394205093383789,0.0,3.804877996444702,0.2694431245326996,0.0
163.11666666666667,3.7928802967071533,1.4642397165298462,-0.0028982236981391907,-0.0032470664009451866,-0.0056187803857028484,-0.9966166615486145,-0.08193269371986389,2.977507308408896,1.8189406394958496,1.3700878620147705,0.0,3.804985761642456,0.11561011523008347,0.0
163.13333333333333,3.7928810119628906,1.4642397165298462,-0.002898186445236206,-0.0032446878030896187,-0.005616852547973394,-0.9966162443161011,-0.08193796873092651,2.9774967625373727,1.8189406394958496,1.3323825597763062,0.0,3.8049540519714355,0.18578971922397614,0.0
163.15,3.7928812503814697,1.4642399549484253,-0.0028977170586586,-0.0032419050112366676,-0.005616674665361643,-0.9966169595718384,-0.08192923665046692,2.9775143155642865,1.8189406394958496,1.3265249729156494,0.0,3.8050248622894287,0.07025410234928131,0.0
163.16666666666666,3.792881965637207,1.4642393589019775,-0.002898991107940674,-0.003249591216444969,-0.005619583185762167,-0.9966161251068115,-0.08194011449813843,2.9774924227265926,1.8189406394958496,1.2224050760269165,0.0,3.804905414581299,0.296810120344162,0.0
163.18333333333334,3.7928824424743652,1.4642393589019775,-0.002895951271057129,-0.003238314762711525,-0.005606610793620348,-0.9966171979904175,-0.0819287896156311,2.977515378559503,1.8189406394958496,1.2322384119033813,0.0,3.8049612045288086,0.17652149498462677,0.0
163.2,3.7928812503814697,1.4642399549484253,-0.0028977319598197937,-0.003242773935198784,-0.005616511683911085,-0.9966173768043518,-0.0819244384765625,2.977523946204312,1.8189406394958496,1.220228672027588,0.0,3.805049180984497,0.04857541620731354,0.0
163.21666666666667,3.7928826808929443,1.464239478111267,-0.0028992071747779846,-0.0032507572323083878,-0.005620819050818682,-0.9966154098510742,-0.08194896578788757,2.977474650322891,1.8189406394958496,1.2349897623062134,0.0,3.804835557937622,0.34818020462989807,0.0
163.23333333333332,3.7928836345672607,1.4642384052276611,-0.0028959885239601135,-0.0032391808927059174,-0.005605296231806278,-0.9966149926185608,-0.08195412158966064,2.977464477925764,1.8189406394958496,1.4105660915374756,0.0,3.804717540740967,0.2799963653087616,0.0
163.25,3.7928836345672607,1.464239239692688,-0.002898082137107849,-0.003246140666306019,-0.005619848612695932,-0.9966156482696533,-0.08194619417190552,2.977480271233911,1.8189406394958496,1.3951252698898315,0.0,3.804821491241455,0.1297965943813324,0.0
163.26666666666668,3.792884349822998,1.464239478111267,-0.0028981491923332214,-0.003244735300540924,-0.005618957802653313,-0.996616005897522,-0.08194136619567871,2.977489958471865,1.8189406394958496,1.261136770248413,0.0,3.804858446121216,0.08614851534366608,0.0
163.28333333333333,3.7928836345672607,1.4642387628555298,-0.002898775041103363,-0.0032480666413903236,-0.005621200427412987,-0.9966151118278503,-0.08195284008979797,2.9774669144747237,1.8189406394958496,1.2709300518035889,0.0,3.804750919342041,0.2623741328716278,0.0
163.3,3.7928848266601562,1.4642390012741089,-0.002896122634410858,-0.0032374244183301926,-0.005612465552985668,-0.9966159462928772,-0.0819433331489563,2.9774861600131373,1.8189406394958496,1.288886547088623,0.0,3.8048019409179688,0.1474248766899109,0.0
163.31666666666666,3.7928853034973145,1.4642397165298462,-0.002897694706916809,-0.0032424936071038246,-0.0056194220669567585,-0.9966164827346802,-0.08193531632423401,2.97750211249441,1.8189406394958496,1.1593846082687378,0.0,3.8048760890960693,0.0309063121676445,0.0
163.33333333333334,3.7928860187530518,1.4642386436462402,-0.002898968756198883,-0.003249295987188816,-0.005622271914035082,-0.9966142177581787,-0.08196207880973816,2.9774482924257857,1.8189406394958496,1.1796550750732422,0.0,3.8046460151672363,0.3382588028907776,0.0
163.35,3.7928874492645264,1.464238166809082,-0.0028958097100257874,-0.003237633965909481,-0.0056070322170853615,-0.9966140985488892,-0.0819658637046814,2.977440961979539,1.8189406394958496,1.3740087747573853,0.0,3.80454683303833,0.2686292231082916,0.0
163.36666666666667,3.792886972427368,1.4642387628555298,-0.0028979703783988953,-0.0032465485855937004,-0.005621092859655619,-0.9966145753860474,-0.08195790648460388,2.977456706001889,1.8189406394958496,1.353356957435608,0.0,3.804649591445923,0.11687493324279785,0.0
163.38333333333333,3.792886972427368,1.4642388820648193,-0.0028982236981391907,-0.0032446496188640594,-0.0056207734160125256,-0.9966145753860474,-0.08195891976356506,2.9774547353524503,1.8189406394958496,1.3096336126327515,0.0,3.804654359817505,0.134555846452713,0.0
163.4,3.792886972427368,1.4642391204833984,-0.0028980523347854614,-0.0032444512471556664,-0.005620207171887159,-0.9966145753860474,-0.0819571316242218,2.977458255421033,1.8189406394958496,1.30438232421875,0.0,3.8046722412109375,0.10482034832239151,0.0
163.41666666666666,3.792886734008789,1.4642384052276611,-0.0028985366225242615,-0.0032474230974912643,-0.005622496362775564,-0.9966140389442444,-0.08196443319320679,2.9774435952057425,1.8189406394958496,1.3173542022705078,0.0,3.8046038150787354,0.21560432016849518,0.0
163.43333333333334,3.7928872108459473,1.4642388820648193,-0.0028965994715690613,-0.003239634446799755,-0.005617714021354914,-0.9966147541999817,-0.08195561170578003,2.9774613920558703,1.8189406394958496,1.3115954399108887,0.0,3.8046679496765137,0.09364768862724304,0.0
163.45,3.7928874492645264,1.4642387628555298,-0.0028980225324630737,-0.0032451460137963295,-0.005621383897960186,-0.9966146945953369,-0.08195644617080688,2.977459650803429,1.8189406394958496,1.2072296142578125,0.0,3.8046469688415527,0.15091386437416077,0.0
163.46666666666667,3.7928879261016846,1.464239239692688,-0.0028969720005989075,-0.0032394742593169212,-0.005618605762720108,-0.9966154098510742,-0.08194774389266968,2.977477184308841,1.8189406394958496,1.1967231035232544,0.0,3.8047213554382324,0.03378796949982643,0.0
163.48333333333332,3.7928884029388428,1.4642382860183716,-0.0028987526893615723,-0.003250338137149811,-0.005623384844511747,-0.9966132640838623,-0.08197352290153503,2.977425306383747,1.8189406394958496,1.2275421619415283,0.0,3.804499626159668,0.3485095798969269,0.0
163.5,3.7928895950317383,1.4642375707626343,-0.002895370125770569,-0.0032365694642066956,-0.005607059225440025,-0.996613085269928,-0.08197745680809021,2.977417680048536,1.8189406394958496,1.3973430395126343,0.0,3.804396629333496,0.27800846099853516,0.0
163.51666666666668,3.792888879776001,1.4642382860183716,-0.0028975829482078552,-0.0032441262155771255,-0.005621890537440777,-0.9966136813163757,-0.08197021484375,2.9774320888883823,1.8189406394958496,1.381331205368042,0.0,3.804499864578247,0.12919625639915466,0.0
163.53333333333333,3.7928900718688965,1.4642387628555298,-0.0028975680470466614,-0.003242095001041889,-0.005621056072413921,-0.9966140985488892,-0.08196479082107544,2.9774429841636474,1.8189406394958496,1.2596542835235596,0.0,3.804551839828491,0.0835215300321579,0.0
163.55,3.792889356613159,1.4642382860183716,-0.0028983429074287415,-0.003248087130486965,-0.005623425357043743,-0.9966132044792175,-0.08197599649429321,2.9774204378432216,1.8189406394958496,1.2585813999176025,0.0,3.8044440746307373,0.25300708413124084,0.0
163.56666666666666,3.7928900718688965,1.4642382860183716,-0.002895735204219818,-0.003236980177462101,-0.00561557337641716,-0.9966140389442444,-0.08196592330932617,2.9774407995881647,1.8189406394958496,1.2740223407745361,0.0,3.804509401321411,0.1335027515888214,0.0
163.58333333333334,3.7928905487060547,1.4642386436462402,-0.00289732962846756,-0.0032420577481389046,-0.0056219082325696945,-0.9966145157814026,-0.08195921778678894,2.97745414576668,1.8189406394958496,1.1680834293365479,0.0,3.8045690059661865,0.0365290492773056,0.0
163.6,3.792891263961792,1.464237928390503,-0.002898372709751129,-0.003248528577387333,-0.005624081008136272,-0.9966124296188354,-0.0819835364818573,2.977405224589126,1.8189406394958496,1.1864559650421143,0.0,3.804363965988159,0.34562891721725464,0.0
163.61666666666667,3.7928922176361084,1.464237093925476,-0.0028952136635780334,-0.0032356716692447662,-0.005608044099062681,-0.9966123104095459,-0.0819878876209259,2.977396796079638,1.8189406394958496,1.3668407201766968,0.0,3.8042547702789307,0.2715483009815216,0.0
163.63333333333333,3.7928919792175293,1.464237928390503,-0.002897493541240692,-0.0032454822212457657,-0.005622765980660915,-0.9966128468513489,-0.08197975158691406,2.977412909162471,1.8189406394958496,1.3498765230178833,0.0,3.8043556213378906,0.12209127098321915,0.0
163.65,3.7928929328918457,1.464238166809082,-0.0028972849249839783,-0.00324131827801466,-0.0056218346580863,-0.996613085269928,-0.08197593688964844,2.977420576097891,1.8189406394958496,1.2195839881896973,0.0,3.8043856620788574,0.09863195568323135,0.0
163.66666666666666,3.7928926944732666,1.4642378091812134,-0.0028976649045944214,-0.0032432526350021362,-0.005623060278594494,-0.9966127872467041,-0.08197999000549316,2.9774124350632514,1.8189406394958496,1.2191544771194458,0.0,3.8043479919433594,0.14956514537334442,0.0
163.68333333333334,3.7928929328918457,1.4642382860183716,-0.0028967484831809998,-0.003238661214709282,-0.005620988085865974,-0.9966135025024414,-0.08197134733200073,2.977429837392826,1.8189406394958496,1.208037257194519,0.0,3.804419994354248,0.0347190722823143,0.0
163.7,3.792893171310425,1.4642374515533447,-0.0028984323143959045,-0.003248603083193302,-0.005625585559755564,-0.9966113567352295,-0.08199727535247803,2.977377677351244,1.8189406394958496,1.235227108001709,0.0,3.8042032718658447,0.3532916009426117,0.0
163.71666666666667,3.7928943634033203,1.4642366170883179,-0.002895042300224304,-0.0032366514205932617,-0.005608567968010902,-0.9966111779212952,-0.08200135827064514,2.9773697397788266,1.8189406394958496,1.414906620979309,0.0,3.8041014671325684,0.2850089967250824,0.0
163.73333333333332,3.7928946018218994,1.464237093925476,-0.002897113561630249,-0.003243635408580303,-0.005623515695333481,-0.9966116547584534,-0.08199432492256165,2.977383685972177,1.8189406394958496,1.3889265060424805,0.0,3.804192304611206,0.1399623602628708,0.0
163.75,3.7928953170776367,1.4642378091812134,-0.002896822988986969,-0.0032386407256126404,-0.005621739197522402,-0.9966123700141907,-0.08198517560958862,2.977402088212608,1.8189406394958496,1.234663724899292,0.0,3.804262161254883,0.038999974727630615,0.0
163.76666666666668,3.792895555496216,1.4642369747161865,-0.002898186445236206,-0.0032474296167492867,-0.005625427700579166,-0.9966103434562683,-0.08200857043266296,2.9773549833228867,1.8189406394958496,1.2363563776016235,0.0,3.8040452003479004,0.3579157888889313,0.0
163.78333333333333,3.7928967475891113,1.4642360210418701,-0.002894885838031769,-0.003236057236790657,-0.005609117913991213,-0.9966104030609131,-0.08201214671134949,2.9773481504850134,1.8189406394958496,1.4301767349243164,0.0,3.803964853286743,0.28884097933769226,0.0
163.8,3.7928965091705322,1.4642366170883179,-0.0028969496488571167,-0.003242037259042263,-0.0056243822909891605,-0.996610701084137,-0.08200547099113464,2.977361316082545,1.8189406394958496,1.4104480743408203,0.0,3.8040547370910645,0.14811600744724274,0.0
163.81666666666666,3.7928965091705322,1.4642373323440552,-0.002896621823310852,-0.0032387208193540573,-0.005622864700853825,-0.996611475944519,-0.08199605345726013,2.977380255609176,1.8189406394958496,1.2562816143035889,0.0,3.8041250705718994,0.04830937832593918,0.0
163.83333333333334,3.7928972244262695,1.4642367362976074,-0.0028982013463974,-0.003248068504035473,-0.005626649595797062,-0.9966097474098206,-0.08201691508293152,2.9773382716931036,1.8189406394958496,1.2650563716888428,0.0,3.8039448261260986,0.35691213607788086,0.0
163.85,3.792898178100586,1.4642363786697388,-0.002894468605518341,-0.0032338909804821014,-0.005607657600194216,-0.9966108202934265,-0.08200618624687195,2.9773601036846484,1.8189406394958496,1.3137317895889282,0.0,3.8039777278900146,0.2485923171043396,0.0
163.86666666666667,3.792898654937744,1.4642369747161865,-0.0028967931866645813,-0.0032418696209788322,-0.005624296609312296,-0.9966112971305847,-0.08199870586395264,2.977374913383157,1.8189406394958496,1.2018417119979858,0.0,3.8040502071380615,0.08205944299697876,0.0
163.88333333333333,3.792898654937744,1.464236855506897,-0.0028973743319511414,-0.0032432889565825462,-0.005625984165817499,-0.9966105222702026,-0.08200711011886597,2.977357986988842,1.8189406394958496,1.1807031631469727,0.0,3.8039920330047607,0.1992165744304657,0.0
163.9,3.7928991317749023,1.4642369747161865,-0.0028955265879631042,-0.0032370733097195625,-0.005620125215500593,-0.9966113567352295,-0.08199748396873474,2.977377409899327,1.8189406394958496,1.1884065866470337,0.0,3.8040525913238525,0.07973004132509232,0.0
163.91666666666666,3.792898654937744,1.464236855506897,-0.0028973743319511414,-0.003243427723646164,-0.0056258272379636765,-0.9966106414794922,-0.08200609683990479,2.977360036827301,1.8189406394958496,1.1816409826278687,0.0,3.804001569747925,0.18624255061149597,0.0
163.93333333333334,3.7928991317749023,1.4642372131347656,-0.0028956010937690735,-0.0032356074079871178,-0.005621050950139761,-0.9966115355491638,-0.08199635148048401,2.977379738219149,1.8189406394958496,1.1856892108917236,0.0,3.8040707111358643,0.0643090158700943,0.0
163.95,3.792898416519165,1.464236855506897,-0.0028975307941436768,-0.0032446151599287987,-0.005627105012536049,-0.9966103434562683,-0.08200874924659729,2.9773546583710733,1.8189406394958496,1.1929783821105957,0.0,3.803971529006958,0.23462072014808655,0.0
163.96666666666667,3.7928993701934814,1.464237093925476,-0.002895042300224304,-0.003234309144318104,-0.0056183529086411,-0.9966112971305847,-0.08199870586395264,2.9773750133670482,1.8189406394958496,1.1873246431350708,0.0,3.8040382862091064,0.11140363663434982,0.0
163.98333333333332,3.792898416519165,1.464237093925476,-0.002897113561630249,-0.003241678699851036,-0.005626865662634373,-0.9966111183166504,-0.08200088143348694,2.9773705427960877,1.8189406394958496,1.18330717086792,0.0,3.8040504455566406,0.09960679709911346,0.0
164.0,3.792898178100586,1.464237093925476,-0.0028969570994377136,-0.0032412800937891006,-0.005626093130558729,-0.9966107606887817,-0.082003653049469,2.9773649239011237,1.8189406394958496,1.1814929246902466,0.0,3.804030656814575,0.14324194192886353,0.0
164.01666666666668,3.7928988933563232,1.4642375707626343,-0.0028959736227989197,-0.0032370463013648987,-0.005623195320367813,-0.9966115355491638,-0.08199524879455566,2.97738188481268,1.8189406394958496,1.1705942153930664,0.0,3.8040847778320312,0.03202880546450615,0.0
164.03333333333333,3.7928993701934814,1.4642364978790283,-0.002897709608078003,-0.0032466864213347435,-0.00562766520306468,-0.9966095089912415,-0.08201918005943298,2.9773337135364395,1.8189406394958496,1.199742078781128,0.0,3.803891658782959,0.3523126244544983,0.0
164.05,3.792900800704956,1.4642356634140015,-0.0028943046927452087,-0.003233124502003193,-0.005610218271613121,-0.9966093897819519,-0.08202311396598816,2.9773261171751066,1.8189406394958496,1.3553576469421387,0.0,3.8037943840026855,0.2692197263240814,0.0
164.06666666666666,3.7929000854492188,1.4642363786697388,-0.002896137535572052,-0.00324038602411747,-0.00562257831916213,-0.9966098666191101,-0.08201569318771362,2.977340829215018,1.8189406394958496,1.3392622470855713,0.0,3.803879976272583,0.13375736773014069,0.0
164.08333333333334,3.7929000854492188,1.464236855506897,-0.002896629273891449,-0.0032393522560596466,-0.005624937359243631,-0.996610164642334,-0.08201166987419128,2.9773488918621798,1.8189406394958496,1.293751835823059,0.0,3.8039448261260986,0.054929159581661224,0.0
164.1,3.792900562286377,1.4642360210418701,-0.002897702157497406,-0.003245750442147255,-0.005628659389913082,-0.9966084957122803,-0.08203145861625671,2.9773090798876436,1.8189406394958496,1.298195719718933,0.0,3.8037619590759277,0.36427584290504456,0.0
164.11666666666667,3.792900800704956,1.464235782623291,-0.0028940290212631226,-0.003231591545045376,-0.005610700696706772,-0.9966095685958862,-0.08202135562896729,2.977329678093752,1.8189406394958496,1.357825517654419,0.0,3.803807020187378,0.256503164768219,0.0
164.13333333333333,3.7929012775421143,1.4642364978790283,-0.0028955787420272827,-0.003236091695725918,-0.005622428376227617,-0.9966099262237549,-0.08201542496681213,2.9773414339057003,1.8189406394958496,1.2628538608551025,0.0,3.803853988647461,0.11809256672859192,0.0
164.15,3.792901039123535,1.4642367362976074,-0.0028965920209884644,-0.0032384060323238373,-0.005626366473734379,-0.9966099262237549,-0.08201435208320618,2.9773435072989303,1.8189406394958496,1.223718285560608,0.0,3.8038861751556396,0.08204501867294312,0.0
164.16666666666666,3.792901039123535,1.4642361402511597,-0.0028970837593078613,-0.0032427897676825523,-0.005628152284771204,-0.9966092705726624,-0.08202242851257324,2.977327250822532,1.8189406394958496,1.2139694690704346,0.0,3.803806781768799,0.2218894064426422,0.0
164.18333333333334,3.7929019927978516,1.4642366170883179,-0.002894863486289978,-0.003232489340007305,-0.0056216418743133545,-0.9966099858283997,-0.08201342821121216,2.9773454316699466,1.8189406394958496,1.2244740724563599,0.0,3.803868532180786,0.10200284421443939,0.0
164.2,3.7929015159606934,1.4642366170883179,-0.0028964057564735413,-0.0032395487651228905,-0.005627100821584463,-0.9966102242469788,-0.08201071619987488,2.9773507883501837,1.8189406394958496,1.1085418462753296,0.0,3.803889751434326,0.07791519165039062,0.0
164.21666666666667,3.7929024696350098,1.4642362594604492,-0.0028965547680854797,-0.003239729441702366,-0.0056273676455020905,-0.9966098666191101,-0.08201509714126587,2.9773419955843186,1.8189406394958496,1.1029590368270874,0.0,3.8038554191589355,0.136965811252594,0.0
164.23333333333332,3.7929024696350098,1.4642369747161865,-0.0028955042362213135,-0.0032353904098272324,-0.005624291021376848,-0.9966108202934265,-0.08200579881668091,2.977360803855243,1.8189406394958496,1.1112377643585205,0.0,3.8039228916168213,0.020051047205924988,0.0
164.25,3.792903423309326,1.4642359018325806,-0.002897292375564575,-0.0032445499673485756,-0.005629000253975391,-0.996608555316925,-0.0820314884185791,2.97730906290272,1.8189406394958496,1.1385040283203125,0.0,3.8037033081054688,0.3423837125301361,0.0
164.26666666666668,3.792904853820801,1.4642353057861328,-0.002893969416618347,-0.0032328376546502113,-0.005611735861748457,-0.9966083765029907,-0.08203527331352234,2.9773017093396406,1.8189406394958496,1.2928558588027954,0.0,3.8035969734191895,0.2527453303337097,0.0
164.28333333333333,3.7929043769836426,1.464235782623291,-0.002896510064601898,-0.003242230974137783,-0.0056276642717421055,-0.9966089129447937,-0.08202672004699707,2.9773186441457367,1.8189406394958496,1.2686233520507812,0.0,3.803703784942627,0.09838926792144775,0.0
164.3,3.792903423309326,1.4642361402511597,-0.0028965026140213013,-0.0032388539984822273,-0.005627267993986607,-0.9966086149215698,-0.08203014731407166,2.977311797233453,1.8189406394958496,1.234885811805725,0.0,3.803699254989624,0.1406056135892868,0.0
164.31666666666666,3.7929041385650635,1.4642366170883179,-0.002895951271057129,-0.0032354509457945824,-0.005626438185572624,-0.9966093301773071,-0.08202266693115234,2.977326897332541,1.8189406394958496,1.2215633392333984,0.0,3.803759813308716,0.03751039505004883,0.0
164.33333333333334,3.7929043769836426,1.464235782623291,-0.002897299826145172,-0.003244169056415558,-0.005630007479339838,-0.9966073632240295,-0.08204489946365356,2.9772821085368792,1.8189406394958496,1.2296955585479736,0.0,3.803562879562378,0.3575678765773773,0.0
164.35,3.792905330657959,1.4642353057861328,-0.0028936564922332764,-0.0032306117936968803,-0.005611369386315346,-0.9966084361076355,-0.08203354477882385,2.9773051631952945,1.8189406394958496,1.2909071445465088,0.0,3.8036048412323,0.24514071643352509,0.0
164.36666666666667,3.7929043769836426,1.4642360210418701,-0.0028961971402168274,-0.0032398952171206474,-0.005628064274787903,-0.9966090321540833,-0.0820261538028717,2.977319840891025,1.8189406394958496,1.2638983726501465,0.0,3.803710460662842,0.08721332252025604,0.0
164.38333333333333,3.7929036617279053,1.4642359018325806,-0.0028965994715690613,-0.0032403189688920975,-0.005628970451653004,-0.9966083765029907,-0.082032710313797,2.9773066195880697,1.8189406394958496,1.2249788045883179,0.0,3.8036768436431885,0.17698964476585388,0.0
164.4,3.7929041385650635,1.4642364978790283,-0.0028952136635780334,-0.003234398551285267,-0.00562561908736825,-0.9966092705726624,-0.08202308416366577,2.9773260615653014,1.8189406394958496,1.2334887981414795,0.0,3.8037469387054443,0.0637509748339653,0.0
164.41666666666666,3.7929039001464844,1.464235544204712,-0.0028968751430511475,-0.003242875449359417,-0.005630442872643471,-0.9966082572937012,-0.08203545212745667,2.9773011372427445,1.8189406394958496,1.2259894609451294,0.0,3.803649425506592,0.2324179857969284,0.0
164.43333333333334,3.7929046154022217,1.4642360210418701,-0.002894297242164612,-0.003231278620660305,-0.005622969940304756,-0.996609091758728,-0.08202633261680603,2.977319627898269,1.8189406394958496,1.2459595203399658,0.0,3.8037009239196777,0.1165083721280098,0.0
164.45,3.7929043769836426,1.4642363786697388,-0.0028951168060302734,-0.0032314881682395935,-0.005625787656754255,-0.9966095089912415,-0.08202138543128967,2.9773295506730464,1.8189406394958496,1.128889799118042,0.0,3.8037467002868652,0.05363519862294197,0.0
164.46666666666667,3.792905330657959,1.4642356634140015,-0.002896621823310852,-0.0032412083819508553,-0.00563006941229105,-0.9966083765029907,-0.08203360438346863,2.9773048486222438,1.8189406394958496,1.111217737197876,0.0,3.803635597229004,0.2290082573890686,0.0
164.48333333333332,3.7929060459136963,1.4642359018325806,-0.0028941556811332703,-0.0032311202958226204,-0.005621054675430059,-0.9966093897819519,-0.08202189207077026,2.977328512836784,1.8189406394958496,1.126495122909546,0.0,3.8037006855010986,0.1048310399055481,0.0
164.5,3.7929046154022217,1.4642360210418701,-0.0028962790966033936,-0.0032388009130954742,-0.00563051737844944,-0.9966089129447937,-0.08202645182609558,2.9773192019397285,1.8189406394958496,1.1286331415176392,0.0,3.8037023544311523,0.12897223234176636,0.0
164.51666666666668,3.792905569076538,1.4642364978790283,-0.0028953179717063904,-0.0032336609438061714,-0.0056271604262292385,-0.996609628200531,-0.08201846480369568,2.977335324445462,1.8189406394958496,1.1078999042510986,0.0,3.803762197494507,0.016601689159870148,0.0
