t,left_q,left_v,right_q,right_v
118.916666666,-4.946843645825538e-08,0.7958852648735046,-0.9459677338600159,-0.036885764449834824
118.933333333,-4.8803524776985796e-08,0.541062593460083,-0.9465980529785156,0.43929120898246765
118.95,-4.805230346960343e-08,0.4410721957683563,-0.9464576840400696,0.48214927315711975
118.966666666,-4.791694507844113e-08,0.5394658446311951,-0.9464432001113892,0.005297800526022911
119.0,-4.9449919714561474e-08,0.2856336236000061,-0.9469599723815918,0.17482192814350128
119.016666666,-5.0393857975450373e-08,0.46106189489364624,-0.9474426507949829,0.41727113723754883
119.033333333,-4.831311883890521e-08,0.3612360954284668,-0.9472784996032715,0.22500164806842804
119.05,-4.764546090996191e-08,0.4916958212852478,-0.9475718140602112,0.42514997720718384
119.066666666,-4.7342986420062516e-08,0.36866748332977295,-0.9474233984947205,0.21964597702026367
119.1,-4.817101739718055e-08,0.35593098402023315,-0.9475442171096802,0.21812856197357178
119.116666666,-4.8573006949936826e-08,0.4660784900188446,-0.9477936029434204,0.42333877086639404
119.133333333,-4.807910869430998e-08,0.35676926374435425,-0.9476478099822998,0.2233285754919052
119.15,-4.943812115243418e-08,0.47643086314201355,-0.947863757610321,0.42425742745399475
119.166666666,-4.836820366449501e-08,0.34862929582595825,-0.9477044343948364,0.21718724071979523
119.2,-4.733382397148489e-08,0.35973766446113586,-0.9477853178977966,0.22275209426879883
119.216666666,-4.556212118700387e-08,0.44724369049072266,-0.9479948282241821,0.4238818287849426
119.233333333,-4.630417649309493e-08,0.3548581898212433,-0.9478475451469421,0.22840780019760132
119.25,-4.6906325934514825e-08,0.45478665828704834,-0.948021411895752,0.41016966104507446
119.266666666,-4.5957655459005764e-08,0.30724871158599854,-0.9476895332336426,0.17852523922920227
119.3,-4.800930142323523e-08,0.3579725921154022,-0.947935938835144,0.23425592482089996
119.316666666,-4.6898417593865815e-08,0.4481172263622284,-0.9480869770050049,0.38242387771606445
119.333333333,-4.5455855968157266e-08,0.3193032145500183,-0.9477648138999939,0.16653521358966827
119.35,-4.5684153349156986e-08,0.4231511056423187,-0.9482581615447998,0.4096570312976837
119.366666666,-4.5792852176873566e-08,0.3371753394603729,-0.9480941295623779,0.22655828297138214
119.4,-4.683185039766613e-08,0.30888861417770386,-0.9479278326034546,0.1627132147550583
119.416666666,-4.681215060031718e-08,0.4194166660308838,-0.9484222531318665,0.41062092781066895
119.433333333,-4.580601498105352e-08,0.31988826394081116,-0.948268473148346,0.2273101806640625
119.45,-4.6518923824123704e-08,0.3962618112564087,-0.9483814835548401,0.2976474463939667
119.466666666,-4.629327321481469e-08,0.283928781747818,-0.9480962753295898,0.1186007633805275
119.5,-4.6065171233067304e-08,0.08512023836374283,-0.9487056732177734,0.23397012054920197
119.516666666,-4.536917330710821e-08,0.14315256476402283,-0.9490169882774353,0.28625184297561646
119.533333333,-4.413670851022289e-08,0.16771723330020905,-0.9488599300384521,0.10146937519311905
119.55,-4.4279691024939893e-08,0.4208904206752777,-0.9494856595993042,0.3917669951915741
119.566666666,-4.42334027184188e-08,0.36987292766571045,-0.9493390917778015,0.2157995104789734
119.6,-4.566492606272732e-08,0.383079469203949,-0.9495393633842468,0.22097384929656982
119.616666666,-4.439675649337005e-08,0.519981324672699,-0.949827253818512,0.42590442299842834
119.633333333,-4.315663204579323e-08,0.43188682198524475,-0.9496791958808899,0.2359319031238556
119.65,-4.1818964291451266e-08,0.5332291722297668,-0.9499627947807312,0.4223538041114807
119.666666666,-4.066153636017589e-08,0.4260185956954956,-0.94981849193573,0.2270607203245163
119.7,-4.168916944990997e-08,0.40169596672058105,-0.9499742984771729,0.22613725066184998
119.716666666,-4.449401913575457e-08,0.5004528760910034,-0.9502299427986145,0.4233227074146271
119.733333333,-4.293237054753263e-08,0.3748919367790222,-0.9500828981399536,0.22172445058822632
119.75,-4.3696172014051626e-08,0.4995015561580658,-0.9503132700920105,0.42495378851890564
119.766666666,-4.489594829237831e-08,0.3774210810661316,-0.9501774907112122,0.2279319018125534
119.8,-4.37681038079063e-08,0.3744167685508728,-0.9502355456352234,0.22697611153125763
119.816666666,-4.378120266324004e-08,0.506971538066864,-0.9504258632659912,0.42104822397232056
119.833333333,-4.476984827306296e-08,0.38277408480644226,-0.9502795934677124,0.22429929673671722
119.85,-4.33596163418315e-08,0.4839770197868347,-0.9504938721656799,0.4230102300643921
119.866666666,-4.534216557772197e-08,0.38554903864860535,-0.9503418207168579,0.2313372939825058
119.9,-4.8570345967391404e-08,0.3589116930961609,-0.9501950740814209,0.18230967223644257
119.916666666,-4.6525141073061604e-08,0.4550275206565857,-0.9506111145019531,0.42055410146713257
119.933333333,-4.7616193654675953e-08,0.3794419765472412,-0.9504618048667908,0.24101696908473969
119.95,-0.0009052520617842674,0.9584473967552185,-0.9506086111068726,0.4274168610572815
119.966666666,-0.0027156660798937082,1.5224297046661377,-0.9500322937965393,0.5210172533988953
120.0,-0.008146895095705986,1.7716232538223267,-0.9475839734077454,0.19945108890533447
120.016666666,-0.012672923505306244,2.984940528869629,-0.9451689124107361,0.6833586096763611
120.033333333,-0.018104160204529762,-0.8606547713279724,-0.9418835639953613,0.4808228015899658
120.05,-0.02444061078131199,-0.3061690032482147,-0.937936007976532,0.4704674780368805
120.066666666,-0.031682271510362625,-1.1956769227981567,-0.9329351782798767,0.7893060445785522
120.1,-0.04797603562474251,0.29246285557746887,-0.9208534955978394,0.49631771445274353
120.116666666,-0.057933349162340164,1.3856152296066284,-0.9134392142295837,0.8081250190734863
120.133333333,-0.06879586726427078,2.2186567783355713,-0.9054713249206543,2.0487008094787598
120.15,-0.0805634930729866,2.1839098930358887,-0.8965479135513306,0.8894149661064148
120.166666666,-0.09323639422655106,2.036928176879883,-0.8862743377685547,0.6167817115783691
120.2,-0.12039274722337723,1.6621018648147583,-0.8634815216064453,0.6175750494003296
120.216666666,-0.13578124344348907,2.1813549995422363,-0.8509059548377991,0.7599886059761047
120.233333333,-0.15207476913928986,1.8057090044021606,-0.837151288986206,0.7524446249008179
120.25,-0.16927380859851837,1.6699621677398682,-0.8224590420722961,0.7947307825088501
120.266666666,-0.18737788498401642,1.5725789070129395,-0.8068830966949463,0.8433467745780945
120.3,-0.22539612650871277,1.0696078538894653,-0.773542582988739,0.8610976934432983
120.316666666,-0.2462157905101776,1.725277304649353,-0.755545973777771,1.0207023620605469
120.333333333,-0.26794058084487915,0.7511065602302551,-0.7363687753677368,0.9868329167366028
120.35,-0.2896652817726135,0.8220767378807068,-0.7167225480079651,1.0003482103347778
120.366666666,-0.3113899827003479,0.7782377004623413,-0.6970756649971008,1.0015009641647339
120.4,-0.35483938455581665,0.8081848621368408,-0.6577475666999817,1.005398154258728
120.416666666,-0.376564085483551,0.8203986287117004,-0.6380894184112549,1.0079830884933472
120.433333333,-0.3982887864112854,0.814969539642334,-0.6184302568435669,1.0060009956359863
120.45,-0.4200134873390198,0.8139664530754089,-0.5987716317176819,1.0061888694763184
120.466666666,-0.44173818826675415,0.8197280764579773,-0.5791139006614685,1.0072011947631836
120.5,-0.4851875901222229,0.8159226775169373,-0.5397974848747253,1.006848931312561
120.516666666,-0.5069122910499573,0.8164250254631042,-0.5201388001441956,1.0067784786224365
120.533333333,-0.5286369919776917,0.8141214847564697,-0.5004799365997314,1.0061454772949219
120.55,-0.550361692905426,0.8177277445793152,-0.48082175850868225,1.006945252418518
120.566666666,-0.5720863938331604,0.8154902458190918,-0.4611632227897644,1.0063542127609253
120.6,-0.6155357956886292,0.8176959753036499,-0.4218460023403168,1.0063070058822632
120.616666666,-0.6372604966163635,0.8168200850486755,-0.4021880030632019,1.0064728260040283
120.633333333,-0.6589851975440979,0.8168156147003174,-0.3825298845767975,1.006636619567871
120.65,-0.6807098984718323,0.8150396943092346,-0.3628723919391632,1.0070061683654785
120.666666666,-0.7024345993995667,0.8166073560714722,-0.3432128429412842,1.006109356880188
120.7,-0.7458840012550354,0.8159230351448059,-0.3038965165615082,1.0063772201538086
120.716666666,-0.7676087021827698,0.8163541555404663,-0.2842387557029724,1.0068596601486206
120.733333333,-0.7893334031105042,0.8151321411132812,-0.26458030939102173,1.0066449642181396
120.75,-0.8110581040382385,0.8165270686149597,-0.24492140114307404,1.006265640258789
120.766666666,-0.8327828049659729,0.817743718624115,-0.22526337206363678,1.0068086385726929
120.8,-0.8762322068214417,0.8176584243774414,-0.1859462410211563,1.0062999725341797
120.816666666,-0.897956907749176,0.8182302713394165,-0.16628839075565338,1.0066325664520264
120.833333333,-0.9196816086769104,0.8151582479476929,-0.14663057029247284,1.0068004131317139
120.85,-0.9414063096046448,0.8159822821617126,-0.1269720196723938,1.0065069198608398
120.866666666,-0.9631310105323792,0.8171075582504272,-0.10731350630521774,1.0066038370132446
120.9,-1.0065804719924927,0.8185151815414429,-0.06799641251564026,1.0063749551773071
120.916666666,-1.028305172920227,0.8168421387672424,-0.04833868891000748,1.006696105003357
120.933333333,-1.0500298738479614,0.8161512017250061,-0.028680382296442986,1.0065923929214478
120.95,-1.0717545747756958,0.8165168166160583,-0.009022150188684464,1.006718397140503
120.966666666,-1.0934792757034302,0.8166716694831848,0.010636575520038605,1.0063577890396118
121.0,-1.136928677558899,0.8166192173957825,0.04995302855968475,1.0066933631896973
121.016666666,-1.1586533784866333,0.8169829845428467,0.06961163878440857,1.006345272064209
121.033333333,-1.1803780794143677,0.8172407746315002,0.0892694815993309,1.0068581104278564
121.05,-1.202102780342102,0.8170819878578186,0.10892850160598755,1.0061490535736084
121.066666666,-1.2238274812698364,0.817676305770874,0.12858633697032928,1.0067517757415771
121.1,-1.2672768831253052,0.8169134855270386,0.16790270805358887,1.0068379640579224
121.116666666,-1.2890015840530396,0.8168550729751587,0.1875612884759903,1.0064561367034912
121.133333333,-1.310726284980774,0.818030059337616,0.20721960067749023,1.0065600872039795
121.15,-1.3324509859085083,0.8180053234100342,0.22687840461730957,1.0062528848648071
121.166666666,-1.3541756868362427,0.8180257081985474,0.2465360462665558,1.0066804885864258
121.2,-1.3976250886917114,0.8171406984329224,0.28585270047187805,1.0065439939498901
121.216666666,-1.4193497896194458,0.8170017004013062,0.3055106997489929,1.0067905187606812
121.233333333,-1.4410744905471802,0.8185039758682251,0.32517004013061523,1.0060349702835083
121.25,-1.4627991914749146,0.8187048435211182,0.34482789039611816,1.006611704826355
121.266666666,-1.484523892402649,0.8170390725135803,0.3644857108592987,1.006778359413147
121.3,-1.5279732942581177,0.8190368413925171,0.4038032293319702,1.0061997175216675
121.316666666,-1.549697995185852,0.8182684779167175,0.42346084117889404,1.006723403930664
121.333333333,-1.5714226961135864,0.8168389797210693,0.44311919808387756,1.0065408945083618
121.35,-1.5931473970413208,0.818633496761322,0.4627778232097626,1.0064231157302856
121.366666666,-1.6148720979690552,0.8188406825065613,0.4824361205101013,1.0064178705215454
121.4,-1.658321499824524,0.817039430141449,0.5217522382736206,1.006795048713684
121.416666666,-1.6800462007522583,0.8186240196228027,0.5414114594459534,1.0060551166534424
121.433333333,-1.7017709016799927,0.8183152079582214,0.5610690116882324,1.006908893585205
121.45,-1.723495602607727,0.8175088167190552,0.5807279348373413,1.0061888694763184
121.466666666,-1.7452203035354614,0.8190099000930786,0.600385844707489,1.0068013668060303
121.5,-1.7886697053909302,0.8182664513587952,0.6397024989128113,1.0065339803695679
121.516666666,-1.8103944063186646,0.8182692527770996,0.6593606472015381,1.0067780017852783
121.533333333,-1.832119107246399,0.8186452388763428,0.679019570350647,1.0059655904769897
121.55,-1.8538438081741333,0.8193662762641907,0.6986771821975708,1.0068566799163818
121.566666666,-1.8755685091018677,0.8169534802436829,0.7183352112770081,1.0065604448318481
121.6,-1.9190179109573364,0.8191222548484802,0.7576521039009094,1.0066299438476562
121.616666666,-1.9407426118850708,0.8185965418815613,0.777310848236084,1.006142258644104
121.633333333,-1.9624673128128052,0.8188061714172363,0.7969683408737183,1.0069198608398438
121.65,-1.9841920137405396,0.8186459541320801,0.8166273832321167,1.0061460733413696
121.666666666,-2.00591778755188,0.8196888566017151,0.8362852334976196,1.0065884590148926
121.7,-2.04937481880188,0.8169021606445312,0.8756014704704285,1.0065574645996094
121.716666666,-2.07110333442688,0.8198865056037903,0.8952603936195374,1.0063337087631226
121.733333333,-2.09283185005188,0.8193055987358093,0.9149186611175537,1.006420612335205
121.75,-2.11456036567688,0.8176361918449402,0.9345763921737671,1.006752848625183
121.766666666,-2.13628888130188,0.8199591040611267,0.9542355537414551,1.0061744451522827
121.8,-2.17974591255188,0.8183779120445251,0.9935516715049744,1.0065373182296753
121.816666666,-2.20147442817688,0.8198924660682678,1.0132105350494385,1.006173014640808
121.833333333,-2.22320294380188,0.8196470737457275,1.0328682661056519,1.0066207647323608
121.85,-2.24493145942688,0.8188931345939636,1.0525263547897339,1.0064433813095093
121.866666666,-2.26665997505188,0.8183920979499817,1.0721843242645264,1.0066652297973633
121.9,-2.31011700630188,0.8189488649368286,1.11150062084198,1.0070205926895142
121.916666666,-2.33184552192688,0.8183096051216125,1.1311599016189575,1.0061683654785156
121.933333333,-2.35357403755188,0.8201177716255188,1.15081787109375,1.006706714630127
121.95,-2.37530255317688,0.8180288672447205,1.1704761981964111,1.0064685344696045
121.966666666,-2.39703106880188,0.819632887840271,1.19013512134552,1.0062907934188843
122.0,-2.44048810005188,0.8197268843650818,1.2294517755508423,1.006090760231018
122.016666666,-2.46221661567688,0.8203803896903992,1.2491090297698975,1.0066512823104858
122.033333333,-2.48394513130188,0.8191400766372681,1.2687674760818481,1.0065064430236816
122.05,-2.50567364692688,0.819879949092865,1.2884258031845093,1.006251335144043
122.066666666,-2.52740216255188,0.8204285502433777,1.3080838918685913,1.0066461563110352
122.1,-2.57085919380188,0.8190112709999084,1.3474000692367554,1.0067626237869263
122.116666666,-2.59258770942688,0.8200955986976624,1.3670592308044434,1.006140947341919
122.133333333,-2.61431622505188,0.8203508853912354,1.3867170810699463,1.0064436197280884
122.15,-2.63604474067688,0.8199722170829773,1.4063750505447388,1.0065840482711792
122.166666666,-2.65777325630188,0.8190755248069763,1.4260331392288208,1.0064059495925903
122.2,-2.70123028755188,0.8197339177131653,1.4653486013412476,1.0068639516830444
122.216666666,-2.72295880317688,0.8187811970710754,1.4850068092346191,1.0062317848205566
122.233333333,-2.74468731880188,0.8205727338790894,1.5046650171279907,1.0067647695541382
122.25,-2.76641583442688,0.8205480575561523,1.5243240594863892,1.0058681964874268
122.266666666,-2.78814435005188,0.8205569982528687,1.543981671333313,1.00685453414917
122.3,-2.83160138130188,0.8201118111610413,1.583298683166504,1.0061529874801636
122.316666666,-2.85332989692688,0.8209390640258789,1.6029565334320068,1.0067355632781982
122.333333333,-2.87505841255188,0.8195071220397949,1.622615098953247,1.006292700767517
122.35,-2.89678692817688,0.8196147084236145,1.64227294921875,1.006653904914856
122.366666666,-2.91851544380188,0.8214277625083923,1.661932349205017,1.006137728691101
122.4,-2.96197247505188,0.8203853368759155,1.701248288154602,1.006544589996338
122.416666666,-2.98370099067688,0.8203250765800476,1.7209068536758423,1.0064034461975098
122.433333333,-3.00542950630188,0.8197157382965088,1.7405648231506348,1.0065381526947021
122.45,-3.02715802192688,0.8214393258094788,1.760223627090454,1.0061320066452026
122.466666666,-3.04888653755188,0.820827066898346,1.7798811197280884,1.006671667098999
122.5,-3.09234356880188,0.8207427263259888,1.819197654724121,1.0069016218185425
122.516666666,-3.11407208442688,0.8188615441322327,1.8388557434082031,1.006463885307312
122.533333333,-3.13580060005188,0.8210394978523254,1.8585145473480225,1.0062880516052246
122.55,-3.15752911567688,0.820669949054718,1.8781726360321045,1.006544828414917
122.566666666,-3.17925763130188,0.8207813501358032,1.8978309631347656,1.006300449371338
122.6,-3.22271466255188,0.8217499852180481,1.9371474981307983,1.0064252614974976
122.616666666,-3.24444317817688,0.8211963176727295,1.9568054676055908,1.0064136981964111
122.633333333,-3.26617169380188,0.8207629323005676,1.9764635562896729,1.0066742897033691
122.65,-3.28790020942688,0.8195275068283081,1.9961216449737549,1.006366491317749
122.666666666,-3.30962872505188,0.8218446373939514,2.015780210494995,1.006274700164795
122.7,-3.35308575630188,0.8209571242332458,2.055096387863159,1.006290078163147
122.716666666,-3.37481427192688,0.820844292640686,2.0747549533843994,1.0066419839859009
122.733333333,-3.39654278755188,0.821686327457428,2.0944137573242188,1.005950689315796
122.75,-3.41827130317688,0.8229660391807556,2.11407208442688,1.0066587924957275
122.766666666,-3.43999981880188,0.8198967576026917,2.133730411529541,1.006429672241211
122.8,-3.48345685005188,0.8221268653869629,2.173048257827759,1.0061115026474
122.816666666,-3.50518536567688,0.8207672238349915,2.1927058696746826,1.006639003753662
122.833333333,-3.52691388130188,0.8224253058433533,2.212364912033081,1.0060619115829468
122.85,-3.54864239692688,0.8226491212844849,2.232023239135742,1.0065499544143677
122.866666666,-3.57037091255188,0.8202555775642395,2.2516815662384033,1.0064661502838135
122.9,-3.61382794380188,0.8216179609298706,2.2909996509552,1.0064635276794434
122.916666666,-3.63555645942688,0.8207016587257385,2.3106577396392822,1.00633704662323
122.933333333,-3.65728497505188,0.8224247694015503,2.3303165435791016,1.0063905715942383
122.95,-3.67901349067688,0.8222687840461731,2.349975824356079,1.0061523914337158
122.966666666,-3.70074200630188,0.8216198086738586,2.369633913040161,1.0067404508590698
123.0,-3.74419903755188,0.8220077157020569,2.4089508056640625,1.0067315101623535
123.016666666,-3.76592755317688,0.8223646879196167,2.42861008644104,1.0059810876846313
123.033333333,-3.78765606880188,0.8223154544830322,2.448267936706543,1.0066845417022705
123.05,-3.80938458442688,0.8216587901115417,2.467926263809204,1.0063283443450928
123.066666666,-3.83111310005188,0.8214659094810486,2.4875845909118652,1.006409764289856
123.1,-3.87457013130188,0.8215734958648682,2.5269010066986084,1.0064364671707153
123.116666666,-3.89629864692688,0.8220414519309998,2.5465595722198486,1.0062390565872192
123.133333333,-3.91802716255188,0.8221482634544373,2.5662178993225098,1.0067358016967773
123.15,-3.93975567817688,0.8218604922294617,2.5858774185180664,1.0059159994125366
123.166666666,-3.96148419380188,0.8226822018623352,2.6055355072021484,1.0067867040634155
123.2,-4.004940986633301,0.8226831555366516,2.644853115081787,1.0066814422607422
123.216666666,-4.026669502258301,0.8216241598129272,2.6645114421844482,1.00639808177948
123.233333333,-4.048398017883301,0.8227936029434204,2.684170961380005,1.0062365531921387
123.25,-4.070126533508301,0.8220878839492798,2.703829288482666,1.006615400314331
123.266666666,-4.091855049133301,0.8222755193710327,2.7234883308410645,1.0060715675354004
123.3,-4.135312080383301,0.8222116827964783,2.7628061771392822,1.0061671733856201
123.316666666,-4.157040596008301,0.8217955231666565,2.782464027404785,1.006588101387024
123.333333333,-4.178769111633301,0.8237155675888062,2.8021230697631836,1.0060700178146362
123.35,-4.200497627258301,0.8236592411994934,2.8217811584472656,1.0063098669052124
123.366666666,-4.222226142883301,0.822590708732605,2.8414394855499268,1.0065042972564697
123.4,-4.265683174133301,0.8226937651634216,2.8807566165924072,1.0063809156417847
123.416666666,-4.287411689758301,0.8219314217567444,2.9004149436950684,1.0064716339111328
123.433333333,-4.309140205383301,0.8233754634857178,2.920074462890625,1.0061771869659424
123.45,-4.330868721008301,0.822640061378479,2.939732551574707,1.0065983533859253
123.466666666,-4.352597236633301,0.8234836459159851,2.9593913555145264,1.0058746337890625
123.5,-4.396054267883301,0.8218969702720642,2.998708486557007,1.0064204931259155
123.516666666,-4.417782783508301,0.8233384490013123,3.018367290496826,1.0062059164047241
123.533333333,-4.439511299133301,0.8252772688865662,3.0380258560180664,1.0060837268829346
123.55,-4.461239814758301,0.8228051662445068,3.0576834678649902,1.0064616203308105
123.566666666,-4.482968330383301,0.8230422139167786,3.0773417949676514,1.0064682960510254
123.6,-4.526425361633301,0.8229420185089111,3.116659164428711,1.0061701536178589
123.616666666,-4.548153877258301,0.8241778016090393,3.1363179683685303,1.0063683986663818
123.633333333,-4.569882392883301,0.8229637145996094,3.1559765338897705,1.0063813924789429
123.65,-4.591610908508301,0.8230621814727783,3.1756348609924316,1.0063914060592651
123.666666666,-4.613339424133301,0.8250594735145569,3.1952943801879883,1.0059987306594849
123.7,-4.656796455383301,0.822949230670929,3.2346107959747314,1.0061767101287842
123.716666666,-4.678524971008301,0.8232055902481079,3.2542688846588135,1.0066746473312378
123.733333333,-4.700253486633301,0.8229011297225952,3.273927688598633,1.0060054063796997
123.75,-4.721982002258301,0.8253206014633179,3.293585777282715,1.0063159465789795
123.766666666,-4.743710517883301,0.8240443468093872,3.313244342803955,1.0062977075576782
123.8,-4.787167549133301,0.8237757682800293,3.3525612354278564,1.0065103769302368
123.816666666,-4.808896064758301,0.8242010474205017,3.372220039367676,1.005923867225647
123.833333333,-4.830624580383301,0.8250265121459961,3.391878128051758,1.0065497159957886
123.85,-4.852353096008301,0.8238894939422607,3.411536931991577,1.0061733722686768
123.866666666,-4.874081611633301,0.8236438035964966,3.431195020675659,1.0065045356750488
123.9,-4.917538642883301,0.8230666518211365,3.4705114364624023,1.0063451528549194
123.916666666,-4.939267158508301,0.8244414329528809,3.4901700019836426,1.0062371492385864
123.933333333,-4.960995674133301,0.8245354890823364,3.5098283290863037,1.006264328956604
123.95,-4.982724189758301,0.8231801986694336,3.5294859409332275,1.0065264701843262
123.966666666,-5.004452705383301,0.8252496719360352,3.5491445064544678,1.0059397220611572
124.0,-5.047909736633301,0.8229504823684692,3.5884604454040527,1.006463646888733
124.016666666,-5.069638252258301,0.8256263136863708,3.608118772506714,1.005968451499939
124.033333333,-5.091366767883301,0.8252221345901489,3.627776622772217,1.0063976049423218
124.05,-5.113095283508301,0.8236173391342163,3.647434949874878,1.006359338760376
124.066666666,-5.134823799133301,0.8248816132545471,3.667093276977539,1.006330132484436
124.1,-5.178280830383301,0.8252667784690857,3.7064099311828613,1.005946159362793
124.116666666,-5.198193550109863,0.7672213315963745,3.7249395847320557,0.9232928156852722
124.133333333,-5.217206001281738,1.0577694177627563,3.7423439025878906,0.8817146420478821
124.15,-5.235302925109863,1.0440220832824707,3.7587623596191406,0.8292524218559265
124.166666666,-5.252499580383301,1.3528720140457153,3.7742605209350586,0.8163825273513794
124.2,-5.285092353820801,1.7408101558685303,3.8030848503112793,0.7881753444671631
124.216666666,-5.299572944641113,1.1914219856262207,3.8161516189575195,0.6474717855453491
124.233333333,-5.313153266906738,1.3925641775131226,3.8280351161956787,0.6645827293395996
124.25,-5.325833320617676,1.6944998502731323,3.8390376567840576,0.6322242617607117
124.266666666,-5.337597846984863,1.3932652473449707,3.8491597175598145,0.575037956237793
124.3,-5.359326362609863,-1.4356590509414673,3.8673031330108643,0.45407047867774963
124.316666666,-5.368374824523926,-2.0584752559661865,3.8750967979431152,-0.20037177205085754
124.333333333,-5.376523017883301,-1.1120355129241943,3.88122296333313,0.3614119589328766
124.35,-5.383770942687988,-1.6032871007919312,3.8873677253723145,0.8300269246101379
124.366666666,-5.390103340148926,1.489782452583313,3.8921377658843994,0.36104002594947815
124.4,-5.400967597961426,2.078810214996338,3.9003446102142334,0.35399478673934937
124.416666666,-5.404583930969238,-0.3647918403148651,3.902775526046753,0.21101540327072144
124.433333333,-5.407299995422363,1.704035758972168,3.9042978286743164,0.23159250617027283
124.45,-5.409115791320801,1.072826862335205,3.9050533771514893,0.402387410402298
124.466666666,-5.410016059875488,1.6988307237625122,3.905280351638794,0.43501538038253784
124.5,-5.410016059875488,0.2676646411418915,3.9049642086029053,0.36239951848983765
124.516666666,-5.410016059875488,0.45054134726524353,3.9050285816192627,0.04042413458228111
124.533333333,-5.410016059875488,0.2380298525094986,3.9046382904052734,0.27943795919418335
124.55,-5.410016059875488,0.2534068524837494,3.9047904014587402,0.08621101081371307
124.566666666,-5.410016059875488,0.5076820254325867,3.9041643142700195,0.36658182740211487
124.6,-5.410016059875488,0.5433561205863953,3.9039015769958496,0.39483821392059326
124.616666666,-5.410016059875488,0.47614654898643494,3.9040157794952393,0.1966489553451538
124.633333333,-5.410016059875488,0.5515123605728149,3.9037373065948486,0.40818488597869873
124.65,-5.410016059875488,0.49228888750076294,3.903855323791504,0.20606549084186554
124.666666666,-5.410016059875488,0.561691403388977,3.903625726699829,0.41355499625205994
124.7,-5.410016059875488,0.5439566969871521,3.9035463333129883,0.411600798368454
124.716666666,-5.410016059875488,0.45922914147377014,3.9036741256713867,0.20482714474201202
124.733333333,-5.410016059875488,0.5270521640777588,3.903482437133789,0.41335493326187134
124.75,-5.410016059875488,0.4625864326953888,3.9036102294921875,0.20980027318000793
124.766666666,-5.410016059875488,0.540921688079834,3.903445243835449,0.4183546006679535
124.8,-5.410016059875488,0.509405791759491,3.903451442718506,0.40192335844039917
124.816666666,-5.410016059875488,0.4406664967536926,3.9035964012145996,0.20196294784545898
124.833333333,-5.410016059875488,0.5324074625968933,3.903398275375366,0.4168875515460968
124.85,-5.410016059875488,0.4716033935546875,3.903538465499878,0.2136787623167038
124.866666666,-5.410016059875488,0.5498681664466858,3.9033761024475098,0.38612687587738037
124.9,-5.410016059875488,0.5231572389602661,3.903226137161255,0.39296454191207886
124.916666666,-5.410016059875488,0.43307068943977356,3.9033617973327637,0.19755029678344727
124.933333333,-5.410016059875488,0.5090388059616089,3.9031660556793213,0.4154244661331177
124.95,-5.410016059875488,0.44892799854278564,3.903301954269409,0.21687278151512146
124.966666666,-5.410016059875488,0.4971967935562134,3.9031989574432373,0.2894226014614105
125.0,-5.410016059875488,0.5883828401565552,3.9026715755462646,0.38786765933036804
125.016666666,-5.410016059875488,0.4867861866950989,3.9028208255767822,0.2112985998392105
125.033333333,-5.410016059875488,0.5718380808830261,3.902653932571411,0.4148770272731781
125.05,-5.410016059875488,0.43769851326942444,3.9029603004455566,0.18421174585819244
125.066666666,-5.410016059875488,0.5204104781150818,3.902711868286133,0.4139516055583954
125.1,-5.410016059875488,0.5234965682029724,3.9027793407440186,0.22486452758312225
125.116666666,-5.410016059875488,0.41847196221351624,3.9030134677886963,0.04353681206703186
125.133333333,-5.410016059875488,0.5856077075004578,3.901972532272339,0.3950062096118927
125.15,-5.410016059875488,0.08739591389894485,3.9021828174591064,0.13011427223682404
125.166666666,-5.410016059875488,0.18211787939071655,3.9018778800964355,0.2633723020553589
125.2,-5.410016059875488,0.4976949691772461,3.901404857635498,0.36947542428970337
125.216666666,-5.410016059875488,0.4511720538139343,3.9015567302703857,0.17684979736804962
125.233333333,-5.410016059875488,0.5560337901115417,3.901174783706665,0.40248584747314453
125.25,-5.410016059875488,0.4899725019931793,3.901303291320801,0.20133203268051147
125.266666666,-5.410016059875488,0.5693775415420532,3.9010491371154785,0.4140193462371826
125.3,-5.410016059875488,0.5692149996757507,3.900970220565796,0.4163421392440796
125.316666666,-5.410016059875488,0.5155466794967651,3.9010891914367676,0.21383129060268402
125.333333333,-5.410016059875488,0.5831503868103027,3.9009006023406982,0.4172994792461395
125.35,-5.410016059875488,0.5285632610321045,3.9010066986083984,0.21549417078495026
125.366666666,-5.410016059875488,0.6044127345085144,3.9008240699768066,0.4171610474586487
125.4,-5.410016059875488,0.6187101006507874,3.9007444381713867,0.41682708263397217
125.416666666,-5.410016059875488,0.52420574426651,3.900871992111206,0.20961350202560425
125.433333333,-5.410016059875488,0.5862833261489868,3.9006760120391846,0.4164952039718628
125.45,-5.410016059875488,0.4921921193599701,3.900815725326538,0.2078833281993866
125.466666666,-5.410016059875488,0.5882604122161865,3.900630235671997,0.41928842663764954
125.5,-5.410016059875488,0.5778943300247192,3.9005990028381348,0.41292381286621094
125.516666666,-5.410016059875488,0.4399719834327698,3.9009180068969727,0.17103295028209686
125.533333333,-5.410016059875488,0.5364428162574768,3.900585889816284,0.40543195605278015
125.55,-5.410016059875488,0.47953325510025024,3.900707721710205,0.21464794874191284
125.566666666,-5.410016059875488,0.5364792346954346,3.900578022003174,0.36804670095443726
125.6,-5.410016059875488,0.5420981645584106,3.900402069091797,0.39739495515823364
125.616666666,-5.408200263977051,1.0220180749893188,3.9000751972198486,0.2518908679485321
125.633333333,-5.405484199523926,1.918526530265808,3.898808240890503,-0.34214064478874207
125.65,-5.401867866516113,1.6228182315826416,3.896399974822998,0.23042602837085724
125.666666666,-5.397336006164551,2.1559829711914062,3.893554210662842,0.11257390677928925
125.7,-5.386471748352051,1.410321593284607,3.8861093521118164,-0.0699143037199974
125.716666666,-5.379223823547363,0.8490321040153503,3.880915403366089,-0.75824373960495
125.733333333,-5.371075630187988,0.9893389344215393,3.8751585483551025,-0.44241607189178467
125.75,-5.362027168273926,1.7885867357254028,3.8682634830474854,-0.8061840534210205
125.766666666,-5.352063179016113,0.7193731069564819,3.8603978157043457,0.1271553635597229
125.8,-5.330334663391113,0.9874058961868286,3.842823028564453,-0.31120288372039795
125.816666666,-5.317654609680176,1.6400402784347534,3.832753896713257,-0.8274624347686768
125.833333333,-5.304074287414551,0.7842292785644531,3.8213024139404297,-0.18121351301670074
125.85,-5.289593696594238,1.4600614309310913,3.809457302093506,-0.9335879683494568
125.866666666,-5.274198055267334,-0.5917423367500305,3.7962872982025146,-0.32365328073501587
125.9,-5.241605281829834,-0.7483265399932861,3.7683935165405273,-0.33353936672210693
125.916666666,-5.223508358001709,-0.3881078064441681,3.7534501552581787,-1.1250295639038086
125.933333333,-5.204495906829834,1.1791160106658936,3.736424207687378,-0.18484018743038177
125.95,-5.1845831871032715,1.061732292175293,3.720254421234131,-4.016991138458252
125.966666666,-5.1637701988220215,2.440804958343506,3.702507495880127,-0.8357304334640503
126.0,-5.1203131675720215,1.8889082670211792,3.6637792587280273,-1.163673758506775
126.016666666,-5.0985846519470215,3.3175995349884033,3.6447458267211914,-0.9288507103919983
126.033333333,-5.0768561363220215,1.7891520261764526,3.6247198581695557,-1.2812587022781372
126.05,-5.0551276206970215,2.7479653358459473,3.6057283878326416,-1.197279930114746
126.066666666,-5.0333991050720215,1.9258612394332886,3.5861058235168457,-1.250246524810791
126.1,-4.9899420738220215,2.176713705062866,3.5474817752838135,-1.260196328163147
126.116666666,-4.9682135581970215,2.214268445968628,3.528442621231079,-1.1176520586013794
126.133333333,-4.9464850425720215,2.3490970134735107,3.5088682174682617,-1.2606103420257568
126.15,-4.9247565269470215,2.225757122039795,3.4896163940429688,-0.9680294394493103
126.166666666,-4.9030280113220215,2.506880760192871,3.4700613021850586,-1.2641559839248657
126.2,-4.8595709800720215,2.5598576068878174,3.431159257888794,-1.1528435945510864
126.216666666,-4.8378424644470215,2.757350444793701,3.411393404006958,-0.7633446455001831
126.233333333,-4.8161139488220215,2.6449058055877686,3.391852378845215,-1.164022445678711
126.25,-4.7943854331970215,2.8151302337646484,3.371882438659668,-0.8896897435188293
126.266666666,-4.7726569175720215,2.667245864868164,3.3526833057403564,-1.6431984901428223
126.3,-4.7291998863220215,3.468214750289917,3.3135428428649902,-1.0634098052978516
126.316666666,-4.7074713706970215,1.7995407581329346,3.293478012084961,-1.296608328819275
126.333333333,-4.6857428550720215,2.9178316593170166,3.274517297744751,-1.1338553428649902
126.35,-4.6640143394470215,1.8311970233917236,3.2549078464508057,-1.2523014545440674
126.366666666,-4.6422858238220215,2.6719367504119873,3.2360873222351074,-1.4928739070892334
126.4,-4.5988287925720215,2.6900129318237305,3.197849750518799,-2.6134185791015625
126.416666666,-4.5771002769470215,1.3752262592315674,3.178720474243164,-1.2200065851211548
126.433333333,-4.5553717613220215,2.9459924697875977,3.1594109535217285,-4.058792591094971
126.45,-4.5336432456970215,1.0610042810440063,3.1408181190490723,-1.297148585319519
126.466666666,-4.5119147300720215,1.5323134660720825,3.1214427947998047,-3.3972256183624268
126.5,-4.4684576988220215,2.709350824356079,3.0843164920806885,-1.8225204944610596
126.516666666,-4.4467291831970215,1.4866974353790283,3.065030336380005,-1.2497639656066895
126.533333333,-4.4250006675720215,2.800236225128174,3.046071767807007,-4.773434162139893
126.55,-4.4032721519470215,0.9702697992324829,3.027621269226074,-1.3135836124420166
126.566666666,-4.3815436363220215,1.2401838302612305,3.008194923400879,-3.0366148948669434
126.6,-4.3380866050720215,2.370359420776367,2.9708690643310547,-1.0919369459152222
126.616666666,-4.3163580894470215,2.3308286666870117,2.9515810012817383,-1.2302777767181396
126.633333333,-4.2946295738220215,2.244713068008423,2.9325928688049316,-1.0371836423873901
126.65,-4.2729010581970215,2.4125845432281494,2.9132308959960938,-1.2530746459960938
126.666666666,-4.2511725425720215,2.316962957382202,2.8940675258636475,-0.8279097080230713
126.7,-4.2077155113220215,2.3977692127227783,2.85541033744812,-0.7164706587791443
126.716666666,-4.1859869956970215,2.5546603202819824,2.8361921310424805,-1.1292001008987427
126.733333333,-4.1642584800720215,2.82128643989563,2.816554069519043,-0.7750625014305115
126.75,-4.1425299644470215,2.5923380851745605,2.7972006797790527,-1.2367199659347534
126.766666666,-4.1208014488220215,2.6013104915618896,2.77728009223938,-0.9609377384185791
126.8,-4.0773444175720215,2.245537757873535,2.738176107406616,-1.0339847803115845
126.816666666,-4.0556159019470215,3.40958571434021,2.719367027282715,-1.2327218055725098
126.833333333,-4.0338873863220215,1.6992571353912354,2.6993863582611084,-1.2670226097106934
126.85,-4.0121588706970215,2.9167897701263428,2.6806464195251465,-2.5505921840667725
126.866666666,-3.9904303550720215,1.3117722272872925,2.661519765853882,-1.2266944646835327
126.9,-3.9469733238220215,1.189697504043579,2.6235172748565674,-1.2523783445358276
126.916666666,-3.9252448081970215,1.7406268119812012,2.6041598320007324,-3.1589889526367188
126.933333333,-3.9035162925720215,1.931264877319336,2.585660696029663,-1.1778937578201294
126.95,-3.8817877769470215,2.7251882553100586,2.567270040512085,-2.4925503730773926
126.966666666,-3.8600592613220215,1.2992844581604004,2.5482568740844727,-1.2279001474380493
127.0,-3.8166022300720215,1.2893095016479492,2.5101823806762695,-1.224793791770935
127.016666666,-3.7948737144470215,2.229344367980957,2.490886688232422,-3.309739828109741
127.033333333,-3.7731451988220215,1.5443733930587769,2.47239351272583,-1.2319371700286865
127.05,-3.7514166831970215,3.001026153564453,2.4536292552948,-4.506867408752441
127.066666666,-3.7296881675720215,0.9949004054069519,2.435255765914917,-1.326535940170288
127.1,-3.6862311363220215,2.2507665157318115,2.3976457118988037,-1.2481340169906616
127.116666666,-3.6645026206970215,2.4714913368225098,2.378708600997925,-0.7741034626960754
127.133333333,-3.6427741050720215,2.4445343017578125,2.3597166538238525,-1.2011886835098267
127.15,-3.6210455894470215,2.516896963119507,2.340362787246704,-0.7212499976158142
127.166666666,-3.5993170738220215,2.5649378299713135,2.3211796283721924,-1.1337847709655762
127.2,-3.5558600425720215,2.614319086074829,2.282362461090088,-1.206290364265442
127.216666666,-3.5341315269470215,2.6929068565368652,2.262524127960205,-0.9296998977661133
127.233333333,-3.5124030113220215,2.748657703399658,2.2436163425445557,-1.5010157823562622
127.25,-3.4906744956970215,2.14426589012146,2.223483085632324,-1.067061185836792
127.266666666,-3.4689459800720215,3.4432687759399414,2.204766273498535,-1.1829605102539062
127.3,-3.4254889488220215,2.9521517753601074,2.166140556335449,-2.216301918029785
127.316666666,-3.4037604331970215,1.3849680423736572,2.1469674110412598,-1.2339695692062378
127.333333333,-3.3820319175720215,3.012472152709961,2.127725124359131,-3.7143912315368652
127.35,-3.3603034019470215,1.1059980392456055,2.1092419624328613,-1.2853455543518066
127.366666666,-3.3385748863220215,1.4931410551071167,2.0899221897125244,-3.063290596008301
127.4,-3.2951178550720215,2.5958614349365234,2.0530827045440674,-1.4347317218780518
127.416666666,-3.2733893394470215,1.7338128089904785,2.033888578414917,-1.2493973970413208
127.433333333,-3.2516608238220215,2.662655830383301,2.0153372287750244,-3.360595941543579
127.45,-3.2299323081970215,1.1908944845199585,1.9965754747390747,-1.2098321914672852
127.466666666,-3.2082037925720215,1.5459481477737427,1.9767483472824097,-2.186980724334717
127.5,-3.1647467613220215,2.406961441040039,1.9397282600402832,-1.2741140127182007
127.516666666,-3.1430182456970215,1.7824925184249878,1.9204803705215454,-1.3118209838867188
127.533333333,-3.1212897300720215,2.567490816116333,1.901977300643921,-1.911056637763977
127.55,-3.0995612144470215,1.263048768043518,1.882830262184143,-1.3131346702575684
127.566666666,-3.0778326988220215,2.784466505050659,1.863631010055542,-3.9172630310058594
127.6,-3.0343756675720215,1.2202742099761963,1.825688362121582,-2.8279569149017334
127.616666666,-3.0126471519470215,2.3096606731414795,1.8072937726974487,-1.2030266523361206
127.633333333,-2.9909186363220215,2.45546817779541,1.7884716987609863,-0.9030389189720154
127.65,-2.9691901206970215,2.494174003601074,1.7693450450897217,-1.2533272504806519
127.666666666,-2.9474616050720215,2.363205671310425,1.7501147985458374,-0.7038929462432861
127.7,-2.9040045738220215,2.8172667026519775,1.7114391326904297,-0.7963646054267883
127.716666666,-2.8822760581970215,2.6384990215301514,1.6921464204788208,-1.2002358436584473
127.733333333,-2.8605475425720215,2.7289106845855713,1.6722997426986694,-0.923357367515564
127.75,-2.8388190269470215,2.7593038082122803,1.653346061706543,-1.5424532890319824
127.766666666,-2.8170905113220215,2.0522243976593018,1.6331710815429688,-1.1090288162231445
127.8,-2.7736334800720215,1.7475758790969849,1.5945172309875488,-1.2849767208099365
127.816666666,-2.7519049644470215,3.011043071746826,1.575744390487671,-1.7668522596359253
127.833333333,-2.7301764488220215,1.520070195198059,1.5564072132110596,-1.2507530450820923
127.85,-2.7084479331970215,2.9402647018432617,1.5375555753707886,-4.860383033752441
127.866666666,-2.6867194175720215,0.9385743737220764,1.5192065238952637,-1.3478286266326904
127.9,-2.6432623863220215,2.117300033569336,1.4815938472747803,-1.2392524480819702
127.916666666,-2.6215338706970215,2.508530855178833,1.462846279144287,-1.2159593105316162
127.933333333,-2.5998053550720215,2.192734956741333,1.4436107873916626,-1.224356770515442
127.95,-2.5780768394470215,2.3630621433258057,1.424930214881897,-1.2104548215866089
127.966666666,-2.5563483238220215,2.1022069454193115,1.4055677652359009,-1.2624908685684204
128.0,-2.5128912925720215,1.6631494760513306,1.3674408197402954,-1.354530930519104
128.016666666,-2.4911627769470215,2.575471878051758,1.3487812280654907,-1.8795253038406372
128.033333333,-2.4694342613220215,1.3689889907836914,1.3295576572418213,-1.2996736764907837
128.05,-2.4477057456970215,2.76564621925354,1.3105636835098267,-4.726142406463623
128.066666666,-2.4259772300720215,0.9613341093063354,1.2921326160430908,-1.3192522525787354
128.1,-2.3825201988220215,2.1873230934143066,1.2542933225631714,-1.2155287265777588
128.116666666,-2.3607916831970215,2.473705768585205,1.2355223894119263,-1.1853331327438354
128.133333333,-2.3390631675720215,2.098667621612549,1.2161922454833984,-1.2477296590805054
128.15,-2.3173346519470215,2.648686408996582,1.197481393814087,-1.095794439315796
128.166666666,-2.2956061363220215,1.7336689233779907,1.1780176162719727,-1.3336989879608154
128.199999999,-2.2521491050720215,1.5754895210266113,1.1399457454681396,-1.3082969188690186
128.216666666,-2.2304205894470215,2.631892442703247,1.1212297677993774,-3.3580634593963623
128.233333333,-2.2086920738220215,1.229835033416748,1.1023595333099365,-1.2227506637573242
128.25,-2.1869635581970215,2.4212586879730225,1.082784652709961,-3.2579708099365234
128.266666666,-2.1652350425720215,1.3735361099243164,1.0641487836837769,-1.2347415685653687
128.3,-2.1217780113220215,1.014011025428772,1.0265529155731201,-1.3352724313735962
128.316666666,-2.1000494956970215,1.742978572845459,1.0073728561401367,-3.7128376960754395
128.333333333,-2.0783209800720215,1.660685658454895,0.9888231754302979,-1.2759160995483398
128.35,-2.0565924644470215,2.932213068008423,0.9702793955802917,-3.093862295150757
128.366666666,-2.0348639488220215,1.2323278188705444,0.9513501524925232,-1.2395904064178467
128.4,-1.9914084672927856,1.1970802545547485,0.9133319854736328,-1.291860818862915
128.416666666,-1.9696837663650513,2.8280789852142334,0.8942263722419739,-4.076421737670898
128.433333333,-1.947959065437317,1.0803089141845703,0.8756614923477173,-1.3429697751998901
128.449999999,-1.9262343645095825,2.2725231647491455,0.8565935492515564,-4.107143402099609
128.466666666,-1.9045096635818481,1.2470860481262207,0.8380425572395325,-1.3441331386566162
128.5,-1.8610602617263794,0.9860370755195618,0.8008443713188171,-1.3659780025482178
128.516666666,-1.839335560798645,1.9930909872055054,0.7818070650100708,-4.036745548248291
128.533333333,-1.8176108598709106,1.4100505113601685,0.7632503509521484,-1.3392926454544067
128.55,-1.7958861589431763,3.191789150238037,0.7446144223213196,-4.201060771942139
128.566666666,-1.774161458015442,1.0029146671295166,0.7260299921035767,-1.3385677337646484
128.6,-1.7307120561599731,1.4836279153823853,0.6882172226905823,-1.3078409433364868
128.616666666,-1.7089873552322388,3.0655581951141357,0.6695942282676697,-4.070311069488525
128.633333333,-1.6872626543045044,1.0202274322509766,0.6509117484092712,-1.3177485466003418
128.65,-1.66553795337677,1.8960223197937012,0.6316133737564087,-3.6851580142974854
128.666666666,-1.6438132524490356,1.5065340995788574,0.6129480600357056,-1.2882282733917236
128.699999999,-1.600363850593567,1.003822684288025,0.5756254196166992,-1.3206671476364136
128.716666666,-1.5786391496658325,1.8974666595458984,0.5563048124313354,-3.6491265296936035
128.733333333,-1.5569144487380981,1.5112820863723755,0.5376226902008057,-1.2864362001419067
128.75,-1.5351897478103638,3.0091872215270996,0.5189620852470398,-4.1606764793396
128.766666666,-1.5134650468826294,1.0087671279907227,0.5002476572990417,-1.3187586069107056
128.8,-1.4700156450271606,1.4579460620880127,0.46221408247947693,-1.2930958271026611
128.816666666,-1.4482909440994263,3.0481979846954346,0.44350871443748474,-4.515381813049316
128.833333333,-1.426566243171692,0.97223961353302,0.4249061048030853,-1.3453301191329956
128.85,-1.4048415422439575,2.017756462097168,0.40567120909690857,-3.853705406188965
128.866666666,-1.3831168413162231,1.3820003271102905,0.38699671626091003,-1.3223021030426025
128.9,-1.3396674394607544,0.9698924422264099,0.3497307300567627,-1.3629767894744873
128.916666666,-1.31794273853302,2.13797664642334,0.33058086037635803,-4.064389228820801
128.933333333,-1.2962180376052856,1.2813884019851685,0.3119288682937622,-1.3485206365585327
128.949999999,-1.2744933366775513,3.2802858352661133,0.29311686754226685,-5.011936187744141
128.966666666,-1.252768635749817,0.9778686761856079,0.2747254967689514,-1.3669188022613525
129.0,-1.2093192338943481,1.2227660417556763,0.2370622158050537,-1.368866205215454
129.016666666,-1.1875945329666138,3.230201244354248,0.21821732819080353,-4.974684238433838
129.033333333,-1.1658698320388794,0.9871625304222107,0.19981449842453003,-1.3657982349395752
129.05,-1.144145131111145,2.2056779861450195,0.18077358603477478,-4.358077526092529
129.066666666,-1.1224204301834106,1.2095500230789185,0.16215483844280243,-1.371027946472168
129.1,-1.078971028327942,0.9868518710136414,0.12487941235303879,-1.368826985359192
129.116666666,-1.0572463274002075,2.2143218517303467,0.10582337528467178,-4.361278533935547
129.133333333,-1.0355216264724731,1.201454520225525,0.08720056712627411,-1.3704460859298706
129.15,-1.0137969255447388,3.12087345123291,0.06832017004489899,-4.972631454467773
129.166666666,-0.9920722246170044,0.9853836894035339,0.04989542439579964,-1.3723117113113403
129.199999999,-0.9486228227615356,1.1936919689178467,0.012197557836771011,-1.3695231676101685
129.216666666,-0.9268981218338013,3.0643532276153564,-0.0067013041116297245,-4.976011753082275
129.233333333,-0.9051734209060669,0.9843829274177551,-0.025136403739452362,-1.375742793083191
129.25,-0.8834487199783325,2.2263882160186768,-0.04422454163432121,-4.351822376251221
129.266666666,-0.8617240190505981,1.1907092332839966,-0.06285464018583298,-1.3677247762680054
129.3,-0.8182746171951294,0.9824087619781494,-0.10020952671766281,-1.3784011602401733
129.316666666,-0.796549916267395,2.2347164154052734,-0.11930952221155167,-4.349671840667725
129.333333333,-0.7748252153396606,1.1855329275131226,-0.13794156908988953,-1.3666356801986694
129.35,-0.7531005144119263,2.9757111072540283,-0.15686969459056854,-4.9855804443359375
129.366666666,-0.7313758134841919,0.9849571585655212,-0.17531996965408325,-1.3794360160827637
129.4,-0.6879264116287231,1.1789515018463135,-0.21305841207504272,-1.3658740520477295
129.416666666,-0.6662017107009888,2.914858341217041,-0.23200301826000214,-4.975291728973389
129.433333333,-0.6444770097732544,0.9909862875938416,-0.2504596710205078,-1.3783446550369263
129.449999999,-0.62275230884552,2.22017765045166,-0.2695728540420532,-4.384934902191162
129.466666666,-0.6010276079177856,1.1793526411056519,-0.28820154070854187,-1.364785075187683
129.5,-0.5575782060623169,0.9917404651641846,-0.32561081647872925,-1.3769973516464233
129.516666666,-0.5358535051345825,2.2038540840148926,-0.3447301387786865,-4.388906478881836
129.533333333,-0.5141288042068481,1.181854248046875,-0.3633613884449005,-1.3632118701934814
129.55,-0.49240410327911377,2.89320969581604,-0.3823152482509613,-4.988850116729736
129.566666666,-0.4706794023513794,0.9928853511810303,-0.4007736146450043,-1.3755552768707275
129.6,-0.42723000049591064,1.1886181831359863,-0.4385300576686859,-1.361467719078064
129.616666666,-0.40550529956817627,2.893187999725342,-0.4574834406375885,-5.001186370849609
129.633333333,-0.3837805986404419,0.993186354637146,-0.4759369492530823,-1.3738354444503784
129.65,-0.3620558977127075,2.1486847400665283,-0.49507224559783936,-4.374565124511719
129.666666666,-0.34033119678497314,1.1989351511001587,-0.5137093663215637,-1.3590646982192993
129.699999999,-0.2968817949295044,0.9901378154754639,-0.5511090159416199,-1.3723835945129395
129.716666666,-0.27515709400177,2.127819061279297,-0.5702551603317261,-4.342809677124023
129.733333333,-0.25343239307403564,1.2110304832458496,-0.5889007449150085,-1.3565936088562012
129.75,-0.2326127290725708,2.545924663543701,-0.6072492003440857,-4.558450222015381
129.766666666,-0.2126981019973755,0.9724724292755127,-0.6243953704833984,-1.3041003942489624
129.8,-0.17467987537384033,0.9649747014045715,-0.6570131778717041,-1.2039011716842651
129.816666666,-0.15748083591461182,2.1608479022979736,-0.6723397374153137,-3.1853275299072266
129.833333333,-0.14118731021881104,1.4489731788635254,-0.6862285733222961,-1.0476726293563843
129.85,-0.12579882144927979,2.5492286682128906,-0.6996603608131409,0.21366335451602936
129.866666666,-0.11131560057401657,1.6080868244171143,-0.7125338912010193,-0.8279807567596436
129.9,-0.0841592475771904,1.2045336961746216,-0.7365145087242126,-2.0868396759033203
129.916666666,-0.07239162176847458,1.861473798751831,-0.7463629245758057,0.12187136709690094
129.933333333,-0.061529118567705154,1.7115038633346558,-0.7559032440185547,-0.4500757157802582
129.949999999,-0.051571816205978394,2.5085947513580322,-0.7645178437232971,-0.10069575905799866
129.966666666,-0.04251977801322937,1.3306854963302612,-0.7725322842597961,-0.2185514271259308
130.0,-0.026226026937365532,1.2952772378921509,-0.7852454781532288,-0.7076486945152283
130.016666666,-0.019889576360583305,0.265002965927124,-0.790258526802063,-0.35047879815101624
130.033333333,-0.014458341524004936,0.4778924882411957,-0.7944332957267761,-0.5045351386070251
130.05,-0.009932311251759529,0.7248875498771667,-0.7972903847694397,-0.08472800999879837
130.066666666,-0.0063114832155406475,0.85301673412323,-0.799903154373169,-0.0031194756738841534
130.1,-0.0008802509400993586,1.5442173480987549,-0.8033813238143921,0.28849828243255615
130.116666666,2.495836997695733e-05,-0.09947538375854492,-0.8036985397338867,0.5183200836181641
130.133333333,2.4958106223493814e-05,0.44505253434181213,-0.8035380244255066,0.0745767205953598
130.15,2.4956876586657017e-05,0.13583064079284668,-0.8037160634994507,0.26832711696624756
130.166666666,2.495803164492827e-05,0.255325049161911,-0.8035584688186646,0.042986154556274414
130.199999999,2.4957807909231633e-05,0.5171512961387634,-0.8043115139007568,0.23926234245300293
130.216666666,2.4957091227406636e-05,0.5863828063011169,-0.8046723008155823,0.41857844591140747
130.233333333,2.495756052667275e-05,0.44853898882865906,-0.8045279383659363,0.21145984530448914
130.25,2.4957234927569516e-05,0.5285322666168213,-0.8048684597015381,0.41533979773521423
130.266666666,2.495791886758525e-05,0.419394850730896,-0.8047103881835938,0.21193090081214905
130.3,2.495698026905302e-05,0.40395277738571167,-0.8048389554023743,0.21787665784358978
130.316666666,2.4957409550552256e-05,0.4751747250556946,-0.8050481081008911,0.4199780821800232
130.333333333,2.4954997570603155e-05,0.3838678002357483,-0.8049056529998779,0.2188728153705597
130.35,2.4954391847131774e-05,0.501962423324585,-0.8050858974456787,0.42244812846183777
130.366666666,2.4952405510703102e-05,0.3982933759689331,-0.80494624376297,0.22038865089416504
130.4,2.4953817046480253e-05,0.33988067507743835,-0.8047881722450256,0.17986680567264557
130.416666666,2.4953827960416675e-05,0.45473992824554443,-0.8051191568374634,0.41162624955177307
130.433333333,2.4953724278020673e-05,0.3608415126800537,-0.8049615621566772,0.21444344520568848
130.449999999,2.495507760613691e-05,0.4336036145687103,-0.8051297068595886,0.40929946303367615
130.466666666,2.49552776949713e-05,0.3150102496147156,-0.8047963380813599,0.17740140855312347
130.5,2.495643093425315e-05,0.3684913218021393,-0.8049716353416443,0.221115842461586
130.516666666,2.495544686098583e-05,0.43285858631134033,-0.805122435092926,0.375887006521225
130.533333333,2.4956168999779038e-05,0.3094744384288788,-0.8048046827316284,0.1512475460767746
130.55,2.4954808395705186e-05,0.45292994379997253,-0.8052698969841003,0.40293097496032715
130.566666666,2.4954741093097255e-05,0.37747684121131897,-0.8051155805587769,0.21896785497665405
130.6,2.4956711058621295e-05,0.3334938585758209,-0.8049636483192444,0.17799359560012817
130.616666666,2.4954659238574095e-05,0.4346955716609955,-0.8052906394004822,0.4107031524181366
130.633333333,2.495572880434338e-05,0.368602454662323,-0.8051273226737976,0.22204923629760742
130.65,2.4955968910944648e-05,0.41574427485466003,-0.8052598237991333,0.3471788763999939
130.666666666,2.4957069399533793e-05,0.31701332330703735,-0.8049588203430176,0.14114516973495483
130.699999999,2.4959559596027248e-05,0.38368329405784607,-0.8053612112998962,0.22376024723052979
130.716666666,2.4959839720395394e-05,0.47747519612312317,-0.8055111169815063,0.3636215329170227
130.733333333,2.496075103408657e-05,0.3454996943473816,-0.8052017688751221,0.15115709602832794
130.75,2.4960023438325152e-05,0.4510931372642517,-0.8057118058204651,0.4036043882369995
130.766666666,2.4960454538813792e-05,0.3552907407283783,-0.8055707216262817,0.22204571962356567
130.8,2.4960423615993932e-05,0.33402276039123535,-0.8054026365280151,0.10412679612636566
130.816666666,2.496136585250497e-05,0.4732908010482788,-0.8062131404876709,0.4236743748188019
130.833333333,2.4962149836937897e-05,0.0904032364487648,-0.8060500621795654,0.22979611158370972
130.85,2.496154047548771e-05,0.1741640716791153,-0.8063852190971375,0.2847190797328949
130.866666666,2.4962893803603947e-05,0.1961166113615036,-0.8062399625778198,0.10135816037654877
130.9,2.4962249881355092e-05,0.34897011518478394,-0.8066844344139099,0.18804673850536346
130.916666666,2.4961584131233394e-05,0.5115299224853516,-0.8070332407951355,0.41647768020629883
130.933333333,2.4961054805316962e-05,0.40009400248527527,-0.8069060444831848,0.21223950386047363
130.949999999,2.496101842552889e-05,0.5142043232917786,-0.8071640729904175,0.42021921277046204
130.966666666,2.496178785804659e-05,0.4446389675140381,-0.8070223927497864,0.2255750298500061
131.0,2.4963599571492523e-05,0.4432116746902466,-0.8071256279945374,0.2167881280183792
131.016666666,2.496480919944588e-05,0.5052137970924377,-0.8073951601982117,0.4178714454174042
131.033333333,2.496436172805261e-05,0.43449121713638306,-0.807257890701294,0.22486186027526855
131.05,2.4965873308246955e-05,0.5476948618888855,-0.8074765205383301,0.4194696247577667
131.066666666,2.4966499040601775e-05,0.4282618463039398,-0.8073329329490662,0.21459533274173737
131.1,2.4966064302134328e-05,0.4271526038646698,-0.8074439764022827,0.22158506512641907
131.116666666,2.4965949705801904e-05,0.5464968681335449,-0.8076605200767517,0.4196418523788452
131.133333333,2.4967259378172457e-05,0.44868236780166626,-0.8075196743011475,0.22607696056365967
131.15,2.4967910576378927e-05,0.5582032799720764,-0.8077421188354492,0.41771039366722107
131.166666666,2.496819433872588e-05,0.448320209980011,-0.8075945973396301,0.2214508354663849
131.199999999,2.4971757738967426e-05,0.4212864339351654,-0.8076672554016113,0.2268022894859314
131.216666666,2.4971650418592617e-05,0.520870566368103,-0.8078340291976929,0.37850141525268555
131.233333333,2.4971905077109113e-05,0.3755377233028412,-0.8075243234634399,0.1572990119457245
131.25,0.0015789737226441503,0.46297040581703186,-0.8077520728111267,0.19112251698970795
131.266666666,0.004686976317316294,2.114056348800659,-0.8061712384223938,0.5269708633422852
131.3,0.014010993763804436,1.3324050903320312,-0.8001055717468262,0.19750699400901794
131.316666666,0.02178099751472473,-0.7852189540863037,-0.7946716547012329,0.3732496500015259
131.333333333,0.031105011701583862,-0.3446098864078522,-0.7865686416625977,0.8052219152450562
131.35,0.0419829785823822,0.6959004998207092,-0.7773326635360718,0.20388294756412506
131.366666666,0.054414957761764526,0.41533902287483215,-0.7667175531387329,0.5868844389915466
131.4,0.08238711208105087,1.6237400770187378,-0.7417603135108948,0.9216970801353455
131.416666666,0.09948122501373291,1.6379138231277466,-0.7269284129142761,0.7461428046226501
131.433333333,0.118129201233387,2.7292680740356445,-0.7106968760490417,1.3170772790908813
131.449999999,0.13833127915859222,2.892940044403076,-0.6920769214630127,0.9444495439529419
131.466666666,0.160087451338768,3.922010898590088,-0.6725073456764221,1.4369094371795654
131.5,0.20670782029628754,3.4243125915527344,-0.6294627785682678,1.5045599937438965
131.516666666,0.2300180047750473,2.729203701019287,-0.6077421307563782,1.214678406715393
131.533333333,0.2533281147480011,3.8718276023864746,-0.5858921408653259,1.4964475631713867
131.55,0.27663782238960266,2.872022867202759,-0.5642544031143188,1.3734642267227173
131.566666666,0.2999475300312042,4.154160499572754,-0.5421143770217896,1.5451974868774414
131.6,0.34656694531440735,4.542361259460449,-0.49821722507476807,1.5383503437042236
131.616666666,0.3698766529560089,3.699070692062378,-0.47627755999565125,1.519840121269226
131.633333333,0.3931863605976105,4.5614423751831055,-0.4542445242404938,1.5100618600845337
131.65,0.41649606823921204,3.5959296226501465,-0.432311087846756,1.5317988395690918
131.666666666,0.4398057758808136,4.535212516784668,-0.41019049286842346,1.513994812965393
131.699999999,0.4864251911640167,4.517942428588867,-0.3662464916706085,1.5323995351791382
131.716666666,0.5097349286079407,3.4810092449188232,-0.3442763388156891,1.4860299825668335
131.733333333,0.5330446362495422,4.4735026359558105,-0.3222355842590332,1.522110104560852
131.75,0.5563543438911438,3.560631036758423,-0.3003021478652954,1.5243406295776367
131.766666666,0.5796640515327454,4.568643569946289,-0.278146356344223,1.5250773429870605
131.8,0.6262834668159485,4.509756565093994,-0.23420971632003784,1.5284974575042725
131.816666666,0.64959317445755,3.494166851043701,-0.21224121749401093,1.487480878829956
131.833333333,0.6729028820991516,4.482531547546387,-0.19019268453121185,1.5274397134780884
131.85,0.6962125897407532,3.616853713989258,-0.16824020445346832,1.5313434600830078
131.866666666,0.7195222973823547,4.528504371643066,-0.1461290568113327,1.51328444480896
131.9,0.7661417126655579,4.50288200378418,-0.10218653827905655,1.533160924911499
131.916666666,0.7894514203071594,3.4745311737060547,-0.0802120491862297,1.484499216079712
131.933333333,0.812761127948761,4.466040134429932,-0.05816877260804176,1.5245716571807861
131.949999999,0.8360708355903625,3.591125965118408,-0.036219920963048935,1.529713749885559
131.966666666,0.8593805432319641,4.506242275238037,-0.01410544104874134,1.514488935470581
132.0,0.9059999585151672,4.505747318267822,0.029851220548152924,1.532233476638794
132.016666666,0.9293096661567688,3.479893684387207,0.05182471126317978,1.4859144687652588
132.033333333,0.9526193737983704,4.486847400665283,0.07387027144432068,1.525741457939148
132.05,0.9759290814399719,3.5640366077423096,0.09580463916063309,1.524085283279419
132.066666666,0.9992387890815735,4.5721964836120605,0.11794965714216232,1.5225175619125366
132.1,1.0458619594573975,4.478379249572754,0.16187208890914917,1.5280311107635498
132.116666666,1.0691735744476318,3.581190824508667,0.18385744094848633,1.4997831583023071
132.133333333,1.0924851894378662,4.4890971183776855,0.20589911937713623,1.5287426710128784
132.15,1.1157968044281006,3.6283702850341797,0.22784751653671265,1.5315531492233276
132.166666666,1.139108419418335,4.540458679199219,0.24995408952236176,1.515427589416504
132.199999999,1.1857316493988037,4.494878768920898,0.2938949465751648,1.5344562530517578
132.216666666,1.209043264389038,3.4897706508636475,0.31586989760398865,1.4863526821136475
132.233333333,1.2323548793792725,4.459123611450195,0.33789873123168945,1.5206702947616577
132.25,1.2556664943695068,3.6468164920806885,0.35987013578414917,1.5350732803344727
132.266666666,1.2789781093597412,4.533903121948242,0.3819805383682251,1.5133991241455078
132.3,1.32560133934021,4.5098395347595215,0.4259207248687744,1.532187819480896
132.316666666,1.3489129543304443,3.4748871326446533,0.447895348072052,1.4850103855133057
132.333333333,1.3722245693206787,4.479650974273682,0.4699462354183197,1.5257748365402222
132.35,1.395536184310913,3.6032931804656982,0.49189335107803345,1.5311298370361328
132.366666666,1.4188477993011475,4.541633129119873,0.5140056610107422,1.5112780332565308
132.4,1.4654710292816162,4.5031328201293945,0.5579501390457153,1.533026933670044
132.416666666,1.4887826442718506,3.4817087650299072,0.579926609992981,1.4858314990997314
132.433333333,1.512094259262085,4.463014125823975,0.6019690036773682,1.5243911743164062
132.449999999,1.5354058742523193,3.593540668487549,0.6239213943481445,1.5293917655944824
132.466666666,1.5587174892425537,4.521525859832764,0.6460424065589905,1.5153162479400635
132.5,1.6053407192230225,4.510249614715576,0.689984917640686,1.530312180519104
132.516666666,1.6286523342132568,3.474789619445801,0.7119584083557129,1.4847944974899292
132.533333333,1.6519639492034912,4.4717206954956055,0.734005331993103,1.5261237621307373
132.55,1.6752755641937256,3.607719898223877,0.7559382915496826,1.5277506113052368
132.566666666,1.69858717918396,4.560342788696289,0.7780737280845642,1.5217828750610352
132.6,1.7452104091644287,4.483068466186523,0.8220140933990479,1.533745288848877
132.616666666,1.768522024154663,3.522998809814453,0.843988835811615,1.4917585849761963
132.633333333,1.7918336391448975,4.464524269104004,0.8660212159156799,1.5246608257293701
132.65,1.8151452541351318,3.6858291625976562,0.8879954218864441,1.5374454259872437
132.666666666,1.8384568691253662,4.533901691436768,0.9100784063339233,1.507306694984436
132.699999999,1.885080099105835,4.519886016845703,0.9540215730667114,1.5368523597717285
132.716666666,1.9083917140960693,3.490553855895996,0.9759941697120667,1.487404704093933
132.733333333,1.9317033290863037,4.477006912231445,0.9980396628379822,1.522200345993042
132.75,1.955014944076538,3.58756160736084,1.0199767351150513,1.5285102128982544
132.766666666,1.9783265590667725,4.585122108459473,1.0421128273010254,1.5151474475860596
132.8,2.0249457359313965,4.503191947937012,1.0860501527786255,1.5307421684265137
132.816666666,2.0482535362243652,3.4981632232666016,1.1080213785171509,1.4880708456039429
132.833333333,2.071561336517334,4.482990264892578,1.1300688982009888,1.5245684385299683
132.85,2.0948691368103027,3.618407726287842,1.151997685432434,1.5290120840072632
132.866666666,2.1181769371032715,4.568810939788818,1.1741260290145874,1.5190520286560059
132.9,2.164792537689209,4.481088638305664,1.218050479888916,1.530115008354187
132.916666666,2.1881003379821777,3.5885510444641113,1.240040898323059,1.499915599822998
132.933333333,2.2114081382751465,4.497412204742432,1.2620774507522583,1.5264191627502441
132.949999999,2.2347159385681152,3.615187406539917,1.2840232849121094,1.5298017263412476
132.966666666,2.258023738861084,4.522902488708496,1.3061463832855225,1.5227683782577515
133.0,2.3046393394470215,4.497891426086426,1.3500868082046509,1.5351310968399048
133.016666666,2.3279471397399902,3.5041701793670654,1.3720574378967285,1.4886667728424072
133.033333333,2.351254940032959,4.481405258178711,1.3940989971160889,1.526822566986084
133.05,2.3745627403259277,3.6988134384155273,1.4160716533660889,1.5394773483276367
133.066666666,2.3978705406188965,4.549554347991943,1.4381756782531738,1.5145739316940308
133.1,2.444486141204834,4.5020365715026855,1.4821165800094604,1.5357890129089355
133.116666666,2.4677939414978027,3.4920425415039062,1.5041011571884155,1.4867606163024902
133.133333333,2.4911017417907715,4.456025123596191,1.5261343717575073,1.523393988609314
133.15,2.5144095420837402,3.670509099960327,1.5481070280075073,1.5363402366638184
133.166666666,2.537717342376709,4.541088581085205,1.5701923370361328,1.5063660144805908
133.199999999,2.5843329429626465,4.503104209899902,1.6141377687454224,1.5355517864227295
133.216666666,2.6076407432556152,3.4843122959136963,1.6361169815063477,1.4856350421905518
133.233333333,2.630948543548584,4.458067417144775,1.6581493616104126,1.521970510482788
133.25,2.6519293785095215,3.6960837841033936,1.6787925958633423,1.416839599609375
133.266666666,2.6705756187438965,4.488137722015381,1.6971076726913452,1.3025599718093872
133.3,2.703214168548584,3.3571040630340576,1.7279722690582275,1.1586018800735474
133.316666666,2.714871883392334,3.9192919731140137,1.740199089050293,0.8770592212677002
133.333333333,2.7241950035095215,3.8309407234191895,1.7490042448043823,0.7545223832130432
133.35,2.7311911582946777,3.415844678878784,1.7555654048919678,0.623712956905365
133.366666666,2.7358527183532715,2.617894172668457,1.7598708868026733,0.48625603318214417
133.4,2.7405219078063965,1.1624621152877808,1.763131856918335,0.4490172863006592
133.416666666,2.7405219078063965,0.7985696196556091,1.7633552551269531,-0.09404594451189041
133.433333333,2.7405219078063965,0.8275889754295349,1.763237476348877,0.111238494515419
133.449999999,2.7405219078063965,0.9598527550697327,1.7625341415405273,0.45856332778930664
133.466666666,2.7405219078063965,0.8410232663154602,1.7626457214355469,0.2800351679325104
133.5,2.7405219078063965,0.7624032497406006,1.7626941204071045,0.08598176389932632
133.516666666,2.7405219078063965,0.82334965467453,1.7616751194000244,0.40989941358566284
133.533333333,2.7405219078063965,0.7456713318824768,1.7618052959442139,0.26535189151763916
133.55,2.7405219078063965,0.8565713167190552,1.7616981267929077,0.2957197427749634
133.566666666,2.7405219078063965,0.6227273344993591,1.7618825435638428,0.1257898211479187
133.6,2.7405219078063965,0.641642689704895,1.7612465620040894,0.26282304525375366
133.616666666,2.7405219078063965,0.712097704410553,1.761247992515564,0.10316310077905655
133.633333333,2.7405219078063965,0.759909451007843,1.7608981132507324,0.46738091111183167
133.65,2.7405219078063965,0.6939519047737122,1.761011004447937,0.28613385558128357
133.666666666,2.7405219078063965,0.7310779094696045,1.761103630065918,0.08679991960525513
133.699999999,2.7405219078063965,0.09053245186805725,1.7606430053710938,0.05487442761659622
133.716666666,2.7405219078063965,0.10571776330471039,1.7604730129241943,0.2051711082458496
133.733333333,2.7405219078063965,0.2000928521156311,1.7606030702590942,-0.013604417443275452
133.75,2.7405219078063965,0.6116089224815369,1.7596698999404907,0.3670923709869385
133.766666666,2.7405219078063965,0.5261130332946777,1.7597918510437012,0.1876116394996643
133.8,2.7405219078063965,0.5741084814071655,1.7595579624176025,0.21286071836948395
133.816666666,2.7405219078063965,0.663816511631012,1.7593597173690796,0.41805702447891235
133.833333333,2.7405219078063965,0.5649111866950989,1.7594901323318481,0.20844565331935883
133.85,2.7405219078063965,0.6661391854286194,1.7592753171920776,0.41821202635765076
133.866666666,2.7405219078063965,0.5582503080368042,1.759399175643921,0.21056076884269714
133.9,2.7405219078063965,0.5665115714073181,1.759312629699707,0.21207314729690552
133.916666666,2.7405219078063965,0.6587203741073608,1.7591142654418945,0.4123907685279846
133.933333333,2.7405219078063965,0.5602354407310486,1.759243130683899,0.20590224862098694
133.949999999,2.7405219078063965,0.6387467384338379,1.759023666381836,0.413470596075058
133.966666666,2.7405219078063965,0.542499303817749,1.759145975112915,0.20794235169887543
134.0,2.7405219078063965,0.5115708708763123,1.759076476097107,0.20118547976016998
134.016666666,2.7405219078063965,0.6146458387374878,1.7588965892791748,0.4168453514575958
134.033333333,2.7405219078063965,0.5216068029403687,1.7590171098709106,0.21131406724452972
134.05,2.7396140098571777,1.2133010625839233,1.7588814496994019,0.3825143873691559
134.066666666,2.7378058433532715,1.9192180633544922,1.759492039680481,0.4562426209449768
134.1,2.7323737144470215,0.5195363759994507,1.7616856098175049,0.36452430486679077
134.116666666,2.7278494834899902,-0.4016939401626587,1.764424443244934,0.36877185106277466
134.133333333,2.7224173545837402,-1.1215790510177612,1.7676918506622314,0.5347684621810913
134.15,2.7160773277282715,-1.5316691398620605,1.7717922925949097,0.618768572807312
134.166666666,2.7088370323181152,-1.3099125623703003,1.7766897678375244,0.46724966168403625
134.199999999,2.6925406455993652,1.7132456302642822,1.788865089416504,0.4673917293548584
134.216666666,2.682584285736084,2.009193181991577,1.7959275245666504,2.1784822940826416
134.233333333,2.671720027923584,0.9138048887252808,1.804269552230835,0.4660319685935974
134.25,2.6599555015563965,-0.45852041244506836,1.8136028051376343,0.5124021768569946
134.266666666,2.6472830772399902,-1.101365327835083,1.823982834815979,0.33367642760276794
134.3,2.6201224327087402,0.1473553627729416,1.8467705249786377,0.965553343296051
134.316666666,2.604733943939209,0.17769289016723633,1.8596605062484741,0.5930166840553284
134.333333333,2.588437557220459,0.7388480305671692,1.8736721277236938,0.8248308897018433
134.35,2.5712409019470215,0.9476978778839111,1.8885928392410278,0.8894791007041931
134.366666666,2.5531363487243652,1.3213696479797363,1.9044080972671509,0.9501827359199524
134.4,2.5151114463806152,1.6518394947052002,1.9381436109542847,1.083669900894165
134.416666666,2.494290828704834,0.4578927457332611,1.9562780857086182,0.9959096908569336
134.433333333,2.472562313079834,1.1348018646240234,1.9755805730819702,1.0370914936065674
134.449999999,2.450833797454834,0.9664232730865479,1.9952008724212646,1.031234622001648
134.466666666,2.429105281829834,0.9068797826766968,2.014915704727173,1.0190544128417969
134.5,2.385648250579834,0.8282771706581116,2.0542922019958496,1.0055745840072632
134.516666666,2.363919734954834,0.7941431999206543,2.0739634037017822,1.0023926496505737
134.533333333,2.342191219329834,0.7916229963302612,2.0936262607574463,1.0040985345840454
134.55,2.320462703704834,0.8209792375564575,2.1132853031158447,1.0091902017593384
134.566666666,2.298734188079834,0.8078672289848328,2.132946252822876,1.00519859790802
134.6,2.255277156829834,0.8169124126434326,2.1722629070281982,1.0074342489242554
134.616666666,2.233548641204834,0.8077878952026367,2.191920757293701,1.0060921907424927
134.633333333,2.211820125579834,0.8116905689239502,2.2115800380706787,1.0070053339004517
134.65,2.190091609954834,0.8130770325660706,2.2312393188476562,1.0067325830459595
134.666666666,2.168363094329834,0.8120100498199463,2.2508981227874756,1.0062150955200195
134.699999999,2.124906063079834,0.8109293580055237,2.2902135848999023,1.0069109201431274
134.716666666,2.103177547454834,0.8117100596427917,2.309873104095459,1.0066137313842773
134.733333333,2.081449031829834,0.8122745156288147,2.3295304775238037,1.0067129135131836
134.75,2.059720516204834,0.8119868636131287,2.3491883277893066,1.0066604614257812
134.766666666,2.037992000579834,0.8105905055999756,2.3688454627990723,1.007196068763733
134.8,1.99453604221344,0.811444103717804,2.408163070678711,1.0068529844284058
134.816666666,1.9728113412857056,0.8125451803207397,2.4278225898742676,1.0064870119094849
134.833333333,1.9510866403579712,0.8126751184463501,2.4474804401397705,1.0067269802093506
134.85,1.9293619394302368,0.8117628693580627,2.4671380519866943,1.0068353414535522
134.866666666,1.9076372385025024,0.8135246634483337,2.4867968559265137,1.0064070224761963
134.9,1.8641878366470337,0.8128824830055237,2.526113510131836,1.0065646171569824
134.916666666,1.8424631357192993,0.8129240870475769,2.545771837234497,1.0066394805908203
134.933333333,1.820738434791565,0.8119694590568542,2.5654296875,1.0069323778152466
134.949999999,1.7990137338638306,0.8119217753410339,2.5850889682769775,1.0066280364990234
134.966666666,1.7772890329360962,0.8125734329223633,2.6047472953796387,1.0067027807235718
135.0,1.7338396310806274,0.8127304911613464,2.6440649032592773,1.0067111253738403
135.016666666,1.712114930152893,0.8124294877052307,2.6637229919433594,1.0068587064743042
135.033333333,1.6903902292251587,0.8116776943206787,2.6833817958831787,1.0067282915115356
135.05,1.6686655282974243,0.8140122890472412,2.703040599822998,1.0064011812210083
135.066666666,1.64694082736969,0.8132824301719666,2.722698450088501,1.0067229270935059
135.1,1.6034914255142212,0.8124092221260071,2.7620158195495605,1.0068413019180298
135.116666666,1.5817667245864868,0.8125702142715454,2.781674385070801,1.0065479278564453
135.133333333,1.5600420236587524,0.8122650980949402,2.8013322353363037,1.006909966468811
135.15,1.538317322731018,0.8129590749740601,2.820990800857544,1.0064969062805176
135.166666666,1.5165926218032837,0.8139568567276001,2.8406496047973633,1.0065603256225586
135.199999999,1.473143219947815,0.8122361302375793,2.87996506690979,1.0068246126174927
135.216666666,1.4514185190200806,0.8146908283233643,2.8996241092681885,1.0064013004302979
135.233333333,1.4296938180923462,0.8119989037513733,2.919280767440796,1.0071232318878174
135.25,1.4079691171646118,0.812774121761322,2.9389405250549316,1.0064176321029663
135.266666666,1.3862444162368774,0.8137187957763672,2.9585981369018555,1.006900668144226
135.3,1.3427950143814087,0.8138654232025146,2.9979147911071777,1.0067490339279175
135.316666666,1.3210703134536743,0.8128296136856079,3.0175721645355225,1.0068519115447998
135.333333333,1.29934561252594,0.8125722408294678,3.0372302532196045,1.0067460536956787
135.35,1.2776209115982056,0.8141744136810303,3.056889057159424,1.006415605545044
135.366666666,1.2558962106704712,0.8132939338684082,3.0765464305877686,1.0068747997283936
135.4,1.2124468088150024,0.8144376873970032,3.115863084793091,1.0066667795181274
135.416666666,1.190722107887268,0.813528835773468,3.1355209350585938,1.0066102743148804
135.433333333,1.1689974069595337,0.8132497668266296,3.155179023742676,1.0068206787109375
135.449999999,1.1472727060317993,0.8131885528564453,3.1748368740081787,1.006678581237793
135.466666666,1.125548005104065,0.8133311867713928,3.1944949626922607,1.0066198110580444
135.5,1.0820986032485962,0.8133066892623901,3.2338104248046875,1.0068144798278809
135.516666666,1.0603739023208618,0.8126450777053833,3.2534687519073486,1.006800889968872
135.533333333,1.0386492013931274,0.8138706088066101,3.2731282711029053,1.0064600706100464
135.55,1.016924500465393,0.8149514198303223,3.2927865982055664,1.0064570903778076
135.566666666,0.9951997995376587,0.8147844076156616,3.3124451637268066,1.0066475868225098
135.6,0.9517503976821899,0.8132970929145813,3.3517608642578125,1.006648063659668
135.616666666,0.9300256967544556,0.8136987090110779,3.3714194297790527,1.0066665410995483
135.633333333,0.9083009958267212,0.8143144249916077,3.391077756881714,1.006665825843811
135.65,0.8865762948989868,0.8144251704216003,3.410736322402954,1.006536841392517
135.666666666,0.8648515939712524,0.8142275810241699,3.4303948879241943,1.0066665410995483
135.699999999,0.8214021921157837,0.8135647177696228,3.4697105884552,1.0070061683654785
135.716666666,0.7996774911880493,0.813800036907196,3.4893691539764404,1.0063594579696655
135.733333333,0.7779527902603149,0.8151959776878357,3.5090277194976807,1.0066715478897095
135.75,0.7562280893325806,0.8140415549278259,3.5286850929260254,1.0067161321640015
135.766666666,0.7345033884048462,0.8135733604431152,3.5483431816101074,1.0068097114562988
135.8,0.6910539865493774,0.8150837421417236,3.587660551071167,1.0065946578979492
135.816666666,0.6693292856216431,0.8142678737640381,3.60731840133667,1.006870150566101
135.833333333,0.6476045846939087,0.8135216236114502,3.626976728439331,1.006736159324646
135.85,0.6258798837661743,0.8143895864486694,3.6466355323791504,1.0064773559570312
135.866666666,0.6041551828384399,0.8148835897445679,3.6662933826446533,1.006780743598938
135.9,0.5607057809829712,0.8151452541351318,3.7056117057800293,1.0067425966262817
135.916666666,0.5389810800552368,0.815000593662262,3.7252702713012695,1.006622076034546
135.933333333,0.5172563791275024,0.815350353717804,3.7449288368225098,1.0065621137619019
135.949999999,0.49553167819976807,0.813557505607605,3.7645864486694336,1.00704824924469
135.966666666,0.4738069772720337,0.8152590990066528,3.7842459678649902,1.006184697151184
136.0,0.43035757541656494,0.815280556678772,3.8235630989074707,1.0061070919036865
136.016666666,0.40863287448883057,0.8156506419181824,3.8432209491729736,1.0069425106048584
136.033333333,0.3869081735610962,0.8138934373855591,3.862879514694214,1.0064549446105957
136.05,0.3651834726333618,0.8155678510665894,3.882538318634033,1.006683111190796
136.066666666,0.34345877170562744,0.8152261972427368,3.902195453643799,1.006729245185852
136.1,0.3000093698501587,0.8151434063911438,3.941511869430542,1.0068788528442383
136.116666666,0.2782846689224243,0.8142293691635132,3.961170196533203,1.006679654121399
136.133333333,0.25655996799468994,0.8148719668388367,3.9808292388916016,1.0064336061477661
136.15,0.23483505845069885,0.8175135850906372,4.00048828125,1.0063549280166626
136.166666666,0.21310998499393463,0.8150034546852112,4.020143985748291,1.0069178342819214
136.199999999,0.16965964436531067,0.8158294558525085,4.059460163116455,1.0068743228912354
136.216666666,0.14793464541435242,0.8139069080352783,4.079118728637695,1.0065908432006836
136.233333333,0.12620946764945984,0.8158794641494751,4.098776817321777,1.0064818859100342
136.25,0.10448453575372696,0.8158977627754211,4.118434429168701,1.006721019744873
136.266666666,0.08275959640741348,0.8151132464408875,4.138092041015625,1.006334662437439
136.3,0.03930971771478653,0.8148931860923767,4.1774091720581055,1.0064516067504883
136.316666666,0.017584778368473053,0.8154628276824951,4.1970672607421875,1.0066570043563843
136.333333333,-0.004140167962759733,0.8160697221755981,4.2167253494262695,1.0067315101623535
136.35,-0.025865117087960243,0.8161126971244812,4.23638391494751,1.0062212944030762
136.366666666,-0.04759005829691887,0.8166291117668152,4.256042003631592,1.006813406944275
136.4,-0.09103994071483612,0.8157164454460144,4.295358180999756,1.0065997838974
136.416666666,-0.1127648800611496,0.8165560364723206,4.315016269683838,1.0066066980361938
136.433333333,-0.13448992371559143,0.8152483701705933,4.334675312042236,1.0065760612487793
136.449999999,-0.15621508657932281,0.817345917224884,4.354334831237793,1.0062358379364014
136.466666666,-0.177940234541893,0.8157902956008911,4.373992443084717,1.0072007179260254
136.5,-0.2213904708623886,0.8169006109237671,4.4133076667785645,1.0069847106933594
136.516666666,-0.2431156486272812,0.8171515464782715,4.432966709136963,1.0060092210769653
136.533333333,-0.2648405134677887,0.8160436749458313,4.452624320983887,1.0069494247436523
136.55,-0.28656521439552307,0.8153172135353088,4.472283363342285,1.0067689418792725
136.566666666,-0.30828991532325745,0.8161641359329224,4.491941928863525,1.006263017654419
136.6,-0.3517393171787262,0.8161401748657227,4.531259059906006,1.00655996799469
136.616666666,-0.37346401810646057,0.8169739246368408,4.550917148590088,1.0063729286193848
136.633333333,-0.39518871903419495,0.8172541260719299,4.570575714111328,1.0066940784454346
136.65,-0.4169134199619293,0.8153771758079529,4.590235233306885,1.0065574645996094
136.666666666,-0.4386381208896637,0.8174926042556763,4.609893798828125,1.0063871145248413
136.699999999,-0.48208752274513245,0.815022349357605,4.649211406707764,1.0064921379089355
136.716666666,-0.5038122534751892,0.8176023364067078,4.668868541717529,1.0065228939056396
136.733333333,-0.5255369544029236,0.8165223002433777,4.688526153564453,1.0067206621170044
136.75,-0.547261655330658,0.8171053528785706,4.70818567276001,1.0061705112457275
136.766666666,-0.5689863562583923,0.8175428509712219,4.727843284606934,1.0068265199661255
136.8,-0.6124357581138611,0.8177016973495483,4.767158508300781,1.0066488981246948
136.816666666,-0.6341604590415955,0.8165202736854553,4.786816596984863,1.006616473197937
136.833333333,-0.6558851599693298,0.816339373588562,4.806473731994629,1.0064448118209839
136.85,-0.6776098608970642,0.8180011510848999,4.8261308670043945,1.0066254138946533
136.866666666,-0.6993345618247986,0.8163371682167053,4.845788955688477,1.0065617561340332
136.9,-0.7427839636802673,0.81717848777771,4.885104656219482,1.006752371788025
136.916666666,-0.7645086646080017,0.8167494535446167,4.904763221740723,1.0062531232833862
136.933333333,-0.7862333655357361,0.8176435828208923,4.924421310424805,1.0066885948181152
136.949999999,-0.8079580664634705,0.8167977929115295,4.944080352783203,1.0066802501678467
136.966666666,-0.8296827673912048,0.8170076608657837,4.963738441467285,1.0062578916549683
137.0,-0.8731321692466736,0.8163677453994751,5.003053188323975,1.0064541101455688
137.016666666,-0.894856870174408,0.8177474141120911,5.022711753845215,1.0064465999603271
137.033333333,-0.9165815711021423,0.8183205723762512,5.042368412017822,1.0066074132919312
137.05,-0.9383062720298767,0.8172216415405273,5.062026500701904,1.006372094154358
137.066666666,-0.9600309729576111,0.8171336054801941,5.0816850662231445,1.0068720579147339
137.1,-1.0034804344177246,0.8185364007949829,5.121001243591309,1.0066044330596924
137.116666666,-1.025205135345459,0.8178685307502747,5.140659809112549,1.0064538717269897
137.133333333,-1.0469298362731934,0.8178616762161255,5.160316467285156,1.0066195726394653
137.15,-1.0686545372009277,0.8171678185462952,5.1799750328063965,1.006661057472229
137.166666666,-1.090379238128662,0.8168909549713135,5.1996331214904785,1.0064752101898193
137.199999999,-1.1338286399841309,0.8188366293907166,5.238951683044434,1.0061962604522705
137.216666666,-1.1555533409118652,0.8182478547096252,5.258608341217041,1.0066766738891602
137.233333333,-1.1772780418395996,0.8171522617340088,5.2782673835754395,1.0067505836486816
137.25,-1.199002742767334,0.817541241645813,5.29792594909668,1.006267786026001
137.266666666,-1.2207274436950684,0.8182923793792725,5.3175835609436035,1.0067460536956787
137.3,-1.264176845550537,0.8182070851325989,5.356901168823242,1.0068206787109375
137.316666666,-1.2859015464782715,0.8189491033554077,5.376560688018799,1.006066083908081
137.333333333,-1.3076262474060059,0.8174688220024109,5.396217346191406,1.0070984363555908
137.35,-1.3293509483337402,0.8184954524040222,5.415876388549805,1.0059908628463745
137.366666666,-1.3510756492614746,0.8191458582878113,5.4355340003967285,1.0067408084869385
137.4,-1.3945250511169434,0.8185847997665405,5.474850177764893,1.0066494941711426
137.416666666,-1.4162497520446777,0.8180477619171143,5.494508743286133,1.006494164466858
137.433333333,-1.437974452972412,0.8174647092819214,5.514166355133057,1.0065195560455322
137.45,-1.4596991539001465,0.8190715909004211,5.533825874328613,1.006482481956482
137.466666666,-1.4814238548278809,0.8189086318016052,5.553483963012695,1.0063930749893188
137.5,-1.5248732566833496,0.8196263313293457,5.592802047729492,1.0060757398605347
137.516666666,-1.546597957611084,0.8183133602142334,5.612459182739258,1.0071319341659546
137.533333333,-1.5683226585388184,0.8174168467521667,5.6321187019348145,1.0060641765594482
137.55,-1.5900473594665527,0.8198836445808411,5.65177583694458,1.0067566633224487
137.566666666,-1.611772060394287,0.818049430847168,5.6714348793029785,1.0063966512680054
137.6,-1.6552214622497559,0.8194249272346497,5.710751533508301,1.0067449808120728
137.616666666,-1.6769461631774902,0.8187244534492493,5.730411052703857,1.006045937538147
137.633333333,-1.6986708641052246,0.8200281262397766,5.750070095062256,1.0066696405410767
137.65,-1.720395565032959,0.8186277747154236,5.769728660583496,1.006550669670105
137.666666666,-1.7421202659606934,0.8188427090644836,5.789389133453369,1.0062230825424194
137.7,-1.785569667816162,0.8179926872253418,5.828706741333008,1.0064955949783325
137.716666666,-1.8072943687438965,0.8186107277870178,5.848364353179932,1.0065803527832031
137.733333333,-1.8290190696716309,0.8189640641212463,5.86802339553833,1.0065672397613525
137.75,-1.8507437705993652,0.8190325498580933,5.887683391571045,1.0061779022216797
137.766666666,-1.8724684715270996,0.8193568587303162,5.9073405265808105,1.0068366527557373
137.8,-1.9159178733825684,0.8200460076332092,5.946659088134766,1.0066052675247192
137.816666666,-1.9376425743103027,0.8189945816993713,5.966317653656006,1.0065361261367798
137.833333333,-1.959367275238037,0.8184754848480225,5.985976696014404,1.0064691305160522
137.85,-1.9810919761657715,0.8210979104042053,6.005635738372803,1.0061808824539185
137.866666666,-2.002817153930664,0.8187059760093689,6.025293350219727,1.0069308280944824
137.9,-2.046274185180664,0.8207162022590637,6.064612865447998,1.0066146850585938
137.916666666,-2.068002700805664,0.8184388875961304,6.0842719078063965,1.0064289569854736
137.933333333,-2.089731216430664,0.8195701837539673,6.103931427001953,1.0064080953598022
137.95,-2.111459732055664,0.8200469017028809,6.123590469360352,1.0066826343536377
137.966666666,-2.133188247680664,0.8195091485977173,6.143249988555908,1.0060511827468872
138.0,-2.176645278930664,0.819103479385376,6.182567596435547,1.006494164466858
138.016666666,-2.198373794555664,0.8184619545936584,6.202225685119629,1.0064786672592163
138.033333333,-2.220102310180664,0.8218911290168762,6.221884250640869,1.0061981678009033
138.05,-2.241830825805664,0.8183954954147339,6.241542816162109,1.0069735050201416
138.066666666,-2.263559341430664,0.8194964528083801,6.261202335357666,1.0059505701065063
138.1,-2.307016372680664,0.8190724849700928,-6.2658514976501465,1.006121039390564
138.116666666,-2.328744888305664,0.8205146193504333,-6.2461934089660645,1.0067143440246582
138.133333333,-2.350473403930664,0.8196412324905396,-6.226534843444824,1.006569504737854
138.15,-2.372201919555664,0.8203573226928711,-6.206875324249268,1.0058904886245728
138.166666666,-2.393930435180664,0.8204960227012634,-6.187217712402344,1.007218360900879
138.2,-2.437387466430664,0.8201285004615784,-6.147900581359863,1.0071091651916504
138.216666666,-2.4573001861572266,0.7658344507217407,-6.129370212554932,0.9235989451408386
138.233333333,-2.4763126373291016,1.0488438606262207,-6.111966609954834,0.8806259036064148
138.25,-2.494417190551758,1.0399553775787354,-6.095548152923584,0.8302154541015625
138.266666666,-2.5116138458251953,1.349372148513794,-6.080047130584717,0.8163872957229614
138.3,-2.5442066192626953,1.7392685413360596,-6.051222324371338,0.7888372540473938
138.316666666,-2.558687210083008,1.1848500967025757,-6.0381550788879395,0.6475100517272949
138.333333333,-2.572267532348633,1.3870048522949219,-6.026272773742676,0.6647520661354065
138.35,-2.584939956665039,1.689658761024475,-6.015270709991455,0.6328219175338745
138.366666666,-2.5967044830322266,1.4165210723876953,-6.005148887634277,0.575400710105896
138.4,-2.6184329986572266,-1.4282870292663574,-5.98701286315918,0.45459091663360596
138.416666666,-2.627481460571289,-2.0637524127960205,-5.979218006134033,-0.18461346626281738
138.433333333,-2.635629653930664,-1.0765193700790405,-5.973104476928711,0.36438024044036865
138.45,-2.6428699493408203,-1.6027129888534546,-5.966982364654541,0.8302673101425171
138.466666666,-2.649209976196289,1.4932665824890137,-5.96222448348999,0.36031579971313477
138.5,-2.660074234008789,2.26828932762146,-5.9540839195251465,0.3914472460746765
138.516666666,-2.663698196411133,-0.479824960231781,-5.951587677001953,0.2105298936367035
138.533333333,-2.666414260864258,1.5179697275161743,-5.950105667114258,0.19552163779735565
138.55,-2.668222427368164,2.710021734237671,-5.949286937713623,0.32308802008628845
138.566666666,-2.669130325317383,0.3142445385456085,-5.949126720428467,0.4590170979499817
138.6,-2.669130325317383,0.8373759984970093,-5.949852466583252,0.35784390568733215
138.616666666,-2.669130325317383,0.7935556173324585,-5.949739933013916,0.1492951363325119
138.633333333,-2.669130325317383,0.8704376220703125,-5.950120449066162,0.39297664165496826
138.65,-2.669130325317383,0.8120290637016296,-5.950024127960205,0.17501533031463623
138.666666666,-2.669130325317383,0.854023814201355,-5.950253486633301,0.3975503742694855
138.7,-2.669130325317383,0.8144953846931458,-5.950380802154541,0.3976938724517822
138.716666666,-2.669130325317383,0.7620183825492859,-5.950276851654053,0.17137742042541504
138.733333333,-2.669130325317383,0.8234332203865051,-5.95050573348999,0.3975188136100769
138.75,-2.669130325317383,0.720716118812561,-5.950388431549072,0.1645423322916031
138.766666666,-2.669130325317383,0.7869164943695068,-5.950629711151123,0.39748066663742065
138.8,-2.669130325317383,0.7550702691078186,-5.950714588165283,0.3985397219657898
138.816666666,-2.669130325317383,0.7099530696868896,-5.950618743896484,0.1743774563074112
138.833333333,-2.669130325317383,0.7730607390403748,-5.950793743133545,0.3789866864681244
138.85,-2.669130325317383,0.6262103915214539,-5.950514793395996,0.1253325194120407
138.866666666,-2.669130325317383,0.7516497373580933,-5.950927734375,0.384059339761734
138.9,-2.669130325317383,0.750296950340271,-5.9510016441345215,0.4000460207462311
138.916666666,-2.669130325317383,0.6716585159301758,-5.950881481170654,0.17207907140254974
138.933333333,-2.669130325317383,0.7158828377723694,-5.951037883758545,0.3736335337162018
138.95,-2.669130325317383,0.5801941752433777,-5.950758934020996,0.12591466307640076
138.966666666,-2.669130325317383,0.6975732445716858,-5.951118469238281,0.38552430272102356
139.0,-2.669130325317383,0.7093845009803772,-5.951141834259033,0.28105980157852173
139.016666666,-2.666025161743164,1.5436214208602905,-5.950129508972168,0.38782161474227905
139.033333333,-2.6613636016845703,2.1756653785705566,-5.947027206420898,1.0219051837921143
139.05,-2.6551456451416016,2.2532761096954346,-5.942867755889893,0.4748121201992035
139.066666666,-2.647378921508789,3.573847532272339,-5.936668872833252,0.36393752694129944
139.1,-2.628732681274414,0.31892910599708557,-5.920742988586426,0.46886926889419556
139.116666666,-2.616304397583008,2.0542221069335938,-5.910470485687256,0.45588380098342896
139.133333333,-2.6023197174072266,0.9140016436576843,-5.898676872253418,0.6688618063926697
139.15,-2.5867786407470703,0.2752591371536255,-5.885228633880615,0.48878970742225647
139.166666666,-2.569681167602539,1.602440595626831,-5.870004653930664,0.9516075253486633
139.2,-2.532388687133789,3.012249231338501,-5.836093425750732,1.2351832389831543
139.216666666,-2.510629653930664,3.1216814517974854,-5.816599369049072,1.0229663848876953
139.233333333,-2.4873218536376953,3.1100053787231445,-5.79588508605957,1.5536788702011108
139.25,-2.4640140533447266,3.3955016136169434,-5.773856163024902,1.1610788106918335
139.266666666,-2.440706253051758,3.023972511291504,-5.752119541168213,1.4731725454330444
139.3,-2.3940906524658203,3.108426570892334,-5.7086029052734375,1.4522576332092285
139.316666666,-2.3707828521728516,3.3000524044036865,-5.686865329742432,1.1933199167251587
139.333333333,-2.347475051879883,3.272108316421509,-5.6650567054748535,1.4639679193496704
139.35,-2.324167251586914,3.5008962154388428,-5.643245697021484,1.1705812215805054
139.366666666,-2.3008594512939453,3.055838108062744,-5.621536731719971,1.4179589748382568
139.4,-2.254243850708008,4.025059700012207,-5.577851295471191,1.506583333015442
139.416666666,-2.230936050415039,2.942882537841797,-5.556161403656006,1.4141013622283936
139.433333333,-2.2076282501220703,4.224206924438477,-5.533994197845459,1.548972487449646
139.45,-2.1843204498291016,3.484077215194702,-5.512115001678467,1.5298982858657837
139.466666666,-2.161012649536133,4.567164421081543,-5.490077972412109,1.5385000705718994
139.5,-2.1143970489501953,4.486658573150635,-5.4461188316345215,1.493386149406433
139.516666666,-2.0910892486572266,3.6461918354034424,-5.424154281616211,1.5386338233947754
139.533333333,-2.067781448364258,4.557543754577637,-5.4020609855651855,1.5095903873443604
139.55,-2.044473648071289,3.5009894371032715,-5.380191326141357,1.4763047695159912
139.566666666,-2.0211658477783203,3.7476420402526855,-5.358077526092529,1.571838617324829
139.6,-1.9745460748672485,3.617357015609741,-5.314202308654785,1.53365957736969
139.616666666,-1.9512344598770142,4.5295796394348145,-5.292072772979736,1.5168840885162354
139.633333333,-1.9279228448867798,3.6729061603546143,-5.270194053649902,1.5151931047439575
139.65,-1.9046112298965454,4.506685256958008,-5.248134613037109,1.5422519445419312
139.666666666,-1.881299614906311,3.6455821990966797,-5.226169586181641,1.5062750577926636
139.7,-1.8346763849258423,3.6492629051208496,-5.182184219360352,1.534050703048706
139.716666666,-1.811364769935608,4.545727729797363,-5.160079002380371,1.516548752784729
139.733333333,-1.7880531549453735,3.540239095687866,-5.138202667236328,1.5021988153457642
139.75,-1.7647415399551392,4.486475944519043,-5.116147041320801,1.5376365184783936
139.766666666,-1.7414299249649048,3.5255489349365234,-5.094180107116699,1.4910956621170044
139.8,-1.694806694984436,3.7193400859832764,-5.050179481506348,1.5399022102355957
139.816666666,-1.6714950799942017,4.520015716552734,-5.028076648712158,1.5189930200576782
139.833333333,-1.6481834650039673,3.627492904663086,-5.0061869621276855,1.5126489400863647
139.85,-1.624871850013733,4.483529567718506,-4.984144687652588,1.5380607843399048
139.866666666,-1.6015602350234985,3.4960501194000244,-4.962181091308594,1.486345648765564
139.9,-1.5549370050430298,3.649287700653076,-4.9181928634643555,1.5313868522644043
139.916666666,-1.5316253900527954,4.513338565826416,-4.896093845367432,1.5152641534805298
139.933333333,-1.508313775062561,3.615712881088257,-4.874203681945801,1.5118194818496704
139.95,-1.4850021600723267,4.508519172668457,-4.852160453796387,1.5317496061325073
139.966666666,-1.4616905450820923,3.475442886352539,-4.830191135406494,1.4842642545700073
140.0,-1.4150673151016235,3.5953369140625,-4.786197185516357,1.5286307334899902
140.016666666,-1.3917557001113892,4.533853054046631,-4.764062881469727,1.5222736597061157
140.033333333,-1.3684440851211548,3.632935047149658,-4.742172718048096,1.5115752220153809
140.05,-1.3451324701309204,4.483317852020264,-4.72012996673584,1.5352827310562134
140.066666666,-1.321820855140686,3.556260824203491,-4.6981587409973145,1.4946247339248657
140.1,-1.2751976251602173,3.647325038909912,-4.654172420501709,1.5335413217544556
140.116666666,-1.251886010169983,4.5484395027160645,-4.632087230682373,1.5077297687530518
140.133333333,-1.2285743951797485,3.48984694480896,-4.610212326049805,1.4953951835632324
140.15,-1.2052627801895142,4.49593448638916,-4.588154315948486,1.533064365386963
140.166666666,-1.1819511651992798,3.4887564182281494,-4.566176414489746,1.4858356714248657
140.2,-1.135327935218811,3.709547996520996,-4.522165298461914,1.5410542488098145
140.216666666,-1.1120163202285767,4.5466461181640625,-4.500070095062256,1.5105775594711304
140.233333333,-1.0887047052383423,3.542691946029663,-4.478198528289795,1.5033226013183594
140.25,-1.065393090248108,4.473728656768799,-4.456141471862793,1.5415891408920288
140.266666666,-1.0420814752578735,3.551703453063965,-4.434167385101318,1.4933934211730957
140.3,-0.9954586625099182,3.6649625301361084,-4.39017915725708,1.5340279340744019
140.316666666,-0.9721489548683167,4.524552822113037,-4.368065357208252,1.5205246210098267
140.333333333,-0.9488392472267151,3.663566827774048,-4.3461761474609375,1.5163408517837524
140.35,-0.9255295395851135,4.4720611572265625,-4.324141979217529,1.5379832983016968
140.366666666,-0.902219831943512,3.594632863998413,-4.302174091339111,1.5008533000946045
140.4,-0.8556004166603088,3.646045446395874,-4.258188247680664,1.5312268733978271
140.416666666,-0.8322907090187073,4.5274152755737305,-4.236064434051514,1.5273640155792236
140.433333333,-0.8089810013771057,3.6579768657684326,-4.214173316955566,1.5154508352279663
140.45,-0.7856712937355042,4.485387325286865,-4.19214391708374,1.5343782901763916
140.466666666,-0.7623615860939026,3.5135200023651123,-4.1701788902282715,1.4893712997436523
140.5,-0.7157421708106995,3.717027187347412,-4.126163005828857,1.5410856008529663
140.516666666,-0.6924324631690979,4.544279098510742,-4.104053974151611,1.518649697303772
140.533333333,-0.6691227555274963,3.5926108360290527,-4.082174777984619,1.5087306499481201
140.55,-0.6458130478858948,4.478433132171631,-4.060125827789307,1.539656162261963
140.566666666,-0.6225033402442932,3.529639959335327,-4.038154602050781,1.4904673099517822
140.6,-0.5758839249610901,3.6726276874542236,-3.994163990020752,1.535101056098938
140.616666666,-0.5525742173194885,4.515676975250244,-3.9720563888549805,1.519622564315796
140.633333333,-0.529264509677887,3.627264976501465,-3.9501664638519287,1.5120716094970703
140.65,-0.5059548020362854,4.502373695373535,-3.9281301498413086,1.5331692695617676
140.666666666,-0.48264509439468384,3.4709317684173584,-3.9061636924743652,1.4844990968704224
140.7,-0.4360256791114807,3.656867504119873,-3.862168312072754,1.5330578088760376
140.716666666,-0.41271597146987915,4.602931976318359,-3.8400769233703613,1.5035916566848755
140.733333333,-0.3894062638282776,3.474311590194702,-3.818209171295166,1.4939905405044556
140.75,-0.366096556186676,4.497274398803711,-3.7961466312408447,1.5312803983688354
140.766666666,-0.34278684854507446,3.4932432174682617,-3.7741661071777344,1.4869920015335083
140.8,-0.29616743326187134,3.5713698863983154,-3.730189561843872,1.5271724462509155
140.816666666,-0.2728577256202698,4.525527000427246,-3.7080559730529785,1.5213137865066528
140.833333333,-0.24954800307750702,3.640821933746338,-3.68615984916687,1.5130130052566528
140.85,-0.22623781859874725,4.508882999420166,-3.6641173362731934,1.5304875373840332
140.866666666,-0.2029276341199875,3.4937779903411865,-3.6421475410461426,1.487286925315857
140.9,-0.15630726516246796,3.6186363697052,-3.5981554985046387,1.5309038162231445
140.916666666,-0.1329970806837082,4.533114433288574,-3.5760257244110107,1.5230472087860107
140.933333333,-0.10968706011772156,3.659428834915161,-3.5541326999664307,1.515097975730896
140.95,-0.0863771140575409,4.484983444213867,-3.5320873260498047,1.5378316640853882
140.966666666,-0.06306716799736023,3.5865654945373535,-3.510120153427124,1.498760461807251
141.0,-0.016447074711322784,3.572000741958618,-3.46614933013916,1.5260313749313354
141.016666666,0.0022009555250406265,4.311249256134033,-3.4468188285827637,1.2713866233825684
141.033333333,0.018517980352044106,4.746310710906982,-3.4311037063598633,1.120948076248169
141.05,0.03250397369265556,3.081977367401123,-3.4175288677215576,1.0003050565719604
141.066666666,0.044158946722745895,3.857452630996704,-3.406296730041504,0.8926823735237122
141.1,0.06280694156885147,3.729701042175293,-3.3893299102783203,0.7752967476844788
141.116666666,0.06746897846460342,2.7351763248443604,-3.3841421604156494,0.4709746241569519
141.133333333,0.0697999969124794,1.5681166648864746,-3.3821229934692383,0.35162559151649475
141.15,0.0697999969124794,1.4289366006851196,-3.3820927143096924,0.15075059235095978
141.166666666,0.0697999969124794,1.3478918075561523,-3.382026195526123,0.013551312498748302
141.2,0.0697999969124794,1.5127418041229248,-3.382829427719116,0.14447492361068726
141.216666666,0.0697999969124794,1.528108835220337,-3.382840156555176,0.08859086781740189
141.233333333,0.0697999969124794,1.561441421508789,-3.3832716941833496,0.4052274823188782
141.25,0.0697999969124794,1.5781450271606445,-3.383197784423828,0.1423007696866989
141.266666666,0.0697999969124794,1.552927017211914,-3.3831663131713867,0.05124489590525627
141.3,0.0697999969124794,0.06521695852279663,-3.3836426734924316,0.08409452438354492
141.316666666,0.0697999969124794,0.16309723258018494,-3.383805751800537,0.1776103675365448
141.333333333,0.0697999969124794,0.2768925130367279,-3.383655309677124,-0.07785295695066452
141.35,0.0697999969124794,0.7788577675819397,-3.384586811065674,0.3068837523460388
141.366666666,0.0697999969124794,0.7319150567054749,-3.384474277496338,0.08346116542816162
141.4,0.0697999969124794,0.8497382998466492,-3.3847084045410156,0.1352555900812149
141.416666666,0.0697999969124794,0.8904435038566589,-3.3848140239715576,0.2209608256816864
141.433333333,0.0697999969124794,0.7604303956031799,-3.3845880031585693,-0.025424716994166374
141.45,0.0697999969124794,1.061918020248413,-3.385474681854248,0.3460109233856201
141.466666666,0.0697999969124794,1.0683510303497314,-3.3854293823242188,0.13976632058620453
141.5,0.0697999969124794,1.134184718132019,-3.3856499195098877,0.41273319721221924
141.516666666,0.0697999969124794,1.2017896175384521,-3.3855996131896973,0.15494893491268158
141.533333333,0.0697999969124794,1.192439079284668,-3.3855466842651367,0.010262305848300457
141.55,0.0697999969124794,1.3741271495819092,-3.3862476348876953,0.3897726833820343
141.566666666,0.0697999969124794,1.4381822347640991,-3.386199951171875,0.15073254704475403
141.6,0.0697999969124794,1.5061008930206299,-3.386777400970459,0.39498814940452576
141.616666666,0.0697999969124794,1.5571322441101074,-3.3867673873901367,0.17667771875858307
141.633333333,0.0697999969124794,1.4977689981460571,-3.386714458465576,0.05195057764649391
141.65,0.0697999969124794,1.6072956323623657,-3.3870537281036377,0.41124969720840454
141.666666666,0.0697999969124794,1.6301852464675903,-3.387021064758301,0.17726333439350128
141.7,0.0697999969124794,1.6526223421096802,-3.3872363567352295,0.40150630474090576
141.716666666,0.0697999969124794,1.6435859203338623,-3.387200355529785,0.17378835380077362
141.733333333,0.0697999969124794,1.5396959781646729,-3.3871307373046875,0.05930052697658539
141.75,0.0697999969124794,1.6449686288833618,-3.38738751411438,0.4106498956680298
141.766666666,0.0697999969124794,1.661845326423645,-3.3873541355133057,0.17390722036361694
141.8,0.0697999969124794,1.6670622825622559,-3.387552499771118,0.3917725384235382
141.816666666,0.06798968464136124,2.2868213653564453,-3.386414051055908,0.24870973825454712
141.833333333,0.06527409702539444,2.975520372390747,-3.3850514888763428,0.2832604944705963
141.85,0.06165324151515961,0.6223030090332031,-3.3832778930664062,0.6388434767723083
141.866666666,0.057127222418785095,-0.29282110929489136,-3.3808743953704834,0.35778796672821045
141.9,0.04626472294330597,-0.3589145541191101,-3.3745219707489014,0.626973569393158
141.916666666,0.03902311623096466,0.029819464311003685,-3.369474172592163,0.4130218029022217
141.933333333,0.03087623417377472,1.2911911010742188,-3.3636934757232666,0.05993462726473808
141.95,0.021824192255735397,1.5602827072143555,-3.3573391437530518,1.2420661449432373
141.966666666,0.011866938322782516,-0.8221243023872375,-3.349731683731079,0.36483779549598694
142.0,-0.00985801126807928,-0.32242774963378906,-3.333238363265991,0.6477057337760925
142.016666666,-0.02253090776503086,-1.3578627109527588,-3.3227128982543945,0.4196777045726776
142.033333333,-0.03610900044441223,-0.06456442922353745,-3.3116798400878906,0.43062594532966614
142.05,-0.0505923330783844,0.19912613928318024,-3.299443483352661,0.8108974695205688
142.066666666,-0.06598082184791565,0.43316611647605896,-3.2864668369293213,0.7897198796272278
142.1,-0.09856835007667542,0.8603343367576599,-3.258159875869751,0.8564653992652893
142.116666666,-0.11667242646217346,1.0075631141662598,-3.242640972137451,0.9224388003349304
142.133333333,-0.1356816440820694,1.501028299331665,-3.2259650230407715,0.9990933537483215
142.15,-0.1555962711572647,1.994005560874939,-3.208357810974121,1.1306781768798828
142.166666666,-0.17641593515872955,1.212356448173523,-3.1898388862609863,1.1508984565734863
142.2,-0.2198660671710968,1.0297307968139648,-3.1508078575134277,1.0431196689605713
142.216666666,-0.24159124493598938,0.9676191806793213,-3.131108045578003,1.0293169021606445
142.233333333,-0.2633160948753357,0.9025071859359741,-3.111395835876465,1.0158014297485352
142.25,-0.28504079580307007,0.8607560992240906,-3.0917041301727295,1.0082905292510986
142.266666666,-0.30676549673080444,0.8203787803649902,-3.0720255374908447,1.003335952758789
142.3,-0.3502148985862732,0.8119952082633972,-3.0326998233795166,1.0073884725570679
142.316666666,-0.37193959951400757,0.8303840160369873,-3.0130386352539062,1.0068399906158447
142.333333333,-0.39366430044174194,0.8119198679924011,-2.993379831314087,1.0048308372497559
142.35,-0.4153890013694763,0.824969470500946,-2.9737226963043213,1.0078283548355103
142.366666666,-0.4371137022972107,0.822476327419281,-2.9540631771087646,1.0056990385055542
142.4,-0.48056310415267944,0.8249680399894714,-2.914747476577759,1.0072453022003174
142.416666666,-0.5022878050804138,0.817940354347229,-2.8950889110565186,1.0057778358459473
142.433333333,-0.5240125060081482,0.8219883441925049,-2.8754312992095947,1.0064468383789062
142.45,-0.5457372069358826,0.8236156702041626,-2.8557729721069336,1.0066142082214355
142.466666666,-0.5674619078636169,0.818418562412262,-2.8361151218414307,1.0061880350112915
142.5,-0.6109113097190857,0.8217161297798157,-2.796797275543213,1.006070613861084
142.516666666,-0.6326360106468201,0.8201808929443359,-2.77713942527771,1.0066193342208862
142.533333333,-0.6543607115745544,0.8228896260261536,-2.7574803829193115,1.0063269138336182
142.55,-0.6760854125022888,0.8208464980125427,-2.7378225326538086,1.0064877271652222
142.566666666,-0.6978101134300232,0.8216227889060974,-2.7181642055511475,1.0062341690063477
142.6,-0.7412595152854919,0.8210347294807434,-2.678847312927246,1.006282925605774
142.616666666,-0.7629842162132263,0.8228886723518372,-2.6591885089874268,1.0062469244003296
142.633333333,-0.7847089171409607,0.8231355547904968,-2.6395297050476074,1.0063815116882324
142.65,-0.8064336180686951,0.8210832476615906,-2.6198716163635254,1.00636625289917
142.666666666,-0.8281583189964294,0.8219382166862488,-2.6002135276794434,1.0065116882324219
142.7,-0.8716077208518982,0.8221924901008606,-2.5608959197998047,1.0060205459594727
142.716666666,-0.8933324217796326,0.8227052688598633,-2.5412371158599854,1.006737470626831
142.733333333,-0.9150571227073669,0.8217512965202332,-2.521578073501587,1.0060137510299683
142.75,-0.9367818236351013,0.8223248720169067,-2.501919746398926,1.006801962852478
142.766666666,-0.9585065245628357,0.8222227692604065,-2.4822604656219482,1.0059937238693237
142.8,-1.0019559860229492,0.8216896057128906,-2.442944049835205,1.0064144134521484
142.816666666,-1.0236806869506836,0.8220536708831787,-2.4232850074768066,1.006241798400879
142.833333333,-1.045405387878418,0.8218611478805542,-2.4036269187927246,1.006643533706665
142.85,-1.0671300888061523,0.822777509689331,-2.383967399597168,1.0059714317321777
142.866666666,-1.0888547897338867,0.8226882815361023,-2.364309549331665,1.0066455602645874
142.9,-1.1323041915893555,0.8227987289428711,-2.3249926567077637,1.0065702199935913
142.916666666,-1.1540288925170898,0.8216410279273987,-2.3053348064422607,1.0064712762832642
142.933333333,-1.1757535934448242,0.8228521943092346,-2.285675287246704,1.0061076879501343
142.95,-1.1974782943725586,0.8222963213920593,-2.2660176753997803,1.006723165512085
142.966666666,-1.219202995300293,0.8227949738502502,-2.2463583946228027,1.0059092044830322
143.0,-1.2626523971557617,0.8215996623039246,-2.207041025161743,1.0064595937728882
143.016666666,-1.284377098083496,0.822516679763794,-2.187382221221924,1.006285548210144
143.033333333,-1.3061017990112305,0.8232433795928955,-2.1677236557006836,1.0065486431121826
143.05,-1.3278264999389648,0.8221728205680847,-2.148064613342285,1.0061047077178955
143.066666666,-1.3495512008666992,0.8237228393554688,-2.128406286239624,1.006481409072876
143.1,-1.393000602722168,0.8220493793487549,-2.0890896320343018,1.0065393447875977
143.116666666,-1.4147253036499023,0.8240828514099121,-2.0694308280944824,1.0060099363327026
143.133333333,-1.4364500045776367,0.8233534693717957,-2.049772024154663,1.0065159797668457
143.15,-1.458174705505371,0.8226412534713745,-2.030113458633423,1.0063941478729248
143.166666666,-1.4798994064331055,0.8218864798545837,-2.010455369949341,1.0065749883651733
143.2,-1.5233488082885742,0.8254984617233276,-1.9711376428604126,1.0060749053955078
143.216666666,-1.5450735092163086,0.8221515417098999,-1.9514801502227783,1.00686514377594
143.233333333,-1.566798210144043,0.8227709531784058,-1.9318211078643799,1.0059802532196045
143.25,-1.5885229110717773,0.8239464163780212,-1.912163496017456,1.006746768951416
143.266666666,-1.6102476119995117,0.82276850938797,-1.8925046920776367,1.0058926343917847
143.3,-1.6536970138549805,0.8234711289405823,-1.853188395500183,1.006251335144043
143.316666666,-1.6754217147827148,0.8225674033164978,-1.8335307836532593,1.0065361261367798
143.333333333,-1.6971464157104492,0.8243950605392456,-1.81387197971344,1.006148338317871
143.35,-1.7188711166381836,0.8230302333831787,-1.794214129447937,1.0065258741378784
143.366666666,-1.740595817565918,0.8235558271408081,-1.7745554447174072,1.0061430931091309
143.4,-1.7840452194213867,0.8236373662948608,-1.7352396249771118,1.0064526796340942
143.416666666,-1.805769920349121,0.8225499391555786,-1.7155818939208984,1.006594181060791
143.433333333,-1.8274946212768555,0.8242318630218506,-1.695923089981079,1.0060420036315918
143.45,-1.8492193222045898,0.8231929540634155,-1.6762657165527344,1.0065876245498657
143.466666666,-1.8709440231323242,0.8240928053855896,-1.6566072702407837,1.0060213804244995
143.5,-1.914393424987793,0.8233696818351746,-1.6172914505004883,1.0062122344970703
143.516666666,-1.9361181259155273,0.8244419097900391,-1.5976332426071167,1.0063339471817017
143.533333333,-1.9578428268432617,0.8243176341056824,-1.5779749155044556,1.0062928199768066
143.55,-1.979567527770996,0.8237708806991577,-1.5583168268203735,1.006347417831421
143.566666666,-2.0012924671173096,0.8232097029685974,-1.5386587381362915,1.0065643787384033
143.6,-2.0447494983673096,0.8249784111976624,-1.4993420839309692,1.0064899921417236
143.616666666,-2.0664780139923096,0.8249716758728027,-1.479683518409729,1.0059031248092651
143.633333333,-2.0882065296173096,0.8250638246536255,-1.4600261449813843,1.0065613985061646
143.65,-2.1099350452423096,0.8231481313705444,-1.4403682947158813,1.006388545036316
143.666666666,-2.1316635608673096,0.8249227404594421,-1.4207097291946411,1.006120204925537
143.7,-2.1751205921173096,0.8231003880500793,-1.3813940286636353,1.0064328908920288
143.716666666,-2.1968491077423096,0.8246219158172607,-1.361735463142395,1.006253957748413
143.733333333,-2.2185776233673096,0.825543224811554,-1.3420768976211548,1.0058938264846802
143.75,-2.2403061389923096,0.8254051208496094,-1.3224197626113892,1.0064775943756104
143.766666666,-2.2620346546173096,0.8236204981803894,-1.3027621507644653,1.0064736604690552
143.8,-2.3054916858673096,0.8253173232078552,-1.2634450197219849,1.0062185525894165
143.816666666,-2.3272202014923096,0.8244560956954956,-1.243787169456482,1.0063161849975586
143.833333333,-2.3489487171173096,0.8246012330055237,-1.2241294384002686,1.0063914060592651
143.85,-2.3706772327423096,0.8259621262550354,-1.2044706344604492,1.0059694051742554
143.866666666,-2.3924057483673096,0.8243178725242615,-1.184813380241394,1.0065995454788208
143.9,-2.4358627796173096,0.8253964781761169,-1.14549720287323,1.0064311027526855
143.916666666,-2.4575912952423096,0.8241558074951172,-1.1258388757705688,1.0062530040740967
143.933333333,-2.4793198108673096,0.8243353962898254,-1.106181025505066,1.0064646005630493
143.95,-2.5010483264923096,0.825523316860199,-1.0865222215652466,1.0059661865234375
143.966666666,-2.5227768421173096,0.8252887725830078,-1.0668644905090332,1.0063726902008057
144.0,-2.5662338733673096,0.8251433372497559,-1.0275481939315796,1.0064107179641724
144.016666666,-2.5879623889923096,0.8238443732261658,-1.0078903436660767,1.0064187049865723
144.033333333,-2.6096909046173096,0.8257033228874207,-0.9882314801216125,1.0059033632278442
144.05,-2.6314194202423096,0.8261415362358093,-0.9685736298561096,1.0064972639083862
144.066666666,-2.6531479358673096,0.8244779109954834,-0.948915421962738,1.0062731504440308
144.1,-2.6966049671173096,0.8261911869049072,-0.9095988869667053,1.0063668489456177
144.116666666,-2.7183334827423096,0.8249127864837646,-0.8899409770965576,1.0062110424041748
144.133333333,-2.7400619983673096,0.8261893391609192,-0.8702828884124756,1.0063910484313965
144.15,-2.7617905139923096,0.8245822787284851,-0.8506247401237488,1.0063371658325195
144.166666666,-2.7835190296173096,0.8258543014526367,-0.830966055393219,1.0060663223266602
144.2,-2.8269760608673096,0.8244872689247131,-0.7916501760482788,1.0062588453292847
144.216666666,-2.8487045764923096,0.8252490162849426,-0.7719918489456177,1.0065401792526245
144.233333333,-2.8704330921173096,0.8261975646018982,-0.7523328065872192,1.0057635307312012
144.25,-2.8921616077423096,0.8256379961967468,-0.7326754927635193,1.006649136543274
144.266666666,-2.9138901233673096,0.8264745473861694,-0.7130166888237,1.0058444738388062
144.3,-2.9573471546173096,0.8259037137031555,-0.6737003922462463,1.0057822465896606
144.316666666,-2.9790756702423096,0.8272026181221008,-0.654042661190033,1.0065133571624756
144.333333333,-3.0008041858673096,0.8252085447311401,-0.6343843936920166,1.0061209201812744
144.35,-3.0225327014923096,0.8257097005844116,-0.6147264838218689,1.0064277648925781
144.366666666,-3.0442612171173096,0.826077938079834,-0.5950682163238525,1.0061882734298706
144.4,-3.0877182483673096,0.8267558813095093,-0.5557519197463989,1.0061273574829102
144.416666666,-3.1094467639923096,0.825302243232727,-0.5360944271087646,1.0064617395401
144.433333333,-3.1311752796173096,0.8271809816360474,-0.5164352655410767,1.0058248043060303
144.45,-3.1529037952423096,0.8277535438537598,-0.4967775344848633,1.0064098834991455
144.466666666,-3.1746323108673096,0.8252941966056824,-0.47711944580078125,1.0061501264572144
144.5,-3.2180893421173096,0.8265610337257385,-0.4378032386302948,1.0061888694763184
144.516666666,-3.2398178577423096,0.8263363838195801,-0.4181451201438904,1.0062024593353271
144.533333333,-3.2615463733673096,0.8260663151741028,-0.3984871804714203,1.006425380706787
144.55,-3.2832748889923096,0.8256956934928894,-0.37882909178733826,1.006220817565918
144.566666666,-3.3050034046173096,0.827661395072937,-0.35917025804519653,1.0059713125228882
144.6,-3.3484604358673096,0.8265849351882935,-0.3198547065258026,1.0063388347625732
144.616666666,-3.3701889514923096,0.8265013694763184,-0.30019640922546387,1.0061990022659302
144.633333333,-3.3919174671173096,0.8263983726501465,-0.2805382013320923,1.0062522888183594
144.65,-3.4136459827423096,0.826894223690033,-0.26088008284568787,1.006168246269226
144.666666666,-3.4353744983673096,0.8271284699440002,-0.24122203886508942,1.0062981843948364
144.7,-3.4788315296173096,0.82772296667099,-0.20190510153770447,1.0057389736175537
144.716666666,-3.5005600452423096,0.8274198770523071,-0.18224771320819855,1.0066149234771729
144.733333333,-3.5222885608673096,0.8264954090118408,-0.16258922219276428,1.0059045553207397
144.75,-3.5440170764923096,0.8273716568946838,-0.14293146133422852,1.0066462755203247
144.766666666,-3.5657455921173096,0.827087938785553,-0.12327248603105545,1.005696177482605
144.8,-3.6092026233673096,0.8263751864433289,-0.08395706862211227,1.0062618255615234
144.816666666,-3.6309311389923096,0.8273475766181946,-0.064298614859581,1.0059787034988403
144.833333333,-3.6526596546173096,0.827970027923584,-0.04464064538478851,1.0063769817352295
144.85,-3.6743881702423096,0.8266141414642334,-0.024982532486319542,1.0061763525009155
144.866666666,-3.6961166858673096,0.8284977674484253,-0.005323819350451231,1.0059317350387573
144.9,-3.7395737171173096,0.8259018659591675,0.033991530537605286,1.0062389373779297
144.916666666,-3.7613022327423096,0.8286000490188599,0.053650274872779846,1.0059711933135986
144.933333333,-3.7830307483673096,0.8274862766265869,0.07330814003944397,1.0062978267669678
144.95,-3.8047592639923096,0.8265783786773682,0.09296585619449615,1.0063230991363525
144.966666666,-3.8264877796173096,0.8285820484161377,0.11262457072734833,1.0061283111572266
145.0,-3.8699448108673096,0.8277007341384888,0.15194077789783478,1.0062177181243896
145.016666666,-3.8916733264923096,0.827978789806366,0.17159904539585114,1.006104826927185
145.033333333,-3.9134018421173096,0.8271150588989258,0.1912568211555481,1.0063880681991577
145.05,-3.9351303577423096,0.8283251523971558,0.21091552078723907,1.0058850049972534
145.066666666,-3.9568588733673096,0.8280042409896851,0.23057304322719574,1.006471872329712
145.1,-4.0003156661987305,0.8281417489051819,0.26988911628723145,1.006420373916626
145.116666666,-4.0220441818237305,0.8287245035171509,0.28954771161079407,1.0058555603027344
145.133333333,-4.0437726974487305,0.8280068039894104,0.30920538306236267,1.0062683820724487
145.15,-4.0655012130737305,0.8273955583572388,0.3288630545139313,1.0064449310302734
145.166666666,-4.0872297286987305,0.8274831771850586,0.34852147102355957,1.006009578704834
145.2,-4.1306867599487305,0.828557550907135,0.3878381848335266,1.0057084560394287
145.216666666,-4.1524152755737305,0.8282676339149475,0.40749555826187134,1.0066053867340088
145.233333333,-4.1741437911987305,0.8284908533096313,0.4271544814109802,1.0056966543197632
145.25,-4.1958723068237305,0.8287987112998962,0.4468119442462921,1.0065664052963257
145.266666666,-4.2176008224487305,0.8266627788543701,0.4664698839187622,1.0062072277069092
145.3,-4.2610578536987305,0.8283224701881409,0.5057862997055054,1.006483793258667
145.316666666,-4.2827863693237305,0.8279609680175781,0.5254446864128113,1.0059279203414917
145.333333333,-4.3045148849487305,0.8304329514503479,0.5451031923294067,1.0060383081436157
145.35,-4.3262434005737305,0.8285414576530457,0.5647608637809753,1.0062209367752075
145.366666666,-4.3479719161987305,0.8279862403869629,0.5844185948371887,1.0063356161117554
145.4,-4.3914289474487305,0.828404426574707,0.6237350702285767,1.006037712097168
145.416666666,-4.4131574630737305,0.8291611075401306,0.6433929204940796,1.006322979927063
145.433333333,-4.4348859786987305,0.8286716938018799,0.6630512475967407,1.006075143814087
145.45,-4.4566144943237305,0.8277153968811035,0.6827089190483093,1.0064369440078735
145.466666666,-4.4783430099487305,0.828782320022583,0.7023674249649048,1.0059826374053955
145.5,-4.5218000411987305,0.8295860886573792,0.7416834831237793,1.006227731704712
145.516666666,-4.5435285568237305,0.8283454179763794,0.7613410949707031,1.0063750743865967
145.533333333,-4.5652570724487305,0.8286872506141663,0.7809994220733643,1.0060688257217407
145.55,-4.5869855880737305,0.8284023404121399,0.8006574511528015,1.0062586069107056
145.566666666,-4.6087141036987305,0.8292436599731445,0.8203160166740417,1.0060172080993652
145.6,-4.6521711349487305,0.828694760799408,0.8596316576004028,1.006428837776184
145.616666666,-4.6738996505737305,0.8284440040588379,0.8792896866798401,1.006162166595459
145.633333333,-4.6956281661987305,0.8286817073822021,0.8989475965499878,1.0063576698303223
145.65,-4.7173566818237305,0.8291324377059937,0.918606162071228,1.005867600440979
145.666666666,-4.7390851974487305,0.8308340907096863,0.9382645487785339,1.0059233903884888
145.7,-4.7825422286987305,0.8291545510292053,0.9775803089141846,1.0061099529266357
145.716666666,-4.8042707443237305,0.8296552896499634,0.9972383379936218,1.0062109231948853
145.733333333,-4.8259992599487305,0.8293829560279846,1.01689612865448,1.0060895681381226
145.75,-4.8477277755737305,0.8291923999786377,1.0365540981292725,1.0062042474746704
145.766666666,-4.8694562911987305,0.8291313648223877,1.0562121868133545,1.0061479806900024
145.8,-4.9129133224487305,0.8298441767692566,1.0955286026000977,1.005784273147583
145.816666666,-4.9346418380737305,0.830585241317749,1.1151865720748901,1.0062791109085083
145.833333333,-4.9563703536987305,0.8288258910179138,1.1348443031311035,1.00608491897583
145.85,-4.9780988693237305,0.8296687602996826,1.154502511024475,1.0062813758850098
145.866666666,-4.9998273849487305,0.8291982412338257,1.1741604804992676,1.0061466693878174
145.9,-5.0432844161987305,0.8291149735450745,1.2134770154953003,1.0067232847213745
145.916666666,-5.0650129318237305,0.8298506140708923,1.2331361770629883,1.005629301071167
145.933333333,-5.0867414474487305,0.8300697207450867,1.2527936697006226,1.0066006183624268
145.95,-5.1084699630737305,0.8294605612754822,1.2724519968032837,1.0056463479995728
145.966666666,-5.1301984786987305,0.8311936855316162,1.2921100854873657,1.0064418315887451
146.0,-5.1718244552612305,1.0282456874847412,1.3300104141235352,0.9776838421821594
146.016666666,-5.1908369064331055,0.8378897309303284,1.347633719444275,0.8718553781509399
146.033333333,-5.2089338302612305,1.2135751247406006,1.3641186952590942,0.8499494791030884
146.05,-5.226130485534668,1.1945921182632446,1.3796290159225464,0.7888934016227722
146.066666666,-5.242426872253418,1.4359534978866577,1.3942105770111084,0.7761321663856506
146.1,-5.273218631744385,1.8239073753356934,1.4212175607681274,0.7471480965614319
146.116666666,-5.28679895401001,1.2577760219573975,1.4333820343017578,0.6108105182647705
146.133333333,-5.299479007720947,1.2860838174819946,1.4443721771240234,0.6079665422439575
146.15,-5.311243534088135,-0.06558678299188614,1.4544979333877563,0.5595899820327759
146.166666666,-5.322107791900635,-1.3233439922332764,1.4637738466262817,0.16398587822914124
146.2,-5.34203577041626,-1.3814417123794556,1.4805372953414917,-0.325106143951416
146.216666666,-5.350183963775635,-1.9057137966156006,1.4876883029937744,-0.8804948329925537
146.233333333,-5.357431888580322,-1.642712116241455,1.4937580823898315,-0.22960634529590607
146.25,-5.36376428604126,-1.5930432081222534,1.498881459236145,0.12826280295848846
146.266666666,-5.36919641494751,-0.7107261419296265,1.5029354095458984,-0.5551933646202087
146.3,-5.378260135650635,1.126336693763733,1.509050726890564,0.4243195354938507
146.316666666,-5.38097620010376,1.7731401920318604,1.510650873184204,0.08743015676736832
146.333333333,-5.382791996002197,1.5344315767288208,1.5115233659744263,0.1072588786482811
146.35,-5.383692264556885,1.3031413555145264,1.5115858316421509,0.12231875211000443
146.366666666,-5.383692264556885,1.419897198677063,1.5117030143737793,-0.03482983633875847
146.4,-5.383692264556885,1.686798334121704,1.5110143423080444,0.07828057557344437
146.416666666,-5.383692264556885,1.7574563026428223,1.5110350847244263,-0.04042397439479828
146.433333333,-5.383692264556885,1.8631606101989746,1.5102274417877197,0.3214254677295685
146.45,-5.383692264556885,2.021373748779297,1.5102170705795288,0.08149716258049011
146.466666666,-5.383692264556885,2.0315892696380615,1.5102274417877197,-0.03304201737046242
146.5,-5.383692264556885,2.2138113975524902,1.5097194910049438,0.07895497977733612
146.516666666,-5.383692264556885,2.2812819480895996,1.5097286701202393,-0.014632264152169228
146.533333333,-5.383692264556885,2.2947628498077393,1.5094306468963623,0.32478609681129456
146.55,-5.383692264556885,2.4209020137786865,1.5094592571258545,0.048959363251924515
146.566666666,-5.383692264556885,2.4705541133880615,1.5094313621520996,-0.0036217854358255863
146.6,-5.383692264556885,2.604578971862793,1.5092253684997559,0.021077029407024384
146.616666666,-5.383692264556885,2.686933755874634,1.5092110633850098,0.01364127453416586
146.633333333,-5.383692264556885,2.6612343788146973,1.5089147090911865,0.312547892332077
146.65,-5.383692264556885,2.7975986003875732,1.5089837312698364,0.0024318054784089327
146.666666666,-5.383692264556885,2.876458168029785,1.5089476108551025,0.024255653843283653
146.7,-5.383692264556885,2.921966791152954,1.508774995803833,-0.00779520720243454
146.716666666,-5.383692264556885,3.0040042400360107,1.5087306499481201,0.08557385206222534
146.733333333,-5.383692264556885,2.9994759559631348,1.5085951089859009,0.23338133096694946
146.75,-5.383692264556885,3.0968611240386963,1.5086901187896729,-0.006342778448015451
146.766666666,-5.383692264556885,3.032090425491333,1.508472204208374,0.24716585874557495
146.8,-5.383692264556885,3.16113543510437,1.5084478855133057,0.14609035849571228
146.816666666,-5.380579471588135,1.3979002237319946,1.5091811418533325,0.27932047843933105
146.833333333,-5.37591028213501,1.8035650253295898,1.5119924545288086,0.42211711406707764
146.85,-5.369699954986572,1.9924384355545044,1.5166524648666382,0.34029945731163025
146.866666666,-5.36193323135376,3.2407822608947754,1.5226402282714844,2.052647590637207
146.9,-5.343286991119385,2.539921760559082,1.53757905960083,0.4885425865650177
146.916666666,-5.330851078033447,0.932091236114502,1.5477455854415894,0.8320958614349365
146.933333333,-5.316858768463135,0.8660882115364075,1.5601119995117188,0.5894895195960999
146.95,-5.30132532119751,2.503089189529419,1.5736780166625977,0.9683834910392761
146.966666666,-5.28423547744751,2.2891268730163574,1.5890365839004517,0.7604149580001831
147.0,-5.24694299697876,3.40696120262146,1.6226451396942139,0.9524922966957092
147.016666666,-5.225183963775635,3.511834144592285,1.641777515411377,1.4375548362731934
147.033333333,-5.201868534088135,3.4003422260284424,1.6633343696594238,1.147222638130188
147.05,-5.178553104400635,2.952697992324829,1.6849778890609741,1.7455579042434692
147.066666666,-5.155237674713135,2.714329481124878,1.7066850662231445,1.232951045036316
147.1,-5.108606815338135,2.919513702392578,1.7500898838043213,1.385509967803955
147.116666666,-5.085291385650635,4.195144176483154,1.7722060680389404,1.541130542755127
147.133333333,-5.061975955963135,3.4030189514160156,1.794030785560608,1.5167155265808105
147.15,-5.038660526275635,4.539478778839111,1.8160828351974487,1.5371007919311523
147.166666666,-5.015345096588135,3.722303628921509,1.8380252122879028,1.5249979496002197
147.2,-4.968714237213135,3.6672496795654297,1.8819953203201294,1.5362588167190552
147.216666666,-4.945398807525635,4.509625434875488,1.9040998220443726,1.5145885944366455
147.233333333,-4.922083377838135,3.6143484115600586,1.925981879234314,1.5106152296066284
147.25,-4.898767948150635,4.473587989807129,1.9480259418487549,1.5372828245162964
147.266666666,-4.875452518463135,3.536752462387085,1.9699957370758057,1.4919410943984985
147.3,-4.828821659088135,3.6628077030181885,2.0139849185943604,1.533382534980774
147.316666666,-4.805506229400635,4.518762588500977,2.0360829830169678,1.5151396989822388
147.333333333,-4.782190799713135,3.5876944065093994,2.0579640865325928,1.5074608325958252
147.35,-4.758875370025635,4.478460788726807,2.0800070762634277,1.535971999168396
147.366666666,-4.735559940338135,3.5188515186309814,2.1019787788391113,1.4900697469711304
147.4,-4.688929080963135,3.630124568939209,2.1459579467773438,1.5304559469223022
147.416666666,-4.665613651275635,4.51998233795166,2.1680657863616943,1.5173451900482178
147.433333333,-4.642298221588135,3.6200203895568848,2.189950704574585,1.5111528635025024
147.45,-4.618982791900635,4.491211414337158,2.211993932723999,1.5345247983932495
147.466666666,-4.595667362213135,3.52285099029541,2.233959674835205,1.4900729656219482
147.5,-4.549036502838135,3.6423072814941406,2.2779462337493896,1.5312846899032593
147.516666666,-4.525721073150635,4.512695789337158,2.3000576496124268,1.5198396444320679
147.533333333,-4.502405643463135,3.641555070877075,2.321948766708374,1.5123306512832642
147.55,-4.479090213775635,4.486201286315918,2.343982458114624,1.5332505702972412
147.566666666,-4.455774784088135,3.5111515522003174,2.365947961807251,1.4885920286178589
147.6,-4.409143924713135,3.621927261352539,2.4099326133728027,1.5301347970962524
147.616666666,-4.385828495025635,4.5199103355407715,2.432055950164795,1.5217941999435425
147.633333333,-4.362513065338135,3.638651132583618,2.453946113586426,1.5120930671691895
147.65,-4.339197635650635,4.481008529663086,2.4759860038757324,1.536991834640503
147.666666666,-4.315882205963135,3.5802767276763916,2.4979536533355713,1.498069405555725
147.7,-4.269251346588135,3.6944570541381836,2.5419423580169678,1.5368863344192505
147.716666666,-4.245935916900635,4.530341625213623,2.5640361309051514,1.517077088356018
147.733333333,-4.222620487213135,3.579080820083618,2.585914373397827,1.5064877271652222
147.75,-4.199305057525635,4.4800801277160645,2.607964038848877,1.5416855812072754
147.766666666,-4.175989627838135,3.557003974914551,2.629930257797241,1.4942615032196045
147.8,-4.129358768463135,3.6375975608825684,2.6739089488983154,1.5311024188995361
147.816666666,-4.106043338775635,4.5319719314575195,2.6960196495056152,1.5192643404006958
147.833333333,-4.082727909088135,3.6308181285858154,2.7178940773010254,1.509463906288147
147.85,-4.059412479400635,4.516302108764648,2.739943265914917,1.5368965864181519
147.866666666,-4.036097049713135,3.5339035987854004,2.7619080543518066,1.4916996955871582
147.9,-3.9894697666168213,3.631826877593994,2.8058922290802,1.5306439399719238
147.916666666,-3.9661619663238525,4.529435634613037,2.82800555229187,1.5186973810195923
147.933333333,-3.942854166030884,3.624110221862793,2.8498923778533936,1.5101860761642456
147.95,-3.919546365737915,4.468234062194824,2.8719277381896973,1.5371872186660767
147.966666666,-3.8962385654449463,3.555738925933838,2.8938968181610107,1.4945406913757324
148.0,-3.849622964859009,3.678166627883911,2.937889337539673,1.5355563163757324
148.016666666,-3.82631516456604,4.507632732391357,2.959982395172119,1.5158271789550781
148.033333333,-3.8030073642730713,3.672703504562378,2.981886625289917,1.5167295932769775
148.05,-3.7796995639801025,4.476334095001221,3.003913640975952,1.5362296104431152
148.066666666,-3.756391763687134,3.5259289741516113,3.025880813598633,1.4912259578704834
148.1,-3.7097761631011963,3.660388469696045,3.069875717163086,1.5327776670455933
148.116666666,-3.6864683628082275,4.536052227020264,3.09197998046875,1.5176329612731934
148.133333333,-3.663160562515259,3.6139919757843018,3.1138625144958496,1.5103349685668945
148.15,-3.63985276222229,4.491379737854004,3.1359024047851562,1.5352174043655396
148.166666666,-3.6165449619293213,3.513401985168457,3.1578688621520996,1.4891924858093262
148.2,-3.569929361343384,3.6537649631500244,3.201855421066284,1.532946228981018
148.216666666,-3.546621561050415,4.527064800262451,3.223949909210205,1.5132273435592651
148.233333333,-3.5233137607574463,3.5916693210601807,3.2458317279815674,1.507429599761963
148.25,-3.5000059604644775,4.486577987670898,3.2678720951080322,1.534798502922058
148.266666666,-3.476698160171509,3.5086257457733154,3.2898409366607666,1.4880141019821167
148.3,-3.4300825595855713,3.638190746307373,3.3338239192962646,1.5310230255126953
148.316666666,-3.4067747592926025,4.506977081298828,3.3559298515319824,1.5178433656692505
148.333333333,-3.383466958999634,3.632982015609741,3.3778140544891357,1.511829137802124
148.35,-3.360159158706665,4.481444358825684,3.399854898452759,1.5369853973388672
148.366666666,-3.3368513584136963,3.5664353370666504,3.421820878982544,1.4962643384933472
148.4,-3.290235757827759,3.6352148056030273,3.4657864570617676,1.5284335613250732
148.416666666,-3.26692795753479,4.568681240081787,3.487903118133545,1.5199311971664429
148.433333333,-3.2436201572418213,3.597848415374756,3.509784460067749,1.5082927942276
148.45,-3.2203123569488525,4.495967864990234,3.5318288803100586,1.5339272022247314
148.466666666,-3.197004556655884,3.528937578201294,3.5537946224212646,1.4908456802368164
148.5,-3.1503889560699463,3.7024848461151123,3.5977885723114014,1.538223147392273
148.516666666,-3.1270811557769775,4.531569957733154,3.619875907897949,1.5116900205612183
148.533333333,-3.103773355484009,3.557556390762329,3.6417527198791504,1.5041475296020508
148.55,-3.08046555519104,4.480975151062012,3.6637985706329346,1.5381306409835815
148.566666666,-3.0571577548980713,3.5041608810424805,3.685769557952881,1.4869784116744995
148.6,-3.010542154312134,3.71330189704895,3.729764938354492,1.5394450426101685
148.616666666,-2.987234354019165,4.541209697723389,3.7518560886383057,1.5128965377807617
148.633333333,-2.9639265537261963,3.5882461071014404,3.773731231689453,1.507779836654663
148.65,-2.9406187534332275,4.47920560836792,3.7957732677459717,1.5388014316558838
148.666666666,-2.917310953140259,3.529891014099121,3.817737340927124,1.4904937744140625
148.7,-2.8706953525543213,3.6384565830230713,3.861726999282837,1.5315790176391602
148.716666666,-2.8473875522613525,4.533797740936279,3.8838376998901367,1.5169463157653809
148.733333333,-2.824079751968384,3.59470272064209,3.905717134475708,1.5074502229690552
148.75,-2.800771951675415,4.50241756439209,3.9277541637420654,1.531187653541565
148.766666666,-2.7774641513824463,3.485541820526123,3.949718713760376,1.484832763671875
148.8,-2.730848550796509,3.665165662765503,3.99371075630188,1.5338679552078247
148.816666666,-2.712202310562134,4.361931324005127,4.013001918792725,1.2742637395858765
148.833333333,-2.69588303565979,4.744837760925293,4.028719902038574,1.118945837020874
148.85,-2.681898355484009,3.1120967864990234,4.042290210723877,0.9959359765052795
148.866666666,-2.670240640640259,3.867323160171509,4.0535054206848145,0.8937965631484985
148.9,-2.651594400405884,3.73297381401062,4.070426940917969,0.7802620530128479
148.916666666,-2.64693284034729,2.768897533416748,4.075607776641846,0.47461116313934326
148.933333333,-2.6445982456207275,1.5228499174118042,4.077647686004639,0.345039963722229
148.95,-2.6445982456207275,1.50535249710083,4.077654838562012,0.10364707559347153
148.966666666,-2.6445982456207275,1.4948925971984863,4.077768802642822,-0.08074383437633514
149.0,-2.6445982456207275,0.07802081853151321,4.077066421508789,0.02218538150191307
149.016666666,-2.6445982456207275,0.28033697605133057,4.07690954208374,0.1665429323911667
149.033333333,-2.6445982456207275,0.3465857207775116,4.077046871185303,-0.14159345626831055
149.05,-2.6445982456207275,0.8840880393981934,4.076120853424072,0.26366525888442993
149.066666666,-2.6445982456207275,0.9499928951263428,4.076153755187988,0.027393478900194168
149.1,-2.6445982456207275,1.1553783416748047,4.075973033905029,0.06796204298734665
149.116666666,-2.6445982456207275,1.1958874464035034,4.075934410095215,0.09714087843894958
149.133333333,-2.6445982456207275,1.1703400611877441,4.075928688049316,0.1297241896390915
149.15,-2.6445982456207275,1.1601918935775757,4.075987339019775,0.005925389472395182
149.166666666,-2.6445982456207275,1.331824541091919,4.07554817199707,0.3359752893447876
149.2,-2.6445982456207275,1.4869831800460815,4.075631618499756,-0.07600127905607224
149.216666666,-2.6445982456207275,1.633653998374939,4.075018882751465,0.3307969570159912
149.233333333,-2.6445982456207275,1.8078274726867676,4.074990272521973,0.11368680000305176
149.25,-2.6445982456207275,1.809889554977417,4.075067043304443,-0.023739971220493317
149.266666666,-2.6445982456207275,1.833155632019043,4.074828624725342,0.36454343795776367
149.3,-2.6445982456207275,2.004192352294922,4.074899673461914,-0.01453525759279728
149.316666666,-2.6445982456207275,1.9620633125305176,4.074723243713379,0.32943350076675415
149.333333333,-2.6445982456207275,1.9989382028579712,4.074836730957031,0.0930841788649559
149.35,-2.6445982456207275,1.9745713472366333,4.07491397857666,-0.03670475631952286
149.366666666,-2.6445982456207275,2.016974449157715,4.074588298797607,0.3464691936969757
149.4,-2.6445982456207275,2.2679738998413086,4.074553489685059,0.002643557032570243
149.416666666,-2.6445982456207275,2.226933479309082,4.074518203735352,0.09536375105381012
149.433333333,-2.6445982456207275,2.2333858013153076,4.0744309425354,0.26021021604537964
149.45,-2.6445982456207275,2.235386371612549,4.074556350708008,0.01392302569001913
149.466666666,-2.6445982456207275,2.3361823558807373,4.074526309967041,0.025577282533049583
149.5,-2.6445982456207275,2.4111766815185547,4.074230194091797,0.04082343354821205
149.516666666,-2.6445982456207275,2.512265920639038,4.074189186096191,0.006577769294381142
149.533333333,-2.6445982456207275,2.593039035797119,4.074150085449219,0.06195066124200821
149.55,-2.6445982456207275,2.5760624408721924,4.073988437652588,0.3028917610645294
149.566666666,-2.6445982456207275,2.7464256286621094,4.074038505554199,0.014293109066784382
149.6,-2.6445982456207275,2.9479501247406006,4.073949813842773,0.09262113273143768
149.616666666,-2.646406412124634,3.122223377227783,4.074409484863281,0.13979804515838623
149.633333333,-2.649122476577759,3.283804178237915,4.075893878936768,0.135843887925148
149.65,-2.6527464389801025,3.3466849327087402,4.077923774719238,0.1455116719007492
149.666666666,-2.657270669937134,2.30808162689209,4.080424785614014,1.0723875761032104
149.7,-2.668134927749634,2.4844508171081543,4.086452007293701,0.29999932646751404
149.716666666,-2.67537522315979,-1.6831438541412354,4.091333389282227,0.5815315246582031
149.733333333,-2.683523416519165,-1.62254798412323,4.097006797790527,0.4876091480255127
149.75,-2.6925718784332275,-2.079657793045044,4.103806018829346,0.4095035195350647
149.766666666,-2.702528238296509,-0.11206655949354172,4.110744476318359,0.3692987859249115
149.8,-2.724256753921509,-1.417456865310669,4.128885269165039,-0.20828860998153687
149.816666666,-2.736929178237915,-0.9263108372688293,4.139294147491455,0.13095782697200775
149.833333333,-2.75050950050354,-0.18725654482841492,4.150577545166016,0.4703606367111206
149.85,-2.7649900913238525,0.2226320058107376,4.162744045257568,0.7814019322395325
149.866666666,-2.780378580093384,0.49381816387176514,4.175808429718018,0.7316076755523682
149.9,-2.812971353530884,0.8293505907058716,4.204166889190674,0.8550476431846619
149.916666666,-2.83107590675354,0.9917041063308716,4.219686508178711,0.9193258881568909
149.933333333,-2.850088357925415,1.4471569061279297,4.236363887786865,0.9933139681816101
149.95,-2.8700010776519775,2.1093835830688477,4.253971099853516,1.124997615814209
149.966666666,-2.890821695327759,1.1463911533355713,4.272480010986328,1.1520615816116333
150.0,-2.934278726577759,1.0130996704101562,4.311506748199463,1.0493923425674438
150.016666666,-2.956007242202759,0.9799799919128418,4.3312249183654785,1.032114028930664
150.033333333,-2.977735757827759,0.9238835573196411,4.350937843322754,1.0178742408752441
150.05,-2.999464273452759,0.8750407099723816,4.37063455581665,1.0087878704071045
150.066666666,-3.021192789077759,0.8345435857772827,4.390316963195801,1.003074288368225
150.1,-3.064649820327759,0.8180467486381531,4.429644584655762,1.0064085721969604
150.116666666,-3.086378335952759,0.8435381054878235,4.449306011199951,1.007515788078308
150.133333333,-3.108106851577759,0.8207883238792419,4.468964576721191,1.0031343698501587
150.15,-3.129835367202759,0.8338110446929932,4.488620758056641,1.008387804031372
150.166666666,-3.151563882827759,0.8340181708335876,4.5082807540893555,1.0049893856048584
150.2,-3.195020914077759,0.8339341282844543,4.547595977783203,1.006995677947998
150.216666666,-3.216749429702759,0.8288539052009583,4.567254543304443,1.0056061744689941
150.233333333,-3.238477945327759,0.8316038250923157,4.586912155151367,1.005881905555725
150.25,-3.260206460952759,0.8313188552856445,4.606570720672607,1.0068413019180298
150.266666666,-3.281934976577759,0.8290768265724182,4.626230239868164,1.0052375793457031
150.3,-3.325392007827759,0.8303859829902649,4.665546417236328,1.0055384635925293
150.316666666,-3.347120523452759,0.8324451446533203,4.685204029083252,1.0062203407287598
150.333333333,-3.368849039077759,0.8325138688087463,4.704861164093018,1.0061150789260864
150.35,-3.390577554702759,0.8295733332633972,4.724518299102783,1.0061582326889038
150.366666666,-3.412306070327759,0.8326730132102966,4.744176864624023,1.0058790445327759
150.4,-3.455763101577759,0.8321378827095032,4.7834930419921875,1.0056216716766357
150.416666666,-3.477491617202759,0.8311254382133484,4.8031511306762695,1.0068598985671997
150.433333333,-3.499220132827759,0.8300701379776001,4.822810649871826,1.0056099891662598
150.45,-3.520948648452759,0.833102822303772,4.84246826171875,1.006118655204773
150.466666666,-3.542677164077759,0.8312202095985413,4.862126350402832,1.006113886833191
150.5,-3.586134195327759,0.8325414657592773,4.9014410972595215,1.0064442157745361
150.516666666,-3.607862710952759,0.8302343487739563,4.921098709106445,1.0058925151824951
150.533333333,-3.629591226577759,0.8333530426025391,4.940755844116211,1.0062047243118286
150.55,-3.651319742202759,0.8318805694580078,4.960413932800293,1.0057460069656372
150.566666666,-3.673048257827759,0.8320487141609192,4.980072021484375,1.0061986446380615
150.6,-3.716505289077759,0.8314864635467529,5.019388675689697,1.0057032108306885
150.616666666,-3.738233804702759,0.8334799408912659,5.039045810699463,1.006098747253418
150.633333333,-3.759962320327759,0.8328026533126831,5.058703899383545,1.0057028532028198
150.65,-3.781690835952759,0.8319177627563477,5.078360080718994,1.0063623189926147
150.666666666,-3.803419351577759,0.8314119577407837,5.098017692565918,1.0061492919921875
150.7,-3.846876382827759,0.8319036960601807,5.137333393096924,1.0063194036483765
150.716666666,-3.868604898452759,0.8327833414077759,5.156991958618164,1.0057615041732788
150.733333333,-3.890333414077759,0.8344353437423706,5.176650524139404,1.0057395696640015
150.75,-3.912061929702759,0.8314005136489868,5.1963067054748535,1.0065693855285645
150.766666666,-3.933790445327759,0.831920862197876,5.215965747833252,1.0057390928268433
150.8,-3.977247476577759,0.8321672677993774,5.255281925201416,1.0062624216079712
150.816666666,-3.998975992202759,0.8311049342155457,5.274940490722656,1.006233811378479
150.833333333,-4.02070426940918,0.8335527777671814,5.294598579406738,1.005781650543213
150.85,-4.04243278503418,0.8343822956085205,5.314257621765137,1.00570547580719
150.866666666,-4.06416130065918,0.8329276442527771,5.333914756774902,1.0061949491500854
150.9,-4.10761833190918,0.8339446783065796,5.37322998046875,1.0056679248809814
150.916666666,-4.12934684753418,0.8338449597358704,5.392888069152832,1.006106972694397
150.933333333,-4.15107536315918,0.8315563797950745,5.412546634674072,1.0061956644058228
150.95,-4.17280387878418,0.8343827128410339,5.432204246520996,1.0057005882263184
150.966666666,-4.19453239440918,0.8324601054191589,5.4518609046936035,1.0065209865570068
151.0,-4.23798942565918,0.8354166150093079,5.491178035736084,1.0058298110961914
151.016666666,-4.25971794128418,0.833827018737793,5.510836124420166,1.0059458017349243
151.033333333,-4.28144645690918,0.8325574994087219,5.530494213104248,1.0061650276184082
151.05,-4.30317497253418,0.8328744769096375,5.550152778625488,1.0061428546905518
151.066666666,-4.32490348815918,0.8334405422210693,5.5698113441467285,1.005739450454712
151.1,-4.36836051940918,0.8331930637359619,5.609127521514893,1.0057955980300903
151.116666666,-4.39008903503418,0.8339296579360962,5.628785133361816,1.0060474872589111
151.133333333,-4.41181755065918,0.8332557082176208,5.64844274520874,1.0059905052185059
151.15,-4.43354606628418,0.8342009782791138,5.668100833892822,1.005817174911499
151.166666666,-4.45527458190918,0.8342751264572144,5.687757968902588,1.0060203075408936
151.2,-4.49873161315918,0.8332788348197937,5.727074146270752,1.0060673952102661
151.216666666,-4.52046012878418,0.8323410749435425,5.746732234954834,1.0062000751495361
151.233333333,-4.54218864440918,0.8338680267333984,5.766390323638916,1.0057507753372192
151.25,-4.56391716003418,0.8355696797370911,5.7860493659973145,1.0057868957519531
151.266666666,-4.58564567565918,0.8335492014884949,5.80570650100708,1.0060524940490723
151.3,-4.62910270690918,0.8340863585472107,5.845021724700928,1.0057108402252197
151.316666666,-4.65083122253418,0.8339827060699463,5.864679336547852,1.0061348676681519
151.333333333,-4.67255973815918,0.833594799041748,5.884336948394775,1.0058327913284302
151.35,-4.69428825378418,0.8354725241661072,5.903995037078857,1.0058419704437256
151.366666666,-4.71601676940918,0.8334621787071228,5.923652172088623,1.0062261819839478
151.4,-4.75947380065918,0.8345166444778442,5.9629693031311035,1.0062142610549927
151.416666666,-4.78120231628418,0.8337407112121582,5.9826273918151855,1.0056391954421997
151.433333333,-4.80293083190918,0.835291862487793,6.002285003662109,1.0062284469604492
151.45,-4.82465934753418,0.8336799740791321,6.02194356918335,1.0057770013809204
151.466666666,-4.84638786315918,0.8336648941040039,6.041600704193115,1.006224513053894
151.5,-4.88984489440918,0.8347727656364441,6.080916881561279,1.005704402923584
151.516666666,-4.91157341003418,0.8344346284866333,6.100574016571045,1.0063477754592896
151.533333333,-4.93330192565918,0.8348252773284912,6.120232105255127,1.0055302381515503
151.55,-4.95503044128418,0.8345754146575928,6.139889240264893,1.0063632726669312
151.566666666,-4.97675895690918,0.8342308402061462,6.159547328948975,1.0056047439575195
151.6,-5.02021598815918,0.8351820111274719,6.198863506317139,1.005614161491394
151.616666666,-5.04194450378418,0.8354396820068359,6.218520641326904,1.0060811042785645
151.633333333,-5.06367301940918,0.8343577980995178,6.23817777633667,1.0060300827026367
151.65,-5.08540153503418,0.8349030613899231,6.257835865020752,1.005814790725708
151.666666666,-5.10713005065918,0.8350452184677124,6.277493000030518,1.00615394115448
151.7,-5.15058708190918,0.8345595002174377,-6.249563694000244,1.0063259601593018
151.716666666,-5.17231559753418,0.8356541395187378,-6.229904651641846,1.0054751634597778
151.733333333,-5.19404411315918,0.8357565402984619,-6.210246562957764,1.006196141242981
151.75,-5.21577262878418,0.8336081504821777,-6.19058895111084,1.0059020519256592
151.766666666,-5.23750114440918,0.8360062837600708,-6.170929908752441,1.005836009979248
151.8,-5.28095817565918,0.8344636559486389,-6.131615161895752,1.005995750427246
151.816666666,-5.30268669128418,0.8345831632614136,-6.11195707321167,1.0061430931091309
151.833333333,-5.32441520690918,0.8357203602790833,-6.092297554016113,1.0054882764816284
151.85,-5.34614372253418,0.835458517074585,-6.0726399421691895,1.0062679052352905
151.866666666,-5.36787223815918,0.8356872797012329,-6.052981853485107,1.0056196451187134
151.9,-5.41132926940918,0.8353967666625977,-6.013667106628418,1.005558729171753
151.916666666,-5.43305778503418,0.8360371589660645,-5.994009494781494,1.0061631202697754
151.933333333,-5.45478630065918,0.8350133895874023,-5.974351406097412,1.005785346031189
151.95,-5.47651481628418,0.8352629542350769,-5.954692840576172,1.0061349868774414
151.966666666,-5.49824333190918,0.8364406824111938,-5.935034275054932,1.0055127143859863
152.0,-5.54170036315918,0.8342831134796143,-5.895718097686768,1.005955457687378
152.016666666,-5.56342887878418,0.8361439108848572,-5.876059532165527,1.0058337450027466
152.033333333,-5.58515739440918,0.836712121963501,-5.856400489807129,1.0055876970291138
152.05,-5.60688591003418,0.8363251686096191,-5.836742401123047,1.0060832500457764
152.066666666,-5.62861442565918,0.8359493017196655,-5.817084789276123,1.0057849884033203
152.1,-5.67207145690918,0.8352617621421814,-5.777767658233643,1.005984902381897
152.116666666,-5.69379997253418,0.8352105617523193,-5.758109092712402,1.0059822797775269
152.133333333,-5.71552848815918,0.8370265960693359,-5.738450050354004,1.0055780410766602
152.15,-5.73725700378418,0.835586428642273,-5.71879243850708,1.0061970949172974
152.166666666,-5.75898551940918,0.835900068283081,-5.699133396148682,1.005738615989685
152.2,-5.80244255065918,0.8370410799980164,-5.659816265106201,1.0058547258377075
152.216666666,-5.82417106628418,0.8350012302398682,-5.640158653259277,1.0061122179031372
152.233333333,-5.84589958190918,0.8357680439949036,-5.620500087738037,1.0060263872146606
152.25,-5.86762809753418,0.8358982801437378,-5.600841999053955,1.0056577920913696
152.266666666,-5.88935661315918,0.8377284407615662,-5.581182956695557,1.0057647228240967
152.3,-5.93281364440918,0.8366718888282776,-5.541866779327393,1.0055335760116577
152.316666666,-5.95454216003418,0.8371524810791016,-5.522209167480469,1.006158709526062
152.333333333,-5.97627067565918,0.8347923755645752,-5.502551555633545,1.005926489830017
152.35,-5.99799919128418,0.8374860882759094,-5.482892036437988,1.0056085586547852
152.366666666,-6.01972770690918,0.8367065787315369,-5.463234901428223,1.0061296224594116
152.4,-6.06318473815918,0.8370218873023987,-5.423919200897217,1.006136417388916
152.416666666,-6.08491325378418,0.8365545272827148,-5.404260635375977,1.0054514408111572
152.433333333,-6.10664176940918,0.8369752764701843,-5.384603977203369,1.0063660144805908
152.45,-6.12837028503418,0.8369554281234741,-5.364943981170654,1.0054004192352295
152.466666666,-6.15009880065918,0.836946427822113,-5.345287322998047,1.0060659646987915
152.5,-6.19355583190918,0.837019681930542,-5.305970668792725,1.0055978298187256
152.516666666,-6.21528434753418,0.8369095921516418,-5.286313056945801,1.0062350034713745
152.533333333,-6.23701286315918,0.8373705744743347,-5.266654014587402,1.0054117441177368
152.55,-6.25874137878418,0.8371564149856567,-5.2469964027404785,1.0062588453292847
152.566666666,-6.28046989440918,0.8359073996543884,-5.227338790893555,1.0057827234268188
152.6,6.242444038391113,0.8373454213142395,-5.188022613525391,1.0058391094207764
152.616666666,6.220715522766113,0.8360726833343506,-5.168365478515625,1.0060149431228638
152.633333333,6.198987007141113,0.8389652371406555,-5.148706912994385,1.0054817199707031
152.65,6.177258491516113,0.8373458385467529,-5.1290507316589355,1.0059787034988403
152.666666666,6.155529975891113,0.8363995552062988,-5.109393119812012,1.0060744285583496
152.7,6.112072944641113,0.8388525247573853,-5.070076942443848,1.005635380744934
152.716666666,6.090344429016113,0.8378147482872009,-5.05042028427124,1.0058728456497192
152.733333333,6.068615913391113,0.8365694880485535,-5.030763626098633,1.0060104131698608
152.75,6.046887397766113,0.8370371460914612,-5.011106014251709,1.0058984756469727
152.766666666,6.025158882141113,0.8374654650688171,-4.991447448730469,1.005801796913147
152.8,5.981701850891113,0.8376701474189758,-4.952131748199463,1.0056043863296509
152.816666666,5.959973335266113,0.8378109931945801,-4.9324750900268555,1.0061858892440796
152.833333333,5.938244819641113,0.8381108641624451,-4.912815570831299,1.0053478479385376
152.85,5.916516304016113,0.838146984577179,-4.893158435821533,1.0061111450195312
152.866666666,5.894787788391113,0.8372330665588379,-4.873500347137451,1.0058485269546509
152.9,5.851330757141113,0.8385204672813416,-4.8341851234436035,1.0061484575271606
152.916666666,5.829602241516113,0.8362545967102051,-4.81452751159668,1.00577974319458
152.933333333,5.807873725891113,0.838822066783905,-4.794869422912598,1.005650520324707
152.95,5.786145210266113,0.8393812775611877,-4.775211334228516,1.0057440996170044
152.966666666,5.764416694641113,0.837241530418396,-4.755554676055908,1.0057718753814697
153.0,5.720959663391113,0.8381086587905884,-4.716237545013428,1.0053339004516602
153.016666666,5.699231147766113,0.8379903435707092,-4.696580410003662,1.006205677986145
153.033333333,5.677502632141113,0.8389171957969666,-4.67692232131958,1.0055378675460815
153.05,5.655774116516113,0.8386012315750122,-4.65726375579834,1.005958914756775
153.066666666,5.634045600891113,0.8384897708892822,-4.637605667114258,1.0053895711898804
153.1,5.590588569641113,0.8370082378387451,-4.598290920257568,1.0059012174606323
153.116666666,5.568860054016113,0.8389703631401062,-4.57863187789917,1.005656361579895
153.133333333,5.547131538391113,0.8399129509925842,-4.558973789215088,1.0056681632995605
153.15,5.525403022766113,0.8368291854858398,-4.539317607879639,1.006006121635437
153.166666666,5.503674507141113,0.8399801254272461,-4.519659042358398,1.0056356191635132
153.2,5.460217475891113,0.8386767506599426,-4.480344295501709,1.0053651332855225
153.216666666,5.438488960266113,0.8391785621643066,-4.460687637329102,1.0062178373336792
153.233333333,5.416760444641113,0.8378853797912598,-4.441030025482178,1.0055296421051025
153.25,5.395031929016113,0.8386467099189758,-4.421372890472412,1.0060901641845703
153.266666666,5.373303413391113,0.8395439982414246,-4.4017133712768555,1.0054404735565186
153.3,5.329846382141113,0.8400875926017761,-4.362398624420166,1.0056679248809814
153.316666666,5.308117866516113,0.8395544290542603,-4.342742443084717,1.0059635639190674
153.333333333,5.286389350891113,0.8390307426452637,-4.323084831237793,1.0055890083312988
153.35,5.264660835266113,0.8407116532325745,-4.303426742553711,1.005537986755371
153.366666666,5.242932319641113,0.8395017981529236,-4.2837700843811035,1.0058600902557373
153.4,5.199475288391113,0.8389108777046204,-4.2444539070129395,1.0056673288345337
153.416666666,5.177746772766113,0.8397114872932434,-4.224797248840332,1.0057642459869385
153.433333333,5.156018257141113,0.8401724100112915,-4.205140113830566,1.0057622194290161
153.45,5.134289741516113,0.838523268699646,-4.185483932495117,1.005790114402771
153.466666666,5.112561225891113,0.8396487236022949,-4.165826797485352,1.0057343244552612
153.5,5.069104194641113,0.8386958241462708,-4.126511096954346,1.0060069561004639
153.516666666,5.047375679016113,0.8384038805961609,-4.106853485107422,1.0059125423431396
153.533333333,5.025647163391113,0.8414750695228577,-4.087194442749023,1.005219578742981
153.55,5.003918647766113,0.8395608067512512,-4.067537307739258,1.00589919090271
153.566666666,4.982190132141113,0.8395270705223083,-4.04788064956665,1.0059504508972168
153.6,4.938733100891113,0.8394304513931274,-4.008565425872803,1.005618929862976
153.616666666,4.917004585266113,0.8410038352012634,-3.9889068603515625,1.0056430101394653
153.633333333,4.895276069641113,0.8391503095626831,-3.969249725341797,1.0059415102005005
153.65,4.873547554016113,0.8397693634033203,-3.949592113494873,1.0055434703826904
153.666666666,4.851819038391113,0.8398682475090027,-3.92993426322937,1.0060397386550903
153.7,4.808362007141113,0.8398560881614685,-3.8906185626983643,1.0061008930206299
153.716666666,4.786633491516113,0.8390991687774658,-3.870960235595703,1.0056812763214111
153.733333333,4.764904975891113,0.8407284617424011,-3.8513023853302,1.0055108070373535
153.75,4.743176460266113,0.8402929306030273,-3.8316450119018555,1.0059353113174438
153.766666666,4.722363471984863,0.7837968468666077,-3.8125498294830322,0.9602930545806885
153.8,4.682538032531738,1.1866989135742188,-3.776416540145874,0.9373133182525635
153.816666666,4.664441108703613,0.8772785663604736,-3.7597062587738037,0.8177302479743958
153.833333333,4.647244453430176,1.414344072341919,-3.744149923324585,0.8240556716918945
153.85,4.630948066711426,1.3700114488601685,-3.7295408248901367,0.7477706074714661
153.866666666,4.615551948547363,1.4617640972137451,-3.71587872505188,0.7304741144180298
153.9,4.586590766906738,1.9178119897842407,-3.6906797885894775,0.713551938533783
153.916666666,4.573910713195801,1.3660449981689453,-3.6794049739837646,0.5725422501564026
153.933333333,4.562146186828613,1.0958144664764404,-3.669301986694336,0.53936368227005
153.95,4.551281929016113,-1.611835241317749,-3.6600778102874756,0.47725921869277954
153.966666666,4.541317939758301,-1.9276905059814453,-3.651695966720581,0.018872175365686417
154.0,4.523221015930176,-1.9241437911987305,-3.637136459350586,0.4370799660682678
154.016666666,4.515973091125488,1.2418739795684814,-3.631312370300293,0.193644717335701
154.033333333,4.509640693664551,1.788321614265442,-3.626009225845337,0.27824607491493225
154.05,4.504208564758301,-1.1339279413223267,-3.6221694946289062,0.4424651563167572
154.066666666,4.499676704406738,-0.04651768133044243,-3.6192283630371094,0.4415377676486969
154.1,4.492444038391113,1.3731273412704468,-3.6152515411376953,0.2955291271209717
154.116666666,4.490628242492676,2.1502931118011475,-3.614285945892334,-0.12656129896640778
154.133333333,4.489727973937988,1.8831416368484497,-3.61395263671875,0.0986320748925209
154.15,4.489727973937988,0.05925852060317993,-3.6137807369232178,-0.17048755288124084
154.166666666,4.489727973937988,0.7868947386741638,-3.6145150661468506,0.24353249371051788
154.2,4.489727973937988,1.0191614627838135,-3.6148500442504883,0.31456050276756287
154.216666666,4.489727973937988,1.1121143102645874,-3.6148364543914795,0.09061241894960403
154.233333333,4.489727973937988,1.0831108093261719,-3.614877223968506,0.16172797977924347
154.25,4.489727973937988,1.0421791076660156,-3.6147096157073975,-0.10243472456932068
154.266666666,4.489727973937988,1.3667504787445068,-3.615593194961548,0.31151527166366577
154.3,4.489727973937988,1.511743426322937,-3.61554217338562,-0.011841777712106705
154.316666666,4.489727973937988,1.550117015838623,-3.6158976554870605,0.36841192841529846
154.333333333,4.489727973937988,1.7300292253494263,-3.615945816040039,0.19813212752342224
154.35,4.489727973937988,1.7093570232391357,-3.6158604621887207,0.06673526763916016
154.366666666,4.489727973937988,1.6630973815917969,-3.6158559322357178,0.0983036682009697
154.4,4.489727973937988,1.8474962711334229,-3.616086959838867,0.19752781093120575
154.416666666,4.489727973937988,1.8337469100952148,-3.6160213947296143,0.09427376091480255
154.433333333,4.489727973937988,1.771531343460083,-3.615950107574463,0.012981378473341465
154.45,4.489727973937988,1.7944234609603882,-3.6163852214813232,0.3680427074432373
154.466666666,4.489727973937988,1.9889636039733887,-3.616441011428833,0.20190216600894928
154.5,4.489727973937988,1.9278978109359741,-3.6163136959075928,0.022295182570815086
154.516666666,4.489727973937988,1.9174754619598389,-3.6165683269500732,0.3823009729385376
154.533333333,4.489727973937988,2.089427947998047,-3.616607666015625,0.18952052295207977
154.55,4.489727973937988,2.0779240131378174,-3.6165618896484375,0.12795482575893402
154.566666666,4.491284370422363,0.5331416726112366,-3.6163580417633057,0.14689743518829346
154.6,4.497509956359863,1.7306610345840454,-3.612945079803467,0.3998822569847107
154.616666666,4.503720283508301,2.992640256881714,-3.6089284420013428,0.4802345037460327
154.633333333,4.511487007141113,2.5964605808258057,-3.6026620864868164,0.6487255096435547
154.65,4.520810127258301,2.903047800064087,-3.594999313354492,1.7020061016082764
154.666666666,4.531689643859863,3.737001419067383,-3.5865213871002197,0.8182448744773865
154.7,4.556561470031738,3.5060439109802246,-3.5647974014282227,0.9182410836219788
154.716666666,4.572094917297363,2.6226229667663574,-3.5514328479766846,0.7256805300712585
154.733333333,4.589184761047363,3.8194704055786133,-3.53643536567688,1.1691709756851196
154.75,4.607831001281738,2.1009037494659424,-3.519529104232788,0.9039709568023682
154.766666666,4.628033638000488,3.3321573734283447,-3.5015811920166016,1.333510160446167
154.8,4.671551704406738,2.8067009449005127,-3.461592197418213,1.3658578395843506
154.816666666,4.694867134094238,3.1928863525390625,-3.4402289390563965,1.1285808086395264
154.833333333,4.718182563781738,2.846179246902466,-3.4187936782836914,1.4934970140457153
154.85,4.741497993469238,3.239415168762207,-3.3968589305877686,1.1208158731460571
154.866666666,4.764813423156738,2.97078013420105,-3.3753063678741455,1.428525447845459
154.9,4.811444282531738,3.9006593227386475,-3.3318135738372803,1.492007851600647
154.916666666,4.834759712219238,2.9883246421813965,-3.3101654052734375,1.4034833908081055
154.933333333,4.858075141906738,4.199954986572266,-3.2880332469940186,1.5885934829711914
154.95,4.881390571594238,3.517561197280884,-3.266193389892578,1.4984281063079834
154.966666666,4.904706001281738,4.541309833526611,-3.2441964149475098,1.5169140100479126
155.0,4.951336860656738,4.578070640563965,-3.2001399993896484,1.5277360677719116
155.016666666,4.974652290344238,3.763672351837158,-3.1782400608062744,1.5242445468902588
155.033333333,4.997967720031738,4.486555576324463,-3.1562116146087646,1.536047101020813
155.05,5.021283149719238,3.6935513019561768,-3.134242534637451,1.5112707614898682
155.066666666,5.044598579406738,4.502640724182129,-3.1122188568115234,1.5291848182678223
155.1,5.091229438781738,4.531311511993408,-3.0681660175323486,1.5265718698501587
155.116666666,5.114544868469238,3.63457989692688,-3.0462844371795654,1.5108118057250977
155.133333333,5.137860298156738,4.488687992095947,-3.024251699447632,1.537104845046997
155.15,5.161175727844238,3.5340166091918945,-3.0022881031036377,1.4906851053237915
155.166666666,5.184491157531738,4.46873664855957,-2.9802663326263428,1.5252032279968262
155.2,5.231122016906738,4.530693531036377,-2.936194658279419,1.5222506523132324
155.216666666,5.254437446594238,3.657642364501953,-2.914311170578003,1.5141217708587646
155.233333333,5.277752876281738,4.48838472366333,-2.8922815322875977,1.5349138975143433
155.25,5.301068305969238,3.513838768005371,-2.8703198432922363,1.4886455535888672
155.266666666,5.324383735656738,4.482378005981445,-2.8482770919799805,1.5308414697647095
155.3,5.371014595031738,4.538027286529541,-2.804213047027588,1.5311083793640137
155.316666666,5.394330024719238,3.7768301963806152,-2.782309055328369,1.5262199640274048
155.333333333,5.417645454406738,4.4750776290893555,-2.760286569595337,1.5389336347579956
155.35,5.440960884094238,3.6365785598754883,-2.7383224964141846,1.5045236349105835
155.366666666,5.464276313781738,4.515393257141113,-2.716278553009033,1.5402151346206665
155.4,5.510907173156738,4.539809226989746,-2.6722402572631836,1.5177961587905884
155.416666666,5.534222602844238,3.579831123352051,-2.6503665447235107,1.5062094926834106
155.433333333,5.557538032531738,4.503067493438721,-2.6283321380615234,1.533843755722046
155.45,5.580853462219238,3.479506492614746,-2.6063637733459473,1.4840409755706787
155.466666666,5.604168891906738,4.477142810821533,-2.5843169689178467,1.5308809280395508
155.5,5.650799751281738,4.521072864532471,-2.5402755737304688,1.5209511518478394
155.516666666,5.674115180969238,3.7144765853881836,-2.5183827877044678,1.5197861194610596
155.533333333,5.697430610656738,4.472686767578125,-2.4963552951812744,1.5380748510360718
155.55,5.720746040344238,3.5788350105285645,-2.474393844604492,1.497390866279602
155.566666666,5.744061470031738,4.484863758087158,-2.4523701667785645,1.5294121503829956
155.6,5.790692329406738,4.534390926361084,-2.408295154571533,1.521443486213684
155.616666666,5.814007759094238,3.5921528339385986,-2.3864200115203857,1.5077662467956543
155.633333333,5.837323188781738,4.481245040893555,-2.364370822906494,1.5437065362930298
155.65,5.860638618469238,3.59389328956604,-2.342404842376709,1.498651385307312
155.666666666,5.883954048156738,4.506019115447998,-2.320359468460083,1.5343483686447144
155.7,5.930584907531738,4.571351528167725,-2.27630877494812,1.5096348524093628
155.716666666,5.953900337219238,3.4723150730133057,-2.2544493675231934,1.4928627014160156
155.733333333,5.977215766906738,4.49542760848999,-2.2323949337005615,1.5345386266708374
155.75,6.000531196594238,3.4874541759490967,-2.21042537689209,1.4857110977172852
155.766666666,6.023846626281738,4.493435382843018,-2.188377618789673,1.5293121337890625
155.8,6.070477485656738,4.543947219848633,-2.1443021297454834,1.5224199295043945
155.816666666,6.093792915344238,3.6878278255462646,-2.1224172115325928,1.5174249410629272
155.833333333,6.117108345031738,4.47491455078125,-2.1003949642181396,1.5336430072784424
155.85,6.140423774719238,3.5479578971862793,-2.0784263610839844,1.493528127670288
155.866666666,6.163739204406738,4.502686023712158,-2.0563814640045166,1.5340361595153809
155.9,6.210370063781738,4.539143085479736,-2.012361526489258,1.5078305006027222
155.916666666,6.233685493469238,3.5356333255767822,-1.9904932975769043,1.5004782676696777
155.933333333,6.257000923156738,4.495419502258301,-1.968448281288147,1.5331333875656128
155.95,6.280316352844238,3.4911296367645264,-1.9464747905731201,1.4854660034179688
155.966666666,-6.262739181518555,4.477993011474609,-1.9244452714920044,1.5244215726852417
156.0,-6.216108322143555,4.525870323181152,-1.880380630493164,1.5182381868362427
156.016666666,-6.192792892456055,3.621413230895996,-1.8585158586502075,1.5088224411010742
156.033333333,-6.169477462768555,4.51122522354126,-1.8364630937576294,1.5421371459960938
156.05,-6.146162033081055,3.5902724266052246,-1.8145005702972412,1.4987852573394775
156.066666666,-6.122846603393555,4.491914749145508,-1.7924704551696777,1.526942491531372
156.1,-6.076215744018555,4.541933059692383,-1.7484142780303955,1.5126140117645264
156.116666666,-6.052900314331055,3.5621509552001953,-1.7265491485595703,1.5033890008926392
156.133333333,-6.029584884643555,4.467947959899902,-1.7045084238052368,1.5407912731170654
156.15,-6.006269454956055,3.5525169372558594,-1.6825428009033203,1.4930036067962646
156.166666666,-5.982954025268555,4.49761962890625,-1.6605149507522583,1.524259328842163
156.2,-5.936323165893555,4.517910003662109,-1.616451382637024,1.5233718156814575
156.216666666,-5.913007736206055,3.7127411365509033,-1.5945438146591187,1.520121455192566
156.233333333,-5.889692306518555,4.474520206451416,-1.5725094079971313,1.5381696224212646
156.25,-5.866376876831055,3.581869602203369,-1.5505428314208984,1.498169183731079
156.266666666,-5.843061447143555,4.5032758712768555,-1.5285059213638306,1.5317602157592773
156.3,-5.796430587768555,4.539895057678223,-1.48445725440979,1.5179588794708252
156.316666666,-5.773115158081055,3.603633403778076,-1.462581753730774,1.5082097053527832
156.333333333,-5.749799728393555,4.482260227203369,-1.4405388832092285,1.5397783517837524
156.35,-5.726484298706055,3.56538724899292,-1.4185731410980225,1.4948617219924927
156.366666666,-5.703168869018555,4.510030746459961,-1.3965243101119995,1.5348784923553467
156.4,-5.656538009643555,4.526030540466309,-1.3524816036224365,1.5208325386047363
156.416666666,-5.633222579956055,3.642003297805786,-1.3305952548980713,1.5129913091659546
156.433333333,-5.609907150268555,4.507894039154053,-1.3085577487945557,1.5360488891601562
156.45,-5.586591720581055,3.493316411972046,-1.2865941524505615,1.485605239868164
156.466666666,-5.563276290893555,4.494251728057861,-1.2645500898361206,1.5301644802093506
156.5,-5.516645431518555,4.50599479675293,-1.2205275297164917,1.5121108293533325
156.516666666,-5.493330001831055,3.629399299621582,-1.1986439228057861,1.5109516382217407
156.533333333,-5.470014572143555,4.476490497589111,-1.17660391330719,1.5393531322479248
156.55,-5.446699142456055,3.580481767654419,-1.1546393632888794,1.4969761371612549
156.566666666,-5.425718307495117,4.482302188873291,-1.1340053081512451,1.4406671524047852
156.6,-5.388425827026367,3.569117546081543,-1.0983067750930786,1.279281497001648
156.616666666,-5.374433517456055,4.062090873718262,-1.083775520324707,1.013530969619751
156.633333333,-5.362775802612305,4.160828590393066,-1.0726261138916016,0.8866004943847656
156.65,-5.353452682495117,3.9180450439453125,-1.0637191534042358,0.7651209235191345
156.666666666,-5.346464157104492,2.664736270904541,-1.0569356679916382,0.577587366104126
156.7,-5.337125778198242,2.416949987411499,-1.0492972135543823,0.44732680916786194
156.716666666,-5.337125778198242,1.6007033586502075,-1.0484801530838013,-0.07881772518157959
156.733333333,-5.337125778198242,1.5942386388778687,-1.0486681461334229,0.24883128702640533
156.75,-5.337125778198242,1.4483238458633423,-1.0486538410186768,0.1614207923412323
156.766666666,-5.337125778198242,1.5056232213974,-1.0486582517623901,0.08113589882850647
156.8,-5.337125778198242,1.4343631267547607,-1.0486841201782227,0.026050232350826263
156.816666666,-5.337125778198242,1.5342761278152466,-1.0490984916687012,0.3746805787086487
156.833333333,-5.337125778198242,1.7805655002593994,-1.0492031574249268,0.2720161974430084
156.85,-5.337125778198242,1.768269419670105,-1.049124002456665,0.1577499359846115
156.866666666,-5.337125778198242,1.7090097665786743,-1.0490578413009644,0.053586848080158234
156.9,-5.337125778198242,1.8923218250274658,-1.0494109392166138,0.28740954399108887
156.916666666,-5.337125778198242,1.8911848068237305,-1.0493561029434204,0.19639386236667633
156.933333333,-5.337125778198242,1.8839597702026367,-1.0493459701538086,0.11858531087636948
156.95,-5.337125778198242,1.9138128757476807,-1.04933500289917,0.11110794544219971
156.966666666,-5.337125778198242,1.8659759759902954,-1.0495165586471558,0.40447378158569336
157.0,-5.337125778198242,2.0237324237823486,-1.0495473146438599,0.22818690538406372
157.016666666,-5.337125778198242,2.026132583618164,-1.0495615005493164,0.18138904869556427
157.033333333,-5.337125778198242,2.0220041275024414,-1.0495586395263672,0.13399018347263336
157.05,-5.337125778198242,2.019794225692749,-1.0495407581329346,0.10738412290811539
157.066666666,-5.337125778198242,2.0079028606414795,-1.0496914386749268,0.39508646726608276
157.1,-5.337125778198242,2.186396598815918,-1.0498368740081787,0.28441670536994934
157.116666666,-5.337125778198242,2.222102642059326,-1.0498967170715332,0.26740825176239014
157.133333333,-5.337125778198242,2.2601068019866943,-1.0499722957611084,0.26572149991989136
157.15,-5.337125778198242,2.309356451034546,-1.050031065940857,0.26962947845458984
157.166666666,-5.337125778198242,2.348879098892212,-1.0500959157943726,0.2779594659805298
157.2,-5.337125778198242,2.447608232498169,-1.050245761871338,0.3022061884403229
157.216666666,-5.337125778198242,2.518611192703247,-1.0503331422805786,0.31498095393180847
157.233333333,-5.337125778198242,2.593553304672241,-1.0504175424575806,0.32460224628448486
157.25,-5.337125778198242,2.665025472640991,-1.0505061149597168,0.3163101077079773
157.266666666,-5.337125778198242,2.7210659980773926,-1.0505974292755127,0.305488258600235
157.3,-5.337125778198242,2.770188093185425,-1.0507798194885254,0.29564788937568665
157.316666666,-5.337125778198242,2.790889024734497,-1.0508630275726318,0.2870575487613678
157.333333333,-5.337125778198242,2.818070888519287,-1.0509388446807861,0.28846514225006104
157.35,-5.337125778198242,2.839017152786255,-1.0510218143463135,0.28360164165496826
157.366666666,-5.337125778198242,2.870903491973877,-1.0511053800582886,0.269615113735199
157.4,-5.338926315307617,3.123901844024658,-1.0503727197647095,0.23830193281173706
157.416666666,-5.341642379760742,3.242859363555908,-1.0491257905960083,0.25341230630874634
157.433333333,-5.345258712768555,3.4323270320892334,-1.0472257137298584,0.7191978096961975
157.45,-5.349790573120117,3.7471749782562256,-1.0447652339935303,-0.14108812808990479
157.466666666,-5.355222702026367,-0.06121167540550232,-1.0414372682571411,0.3359106183052063
157.5,-5.367887496948242,1.862791895866394,-1.0334351062774658,0.47564175724983215
157.516666666,-5.376035690307617,1.7079998254776,-1.028008222579956,1.2492767572402954
157.533333333,-5.38508415222168,3.7623469829559326,-1.0215821266174316,0.3839307725429535
157.55,-5.395048141479492,-1.567228078842163,-1.0141440629959106,0.3221088945865631
157.566666666,-5.405912399291992,-1.9184942245483398,-1.0056874752044678,0.4750569760799408
157.6,-5.429441452026367,-0.7164492011070251,-0.98687344789505,0.2940637469291687
157.616666666,-5.443021774291992,-0.8753994703292847,-0.9755427837371826,0.330905944108963
157.633333333,-5.457502365112305,0.10408719629049301,-0.9634107947349548,0.4965289831161499
157.65,-5.472898006439209,0.5192877650260925,-0.9503762722015381,0.7668612003326416
157.666666666,-5.489194393157959,0.8021093606948853,-0.9363850355148315,0.8362832069396973
157.7,-5.523587703704834,1.0375494956970215,-0.9062325954437256,0.9027788639068604
157.716666666,-5.542600154876709,1.5542303323745728,-0.8898140788078308,0.9900092482566833
157.733333333,-5.5625128746032715,1.9683873653411865,-0.8722440600395203,1.1274172067642212
157.75,-5.5833258628845215,1.2965964078903198,-0.8537269234657288,1.144641637802124
157.766666666,-5.6050543785095215,0.6761462688446045,-0.8343771696090698,1.0550888776779175
157.8,-5.6485114097595215,0.9709060192108154,-0.7949987649917603,1.024738073348999
157.816666666,-5.6702399253845215,0.8967360854148865,-0.7752880454063416,1.0114601850509644
157.833333333,-5.6919684410095215,0.8606227040290833,-0.7555986046791077,1.0044684410095215
157.85,-5.7136969566345215,0.8220445513725281,-0.7359227538108826,0.9998695254325867
157.866666666,-5.7354254722595215,0.8097519874572754,-0.7162591814994812,1.00198233127594
157.9,-5.7788825035095215,0.8343061804771423,-0.6769407987594604,1.002864122390747
157.916666666,-5.8006110191345215,0.8360791206359863,-0.65728360414505,1.005810022354126
157.933333333,-5.8223395347595215,0.8472806215286255,-0.6376261115074158,1.0067979097366333
157.95,-5.8440680503845215,0.838509202003479,-0.61796635389328,1.0039469003677368
157.966666666,-5.8657965660095215,0.8442775011062622,-0.598309338092804,1.006408452987671
158.0,-5.9092535972595215,0.8394356966018677,-0.5589942336082458,1.0056421756744385
158.016666666,-5.9309821128845215,0.8427243232727051,-0.5393359661102295,1.0058491230010986
158.033333333,-5.9527106285095215,0.8418484330177307,-0.5196776986122131,1.0052108764648438
158.05,-5.9744391441345215,0.841996967792511,-0.5000208020210266,1.0061556100845337
158.066666666,-5.9961676597595215,0.8404569625854492,-0.4803626537322998,1.005537509918213
158.1,-6.0396246910095215,0.8426380753517151,-0.44104641675949097,1.0052865743637085
158.116666666,-6.0613532066345215,0.8416330218315125,-0.4213891625404358,1.0059200525283813
158.133333333,-6.0830817222595215,0.8415882587432861,-0.4017309248447418,1.0054327249526978
158.15,-6.1048102378845215,0.8415829539299011,-0.3820737898349762,1.006020188331604
158.166666666,-6.1265387535095215,0.8414584994316101,-0.36241546273231506,1.0054535865783691
158.2,-6.1699957847595215,0.8414226174354553,-0.32310014963150024,1.005846381187439
158.216666666,-6.1917243003845215,0.842044472694397,-0.3034419119358063,1.0054705142974854
158.233333333,-6.2134528160095215,0.8433521389961243,-0.2837839126586914,1.0055180788040161
158.25,-6.2351813316345215,0.8417096138000488,-0.26412665843963623,1.00586998462677
158.266666666,-6.2569098472595215,0.8412398099899292,-0.24446873366832733,1.0056082010269165
158.3,6.2660040855407715,0.8429936170578003,-0.20515218377113342,1.0053025484085083
158.316666666,6.2442755699157715,0.8445963263511658,-0.18549436330795288,1.0057648420333862
158.333333333,6.2225470542907715,0.8414378762245178,-0.16583701968193054,1.0055142641067505
158.35,6.2008185386657715,0.8419820666313171,-0.1461798995733261,1.0061120986938477
158.366666666,6.1790900230407715,0.8411619663238525,-0.1265217363834381,1.0054993629455566
158.4,6.1356329917907715,0.8438764214515686,-0.0872054249048233,1.0053361654281616
158.416666666,6.1139044761657715,0.8427792191505432,-0.06754817813634872,1.0057228803634644
158.433333333,6.0921759605407715,0.8414969444274902,-0.04789084196090698,1.0058631896972656
158.45,6.0704474449157715,0.8422591686248779,-0.028232596814632416,1.005480170249939
158.466666666,6.0487189292907715,0.8421614766120911,-0.008575128391385078,1.005853533744812
158.5,6.0052618980407715,0.8438370823860168,0.030741119757294655,1.0054564476013184
158.516666666,5.9835333824157715,0.843124508857727,0.050398506224155426,1.0056250095367432
158.533333333,5.9618048667907715,0.8420957326889038,0.07005585730075836,1.0057997703552246
158.55,5.9400763511657715,0.8416579365730286,0.08971340954303741,1.0058599710464478
158.566666666,5.9183478355407715,0.8430340886116028,0.10937211662530899,1.0052493810653687
158.6,5.8748908042907715,0.8416913151741028,0.14868701994419098,1.005721926689148
158.616666666,5.8531622886657715,0.8428552746772766,0.1683454066514969,1.0055006742477417
158.633333333,5.8314337730407715,0.8439901471138,0.18800337612628937,1.005418062210083
158.65,5.8097052574157715,0.8431885838508606,0.20766064524650574,1.005776047706604
158.666666666,5.7879767417907715,0.8426418900489807,0.2273184359073639,1.0055917501449585
158.7,5.7445197105407715,0.843033492565155,0.26663386821746826,1.0056507587432861
158.716666666,5.7227911949157715,0.8422178030014038,0.2862914502620697,1.0058060884475708
158.733333333,5.7010626792907715,0.8435102105140686,0.30594974756240845,1.0053033828735352
158.75,5.6793341636657715,0.8429153561592102,0.3256068229675293,1.0059735774993896
158.766666666,5.6576056480407715,0.8423120379447937,0.34526515007019043,1.0053924322128296
158.8,5.6141486167907715,0.8438569903373718,0.38458123803138733,1.0051366090774536
158.816666666,5.5924201011657715,0.843652606010437,0.40423819422721863,1.0058681964874268
158.833333333,5.5706915855407715,0.8424367308616638,0.423895925283432,1.0056990385055542
158.85,5.5489630699157715,0.8432438969612122,0.4435540437698364,1.00544273853302
158.866666666,5.5272345542907715,0.8439874053001404,0.46321165561676025,1.00571870803833
158.9,5.4837775230407715,0.8441596627235413,0.502527117729187,1.005750298500061
158.916666666,5.4620490074157715,0.843023419380188,0.5221846103668213,1.00563383102417
158.933333333,5.4403204917907715,0.8431642055511475,0.5418426990509033,1.0056120157241821
158.95,5.4185919761657715,0.8436310887336731,0.5615005493164062,1.0055840015411377
158.966666666,5.3968634605407715,0.8429146409034729,0.5811581015586853,1.0058083534240723
159.0,5.3534064292907715,0.8436679244041443,0.6204738020896912,1.0059819221496582
159.016666666,5.3316779136657715,0.8432508111000061,0.6401321291923523,1.0052876472473145
159.033333333,5.3099493980407715,0.844735324382782,0.6597899794578552,1.0055776834487915
159.05,5.2882208824157715,0.8437834978103638,0.6794472336769104,1.0057746171951294
159.066666666,5.2664923667907715,0.8439885377883911,0.6991057395935059,1.005234718322754
159.1,5.2230353355407715,0.8432866930961609,0.7384206056594849,1.0056153535842896
159.116666666,5.2013068199157715,0.8434745073318481,0.7580785751342773,1.0056084394454956
159.133333333,5.1795783042907715,0.8449699878692627,0.7777367234230042,1.0053715705871582
159.15,5.1578497886657715,0.8437732458114624,0.7973940968513489,1.0058311223983765
159.166666666,5.1361212730407715,0.8426859378814697,0.8170520067214966,1.0056724548339844
159.2,5.0926642417907715,0.8438735604286194,0.8563677072525024,1.0058259963989258
159.216666666,5.0709357261657715,0.8451349139213562,0.8760261535644531,1.0051032304763794
159.233333333,5.0492072105407715,0.8446182012557983,0.8956831097602844,1.0059353113174438
159.25,5.0274786949157715,0.8423105478286743,0.9153408408164978,1.0056411027908325
159.266666666,5.0057501792907715,0.8451828360557556,0.934999406337738,1.0052591562271118
159.3,4.9622931480407715,0.8442551493644714,0.9743146896362305,1.005445957183838
159.316666666,4.9405646324157715,0.8446623682975769,0.9939723610877991,1.0056078433990479
159.333333333,4.9188361167907715,0.8449108600616455,1.0136301517486572,1.0055181980133057
159.35,4.8971076011657715,0.8441648483276367,1.033287763595581,1.0055997371673584
159.366666666,4.8753790855407715,0.8443171381950378,1.0529452562332153,1.0055972337722778
159.4,4.8319220542907715,0.8446632027626038,1.0922611951828003,1.0052627325057983
159.416666666,4.8101935386657715,0.8454383611679077,1.1119190454483032,1.0057185888290405
159.433333333,4.7884650230407715,0.8447251319885254,1.1315772533416748,1.005385398864746
159.45,4.7667365074157715,0.8443208336830139,1.1512343883514404,1.0057932138442993
159.466666666,4.7450079917907715,0.8447995185852051,1.170892357826233,1.005360722541809
159.5,4.7015509605407715,0.8447742462158203,1.2102081775665283,1.0056400299072266
159.516666666,4.6798224449157715,0.8440381288528442,1.2298657894134521,1.005663514137268
159.533333333,4.6580939292907715,0.8458288311958313,1.249524474143982,1.0053001642227173
159.55,4.6363654136657715,0.8453466296195984,1.2691818475723267,1.005670189857483
159.566666666,4.6146368980407715,0.8451595902442932,1.2888399362564087,1.0053038597106934
159.6,4.5711798667907715,0.8459001183509827,1.328155755996704,1.005006194114685
159.616666666,4.5494513511657715,0.8454091548919678,1.347812533378601,1.0060102939605713
159.633333333,4.5277228355407715,0.8434851169586182,1.367470145225525,1.0054941177368164
159.65,4.5059943199157715,0.846073567867279,1.387128233909607,1.005321741104126
159.666666666,4.4842658042907715,0.8455343246459961,1.4067853689193726,1.005691409111023
159.7,4.4408087730407715,0.8459112644195557,1.4461013078689575,1.0056798458099365
159.716666666,4.4190802574157715,0.8446387052536011,1.465759038925171,1.005590796470642
159.733333333,4.3973517417907715,0.8456277251243591,1.485417127609253,1.0052826404571533
159.75,4.3756232261657715,0.8460987210273743,1.5050747394561768,1.005680799484253
159.766666666,4.3538947105407715,0.8448852300643921,1.5247329473495483,1.0054672956466675
159.8,4.3104376792907715,0.8455542325973511,1.5640485286712646,1.0056217908859253
159.816666666,4.2887091636657715,0.8453102111816406,1.5837066173553467,1.005440592765808
159.833333333,4.2669806480407715,0.845116138458252,1.603364109992981,1.005669116973877
159.85,4.2452521324157715,0.8459022045135498,1.6230220794677734,1.0052897930145264
159.866666666,4.2235236167907715,0.8457721471786499,1.6426795721054077,1.0057461261749268
159.9,4.1800665855407715,0.8477532863616943,1.6819958686828613,1.0052920579910278
159.916666666,4.1583380699157715,0.8465601801872253,1.7016528844833374,1.0056573152542114
159.933333333,4.1366095542907715,0.8453012704849243,1.7213108539581299,1.005386471748352
159.95,4.1148810386657715,0.8456354737281799,1.7409682273864746,1.005637764930725
159.966666666,4.0931525230407715,0.8457425236701965,1.7606260776519775,1.0054619312286377
160.0,4.0496954917907715,0.8461161255836487,1.7999413013458252,1.0054858922958374
160.016666666,4.0279669761657715,0.8457496762275696,1.8195987939834595,1.005624532699585
160.033333333,4.0062384605407715,0.84617018699646,1.8392572402954102,1.0053094625473022
160.05,3.9845099449157715,0.8461013436317444,1.8589143753051758,1.005618691444397
160.066666666,3.9627814292907715,0.8469653129577637,1.878572940826416,1.0052504539489746
160.1,3.9193243980407715,0.8462306261062622,1.9178874492645264,1.005602240562439
160.116666666,3.8975958824157715,0.8459835052490234,1.9375452995300293,1.0053364038467407
160.133333333,3.8758673667907715,0.8469953536987305,1.957202672958374,1.005523920059204
160.15,3.8541388511657715,0.8458278775215149,1.9768602848052979,1.0055925846099854
160.166666666,3.8324103355407715,0.8448633551597595,1.9965180158615112,1.005631446838379
160.2,3.7889533042907715,0.8464560508728027,2.0358333587646484,1.0057356357574463
160.216666666,3.7672247886657715,0.8467789888381958,2.0554919242858887,1.0050365924835205
160.233333333,3.7454962730407715,0.8471412658691406,2.0751490592956543,1.0057681798934937
160.25,3.7237677574157715,0.8459320664405823,2.094806671142578,1.0054590702056885
160.266666666,3.7020392417907715,0.8470793962478638,2.1144652366638184,1.0052289962768555
160.3,3.6585822105407715,0.8464022278785706,2.153780460357666,1.0052578449249268
160.316666666,3.6368536949157715,0.8467897772789001,2.1734378337860107,1.005615472793579
160.333333333,3.6151251792907715,0.8459960222244263,2.193096160888672,1.0055885314941406
160.35,3.5933966636657715,0.8474217057228088,2.212754487991333,1.005038857460022
160.366666666,3.5716681480407715,0.8482234477996826,2.2324113845825195,1.005684733390808
160.4,3.5282111167907715,0.8466928601264954,2.271726608276367,1.0053577423095703
160.416666666,3.5064826011657715,0.8471574783325195,2.29138445854187,1.005664348602295
160.433333333,3.4847540855407715,0.8473449945449829,2.3110427856445312,1.0050300359725952
160.45,3.4630255699157715,0.8473352789878845,2.3306996822357178,1.0058457851409912
160.466666666,3.4412970542907715,0.8475208282470703,2.350358486175537,1.0050194263458252
160.5,3.3978400230407715,0.8473186492919922,2.3896732330322266,1.004909873008728
160.516666666,3.3761115074157715,0.8482896685600281,2.409330129623413,1.0057018995285034
160.533333333,3.3543829917907715,0.846767246723175,2.428987503051758,1.0053602457046509
160.55,3.3326544761657715,0.847129762172699,2.4486448764801025,1.005455493927002
160.566666666,3.3109259605407715,0.8474389314651489,2.468302011489868,1.005542278289795
160.6,3.2674689292907715,0.8476836681365967,2.507617712020874,1.0053715705871582
160.616666666,3.2457404136657715,0.8473306894302368,2.5272750854492188,1.0056911706924438
160.633333333,3.2240118980407715,0.8481985926628113,2.546933650970459,1.0049527883529663
160.65,3.2022833824157715,0.8485283255577087,2.5665907859802246,1.0057203769683838
160.666666666,3.1805548667907715,0.8468223810195923,2.5862488746643066,1.0052539110183716
160.7,3.1370978355407715,0.8476270437240601,2.625563859939575,1.0053730010986328
160.716666666,3.1153693199157715,0.8477045297622681,2.64522123336792,1.005447506904602
160.733333333,3.0936408042907715,0.8471104502677917,2.6648786067962646,1.0056017637252808
160.75,3.0719122886657715,0.84833163022995,2.6845366954803467,1.0050952434539795
160.766666666,3.0501837730407715,0.8486654758453369,2.7041938304901123,1.0055493116378784
160.8,3.0067267417907715,0.8465223908424377,2.743508815765381,1.0055450201034546
160.816666666,2.9849982261657715,0.848696231842041,2.763167381286621,1.0051753520965576
160.833333333,2.9632697105407715,0.8490015268325806,2.7828245162963867,1.0054516792297363
160.85,2.9415411949157715,0.8480826616287231,2.8024821281433105,1.0053058862686157
160.866666666,2.9198126792907715,0.8468235731124878,2.822139263153076,1.0057613849639893
160.9,2.8763556480407715,0.8484558463096619,2.861454963684082,1.0057368278503418
160.916666666,2.8546271324157715,0.8471758961677551,2.881112575531006,1.0053091049194336
160.933333333,2.8328986167907715,0.848475992679596,2.900770902633667,1.0053938627243042
160.95,2.8111701011657715,0.8489145040512085,2.920428514480591,1.0053504705429077
160.966666666,2.7894415855407715,0.847912609577179,2.9400858879089355,1.0055111646652222
161.0,2.7459845542907715,0.8491423726081848,2.9794020652770996,1.0050463676452637
161.016666666,2.7242560386657715,0.8485134840011597,2.999058485031128,1.0057156085968018
161.033333333,2.7025275230407715,0.848409116268158,3.018717050552368,1.0050700902938843
161.05,2.6807990074157715,0.8495640754699707,3.038374185562134,1.0054824352264404
161.066666666,2.6590704917907715,0.8481619358062744,3.0580313205718994,1.005456805229187
161.1,2.6156134605407715,0.8481829762458801,3.097346544265747,1.0056090354919434
161.116666666,2.5938849449157715,0.8487395644187927,3.117004871368408,1.005201816558838
161.133333333,2.5721564292907715,0.8477969765663147,3.1366615295410156,1.0056484937667847
161.15,2.5504279136657715,0.8483630418777466,3.156320571899414,1.0051978826522827
161.166666666,2.5286993980407715,0.8505738973617554,3.175977945327759,1.0051319599151611
161.2,2.4852423667907715,0.8464330434799194,3.215291976928711,1.005854606628418
161.216666666,2.4635138511657715,0.8484746217727661,3.234950542449951,1.0050777196884155
161.233333333,2.4417853355407715,0.8494982123374939,3.254607915878296,1.0055739879608154
161.25,2.4200568199157715,0.8493740558624268,3.274266004562378,1.0050477981567383
161.266666666,2.3983283042907715,0.8494097590446472,3.2939233779907227,1.0055391788482666
161.3,2.3548712730407715,0.8505537509918213,3.3332390785217285,1.0050526857376099
161.316666666,2.3331427574157715,0.8487041592597961,3.352895498275757,1.0057045221328735
161.333333333,2.3114142417907715,0.8486779928207397,3.372554063796997,1.0051690340042114
161.35,2.2896857261657715,0.8494827747344971,3.3922119140625,1.0054831504821777
161.366666666,2.2679572105407715,0.8482473492622375,3.4118690490722656,1.0054850578308105
161.4,2.2245001792907715,0.850389838218689,3.4511852264404297,1.0054947137832642
161.416666666,2.2027716636657715,0.8483951687812805,3.4708428382873535,1.0052663087844849
161.433333333,2.1810431480407715,0.8502304553985596,3.4905004501342773,1.005225419998169
161.45,2.1593146324157715,0.8494096398353577,3.510157346725464,1.005571961402893
161.466666666,2.1375861167907715,0.8481068015098572,3.5298149585723877,1.005445122718811
161.5,2.0941290855407715,0.850573718547821,3.5691299438476562,1.0053062438964844
161.516666666,2.0724005699157715,0.8487040996551514,3.588787078857422,1.0054829120635986
161.533333333,2.0515799522399902,0.7925122380256653,3.607882261276245,0.9592981338500977
161.55,2.0316672325134277,0.9213961958885193,3.6261250972747803,0.9212029576301575
161.566666666,2.0126547813415527,1.0316776037216187,3.643454074859619,0.878506600856781
161.6,1.9764456748962402,1.546936273574829,3.675930976867676,0.8601434230804443
161.616666666,1.9601531028747559,0.9661045074462891,3.6908209323883057,0.713479220867157
161.633333333,1.9447646141052246,1.5183154344558716,3.704514980316162,0.7619995474815369
161.65,1.9302802085876465,1.7924641370773315,3.717320203781128,0.6990213990211487
161.666666666,1.916703701019287,1.4835008382797241,3.7291946411132812,0.6238465309143066
161.7,1.8913588523864746,0.4991162121295929,3.750816583633423,0.6228319406509399
161.716666666,1.8804945945739746,-0.7726782560348511,3.7602767944335938,0.5017874836921692
161.733333333,1.8705382347106934,-1.7773964405059814,3.7687838077545166,-0.3640480637550354
161.75,1.8614859580993652,-1.5709019899368286,3.7762889862060547,-0.4837552309036255
161.766666666,1.8533377647399902,-1.9775210618972778,3.783367872238159,-0.21483272314071655
161.8,1.8388571739196777,-1.680144190788269,3.794912338256836,0.7706471085548401
161.816666666,1.8334250450134277,0.6403119564056396,3.798750638961792,0.09648818522691727
161.833333333,1.8289008140563965,-0.6374061703681946,3.8022429943084717,-0.5580343008041382
161.85,1.8252806663513184,-1.6030935049057007,3.804363250732422,0.21535219252109528
161.866666666,1.8225646018981934,1.6651796102523804,3.8056225776672363,0.12853409349918365
161.9,1.8189406394958496,1.5018001794815063,3.8068478107452393,0.17708110809326172
161.916666666,1.8189406394958496,1.6481561660766602,3.8067471981048584,0.2921363115310669
161.933333333,1.8189406394958496,1.5825763940811157,3.8067715167999268,0.1866370290517807
161.95,1.8189406394958496,1.4886516332626343,3.8067941665649414,0.10817238688468933
161.966666666,1.8189406394958496,1.3835071325302124,3.806699514389038,0.2853095829486847
162.0,1.8189406394958496,1.2936679124832153,3.806819438934326,0.05903513357043266
162.016666666,1.8189406394958496,1.3483017683029175,3.8065438270568848,0.3438984751701355
162.033333333,1.8189406394958496,1.5387083292007446,3.8064486980438232,0.29540708661079407
162.05,1.8189406394958496,1.4554624557495117,3.8064911365509033,0.15447859466075897
162.066666666,1.8189406394958496,1.4157472848892212,3.8065266609191895,0.11332925409078598
162.1,1.8189406394958496,1.4523968696594238,3.8064184188842773,0.25092312693595886
162.116666666,1.8189406394958496,1.3365882635116577,3.8064558506011963,0.11429449170827866
162.133333333,1.8189406394958496,1.3236900568008423,3.8064053058624268,0.22716978192329407
162.15,1.8189406394958496,1.3072208166122437,3.8064754009246826,0.09717170149087906
162.166666666,1.8189406394958496,1.2221094369888306,3.8063852787017822,0.2550191879272461
162.2,1.8189406394958496,1.2107688188552856,3.8064260482788086,0.18452134728431702
162.216666666,1.8189406394958496,1.2107760906219482,3.8065121173858643,0.046932607889175415
162.233333333,1.8189406394958496,1.2440248727798462,3.8062686920166016,0.32860267162323
162.25,1.8189406394958496,1.4269241094589233,3.806190252304077,0.2680340111255646
162.266666666,1.8189406394958496,1.4251458644866943,3.80629301071167,0.11623392254114151
162.3,1.8189406394958496,1.3743518590927124,3.80629563331604,0.10200851410627365
162.316666666,1.8189406394958496,1.258439540863037,3.8062515258789062,0.20290230214595795
162.333333333,1.8189406394958496,1.2770953178405762,3.806318521499634,0.07946715503931046
162.35,1.8189406394958496,1.2761660814285278,3.8061769008636475,0.31326690316200256
162.366666666,1.8189406394958496,1.3079209327697754,3.8062314987182617,0.19543305039405823
162.4,1.8189406394958496,1.270775318145752,3.8060388565063477,0.3309195339679718
162.416666666,1.8189406394958496,1.438351035118103,3.8059349060058594,0.27016353607177734
162.433333333,1.8189406394958496,1.4286056756973267,3.8060426712036133,0.11963977664709091
162.45,1.8189406394958496,1.3926061391830444,3.8060014247894287,0.20203962922096252
162.466666666,1.8189406394958496,1.3875000476837158,3.806072473526001,0.08054167777299881
162.5,1.8189406394958496,1.306746006011963,3.8060097694396973,0.1802164763212204
162.516666666,1.8189406394958496,1.185532808303833,3.8060765266418457,0.03491010516881943
162.533333333,1.8189406394958496,1.2443424463272095,3.8058040142059326,0.33046790957450867
162.55,1.8189406394958496,1.431959867477417,3.8057141304016113,0.270639568567276
162.566666666,1.8189406394958496,1.4205453395843506,3.8058085441589355,0.12196693569421768
162.6,1.8189406394958496,1.3680546283721924,3.805850028991699,0.07362917065620422
162.616666666,1.8189406394958496,1.238703727722168,3.8057098388671875,0.3088909685611725
162.633333333,1.8189406394958496,1.2764838933944702,3.8057737350463867,0.1919247955083847
162.65,1.8189406394958496,1.2643160820007324,3.80586314201355,0.04648493230342865
162.666666666,1.8189406394958496,1.2853319644927979,3.805604934692383,0.3407862186431885
162.7,1.8189406394958496,1.4568469524383545,3.805598735809326,0.13808350265026093
162.716666666,1.8189406394958496,1.3235286474227905,3.8056349754333496,0.0914309173822403
162.733333333,1.8189406394958496,1.3381943702697754,3.80549693107605,0.31670233607292175
162.75,1.8189406394958496,1.3534449338912964,3.80554461479187,0.20458054542541504
162.766666666,1.8189406394958496,1.2785476446151733,3.805612802505493,0.07340717315673828
162.8,1.8189406394958496,1.3055294752120972,3.8055241107940674,0.205947607755661
162.816666666,1.8189406394958496,1.2091481685638428,3.8056092262268066,0.04714850336313248
162.833333333,1.8189406394958496,1.2186609506607056,3.805394411087036,0.3376609683036804
162.85,1.8189406394958496,1.3824584484100342,3.8052964210510254,0.267183780670166
162.866666666,1.8189406394958496,1.3806499242782593,3.8053975105285645,0.11406810581684113
162.9,1.8189406394958496,1.3355629444122314,3.805436134338379,0.07314347475767136
162.916666666,1.8189406394958496,1.2214033603668213,3.8053245544433594,0.28285863995552063
162.933333333,1.8189406394958496,1.2549704313278198,3.8053905963897705,0.1655767858028412
162.95,1.8189406394958496,1.1342703104019165,3.8054497241973877,0.035988420248031616
162.966666666,1.8189406394958496,1.1585546731948853,3.8052287101745605,0.329582542181015
163.0,1.8189406394958496,1.2977566719055176,3.8052358627319336,0.0839422345161438
163.016666666,1.8189406394958496,1.2642956972122192,3.805137872695923,0.276509553194046
163.033333333,1.8189406394958496,1.293521761894226,3.805190086364746,0.16213810443878174
163.05,1.8189406394958496,1.1389203071594238,3.805244207382202,0.025227177888154984
163.066666666,1.8189406394958496,1.1919286251068115,3.8049635887145996,0.3342379033565521
163.1,1.8189406394958496,1.3700878620147705,3.804985761642456,0.11561011523008347
163.116666666,1.8189406394958496,1.3323825597763062,3.8049540519714355,0.18578971922397614
163.133333333,1.8189406394958496,1.3265249729156494,3.8050248622894287,0.07025410234928131
163.15,1.8189406394958496,1.2224050760269165,3.804905414581299,0.296810120344162
163.166666666,1.8189406394958496,1.2322384119033813,3.8049612045288086,0.17652149498462677
163.2,1.8189406394958496,1.2349897623062134,3.804835557937622,0.34818020462989807
163.216666666,1.8189406394958496,1.4105660915374756,3.804717540740967,0.2799963653087616
163.233333333,1.8189406394958496,1.3951252698898315,3.804821491241455,0.1297965943813324
163.25,1.8189406394958496,1.261136770248413,3.804858446121216,0.08614851534366608
163.266666666,1.8189406394958496,1.2709300518035889,3.804750919342041,0.2623741328716278
163.3,1.8189406394958496,1.1593846082687378,3.8048760890960693,0.0309063121676445
163.316666666,1.8189406394958496,1.1796550750732422,3.8046460151672363,0.3382588028907776
163.333333333,1.8189406394958496,1.3740087747573853,3.80454683303833,0.2686292231082916
163.35,1.8189406394958496,1.353356957435608,3.804649591445923,0.11687493324279785
163.366666666,1.8189406394958496,1.3096336126327515,3.804654359817505,0.134555846452713
163.4,1.8189406394958496,1.3173542022705078,3.8046038150787354,0.21560432016849518
163.416666666,1.8189406394958496,1.3115954399108887,3.8046679496765137,0.09364768862724304
163.433333333,1.8189406394958496,1.2072296142578125,3.8046469688415527,0.15091386437416077
163.45,1.8189406394958496,1.1967231035232544,3.8047213554382324,0.03378796949982643
163.466666666,1.8189406394958496,1.2275421619415283,3.804499626159668,0.3485095798969269
163.5,1.8189406394958496,1.381331205368042,3.804499864578247,0.12919625639915466
163.516666666,1.8189406394958496,1.2596542835235596,3.804551839828491,0.0835215300321579
163.533333333,1.8189406394958496,1.2585813999176025,3.8044440746307373,0.25300708413124084
163.55,1.8189406394958496,1.2740223407745361,3.804509401321411,0.1335027515888214
163.566666666,1.8189406394958496,1.1680834293365479,3.8045690059661865,0.0365290492773056
163.6,1.8189406394958496,1.3668407201766968,3.8042547702789307,0.2715483009815216
163.616666666,1.8189406394958496,1.3498765230178833,3.8043556213378906,0.12209127098321915
163.633333333,1.8189406394958496,1.2195839881896973,3.8043856620788574,0.09863195568323135
163.65,1.8189406394958496,1.2191544771194458,3.8043479919433594,0.14956514537334442
163.666666666,1.8189406394958496,1.208037257194519,3.804419994354248,0.0347190722823143
163.7,1.8189406394958496,1.414906620979309,3.8041014671325684,0.2850089967250824
163.716666666,1.8189406394958496,1.3889265060424805,3.804192304611206,0.1399623602628708
163.733333333,1.8189406394958496,1.234663724899292,3.804262161254883,0.038999974727630615
163.75,1.8189406394958496,1.2363563776016235,3.8040452003479004,0.3579157888889313
163.766666666,1.8189406394958496,1.4301767349243164,3.803964853286743,0.28884097933769226
163.8,1.8189406394958496,1.2562816143035889,3.8041250705718994,0.04830937832593918
163.816666666,1.8189406394958496,1.2650563716888428,3.8039448261260986,0.35691213607788086
163.833333333,1.8189406394958496,1.3137317895889282,3.8039777278900146,0.2485923171043396
163.85,1.8189406394958496,1.2018417119979858,3.8040502071380615,0.08205944299697876
163.866666666,1.8189406394958496,1.1807031631469727,3.8039920330047607,0.1992165744304657
163.9,1.8189406394958496,1.1816409826278687,3.804001569747925,0.18624255061149597
163.916666666,1.8189406394958496,1.1856892108917236,3.8040707111358643,0.0643090158700943
163.933333333,1.8189406394958496,1.1929783821105957,3.803971529006958,0.23462072014808655
163.95,1.8189406394958496,1.1873246431350708,3.8040382862091064,0.11140363663434982
163.966666666,1.8189406394958496,1.18330717086792,3.8040504455566406,0.09960679709911346
164.0,1.8189406394958496,1.1705942153930664,3.8040847778320312,0.03202880546450615
164.016666666,1.8189406394958496,1.199742078781128,3.803891658782959,0.3523126244544983
164.033333333,1.8189406394958496,1.3553576469421387,3.8037943840026855,0.2692197263240814
164.05,1.8189406394958496,1.3392622470855713,3.803879976272583,0.13375736773014069
164.066666666,1.8189406394958496,1.293751835823059,3.8039448261260986,0.054929159581661224
164.1,1.8189406394958496,1.357825517654419,3.803807020187378,0.256503164768219
164.116666666,1.8189406394958496,1.2628538608551025,3.803853988647461,0.11809256672859192
164.133333333,1.8189406394958496,1.223718285560608,3.8038861751556396,0.08204501867294312
164.15,1.8189406394958496,1.2139694690704346,3.803806781768799,0.2218894064426422
164.166666666,1.8189406394958496,1.2244740724563599,3.803868532180786,0.10200284421443939
164.2,1.8189406394958496,1.1029590368270874,3.8038554191589355,0.136965811252594
164.216666666,1.8189406394958496,1.1112377643585205,3.8039228916168213,0.020051047205924988
164.233333333,1.8189406394958496,1.1385040283203125,3.8037033081054688,0.3423837125301361
164.25,1.8189406394958496,1.2928558588027954,3.8035969734191895,0.2527453303337097
164.266666666,1.8189406394958496,1.2686233520507812,3.803703784942627,0.09838926792144775
164.3,1.8189406394958496,1.2215633392333984,3.803759813308716,0.03751039505004883
164.316666666,1.8189406394958496,1.2296955585479736,3.803562879562378,0.3575678765773773
164.333333333,1.8189406394958496,1.2909071445465088,3.8036048412323,0.24514071643352509
164.35,1.8189406394958496,1.2638983726501465,3.803710460662842,0.08721332252025604
164.366666666,1.8189406394958496,1.2249788045883179,3.8036768436431885,0.17698964476585388
164.4,1.8189406394958496,1.2259894609451294,3.803649425506592,0.2324179857969284
164.416666666,1.8189406394958496,1.2459595203399658,3.8037009239196777,0.1165083721280098
164.433333333,1.8189406394958496,1.128889799118042,3.8037467002868652,0.05363519862294197
164.45,1.8189406394958496,1.111217737197876,3.803635597229004,0.2290082573890686
164.466666666,1.8189406394958496,1.126495122909546,3.8037006855010986,0.1048310399055481
164.5,1.8189406394958496,1.1078999042510986,3.803762197494507,0.016601689159870148
