t,x,y,qx,qy,qz,qw,yaw,v,omega
118.9,-0.0019491317073754512,1.583530572725907e-05,0.0,0.0,-0.008124017181360646,0.9999669996279063,-0.01624821309547385,-0.000156394097900341,-0.0013036779346395485
118.916666666,-0.0019500702183022798,1.5850559867505572e-05,0.0,0.0,-0.008127929268694628,0.9999669678373396,-0.016256037528475372,-5.6318095392147054e-05,-0.0004694659988703509
118.933333333,-0.0019613356633859345,1.603423665727427e-05,0.0,0.0,-0.008174887097235779,0.9999665850521944,-0.016349956305856107,-0.0006760165279530608,-0.005635126530142863
118.95,-0.0019588268901155536,1.599324091115616e-05,0.0,0.0,-0.008164429890496212,0.9999666704868534,-0.01632904119439324,0.0001505464891572176,0.0012549066626728253
118.966666666,-0.0019585680219821196,1.598901374641048e-05,0.0,0.0,-0.008163350870874515,0.9999666792961448,-0.016326883083230558,1.5534159302998812e-05,0.00012948667494050897
119.0,-0.0019678041167438274,1.614017946989742e-05,0.0,0.0,-0.00820184946497078,0.9999663642669957,-0.01640388284922856,-0.00027711994641136983,-0.0023099929337398865
119.016666666,-0.001976430844358733,1.6282014293416647e-05,0.0,0.0,-0.008237808154121291,0.9999660686827408,-0.016475802657226476,-0.0005176736314425094,-0.004315188652480797
119.033333333,-0.001973497002266437,1.6233708404278253e-05,0.0,0.0,-0.008225579312599771,0.9999661693502296,-0.01645134414550531,0.0001760543811821877,0.0014675106739201356
119.05,-0.0019787392748816177,1.6320073202876205e-05,0.0,0.0,-0.008247430810979277,0.9999659893641474,-0.016495048624746614,-0.00031457903271320026,-0.0026222687020333365
119.066666666,-0.0019760867016637654,1.6276344247577203e-05,0.0,0.0,-0.008236374116444487,0.9999660804954406,-0.016472934484568935,0.00015917602475967318,0.0013268484637341423
119.1,-0.0019782460558752032,1.6311937807555598e-05,0.0,0.0,-0.00824537484419049,0.9999660063190542,-0.01649093655134967,-6.47894250079885e-05,-0.000540061992621042
119.116666666,-0.0019827032273373756,1.6385530237418307e-05,0.0,0.0,-0.008263953649321185,0.9999658529520304,-0.016528095427626444,-0.00026746674851876867,-0.0022295326657870503
119.133333333,-0.001980097524811916,1.634248732532159e-05,0.0,0.0,-0.00825309235027595,0.9999659426533775,-0.016506372088722604,0.0001563634773805009,0.0013034003081629124
119.15,-0.0019839570860811294,1.6406262576564494e-05,0.0,0.0,-0.008269179991835561,0.9999658097466446,-0.016538548469821522,-0.00023160528396140044,-0.0019305828273224364
119.166666666,-0.0019811095533987127,1.6359198033463845e-05,0.0,0.0,-0.008257310754466932,0.999965907828414,-0.016514809184596562,0.0001708753029288551,0.0014243571704726516
119.2,-0.001982555130225732,1.638308234294512e-05,0.0,0.0,-0.00826333651939058,0.9999658580519474,-0.016526861125620615,-4.3373222908828284e-05,-0.0003615582234904084
119.216666666,-0.001986299583241275,1.6445030495364327e-05,0.0,0.0,-0.008278944824517409,0.9999657289490438,-0.016558078803721128,-0.00022469793388523696,-0.0018730607609541256
119.233333333,-0.0019836672719132295,1.6401469384875075e-05,0.0,0.0,-0.008267972423550063,0.9999658197318564,-0.01653613325068563,0.0001579603013262754,0.0013167331557943996
119.25,-0.0019867747252404274,1.6452899593766044e-05,0.0,0.0,-0.008280925163839516,0.9999657125514009,-0.01656203961813909,-0.00018647273017439734,-0.0015543820161202963
119.266666666,-0.001980843188376734,1.63547989604842e-05,0.0,0.0,-0.00825620082202935,0.9999659169931675,-0.016512589244048977,0.0003559408967988952,0.0029670225640865567
119.3,-0.0019852471233717333,1.6427606806645876e-05,0.0,0.0,-0.00827455748023086,0.9999657652632445,-0.016549303814579273,-0.00013213610135762226,-0.001101437093880462
119.316666666,-0.00198794654059832,1.6472314744965667e-05,0.0,0.0,-0.008285809656239247,0.9999656720899676,-0.01657180893810123,-0.00016198725223227453,-0.0013503074653289193
119.333333333,-0.0019821886377435027,1.637702537846013e-05,0.0,0.0,-0.008261809145230723,0.9999658706724184,-0.01652380627302156,0.0003455214703612897,0.0028801598471776308
119.35,-0.0019910060217436343,1.65230595552237e-05,0.0,0.0,-0.008298562709840376,0.9999655663356368,-0.01659731592225333,-0.0005291155833211079,-0.004410578865696123
119.366666666,-0.0019880743552470434,1.647443312817815e-05,0.0,0.0,-0.008286342592242138,0.9999656676738677,-0.016572874846699778,0.00017592419160487145,0.001466464591871514
119.4,-0.001985102223278079,1.6425208679799423e-05,0.0,0.0,-0.008273953667097786,0.9999657702595198,-0.016548096146971957,8.917618527630729e-05,0.0007433609769672555
119.416666666,-0.001993938774441421,1.6571775708907567e-05,0.0,0.0,-0.008310787174513602,0.9999654648119304,-0.016621765694735856,-0.0005302660168045914,-0.004420173042642924
119.433333333,-0.0019911903184476653,1.6526118806488472e-05,0.0,0.0,-0.008299330898011043,0.9999655599602645,-0.01659885235150445,0.00016493010810763838,0.0013748005663883486
119.45,-0.0019932101136437372,1.6559665178140327e-05,0.0,0.0,-0.008307749931194453,0.9999654900500721,-0.01661569099838344,-0.00012120442313554073,-0.0010103187925320127
119.466666666,-0.0019881127145139174,1.6475068914733218e-05,0.0,0.0,-0.008286502411053175,0.999965666349496,-0.016573194495296345,0.00030588607582675715,0.0025497902872186123
119.5,-0.0019990041935229403,1.6656086660186854e-05,0.0,0.0,-0.00833190154946714,0.9999652891058619,-0.01666399590677973,-0.000326789488682923,-0.0027240422900203683
119.516666666,-0.002004568163005716,1.674894229079239e-05,0.0,0.0,-0.008355094044928848,0.9999650955925914,-0.016710382512309833,-0.0003338846683848393,-0.0027831964431329985
119.533333333,-0.002001761116365879,1.6702063955289107e-05,0.0,0.0,-0.008343393565046148,0.9999651932861557,-0.016686980736862696,0.00016844627975904722,0.001404106498746391
119.55,-0.0020129444688954615,1.6889219151342764e-05,0.0,0.0,-0.008390009335708916,0.9999648032522679,-0.016780215541550885,-0.0006710950939408497,-0.005594088169410759
119.566666666,-0.002010324936620267,1.6845287320857626e-05,0.0,0.0,-0.008379090288945311,0.9999648948067775,-0.016758376680366727,0.0001571940444935432,0.001310331723462024
119.6,-0.002013904313597716,1.6905330904994708e-05,0.0,0.0,-0.00839401007172455,0.9999647696768701,-0.016788217295352185,-0.00010739641446279274,-0.0008952184316595396
119.616666666,-0.002019049605416763,1.699182968662176e-05,0.0,0.0,-0.008415457503975134,0.9999645894105444,-0.016831113674971403,-0.0003087611429878286,-0.0025737828801038944
119.633333333,-0.0020164034219814363,1.6947316462862218e-05,0.0,0.0,-0.008404427537418444,0.9999646821752097,-0.016809052961698615,0.00015879346495731376,0.0013236427698947765
119.65,-0.0020214720104690218,1.7032629782013885e-05,0.0,0.0,-0.00842555526115638,0.9999645043793011,-0.01685130990535281,-0.0003041583793477916,-0.0025354165685413854
119.666666666,-0.002018892942186427,1.6989192723269424e-05,0.0,0.0,-0.008414805037236905,0.9999645949013322,-0.016829808695288436,0.00015476604879598277,0.0012900726554659345
119.7,-0.0020216776075250675,1.7036094866041296e-05,0.0,0.0,-0.008426412276095065,0.9999644971578507,-0.01685302399607908,-8.355180724593463e-05,-0.0006964590097900883
119.716666666,-0.002026246649503261,1.7113191375671292e-05,0.0,0.0,-0.008445457120460595,0.9999643364910703,-0.016891115040209296,-0.0002741815539148536,-0.0022854627392325834
119.733333333,-0.002023618572781526,1.7068824805582472e-05,0.0,0.0,-0.008434502668150217,0.9999644289497207,-0.016869205355225386,0.00015770706812768043,0.0013145810727422638
119.75,-0.0020277358979812698,1.713835808421761e-05,0.0,0.0,-0.008451664916365599,0.9999642840422559,-0.01690353107514424,-0.00024707473281665335,-0.00205954315394107
119.766666666,-0.002025309209309964,1.7097359124418086e-05,0.0,0.0,-0.00844154950230287,0.9999643694862334,-0.016883299525294108,0.00014562210497099184,0.0012138930395633042
119.8,-0.0020263467729465046,1.7114882775668824e-05,0.0,0.0,-0.008445874576000776,0.9999643329652546,-0.01689194998106805,-3.1131347571798935e-05,-0.0002595136680280444
119.816666666,-0.0020297482146774642,1.7172393467012004e-05,0.0,0.0,-0.008460052902493338,0.9999642131120928,-0.01692030764718594,-0.00020411568121156423,-0.0017014600351312333
119.833333333,-0.0020271340334838085,1.712818499093583e-05,0.0,0.0,-0.008449155987273508,0.9999643052444935,-0.016898513037789248,0.00015687329519418184,0.001307676537648252
119.85,-0.0020309636921049925,1.719296784220888e-05,0.0,0.0,-0.008465119476439098,0.9999641702342388,-0.016930441157941505,-0.00022981238650024284,-0.001915687170822113
119.866666666,-0.002028246196891943,1.7146985845880348e-05,0.0,0.0,-0.008453791764888535,0.9999642660639408,-0.01690778492415864,0.00016307305910042517,0.0013593740813462782
119.9,-0.0020256235329217825,1.7102666863296744e-05,0.0,0.0,-0.008442859158721233,0.9999643584294522,-0.0168859189314761,7.869115056752813e-05,0.0006559797673565356
119.916666666,-0.0020330591547833236,1.7228466643117683e-05,0.0,0.0,-0.008473853586441905,0.9999640962581584,-0.016947910004497826,-0.00044620117538682786,-0.0037194645300837885
119.933333333,-0.0020303906473401003,1.7183266380968785e-05,0.0,0.0,-0.008462730202403729,0.999964190457599,-0.016925662438698696,0.00016013341035510511,0.001334853921250747
119.95,-0.002049192662797685,1.750047069795848e-05,0.0,0.0,-0.0084062308663059,0.9999646670171013,-0.01681265974688467,-0.0011282814378173608,0.006780161373234686
119.966666666,-0.002071249089390994,1.786740980724355e-05,0.0,0.0,-0.008228423394329528,0.9999661459511735,-0.01645703250147215,-0.001323568772033357,0.021337635578267088
120.0,-0.002124561866799761,1.8713554568924144e-05,0.0,0.0,-0.0076414083922478546,0.9999708040126886,-0.015282965518540992,-0.0015995847192466336,0.03522200878348896
120.016666666,-0.002162291295847311,1.927070208083195e-05,0.0,0.0,-0.007124305110684999,0.9999746218163188,-0.014248730757209392,-0.002264012640563502,0.062054088162036815
120.033333333,-0.0022006455019964385,1.9792326026365772e-05,0.0,0.0,-0.006474926732626761,0.9999790374421892,-0.012949943953362904,-0.002301465138399113,0.07792720667226616
120.05,-0.002243343822860428,2.031257855698949e-05,0.0,0.0,-0.005708773261168776,0.9999837048211598,-0.011417608539729285,-0.002562089362163366,0.09194012297923923
120.066666666,-0.0022833964672337053,2.073336837588143e-05,0.0,0.0,-0.004796709368410479,0.9999884957234433,-0.009593455525437672,-0.002403291378374802,0.109449185235424
120.1,-0.0023586853168715964,2.129649876437434e-05,0.0,0.0,-0.0026827283313413802,0.9999964014778754,-0.00536546309859686,-0.0022587286229197143,0.12683977026846302
120.116666666,-0.0024041416401724266,2.1481564466388727e-05,0.0,0.0,-0.0013885317160317195,0.9999990359893721,-0.002777064324436671,-0.0027274021107144253,0.15530393266171183
120.133333333,-0.0024558830809936253,2.1552666672871703e-05,0.0,0.0,1.4350063718418716e-05,0.9999999998970378,2.8700127437822444e-05,-0.0031044893184048075,0.16834586374559748
120.15,-0.0025067233514235636,2.1472837166930258e-05,0.0,0.0,0.0015558502469108079,0.9999987896642721,0.003111701749222984,-0.0030504199252378334,0.18498009360739975
120.166666666,-0.002549610793977175,2.1266065132461937e-05,0.0,0.0,0.003265378165602235,0.9999946686385061,0.006530767937170163,-0.0025732765631030587,0.20514397948268973
120.2,-0.0026276049159698472,2.046643936681915e-05,0.0,0.0,0.006986584990234325,0.999975593517249,0.013973283660222496,-0.0023399465808175792,0.22327546722602531
120.216666666,-0.0026778795484309883,1.9659128743817486e-05,0.0,0.0,0.009069865225055089,0.9999588679264759,0.0181399791624444,-0.003016866957373009,0.25000174013350546
120.233333333,-0.002723252245165836,1.873436885416054e-05,0.0,0.0,0.011308365746317587,0.9999360583878089,0.022617213555056113,-0.0027229271284526894,0.26863405818386465
120.25,-0.002768047167535771,1.7614569781925805e-05,0.0,0.0,0.013684109084669029,0.999906368195822,0.02736907237987876,-0.0026885349510842238,0.28511152378720506
120.266666666,-0.0028132173398567922,1.626456169406684e-05,0.0,0.0,0.01619302023573473,0.9998688844521791,0.03238745598352072,-0.0027114206146947695,0.3011030282625277
120.3,-0.0028967722996953455,1.3112732952335726e-05,0.0,0.0,0.021508360526436555,0.999768668456591,0.043020038401329265,-0.002508431492496809,0.31897746615479267
120.316666666,-0.0029471812288510983,1.079673644078172e-05,0.0,0.0,0.024399444723865446,0.9997022892327331,0.04880373267609471,-0.003027726383915796,0.34702167036666676
120.333333333,-0.0029926582329654226,8.436594301052908e-06,0.0,0.0,0.027445654346131824,0.9996232970762099,0.05489820230317053,-0.0027322922845606267,0.36566817031128396
120.35,-0.0030297485169037755,6.283672733851945e-06,0.0,0.0,0.030526529271027062,0.9995339569072504,0.06106254476254762,-0.0022291628570572796,0.3698605401655134
120.366666666,-0.003066813129106451,3.902905741956911e-06,0.0,0.0,0.033607163019856716,0.9994351197520311,0.06722698491511253,-0.002228459804980778,0.36986642394841673
120.4,-0.0031402831056005663,-1.4990514704481475e-06,0.0,0.0,0.03976999920463654,0.9992088606308809,0.07956098079080551,-0.0022100489889636467,0.37001986887033356
120.416666666,-0.003177096656285685,-4.548417622431453e-06,0.0,0.0,0.04285042553240004,0.9990814986935211,0.08572709948996146,-0.002216377793991811,0.3699671367482225
120.433333333,-0.0032138726632668863,-7.82311741763466e-06,0.0,0.0,0.0459305199667878,0.9989446367720187,0.09189336916949861,-0.002215290919344531,0.3699761733728051
120.45,-0.00325063732435253,-1.1325432178021398e-05,0.0,0.0,0.049010137881471114,0.9987982811282963,0.0980595589182457,-0.002215866253164825,0.36997137752518267
120.466666666,-0.003287395590778297,-1.5055988003916118e-05,0.0,0.0,0.052089223413366324,0.9986424349106102,0.1042256154490094,-0.0022168252758803632,0.3699634066445377
120.5,-0.003360823027932524,-2.3194858675006094e-05,0.0,0.0,0.058245950811032406,0.9983022634523668,0.1165578706097191,-0.0022163137350274696,0.36996764742187926
120.516666666,-0.003397489074995837,-2.76026712925484e-05,0.0,0.0,0.06132353413124853,0.9981179410078017,0.12272406923966507,-0.002215802460133215,0.3699719325955018
120.533333333,-0.0034341240746276237,-3.223608824047159e-05,0.0,0.0,0.06440054783513176,0.9979241301013494,0.1288902945132078,-0.002215610549245742,0.3699735090131901
120.55,-0.0034707419534580836,-3.709692577284824e-05,0.0,0.0,0.06747689842420923,0.9977208367970717,0.1350564176529632,-0.0022163456980185416,0.36996738098607557
120.566666666,-0.0035073228319951865,-4.218258052789538e-05,0.0,0.0,0.07055263420495039,0.9975080580159453,0.14122259407991195,-0.002215962275093411,0.3699706004156144
120.6,-0.0035803847490216575,-5.302974742210411e-05,0.0,0.0,0.07670207570702041,0.9970540564995634,0.15355496913680672,-0.002215882234661773,0.3699712443075172
120.616666666,-0.0036168747686674795,-5.8792681120941904e-05,0.0,0.0,0.07977567206590595,0.9968128420854303,0.15972106563296543,-0.00221653760895012,0.36996580456801964
120.633333333,-0.0036533264573044505,-6.478015976155674e-05,0.0,0.0,0.08284851899341768,0.9965621520510386,0.16588717989152194,-0.0022164096239987866,0.3699668481141525
120.65,-0.003689751561751712,-7.099416802796985e-05,0.0,0.0,0.08592053197252215,0.996301993466619,0.17205320089749004,-0.0022170808467894478,0.36996125295864557
120.666666666,-0.0037261014621611938,-7.742625557227366e-05,0.0,0.0,0.08899188087442544,0.9960323514517146,0.17821952830482002,-0.0022148755333659675,0.3699796592391644
120.7,-0.0037987278734167565,-9.097137524395493e-05,0.0,0.0,0.09513180609765122,0.9954646851941051,0.19055177014373137,-0.0022163616795126523,0.36996724776793705
120.716666666,-0.0038349839435478958,-9.808089081686142e-05,0.0,0.0,0.0982003970903917,0.9951666604198964,0.1967178311150945,-0.0022167933128883215,0.36996367308051514
120.733333333,-0.0038711834779142427,-0.00010541139700759346,0.0,0.0,0.10126810548590578,0.994859171346023,0.20288399422024492,-0.002216058031105559,0.3699697789094136
120.75,-0.003907329040450013,-0.00011296328720992904,0.0,0.0,0.10433488551597508,0.9945422221627237,0.2090502261546868,-0.0022155626047605623,0.36997390866713237
120.766666666,-0.003943442712781348,-0.00012074122074400527,0.0,0.0,0.10740060866073292,0.9942158262969385,0.21521632709144492,-0.0022165056459580784,0.36996607100399703
120.8,-0.004015504380484982,-0.00013696024928935776,0.0,0.0,0.11352904264324326,0.9935346780442587,0.22754868882654133,-0.0022159301791469556,0.369970844653575
120.816666666,-0.004051471114240429,-0.0001454055915748321,0.0,0.0,0.11659160255649545,0.9931799425146021,0.2337147631197028,-0.002216697423910316,0.3699644723881321
120.833333333,-0.004087385607853818,-0.0001540726703507187,0.0,0.0,0.11965305204933127,0.992815766965493,0.23988083297226484,-0.0022167292539000036,0.36996418375453755
120.85,-0.004123233308549679,-0.00016295789623776985,0.0,0.0,0.12271341821453798,0.9924421479311043,0.24604701161951337,-0.0022159461606420273,0.3699707114355943
120.866666666,-0.004159026185571325,-0.00017206415921980372,0.0,0.0,0.12577261518232624,0.9920590956541846,0.2522131847160126,-0.0022159862473374405,0.3699704005886313
120.9,-0.004230440298682613,-0.00019093797858978838,0.0,0.0,0.1318874028414151,0.9912647037858991,0.26454554978155853,-0.0022159821190049635,0.36997094456690294
120.916666666,-0.004266072223852234,-0.00020070849276682053,0.0,0.0,0.13494286775170866,0.9908533809010014,0.2707116052021724,-0.0022168332666283722,0.3699633400355433
120.933333333,-0.004301633192979424,-0.00021069571201192533,0.0,0.0,0.1379970930420408,0.9904326339090137,0.276877747492013,-0.0022162078576236414,0.36996852999115953
120.95,-0.004337133183843053,-0.0002209023818009823,0.0,0.0,0.1410500011305675,0.9900024733206816,0.2830438786803548,-0.002216287765097058,0.36996786390094033
120.966666666,-0.004372561099777465,-0.00023132526484676618,0.0,0.0,0.14410160488840648,0.9895628971766199,0.28921008341612514,-0.002215758511021051,0.36997229894528627
121.0,-0.004443238169417723,-0.0002528306869871432,0.0,0.0,0.15020060059490942,0.9886555414202302,0.30154234412758407,-0.002216293758158641,0.3699678139443552
121.016666666,-0.0044784691969139406,-0.0002639077303139638,0.0,0.0,0.15324799963779315,0.9881877608061208,0.30770853165603146,-0.002215882367613313,0.3699712665055581
121.033333333,-0.0045136443128614735,-0.0002752059957579738,0.0,0.0,0.15629388551790402,0.9877105959488924,0.31387460483904306,-0.002216705281657409,0.3699643835815086
121.05,-0.004548729099480588,-0.00028671438205607664,0.0,0.0,0.15933837238925816,0.9872240288224057,0.32004085342573285,-0.0022154427435476087,0.369974907801988
121.066666666,-0.0045837623366181005,-0.00029844561047767497,0.0,0.0,0.16238125756057514,0.9867280918231963,0.3262069254985946,-0.0022167134054063334,0.3699643391701435
121.1,-0.004653596975306405,-0.00032255102583285785,0.0,0.0,0.1684624200742112,0.9857080769795589,0.3385391739984051,-0.0022163377072710057,0.3699674475950659
121.116666666,-0.004688394674002629,-0.00033492380647977645,0.0,0.0,0.17150064284135644,0.985184007942172,0.34470535708625305,-0.0022159143306053515,0.3699710000695806
121.133333333,-0.004723119926468372,-0.00034751255287881447,0.0,0.0,0.17453721574243805,0.9846505777791823,0.3508715002087059,-0.0022162018645629934,0.36996857994790233
121.15,-0.00475775864986146,-0.0003603121341072476,0.0,0.0,0.177572165663692,0.9841077816893362,0.3570377166010497,-0.0022156744752241005,0.3699729761409516
121.166666666,-0.004792337234631537,-0.00037333237869745163,0.0,0.0,0.18060534249634752,0.9835556467540497,0.36320375981001507,-0.002216921164856479,0.3699626073366052
121.2,-0.004861227744474824,-0.0004000025441542759,0.0,0.0,0.18666661771690232,0.9824233170228259,0.3755360504955204,-0.0022161858830669835,0.36996871316572527
121.216666666,-0.004895553633910793,-0.000413657808816642,0.0,0.0,0.1896945842552087,0.981843146691081,0.38170214699167904,-0.00221653760895201,0.36996580456833505
121.233333333,-0.004929772450899587,-0.0004275154744901395,0.0,0.0,0.19272084575301465,0.9812536245090985,0.3878684433148129,-0.0022150991414019113,0.36997777198825865
121.25,-0.004963929795036238,-0.00044159402501512063,0.0,0.0,0.19574516641858036,0.9806547964619162,0.39403451760797437,-0.0022166972909098796,0.36996445019049895
121.266666666,-0.00499800017228943,-0.0004558831292501238,0.0,0.0,0.19876762432870856,0.980046647623837,0.40020058746053633,-0.0022167293869023576,0.3699642059521547
121.3,-0.005065842861051222,-0.00048507709097356325,0.0,0.0,0.2048069804354068,0.9788023808537303,0.4125330069234256,-0.002215722419711166,0.3699725764873248
121.316666666,-0.005099646509150409,-0.0004999954700982924,0.0,0.0,0.2078236690230979,0.9781663062045114,0.41869904569179156,-0.0022169531278466307,0.36996234090031227
121.333333333,-0.00513334537634116,-0.0005151165485995077,0.0,0.0,0.21083843650634437,0.9775209223804676,0.42486519547514356,-0.002216153920077814,0.3699689796018445
121.35,-0.005166946002263361,-0.0005304431415366009,0.0,0.0,0.2138512194183025,0.9768662426111904,0.4310313852238907,-0.002215866253166714,0.36997137752549814
121.366666666,-0.005200456800041649,-0.000545979093513601,0.0,0.0,0.2168619457325857,0.9762022825690775,0.4371975261260438,-0.0022162179790297253,0.3699684689277945
121.4,-0.005267195842819718,-0.0005776732105005566,0.0,0.0,0.2228771511077295,0.9748465394687014,0.44952973688075903,-0.0022164735499780766,0.36996631524207174
121.416666666,-0.005300398681668321,-0.0005938191439499975,0.0,0.0,0.2258816746980144,0.9741547459390733,0.4556960154414951,-0.0022152271262783946,0.3699767284434121
121.433333333,-0.005333528078924249,-0.0006101827142495891,0.0,0.0,0.2288839300796591,0.9734537208061252,0.46186204532866204,-0.0022170169208110936,0.369961785830884
121.45,-0.0053665340434134075,-0.0006267392650302699,0.0,0.0,0.23188410927555853,0.9727434193380498,0.4680282794834037,-0.0022155466232636114,0.36997404188479766
121.466666666,-0.005399453430045209,-0.0006435072405647086,0.0,0.0,0.2348820108948163,0.972023889088127,0.47419436265776405,-0.0022166334979281223,0.3699650052604026
121.5,-0.005464965983313644,-0.0006776438109286576,0.0,0.0,0.24087114823934896,0.9705571028774441,0.4865266533432694,-0.0022161858830669835,0.36996871316572527
121.516666666,-0.005497565813818407,-0.0006950158343869477,0.0,0.0,0.24386228387934064,0.9698098713155852,0.4926927720424253,-0.002216377793989921,0.36996713674790704
121.533333333,-0.005530045723279598,-0.0007125819536796582,0.0,0.0,0.24685115748930145,0.9690534072207745,0.49885900619716694,-0.0022155466232655005,0.3699740418851131
121.55,-0.005562437249134728,-0.0007303592907496238,0.0,0.0,0.24983759003494804,0.9682877560960529,0.5050250449655328,-0.002216952994830852,0.369962318702807
121.566666666,-0.005594712027782367,-0.0007483323884949062,0.0,0.0,0.2528216779484136,0.9675128935364885,0.511191145902291,-0.0022165056459580784,0.36996607100399703
121.6,-0.0056589133907712,-0.0007848666933026739,0.0,0.0,0.25878267612824446,0.9659355705925236,0.5235234721125919,-0.002216058031107442,0.369969778909729
121.616666666,-0.005690839138399507,-0.0008034272904337414,0.0,0.0,0.2617595210634327,0.9651331271553383,0.5296896796237368,-0.0022157385341491347,0.3699724654674568
121.633333333,-0.0057226691061589285,-0.0008221957556124163,0.0,0.0,0.2647337879124562,0.9643215343118304,0.535855700629705,-0.002217080846791338,0.369961252958961
121.65,-0.005754358965918641,-0.0008411459136801117,0.0,0.0,0.26770564972260413,0.9635007447358815,0.5420219525468443,-0.0022154187713031284,0.36997510762864366
121.666666666,-0.005785965991542913,-0.0008603121101691739,0.0,0.0,0.27067495826469107,0.9626707988551474,0.5481881867015859,-0.002217848091625616,0.3699740640836371
121.7,-0.005848897964191414,-0.000899274121894584,0.0,0.0,0.276606259363434,0.9609833387114308,0.5605215520121573,-0.0022205008867333927,0.37000095191706694
121.716666666,-0.0058801702472356275,-0.0009190376690737379,0.0,0.0,0.27956803702369726,0.9601258837645804,0.5666883545636282,-0.002219638019179816,0.37000816788875557
121.733333333,-0.005911329927825592,-0.0009390000098137732,0.0,0.0,0.28252710987458585,0.9592593143597375,0.5728550594219112,-0.002220341071781836,0.3700022840967167
121.75,-0.005942373957697259,-0.0009591593434086556,0.0,0.0,0.2854834584226147,0.9583836366336099,0.5790216843494043,-0.002220916405605919,0.36999748824972517
121.766666666,-0.005973271721749263,-0.000979495674491435,0.0,0.0,0.28843719497900583,0.9574988169980384,0.5851885224256705,-0.002219382315241612,0.37001029937626
121.8,-0.006034721112372477,-0.0010207601795173716,0.0,0.0,0.2943362560914254,0.9557019244252273,0.5975218699738442,-0.002220564812714581,0.37000041904530173
121.816666666,-0.006065241779991804,-0.00104166762226609,0.0,0.0,0.29728166053541133,0.9547898272967242,0.6036886636441161,-0.0022197019451620005,0.3700076350164852
121.833333333,-0.006095649567653062,-0.001062774421436275,0.0,0.0,0.30022415814576575,0.9538686779980073,0.6098552885716092,-0.002220916405605919,0.36999748824972517
121.85,-0.006125921390801142,-0.0010840646548373645,0.0,0.0,0.3031638269723343,0.9529384523753297,0.6160219667862954,-0.0022205328497244634,0.3700006854812632
121.866666666,-0.006156063084741176,-0.0011055423951255336,0.0,0.0,0.30610060517383714,0.9519991699115135,0.622188627238584,-0.0022206608349231846,0.3699996419371605
121.9,-0.006215941388775768,-0.0011490498947839868,0.0,0.0,0.3119654287788753,0.9500934539543004,0.6345220014303544,-0.0022204689237432687,0.37000121835302846
121.916666666,-0.006245661772209006,-0.001171067600346456,0.0,0.0,0.31489348580984555,0.9491270160492349,0.6406888572690186,-0.002219254463275344,0.3700113651204855
121.933333333,-0.006275264561330842,-0.0011932822333091868,0.0,0.0,0.317818456356689,0.9481515853485936,0.6468555177213071,-0.0022206607016849464,0.3699996197374172
121.95,-0.006304724708484117,-0.0012156751254621448,0.0,0.0,0.32074043066554697,0.947167132103136,0.6530222314607889,-0.0022202771458015944,0.37000281696863974
121.966666666,-0.006334037762582132,-0.0012382427647570945,0.0,0.0,0.32365939768459523,0.946173659689618,0.6591890340122599,-0.002219638019179816,0.37000816788875557
122.0,-0.0063922606255351596,-0.0012839315575472248,0.0,0.0,0.32948798871233603,0.944159766826727,0.6715224614912236,-0.002220277145802541,0.3700028169687975
122.016666666,-0.00642117448112045,-0.0013070562315175484,0.0,0.0,0.33239752398215905,0.9431393778495997,0.6776890153691253,-0.0022214279467321282,0.36999324747370077
122.033333333,-0.006449928627569809,-0.0013303453545581393,0.0,0.0,0.3353039829559503,0.9421099930548852,0.6838557468710049,-0.0022201492938430014,0.3700038827128012
122.05,-0.006478540258197191,-0.0013538127038355701,0.0,0.0,0.33820724579105427,0.9410716544952512,0.6900224606104868,-0.002220277145803488,0.37000281696895526
122.066666666,-0.006507009908114389,-0.0013774587679599376,0.0,0.0,0.3411072765650343,0.9400243751490625,0.6961891388251732,-0.0022205329829550306,0.3700007076810704
122.1,-0.006563509325255372,-0.001425275554998124,0.0,0.0,0.34689758188079867,0.9379030161403974,0.7085224952545457,-0.0022205328497244604,0.3700006854812632
122.116666666,-0.006591522149825498,-0.0014494317104232952,0.0,0.0,0.349787876255787,0.9368289286868047,0.7146893333308121,-0.002219382315241612,0.37001029937626
122.133333333,-0.006619403134308555,-0.0014737755696341245,0.0,0.0,0.35267475361862827,0.9357459688184822,0.7208559760207028,-0.0022207885536454325,0.3699985539935712
122.15,-0.00664713187307382,-0.0014982894858440736,0.0,0.0,0.35555828645175785,0.934654109783662,0.7270226364729914,-0.002220660701683053,0.3699996197371017
122.166666666,-0.006674707328635676,-0.001522972507651333,0.0,0.0,0.35843844731257535,0.9335533618857308,0.7331893146876777,-0.002220532982956924,0.3700007076813859
122.2,-0.006729408699769291,-0.0015728551908465388,0.0,0.0,0.3641884690638824,0.9313252702471385,0.7455225645426636,-0.002220916405604972,0.36999748824956746
122.216666666,-0.006756521267193089,-0.0015980426537055379,0.0,0.0,0.36705833323765635,0.9301979251754938,0.7516892605197476,-0.0022204051309887636,0.37000177342529583
122.233333333,-0.006783477996656833,-0.001623396831550659,0.0,0.0,0.3699247077778405,0.9290617366867927,0.7578559564968317,-0.002220404997762081,0.3700017512247937
122.25,-0.006810267059421537,-0.0016489064757320088,0.0,0.0,0.3727876231208234,0.9279166924072046,0.7640227768107002,-0.0022195100340405703,0.37000921143203125
122.266666666,-0.00683691671183341,-0.0016745985815567904,0.0,0.0,0.3756468954496012,0.9267628660769034,0.7701893839757954,-0.0022210443908276564,0.3699964447054306
122.3,-0.006889715632319882,-0.0017264512128375418,0.0,0.0,0.38135482256198777,0.9244287421476653,0.7825228647419525,-0.002220085367862757,0.37000441558472424
122.316666666,-0.006915882431954098,-0.0017526289013131096,0.0,0.0,0.38420331617425546,0.9232485103376583,0.7886895074318432,-0.002220788686891342,0.36999857619325055
122.333333333,-0.006941878322544405,-0.0017789583557756181,0.0,0.0,0.3870482063522005,0.9220594807058514,0.7948562566961207,-0.0022200214418825154,0.3700049484566472
122.35,-0.00696772028054713,-0.0018054567705132302,0.0,0.0,0.389889367718558,0.9208617056540157,0.8010228993860115,-0.0022207885536454325,0.3699985539935712
122.366666666,-0.006993379121010966,-0.0018320940907448058,0.0,0.0,0.39272692863944175,0.9196551307536053,0.8071897729870733,-0.0022191266113052977,0.37001243086407987
122.4,-0.007044236954864306,-0.0018858782975493028,0.0,0.0,0.3983906263928124,0.9172158463537046,0.8195230938916506,-0.0022206607016839997,0.3699996197372595
122.416666666,-0.007069408786275663,-0.0019129966567045817,0.0,0.0,0.4012168481964007,0.9159831006756327,0.8256898431559279,-0.0022200215750842914,0.3700049706570257
122.433333333,-0.007094420109200293,-0.0019402775798381675,0.0,0.0,0.4040392149345312,0.9147416645124937,0.8318565036082164,-0.0022206607016849464,0.3699996197374172
122.45,-0.0071192527117430295,-0.0019677011645375733,0.0,0.0,0.406857797295376,0.9134915066818928,0.8380232883972893,-0.0022197657379596503,0.37000707994402376
122.466666666,-0.0071439313562144,-0.001995294833109277,0.0,0.0,0.4096724224177074,0.9122327040346709,0.8441898777999868,-0.0022211722427977077,0.36999537896183615
122.5,-0.00719275778309959,-0.0020509155397461483,0.0,0.0,0.4152900670734495,0.9096890458778372,0.8565232875165526,-0.0022203410717827827,0.37000228409687447
122.516666666,-0.007216914795127469,-0.0020789529448483756,0.0,0.0,0.4180929683641782,0.908404243607674,0.862689965731239,-0.0022205329829550306,0.3700007076810704
122.533333333,-0.007240890164311603,-0.002107129048540964,0.0,0.0,0.4208919431939345,0.9071107827351815,0.8688567505203121,-0.002219765737961543,0.3700070799443393
122.55,-0.007264699549517363,-0.002135462253285666,0.0,0.0,0.42368686820924145,0.9058087202644082,0.8750234287349985,-0.0022205328497244634,0.3700006854812632
122.566666666,-0.007288331039277702,-0.002163938464075967,0.0,0.0,0.42647778131118963,0.904498038719756,0.8811901424744802,-0.002220277279018713,0.3700028391688904
122.6,-0.007335066536478589,-0.002221327280674199,0.0,0.0,0.43204740933289254,0.9018508945988444,0.8935235521910461,-0.0022203410717837294,0.3700022840970322
122.616666666,-0.007358171190437699,-0.002250240772453826,0.0,0.0,0.43482605533010277,0.9005144649621473,0.8996902126433347,-0.0022206608349231846,0.3699996419371605
122.633333333,-0.007381095786342498,-0.0022792945195027553,0.0,0.0,0.4376005754574716,0.8991694703220798,0.9058568908580209,-0.0022205328497244634,0.3700006854812632
122.65,-0.007403840782387889,-0.002308489081836804,0.0,0.0,0.4403709353281953,0.8978159273025682,0.9120235690727073,-0.00222053284972257,0.37000068548094767
122.666666666,-0.007426400115783958,-0.0023378165941179622,0.0,0.0,0.4431371404508781,0.8964538330293528,0.9181903183369848,-0.0022200215750842914,0.3700049706570257
122.7,-0.007470984566178079,-0.002396900060866116,0.0,0.0,0.44865682197105944,0.8937041211155005,0.9305236747663573,-0.0022205328497235137,0.37000068548110543
122.716666666,-0.007492997508045751,-0.0024266398808085263,0.0,0.0,0.4514103094871859,0.8923164979359527,0.9366904240306347,-0.0022200215750842914,0.3700049706570257
122.733333333,-0.007514824119673975,-0.0024565114420606886,0.0,0.0,0.4541595211838968,0.8909203832655382,0.9428572088197078,-0.0022197657379596503,0.37000707994402376
122.75,-0.007536471093081401,-0.0024865239466473573,0.0,0.0,0.4569043834494132,0.889515814578196,0.9490239225591895,-0.002220277145803488,0.37000281696895526
122.766666666,-0.007557932577539347,-0.0025166693704149544,0.0,0.0,0.4596449018874653,0.8881027891910162,0.9551906362986715,-0.002220277279018713,0.3700028391688904
122.8,-0.007600283820872562,-0.0025773372047568125,0.0,0.0,0.4651128817263243,0.8852513808248108,0.9675242414016132,-0.0022196378860010564,0.37000814568818524
122.816666666,-0.007621191187257506,-0.0026078850411160566,0.0,0.0,0.46784016529875,0.8838130909492337,0.9736908485667084,-0.0022210443908276564,0.3699964447054306
122.833333333,-0.007641895465825775,-0.0026385400354732216,0.0,0.0,0.47056309526772505,0.882366348730536,0.9798576688805768,-0.0022195100340405703,0.37000921143203125
122.85,-0.0076624174000872285,-0.0026693327635666396,0.0,0.0,0.4732815044588234,0.8809112427124499,0.9860243826200588,-0.002220277145803488,0.37000281696895526
122.866666666,-0.007682749055406305,-0.0027002514582553368,0.0,0.0,0.47599541412382407,0.8794477617988968,0.9921910963595405,-0.002220277279018713,0.3700028391688904
122.9,-0.007722824776656249,-0.002762440845505719,0.0,0.0,0.4814097251251002,0.8764956797126701,1.0045247369872778,-0.002219510034039624,0.3700092114318735
122.916666666,-0.007742583254336934,-0.0027937339737405787,0.0,0.0,0.4841099658751089,0.8750071662223121,1.0106914152019641,-0.002220532982956924,0.3700007076813859
122.933333333,-0.00776214162220296,-0.0028251374989125754,0.0,0.0,0.48680565075188914,0.8735103081223654,1.016858199991037,-0.002219765737961543,0.3700070799443393
122.95,-0.007781501498186616,-0.0028566537764775383,0.0,0.0,0.48949673839856206,0.8720051279076114,1.0230250558297014,-0.002219254330117702,0.3700113429194078
122.966666666,-0.007800677694851645,-0.002888307066929648,0.0,0.0,0.49218309483500894,0.8704917007982516,1.0291917340443877,-0.002220532982956924,0.3700007076813859
123.0,-0.007838436342179433,-0.0029519547009163056,0.0,0.0,0.4975417909232439,0.867440007311682,1.041525197048147,-0.002220149293842055,0.37000388271264345
123.016666666,-0.007857012995508552,-0.0029839388923355676,0.0,0.0,0.5002141102275429,0.865901751891788,1.0476920528868112,-0.0022192544632734517,0.37001136512016997
123.033333333,-0.007875404764261275,-0.0030160592226446963,0.0,0.0,0.502881581617949,0.8643553174877968,1.053858695576702,-0.0022207885536454325,0.3699985539935712
123.05,-0.007893593919227468,-0.0030482849349080803,0.0,0.0,0.5055443028328782,0.8628006478168749,1.0600254093161838,-0.002220277145803488,0.37000281696895526
123.066666666,-0.007911584002859866,-0.003080622201028857,0.0,0.0,0.5082022177966383,0.861237775429398,1.0661921230556657,-0.002220277279018713,0.3700028391688904
123.1,-0.007946966433868656,-0.003145630523313332,0.0,0.0,0.5135035126988314,0.858087491137099,1.0785255150098338,-0.002220404997763974,0.3700017512251092
123.116666666,-0.007964353227078575,-0.0031782912936923658,0.0,0.0,0.5161468727206563,0.8565000909402676,1.0846922642741113,-0.0022200215750823983,0.37000497065671023
123.133333333,-0.007981540260155833,-0.0032110624362307006,0.0,0.0,0.5187853104501189,0.854904557047846,1.090858978013593,-0.002220277145803488,0.37000281696895526
123.15,-0.00799851509415915,-0.0032439200124669797,0.0,0.0,0.5214188918284144,0.8533008491994065,1.097025869377053,-0.002218998626196733,0.3700134744070998
123.166666666,-0.0080152985772186,-0.0032769044332042717,0.0,0.0,0.5240474249807083,0.8516890843324745,1.1031925475917392,-0.002220532982956924,0.3700007076813859
123.2,-0.008048240614880381,-0.003343154233885407,0.0,0.0,0.5292895953816202,0.8484412320371758,1.1155260816450898,-0.00221963788600011,0.37000601420033546
123.216666666,-0.008064409179219679,-0.003376439657368857,0.0,0.0,0.531903122338023,0.8468052128128772,1.1216927953845717,-0.002220277279020606,0.37000283916920584
123.233333333,-0.008080362980689867,-0.003409804931595407,0.0,0.0,0.5345116675082368,0.8451610954708956,1.1278596867480315,-0.002218998626196733,0.3700134744070998
123.25,-0.008096119796420543,-0.003443287235089882,0.0,0.0,0.5371150558257155,0.8435089903524079,1.1340264004875134,-0.002220277145803488,0.37000281696895526
123.266666666,-0.008111664463706734,-0.003476854468354361,0.0,0.0,0.5397133826060486,0.8418488371649253,1.1401932208013819,-0.0022195101672097695,0.37000923363235005
123.3,-0.008142133223959404,-0.003544277525124769,0.0,0.0,0.5448946027879823,0.8385045449206145,1.1525268259043235,-0.0022196378860010564,0.37000814568818524
123.316666666,-0.008157062856520722,-0.003578146077627129,0.0,0.0,0.5474773875335297,0.8368204766492401,1.1586934685942143,-0.002220788686891342,0.36999857619325055
123.333333333,-0.008171774873596504,-0.0036120865016614897,0.0,0.0,0.5500550416559834,0.8351284039887725,1.1648602889080828,-0.0022195100340405703,0.37000921143203125
123.35,-0.008186283993325157,-0.003646132687346249,0.0,0.0,0.5526274069645208,0.833428430683565,1.171026967122769,-0.0022205328497244634,0.3700006854812632
123.366666666,-0.008200581239452578,-0.0036802637676461546,0.0,0.0,0.5551945332328379,0.8317205241355845,1.177193680862251,-0.002220277279018713,0.3700028391688904
123.4,-0.008228539864856327,-0.0037487796144630675,0.0,0.0,0.5603129559983356,0.8282809857411959,1.1895271793908058,-0.0022200214418815686,0.37000494845648946
123.416666666,-0.008242203268168812,-0.003783169341114889,0.0,0.0,0.5628641743485038,0.8265494064089437,1.1956938931302876,-0.002220277279020606,0.37000283916920584
123.433333333,-0.008255646592731094,-0.003817622821784862,0.0,0.0,0.5654101147557928,0.8248099187884692,1.2018607844937474,-0.0022189986261986253,0.3700134744074153
123.45,-0.008268886343506579,-0.0038521824270254393,0.0,0.0,0.567950591735666,0.8230626497096724,1.2080274627084338,-0.00222053284972257,0.37000068548094767
123.466666666,-0.008281908223951384,-0.0038868110535718705,0.0,0.0,0.570485712990045,0.821307525397302,1.2141942474975065,-0.0022197658711479765,0.37000710214484567
123.5,-0.008307313166526657,-0.003956314254161865,0.0,0.0,0.5755396310585728,0.8177738887253383,1.2265277460260615,-0.0022200214418815686,0.37000494845648946
123.516666666,-0.008319692215739102,-0.003991177849607644,0.0,0.0,0.578058408937755,0.815995389604838,1.2326945308151345,-0.002219765871146084,0.3700071021445302
123.533333333,-0.008331857436462881,-0.004026121145167997,0.0,0.0,0.5805716765792682,0.8142091428827961,1.2388612800794119,-0.0022200214418825154,0.3700049484566472
123.55,-0.00834381244860122,-0.004061154928294539,0.0,0.0,0.5830793668928546,0.8124151967459914,1.245027887244507,-0.002221044257566405,0.3699964225058791
123.566666666,-0.008355547138986534,-0.004096249642010817,0.0,0.0,0.5855815572099765,0.8106134959742152,1.251194600983989,-0.002220277279018713,0.3700028391688904
123.6,-0.008378362322012214,-0.004166640995874181,0.0,0.0,0.5905692555949492,0.8069869604560086,1.2635281350373395,-0.002219893589922029,0.3700060142004932
123.616666666,-0.008389443226273566,-0.0042019386545438684,0.0,0.0,0.5930547017486649,0.8051621704562393,1.2696949198264125,-0.002219765871146084,0.3700071021445302
123.633333333,-0.008400307500135807,-0.004237308048846326,0.0,0.0,0.5955344952836845,0.8033297361153807,1.2758616690906899,-0.0022200214418825154,0.3700049484566472
123.65,-0.008410954681456626,-0.004272747848777876,0.0,0.0,0.5980086127217806,0.801489674986878,1.2820283828301717,-0.0022202771458015944,0.37000281696863974
123.666666666,-0.008421377106376771,-0.00430823218848354,0.0,0.0,0.6004771158607203,0.7996419407007058,1.2881952741936318,-0.0022189987593390324,0.37001349660830535
123.7,-0.008441577398016133,-0.004379435746035242,0.0,0.0,0.6053968158683571,0.795923799956035,1.3005286661478,-0.002220404997763027,0.37000175122495144
123.716666666,-0.008451348361316485,-0.0044151314823515685,0.0,0.0,0.6078480372132647,0.7940533758230497,1.3066953443624858,-0.002220532982956924,0.3700007076813859
123.733333333,-0.008460895714806623,-0.004450874442331757,0.0,0.0,0.6102935219763899,0.7921753701256141,1.3128621291515588,-0.0022197657379596503,0.37000707994402376
123.75,-0.008470225694082833,-0.0044866879705255415,0.0,0.0,0.6127331623828982,0.7902898656292214,1.3190288073662453,-0.0022205328497244634,0.3700006854812632
123.766666666,-0.008479332547711112,-0.004522550091445386,0.0,0.0,0.6151670055597067,0.7883968260151126,1.3251955566305227,-0.0022200215750823983,0.37000497065671023
123.8,-0.008496883039044039,-0.004594443881261313,0.0,0.0,0.6200171093619992,0.7845882895496151,1.337529019634282,-0.0022201492938430014,0.3700038827128012
123.816666666,-0.008505323942284034,-0.004630464185248149,0.0,0.0,0.622433351748823,0.7826728068808357,1.3436958044233551,-0.002219765871146084,0.3700071021445302
123.833333333,-0.008513545399099808,-0.004666548322522135,0.0,0.0,0.6248436348703698,0.7807499164021627,1.3498624826380412,-0.0022205328497244634,0.3700006854812632
123.85,-0.008521541416533092,-0.004702669989870386,0.0,0.0,0.6272480191217611,0.7788195699312048,1.3560292674271144,-0.002219765737961543,0.3700070799443393
123.866666666,-0.008529317216966885,-0.004738852779185132,0.0,0.0,0.6296463985395011,0.7768818525401631,1.3621959456418005,-0.0022205329829550306,0.3700007076810704
123.9,-0.008544197921083829,-0.004811354938017252,0.0,0.0,0.6344251902675945,0.7729842675979418,1.3745293375959686,-0.002220404997763027,0.37000175122495144
123.916666666,-0.00855130140729162,-0.004847667015671556,0.0,0.0,0.6368055707718568,0.7710244257051326,1.380696086860246,-0.0022200215750842914,0.3700049706570257
123.933333333,-0.008558181625396191,-0.004884026395315606,0.0,0.0,0.6391798833832515,0.7690572648887553,1.3868628005997279,-0.002220277145803488,0.37000281696895526
123.95,-0.008564839797776336,-0.0049204400880141184,0.0,0.0,0.6415480783833575,0.7670828267681538,1.393029407764823,-0.0022210442575645115,0.36999642250556364
123.966666666,-0.008571270330759773,-0.004956877359391451,0.0,0.0,0.643910228704174,0.7651010504306855,1.3991961570291005,-0.0022200215750842914,0.3700049706570257
124.0,-0.008583460273158414,-0.005029888765830176,0.0,0.0,0.6486160740166581,0.7611157523841016,1.4115294779336776,-0.0022206607016839997,0.3699996197372595
124.016666666,-0.008589216315672298,-0.005066442970292111,0.0,0.0,0.6509597785587966,0.759112222730396,1.4176961916731592,-0.002220277279018713,0.3700028391688904
124.033333333,-0.008594748106026022,-0.005103040402886537,0.0,0.0,0.6532972674770309,0.7571014993427531,1.42386283436305,-0.0022207885536454325,0.3699985539935712
124.05,-0.008600052886161667,-0.005139662816747165,0.0,0.0,0.6556285724118445,0.75508355500382,1.430029548102532,-0.002220277145803488,0.37000281696895526
124.066666666,-0.008605131726920248,-0.005176317247118071,0.0,0.0,0.6579536442320231,0.7530584320235717,1.4361962618420137,-0.002220277279018713,0.3700028391688904
124.1,-0.008614610871407687,-0.005249716929521014,0.0,0.0,0.6625850001693501,0.7489867272192361,1.4485296893209774,-0.002220277145803488,0.37000281696895526
124.116666666,-0.008617555771168605,-0.0052742632138490335,0.0,0.0,0.6647273712682964,0.7470860204064459,1.4542576718350788,-0.0014833385345603535,0.34367896459310615
124.133333333,-0.008620820670045066,-0.005302822581498464,0.0,0.0,0.6667518278947823,0.7452798132238433,1.4596838356859547,-0.0017247229469589454,0.32556982454123895
124.15,-0.008624070793042157,-0.005332648616214481,0.0,0.0,0.6686660539113726,0.7435628476104716,1.4648266892921011,-0.0018001556036442725,0.3085712101971671
124.166666666,-0.008627208527838222,-0.005362846619581564,0.0,0.0,0.670475233772632,0.7419319112273947,1.4696982755592183,-0.0018216348423059706,0.2922951877189887
124.2,-0.008633700277569874,-0.005429894014006319,0.0,0.0,0.6738630085899144,0.7388563092064309,1.4788495339495427,-0.0020208280874441436,0.2745377462189314
124.216666666,-0.008635969038999032,-0.005455064042065112,0.0,0.0,0.6753779453824648,0.7374717831150968,1.4829541398801442,-0.0015163243423462192,0.24627636568727496
124.233333333,-0.008638572610399424,-0.0054852828383968695,0.0,0.0,0.6767757702654728,0.736189212622391,1.4867482946221955,-0.001819844805559134,0.22764927996993836
124.25,-0.008641037147624965,-0.005515166932646073,0.0,0.0,0.6780736296562848,0.7349939814479786,1.4902770436164874,-0.0017991327879619192,0.2117249354230986
124.266666666,-0.00864335084546069,-0.005544434695410979,0.0,0.0,0.6792711871049631,0.7338873580931983,1.4935381843256956,-0.0017615444172705164,0.19566845037914246
124.3,-0.008648107092746755,-0.005608341614517489,0.0,0.0,0.6814481954416206,0.7318663518220788,1.499479173514079,-0.0019225099298311088,0.17822967208695026
124.316666666,-0.008649677271728858,-0.0056307160828020265,0.0,0.0,0.6823659706598664,0.7310107263819173,1.5019886805984606,-0.0013457698168231561,0.15057043108566548
124.333333333,-0.008652123928526302,-0.005666776927649743,0.0,0.0,0.6831429798565305,0.7302846493475951,1.504115585634474,-0.0021686249537670598,0.12761429960854848
124.35,-0.00865341820224606,-0.005686453440921219,0.0,0.0,0.6838712937363994,0.729602668308788,1.506111119976442,-0.0011831420423393689,0.11973205812348203
124.366666666,-0.008655200362957097,-0.005714323649369869,0.0,0.0,0.6844745444300672,0.7290367604087273,1.507765403132094,-0.00167562789466885,0.09925699330935552
124.4,-0.008658125070065545,-0.005761734791100319,0.0,0.0,0.6855096789837183,0.7280635137264053,1.5106070315303286,-0.0014250379515786664,0.08524885024204908
124.416666666,-0.008659390141931348,-0.005782886324948599,0.0,0.0,0.6858376205502004,0.7277546002864148,1.511508082445353,-0.001271359971356727,0.05406305706402904
124.433333333,-0.008660647796543644,-0.0058041877233223765,0.0,0.0,0.6860673837093871,0.7275380024508387,1.5121396067363324,-0.0012803095323088863,0.037891456700926425
124.45,-0.008661755192463361,-0.0058231072647175084,0.0,0.0,0.6862067437271457,0.7274065609158247,1.5125227416566345,-0.0011371153365633644,0.022988094758347472
124.466666666,-0.008662455116852796,-0.005835122026262183,0.0,0.0,0.6862678293588637,0.7273489302852335,1.5126907028901244,-0.0007221079161527343,0.010077674412503125
124.5,-0.008662783423166781,-0.005840763538252999,0.0,0.0,0.6862506979631879,0.7273650937081305,1.512643597011189,-0.00016953169960463947,-0.0014131763398044386
124.516666666,-0.008662716551918125,-0.005839614815346081,0.0,0.0,0.6862541862872916,0.7273618025461381,1.5126531887059949,6.90400628049122e-05,0.0005755017113734189
124.533333333,-0.008663122158932288,-0.00584657946993886,0.0,0.0,0.6862330364651945,0.727381756482632,1.5125950346156347,-0.0004185873186318449,-0.003489245351826324
124.55,-0.008662964030574078,-0.005843865086898185,0.0,0.0,0.6862412794092677,0.7273739797619456,1.512617699435213,0.0001631391015804014,0.0013598891475047005
124.566666666,-0.008663615279427923,-0.005855037430467747,0.0,0.0,0.6862073509896871,0.7274059880477451,1.512524411322027,-0.0006714785367618497,-0.005597287015061473
124.6,-0.008663888886247783,-0.0058597258825101774,0.0,0.0,0.6861931124953147,0.7274194198424953,1.512485262997301,-0.0001408928604558012,-0.001174449718299514
124.616666666,-0.008663769936594136,-0.005857687981350553,0.0,0.0,0.6861993014920503,0.7274135815557902,1.5125022793743825,0.00012248218549464052,0.0010209826657328431
124.633333333,-0.008664060045833952,-0.005862657223216853,0.0,0.0,0.6861842100726052,0.7274278176197517,1.512460786413148,-0.0002986621796957819,-0.0024895776242719286
124.65,-0.008663937071965735,-0.005860551253176625,0.0,0.0,0.6861906058729004,0.7274217843945712,1.512478371186959,0.00012657344088123798,0.0010550864075458506
124.666666666,-0.008664176346094746,-0.005864648320175081,0.0,0.0,0.6861781630853595,0.7274335217082052,1.512444160808818,-0.0002462428906710634,-0.0020526227705669436
124.7,-0.008664259118360326,-0.005866065061063892,0.0,0.0,0.686173860392485,0.7274375803559193,1.5124323310518906,-4.2574702841889116e-05,-0.0003548927007201193
124.716666666,-0.00866412589554883,-0.00586378466083455,0.0,0.0,0.686180786036505,0.7274310475050705,1.51245137234232,0.00013705730986468328,0.0011424774714682054
124.733333333,-0.008664325746049233,-0.005867205260227249,0.0,0.0,0.6861703975471513,0.7274408467566174,1.512422810406676,-0.00020558595246164714,-0.0017137161043775028
124.75,-0.008664192501526861,-0.005864924861266377,0.0,0.0,0.6861773232222697,0.7274343139387369,1.5124418516971054,0.00013705730164121496,0.0011424774029193095
124.766666666,-0.008664364534329314,-0.005867868957955599,0.0,0.0,0.6861683818539017,0.7274427480867468,1.512417268538566,-0.00017694712392962679,-0.0014749895713718733
124.8,-0.008664358069360542,-0.005867758341682475,0.0,0.0,0.6861687178031425,0.7274424311987797,1.512418192183251,3.324150972641407e-06,2.770933999617728e-05
124.816666666,-0.008664206917682321,-0.005865171620977859,0.0,0.0,0.6861765738052019,0.7274350208513158,1.5124397912589622,0.00015546799327920965,0.001295944594500143
124.833333333,-0.008664413522220245,-0.005868707088754154,0.0,0.0,0.6861658363875912,0.7274451491174557,1.512410270153837,-0.00021248995832807765,-0.0017712662720633322
124.85,-0.008664267321930014,-0.005866205458756456,0.0,0.0,0.6861734339981901,0.7274379825628653,1.5124311587336368,0.00015035390553178057,0.0012533147629040186
124.866666666,-0.008664436650521589,-0.005869102754443468,0.0,0.0,0.686164634717835,0.727446282595863,1.5124069663478483,-0.0001741343806301674,-0.0014515432053529562
124.9,-0.00866459311173892,-0.005871778813927076,0.0,0.0,0.6861565072463478,0.7274539487579215,1.5123846212514303,-8.041888314579055e-05,-0.0006703528791380031
124.916666666,-0.008664451572700056,-0.005869358022589567,0.0,0.0,0.6861638594460309,0.7274470138712013,1.5124048348601138,0.00014549553976306862,0.0012128165695250166
124.933333333,-0.008664655812501582,-0.005872850938526181,0.0,0.0,0.6861532510652185,0.7274570200724103,1.5123756690029448,-0.0002099329191183535,-0.001749951395143196
124.95,-0.008664514003045678,-0.0058704258939892475,0.0,0.0,0.6861606162172006,0.7274500730307418,1.5123959181364242,0.00014575123495415282,0.001214947984446737
124.966666666,-0.008664621475180791,-0.005872263822743839,0.0,0.0,0.6861550342137303,0.7274553381639004,1.5123805714247345,-0.00011046410048795368,-0.0009208027381982552
125.0,-0.008665172214286766,-0.005881674672827292,0.0,0.0,0.686126451655505,0.7274822969245547,1.5123019905769173,-0.0002828085365953715,-0.0023574253873660774
125.016666666,-0.008665016279096016,-0.005879011389627682,0.0,0.0,0.686134540678633,0.7274746676604769,1.5123242290989487,0.00016007066413287047,0.001334311375258371
125.033333333,-0.00866519065143466,-0.005881989501602523,0.0,0.0,0.6861254954394965,0.7274831987804978,1.5122993617420446,-0.00017899274468069119,-0.0014920413844095458
125.05,-0.00866487061044882,-0.005876522535580008,0.0,0.0,0.6861420998328314,0.7274675379953341,1.5123450111043615,0.00032857953844955454,0.0027389616842375237
125.066666666,-0.008665130110930775,-0.0058809556717938655,0.0,0.0,0.6861286354416738,0.7274802372758635,1.5123079942673696,-0.00026644350163969815,-0.002221010308337416
125.1,-0.008665059616160934,-0.005879751663580494,0.0,0.0,0.6861322923005254,0.7274767882636712,1.5123180477845182,3.6182104817596856e-05,0.0003016055084199296
125.116666666,-0.008664815095674908,-0.005875573792129264,0.0,0.0,0.6861449813370654,0.7274648201706789,1.5123529331337748,0.00025110126546082877,0.0020931210391433234
125.133333333,-0.008665903357227259,-0.005894148662346458,0.0,0.0,0.6860885639196553,0.7275180289578156,1.5121978318762843,-0.0011164033189655681,-0.00930607526333154
125.15,-0.008665683279229485,-0.00589039626287306,0.0,0.0,0.6860999614492617,0.7275072803067484,1.5122291647459838,0.00022553085829747857,0.0018799721443544248
125.166666666,-0.008666002455649404,-0.005895837665301012,0.0,0.0,0.6860834336841395,0.7275228670111895,1.5121837285324402,-0.00032704533454651103,-0.0027261729216564085
125.2,-0.008666498055120314,-0.005904278404704301,0.0,0.0,0.686057794917802,0.72754704454937,1.5121132473380148,-0.0002536582896045285,-0.0021144357904766264
125.216666666,-0.00866633886887699,-0.00590156835256468,0.0,0.0,0.6860660268121566,0.7275392820007599,1.5121358766327975,0.00016288340743246874,0.0013577577412784458
125.233333333,-0.008666739325357739,-0.005908383892840776,0.0,0.0,0.6860453241413046,0.7275588039628497,1.5120789659102825,-0.0004096376813974611,-0.0034146432826029347
125.25,-0.00866660454670265,-0.005906090776653086,0.0,0.0,0.686052289708675,0.7275522357779435,1.5120981137750988,0.0001378244134041322,0.0011488718659953504
125.266666666,-0.008666871145827692,-0.005910625953853584,0.0,0.0,0.6860385135907021,0.7275652258528166,1.512060244343013,-0.0002725803961112458,-0.002272166016015053
125.3,-0.008666953961549873,-0.00591203415410049,0.0,0.0,0.6860342359655658,0.727569259303293,1.512048485635677,-4.2318998920934844e-05,-0.0003527612130282569
125.316666666,-0.008666829118805229,-0.005909911217404053,0.0,0.0,0.6860406847025448,0.727563178653829,1.5120662125086701,0.00012759626422093032,0.001063612422130874
125.333333333,-0.008667027033275383,-0.0059132764326639276,0.0,0.0,0.6860304623309543,0.7275728174925017,1.5120381123953686,-0.000202261801489181,-0.0016860067643827868
125.35,-0.008666915679112722,-0.005911383233865768,0.0,0.0,0.6860362132393465,0.727567394901818,1.5120539209294002,0.00011378824483272511,0.0009485120229460684
125.366666666,-0.008667107376994047,-0.005914642087333238,0.0,0.0,0.6860263138962677,0.7275767290409305,1.512026708935988,-0.00019586921521689906,-0.0016327196700445885
125.4,-0.008667190991040154,-0.0059160630479166915,0.0,0.0,0.6860219974327624,0.7275807989758684,1.512014843654265,-4.270255480237526e-05,-0.0003559584445661256
125.416666666,-0.0086670570664877,-0.0059137869578812065,0.0,0.0,0.6860289115168593,0.727574279756365,1.5120338494198988,0.00013680160592836858,0.0011403459836483022
125.433333333,-0.008667262852506092,-0.005917284052176435,0.0,0.0,0.6860182883565104,0.7275842961749545,1.512004648037934,-0.00021018862303932593,-0.0017520828828352095
125.45,-0.008667116138154171,-0.005914790990434977,0.0,0.0,0.6860258615733801,0.7275771555323198,1.5120254655681424,0.000149842497689708,0.001249051787518926
125.466666666,-0.008667310934025459,-0.005918100890854038,0.0,0.0,0.6860158070133158,0.7275866357540312,1.5119978272771832,-0.00019893766245284255,-0.001658297523884821
125.5,-0.00866734374284294,-0.0059186582128885135,0.0,0.0,0.6860141140089528,0.727588232024482,1.5119931735289627,-1.6748606823686104e-05,-0.0001396124438268337
125.516666666,-0.008667008764135882,-0.005912965863093855,0.0,0.0,0.6860314057413373,0.7275719279470345,1.5120407057054455,0.00034213186678878704,0.0028519307030282753
125.533333333,-0.008667357518310364,-0.005918892203010218,0.0,0.0,0.6860134032044872,0.7275889022131918,1.5119912196652057,-0.00035619556191457543,-0.002969162354974996
125.55,-0.008667229549303374,-0.00591671822102535,0.0,0.0,0.6860200071989413,0.7275826755240703,1.512009372835746,0.00013066470361690455,0.0010891902106189683
125.566666666,-0.008667365783810266,-0.005919032597070287,0.0,0.0,0.6860129767214936,0.7275893043260844,1.5119900473469519,-0.00013910294135508232,-0.0011595293740264438
125.6,-0.008667550673442284,-0.005922172316245397,0.0,0.0,0.686003438949333,0.7275982969672818,1.511963830047816,-9.435474683882148e-05,-0.0007865189583530321
125.616666666,-0.008665981536953277,-0.005895604096048866,0.0,0.0,0.6858872832066184,0.7277077948843506,1.5116445687099618,0.0015968710822839875,-0.01915568103745524
125.633333333,-0.008664442560836969,-0.00586974704672171,0.0,0.0,0.6856713140073272,0.7279112920867936,1.5110510914750461,0.001554168431670344,-0.035608633382779815
125.65,-0.008663143503002282,-0.005848191959764622,0.0,0.0,0.6853445306819901,0.7282189741171833,1.5101534154156013,0.0012956517675661269,-0.053860562489446664
125.666666666,-0.008661300373356277,-0.005818109400849342,0.0,0.0,0.6849441691668596,0.7285955566185676,1.5090541361412546,0.001808338237617612,-0.06595675909908984
125.7,-0.008657445768634364,-0.005757109304227826,0.0,0.0,0.683949694719085,0.7295291735727026,1.5063260449896856,0.0018336528172924133,-0.08184273291021271
125.716666666,-0.0086550464327119,-0.005720472965087822,0.0,0.0,0.6832731779825587,0.7301628340648507,1.50447218353248,0.0022028894113512074,-0.11123169188165728
125.733333333,-0.00865216929129574,-0.005677824731007812,0.0,0.0,0.6825164076465016,0.7308702711790339,1.5024003064048161,0.0025647103273511453,-0.12431262517351331
125.75,-0.00864949303401036,-0.0056394259163684195,0.0,0.0,0.6816477935027535,0.7316804532122118,1.5000246922749654,0.0023095178142228594,-0.14253684494033592
125.766666666,-0.00864679108684874,-0.005602015859502551,0.0,0.0,0.680675282696321,0.7325852575136108,1.497368041487302,0.002250450343503824,-0.15939905363569773
125.8,-0.008641127290873124,-0.005527984301533953,0.0,0.0,0.6785272619204118,0.7345752206757241,1.4915117789363708,0.002227436855590715,-0.175687873014224
125.816666666,-0.008637352093841255,-0.005481467013440035,0.0,0.0,0.6772813044129091,0.7357241566597826,1.488122109516764,0.002800213806579976,-0.2033801733115463
125.833333333,-0.008634138957118356,-0.005443549906311526,0.0,0.0,0.6759080814517143,0.736985932992118,1.4843923257042992,0.0022831803103627035,-0.22378702427220376
125.85,-0.008629981555592728,-0.005396624524274558,0.0,0.0,0.6744613403970081,0.7383101653843533,1.4804697488262362,0.002826551142429086,-0.2353546079767618
125.866666666,-0.0086263086414487,-0.0053570111653245735,0.0,0.0,0.6728885675209922,0.7397438581695337,1.4762134164937235,0.0023869962454957615,-0.2553799501658645
125.9,-0.008617999308103011,-0.0052734287071667316,0.0,0.0,0.6695482370811378,0.7427685764903766,1.4672008113805377,0.002519834289221598,-0.27037814798796855
125.916666666,-0.008612032081131024,-0.005217375506834474,0.0,0.0,0.667717862723324,0.7444144381997143,1.4622777496846289,0.0033821959656346367,-0.2953837135700287
125.933333333,-0.008608091518076002,-0.005182086083176416,0.0,0.0,0.6657167853394006,0.746204503951413,1.456907963684334,0.002130525069542171,-0.3221871535740133
125.95,-0.008600309626507839,-0.005115635258317689,0.0,0.0,0.6637084511101052,0.7479913715578711,1.4515316055968581,0.004014295855342537,-0.32258147879676075
125.966666666,-0.008593632405899273,-0.005061237660574535,0.0,0.0,0.6615569245744312,0.7498949496746997,1.445786109358537,0.0032883526210071424,-0.34472978808861166
126.0,-0.008582579833523896,-0.004977436185325451,0.0,0.0,0.6569530386496667,0.7539314988836648,1.4335403570750584,0.002535815784282367,-0.3673725611568538
126.016666666,-0.008575843431182839,-0.004929734876493306,0.0,0.0,0.6546604725056601,0.7559230554353175,1.427466753824785,0.00289047729609899,-0.36441620959292836
126.033333333,-0.008571402720171439,-0.004899627579438337,0.0,0.0,0.6523058238206247,0.7579558774821237,1.4212452608505228,0.00182598169966402,-0.3732895709900403
126.05,-0.008563966493572358,-0.004851271325553317,0.0,0.0,0.6500034335712513,0.7599312708038694,1.415177909964271,0.0029354810127633375,-0.364041045894393
126.066666666,-0.008558017488321457,-0.004814100490053146,0.0,0.0,0.6476592382198221,0.7619301222215327,1.4090165249441258,0.0022586328694658843,-0.36968311599590514
126.1,-0.008543581165747625,-0.004728925666060904,0.0,0.0,0.6429878682734934,0.7658763615970327,1.3967862969963143,0.0025916870910159227,-0.36690683109630534
126.116666666,-0.0085351144847929,-0.004681604793241184,0.0,0.0,0.6406587650790725,0.767825726794406,1.390711841150947,0.002884340401627441,-0.3644673653006061
126.133333333,-0.00852810126113166,-0.00464374412194831,0.0,0.0,0.6382930557446052,0.7697934625522708,1.3845576321395083,0.002310284925985774,-0.3692525333013664
126.15,-0.00851977110492653,-0.004600264026502724,0.0,0.0,0.6359398497019307,0.7717386264539865,1.378451488176486,0.0026562523310591896,-0.36636863045375956
126.166666666,-0.00851222725847169,-0.004562153542604166,0.0,0.0,0.6335632354776894,0.7736909115732469,1.3723001566734891,0.0023309970834448743,-0.36907990494318765
126.2,-0.00849568207738585,-0.0044824319195437955,0.0,0.0,0.6288041070150413,0.7775637562290416,1.3600285068140343,0.002442611705087965,-0.36814948842059236
126.216666666,-0.008488236405484942,-0.004448148551924599,0.0,0.0,0.6263973707563374,0.7795039024338156,1.3538457713917473,0.002104954803742669,-0.3709641401759823
126.233333333,-0.008479702362861021,-0.00440998981799339,0.0,0.0,0.6239977372313871,0.7814261474573965,1.3476965358516895,0.0023460834749199156,-0.3689541250241699
126.25,-0.008472652157380354,-0.004379356100377462,0.0,0.0,0.6215671732597183,0.783360867752483,1.3414833912043878,0.0018860721210925404,-0.372788671382417
126.266666666,-0.008462240719418467,-0.004335358468220935,0.0,0.0,0.6191757054751392,0.7852524726158866,1.3353850982211881,0.0027127630603604193,-0.36589759362776
126.3,-0.008443782647389401,-0.004260440123717454,0.0,0.0,0.6143318932928662,0.7890477329561263,1.323077923566156,0.0023147597446027952,-0.3692152322667562
126.316666666,-0.008436401285860954,-0.004231632382565961,0.0,0.0,0.6118721073929404,0.7909567144885502,1.3168506400502145,0.0017843020676025073,-0.3736370259018225
126.333333333,-0.00842382695647881,-0.0041837825420009975,0.0,0.0,0.609471606129108,0.7928078968592616,1.3107878718625923,0.0029684668185687765,-0.3637660839821233
126.35,-0.008413976192217789,-0.0041472076031191995,0.0,0.0,0.6070270968487352,0.7946811333430511,1.3046284407062039,0.002272696449602834,-0.3695658619920924
126.366666666,-0.008400152041795955,-0.004097099227758699,0.0,0.0,0.6046236467470735,0.7965112967147862,1.2985865610983807,0.00311882091122783,-0.3625127909697563
126.4,-0.008374521474644034,-0.004007391029581055,0.0,0.0,0.5997646545492904,0.8001764550106247,1.2864139188442,0.0027989351189628723,-0.3651792603217726
126.416666666,-0.00836135035922583,-0.003962835628990989,0.0,0.0,0.5973261889219457,0.8019983940308011,1.2803260346261047,0.0027876843137029407,-0.36527306769684026
126.433333333,-0.008348839830291737,-0.003921445485746691,0.0,0.0,0.5948713947702687,0.8038208903008649,1.2742112936625523,0.0025943719821861304,-0.36688445047553925
126.45,-0.008332297842521444,-0.0038678917852419657,0.0,0.0,0.5924540551442934,0.8056042406436814,1.2682033402345056,0.003363017968626349,-0.3604771984730389
126.466666666,-0.008319640234281932,-0.0038277781240941625,0.0,0.0,0.5899843010915381,0.8074147165277143,1.262078794427374,0.002523797851426161,-0.3674727631269805
126.5,-0.008284610866512117,-0.0037201745454054254,0.0,0.0,0.5851263590723398,0.8109421335204796,1.25007173324538,0.0033948531067888314,-0.360211828255537
126.516666666,-0.008270721218876136,-0.003678785810554626,0.0,0.0,0.582645692382834,0.8127262744292988,1.2439604737117942,0.002619431123605631,-0.366675586682024
126.533333333,-0.00825468316646894,-0.003631942469610432,0.0,0.0,0.5801794638126823,0.8144886676744058,1.237898025247332,0.0029707681538575286,-0.3637469005928952
126.55,-0.008235369748199078,-0.00357662236737938,0.0,0.0,0.5777388001402447,0.816221709348943,1.2319112801222452,0.0035156732094497475,-0.35920470032121415
126.566666666,-0.00822157065710585,-0.0035378536511733,0.0,0.0,0.5752334922495184,0.8179892599505346,1.22577913200886,0.00246907720905271,-0.3679289015201261
126.6,-0.008183884279473301,-0.003434942350504409,0.0,0.0,0.5703001195067351,0.8214364087929167,1.2137423365729674,0.003287841015863324,-0.36110385585479826
126.616666666,-0.008168512507831837,-0.003394117326322431,0.0,0.0,0.5677873384900043,0.8231752779635922,1.2076307928410173,0.002617385492115115,-0.36669263858458323
126.633333333,-0.008150972730298758,-0.003348380878833599,0.0,0.0,0.5652876880991683,0.8248938293401749,1.2015639393019033,0.002939060867656949,-0.36401120506670487
126.65,-0.008135585271172405,-0.003308976801435199,0.0,0.0,0.5627598137652834,0.8266204643068447,1.1954413828833241,0.0025381171195700365,-0.36735337776746896
126.666666666,-0.008118645925582367,-0.003266368559923898,0.0,0.0,0.5602389216863545,0.8283310634207259,1.189348418619461,0.0027511186508099397,-0.36557787045508644
126.7,-0.008086220113589686,-0.003186934784721989,0.0,0.0,0.5551610859177164,0.8317428500941032,1.177113252725064,0.002573915668507242,-0.3670549694907439
126.716666666,-0.008068881310864934,-0.003145548285500867,0.0,0.0,0.5526212190079917,0.8334325337435067,1.1710121177582182,0.002692306745457555,-0.3660681126536642
126.733333333,-0.008054231385812318,-0.0031111729680443224,0.0,0.0,0.5500500871294097,0.8351316672530917,1.1648484236263608,0.0022420119790842294,-0.3698216405148188
126.75,-0.008037346889661916,-0.0030722195000002957,0.0,0.0,0.5474914784693107,0.8368112576940443,1.1587271461004218,0.002547322460727206,-0.3672766442108698
126.766666666,-0.008024312027070478,-0.003042648189665326,0.0,0.0,0.5448923091328477,0.8385060354272194,1.1525213550858053,0.0019390029490727724,-0.37234747577078203
126.8,-0.007992269763043635,-0.0029717412148094974,0.0,0.0,0.5397244928267121,0.841841714244993,1.1402196157244966,0.0023343210945571857,-0.3690521734583171
126.816666666,-0.007970344927404513,-0.0029243854720712253,0.0,0.0,0.5371795999066534,0.8434678876188042,1.134179441306861,0.0031310947001709248,-0.362410479554401
126.833333333,-0.007957045198672142,-0.002896114866394655,0.0,0.0,0.5345560425023007,0.8451330294245271,1.1279646980437585,0.0018745654446487793,-0.37288458832855764
126.85,-0.007934008977636953,-0.0028479161562088946,0.0,0.0,0.532005594758849,0.8467408382411252,1.1219348258168407,0.003205248649389233,-0.3617923263793187
126.866666666,-0.00791369972606073,-0.0028060765262588935,0.0,0.0,0.5294258697341168,0.8483562037589364,1.1158473323714964,0.002790497057000024,-0.3652496213305099
126.9,-0.007870325929054168,-0.0027187555917614365,0.0,0.0,0.5242676414685322,0.8515535450628002,1.103709717565755,0.0029249971520022193,-0.3641284368896104
126.916666666,-0.007851125707946964,-0.002680971151783254,0.0,0.0,0.5216586345905779,0.8531543054788471,1.0975878361182918,0.002542975646649768,-0.3673129015404878
126.933333333,-0.007824663908365776,-0.0026296684480372175,0.0,0.0,0.5190993955357074,0.8547138805205302,1.091593843934907,0.0034635096095713734,-0.3596395238103849
126.95,-0.007796996293840622,-0.0025768070654847413,0.0,0.0,0.5165424141708593,0.8562616039286944,1.0856160155335102,0.0035798548936107713,-0.3586696969102129
126.966666666,-0.00777423004206909,-0.0025339407007092625,0.0,0.0,0.5139410348684224,0.857825514121826,1.0795454318908606,0.002912212130688203,-0.3642350331285473
127.0,-0.007728329160006166,-0.0024493828849265586,0.0,0.0,0.5087210064513165,0.8609314360593181,1.0673970885968553,0.0028863858599354,-0.36445029153110436
127.016666666,-0.007707234589271477,-0.0024113550870463645,0.0,0.0,0.5060873351019455,0.8624822370631242,1.0612844080714465,0.0026092029661530496,-0.3667608461948201
127.033333333,-0.007678875947591273,-0.002360953762649983,0.0,0.0,0.5035005939105324,0.8639948795749551,1.0552913040079512,0.0034699022075956884,-0.35958623661808453
127.05,-0.007652616200582634,-0.0023149325274117406,0.0,0.0,0.5008918520251493,0.8655098801139222,1.0492578082518846,0.003179166849450051,-0.362009738123904
127.066666666,-0.007622582501645755,-0.0022630238666748797,0.0,0.0,0.49830379252484064,0.8670024973178339,1.0432825376357693,0.003598265791817498,-0.3585162513074409
127.1,-0.007569426733362896,-0.0021730361420201983,0.0,0.0,0.49305841351610025,0.8699962073831048,1.031203396643548,0.003135441478963759,-0.36237422251923845
127.116666666,-0.00754366107115435,-0.00213030702622445,0.0,0.0,0.4904203919531479,0.8714859948137553,1.025144145410688,0.002993781686370042,-0.3635550885136882
127.133333333,-0.007518148041755525,-0.0020885712365017774,0.0,0.0,0.48777430262133614,0.8729697759385884,1.0190767234748448,0.0029349696049213894,-0.3640453088697771
127.15,-0.007495788884778036,-0.0020524907248497225,0.0,0.0,0.4851001459791988,0.8744586030058599,1.0129553748993154,0.0025468110528830894,-0.36728090718594064
127.166666666,-0.00747158658468979,-0.002013963596774076,0.0,0.0,0.4824325851031452,0.8759331029426257,1.006859462077419,0.002729895224095818,-0.36575478394413835
127.2,-0.007426826180784705,-0.0019441413474641817,0.0,0.0,0.47705452278236593,0.8788737009905855,0.9946004590451898,0.002488127003021032,-0.3677700836114141
127.216666666,-0.00740833008527341,-0.0019158666832310304,0.0,0.0,0.4743305721689912,0.8803468113793775,0.9884069240850469,0.0020272208071030018,-0.3716121124732329
127.233333333,-0.0073804703672210245,-0.0018738420687336385,0.0,0.0,0.47166320463620975,0.8817787825709467,0.9823520424020427,0.003025233089022072,-0.36329289371418655
127.25,-0.00736456857819884,-0.0018501724139112093,0.0,0.0,0.4689108768936583,0.8832454865612507,0.9761145632697706,0.0017109149352264388,-0.37424874045144635
127.266666666,-0.007334273998214126,-0.0018056711835573885,0.0,0.0,0.46624734527096856,0.8846544031585296,0.970088136948024,0.003230052123524633,-0.3615855937680991
127.3,-0.0072850264152634755,-0.0017347297982727558,0.0,0.0,0.46082878859281046,0.8874890577376618,0.9578576603266435,0.002590792127292519,-0.3669142913032274
127.316666666,-0.007258635771438866,-0.0016974478375068843,0.0,0.0,0.4581222873909063,0.8888891774544923,0.9517632395461616,0.002740634789418698,-0.3656652614553907
127.333333333,-0.007232738414785368,-0.0016613319154146684,0.0,0.0,0.4554069463732504,0.8902833892615268,0.9456585165749622,0.00266648048790035,-0.36628337094639146
127.35,-0.0071986492613221814,-0.0016143939710102258,0.0,0.0,0.4527377904298456,0.8916437030096165,0.9396669045528813,0.0034806417722765257,-0.35949671413502
127.366666666,-0.007173137414991052,-0.0015797098407148962,0.0,0.0,0.4500089114776306,0.8930240643962054,0.9335506360231193,0.002583376868585287,-0.3669761264646302
127.4,-0.007102190094341257,-0.0014850595414630482,0.0,0.0,0.4446586762910261,0.8957000957905009,0.9215863111702045,0.0035486590152536764,-0.35892973840879133
127.416666666,-0.00707469241957764,-0.0014490572038128428,0.0,0.0,0.4419258272682949,0.8970515944990195,0.9154887642077119,0.0027181328430253425,-0.36585283238385397
127.433333333,-0.007039948325627032,-0.0014041332541705448,0.0,0.0,0.43923189184681644,0.898373722447772,0.9094869920940957,0.0034075104508784126,-0.36010631961493594
127.45,-0.0070072532854275355,-0.0013623803282879667,0.0,0.0,0.4365198980622103,0.8996946029602253,0.9034538693483826,0.0031818517406175455,-0.3619873575028293
127.466666666,-0.006986135963321015,-0.0013357495906600363,0.0,0.0,0.4337324166417487,0.9010417253124899,0.897262004053632,0.002039238892109792,-0.3715119325456974
127.5,-0.006913828865933148,-0.0012462477841712932,0.0,0.0,0.4283223517640378,0.9036260083570657,0.8852707691680672,0.0034518111551854165,-0.35973703937214113
127.516666666,-0.006885652695251825,-0.0012120097251925915,0.0,0.0,0.4255617897704496,0.9049293691152761,0.8791652113641717,0.0026604716053841054,-0.36633348288692985
127.533333333,-0.006848747830988158,-0.0011677139930685884,0.0,0.0,0.42284754726548923,0.9062008341264975,0.8731706330216602,0.003459290494875331,-0.35967469335730307
127.55,-0.006818997438323345,-0.001132441141710171,0.0,0.0,0.42008596881145355,0.9074843132571176,0.8670801022062938,0.0027686342043288315,-0.36543184161343195
127.566666666,-0.006789638708319212,-0.0010980600136248735,0.0,0.0,0.41731695958836384,0.9087610000654319,0.8609817914606963,0.002712635208392262,-0.36589865937166993
127.6,-0.006724949370910369,-0.0010236875992527936,0.0,0.0,0.4117982757989161,0.9112750298614792,0.848853093378645,0.0029570879940855046,-0.36386093518441787
127.616666666,-0.006685433536844426,-0.0009790789067019665,0.0,0.0,0.40907245012038523,0.9125019071500645,0.842874678818121,0.0035756359934536646,-0.3587048879795022
127.633333333,-0.006650751415107091,-0.0009403978031335984,0.0,0.0,0.4063138688731503,0.9137335716505838,0.8368325682991269,0.0031171586486142405,-0.36252662388921736
127.65,-0.006619494359686692,-0.0009059592082089294,0.0,0.0,0.4035308174789019,0.9149660536570792,0.8307450748537826,0.002790496889569595,-0.36524959941545343
127.666666666,-0.006589280806601252,-0.0008730753284902576,0.0,0.0,0.4007369566704002,0.9161931518836767,0.8246421458847599,0.0026793936966736627,-0.36617575278856934
127.7,-0.006530881249859962,-0.0008106727334572703,0.0,0.0,0.39512334072725874,0.9186280779578483,0.8124042268187059,0.0025640071415695648,-0.36713756463880937
127.716666666,-0.00650083994642128,-0.000779156856984669,0.0,0.0,0.3923140638826459,0.919831329799047,0.806291990353242,0.0026123992653592086,-0.366734202597384
127.733333333,-0.006477481435806008,-0.0007549517948322456,0.0,0.0,0.3894631109509285,0.9210420648420053,0.8000972120252539,0.0020182710482335563,-0.3716866922453291
127.75,-0.006442820432004241,-0.0007194723418137192,0.0,0.0,0.38666977675255987,0.9222182408443923,0.7940354918191012,0.002976010084237461,-0.3637032050952089
127.766666666,-0.006423293068056809,-0.0006997283754156848,0.0,0.0,0.38378887204372647,0.9234208692115444,0.7877917958476031,0.0016661668490252119,-0.37462177327461704
127.8,-0.006362357459352551,-0.0006392448972762534,0.0,0.0,0.37813285213455927,0.9257513414176528,0.7755571273003443,0.00257570559595514,-0.36704004907705634
127.816666666,-0.0063245218360020485,-0.000602369986555242,0.0,0.0,0.37533778463235284,0.9268880986544586,0.7695223526516368,0.0031699616984907255,-0.36208649340577603
127.833333333,-0.006293729561638393,-0.000572722294361999,0.0,0.0,0.3725002823463245,0.9280320789993785,0.7634034908117977,0.0025647103273533306,-0.3671317030478129
127.85,-0.006256468929907521,-0.0005372808965125822,0.0,0.0,0.36969290406048416,0.9291540005226936,0.757356975218152,0.0030854513624136576,-0.36279092836302707
127.866666666,-0.006212449536290071,-0.0004959117052433969,0.0,0.0,0.36691697862297945,0.9302536916337306,0.7513853458935832,0.003624475445289732,-0.358297773805901
127.9,-0.0061356809723726105,-0.00042505892138894325,0.0,0.0,0.3612918059535057,0.9324528036050159,0.739305814128611,0.0031340351073970807,-0.36238594570138993
127.916666666,-0.006096199076778915,-0.000389276089057676,0.0,0.0,0.35847835191986227,0.9335380395060607,0.7332748051082347,0.0031970663157427927,-0.36186055569717496
127.933333333,-0.0060629986439964915,-0.0003595511069705323,0.0,0.0,0.35562766396846923,0.9346277144512298,0.7271710945937093,0.0026737680496480656,-0.366222623547169
127.95,-0.006022188598143616,-0.0003234564169284142,0.0,0.0,0.3528123475164484,0.9356940992866914,0.7211500680408903,0.003268918925708577,-0.3612615859436993
127.966666666,-0.005990338913611078,-0.00029562959958524517,0.0,0.0,0.3499462455793255,0.9367697823931632,0.7150274405727199,0.0025376058639871545,-0.3673576627847058
128.0,-0.005918020562754836,-0.0002336018988907257,0.0,0.0,0.34424605552298077,0.9388794668416542,0.7028712818236873,0.0028582584286284468,-0.3646847551772257
128.016666666,-0.005876058738165002,-0.000198267815646648,0.0,0.0,0.341419459876978,0.939911034309797,0.6968533814528791,0.0032914210682429166,-0.36107403669163063
128.033333333,-0.005841634136691924,-0.00016963519458947378,0.0,0.0,0.33855023761479724,0.9409483177151465,0.6907514471781326,0.002686553245694398,-0.3661160491622561
128.05,-0.005803864764015504,-0.00013860742212697051,0.0,0.0,0.3356939766367499,0.9419711004323886,0.6846837232815272,0.0029327961215906227,-0.36406342651484885
128.066666666,-0.005758095929010286,-0.00010146769074209588,0.0,0.0,0.33287417152500826,0.9429712540324543,0.6786998734272799,0.0035365132912005617,-0.3590310056162533
128.1,-0.005679551959551717,-3.890227432874992e-05,0.0,0.0,0.32715685510801457,0.9449700482850415,0.6665865753441114,0.003012511818956276,-0.363398935227174
128.116666666,-0.005637903569080915,-6.339892519105925e-06,0.0,0.0,0.3243041638889681,0.9459528578551245,0.6605520848937684,0.0031720073299839465,-0.3620694415035255
128.133333333,-0.005603970110803262,1.9859992367294903e-05,0.0,0.0,0.3214090694083752,0.9469404469669898,0.6544342710353989,0.002572253593019825,-0.36706882416058545
128.15,-0.005561075206223053,5.2565205084516964e-05,0.0,0.0,0.31855470212698117,0.9479044792344797,0.6484087328335415,0.003236444527745108,-0.36153228488058475
128.166666666,-0.0055287341686152585,7.691402960009507e-05,0.0,0.0,0.31564421788327035,0.9488776147200747,0.6422710073272507,0.0024289316910534077,-0.36826354510816467
128.199999999,-0.005451306578955734,0.00013410586885338947,0.0,0.0,0.30987497067311676,0.9507773149115071,0.6301230548059965,0.0028877923181348307,-0.36443857928199513
128.216666666,-0.005407703505718587,0.00016570490831322376,0.0,0.0,0.30700873270948187,0.951706697486215,0.6240967528210343,0.0032309468934442077,-0.36157811186596295
128.233333333,-0.0053661528611532346,0.00019543559009681602,0.0,0.0,0.3041287595183156,0.9526309346404045,0.6180474662933334,0.0030655064565804223,-0.3629571844033136
128.25,-0.005334709506830086,0.0002176453827730074,0.0,0.0,0.30119594549646767,0.9535622698159197,0.6118931862323036,0.0023097735181418625,-0.3692567962764356
128.266666666,-0.005289363246530927,0.00024926360608451114,0.0,0.0,0.29832705185748043,0.9544637081262043,0.6058788205786553,0.0033168636099062286,-0.3608619536535502
128.3,-0.005202884798759984,0.00030840642386017266,0.0,0.0,0.29255810574028557,0.9562477475872327,0.5938017933117713,0.003143048670610015,-0.36231081076009203
128.316666666,-0.005165051536274575,0.00033377923769402243,0.0,0.0,0.2896423708765726,0.9571349418932515,0.5877063423122176,0.00273321937526791,-0.36572707460247966
128.333333333,-0.005117669383916963,0.00036514218217398607,0.0,0.0,0.28676893724077573,0.9579997790364025,0.5817048188721707,0.0034093003783223132,-0.36009139920078476
128.35,-0.00507001157110471,0.0003962779094062233,0.0,0.0,0.2838933429073041,0.9588558650041809,0.5757041746708141,0.0034156290503721994,-0.3600386448810215
128.366666666,-0.005027957758361741,0.000423392072915894,0.0,0.0,0.2809876327286317,0.9597113890402467,0.569646095756208,0.003002219916270982,-0.36348474941594133
128.4,-0.004945796498952636,0.0004753132796464698,0.0,0.0,0.2751571786695811,0.9613992547462247,0.5575063761063288,0.0029157598478558506,-0.364191582212331
128.416666666,-0.00490599419101196,0.0004999614473085636,0.0,0.0,0.2722314345697452,0.9622318047290365,0.5514225861209234,0.002808971666401146,-0.36502741372559644
128.433333333,-0.004857795514242343,0.0005294076932298771,0.0,0.0,0.2693419680644481,0.96304460137585,0.5454193663718876,0.0033889079906247875,-0.36019317773807835
128.449999999,-0.004817121550558425,0.0005539206628635457,0.0,0.0,0.2664139509359195,0.9638587068376326,0.5393411893041834,0.0028493728883388714,-0.3646906386500517
128.466666666,-0.004768357289735888,0.0005829093690111795,0.0,0.0,0.26352062540776666,0.9646537617117862,0.53334003887449,0.003403802744021416,-0.3600690185800188
128.5,-0.0046717964255758235,0.0006391404588417686,0.0,0.0,0.2577199576295996,0.9662196558957996,0.5213234037600873,0.003352214477968128,-0.3604990462221894
128.516666666,-0.004630068004955245,0.0006629377162669387,0.0,0.0,0.2547845520572978,0.9669978448957175,0.515249791628615,0.002882230844155315,-0.36441674246519407
128.533333333,-0.004580708725145926,0.0006906931715746486,0.0,0.0,0.2518814471228715,0.9677580981811974,0.5092477886038277,0.003397665849918089,-0.36012017428462695
128.55,-0.004532421946472558,0.0007174649924954597,0.0,0.0,0.24897035802446416,0.9685111051635754,0.5032339824657096,0.0033127082221750667,-0.3608283610702979
128.566666666,-0.00448316740021943,0.0007443876437095715,0.0,0.0,0.24606073658952138,0.9692544113435967,0.49722784968343636,0.003367940471185097,-0.3603679813512877
128.6,-0.004394323842843247,0.0007919097756592401,0.0,0.0,0.24018829554832488,0.970726317085094,0.48511964052723433,0.0030226440868248057,-0.3632462674212335
128.616666666,-0.0043452004056804975,0.0008176160898401317,0.0,0.0,0.23726927027167743,0.9714439218939741,0.4791077616092765,0.0033265803594861925,-0.36071274950615706
128.633333333,-0.004296868253965493,0.0008425390723716598,0.0,0.0,0.23434379279995562,0.9721537876159982,0.47308701925482205,0.0032627820316052498,-0.36124453404216317
128.65,-0.004258201022538589,0.0008621822037657308,0.0,0.0,0.23137155221803668,0.9728654608034023,0.46697450747219243,0.00260223487775382,-0.3667506996225528
128.666666666,-0.004209295663441325,0.0008866543144347929,0.0,0.0,0.22844306719196464,0.9735572736372152,0.46095632290301947,0.0032811929107903295,-0.3610910885941899
128.699999999,-0.004110918885366686,0.0009347763808433106,0.0,0.0,0.22258049838623142,0.9749143150749899,0.44892114384532567,0.003285475853157558,-0.3610553753413514
128.716666666,-0.004072146821334511,0.0009533079991129105,0.0,0.0,0.2195982599652096,0.9755903875193995,0.4428053193755084,0.0025783904871231594,-0.3669494608498329
128.733333333,-0.0040229361637284244,0.000976463094052705,0.0,0.0,0.21666040619271099,0.9762470324607443,0.4367846303082473,0.003263165587492273,-0.3612413368112412
128.75,-0.003973238026187943,0.000999483224486502,0.0,0.0,0.2137221550245855,0.9768944878806753,0.43076714735378707,0.0032862428663544487,-0.36104897004642106
128.766666666,-0.003924277576590141,0.0010218045816411526,0.0,0.0,0.21077804935886665,0.9775339451438355,0.42474164467672537,0.0032285178999095017,-0.36153017508509
128.8,-0.003835830966307116,0.0010611615153686732,0.0,0.0,0.20484002869806783,0.9787954651728699,0.4126005351192192,0.002904237189917041,-0.364233279440306
128.816666666,-0.0037863245784832177,0.0010826543180329636,0.0,0.0,0.20189089725133727,0.9794080179409652,0.40657638238438926,0.0032382346494894626,-0.3614491785479337
128.833333333,-0.003735000530981462,0.001104570203117503,0.0,0.0,0.19894743669502415,0.9800101619026608,0.4005675408364533,0.003348442845130937,-0.36053048566533924
128.85,-0.003693965540423636,0.0011217994938608844,0.0,0.0,0.1959559879269303,0.9806126915329929,0.39446448753064617,0.0026703160467172206,-0.36618319102517904
128.866666666,-0.0036435674220732122,0.0011426016418835576,0.0,0.0,0.19300368014672992,0.9811980327384573,0.38844493525684354,0.0032713483092422207,-0.3611731508752561
128.9,-0.0035410234530533144,0.0011838484094733915,0.0,0.0,0.18709992057525596,0.9823408877374151,0.3764181977786987,0.003315856576702037,-0.3608021171280899
128.916666666,-0.003498169368011167,0.0012006364412780188,0.0,0.0,0.18410764094424767,0.9829060873480965,0.3703278135031143,0.0027615066232227294,-0.36542307115216593
128.933333333,-0.0034469085448589976,0.0012203607270960958,0.0,0.0,0.18115013282454018,0.9834554536823981,0.3643116138818944,0.0032954801704995706,-0.3609719700535472
128.949999999,-0.003398205259768534,0.0012387646345968007,0.0,0.0,0.17817925551867292,0.9839980451722511,0.3582715726822425,0.0031238710639727076,-0.3624024864753854
128.966666666,-0.0033423430707931125,0.0012594910110907724,0.0,0.0,0.17523760561394902,0.984526171098915,0.35229420610318807,0.003574996519112305,-0.3586419875702168
129.0,-0.00324505438657167,0.0012945914075044292,0.0,0.0,0.16928498250893237,0.9855671436776646,0.340208270993813,0.003102807266049655,-0.36257804602978727
129.016666666,-0.0031964764038069564,0.001311621569626862,0.0,0.0,0.1663053659927506,0.9860743000616218,0.33416332959267125,0.003088599902257298,-0.36269649857654335
129.033333333,-0.003140324502479642,0.0013309286653892794,0.0,0.0,0.16335672162165493,0.9865670689319734,0.32818425560312936,0.0035627067494105784,-0.3587444321974141
129.05,-0.003094865374438728,0.0013462534672843782,0.0,0.0,0.1603596949350755,0.9870586447827351,0.3221101061591238,0.0028783631494136773,-0.3644489593511414
129.066666666,-0.0030421492345882022,0.0013636706604965192,0.0,0.0,0.15739224884558534,0.9875361664280096,0.31609886002658716,0.0033311350858517955,-0.36067478237936507
129.1,-0.002937052731140806,0.001397345786775495,0.0,0.0,0.1514503246648302,0.9884648699670199,0.3040707159885675,0.003310794438144361,-0.36084431392380045
129.116666666,-0.002891495499478091,0.0014114898460094157,0.0,0.0,0.14844647481721837,0.9889204437740889,0.29799431294034257,0.0028621421036585854,-0.3645841974770453
129.133333333,-0.0028384441418413003,0.0014276096885636523,0.0,0.0,0.14547318738303913,0.9893621944225579,0.2919824617761312,0.003326779928576073,-0.3607110626382468
129.15,-0.002789710040594154,0.0014420972469927308,0.0,0.0,0.14247959072217337,0.9897977400598781,0.2859322294007481,0.0030505158142082036,-0.3630139352624945
129.166666666,-0.002733068739416079,0.0014585652113231953,0.0,0.0,0.13951830469181123,0.9902194921611688,0.27994988990538777,0.0035392021779058792,-0.3589403840794102
129.199999999,-0.002634092533921923,0.0014863741701224974,0.0,0.0,0.13352937584571875,0.9910448555874012,0.26785880148035435,0.003084260833558473,-0.362732656378313
129.216666666,-0.0025853416875063822,0.0014995955226259833,0.0,0.0,0.13052937971834525,0.9914444417264863,0.26180581780669177,0.003030712244719317,-0.3631790131559542
129.233333333,-0.002528498497756601,0.001514644863948769,0.0,0.0,0.12756245651203363,0.9918305398043638,0.2558219355499455,0.003528097323597351,-0.35903292822452776
129.25,-0.0024828676529336942,0.0015264316177629822,0.0,0.0,0.12454611842831527,0.992213819891882,0.24974074942104083,0.00282771379619235,-0.36487116043663576
129.266666666,-0.0024292268696818175,0.0015399419161097017,0.0,0.0,0.12156250022958323,0.9925837791027681,0.24372781197518986,0.0033189611812588153,-0.3607762611822908
129.3,-0.0023233507554437497,0.0015655944927085235,0.0,0.0,0.1155849872932102,0.9932975942346928,0.23168782818889413,0.003268183776935781,-0.36119950636466946
129.316666666,-0.0022776551926055066,0.0015762285792263644,0.0,0.0,0.11256336608059125,0.9936445484259483,0.2256048752564845,0.002814996690400557,-0.36497719054384
129.333333333,-0.0022237379466590133,0.0015884327048658574,0.0,0.0,0.10957535632482666,0.9939784913599928,0.2195916475064446,0.0033168714016384,-0.36079365778631234
129.35,-0.002174916811744607,0.0015991740030783645,0.0,0.0,0.10656442354511503,0.9943057998596294,0.21353430351104688,0.0029993270855336986,-0.3634406324554589
129.366666666,-0.0021176789200223673,0.0016114062173033623,0.0,0.0,0.10358792209881208,0.9946203006148882,0.2075481600871851,0.0035118218798501793,-0.3591686197986258
129.4,-0.002017660917123578,0.001631837067251855,0.0,0.0,0.09757003621921728,0.995228661179018,0.19545102578600432,0.003062501935503769,-0.36291402177693144
129.416666666,-0.001968883874354177,0.0016413403808308719,0.0,0.0,0.09455414982778097,0.9955197199203768,0.1893912261391123,0.002981651730893671,-0.363587993357218
129.433333333,-0.001911479390332558,0.001652166111542179,0.0,0.0,0.09157359568623377,0.995798311192128,0.18340413242696885,0.0035049815892511044,-0.35922561554388577
129.449999999,-0.0018655557240416672,0.0016605399799558243,0.0,0.0,0.08854350104942099,0.9960723108398863,0.17731921452930388,0.002800853066423154,-0.36509508846387834
129.466666666,-0.0018110531135621833,0.0016701378936362205,0.0,0.0,0.08554854994797936,0.9963340030340218,0.17130648745685162,0.003320475228774603,-0.36076361713165306
129.5,-0.0017045572457282097,0.001687901846514887,0.0,0.0,0.07954507420005778,0.9968312701608569,0.15925839957656487,0.0032390175484526508,-0.36144262917984765
129.516666666,-0.0016585531923669738,0.0016951474266855787,0.0,0.0,0.07651143646312278,0.9970687037964583,0.15317256691541378,0.0027942686900630505,-0.36514997427524093
129.533333333,-0.0016038800318233777,0.0017034197507060816,0.0,0.0,0.07351335379181378,0.9972942328191212,0.14715945795140906,0.0033177264116241527,-0.3607865306243422
129.55,-0.0015548647908213038,0.0017105335891937992,0.0,0.0,0.07049063167030009,0.9975124414495902,0.14109827949838868,0.0029717270435586462,-0.36367069990759565
129.566666666,-0.0014970349686898097,0.0017185713199257644,0.0,0.0,0.06750409267676552,0.9977189972491687,0.135110930451777,0.0035031439275114984,-0.3592409571665138
129.6,-0.0013961196627913946,0.0017316683513241738,0.0,0.0,0.06146678577598436,0.9981091294274235,0.1230111140285301,0.003052849112489668,-0.3629944854376144
129.616666666,-0.0013469384798293642,0.0017375976158045478,0.0,0.0,0.05844168482608198,0.9982908240962094,0.11695000662510088,0.0029722386297380875,-0.36366645875258813
129.633333333,-0.0012888451726541248,0.0017442465432569582,0.0,0.0,0.05545323095552926,0.9984612857675518,0.11096338139619909,0.0035083536847089264,-0.35919750654994737
129.65,-0.001242828838517613,0.0017492319620614563,0.0,0.0,0.05241355631752824,0.9986254648836816,0.10487516857374432,0.0027771363596988032,-0.3652927620412167
129.666666666,-0.0011879244541746613,0.0017548443986836408,0.0,0.0,0.049410465216207275,0.9987785570020604,0.0988611848116485,0.003311429901259548,-0.3608390401594863
129.699999999,-0.0010802508176108443,0.0017648694064367593,0.0,0.0,0.04339363564553188,0.9990580525602418,0.08681453124498319,0.003244179668681642,-0.3613996106139386
129.716666666,-0.0010343207457102265,0.0017687259761401382,0.0,0.0,0.04035139273344193,0.9991855508885582,0.08072470204432965,0.002765501831294569,-0.36538974473120317
129.733333333,-0.0009794476742779293,0.0017729991577264638,0.0,0.0,0.037346041868363586,0.999302393250795,0.07470945715199083,0.0033023522133813253,-0.3609146863224399
129.75,-0.000935388605710053,0.0017761676651884435,0.0,0.0,0.03442986266710591,0.9994071165229534,0.06887333716015206,0.002650371140876828,-0.35016719250677775
129.766666666,-0.000886010546479226,0.0017794369255160808,0.0,0.0,0.031670309321728644,0.9994983699373732,0.06335121195522286,0.0029691701825023072,-0.3313275255490142
129.8,-0.0007896408718733129,0.0017850412257700587,0.0,0.0,0.0264100870426476,0.9996511928179748,0.05282631629430798,0.0028959747569706285,-0.3157468635123249
129.816666666,-0.0007562127999741523,0.0017867275334741209,0.0,0.0,0.023987670828534917,0.999712254425353,0.047979943750851704,0.002008234789831632,-0.2907823642388124
129.833333333,-0.000713273909381753,0.0017886925561265835,0.0,0.0,0.021739646121763233,0.9997636659663626,0.04348271777952882,0.00257902974692559,-0.26983355288254424
129.85,-0.0006783277503275766,0.0017901378992072592,0.0,0.0,0.019592968693490358,0.9998080393644452,0.03918844496533951,0.00209856207942241,-0.2576563636985201
129.866666666,-0.0006495743862305316,0.001791206588225868,0.0,0.0,0.01755521816309549,0.9998458952834912,0.03511223999865209,0.0017263931167767607,-0.2445723077842566
129.9,-0.0005928359234669846,0.001792983223696059,0.0,0.0,0.01374593695094772,0.9999055201454489,0.027492739744033247,0.0017029881136748385,-0.22858500306673155
129.916666666,-0.0005585415355059408,0.001793871040457,0.0,0.0,0.012135657500386391,0.9999263601971063,0.02427191079660674,0.0020583527613493155,-0.19324974457567398
129.933333333,-0.0005349136176245595,0.0017944087128401408,0.0,0.0,0.010615727430842731,0.9999436515779847,0.021231853657000255,0.00141804205211521,-0.18240342472821414
129.949999999,-0.0005109175350622702,0.0017948850551670818,0.0,0.0,0.009232172329701718,0.9999573825889155,0.018464606964730537,0.0014400486572183385,-0.1660348081776562
129.966666666,-0.000492373218181824,0.0017952039216050032,0.0,0.0,0.007960751437926189,0.9999683127162298,0.0159216710477105,0.001112823464071006,-0.15257615196959007
130.0,-0.0004283768180390711,0.001796084607826709,0.0,0.0,0.005799759615557437,0.9999831812527658,0.01159958426134636,0.0019200737506777827,-0.129662600997707
130.016666666,-0.00040472237645270694,0.0017963389983592934,0.0,0.0,0.0049542240015589,0.9999877277569672,0.00990848853627743,0.0014193486244988645,-0.10146574756281504
130.033333333,-0.00038226399726981803,0.0017965454602966106,0.0,0.0,0.004238575688558774,0.9999910171977208,0.008477176760066988,0.0013475596635234826,-0.08587870485500221
130.05,-0.00035243261010814035,0.0017967819424672372,0.0,0.0,0.003688531011142992,0.9999931973463518,0.007377078750197461,0.001789939432926681,-0.06600587927201557
130.066666666,-0.00033441399614577035,0.0017969065011859608,0.0,0.0,0.0032241251792148647,0.9999948024949074,0.006448261530057647,0.0010811427120913661,-0.05572903543757737
130.1,-0.00029950358205180623,0.001797108442837515,0.0,0.0,0.002560369556047661,0.9999967222484965,0.0051207447069394315,0.0010473299239031615,-0.03982550389704708
130.116666666,-0.00028899333313864783,0.0017971613063977562,0.0,0.0,0.0024692980690544626,0.9999969512788758,0.004938601156915835,0.0006306229366240835,-0.010928613438565583
130.133333333,-0.0002861241618751894,0.0017971755105174552,0.0,0.0,0.002481256586380423,0.9999969216781383,0.004962518264838046,0.0001721523819189483,0.001435026446631236
130.15,-0.0002893065933242837,0.0017971597597263602,0.0,0.0,0.002467992648053683,0.999996954501507,0.004935990306958731,-0.00019094822177146992,-0.0015916774409245008
130.166666666,-0.0002864896022389491,0.00179717369755468,0.0,0.0,0.00247973347101199,0.99999692545623,0.004959472024729627,0.0001690215407040672,0.0014089031226105636
130.199999999,-0.0002999501252631067,0.0017971076951075547,0.0,0.0,0.0024236311228815243,0.9999970630017772,0.004847266991235491,-0.00040382054928844095,-0.0033661510384854236
130.216666666,-0.00030639912925058935,0.0017970766081647207,0.0,0.0,0.002396752305892224,0.9999971277850673,0.004793509201114896,-0.0003869447270524205,-0.003225467342724433
130.233333333,-0.00030381867185444027,0.0017970890054594421,0.0,0.0,0.002407507371760284,0.9999971019499281,0.004815019394910568,0.0001548292274723827,0.001290611601929538
130.25,-0.000309905426730379,0.0017970598518093437,0.0,0.0,0.002382138324124988,0.9999971627044772,0.004764281154142024,-0.00036520947433357293,-0.0030442943852249447
130.266666666,-0.00030707991834795116,0.0017970733467026604,0.0,0.0,0.002393914709326111,0.999997134582077,0.00478783399170154,0.00016953244330234735,0.0014131703100984034
130.3,-0.00030937804792571805,0.0017970623655683593,0.0,0.0,0.0023843364335811657,0.9999971574658457,0.004768677385539301,-6.894467301558171e-05,-0.0005746981733728673
130.316666666,-0.000313116602507349,0.001797044595728367,0.0,0.0,0.00236875438214299,0.9999971944974031,0.004737513194655331,-0.00022431581772765092,-0.0018698515278331481
130.333333333,-0.0003105702893940877,0.0017970566860357584,0.0,0.0,0.002379367564607397,0.9999971693009898,0.004758739619402152,0.00015278050593244458,0.0012735854593367395
130.35,-0.00031379213341503495,0.0017970413972681878,0.0,0.0,0.0023659392748035224,0.9999972011617573,0.004731882964199535,-0.00019331281389372136,-0.0016113992799308232
130.366666666,-0.0003112958874120432,0.0017970532352729895,0.0,0.0,0.002376343718043408,0.9999971764912807,0.004752691909176673,0.00014977645035043501,0.0012485367485703743
130.4,-0.0003084703658677822,0.001797066697482609,0.0,0.0,0.00238812004920091,0.9999971484372496,0.0047762446383231155,8.476660673832898e-05,0.0007065818602612283
130.416666666,-0.00031438664847425134,0.0017970385855455037,0.0,0.0,0.002363461469249801,0.9999972070210413,0.004726927339236621,-0.0003549809778836956,-0.0029590380635526204
130.433333333,-0.00031156967703633263,0.0017970519343386516,0.0,0.0,0.002375202388957152,0.9999971792028273,0.004750409244562132,0.00016902018056325535,0.0014089142913515636
130.449999999,-0.00031457520567647394,0.001797037694391417,0.0,0.0,0.0023626753922426982,0.9999972088786002,0.00472535518083287,-0.0001803337496414848,-0.0015032438838862192
130.466666666,-0.0003086163024189751,0.0017970660005355577,0.0,0.0,0.002387511579991677,0.9999971498901662,0.004775027696435347,0.0003575382220946464,0.0029803508765398673
130.5,-0.00031174968480525325,0.0017970510793567194,0.0,0.0,0.0023744517281190634,0.999997180985522,0.004748907918652358,-9.400253552293189e-05,-0.0007835933178180047
130.516666666,-0.0003144452176980845,0.001797038308707022,0.0,0.0,0.0023632171163530673,0.9999972075985317,0.004726438632078346,-0.00016173379513767397,-0.0013481572483677
130.533333333,-0.00030876544541019827,0.0017970652884611153,0.0,0.0,0.002386889831437661,0.9999971513744089,0.0047737841957841256,0.0003407901751695371,0.0028407337655304175
130.55,-0.0003170810811113389,0.0017970258793255588,0.0,0.0,0.0023522311514219177,0.9999972335004784,0.0047044666411462065,-0.0004989437350448414,-0.0041590531950915785
130.566666666,-0.00031432270688554946,0.0017970388878137734,0.0,0.0,0.0023637278364433845,0.9999972063914555,0.004727460075111876,0.00016550430059764461,0.0013796060931250314
130.6,-0.0003116069133840236,0.001797051757455365,0.0,0.0,0.002375046745897679,0.9999971795725,0.004750097957565167,8.147471821382717e-05,0.0006791364600162121
130.616666666,-0.00031745185037053447,0.0017970241356148684,0.0,0.0,0.0023506858381989537,0.9999972371342283,0.004701376006155653,-0.00035070014923271013,-0.002923317201504879
130.633333333,-0.00031453257719232,0.001797037895836922,0.0,0.0,0.002362852967210063,0.9999972084590313,0.004725710331758943,0.00017515833297522022,0.0014600595069952983
130.65,-0.00031690100417966087,0.001797026726634097,0.0,0.0,0.002352981524192491,0.9999972317351418,0.004705967390840501,-0.00014210719656597429,-0.00118457643141436
130.666666666,-0.0003115206078775464,0.0017970521674483366,0.0,0.0,0.0023754064067416274,0.9999971787182216,0.004750817281282171,0.00032282739987137747,0.002690993534141285
130.699999999,-0.00031871322157031086,0.0017970182120276696,0.0,0.0,0.0023454278178672546,0.9999972494803929,0.004690859936502707,-0.00021578081741611055,-0.0017987203613710372
130.716666666,-0.0003213927512813996,0.001797005672562895,0.0,0.0,0.002334259719960218,0.9999972756120687,0.004668523679544396,-0.00016077353987789062,-0.001340175390694355
130.733333333,-0.00031586319844563606,0.0017970316150392163,0.0,0.0,0.002357306299787402,0.9999972215496445,0.004714616966018674,0.00033177681484590683,0.002765597133147821
130.75,-0.0003249800221525606,0.0017969889788191449,0.0,0.0,0.0023193082484078047,0.9999973104010075,0.004638620655492836,-0.0005470153932862129,-0.004559778540352068
130.766666666,-0.00032245816173013755,0.0017970007033644027,0.0,0.0,0.002329819086783563,0.9999972859678284,0.004659642389041006,0.0001513132666695208,0.001261304063342939
130.8,-0.00031945367394433494,0.001797014740928866,0.0,0.0,0.0023423415453589186,0.9999972567142796,0.004684687374530614,9.013561556033796e-05,0.000751349549660831
130.816666666,-0.0003339412604766883,0.0017969477454464866,0.0,0.0,0.002281958365293993,0.99999739632962,0.004563920691570382,-0.00086926452095315,-0.0072460012674575676
130.833333333,-0.0003310262522265928,0.0017969610848217305,0.0,0.0,0.002294107755172108,0.9999973685313415,0.004588219534930223,0.00017490232276827088,0.0014579305724310915
130.85,-0.00033701713064520375,0.0017969337467554937,0.0,0.0,0.002269138374872381,0.9999974255022038,0.004538280644343269,-0.0003594564404474224,-0.002996333375293943
130.866666666,-0.0003344206730378701,0.0017969455583882045,0.0,0.0,0.002279959986907616,0.9999974008878514,0.004559923924400473,0.00015578907464419836,0.001298596855376759
130.9,-0.0003423655372142672,0.0017969095932485806,0.0,0.0,0.0022468465696246,0.9999974758370606,0.0044936969201909115,-0.00023834836263950904,-0.0019868100865495014
130.916666666,-0.00034860040095313535,0.0017968817374965404,0.0,0.0,0.0022208602960967676,0.9999975338867317,0.004441724243459165,-0.00037409557284545127,-0.003118360728640713
130.933333333,-0.0003463267988625542,0.0017968918578221916,0.0,0.0,0.002230336551282854,0.9999975127963409,0.004460676800770207,0.00013641747413663358,0.0011371534159188232
130.949999999,-0.0003509390135878059,0.0017968713727504952,0.0,0.0,0.0022111132463878505,0.999997555486118,0.004422230096177242,-0.00027673562409391653,-0.0023068023678511898
130.966666666,-0.0003484064904146382,0.0017968825989556302,0.0,0.0,0.002221668468024549,0.9999975320915638,0.004443340591302276,0.00015195288025408735,0.0012666296821687148
131.0,-0.0003502517698771123,0.0017968744138893234,0.0,0.0,0.0022139772337234436,0.999997549149401,0.004427958084868721,-5.535892735921211e-05,-0.0004614751837773018
131.016666666,-0.00035506958959167514,0.0017968531773921656,0.0,0.0,0.0021938968016742048,0.999997593405516,0.004387797123231759,-0.0002890720026777451,-0.0024096577946051663
131.033333333,-0.00035261592906311726,0.001796863968719285,0.0,0.0,0.0022041235108115577,0.9999975709168243,0.004408250590959475,0.00014722105258668328,0.001227208039118098
131.05,-0.00035652387268952554,0.0017968468050676158,0.0,0.0,0.0021878353186990545,0.9999976066854451,0.004375674128186859,-0.0002344788743617795,-0.0019545877272640483
131.066666666,-0.0003539572580378251,0.0017968580632651422,0.0,0.0,0.002198532650422146,0.9999975832241721,0.004397068843088094,0.00015399836674351004,0.001283682945422042
131.1,-0.0003559421484188542,0.0017968493519301694,0.0,0.0,0.002190259865958844,0.9999976013779831,0.00438052323432474,-5.954728372494987e-05,-0.0004963682529733911
131.116666666,-0.00035981283178390016,0.0017968324586490273,0.0,0.0,0.0021741272151166967,0.9999976365826334,0.004348257855816644,-0.00023224322306240465,-0.0019359227879236591
131.133333333,-0.00035729521405051374,0.001796843432387071,0.0,0.0,0.0021846202291192873,0.9999976137143801,0.00436924393366045,0.00015105849593791528,0.001259164645444393
131.15,-0.0003612713607951517,0.0017968261254168874,0.0,0.0,0.00216804790271475,0.9999976497813841,0.004336099202357055,-0.0002385710598569982,-0.0019886838384289007
131.166666666,-0.00035863443390058206,0.0017968375884467442,0.0,0.0,0.0021790383392448027,0.9999976258931399,0.0043580801273394604,0.0001582171149298546,0.0013188555516992124
131.199999999,-0.00035993312076034855,0.0017968319356599048,0.0,0.0,0.002173624995862173,0.9999976376743984,0.004347253414934231,-3.896097525364744e-05,-0.00032480137540486577
131.216666666,-0.0003629141762753202,0.0017968190132141828,0.0,0.0,0.0021612002357883887,0.9999976646040434,0.004322403836418781,-0.00017886500782115215,-0.0014909746811065958
131.233333333,-0.00035737823399201407,0.0017968430696764224,0.0,0.0,0.0021842735170808985,0.999997614471756,0.004368550507929224,0.000332159666464705,0.0027688002352535992
131.25,-0.0003336716837668241,0.0017969434866827387,0.0,0.0,0.002051531756457536,0.9999978956065119,0.004103066391070873,0.0014224057454976474,-0.015929046692910693
131.266666666,-0.00024985938960585393,0.001797277840086475,0.0,0.0,0.0019377565830230373,0.9999981225479501,0.0038755155914112754,0.005028777865855481,-0.013653048525704523
131.3,2.5229398894540322e-05,0.0017982771775536402,0.0,0.0,0.0016950069318406517,0.9999985634747187,0.0033900154869624427,0.008252717945393225,-0.014565002842156413
131.316666666,0.00026124826261502787,0.0017990362109200988,0.0,0.0,0.0015209666041601803,0.9999988433296255,0.003041934381158911,0.014161205620715902,-0.020884867183616766
131.333333333,0.00057275501793172,0.0017999554602736814,0.0,0.0,0.0014300010235347978,0.9999989775480136,0.0028600030218082525,0.018690486325522077,-0.01091588134271553
131.35,0.0009322904376004096,0.001800939753283283,0.0,0.0,0.0013076715046457133,0.9999991449972525,0.0026153437546668347,0.021572205588935293,-0.014679555734910426
131.366666666,0.001344255896919788,0.0018019614237031912,0.0,0.0,0.0011723132564625972,0.9999993128405783,0.0023446270499694086,0.024718004559765683,-0.016243002931573592
131.4,0.0022903666875940037,0.001803967194076635,0.0,0.0,0.0009476995369624352,0.999999550932693,0.0018953993576455073,0.028383386936461176,-0.01347683050017254
131.416666666,0.0028610433285348783,0.0018049526751536236,0.0,0.0,0.0007791627537919555,0.9999996964526555,0.00155832566525912,0.034240650879817675,-0.020224422352169962
131.433333333,0.0034845140327208063,0.0018058120046012432,0.0,0.0,0.0005991358995221159,0.9999998205180708,0.0011982718707336149,0.03740827703535547,-0.02160322723945315
131.449999999,0.004178457458849579,0.0018065617429417976,0.0,0.0,0.00048126631028758615,0.9999998841913625,0.0009625326577317045,0.04163663153378428,-0.01414435334589564
131.466666666,0.004917154967591299,0.0018071524272151524,0.0,0.0,0.000318362932768384,0.9999999493225202,0.0006367258762926556,0.04432186380789374,-0.01954840649536338
131.5,0.006519915589863173,0.0018077459702657396,0.0,0.0,5.1962496088168844e-05,0.9999999986499495,0.00010392499222310568,0.04808282100357407,-0.015984026202410264
131.516666666,0.007324841716973949,0.0018077343013210314,0.0,0.0,-6.645940989672078e-05,0.9999999977915734,-0.00013291881989128872,0.04829556956356777,-0.014210629295295749
131.533333333,0.0081320784784643,0.0018075391929391592,0.0,0.0,-0.00017523966355626424,0.9999999846455301,-0.0003504793289063366,0.04843420613543405,-0.013053630279822639
131.55,0.008935513974203352,0.0018071575268364772,0.0,0.0,-0.0002998029150546677,0.9999999550591051,-0.0005996058390916099,0.04820613421942191,-0.014947590312155853
131.566666666,0.009747927773124372,0.0018065996030650526,0.0,0.0,-0.0003869452334411179,0.9999999251366903,-0.0007738904861942368,0.04874484137967271,-0.010457079244445886
131.6,0.011365910640630264,0.001805019316197456,0.0,0.0,-0.0005897562668609479,0.9999998260937577,-0.0011795126020967648,0.04853950820643081,-0.012168663233705837
131.616666666,0.012174742513778715,0.001803982731259731,0.0,0.0,-0.0006918256444541092,0.9999997606886102,-0.0013836513992827332,0.04852995418419223,-0.012248328321097198
131.633333333,0.012985243165815957,0.001802784190714526,0.0,0.0,-0.000786938817978711,0.9999996903636005,-0.0015738777984007101,0.048630091320393816,-0.011413583718800269
131.65,0.013793963229051224,0.0018014284420407541,0.0,0.0,-0.0008894722231495958,0.9999996044195039,-0.0017789446808711374,0.04852327100740768,-0.012304012702138212
131.666666666,0.014606028472266348,0.0017999118803061407,0.0,0.0,-0.00097806214346998,0.9999995216971074,-0.0019561245988133215,0.04872400150886306,-0.01063079550176802
131.699999999,0.01622484578138947,0.0017964226026681506,0.0,0.0,-0.0011773827741716858,0.9999993068846613,-0.0023547660923848956,0.04856463257358988,-0.011959244926739096
131.716666666,0.017034221382273288,0.0017944359325682035,0.0,0.0,-0.00127718295124499,0.9999991844015219,-0.002554366596935854,0.04856268137422752,-0.011976030033529901
131.733333333,0.017844858050063164,0.0017922886282350661,0.0,0.0,-0.0013717210102221972,0.9999990591902925,-0.002743442880797013,0.04863836973491824,-0.011344576804790712
131.75,0.018653575974545544,0.0017899870299567888,0.0,0.0,-0.0014742543476027722,0.9999989132864688,-0.0029485097632674408,0.04852327100740768,-0.012304012702138212
131.766666666,0.01946626803040782,0.0017875209265902792,0.0,0.0,-0.0015602220336243546,0.9999987828528621,-0.0031204453332625143,0.04876174980246152,-0.01031613461235478
131.8,0.02108494859642389,0.0017821463782950876,0.0,0.0,-0.0017600909186773481,0.9999984510387794,-0.003520183654897541,0.048560683687344924,-0.01199214940920081
131.816666666,0.02189429123372158,0.001779216460238069,0.0,0.0,-0.0018600120135607338,0.9999982701761586,-0.00372002617211837,0.0485608783789903,-0.01199055151287762
131.833333333,0.022705063887545333,0.0017761241706533112,0.0,0.0,-0.0019539704863830035,0.999998090997847,-0.003907943459523816,0.048646712075257004,-0.0112750370188195
131.85,0.023514118991196962,0.001772880604335541,0.0,0.0,-0.002055084952905552,0.9999978883106886,-0.0041101727989475015,0.04854369535817812,-0.012133760122759445
131.866666666,0.02432600962028458,0.0017694710767186198,0.0,0.0,-0.00214437855001662,0.999997700817674,-0.004288760386914438,0.048713869240386586,-0.010715255706631701
131.9,0.02594478788287502,0.0017622056409438253,0.0,0.0,-0.0023438092542189867,0.9999972532753176,-0.004687622800308508,0.048563836037245664,-0.011965872162497686
131.916666666,0.02675423362466156,0.0017583307154316577,0.0,0.0,-0.0024432839475942137,0.9999970151773211,-0.004886572757040457,0.048567302940390196,-0.011936997881402598
131.933333333,0.027564908161233286,0.001754292774588703,0.0,0.0,-0.0025376339040269185,0.999996780201901,-0.005075273255173399,0.04864107460287432,-0.011322029661529306
131.949999999,0.028373894068842654,0.0017501048936101552,0.0,0.0,-0.0026390185555751544,0.9999965177844687,-0.005278043237579777,0.048539806776488365,-0.012166199431036539
131.966666666,0.02918583972695623,0.0017457470673397438,0.0,0.0,-0.0027280637716398234,0.9999962788271054,-0.005456134311021028,0.04871744017933529,-0.010685464192759534
132.0,0.030804861217947906,0.0017365921935674803,0.0,0.0,-0.002926440514171405,0.9999957179637906,-0.00585288938243995,0.04857142025553685,-0.011902651904517806
132.016666666,0.03161428404881751,0.0017317740968469772,0.0,0.0,-0.003025989431639116,0.9999954216834993,-0.006051988099253377,0.04856623218015688,-0.011945923486648394
132.033333333,0.03242499414846545,0.0017267912734557815,0.0,0.0,-0.003120169105493545,0.9999951322605292,-0.006240348336453679,0.04864352376699238,-0.01130161400597926
132.05,0.03323371572726774,0.0017216616354122063,0.0,0.0,-0.003222632647035625,0.999994807305929,-0.006445276450191381,0.048524269850848976,-0.012295686578341292
132.066666666,0.03404620161404686,0.001716354364032553,0.0,0.0,-0.00330940260757032,0.9999945239121968,-0.006618817296886607,0.0487501951808393,-0.010412451218216661
132.1,0.03566466661200132,0.0017053162215616324,0.0,0.0,-0.00351060888386931,0.9999938377936458,-0.007021232189838416,0.04855507817799377,-0.012072446547108566
132.116666666,0.03647432937430702,0.0016995512929153475,0.0,0.0,-0.0036094160359966547,0.9999934860367237,-0.007218847746436489,0.048580999082479065,-0.011856933870167478
132.133333333,0.03728499781370274,0.0016936223966868933,0.0,0.0,-0.0037040268152271844,0.9999931400691467,-0.007408070570079405,0.048641406218896836,-0.011353369191500965
132.15,0.03809399771874548,0.001687546991293233,0.0,0.0,-0.003805587049204954,0.9999927587273875,-0.007611192469991971,0.04854136205981647,-0.012187313751000581
132.166666666,0.0389058237555779,0.0016812950204133632,0.0,0.0,-0.003895363092823836,0.9999924130444066,-0.007790745888338669,0.04871100855259907,-0.010773205531735339
132.199999999,0.04052460513077261,0.0016683597348120716,0.0,0.0,-0.004095200684311909,0.9999916146305204,-0.008190424261881159,0.048564992157239535,-0.011990351326177609
132.216666666,0.04133407468248709,0.0016616490728939288,0.0,0.0,-0.004194782491707015,0.99999120186122,-0.008389589587686293,0.04856984108401474,-0.011949919309302764
132.233333333,0.042144506025977836,0.0016547722698985793,0.0,0.0,-0.004290349992584034,0.9999907964061175,-0.008580726309690943,0.048627630170237385,-0.011468203090927661
132.25,0.042953909504118565,0.0016477460072850574,0.0,0.0,-0.0043901959306515805,0.9999903630434098,-0.008780420066830292,0.048566037488190286,-0.011981625188721453
132.266666666,0.043765796129488506,0.0016405444559339218,0.0,0.0,-0.0044796864511863505,0.9999899661543105,-0.00895940286814803,0.048715115797076124,-0.01073896850862815
132.3,0.04538454929598278,0.0016257174083582047,0.0,0.0,-0.004679573498219014,0.9999890507359942,-0.009359181155178076,0.048564631116624936,-0.011993348371027494
132.316666666,0.04619400459189549,0.00161806071377717,0.0,0.0,-0.004779179470415188,0.9999885796565826,-0.009558395327577133,0.0485694924053449,-0.011952850822063122
132.333333333,0.04700482154888315,0.001610234205446548,0.0,0.0,-0.004873103715743442,0.9999881263595961,-0.009746246005990873,0.04865128278284439,-0.011271040479396997
132.35,0.047813782130688987,0.0016022673830225326,0.0,0.0,-0.00497475890620155,0.9999876258103523,-0.009949558851679668,0.048539987651324015,-0.012198770497365957
132.366666666,0.04862569387486693,0.0015941164017746693,0.0,0.0,-0.005064107082076535,0.9999871773275202,-0.010128257454632788,0.04871716142856664,-0.010721916606068919
132.4,0.050244505317347504,0.001577397002996559,0.0,0.0,-0.005263673841246814,0.9999861467728905,-0.010527396295342443,0.04856693245191369,-0.01197416498179941
132.416666666,0.05105398414399621,0.0015687944563684277,0.0,0.0,-0.0053631418646870495,0.9999856182512523,-0.010726335150575774,0.04857147411085133,-0.011936331791458907
132.433333333,0.051864639586214845,0.0015600220979523325,0.0,0.0,-0.005457698605286476,0.999985106652061,-0.010915451399831959,0.04864217333065975,-0.011346974728424927
132.449999999,0.05267368458883328,0.0015511087192715694,0.0,0.0,-0.005558960498772853,0.9999845488597177,-0.011117978259418605,0.04854564801328356,-0.012151612061269112
132.466666666,0.05348574180438947,0.0015420078735437878,0.0,0.0,-0.00564766008021405,0.9999840518406373,-0.011295380207333148,0.04872649169860034,-0.010644116661983982
132.5,0.055104497471037336,0.0015233993018484045,0.0,0.0,-0.0058473727412884395,0.9999829039698751,-0.011694812127606317,0.048565877673281084,-0.011982957368539172
132.516666666,0.05591391243327035,0.001513852211470748,0.0,0.0,-0.00594706246532745,0.999982316067656,-0.011894195042784364,0.04856827781164741,-0.011962975389207651
132.533333333,0.05672463804815188,0.0015041324301419974,0.0,0.0,-0.006041281411669136,0.9999817512929449,-0.012082636320924581,0.048647031705158224,-0.011306476462276721
132.55,0.05753332477647077,0.0014942778136793876,0.0,0.0,-0.006143990570491068,0.9999811255118117,-0.01228805845135078,0.04852480523093352,-0.012325327579058335
132.566666666,0.058345628613269696,0.0014842244841800432,0.0,0.0,-0.006231615241779563,0.999980583297235,-0.012463311149132893,0.04874196471038917,-0.010515162287538305
132.6,0.059964323086563145,0.001463725557693636,0.0,0.0,-0.0064314870567584136,0.9999793177732421,-0.012863062792566259,0.04856472700563671,-0.011992549063153234
132.616666666,0.060773748716247675,0.0014532326599374773,0.0,0.0,-0.006531083169782183,0.9999786722488783,-0.013062259202567525,0.04856962025731306,-0.011951785078153171
132.633333333,0.061584202470023545,0.001442568447923158,0.0,0.0,-0.006626385252689515,0.9999780452682363,-0.013252867493237959,0.04863143376597892,-0.011436497211489415
132.65,0.062393614359557724,0.0014317601287400312,0.0,0.0,-0.006726021202498411,0.999977380063561,-0.013452143834029274,0.0485690420092617,-0.011956580208340294
132.666666666,0.06320496840499132,0.001420770738936773,0.0,0.0,-0.00681755318010323,0.9999767602142744,-0.013635211986838407,0.04868570984439993,-0.010984089607917033
132.699999999,0.0648236878192971,0.0013983745226166145,0.0,0.0,-0.007017215516200759,0.9999753790401038,-0.014034546213923742,0.04856623072314391,-0.011980026932359646
132.716666666,0.06563306224772496,0.0013869338162889394,0.0,0.0,-0.0071169710915601645,0.9999746740405389,-0.014234062347085203,0.04856731600779514,-0.011970967750261392
132.733333333,0.06644373733127099,0.0013753173529100372,0.0,0.0,-0.0072112958842878785,0.9999739982677895,-0.014422716773998883,0.048645497481715344,-0.011319265388448097
132.75,0.06725247229556489,0.001363569553150732,0.0,0.0,-0.007313697847450098,0.9999732545542387,-0.014627526101701377,0.048529216123570286,-0.012288559416371136
132.766666666,0.06806476210911179,0.0013516157615736009,0.0,0.0,-0.007401272979288581,0.9999726102040426,-0.014802681106295651,0.04874266789621404,-0.010509300696033556
132.8,0.06968327742817385,0.0013273321936449784,0.0,0.0,-0.007601067689264996,0.999971111467718,-0.015202281769347813,0.048560923409770834,-0.011988019651797518
132.816666666,0.07049254526548465,0.0013149479257053168,0.0,0.0,-0.007700640776815556,0.9999703496262409,-0.015401433773354607,0.04856175736127138,-0.011949120718378248
132.833333333,0.0713031742822436,0.0013023859595676008,0.0,0.0,-0.007794529993511375,0.9999696221896844,-0.015589217842776637,0.0486435797022251,-0.011267043939974441
132.85,0.07211167873198386,0.0012896979022368792,0.0,0.0,-0.007897264540058025,0.999968816120175,-0.015794693260396203,0.04851623914966368,-0.01232852481061735
132.866666666,0.07292374736845941,0.0012767990856549427,0.0,0.0,-0.007985132351171603,0.9999681183224465,-0.01597043442411751,0.048730266255302766,-0.010544470245061941
132.9,0.07454193918756917,0.001250629141907671,0.0,0.0,-0.008185618862321959,0.9999664972607036,-0.016371420554197186,0.0485521016244973,-0.012029583661791701
132.916666666,0.07535153503483409,0.0012372942434108354,0.0,0.0,-0.008283761663556979,0.9999656890577303,-0.01656771281216,0.04858234152814472,-0.01177753594887602
132.933333333,0.0761619528260269,0.0012237894704165795,0.0,0.0,-0.008378467481714153,0.9999649000253248,-0.016757131022178587,0.04863181732186038,-0.011365092373806977
132.949999999,0.07697074659366972,0.0012101530489367388,0.0,0.0,-0.008479931574263263,0.9999640447338574,-0.016960066416914374,0.048534524892053864,-0.012176124171197978
132.966666666,0.07778270589688936,0.0011963091593510111,0.0,0.0,-0.008568189722270563,0.9999632923887172,-0.017136589126138375,0.04872463784517328,-0.010591362341606719
133.0,0.07940115162403437,0.0011682491477942249,0.0,0.0,-0.008767485219231246,0.9999615648628354,-0.017535195094914368,0.04856066770589127,-0.011958178824119486
133.016666666,0.08021037771442742,0.0011539771154884988,0.0,0.0,-0.00886710175463505,0.9999606864804601,-0.01773443591091011,0.048561118101430586,-0.011954449437928009
133.033333333,0.08102086868524627,0.0011395255255059985,0.0,0.0,-0.008961434101011473,0.9999598455432365,-0.017923108100221574,0.04863718710420079,-0.011320331132274748
133.05,0.08183012539948983,0.0011249390543061355,0.0,0.0,-0.009060899489990322,0.9999589492076324,-0.018122046955454902,0.04856328867103983,-0.011936331075266126
133.066666666,0.08264172716518549,0.0011101567483441082,0.0,0.0,-0.009150578118335763,0.9999581325836099,-0.018301411648325095,0.04870418445379867,-0.010761882002692076
133.1,0.08426014763251104,0.001080211454028661,0.0,0.0,-0.009349837052122415,0.9999562893182375,-0.018699946567509937,0.048560923409812246,-0.0119560473364275
133.116666666,0.08506960583370746,0.0010649930387759458,0.0,0.0,-0.00944841400520167,0.9999553627401506,-0.018897109182964396,0.048576076781705,-0.011829757400463664
133.133333333,0.08587993031094454,0.0010496014514244723,0.0,0.0,-0.00954336750238419,0.9999544610314584,-0.01908702474012107,0.04862823746696677,-0.011394933201495148
133.15,0.08668916949960462,0.0010340730829617774,0.0,0.0,-0.009642832352889864,0.9999535068112987,-0.0192859635953544,0.04856328867103983,-0.011936331075266126
133.166666666,0.08750041900509749,0.0010183515009001484,0.0,0.0,-0.009733904772986038,0.9999526244267127,-0.019468116984677413,0.048684111694797964,-0.010929203796554496
133.199999999,0.08911888440159219,0.0009865169613841812,0.0,0.0,-0.009932825128686363,0.9999506682756719,-0.019865976932746283,0.048563354053946656,-0.011935798561423558
133.216666666,0.08992822843105622,0.0009703562946453052,0.0,0.0,-0.010031801158643619,0.9999496802167164,-0.02006393885610123,0.04857032052886657,-0.011877715163735788
133.233333333,0.09073851948326438,0.0009540194576377314,0.0,0.0,-0.010126816278800584,0.9999487224813357,-0.02025397875004243,0.04862734250332629,-0.011402393408436637
133.25,0.09148239673704488,0.000938932205644232,0.0,0.0,-0.010151966541154257,0.9999484674598723,-0.02030428186058,0.0446418133390102,-0.0030181865718887273
133.266666666,0.09214294376509374,0.00092550212548998,0.0,0.0,-0.010176637237181152,0.9999482166865157,-0.020353625801636986,0.039641014135060174,-0.002960636581845785
133.3,0.0932778243250383,0.000902249951338592,0.0,0.0,-0.01030879142492701,0.9999468629979081,-0.02061794804313048,0.034053561453413185,-0.007929667086206973
133.316666666,0.0937046700160378,0.0008934661272343845,0.0,0.0,-0.010266394825099685,0.9999472991799594,-0.020533150356087278,0.025616164636071092,0.005087861426109333
133.333333333,0.09402864438274551,0.0008868004707456465,0.0,0.0,-0.010304981592980324,0.9999469022674996,-0.020610327974479134,0.019442575483081558,-0.004630657010895672
133.35,0.09427092975530102,0.0008817983273630701,0.0,0.0,-0.010337387361564247,0.9999465677837677,-0.020675142964010063,0.014540219910227373,-0.003888899294082195
133.366666666,0.09443118128573669,0.0008784803788932592,0.0,0.0,-0.010363914081563745,0.9999462932002449,-0.020728199246204882,0.00961715289676431,-0.003183377059025685
133.4,0.09457290212772597,0.0008755274653802619,0.0,0.0,-0.010468821992299253,0.9999452003815477,-0.020938026451282676,0.004252547983708381,-0.0062948160264339045
133.416666666,0.09457689449680715,0.0008754439273086205,0.0,0.0,-0.010452179536172225,0.999945374479498,-0.020904739717826675,0.000239594588326881,0.0019972040872494566
133.433333333,0.09457478966153418,0.0008754879532300907,0.0,0.0,-0.010460953680958918,0.9999452827270524,-0.020922288966841902,-0.0001263177369602658,-0.001052954919853839
133.449999999,0.09456222031720504,0.000875751629974499,0.0,0.0,-0.010513349872916045,0.9999447332100158,-0.021027087113795175,-0.0007543266121283873,-0.006287889068714936
133.466666666,0.09456421436727286,0.0008757097113129097,0.0,0.0,-0.010505037529809675,0.999944820570864,-0.021010461509464964,0.00011966943501498863,0.0009975362398615315
133.5,0.09456507930801038,0.0008756915389544509,0.0,0.0,-0.010501431961954438,0.9999448584430786,-0.02100324997596275,2.595394797870022e-05,0.00021634600073938413
133.516666666,0.09454686871152661,0.0008760754600135366,0.0,0.0,-0.01057734423361551,0.9999440583297465,-0.021155082952260477,-0.0010928786238090602,-0.009109978942266997
133.533333333,0.09454919509706185,0.0008760262603634188,0.0,0.0,-0.010567646506462981,0.9999441608646527,-0.021135686413875227,0.00013961434085082007,0.0011637922798384535
133.55,0.09454727987666625,0.0008760667611881547,0.0,0.0,-0.01057563025810138,0.9999440764586007,-0.021151654809487257,-0.00011493891247700296,-0.0009581037175593127
133.566666666,0.09455057559002834,0.0008759970862997932,0.0,0.0,-0.010561891810759642,0.9999442216650776,-0.021124176380108158,0.00019778699473942633,0.0016487058286952555
133.6,0.09453920996735767,0.0008762377501936111,0.0,0.0,-0.010609270352143414,0.9999437201075844,-0.021218938772310816,-0.0003410451045969598,-0.0028428717092231883
133.616666666,0.0945392355319941,0.0008762372076604548,0.0,0.0,-0.010609163783754616,0.9999437212382553,-0.021218725623537354,1.5342236178882456e-06,1.278892691942021e-05
133.633333333,0.09453298285144676,0.000876370064546294,0.0,0.0,-0.01063522863192221,0.999943444356703,-0.021270858261047156,-0.00037524550402670044,-0.003127958188027345
133.65,0.09453500032546926,0.0008763271616447288,0.0,0.0,-0.01062681861185419,0.9999435337688778,-0.021254037270341267,0.00012107580658033573,0.0010092594221675967
133.666666666,0.0945366556346833,0.0008762919857703435,0.0,0.0,-0.01061991830971636,0.9999436070774667,-0.021240235887259453,9.934097925826391e-05,0.0008280830180324586
133.699999999,0.09452842383149891,0.0008764671401282931,0.0,0.0,-0.010654233320750838,0.9999432420454408,-0.02130886979231495,-0.00024700999506957515,-0.002059017172255034
133.716666666,0.0945253859071735,0.0008765319231535014,0.0,0.0,-0.010666897190703207,0.9999431070337567,-0.02133419897156162,-0.00018231689565317713,-0.0015197507244044276
133.733333333,0.09452771015347697,0.0008764823522268274,0.0,0.0,-0.010657208353466924,0.9999432103425228,-0.02131482019557416,0.00013948648889057182,0.0011627265359944303
133.75,0.09451103354778187,0.0008768390248393629,0.0,0.0,-0.010726726404469067,0.9999424670152997,-0.021453864245464024,-0.0010008251466851826,-0.00834264282653426
133.766666666,0.09451321292253188,0.0008767922814643278,0.0,0.0,-0.010717641460271559,0.9999425644313422,-0.021435693312526198,0.00013079256342497293,0.001090256019880573
133.8,0.09450903312537201,0.0008768819649059009,0.0,0.0,-0.010735065370064552,0.9999423775255755,-0.021470543136987607,-0.00012542277323686308,-0.0010454947129317973
133.816666666,0.09450549031300111,0.0008769580950517948,0.0,0.0,-0.010749833951603139,0.9999422188656767,-0.021500082004510198,-0.00021261782304567937,-0.0017723321222496507
133.833333333,0.09450782094217298,0.0008769080012660049,0.0,0.0,-0.010740118480908806,0.9999423232642051,-0.021480649941329373,0.00013987004477179226,0.0011659237675304653
133.85,0.09450398200871774,0.0008769905382036904,0.0,0.0,-0.010756121476886434,0.9999421512521485,-0.02151265778214459,-0.00023038923279634322,-0.0019204704105059243
133.866666666,0.09450619546669708,0.0008769429339269017,0.0,0.0,-0.010746894444580529,0.9999422504623939,-0.02149420265084214,0.0001328381949154906,0.0011073079224398
133.9,0.09450464881550452,0.0008769761930586316,0.0,0.0,-0.010753341822399782,0.9999421811483155,-0.021507098151636733,-4.6410261656453934e-05,-0.0003868650161001453
133.916666666,0.09450110387554704,0.0008770524986001928,0.0,0.0,-0.010768119281719975,0.9999420221228502,-0.021536654781557106,-0.0002127456750138367,-0.0017733978661596025
133.933333333,0.09450340680803916,0.0008770029155882115,0.0,0.0,-0.010758519261840096,0.999942125456915,-0.021517453629547535,0.00013820796928547298,0.0011520690975323886
133.949999999,0.0944994847931439,0.0008770873845445456,0.0,0.0,-0.010774868601300412,0.9999419494183773,-0.021550154203876515,-0.00023537547337768835,-0.0019620345382210507
133.966666666,0.09450167055449922,0.0008770402936833131,0.0,0.0,-0.010765757019750908,0.9999420475586531,-0.02153192998374532,0.00013117611145873755,0.0010934531860020635
134.0,0.0945004285476979,0.0008770670470542037,0.0,0.0,-0.010770934458499365,0.9999419918029699,-0.021542285461656128,-3.726884648172963e-05,-0.00031066433111098763
134.016666666,0.09449721381783033,0.0008771363535003237,0.0,0.0,-0.010784335409253122,0.9999418473640258,-0.02156908891991926,-0.00019292861994944687,-0.0016082075601170915
134.033333333,0.09449936762272508,0.0008770899100333565,0.0,0.0,-0.010775357038882584,0.9999419441551017,-0.021551131135754895,0.00012925833205144606,0.0010774670283119746
134.05,0.09448071832989796,0.0008774908121874318,0.0,0.0,-0.010717827954736123,0.9999425624324293,-0.02143606632287976,-0.0011192160620953104,0.0069038886344262845
134.066666666,0.09445931648526652,0.0008779457954704815,0.0,0.0,-0.010537638606353514,0.9999444775449294,-0.02107566727174724,-0.0012844008721087765,0.021623943932919675
134.1,0.09440143941977266,0.0008791328784629711,0.0,0.0,-0.009969547067762074,0.9999503028307275,-0.01993942444760252,-0.001736677105264406,0.03408728404260508
134.116666666,0.09436953144327534,0.0008797519172391869,0.0,0.0,-0.009428467720993709,0.9999555510103607,-0.018857214837530993,-0.0019148389270926879,0.06493257920162626
134.133333333,0.09433084346145326,0.0008804564681147267,0.0,0.0,-0.008780371342799603,0.9999614517965593,-0.017560968334105753,-0.002321663750467071,0.07777478864997328
134.15,0.09429081651889307,0.0008811283091389625,0.0,0.0,-0.00800257446848275,0.9999679788882624,-0.016005319773374476,-0.0024019547816523427,0.09333891177704359
134.166666666,0.09424894338325954,0.0008817606853138306,0.0,0.0,-0.007098325485475152,0.9999748065702967,-0.014196770192927836,-0.0025126747301964744,0.10851297916737054
134.199999999,0.09417528471467237,0.0008826502013467234,0.0,0.0,-0.004977196765116355,0.9999876136794702,-0.009954434629872656,-0.002209921203301037,0.12727006816434985
134.216666666,0.09412355776203096,0.000883099539813222,0.0,0.0,-0.0037092933299919606,0.9999931205478326,-0.007418603671968093,-0.003103734192760538,0.15214985443118773
134.233333333,0.09407847370633601,0.00088336949365994,0.0,0.0,-0.002278414386042391,0.9999974044105742,-0.004556832714641067,-0.0027050917799694946,0.17170625400568895
134.25,0.09403501488685002,0.0008834992198927163,0.0,0.0,-0.0007066128369982689,0.9999997503491181,-0.0014132257916008948,-0.002607540734113986,0.1886164116099719
134.266666666,0.09399403833459065,0.0008834867547149818,0.0,0.0,0.001010815411857066,0.999999489125971,0.0020216311679804306,-0.0024585933476659132,0.2060914258186368
134.3,0.09391587306421746,0.0008830378601658091,0.0,0.0,0.004731993617332439,0.9999888040555281,0.00946402255424824,-0.0023449967332557853,0.2232717371224691
134.316666666,0.09387121523229551,0.0008825211105344841,0.0,0.0,0.006838729328257134,0.9999766156171728,0.013677565270487952,-0.0026796494006099793,0.25281257308700866
134.333333333,0.09383038023896384,0.0008818703278162329,0.0,0.0,0.009096630944145695,0.9999586247967793,0.018193512809080114,-0.0024504106746765708,0.2709568468962345
134.35,0.09378970636454095,0.0008810328855237525,0.0,0.0,0.011489276224920271,0.9999339960876555,0.022979058021309014,-0.0024409496296047602,0.2871327069914018
134.366666666,0.09374879852305176,0.0008799892591163936,0.0,0.0,0.014016126387936586,0.9999017692759011,0.028033170688102915,-0.0024552691964938246,0.3032467721376523
134.4,0.0936721684106422,0.0008774304426151892,0.0,0.0,0.019361590754588587,0.9998125468323809,0.03872560128496073,-0.0023001846211054065,0.32077291149008874
134.416666666,0.09362419520169223,0.0008754322695929579,0.0,0.0,0.022263150411822738,0.9997521453509067,0.044529979871951106,-0.0028808883984896513,0.3482627291501014
134.433333333,0.09358087903787003,0.0008733694334897113,0.0,0.0,0.02531913047293101,0.9996794194300964,0.050643672854033726,-0.0026019152478525998,0.3668215715883121
134.449999999,0.09354324904267503,0.0008713458449669715,0.0,0.0,0.02839854167910084,0.9995966800817719,0.05680472038862101,-0.0022610620568628004,0.3696628668619313
134.466666666,0.09350731899189506,0.0008691913353022075,0.0,0.0,0.031484722693847327,0.9995042332260987,0.06297985350465472,-0.0021596753165311843,0.3705079795516465
134.5,0.09343455377100063,0.0008641515098329155,0.0,0.0,0.03765219666255844,0.9992909046351238,0.07532219770730839,-0.0021881863037214494,0.37027031867430293
134.516666666,0.0933978922638744,0.0008612711039400651,0.0,0.0,0.04073414164822313,0.9991700204190388,0.08149082978575144,-0.002206469266459612,0.3701179395114806
134.533333333,0.0933611005929088,0.0008581520255603695,0.0,0.0,0.04381507804319917,0.9990396583399822,0.08765821849634928,-0.002215418771303122,0.37004331523478795
134.55,0.09332426094997755,0.0008547999308765905,0.0,0.0,0.04689531390775087,0.9988998095572416,0.09382503881021788,-0.0022195100340386778,0.3700092114317157
134.566666666,0.09328747661357671,0.0008512240115004732,0.0,0.0,0.0499752458409188,0.9987504567223685,0.0999921433224511,-0.002217464535721144,0.3700262855352247
134.6,0.09321388401347154,0.0008433820240721574,0.0,0.0,0.056133264733347794,0.9984232852805347,0.11232557080141486,-0.002220277145803488,0.37000281696895526
134.616666666,0.09317711708965933,0.0008391198543890507,0.0,0.0,0.059211452856764546,0.9982454627247704,0.11849221349130555,-0.0022207886868932354,0.369998576193566
134.633333333,0.09314040253016291,0.0008346341358693225,0.0,0.0,0.06228918443244678,0.9980581433477413,0.12465906932996973,-0.002219254330117702,0.3700113429194078
134.65,0.09310371633139777,0.0008299220906850011,0.0,0.0,0.06536632379244973,0.9978613349127526,0.13082592516863395,-0.002219254330117702,0.3700113429194078
134.666666666,0.09306705144120607,0.0008249827613741227,0.0,0.0,0.06844280623931738,0.9976550417223817,0.13699270995770696,-0.0022197658711479765,0.37000710214484567
134.699999999,0.09299377821119341,0.0008144207610824202,0.0,0.0,0.07459363035488052,0.9972140142970712,0.1493259598126928,-0.0022209164722327072,0.3699974993495326
134.716666666,0.09295722360496823,0.0008088059530460427,0.0,0.0,0.07766812612428378,0.9969792686833274,0.1554928511761526,-0.002218998626196733,0.3700134744070998
134.733333333,0.09292066644424851,0.00080295977393599,0.0,0.0,0.08074172411426117,0.9967350570673515,0.16165942281645215,-0.0022212999614892714,0.3699942910185026
134.75,0.09288415443752988,0.0007968896715974567,0.0,0.0,0.08381458992121506,0.9964813668686127,0.16782606550634288,-0.002220788553643539,0.3699985539932557
134.766666666,0.09284766795769582,0.0007905923570581329,0.0,0.0,0.08688660582867429,0.9962182078879971,0.17399260162184685,-0.00222155579870218,0.3699921817301063
134.8,0.09277489218417613,0.0007773374059260127,0.0,0.0,0.09302829848672392,0.9956634650727448,0.18632601133841284,-0.002219190404137464,0.3700022840967167
134.816666666,0.09273863726382427,0.000770387075678873,0.0,0.0,0.09609764271132802,0.9953719119330854,0.19249233430514337,-0.0022149074963580028,0.369979392803187
134.833333333,0.0927023966261522,0.000763207526634803,0.0,0.0,0.0991659497196246,0.9950709092402434,0.19865840859830486,-0.0022166972909079896,0.36996445019018354
134.85,0.09266619677134137,0.0007558037997221088,0.0,0.0,0.10223329647527865,0.9947604501043443,0.20482444736667077,-0.0022169529948327426,0.36996231870312246
134.866666666,0.0926300641065212,0.0007481814004332036,0.0,0.0,0.10529975982158948,0.9944405264175006,0.21099066375901457,-0.002215674608166947,0.3699729983397272
134.9,0.092557926222394,0.0007322651902808863,0.0,0.0,0.11142958397223164,0.9937723319834254,0.22332295444451983,-0.0022161858830660386,0.36996871316556756
134.916666666,0.0925219324283323,0.0007239738208503229,0.0,0.0,0.1144929218492258,0.9934240639557848,0.22948909978727244,-0.0022161860160395765,0.36996873536408736
134.933333333,0.09248598214971217,0.0007154587042634174,0.0,0.0,0.11755513615478536,0.9930663572811386,0.23565517408043396,-0.0022166972909079896,0.36996445019018354
134.949999999,0.09245010990509532,0.0007067281218481399,0.0,0.0,0.12061633888209275,0.9926991985464076,0.2418214615223689,-0.002215163200294314,0.36997726131536707
134.966666666,0.09241427563851067,0.0006977723775278735,0.0,0.0,0.12367632455438944,0.9923226122308799,0.24798760686512153,-0.002216185883066045,0.36996871316556756
135.0,0.09234279233641109,0.0006792030675610234,0.0,0.0,0.12979281051990374,0.9915411369869352,0.2603200396498091,-0.0022156744752259835,0.36997297614126706
135.016666666,0.09230712574502177,0.0006695849013544277,0.0,0.0,0.13284916459226073,0.9911362668509,0.2664861494677662,-0.0022164417199758944,0.36996660387626745
135.033333333,0.09227153146195383,0.0006597503982757269,0.0,0.0,0.1359043086968691,0.9907219685045983,0.27265236586011005,-0.0022156744752241005,0.3699729761409516
135.05,0.09223599849686046,0.0006496966015004123,0.0,0.0,0.1389581609564635,0.9902982528024563,0.27881858225245376,-0.0022156744752241005,0.3699729761409516
135.066666666,0.09220051182599481,0.0006394191536544097,0.0,0.0,0.1420106220129901,0.9898651338619234,0.2849846565456152,-0.002216697423912206,0.3699644723884476
135.1,0.09212976021104881,0.0006182172608187502,0.0,0.0,0.1481115886103554,0.988970655438935,0.2973170538055072,-0.0022158023271864695,0.369971910397421
135.116666666,0.09209448193113144,0.0006072889409173254,0.0,0.0,0.1511599658140952,0.9885093144402239,0.3034832346730555,-0.0022159303121032617,0.36997086685190733
135.133333333,0.09205925951776753,0.0005961394413690939,0.0,0.0,0.1542068535261836,0.9880385854436831,0.3096493089662169,-0.0022166972909079896,0.36996445019018354
135.15,0.09202411868786968,0.0005847769027492775,0.0,0.0,0.15725232810930528,0.9875584566516573,0.3158154898337651,-0.002215930179145073,0.36997084465325963
135.166666666,0.09198905263611935,0.0005731992323199912,0.0,0.0,0.16029632547271097,0.9870689378356239,0.32198170622610894,-0.002215674608166947,0.3699729983397272
135.199999999,0.09191910138793272,0.0005493838661308594,0.0,0.0,0.16637956253220235,0.9860617836482626,0.33431381928763626,-0.002216825209374411,0.3699633955454372
135.216666666,0.09188425951262448,0.0005371609602821746,0.0,0.0,0.16941891962405628,0.9855441287296158,0.3404800712047756,-0.0022154187713031284,0.36997510762864366
135.233333333,0.09184945353974988,0.0005247090951729881,0.0,0.0,0.17245649131491742,0.9850171361978165,0.34664596787395924,-0.002217975810516633,0.3699537927523544
135.25,0.0918147770566133,0.0005120618333755933,0.0,0.0,0.17549265120981397,0.9844807409854957,0.3528123263654853,-0.0022146516595402117,0.36998150209171965
135.266666666,0.09178014326571143,0.0004991876270587352,0.0,0.0,0.17852698558049268,0.9839350158519324,0.35897836513385123,-0.0022169531278485206,0.36996234090062774
135.3,0.09171114067921164,0.0004728087884129398,0.0,0.0,0.18459063954206104,0.9828154942782765,0.3713106558193565,-0.0022161858830660386,0.36996871316556756
135.316666666,0.09167674698474605,0.0004592945960573636,0.0,0.0,0.18761977924783263,0.9822417311614258,0.3774766590629268,-0.0022172088317848355,0.3699602094128078
135.333333333,0.09164244914335636,0.00044557333742279397,0.0,0.0,0.19064718795779764,0.9816586217844695,0.38364276888088383,-0.0022164415869870206,0.36996658167787555
135.35,0.09160824840197132,0.00043164567693584514,0.0,0.0,0.19367283680255368,0.9810661712060259,0.38980898527322766,-0.002215674475227879,0.3699729761415825
135.366666666,0.09157411056762146,0.000417497607105714,0.0,0.0,0.1966965401883504,0.9804644160182115,0.3959749885167979,-0.0022172088317848355,0.3699602094128078
135.4,0.0915061309047258,0.00038858453904723554,0.0,0.0,0.2027384486481397,0.9792329250182235,0.4083072792023033,-0.0022161858830660386,0.36996871316556756
135.416666666,0.09147226842403773,0.00037381084130416015,0.0,0.0,0.20575649182277095,0.9786032219816089,0.4144733534954647,-0.002216697423912206,0.3699644723884476
135.433333333,0.09143850157806332,0.00035883035481504207,0.0,0.0,0.208772596630197,0.977964213504914,0.42063946331342184,-0.0022164415869870206,0.36996658167787555
135.449999999,0.09140482385963503,0.0003436401927086633,0.0,0.0,0.21178669964867922,0.9773159130250157,0.42680553760658324,-0.002216697423912206,0.3699644723884476
135.466666666,0.09137124431874054,0.0003282444369355472,0.0,0.0,0.21479880695896858,0.9766583192340113,0.4329716474245403,-0.0022164415869870206,0.36996658167787555
135.5,0.09130436132747065,0.0002968276537077364,0.0,0.0,0.22081681586662166,0.9753152997008334,0.4453037604860677,-0.0022168251428703596,0.36996338444665294
135.516666666,0.09127107615022141,0.0002808152524675216,0.0,0.0,0.22382272958109498,0.974629871142306,0.4514699058288203,-0.0022161860160395765,0.36996873536408736
135.533333333,0.09123790948627442,0.0002646072685431921,0.0,0.0,0.2268266022838783,0.9739351582607291,0.4576362287955509,-0.002214907363461184,0.3699793706040277
135.55,0.09120482430758596,0.00024818560696029273,0.0,0.0,0.2298282323662357,0.9732312076826408,0.4638023741383034,-0.002216185883066045,0.36996871316556756
135.566666666,0.09117184482149085,0.0002315621684863015,0.0,0.0,0.23282769512975218,0.9725180020856,0.46996855500585166,-0.0022159303121032617,0.36997086685190733
135.6,0.09110617344575472,0.00019769493679635262,0.0,0.0,0.23881984928764813,0.9710638905788975,0.48230070359217464,-0.002216697290909873,0.36996445019049895
135.616666666,0.09107350709039845,0.00018046431180670253,0.0,0.0,0.24181258729248753,0.9703229733583107,0.48846688445972286,-0.0022159303121032617,0.36997086685190733
135.633333333,0.09104094384507101,0.00016303057807764675,0.0,0.0,0.24480300954056805,0.9695728371400885,0.4946330298024755,-0.002216185883066045,0.36996871316556756
135.65,0.09100849246203732,0.00014539842140307807,0.0,0.0,0.24779112206381415,0.968813480411145,0.5007992106700236,-0.002215930179145073,0.36997084465325963
135.666666666,0.09097615041830961,0.00012756650010133883,0.0,0.0,0.2507768792236416,0.9680449146846706,0.5069653915375718,-0.0022159303121032617,0.36997086685190733
135.699999999,0.09091177667643219,9.129336499953236e-05,0.0,0.0,0.25674111094993324,0.966480212910846,0.5192975401238947,-0.0022166973574100895,0.3699644612893152
135.716666666,0.09087977000802239,7.286625488695512e-05,0.0,0.0,0.25971963190966046,0.9656840646923354,0.5254637209914429,-0.002215930179145073,0.36997084465325963
135.733333333,0.0908478775722598,5.424213743336261e-05,0.0,0.0,0.26269568412024524,0.9648787372227643,0.531629901858991,-0.0022159301791488516,0.3699708446538905
135.75,0.09081608224578605,3.5410864814547924e-05,0.0,0.0,0.265669153672541,0.964064261751734,0.5377959051025615,-0.0022172086987499342,0.3699601872147995
135.766666666,0.09078441459789123,1.639048260703692e-05,0.0,0.0,0.2686401493967528,0.9632406086394459,0.5439620149205183,-0.0022164417199758944,0.36996660387626745
135.8,0.09072145201959377,-2.2223310413308844e-05,0.0,0.0,0.2745745375768567,0.9615658185035777,0.5562944121804104,-0.0022158023271845804,0.36997191039710553
135.816666666,0.09069013800587342,-4.182847014425127e-05,0.0,0.0,0.27753777108713645,0.9607147264510856,0.5624604864735719,-0.002216697423912206,0.3699644723884476
135.833333333,0.09065895267058574,-6.162177408740736e-05,0.0,0.0,0.28049840066886383,0.9598544927342944,0.5686266318163246,-0.002216185883066045,0.36996871316556756
135.85,0.09062789714451426,-8.16023831459391e-05,0.0,0.0,0.2834563980886004,0.9589851252144826,0.5747928482086685,-0.002215674475227879,0.3699729761415825
135.866666666,0.0905969511324557,-0.00010178341585056984,0.0,0.0,0.28641163302667744,0.9581066623643695,0.5809589225018299,-0.002216697423912206,0.3699644723884476
135.9,0.09053547410007622,-0.00014269023536434152,0.0,0.0,0.2923140945685632,0.9563223672572764,0.5932914618609042,-0.002215290919342636,0.36997617337248956
135.916666666,0.09050491726183163,-0.00016343306174576648,0.0,0.0,0.29526112895272816,0.9554165927644132,0.5994576427284524,-0.0022159303121032617,0.36997086685190733
135.933333333,0.09047448890770664,-0.00018436391158613733,0.0,0.0,0.29820535675021514,0.9545017366173185,0.6056238235960005,-0.002215930179145073,0.36997084465325963
135.949999999,0.09044417620803964,-0.00020549173446076676,0.0,0.0,0.30114668222353214,0.953577828908453,0.6117898623643663,-0.0022169531278485206,0.36996234090062774
135.966666666,0.09041402221124838,-0.00022678640087696447,0.0,0.0,0.3040852806673873,0.9526448142311154,0.6179561853310969,-0.002214907363461184,0.3699793706040277
136.0,0.09035408304867806,-0.00026995163723162916,0.0,0.0,0.30995364275557635,0.9507516707019497,0.6302885470661932,-0.0022159301791469556,0.369970844653575
136.016666666,0.09032430406346202,-0.00029181809059876564,0.0,0.0,0.31288336775814013,0.949791555121609,0.6364546213593548,-0.002216697423912206,0.3699644723884476
136.033333333,0.09029467073332662,-0.00031386011761268045,0.0,0.0,0.31581016932979683,0.9488223948389314,0.642620802226903,-0.002215930179145073,0.36997084465325963
136.05,0.090265177284949,-0.0003360818848853904,0.0,0.0,0.3187339858231099,0.9478442099212895,0.6487870186192468,-0.0022156744752241005,0.3699729761409516
136.066666666,0.09023579770277597,-0.0003585031862564786,0.0,0.0,0.32165465484586486,0.9468570552179392,0.6549529863380216,-0.0022174645357211503,0.3699580779249879
136.1,0.09017748607431689,-0.0004038637829157977,0.0,0.0,0.32748694443416965,0.9448557039173606,0.6672852414987313,-0.0022163137350284146,0.369967647422037
136.116666666,0.09014854294854653,-0.00042681145139501634,0.0,0.0,0.33039844218271114,0.9438415488858486,0.6734513868414838,-0.0022161860160395765,0.36996873536408736
136.133333333,0.09011975184121752,-0.0004499291468067646,0.0,0.0,0.3333068496253182,0.9428184045683694,0.6796176387586232,-0.0022154187713031284,0.36997510762864366
136.15,0.09009110093699893,-0.0004732262878642647,0.0,0.0,0.33621210340428975,0.9417862929160008,0.6857839217599587,-0.0022156425122339734,0.36997697268037405
136.166666666,0.09006254590714148,-0.0004967394365317402,0.0,0.0,0.33911393878328716,0.9407453090623864,0.6919497318374532,-0.0022193982967395253,0.36994861944778706
136.199999999,0.09000593587598023,-0.0005442393696597722,0.0,0.0,0.3449082598693451,0.9386364004628738,0.7042820913522498,-0.0022169450705909668,0.3699707891435907
136.216666666,0.0899778605450752,-0.0005682425886165732,0.0,0.0,0.3478005377563733,0.9375685499932138,0.7104483166257926,-0.002216249809046283,0.36997350901287457
136.233333333,0.08994992489490525,-0.0005924261390197943,0.0,0.0,0.35068948880603185,0.9364917951808035,0.7166144974933406,-0.002216952994832739,0.3699708446538904
136.25,0.08992213578901173,-0.0006167842047231452,0.0,0.0,0.35357505603372513,0.935406157639957,0.7227805706763525,-0.0022172007080023984,0.36996438358119316
136.266666666,0.08989449730446322,-0.0006413132443675801,0.0,0.0,0.3564572630112574,0.9343116287655437,0.7289466449695139,-0.002217208831784829,0.3699644723884476
136.3,0.0898397017332204,-0.0006908576228996987,0.0,0.0,0.3622116175558582,0.9320958878289125,0.7412790777542013,-0.0022161858830660386,0.3699729761409516
136.316666666,0.08981252797221427,-0.0007158879336475845,0.0,0.0,0.365083610891717,0.9309747349194099,0.747445223096954,-0.0022166974239122028,0.3699687353640873
136.333333333,0.08978550897605679,-0.0007410854100205909,0.0,0.0,0.3679521344714096,0.9298447325967566,0.7536113694804721,-0.0022167047822337976,0.36996877561149605
136.35,0.08975865202597334,-0.0007664431931065786,0.0,0.0,0.37081719372901806,0.9287058785400983,0.7597775873298876,-0.0022161963709259533,0.3699730635658823
136.366666666,0.08973194588716739,-0.0007919718897748506,0.0,0.0,0.3736786946657378,0.9275582101156296,0.7659437329501777,-0.0022166994215992073,0.36996875201633594
136.4,0.08967900812844734,-0.000843521113975723,0.0,0.0,0.3793910135550328,0.9252364340176433,0.778276024190758,-0.002216699288594868,0.3699687298178152
136.416666666,0.08965277879651215,-0.0008695394131051326,0.0,0.0,0.38224177708189855,0.9240623484664182,0.7844421695335105,-0.0022166974239122028,0.3699687353640873
136.433333333,0.08962672110960551,-0.0008957081941089358,0.0,0.0,0.38508898001664876,0.9228794490450728,0.7906084725175435,-0.0022157863456895217,0.36997817164220087
136.449999999,0.08960082976548155,-0.000922032599744579,0.0,0.0,0.3879325632950302,0.9216877596753401,0.7967748643135656,-0.002215402922734608,0.369983522560838
136.466666666,0.089575077664092,-0.0009485404193860234,0.0,0.0,0.3907723270294011,0.9204873646216045,0.8029409696909231,-0.0022174324396807793,0.36996631524191403
136.5,0.08952406674241234,-0.0010020293834934824,0.0,0.0,0.3964406803493551,0.9180603395007,0.8152731715644395,-0.002217400476692549,0.369966048806268
136.516666666,0.08949882648298164,-0.0010289907357160146,0.0,0.0,0.39926931988485237,0.9168336873166733,0.8214394945311699,-0.002215930312103255,0.36997939280318687
136.533333333,0.08947373938879252,-0.00105612187819645,0.0,0.0,0.402094045090413,0.9155983720512116,0.8276055577228328,-0.0022171287912746275,0.3699637841002798
136.55,0.0894488392850611,-0.0010833861503588525,0.0,0.0,0.4049150346423773,0.9143543157444833,0.8337718096399721,-0.0022154187713031284,0.36997510762864366
136.566666666,0.08942410206201433,-0.001110809771668416,0.0,0.0,0.4077321427726971,0.9131015823828064,0.8399379905075204,-0.0022159303121032617,0.36997086685190733
136.6,0.0893751370219449,-0.0011661122642902051,0.0,0.0,0.4133547052731782,0.9105700893553027,0.8522703522426167,-0.0022159301791469556,0.369970844653575
136.616666666,0.08935090570739092,-0.0011939952027561554,0.0,0.0,0.41616007389602444,0.9092913685364309,0.8584364620605738,-0.0022164417199758944,0.36996660387626745
136.633333333,0.08932685233385629,-0.0012220205561241264,0.0,0.0,0.4189615190824517,0.9080039898194966,0.8646026429281221,-0.002215930179145073,0.36997084465325963
136.65,0.08930298325033592,-0.001250180690927824,0.0,0.0,0.4217590462769071,0.906707950160135,0.8707689658948525,-0.002214907363461184,0.3699793706040277
136.666666666,0.08927927731994166,-0.0012785005439277706,0.0,0.0,0.42455249995312483,0.9054033216106245,0.8769351467624007,-0.0022159303121032617,0.36997086685190733
136.699999999,0.08923239676805804,-0.0013355697616093793,0.0,0.0,0.4301273061877831,0.9027682429459075,0.8892675795470883,-0.002215674541695515,0.36997298724033906
136.716666666,0.08920920235687177,-0.0013643435912091715,0.0,0.0,0.4329084795689028,0.9014378782352896,0.8954335517064624,-0.002217496365661024,0.369958322163069
136.733333333,0.08918619144500116,-0.001393252804194063,0.0,0.0,0.4356855682207352,0.90009893103157,0.9015995904748282,-0.0022169529948327426,0.36996231870312246
136.75,0.08916338029668233,-0.0014222765505518483,0.0,0.0,0.438458643392647,0.8987513660820102,0.9077659134415589,-0.002214907363461184,0.3699793706040277
136.766666666,0.08914072764445659,-0.0014514673369006646,0.0,0.0,0.44122742311139956,0.8973953204103942,0.9139319522099246,-0.0022169531278485206,0.36996234090062774
136.8,0.08909596424467642,-0.0015102654379092117,0.0,0.0,0.44675237467022716,0.8946576528072138,0.9262640297466566,-0.0022169529948289552,0.36996231870249147
136.816666666,0.08907386051288084,-0.0015398634091778442,0.0,0.0,0.44950852572908107,0.8932760409284848,0.9324301395646135,-0.0022164417199758944,0.36996660387626745
136.833333333,0.0890519295866172,-0.0015696108305291688,0.0,0.0,0.45226034074235444,0.8918859703973426,0.9385961072833883,-0.0022174644026709063,0.36995805572710755
136.85,0.08903018249772743,-0.001599492910922857,0.0,0.0,0.455007857119705,0.8904874226845285,0.944762075002163,-0.002217464402674688,0.36995805572773843
136.866666666,0.08900863002091439,-0.0016294946709667771,0.0,0.0,0.45775111191538714,0.8890803785599065,0.9509281848201201,-0.0022164417199758944,0.36996660387626745
136.9,0.0889660769747636,-0.0016899012702478568,0.0,0.0,0.4632245109142089,0.8862409675073094,0.963260333406443,-0.002216697290907983,0.36996445019018354
136.916666666,0.08894508797904478,-0.0017202895454294439,0.0,0.0,0.46595466605824526,0.8848085946568044,0.9694265142739912,-0.0022159303121032617,0.36997086685190733
136.933333333,0.08892428195902309,-0.0017508137062429163,0.0,0.0,0.4686803607171219,0.8833678279618681,0.9755926240919481,-0.0022164415869870206,0.36996658167787555
136.949999999,0.08890367406510796,-0.0017814514347939017,0.0,0.0,0.4714016631259996,0.8819186311684551,0.9817588760090876,-0.002215418904230632,0.36997512982754716
136.966666666,0.08888324605268139,-0.0018122298553318263,0.0,0.0,0.474118421995419,0.8804610848439435,0.9879249858270447,-0.0022164415869870206,0.36996658167787555
137.0,0.08884294716737424,-0.0018741833725771572,0.0,0.0,0.47953830063266667,0.8775209503062216,1.0002569923141853,-0.002217208698751818,0.3699601872151149
137.016666666,0.08882309654258594,-0.0019053271986958253,0.0,0.0,0.4822414936828124,0.8760383220901755,1.0064231731817335,-0.0022159303121032617,0.36997086685190733
137.033333333,0.08880342018053933,-0.0019366216945226633,0.0,0.0,0.484939978543341,0.8745474356547985,1.012589069850917,-0.002217975810512851,0.3699537927517236
137.05,0.08878395063012141,-0.001968015188578508,0.0,0.0,0.48763394730591575,0.8730481850590215,1.018755179668874,-0.0022164415869870206,0.36996658167787555
137.066666666,0.08876467947298433,-0.001999520866041367,0.0,0.0,0.49032331196182366,0.8715406185295027,1.0249213605364222,-0.0022159303121032617,0.36997086685190733
137.1,0.08872671229621984,-0.0020629015442568135,0.0,0.0,0.49568797568926276,0.8685006797677713,1.0372535890535353,-0.002216473549979028,0.3699668481141525
137.116666666,0.08870802720788021,-0.0020947582968147286,0.0,0.0,0.49836328171878325,0.8669683035927466,1.0434197699210834,-0.0022159303121032617,0.36997086685190733
137.133333333,0.08868952183602986,-0.002126759170320398,0.0,0.0,0.5010337276099113,0.8654277576998078,1.049585666590267,-0.002217975810512851,0.3699537927517236
137.15,0.08867123101847262,-0.0021588439206370706,0.0,0.0,0.5036995341509498,0.8638789147190225,1.0557518474578151,-0.002215930179145073,0.36997084465325963
137.166666666,0.08865313421107116,-0.002191048274758593,0.0,0.0,0.506360522172937,0.8623218781781838,1.061917957275772,-0.0022164417199758944,0.36996660387626745
137.199999999,0.08861755840733308,-0.0022557516456215673,0.0,0.0,0.5116681863763667,0.8591831394122674,1.0742505321596423,-0.0022151631338382283,0.369977250215851
137.216666666,0.08860004828482458,-0.0022883077556806975,0.0,0.0,0.5143145678179186,0.857601612247941,1.0804164288288258,-0.002217975810512851,0.3699537927517236
137.233333333,0.08858275919240068,-0.0023209335581311874,0.0,0.0,0.516956212972544,0.8560118421313374,1.0865826807459649,-0.002215418771306906,0.36997510762927455
137.25,0.08856566766064056,-0.0023536729037552037,0.0,0.0,0.5195929137652515,0.8544139535172257,1.092748861613513,-0.002215930179145073,0.36997084465325963
137.266666666,0.08854877053124169,-0.0023865321745718316,0.0,0.0,0.5222246150075068,0.8528079804271659,1.098914900381879,-0.0022169531278485206,0.36996234090062774
137.3,0.08851560469339274,-0.0024525223931764206,0.0,0.0,0.5274732521927222,0.8495716380748788,1.1112473331665667,-0.002215674475224094,0.3699729761409516
137.316666666,0.0884993332991285,-0.002485657994407757,0.0,0.0,0.5300901075467154,0.8479413174749251,1.1174136561332972,-0.0022149074963580028,0.369979392803187
137.333333333,0.0884832442723712,-0.002518939339189,0.0,0.0,0.5327017435407949,0.8463030499936752,1.1235795528024808,-0.002217975810512851,0.3699537927517236
137.35,0.08846737907704218,-0.0025522807740644385,0.0,0.0,0.5353084664689245,0.8446566436882436,1.12974580471962,-0.002215418771306906,0.36997510762927455
137.366666666,0.0884517089257555,-0.0025857425585233637,0.0,0.0,0.5379100110953224,0.8430022656929399,1.135911843487986,-0.0022169531278485206,0.36996234090062774
137.4,0.0884209960261098,-0.0026529376271325423,0.0,0.0,0.5430977968216327,0.8396694487043628,1.1482440631239001,-0.002216441586987011,0.3699665816778755
137.416666666,0.08840595445042876,-0.002686667972681139,0.0,0.0,0.5456839883737061,0.8379910410216598,1.1544102439914485,-0.0022159303121032617,0.36997086685190733
137.433333333,0.08839111429772299,-0.0027205060359855363,0.0,0.0,0.5482649335407577,0.8363047068201569,1.1605762827598143,-0.0022169529948289617,0.3699623187024916
137.45,0.0883764965779865,-0.002754403655518037,0.0,0.0,0.5508407860465238,0.8346103452675673,1.1667426057265449,-0.002214907363464961,0.36997937060465863
137.466666666,0.08836207817444468,-0.002788414308287645,0.0,0.0,0.5534113135607519,0.8329081089909998,1.1729087155445017,-0.002216441719972115,0.36996660387563657
137.5,0.08833388475814809,-0.0028566679095629664,0.0,0.0,0.5585366811852606,0.8294798224010965,1.1852412193787807,-0.002215418771305011,0.369975107628959
137.516666666,0.08832009157095312,-0.002890955262783053,0.0,0.0,0.5610912956536732,0.8277539235435144,1.1914071870975553,-0.0022174645357211503,0.3699580779249879
137.533333333,0.08830652572676889,-0.0029252873791150514,0.0,0.0,0.5636407237926446,0.8260200569492873,1.197573510064286,-0.002214907363461184,0.3699793706040277
137.55,0.0882931564193206,-0.0029597422223477175,0.0,0.0,0.566184647620503,0.8242784388778144,1.2037394777830606,-0.0022174644026709063,0.36995805572710755
137.566666666,0.08828001195411597,-0.002994246986321192,0.0,0.0,0.5687233068674337,0.8225289054044064,1.2099057297001998,-0.002215418904230632,0.36997512982754716
137.6,0.08825435354552516,-0.00306352069086014,0.0,0.0,0.5737842957279432,0.8190064602773217,1.2222380203857048,-0.002216185883067928,0.36996871316588303
137.616666666,0.08824185246834473,-0.0030982546714784565,0.0,0.0,0.5763066937387739,0.8172335007523145,1.2284043433524359,-0.0022149074963580028,0.369979392803187
137.633333333,0.0882295629702687,-0.003133073113997041,0.0,0.0,0.5788235844801494,0.8154527932685934,1.2345705952695751,-0.0022154187713031284,0.36997510762864366
137.65,0.08821748561522308,-0.003167974728643042,0.0,0.0,0.581334944217144,0.8136643550211905,1.240736776137123,-0.002215930179145073,0.36997084465325963
137.666666666,0.08820563465335243,-0.003202917864659569,0.0,0.0,0.5838408934760327,0.8118680995735131,1.246903241203036,-0.0022138846806127434,0.36998791875446657
137.7,0.0881825615041782,-0.0032730770517906092,0.0,0.0,0.588835916706295,0.8082525986327896,1.2592356739877235,-0.0022156744752259835,0.36997297614126706
137.716666666,0.08817134340837071,-0.00330828215066814,0.0,0.0,0.5913249727446884,0.8064333677424896,1.2654017127560895,-0.0022169531278447402,0.3699623408999968
137.733333333,0.08816035021722024,-0.0033435313414490672,0.0,0.0,0.5938084939890658,0.8046064084174558,1.2715679646732287,-0.002215418771306906,0.36997510762927455
137.75,0.08814957956648277,-0.003378831344368878,0.0,0.0,0.5962864277295015,0.802771758413056,1.2777343586895504,-0.002214395955619239,0.3699836335794117
137.766666666,0.08813901216253618,-0.003414246095217419,0.0,0.0,0.5987585223966069,0.8009296048077084,1.2839003264083249,-0.0022174645357211503,0.3699580779249879
137.8,0.08811855462396294,-0.0034851943378183896,0.0,0.0,0.6036858699710623,0.7972222841825746,1.2962329012921951,-0.00221516306738215,0.3699772391163356
137.816666666,0.08810865097263748,-0.003520773867048268,0.0,0.0,0.6061409053254652,0.7953572800265459,1.3023990821597429,-0.0022159303121032617,0.36997086685190733
137.833333333,0.08809896913423501,-0.003556405562314273,0.0,0.0,0.6085902072327924,0.7934846940302924,1.3085653340768826,-0.0022154187713031284,0.36997510762864366
137.85,0.0880895071925135,-0.0035920962804527412,0.0,0.0,0.6110337240896583,0.7916045654397929,1.3147315859940214,-0.002215418771306906,0.36997510762927455
137.866666666,0.08808025697128569,-0.003627877672419392,0.0,0.0,0.6134713765597617,0.7897169557137994,1.3208976958119785,-0.002217464535721144,0.36996660387626745
137.9,0.08806240898064724,-0.0036996498788878828,0.0,0.0,0.6183298069947573,0.7859187297563446,1.3332315495884894,-0.002218742922275761,0.3700156058947919
137.916666666,0.08805381435045445,-0.0037356294308850857,0.0,0.0,0.6207501735910111,0.7840084323441486,1.339398369902358,-0.0022195101672116617,0.3700092336326655
137.933333333,0.08804544369216008,-0.0037716529979666766,0.0,0.0,0.6231646662440566,0.782090658904026,1.3455652612658178,-0.002218998626196733,0.3700134744070998
137.95,0.08803729346583831,-0.0038077358143890996,0.0,0.0,0.6255732063629703,0.7801654718588568,1.3517320815796863,-0.002219510034042463,0.3700092114323467
137.966666666,0.08802936773723542,-0.003843859880213373,0.0,0.0,0.6279758265470744,0.7782328451514487,1.357898972943146,-0.002218998759335248,0.37001349660767435
138.0,0.08801418001193262,-0.003916276574334071,0.0,0.0,0.6327630499185021,0.7743454801687909,1.3702325425212922,-0.002219765737961543,0.3700070799443393
138.016666666,0.08800691889263508,-0.003952566152197812,0.0,0.0,0.6351476080065431,0.7723907793620834,1.3763992207359785,-0.002220532982956924,0.3700007076813859
138.033333333,0.08799988331814804,-0.003988891449051572,0.0,0.0,0.6375261551330523,0.7704287128094768,1.382565970000256,-0.0022200214418806223,0.3700049484563317
138.05,0.08799307188501564,-0.004025259441552661,0.0,0.0,0.639898641176261,0.7684593216434912,1.3887327192645331,-0.0022200214418806223,0.3700049484563317
138.066666666,0.08798648788965303,-0.004061651972525765,0.0,0.0,0.6422650980387656,0.766482578954835,1.3948996106279932,-0.0022189987593390324,0.37001349660830535
138.1,0.08797398691194674,-0.004134595489796156,0.0,0.0,0.6469795418494618,0.7625073589338404,1.4072330570519445,-0.0022202089637418706,0.3700033853185707
138.116666666,0.08796807318915516,-0.004171128833438996,0.0,0.0,0.6493275314752783,0.7605088802033948,1.4133997352666308,-0.002220532982956924,0.3700007076813859
138.133333333,0.08796238617812144,-0.004207689528254314,0.0,0.0,0.6516693749077669,0.7585031481855038,1.4195664845309082,-0.0022200214418806223,0.3700049484563317
138.15,0.08795692725324475,-0.004244267738226286,0.0,0.0,0.654005076542973,0.7564901584660702,1.4257333758943678,-0.002218998626196733,0.3700134744070998
138.166666666,0.0879516891749986,-0.004280912667093356,0.0,0.0,0.6563344529304905,0.7544700695829051,1.431899983059463,-0.0022210443908295503,0.36999644470574605
138.2,0.0879418959040692,-0.004354262499022334,0.0,0.0,0.6609745714229739,0.750408299482499,1.4442334815880178,-0.0022200214418825154,0.3700049484566472
138.216666666,0.08793884715466432,-0.004378783217615426,0.0,0.0,0.6631210603777238,0.7485121637512134,1.449961570676506,-0.0014825714227501459,0.3436853590562729
138.233333333,0.08793545808414098,-0.004407340991344965,0.0,0.0,0.6651493523649707,0.746710344811467,1.4553876279529947,-0.0017254900587233342,0.3255634300784405
138.25,0.0879320645141159,-0.004437288297739167,0.0,0.0,0.6670676856367761,0.7449971159536091,1.4605316183525996,-0.0018083381291153844,0.3086394178033115
138.266666666,0.08792880261629213,-0.00446742170274468,0.0,0.0,0.6688805222655936,0.7433699260352862,1.4654036309172638,-0.0018185663950701968,0.29232076557282755
138.3,0.08792202384281537,-0.0045344321192442565,0.0,0.0,0.6722749198752332,0.740301581861574,1.4745549603571793,-0.00202057238352231,0.27453987770650634
138.316666666,0.08791964781062653,-0.004559583686261019,0.0,0.0,0.6737928523975218,0.7389202880270722,1.4786596373373722,-0.001515812934473588,0.24628062866291478
138.333333333,0.08791691256597459,-0.004589812244640923,0.0,0.0,0.6751933625457263,0.7376407819353507,1.4824536144554454,-0.0018211233251639936,0.22763862253147832
138.35,0.08791433074666766,-0.0046195581042841015,0.0,0.0,0.6764933407529888,0.7364487490089588,1.4859811556066878,-0.001791461670334271,0.2116524648417506
138.366666666,0.0879118909849152,-0.004648819904582348,0.0,0.0,0.6776932593407922,0.7353447125287934,1.4892422607911002,-0.001761800121208333,0.1956663188914894
138.4,0.08790684983658971,-0.004712837504781396,0.0,0.0,0.6798741999003513,0.7333287614091358,1.4951821487108206,-0.0019264733406045395,0.17819663402757213
138.416666666,0.08790518511377905,-0.004735183769794614,0.0,0.0,0.6807938763733479,0.7324750493310681,1.4976918334191802,-0.0013444912971427316,0.15058108852489335
138.433333333,0.08790256723998703,-0.004771459052334047,0.0,0.0,0.6815717548210707,0.7317512849528358,1.4998168556410278,-0.0021821772615767377,0.127501330760763
138.45,0.08790116957549707,-0.00479139764887105,0.0,0.0,0.6822998836743317,0.7310724100511478,1.5018078783339577,-0.0011992513893616535,0.11946135918669815
138.466666666,0.08789924339828413,-0.004819612831965424,0.0,0.0,0.6829041040540432,0.7305080318970796,1.5034614865184939,-0.0016968513213815076,0.09921649504069281
138.5,0.08789603638953952,-0.004868193119853185,0.0,0.0,0.6839377281723957,0.7295403922898184,1.5062932390235577,-0.0014605807965944397,0.0849525734528955
138.516666666,0.08789474621049377,-0.004888309782433243,0.0,0.0,0.6842702988507986,0.7292284677044902,1.507205160526029,-0.0012094796187685673,0.05471529233691947
138.533333333,0.08789335130085665,-0.004910324359228682,0.0,0.0,0.6844983390942803,0.7290144194576481,1.5078306811265554,-0.0013235234949520963,0.03753123528094412
138.55,0.08789224186876499,-0.004927975716519889,0.0,0.0,0.6846409985529534,0.7288804449979537,1.5082220933242274,-0.0010611712720346217,0.023484731390586225
138.566666666,0.08789140718423796,-0.004941314418236019,0.0,0.0,0.6846989974417593,0.7288259620116793,1.5083812444084141,-0.0008018875442829231,0.009549065433167091
138.6,0.08789059731687619,-0.004954261826660081,0.0,0.0,0.6846595897403234,0.7288629817576223,1.5082731069306763,-0.0003891813677200171,-0.0032441242672447555
138.616666666,0.08789072298592442,-0.004952254218477954,0.0,0.0,0.6846657003954509,0.728857241647503,1.5082898746341886,0.00012069225794054199,0.00100606225099439
138.633333333,0.0878902979186121,-0.004959042647829041,0.0,0.0,0.684645037901734,0.7288766507966442,1.5082331770604473,-0.0004081034578716279,-0.003401854356450864
138.65,0.08789040555348743,-0.004957324275760568,0.0,0.0,0.6846502683092982,0.7288717377591245,1.5082475290778605,0.00010330438407276797,0.0008611210275727752
138.666666666,0.08789014921404592,-0.004961416040373227,0.0,0.0,0.6846378136669738,0.7288834365639721,1.508213354224515,-0.00024598718673474873,-0.002050491282747041
138.7,0.08789000686131952,-0.004963687348756802,0.0,0.0,0.6846309000890091,0.7288899304032903,1.508194383983677,-6.827294689963506e-05,-0.0005691072137676411
138.716666666,0.08789012309261637,-0.004961832872451187,0.0,0.0,0.6846365448876175,0.7288846283221683,1.5082098727945485,0.00011148691623302239,0.0009293286894762838
138.733333333,0.08788986713249003,-0.004965916120650185,0.0,0.0,0.6846241159189211,0.7288963025713847,1.508175768990794,-0.00024547576413372867,-0.0020462281843348362
138.75,0.08788999832945069,-0.004963823457038741,0.0,0.0,0.6846304857902459,0.7288903195451369,1.5081932471902177,0.0001258063291183214,0.001048691944469815
138.766666666,0.08788972842927813,-0.004968127876445969,0.0,0.0,0.68461738347776,0.7289026260345518,1.5081572960970937,-0.00025877238355048407,-0.002157065673742209
138.8,0.08788963344736461,-0.004969642077012933,0.0,0.0,0.6846127743112848,0.7289069551388613,1.5081446492698682,-4.551529793305123e-05,-0.0003794048091781038
138.816666666,0.08788974070082493,-0.004967932221228895,0.0,0.0,0.6846179790422176,0.7289020666537788,1.5081589302376903,0.00010279298239851246,0.0008568581036011542
138.833333333,0.08788954485146931,-0.0049710541955602814,0.0,0.0,0.684608475850465,0.7289109923671773,1.5081328550377364,-0.00018768667799359327,-0.0015645119659366755
138.85,0.08788985699786987,-0.00496607774904503,0.0,0.0,0.6846236239348144,0.7288967646727222,1.5081744190485618,0.0002991735875379817,0.0024938405996580816
138.866666666,0.08788939484094109,-0.004973444586623739,0.0,0.0,0.6846011994860213,0.7289178264127589,1.508112890102622,-0.0004428792176970736,-0.0036917369040726346
138.9,0.08788931207449756,-0.004974763128454816,0.0,0.0,0.6845971858038424,0.7289215960509464,1.5081018774159927,-3.963410775069068e-05,-0.00033038059226183204
138.916666666,0.08788944662932847,-0.004972619434175453,0.0,0.0,0.6846037112636639,0.7289154673376178,1.508119781912964,0.00012887478390261262,0.0010742698612312975
138.933333333,0.08788927148693597,-0.004975409638955103,0.0,0.0,0.6845952177972547,0.7289234443815957,1.5080964776470651,-0.00016774177215776184,-0.0013982559259597535
138.95,0.08788958381436646,-0.004970433203798216,0.0,0.0,0.6846103661403848,0.728909216962667,1.5081380416578907,0.0002991735875379817,0.0024938405996580816
138.966666666,0.08788918122050352,-0.004976847273361271,0.0,0.0,0.6845908415541933,0.7289275544662319,1.50808447026616,-0.00038560153596192156,-0.0032142836324087986
139.0,0.08788915504535123,-0.00497726410206912,0.0,0.0,0.6845895726980403,0.7289287461426629,1.5080809888361935,-1.2529492127648383e-05,-0.00010444289690866823
139.016666666,0.08789377932906337,-0.004903809403843297,0.0,0.0,0.6844759110259588,0.7290354773433071,1.5077691521806151,0.004416006980155,-0.018710200083111767
139.033333333,0.0879025364795762,-0.0047653069294594595,0.0,0.0,0.684391217213094,0.7291149853086134,1.5075368200175392,0.008326742482538655,-0.013939929505757304
139.05,0.08791429144056008,-0.004580183610847175,0.0,0.0,0.6842793916955804,0.7292199353423674,1.5072300989325238,0.011129768864235886,-0.018403264732830042
139.066666666,0.087930178225282,-0.004331054421624102,0.0,0.0,0.6841942101083079,0.7292998579831678,1.506996487876807,0.014978113773570311,-0.014016663903684558
139.1,0.0879697032880389,-0.0037143429800396257,0.0,0.0,0.6840463896149337,0.729438507932488,1.506591149959269,0.018539301382263076,-0.012160137282937794
139.116666666,0.08799580338401727,-0.0033094066864277367,0.0,0.0,0.6839292274243228,0.7295483615736306,1.506269934757658,0.02434659459226857,-0.019272912867566265
139.133333333,0.08802559073816456,-0.0028495834907216362,0.0,0.0,0.6838101294386189,0.7296599940226539,1.5059434618863021,0.027647219343355983,-0.019588371889588625
139.15,0.08805925352758456,-0.002332494058510339,0.0,0.0,0.6836963537610655,0.7297666036849205,1.5056316252307238,0.031091039751009547,-0.018710198960479762
139.166666666,0.08809695600026246,-0.0017559795885262928,0.0,0.0,0.6835944885254148,0.7298620248085774,1.5053524713870767,0.03466475983043965,-0.016749231288800664
139.2,0.08818051121793109,-0.0004859588958231894,0.0,0.0,0.683410609977254,0.7300342034250982,1.5048486587361982,0.03818298799920601,-0.015114379224068658
139.216666666,0.08822922987924056,0.00024982894776060557,0.0,0.0,0.6832874122478333,0.7301495136365288,1.504511173178213,0.044243940692585776,-0.020249134289047472
139.233333333,0.08828150283901935,0.0010349855356009204,0.0,0.0,0.6831463204698541,0.7302815243647476,1.5041247344519222,0.047213683376229075,-0.023186323113744117
139.25,0.08833557011381317,0.001843573842922295,0.0,0.0,0.6830767379700184,0.7303466095247096,1.503934179448445,0.048623634796389266,-0.011433299979951397
139.266666666,0.08838945937939666,0.002646937483853893,0.0,0.0,0.682991243151419,0.7304265615231138,1.5037000710455901,0.048310144687937706,-0.014046504733163157
139.3,0.08849784911425967,0.004254401047049959,0.0,0.0,0.6828225872454022,0.7305842280993309,1.5032383197526753,0.04833341084608583,-0.013852538510384815
139.316666666,0.088552298490824,0.005057744005889157,0.0,0.0,0.6827371165276789,0.7306641018385059,1.5030043534490027,0.048311167503682965,-0.014037978781883542
139.333333333,0.08860701774003044,0.005862341561989942,0.0,0.0,0.6826555044270649,0.730740352160348,1.502780973534412,0.04838736437341096,-0.013402794607370285
139.35,0.08866191947702902,0.006666969403046853,0.0,0.0,0.6825740136211045,0.7308164721249626,1.5025579488677774,0.0483899214127032,-0.01338147973047298
139.366666666,0.0887168821930053,0.007469764799480197,0.0,0.0,0.6824869578383591,0.7308977714978626,1.5023197195886355,0.048280483031325205,-0.014293757320271917
139.4,0.08882767758595754,0.00908008879605725,0.0,0.0,0.6823273866900845,0.7310467408946434,1.5018831198509894,0.04842393003410999,-0.013097991867412614
139.416666666,0.08888315966214308,0.009882506713899007,0.0,0.0,0.6822392645530935,0.7311289803461863,1.5016420485882014,0.04826002671642003,-0.014464276345864195
139.433333333,0.08893939691937323,0.010693424756967305,0.0,0.0,0.6821771341775089,0.7311869512001435,1.5014720979661593,0.048771943070553145,-0.010197037118584506
139.45,0.08899543223754755,0.01149919625226291,0.0,0.0,0.6820993084140191,0.7312595527315298,1.5012592333910595,0.04846305273410137,-0.012771874250556573
139.466666666,0.08905182589103344,0.01230777089207467,0.0,0.0,0.6820300743973422,0.7313241262378507,1.5010698862306318,0.048632331647611306,-0.011360830080065535
139.5,0.08916494282386898,0.013922837967809621,0.0,0.0,0.681885325681053,0.7314590915566258,1.500674068958309,0.04857070408478943,-0.011874517932207977
139.516666666,0.08922172307977845,0.014730086789010624,0.0,0.0,0.681812122705693,0.7315273264421207,1.5004739222600258,0.04855459765105457,-0.012008802377335556
139.533333333,0.08927881906975285,0.015539620408504222,0.0,0.0,0.6817459301121211,0.7315890149363635,1.5002929589513545,0.048692674855051764,-0.010857798303108169
139.55,0.08933579301088591,0.016345155185243515,0.0,0.0,0.681667541715784,0.7316620548936236,1.5000786733844322,0.04845282457717984,-0.012857133758215256
139.566666666,0.08939323365664012,0.01715503185266855,0.0,0.0,0.6816024546880008,0.7317226891133632,1.4999007652081802,0.048714668315187566,-0.010674491002076045
139.6,0.0895081480485159,0.01876854287476408,0.0,0.0,0.6814528237543935,0.7318620423257127,1.499491821523891,0.0485279376040068,-0.012268310283307535
139.616666666,0.08956608817054793,0.019578734316842542,0.0,0.0,0.6813883689725613,0.7319220522903465,1.4993156895874187,0.04873563603796538,-0.010567916611080912
139.633333333,0.08962386545463981,0.02038444259670612,0.0,0.0,0.6813102309393966,0.7319947876981817,1.4991021855659987,0.04846663258891234,-0.01281024102899104
139.65,0.08968203561403283,0.02119336137537102,0.0,0.0,0.6812419415622794,0.732058342658873,1.4989156093396263,0.048660456161009266,-0.011194573358446078
139.666666666,0.08974024101357725,0.022000585600817427,0.0,0.0,0.6811684965605423,0.7321266825443875,1.4987149652942053,0.04855920032190823,-0.012038643206814208
139.7,0.08985720244930889,0.023615985564978927,0.0,0.0,0.6810246035517818,0.7322605337973216,1.4983219189559371,0.04858885906317848,-0.011791389912219456
139.716666666,0.08991606032849657,0.024425675008927433,0.0,0.0,0.6809587868846052,0.732321739786992,1.4981421634903156,0.04870955423637822,-0.010785328368692653
139.733333333,0.08997478013723362,0.025231272415870372,0.0,0.0,0.6808804760956217,0.7323945502745085,1.49792830422094,0.04846407554978526,-0.012831555905933045
139.75,0.09003389509019571,0.026040054329241242,0.0,0.0,0.6808119412638663,0.7324582586281118,1.497741159597838,0.04865636489827371,-0.011228677161518274
139.766666666,0.0900930508708908,0.026847243649744786,0.0,0.0,0.680738560235332,0.7325264586407287,1.4975407997507815,0.04856124595339875,-0.012021591304255005
139.8,0.0902119271521097,0.028462777318853605,0.0,0.0,0.6805954215525206,0.7326594516975447,1.4971500269994304,0.04859704158860816,-0.011723182306065009
139.816666666,0.09027173086341997,0.029272354719616697,0.0,0.0,0.6805294388844794,0.7327207399900563,1.4969699162858532,0.04870699719709814,-0.010806643246910082
139.833333333,0.0903314118180514,0.030078120803325854,0.0,0.0,0.6804518143381725,0.7327928277241046,1.4967580464050296,0.048478394969277055,-0.012712192595158503
139.85,0.09039145634197322,0.03088659492191211,0.0,0.0,0.6803825132720538,0.7328571727380468,1.4965689123933754,0.048642045478782224,-0.011348040472290285
139.866666666,0.0904515540773077,0.03169365482816832,0.0,0.0,0.6803089100233107,0.7329254989034663,1.496368055199181,0.04855766609829034,-0.012051432133733659
139.9,0.09057230985448905,0.03330882687000094,0.0,0.0,0.6801650162958779,0.7330590362359829,1.49597543515846,0.04859039328666288,-0.011778600986057354
139.916666666,0.09063305957414665,0.03411826545361046,0.0,0.0,0.68009878929324,0.7331204790495687,1.4957947560481533,0.0487029059341171,-0.010840747052028542
139.933333333,0.0906936880025648,0.03492396934785717,0.0,0.0,0.6800211484495303,0.7331924970029234,1.4955829572169212,0.048478906377119005,-0.01270792961977448
139.95,0.09075468373912582,0.035732389353550324,0.0,0.0,0.6799518616874046,0.7332567529779951,1.4953939653044495,0.04864306829446611,-0.011339514521522221
139.966666666,0.09081573705659504,0.03653948010728934,0.0,0.0,0.6798785309261526,0.7333247460611817,1.495193960705349,0.04856380299267908,-0.012000276426035504
140.0,0.09093839617157026,0.038154611297380195,0.0,0.0,0.6797348715021647,0.733457909129035,1.494802193259722,0.048593461733755984,-0.011753023133763201
140.016666666,0.09100014133007071,0.038964607123729,0.0,0.0,0.6796705367660839,0.7335175263428294,1.4946267718191608,0.04874075011669167,-0.010525286854682835
140.033333333,0.09106171076636238,0.0397702396553782,0.0,0.0,0.6795928538776993,0.7335894989422654,1.4944149729879286,0.048478906377119005,-0.01270792961977448
140.05,0.09112365006043312,0.04057857936685943,0.0,0.0,0.6795235035395093,0.7336537385833937,1.4942259100258655,0.04864255688654122,-0.01134377749688691
140.066666666,0.09118564855940253,0.04138563225889455,0.0,0.0,0.6794502373421709,0.7337215922784797,1.4940261896251295,0.048565848624252415,-0.011983224523496736
140.1,0.09131018412577097,0.0430004830674986,0.0,0.0,0.6793060830699813,0.7338550575584526,1.493633285386044,0.048589370471020424,-0.011787126936835425
140.116666666,0.09137281126042156,0.043809530638391575,0.0,0.0,0.67923902806358,0.7339171225385351,1.4934505458375937,0.048688075105810844,-0.010964373345582937
140.133333333,0.09143530807136713,0.04461481818896258,0.0,0.0,0.6791604684662227,0.7339898215048632,1.4932364734194445,0.048462541326176785,-0.012844344832063237
140.15,0.09149822019008445,0.04542335634410828,0.0,0.0,0.6790919147542496,0.7340532482833974,1.4930496840442986,0.04865892193748343,-0.011207362284598153
140.166666666,0.09156117680104618,0.04623045475205587,0.0,0.0,0.6790189737768682,0.7341207211698965,1.4928509583378387,0.04857300833446923,-0.011923542864539404
140.2,0.09168764171932182,0.047845600188673176,0.0,0.0,0.6788760974819229,0.7342528476401808,1.492461748677493,0.04860266707491099,-0.011676289576850695
140.216666666,0.09175123005935211,0.04865475232439737,0.0,0.0,0.6788095539452388,0.7343143669251379,1.4922805011704572,0.04869881467105302,-0.010874850857128433
140.233333333,0.09181466456378555,0.04945990670399366,0.0,0.0,0.6787307692081462,0.7343871887023344,1.49206593140517,0.048458961471365816,-0.012874185659773335
140.25,0.09187852178219473,0.050268353665426334,0.0,0.0,0.6786621262036472,0.7344506235661761,1.4918789999308417,0.04865789912179955,-0.0112158882353662
140.266666666,0.09194241805405698,0.05107530982490796,0.0,0.0,0.6785889369951884,0.7345182465995928,1.4916797058276523,0.048568917071488193,-0.01195764666965789
140.3,0.09207074432609698,0.05268989054173674,0.0,0.0,0.6784447534646161,0.7346514251645717,1.4912871479553236,0.04859016954573203,-0.011776735934326809
140.316666666,0.09213530553759654,0.05349926490364737,0.0,0.0,0.6783792961309285,0.7347118690894452,1.4911089555807073,0.048716713946678085,-0.010691542904635276
140.333333333,0.09219970452070142,0.0543046248874316,0.0,0.0,0.6783015389756657,0.7347836567475106,1.490897298848657,0.048475837930067336,-0.01269940366900643
140.35,0.09226447231911251,0.05511255476711487,0.0,0.0,0.6782317102832184,0.734848111630084,1.4907072411923183,0.04863130591410137,-0.011403459152282644
140.366666666,0.09232930275594672,0.05591929104761392,0.0,0.0,0.678158246498781,0.7349159085947852,1.4905073076428088,0.04856022313765349,-0.011996013450416133
140.4,0.09245951344005877,0.05753361720273459,0.0,0.0,0.6780140404128194,0.7350489514332251,1.4901149007508612,0.04858706913569025,-0.011772206522981318
140.416666666,0.09252503723155228,0.058343093784941145,0.0,0.0,0.6779490960693803,0.7351088512177705,1.4899382004176593,0.048727453512003305,-0.010602020416199318
140.433333333,0.09259038169258975,0.05914841181281813,0.0,0.0,0.677871401373111,0.735180497021279,1.489726827883974,0.04847788356143511,-0.012682351767470306
140.45,0.09265608848140637,0.059956180352869426,0.0,0.0,0.6778012737770452,0.7352451518141517,1.4895360597317235,0.04862619183568191,-0.011446088906122961
140.466666666,0.09272185972382738,0.060762789166259115,0.0,0.0,0.6777276135728726,0.735313050204346,1.4893356998846667,0.04855715469033491,-0.012021591304234452
140.5,0.0928540018605992,0.06237749714234653,0.0,0.0,0.677584975546805,0.7354444920680524,1.488947769116962,0.04860317848275294,-0.011637922798394495
140.516666666,0.09292044963829402,0.06318663328425093,0.0,0.0,0.6775191862706522,0.7355051000741961,1.4887688662464342,0.048711599867951795,-0.010734172661033325
140.533333333,0.09298671897349044,0.06399166192492318,0.0,0.0,0.6774407964181566,0.7355773020888653,1.4885557174729702,0.0484650983653865,-0.012788926152070891
140.55,0.0930533992670611,0.06479970133644447,0.0,0.0,0.6773717024491223,0.7356409292047159,1.488367862353957,0.04864715955711871,-0.011271306915358464
140.566666666,0.09312012150437696,0.06560634322439264,0.0,0.0,0.6772983423648387,0.7357084717670729,1.4881684261515855,0.0485638029927619,-0.011966172620937479
140.6,0.09325411402446965,0.0672204454070181,0.0,0.0,0.677154242197895,0.7358411053164906,1.4877767297555493,0.0485896261749414,-0.011750891646071213
140.616666666,0.0933215072501945,0.06802947769186257,0.0,0.0,0.6770883390175676,0.7359017469516099,1.487597613736248,0.048710065644333916,-0.01074696158795272
140.633333333,0.09338873474562502,0.06883461932886277,0.0,0.0,0.67701049516466,0.7359733619071425,1.4873860635785845,0.048476605041830254,-0.012693009205930366
140.65,0.09345634204089064,0.06964235504639331,0.0,0.0,0.6769406710858953,0.736037585881168,1.487196325645406,0.04863360724930718,-0.011384275763035087
140.666666666,0.09352400240349569,0.07044883325296113,0.0,0.0,0.6768670099500346,0.736105325915592,1.4869961789471229,0.0485586889140356,-0.012008802377335556
140.7,0.09365989353543505,0.0720628622366602,0.0,0.0,0.6767230936151512,0.7362376345772739,1.4866051930469986,0.048592183214151125,-0.011729576769151073
140.716666666,0.09372821110700125,0.0728715261610298,0.0,0.0,0.6766562655909792,0.7362990548930985,1.4864236613415982,0.048692677776581476,-0.010891902759687606
140.733333333,0.09379635164060826,0.07367619328113874,0.0,0.0,0.6765771633014479,0.7363717417846545,1.4862088073779458,0.048452824577262465,-0.012891237561309435
140.75,0.09386494787259692,0.07448431609253783,0.0,0.0,0.6765087403249169,0.7364346028426381,1.4860229771722808,0.048661734680614126,-0.011149812116913795
140.766666666,0.09393357493817607,0.07529096496380887,0.0,0.0,0.676435811300793,0.7365015907585251,1.485824926436937,0.04857377544627817,-0.011883044595961258
140.8,0.09407133003706009,0.07690449802777793,0.0,0.0,0.6762907838402558,0.7366347641081926,1.485431134077962,0.048582082909231286,-0.011813770532975557
140.816666666,0.09414065881922494,0.07771383297788069,0.0,0.0,0.6762262359004486,0.7366940191693637,1.4852558902613786,0.04873793737339221,-0.010514629415583288
140.833333333,0.09420978067798005,0.07851892567537422,0.0,0.0,0.6761486476865047,0.7367652314215912,1.485045261528101,0.0484832693252706,-0.012637723743918782
140.85,0.09427928842269176,0.07932661984352256,0.0,0.0,0.6760790625962689,0.7368290854186949,1.484856376190016,0.04864076695917735,-0.011333120058446174
140.866666666,0.09434884140433895,0.08013300547082809,0.0,0.0,0.676005479325334,0.7368965951353863,1.4846566557892797,0.04856278017701664,-0.011983224523496736
140.9,0.0944885050602491,0.08174666961403768,0.0,0.0,0.6758611726741691,0.7370289514472935,1.4842650304428346,0.048590904694504826,-0.011748760158369155
140.916666666,0.0945587726606163,0.08255586370631812,0.0,0.0,0.6757963545323712,0.7370883849313851,1.4840891471799313,0.04873435751828381,-0.010552996196341556
140.933333333,0.09462882967048486,0.08336082530388854,0.0,0.0,0.6757185382028822,0.7371597229427013,1.4838780122183164,0.04848026480419917,-0.012668097443529997
140.95,0.09469928403552445,0.08416848450692636,0.0,0.0,0.6756490860908646,0.7372233803024558,1.4836895887025738,0.04864357970230806,-0.011305410718449994
140.966666666,0.09476977353932028,0.08497473747283135,0.0,0.0,0.6755753324871638,0.737290967078031,1.483489513053882,0.04855971172969805,-0.01200453940167533
141.0,0.09491128941550235,0.08658785453697891,0.0,0.0,0.675429798007393,0.7374242930387447,1.4830947670761758,0.048579378041233676,-0.011842379094351834
141.016666666,0.09497071636722643,0.08726411471669283,0.0,0.0,0.6754672912696361,0.7373899500433001,1.4831964565259783,0.040731976977033874,0.0061013672322248035
141.033333333,0.09502083528286602,0.08783449160920911,0.0,0.0,0.67543422434143,0.7374202387975874,1.4831067719592435,0.03435447702391228,-0.005381073896464556
141.05,0.09506399522021522,0.08832524726716764,0.0,0.0,0.6754116358148617,0.7374409279433116,1.4830455091717327,0.029558991706191504,-0.003675767177121957
141.066666666,0.09509986148651041,0.08873277914744125,0.0,0.0,0.6753884049014051,0.7374622041330225,1.4829825059467765,0.024546427218498514,-0.003780193648598621
141.1,0.09515577267300616,0.08936693398420337,0.0,0.0,0.6752960331635242,0.7375467901046064,1.4827320078464366,0.019098443952267563,-0.007514942859888733
141.116666666,0.09517125080949357,0.08954231724963042,0.0,0.0,0.67532491946741,0.7375203408356519,1.482810340020685,0.010563896720969515,0.004699930642886935
141.133333333,0.09517808553687819,0.08961977585975903,0.0,0.0,0.6753077843155374,0.7375360306065322,1.4827638735880695,0.004665573742058724,-0.0027879859011514583
141.15,0.0951781331208274,0.08962031500397012,0.0,0.0,0.6753094480656808,0.7375345072287978,1.482768385237108,3.247439796346914e-05,0.0002706989368855011
141.166666666,0.09517823764710348,0.08962149942389634,0.0,0.0,0.6753131030637711,0.737531160582643,1.4827782966550742,7.134139823180344e-05,0.00059468510175304
141.2,0.09517697467923598,0.08960719730419221,0.0,0.0,0.6752689668703147,0.7375715710233807,1.482658613618774,-0.0004307332548780348,-0.003590491017196972
141.216666666,0.09517695779808963,0.08960700627066918,0.0,0.0,0.675268377323315,0.7375721107709653,1.482657015002973,-1.150667713414222e-05,-9.591695189548802e-05
141.233333333,0.09517627854769452,0.08959932250023082,0.0,0.0,0.675244664075229,0.7375938202275906,1.482592715122978,-0.0004628240969604675,-0.003857992722547972
141.25,0.09517639491846061,0.08960063850201247,0.0,0.0,0.6752487255097931,0.737590102087467,1.482603727809607,7.926821550138136e-05,0.0006607611845236641
141.266666666,0.09517644446548419,0.08960119886445043,0.0,0.0,0.6752504548886185,0.7375885188726258,1.482608417082623,3.37529195935414e-05,0.00028135639222724463
141.3,0.09517569422259067,0.08959271703968309,0.0,0.0,0.6752242779847171,0.7376124825543677,1.4825374385410595,-0.00025544821705122576,-0.002129356204319808
141.316666666,0.09517543724435341,0.08958981336416373,0.0,0.0,0.6752153163267134,0.7376206861238481,1.4825131395808846,-0.00017490149243926,-0.001457937668813904
141.333333333,0.09517567431305601,0.08959249204705856,0.0,0.0,0.6752235835908025,0.7376131182149587,1.482535555726894,0.0001613491741334569,0.001344968733659458
141.35,0.09517420547563997,0.08957590637327795,0.0,0.0,0.6751723933197311,0.7376599753944268,1.4823967603505732,-0.0009990352192400808,-0.008327722412704379
141.366666666,0.09517438304638533,0.08957791005787215,0.0,0.0,0.6751785777278827,0.7376543148232466,1.4824135280540858,0.00012069225794054199,0.00100606225099439
141.4,0.09517401357118142,0.08957374137844039,0.0,0.0,0.6751657109609711,0.7376660916312789,1.4823786427048289,-0.00012555062519734918,-0.0010465604567778035
141.416666666,0.09517384684586727,0.08957186080731537,0.0,0.0,0.6751599064357493,0.7376714043133774,1.4823629052203884,-0.00011327684378741547,-0.0009442491042171923
141.433333333,0.0951742035944141,0.08957588514782149,0.0,0.0,0.6751723278066789,0.737660035357827,1.4823965827265955,0.00024240731708164364,0.002020650332027205
141.45,0.09517280329431879,0.08956009774589944,0.0,0.0,0.6751235977233496,0.7377046345232493,1.4822644660118434,-0.0009509628820972258,-0.007927002726605476
141.466666666,0.09517287488481178,0.0895609043040285,0.0,0.0,0.675126087366107,0.7377023560744074,1.4822712157230031,4.8583747899711596e-05,0.00040498268578094935
141.5,0.09517252630088456,0.08955697764400344,0.0,0.0,0.6751139666644859,0.7377134484435969,1.482238355287094,-0.00011826306344974237,-0.000985813057556307
141.516666666,0.09517260582706433,0.08955787334598443,0.0,0.0,0.6751167315108464,0.7377109182017789,1.4822458510189607,5.395353056240331e-05,0.0004497439299996108
141.533333333,0.09517268949191059,0.08955881574397287,0.0,0.0,0.6751196404858792,0.7377082560404331,1.482253737523579,5.6766270455827945e-05,0.000473190267626624
141.55,0.09517158089547041,0.08954633539168662,0.0,0.0,0.6750811153709065,0.7377435107607336,1.4821492946245813,-0.0007517695276582619,-0.006266573814514749
141.566666666,0.09517165635151427,0.08954718439157214,0.0,0.0,0.6750837361853875,0.7377411125442163,1.4821563995836966,5.1140787262941525e-05,0.0004262975639806737
141.6,0.09517074217303749,0.08953690303903125,0.0,0.0,0.6750519975489075,0.737770154319914,1.4820703585288086,-0.0003096574482975957,-0.002581231595028514
141.616666666,0.09517075803338053,0.08953708132771135,0.0,0.0,0.6750525479405318,0.7377696507169402,1.4820718505702226,1.073956532521772e-05,8.952248843594147e-05
141.633333333,0.0951708418622032,0.08953802371112779,0.0,0.0,0.6750554571471623,0.7377669888086859,1.4820797370748409,5.6766270455827945e-05,0.000473190267626624
141.65,0.09517030439814038,0.08953198312979194,0.0,0.0,0.6750368092127582,0.7377840512018801,1.4820291852907346,-0.00036386667954343765,-0.003033106985732819
141.666666666,0.09517035615603221,0.08953256468844327,0.0,0.0,0.67503860457025,0.7377824085323867,1.4820340521877284,3.503143927511494e-05,0.0002920138313267615
141.7,0.09517001495514556,0.08952873149993087,0.0,0.0,0.6750267708629055,0.737793235682192,1.4820019732973222,-0.00011545032031904581,-0.0009623666929441571
141.716666666,0.09517007201944816,0.08952937248639503,0.0,0.0,0.6750287497119951,0.7377914251753409,1.4820073375414542,3.8611294383455005e-05,0.00032185466080485983
141.733333333,0.09517018235920699,0.0895306120107569,0.0,0.0,0.675032576346791,0.7377879240476993,1.4820177107817625,7.466554492400912e-05,0.0006223944060685125
141.75,0.09516977532313046,0.08952604020911095,0.0,0.0,0.6750184622647242,0.737800837355019,1.4819794505769261,-0.00027539312288705716,-0.00229561224429673
141.766666666,0.09516982824393207,0.08952663449999482,0.0,0.0,0.6750202969783117,0.737799158760236,1.4819844240483067,3.579855108405907e-05,0.0002984082947864716
141.8,0.09516951369975704,0.08952310271803668,0.0,0.0,0.6750093934762548,0.7378091343422218,1.4819548674183862,-0.00010637283112443433,-0.0008866988798769169
141.816666666,0.09516845078375115,0.08951114028657552,0.0,0.0,0.6751714630338901,0.7376608268741647,1.482394238090087,-0.0007205736925348462,0.02636224135656486
141.833333333,0.09516632285329958,0.0894870487510596,0.0,0.0,0.6753955522691715,0.7374556583110748,1.483001889718438,-0.0014511197515172226,0.03645909697186217
141.85,0.09516344084360219,0.08945415499721072,0.0,0.0,0.6756918748465557,0.7371841630599144,1.483805672633022,-0.001981185988948438,0.04822697391055129
141.866666666,0.09516016408625003,0.08941635669334178,0.0,0.0,0.6760723599524412,0.7368352353873536,1.484838183054081,-0.0022764042930416848,0.061950627741581464
141.9,0.09515334589679834,0.08933602794512732,0.0,0.0,0.6770168149497157,0.7359675483846706,1.4874032375969473,-0.0024185275920303516,0.07695163474691448
141.916666666,0.09515011526204237,0.0892969469201384,0.0,0.0,0.6776903621348251,0.7353473825815725,1.4892343809473811,-0.002352859769999783,0.10986860542082909
141.933333333,0.09514671311990527,0.08925478841156709,0.0,0.0,0.6784530062067977,0.7346438037368579,1.4913096151682272,-0.002537733563688578,0.12451405076040846
141.95,0.0951429393571021,0.08920671473814845,0.0,0.0,0.6792957749455747,0.7338645993240791,1.4936051924887168,-0.002893293861179119,0.13773463647484183
141.966666666,0.09513975515329942,0.08916483304274264,0.0,0.0,0.6802555186811661,0.732975053670872,1.4962223663472947,-0.002520154070329381,0.1570304377956982
142.0,0.09513305335755272,0.08907155812394575,0.0,0.0,0.6823397548904273,0.7310351967559917,1.5019169570800093,-0.0028054610625877904,0.17083771856472788
142.016666666,0.09513047767776545,0.08903325929848453,0.0,0.0,0.6836021823767087,0.7298548186110723,1.5053735545206404,-0.0023031203601690652,0.20739585473379618
142.033333333,0.09512758679488853,0.08898785875204429,0.0,0.0,0.6849392598610685,0.7286001717684203,1.5090406601045208,-0.002729549460468495,0.22002633063216237
142.05,0.09512518777965288,0.08894776576780418,0.0,0.0,0.6863882830458843,0.7272352610382167,1.5130219417072759,-0.002409881603202479,0.23887689138761065
142.066666666,0.09512278937244287,0.0889047208521649,0.0,0.0,0.6879235631981118,0.7257831433677786,1.5172483976867075,-0.002586701019759582,0.25358736890954353
142.1,0.09511904077219269,0.08882829759417256,0.0,0.0,0.6912091286800736,0.7226547864847597,1.5263217857251263,-0.002295454098569377,0.2722016357086015
142.116666666,0.09511710192796824,0.08878212832522715,0.0,0.0,0.6930171666442264,0.7209210821833473,1.5313316700214261,-0.0027725977814603764,0.3005930698018725
142.133333333,0.0951155671969275,0.08874044939728018,0.0,0.0,0.6949313393885644,0.7190760971799965,1.5366488238167733,-0.0025024304410993584,0.3190292213400424
142.15,0.09511427429035764,0.08869922462332587,0.0,0.0,0.6969387345366772,0.7171306717066388,1.5422396450951503,-0.0024747025471689313,0.3354492699934361
142.166666666,0.09511322052135712,0.08865811241118679,0.0,0.0,0.6990374763695558,0.7150850345454607,1.5481011653158272,-0.0024675429854369266,0.351691227308416
142.2,0.09511191325315123,0.08857913175837726,0.0,0.0,0.7034183915210875,0.7107760311588215,1.560391006090917,-0.0023697440783593954,0.36869521587889525
142.216666666,0.09511164827831706,0.0885429293138714,0.0,0.0,0.7056086343163065,0.7086017606372967,1.5665634037976912,-0.0021722049389897367,0.3703438772197588
142.233333333,0.09511160705619255,0.08850695339323725,0.0,0.0,0.7077927916887294,0.7064201044941139,1.5727375999472415,-0.002158556611880611,0.3704517615644015
142.25,0.09511178972946092,0.0884706140627432,0.0,0.0,0.7099691200982373,0.7042328084567878,1.5789087187613753,-0.00218038733412994,0.3702671214424492
142.266666666,0.09511219924111738,0.08843404217051837,0.0,0.0,0.7121380032821079,0.7020395033624337,1.5850778837117518,-0.002194451181452825,0.3701499118287792
142.3,0.09511370640474501,0.08836034666215402,0.0,0.0,0.7164537861672902,0.6976345549688281,1.597411524339489,-0.002211327508567566,0.3700092114317157
142.316666666,0.09511480168093406,0.0883234776360324,0.0,0.0,0.7186013839546144,0.6954222105875775,1.6035780959797887,-0.0022131175688037993,0.3699943132179262
142.333333333,0.09511612581193817,0.08828657347481704,0.0,0.0,0.7207420271249316,0.6932033830960754,1.6097443123721322,-0.0022156744752241005,0.3699729761409516
142.35,0.09511767872428746,0.08824964837404439,0.0,0.0,0.7228757333328838,0.6909780562061617,1.6159102800909073,-0.002217464402674688,0.36995805572773843
142.366666666,0.09511945723797352,0.08821277611849454,0.0,0.0,0.7250026911024361,0.6887460329426411,1.622076603057638,-0.0022149074963580028,0.369979392803187
142.4,0.09512369960945159,0.08813900809522118,0.0,0.0,0.7292357409708075,0.6842625476312125,1.6344087516439607,-0.002216697290907983,0.36996445019018354
142.416666666,0.09512616099381291,0.08810215803691972,0.0,0.0,0.7313419150904568,0.6820109993481213,1.6405749325115089,-0.0022159303121032617,0.36997086685190733
142.433333333,0.09512885079241698,0.0880653068545236,0.0,0.0,0.7334410891879035,0.6797530203617059,1.6467409712798748,-0.0022169529948289617,0.3699623187024916
142.45,0.09513176675689683,0.08802848570341255,0.0,0.0,0.7355333280285321,0.6774885411276502,1.6529071166226275,-0.0022161858830698246,0.36996871316619845
142.466666666,0.09513491043303415,0.08799167473977809,0.0,0.0,0.7376185513955011,0.6752176483454815,1.6590731909157888,-0.002216697423908426,0.36996447238781666
142.5,0.09514187483880426,0.08791815229888607,0.0,0.0,0.7417680521504678,0.6706565117919164,1.6714056592252724,-0.002215546623265497,0.369974041885113
142.516666666,0.09514569888742344,0.08788140578346607,0.0,0.0,0.7438321825197057,0.668366429623729,1.6775717335184337,-0.002216697423912206,0.3699644723884476
142.533333333,0.0951497471106842,0.08784470472638575,0.0,0.0,0.7458893018368398,0.6660699283148517,1.683737985435573,-0.0022154187713031284,0.36997510762864366
142.55,0.09515402402704294,0.08780800816347022,0.0,0.0,0.7479392720347766,0.663767161998911,1.6899040597287345,-0.0022166972909079896,0.36996445019018354
142.566666666,0.0951585260967996,0.08777134712985281,0.0,0.0,0.7499821564854345,0.6614580598597747,1.696070205071487,-0.0022161860160395765,0.36996873536408736
142.6,0.09516820745603838,0.08769811570408012,0.0,0.0,0.7540465312202363,0.6568210020658056,1.7084025312817879,-0.002216058031107442,0.369969778909729
142.616666666,0.09517338569602891,0.08766155265895903,0.0,0.0,0.756067994413938,0.6544930769862164,1.7145687476741316,-0.002215674608166947,0.3699729983397272
142.633333333,0.09517878929179512,0.08762502223888587,0.0,0.0,0.758082270766559,0.6521589305908625,1.720734964066475,-0.0022156744752241005,0.3699729761409516
142.65,0.09518441998472232,0.08758851319672273,0.0,0.0,0.7600893065042879,0.6498186255701129,1.7269010738844324,-0.0022164415869870206,0.36996658167787555
142.666666666,0.09519027568794462,0.08755203956786184,0.0,0.0,0.7620891174259063,0.6474721438803396,1.7330671837023894,-0.0022164417199758944,0.36996660387626745
142.7,0.09520265700613514,0.08747922895935202,0.0,0.0,0.7660670573569222,0.6427606581243956,1.7453996164870773,-0.0022156744752259835,0.36997297614126706
142.716666666,0.09520918412010151,0.08744288247092197,0.0,0.0,0.7680451139268061,0.6403957393465071,1.7515658328794208,-0.0022156746081631686,0.3699729983390963
142.733333333,0.09521593445039397,0.08740658111084657,0.0,0.0,0.7700158811393666,0.638024719578454,1.7577320847965603,-0.002215418771306906,0.36997510762927455
142.75,0.09522291090716904,0.08737030950943642,0.0,0.0,0.771979294972314,0.6356476761021385,1.763898230139313,-0.002216185883066045,0.36996871316556756
142.766666666,0.09523010756549971,0.08733409833558038,0.0,0.0,0.7739354158808316,0.6332645355973792,1.770064517581248,-0.002215163200294314,0.36997726131536707
142.8,0.09524517815279844,0.08726177361944057,0.0,0.0,0.7778254709435725,0.6284803391924124,1.7823967816231563,-0.002216345698016652,0.3699679138576831
142.816666666,0.09525304430316117,0.08722569759719792,0.0,0.0,0.779759455050447,0.6260792220313895,1.7885630335402953,-0.002215418904230632,0.36997512982754716
142.833333333,0.09526113648813041,0.08718965413170231,0.0,0.0,0.7816859827188517,0.6236722091137804,1.7947291433582524,-0.0022164415869870206,0.36996658167787555
142.85,0.0952694450145024,0.08715368616359469,0.0,0.0,0.7836051465003075,0.6212591845423547,1.800895466324983,-0.002214907363464961,0.36997937060465863
142.866666666,0.09527798206060221,0.08711774108622318,0.0,0.0,0.7855167844828522,0.6188403520260458,1.807061540618145,-0.002216697423912206,0.3699644723884476
142.9,0.09529571522400529,0.08704603261145813,0.0,0.0,0.7893176976062605,0.6139849935019194,1.8193938668284455,-0.0022160580311055525,0.3699697789094135
142.916666666,0.0953049156980134,0.08701025159664048,0.0,0.0,0.7912068818739292,0.6115485835772447,1.825559941121607,-0.002216697423912206,0.3699644723884476
142.933333333,0.09531432902139318,0.08697455683955752,0.0,0.0,0.793088621367063,0.6091062622056116,1.8317262640883374,-0.002214907363461184,0.3699793706040277
142.95,0.09532397116176661,0.086938887892425,0.0,0.0,0.7949627356515165,0.6066582637082075,1.8378923028567038,-0.0022169529948327426,0.36996231870312246
142.966666666,0.09533382509567274,0.08690330782792627,0.0,0.0,0.7968293689392154,0.6042043998482067,1.8440585902986386,-0.002215163200290537,0.36997726131473613
143.0,0.09535419617255723,0.08683231254284446,0.0,0.0,0.8005398411950564,0.5992795363262405,1.8563909875585307,-0.0022158023271864695,0.369971910397421
143.016666666,0.0953647089925984,0.08679691266921886,0.0,0.0,0.8023836771329653,0.5968085410502947,1.8625572039508744,-0.002215674608166947,0.3699729983397272
143.033333333,0.09537544113246904,0.08676157421447629,0.0,0.0,0.8042198754170604,0.5943318870666187,1.8687233848184226,-0.002215930179145073,0.36997084465325963
143.05,0.09538638844440814,0.08672631074806006,0.0,0.0,0.8060484502634468,0.5918495550626828,1.8748896367355619,-0.0022154187713031284,0.36997510762864366
143.066666666,0.09539755685422822,0.08669110326817181,0.0,0.0,0.8078693316833891,0.5893616401882924,1.8810557820783145,-0.0022161860160395765,0.36996873536408736
143.1,0.09542054399246817,0.08662089791547346,0.0,0.0,0.8114880400954517,0.5843690279113384,1.8933880727638197,-0.002216185883067928,0.36996871316588303
143.116666666,0.09543235901181864,0.08658591112145522,0.0,0.0,0.8132858533611685,0.5818643490733865,1.8995542891561634,-0.002215674608166947,0.3699729983397272
143.133333333,0.09544438954132882,0.08655099784607707,0.0,0.0,0.8150759358986647,0.5793541392955746,1.9057205055485071,-0.0022156744752241005,0.3699729761409516
143.15,0.09545663653617735,0.0865161553960057,0.0,0.0,0.8168582604461896,0.5768384369481848,1.9118866864160553,-0.002215930179145073,0.36997084465325963
143.166666666,0.09546910101642886,0.08648138110097948,0.0,0.0,0.8186327999947686,0.5743172805799293,1.9180527962340124,-0.0022164417199758944,0.36996660387626745
143.2,0.0954946625881274,0.08641209204661418,0.0,0.0,0.8221585841678875,0.5692585199002776,1.9303852467810978,-0.0022156105492457385,0.36997350901319004
143.216666666,0.09550777195183775,0.08637754430116186,0.0,0.0,0.8239097040968393,0.5667210949797604,1.936551267787066,-0.0022170809798128972,0.36996127515608684
143.233333333,0.09552108410390772,0.08634310388435766,0.0,0.0,0.8256530579458816,0.5641781880794531,1.9427175197042053,-0.002215418771306906,0.36997510762927455
143.25,0.09553461773200805,0.0863087224130255,0.0,0.0,0.8273885035638385,0.5616300064725814,1.9488835584725712,-0.0022169529948289617,0.3699623187024916
143.266666666,0.09554835517505018,0.08627444482418686,0.0,0.0,0.8291161345059378,0.5590764129364891,1.955049774864915,-0.002215674608166947,0.3699729983397272
143.3,0.0955764718798134,0.08620612502101709,0.0,0.0,0.8325476823143193,0.5539533885382913,1.9673820122632268,-0.002216377661006766,0.3699671145497985
143.316666666,0.09559084930718571,0.08617208777314543,0.0,0.0,0.834251571960324,0.5513839992978836,1.9735480510315928,-0.0022169531278485206,0.36996234090062774
143.333333333,0.09560542792555965,0.08613815940265357,0.0,0.0,0.8359475807851556,0.5488092949098491,1.9797142674239363,-0.0022156744752241005,0.3699729761409516
143.35,0.0956202222990576,0.08610430595000607,0.0,0.0,0.837635604660239,0.5462294333020474,1.985880341717098,-0.0022166972909117696,0.3699644501908144
143.366666666,0.09563521907778537,0.08607055799529603,0.0,0.0,0.8393157005138213,0.5436443275442073,1.9920465403470438,-0.0022158024601351043,0.36997193259581723
143.4,0.09566584710814867,0.08600331717558796,0.0,0.0,0.8426518798279137,0.5384587351157778,2.0043787066957646,-0.0022166333649277386,0.3699649830621065
143.416666666,0.0956814727745712,0.08596983694640341,0.0,0.0,0.8443079559716016,0.5358582606278045,2.010544763226528,-0.0022168252758803632,0.3699634066445377
143.433333333,0.09569729636861755,0.08593647103101985,0.0,0.0,0.8459560495443991,0.5332526251592525,2.016710979618872,-0.0022156744752241005,0.3699729761409516
143.45,0.09571333649760096,0.08590318028341316,0.0,0.0,0.8475960452879953,0.5306420111639775,2.022876982862442,-0.002217208698753715,0.3699601872154304
143.466666666,0.09572957316313725,0.08587000629809914,0.0,0.0,0.8492280269287305,0.5280262855945105,2.029043145967593,-0.00221605816406764,0.3699698011073665
143.5,0.09576266734947618,0.08580394436572115,0.0,0.0,0.8524677162717719,0.5227798702268383,2.0413753123163136,-0.0022166333649296286,0.369964983062422
143.516666666,0.09577951680880391,0.08577107259734656,0.0,0.0,0.8540754259365722,0.520149177458989,2.0475414398966687,-0.002216313868007734,0.36996766962017746
143.533333333,0.09579656765467427,0.08573830723952622,0.0,0.0,0.8556750219758853,0.5175135329308482,2.0537075852394215,-0.002216185883066045,0.36996871316556756
143.55,0.09581382220109869,0.08570564387334638,0.0,0.0,0.857266475396733,0.5148729844931297,2.0598736950573784,-0.0022164415869870206,0.36996658167787555
143.566666666,0.09583127983851285,0.08567308376524967,0.0,0.0,0.8588497894094862,0.5122275268191678,2.0660398404001312,-0.0022166974239122028,0.3699687353640873
143.6,0.09586685331595599,0.08560818464923359,0.0,0.0,0.8619921996444612,0.5069215400356385,2.078373267879095,-0.002220277145803488,0.37000281696895526
143.616666666,0.09588493736779206,0.08557590472406226,0.0,0.0,0.8635511286223261,0.5042612896654936,2.0845400171433726,-0.0022200215750842914,0.3700049706570257
143.633333333,0.09590323066297932,0.0855437184045885,0.0,0.0,0.8651018031064,0.5015963220180703,2.090706588783672,-0.0022212999614854836,0.3699942910178717
143.65,0.09592171783221397,0.08551165288805267,0.0,0.0,0.8666442710999438,0.4989265550856631,2.0968732314735625,-0.002220788553643539,0.3699985539932557
143.666666666,0.09594039593289433,0.08547971302182172,0.0,0.0,0.8681785264690235,0.49625199866406094,2.10303998073784,-0.0022200215750842914,0.3700049706570257
143.7,0.09597835452809825,0.08541615960996815,0.0,0.0,0.8712222085642656,0.4908888502547225,2.1153732661176217,-0.0022207885536454325,0.3699985539935712
143.716666666,0.0959976202874948,0.08538457073511084,0.0,0.0,0.8727316589557745,0.4882002165672417,2.1215400153818993,-0.0022200215750805053,0.37000497065639476
143.733333333,0.0960170804800018,0.08535310126724965,0.0,0.0,0.8742328121201952,0.48550694146676776,2.127706764646177,-0.002220021441884408,0.3700049484569627
143.75,0.0960367479447362,0.08532173073630085,0.0,0.0,0.8757256023306934,0.48280914388870494,2.133873300761681,-0.0022215556654064557,0.3699921595301796
143.766666666,0.09605660391098167,0.08529048927539,0.0,0.0,0.8772100844813353,0.48010672530620585,2.140039907926776,-0.0022210443908295503,0.36999644470574605
143.8,0.09609687355346191,0.08522840496260474,0.0,0.0,0.8801540839421006,0.47468809603785284,2.1523734064553306,-0.0022200214418806223,0.3700049484563317
143.816666666,0.09611730170770315,0.0851975397185377,0.0,0.0,0.8816135138095981,0.4719720460666008,2.158540049145221,-0.0022207886868932354,0.369998576193566
143.833333333,0.09613792099397712,0.08516679926383687,0.0,0.0,0.8830645581306986,0.46925151696444634,2.164706674072714,-0.002220916405604025,0.3699974882494097
143.85,0.09615871867333954,0.08513620240648274,0.0,0.0,0.8845072446162323,0.4665264560787528,2.170873458861787,-0.0022197657379634354,0.37000707994465476
143.866666666,0.09617972035024909,0.08510571156920287,0.0,0.0,0.8859414682770876,0.46379706207245225,2.1770400127396887,-0.0022214279467340226,0.3699932474740163
143.9,0.09622226882811177,0.08504514543764823,0.0,0.0,0.8887846921862971,0.45832496215601126,2.1893733691690613,-0.002220532849722567,0.37000068548094767
143.916666666,0.09624381979035851,0.08501506391648479,0.0,0.0,0.8901936444932332,0.4555823474453933,2.1955400829085434,-0.002220277279020606,0.37000283916920584
143.933333333,0.09626556085129999,0.08498510896620676,0.0,0.0,0.8915941175692614,0.45283543314971497,2.201706725598434,-0.002220788553643539,0.3699985539932557
143.95,0.09628747612324672,0.08495530238971244,0.0,0.0,0.8929861463604734,0.45008415036331956,2.207873510387507,-0.0022197657379634354,0.37000707994465476
143.966666666,0.09630958624105025,0.08492561614353047,0.0,0.0,0.8943696495081598,0.4473286599790487,2.214040135315,-0.0022209165388576055,0.3699975104490251
144.0,0.09635434475257397,0.08486666710225947,0.0,0.0,0.8971111623957676,0.44180489167155523,2.2263735095067703,-0.0022204689237442154,0.3700012183531862
144.016666666,0.09637699894713972,0.08483739663513648,0.0,0.0,0.898469122333691,0.43903671396926136,2.232540152196661,-0.0022207886868932354,0.369998576193566
144.033333333,0.09639982203859773,0.08480828068056652,0.0,0.0,0.89981857358245,0.43626429447760806,2.238706945866933,-0.0022197018119794023,0.37000761281594685
144.05,0.09642283550647043,0.08477929183661763,0.0,0.0,0.9011594372363562,0.43348779530668885,2.2448735885568234,-0.002220788553643539,0.3699985539932557
144.066666666,0.09644602329475946,0.0847504504415084,0.0,0.0,0.9024917451665535,0.43070715098106815,2.2510402845339077,-0.0022204051309887636,0.37000177342529583
144.1,0.09649292909810481,0.08469320073773898,0.0,0.0,0.9051306121769853,0.42513359653186167,2.2633736942504736,-0.0022203410717837294,0.3700022840970322
144.116666666,0.09651664987038455,0.08466478914027319,0.0,0.0,0.9064371329917446,0.4223407675487964,2.269540345821563,-0.002220724760909152,0.3699991090655211
144.133333333,0.09654054333175582,0.08463652680104443,0.0,0.0,0.9077350419971343,0.41954391132569296,2.275707024036249,-0.00222053284972257,0.37000068548094767
144.15,0.09656460992972801,0.08460841315102896,0.0,0.0,0.9090243230410142,0.41674306247354115,2.281873711132134,-0.002220468923742322,0.37000121835287075
144.166666666,0.09658884315763124,0.08458045569255733,0.0,0.0,0.9103049785339485,0.413938215264437,2.2880404781588095,-0.002219893723116134,0.37000603640093566
144.2,0.09663784237924938,0.08452497151302105,0.0,0.0,0.9128402686162318,0.40831684265120105,2.3003737901821877,-0.002220692664675067,0.3699993533014557
144.216666666,0.09666259292097028,0.08449746237683343,0.0,0.0,0.9140949139395014,0.4055002938469165,2.3065405039216698,-0.0022202772790168197,0.3700028391685749
144.233333333,0.09668750402360396,0.08447011584514028,0.0,0.0,0.9153408903450986,0.4026798411421189,2.3127073242355385,-0.002219510034042463,0.3700092114323467
144.25,0.09671260423667831,0.08444290073898497,0.0,0.0,0.9165781127365938,0.39985567802924077,2.318873886994639,-0.002221363887465728,0.36999375814594865
144.266666666,0.09673785361949323,0.08441586040218463,0.0,0.0,0.9178066656474683,0.3970276117514706,2.325040671783712,-0.0022197658711479765,0.37000710214484567
144.3,0.09678886662307137,0.08436223217000674,0.0,0.0,0.9202375440456876,0.391360272036855,2.3373740459754826,-0.002220468923742322,0.37000121835287075
144.316666666,0.09681462525067643,0.08433564977685701,0.0,0.0,0.9214398538773951,0.38852103634990565,2.3435406709029754,-0.002220916538861393,0.36999751044965606
144.333333333,0.0968405405970099,0.08430923357791194,0.0,0.0,0.9226334191709051,0.3856780701945663,2.3497073757612585,-0.002220341071781836,0.3700022840967167
144.35,0.09686662285459505,0.08428297315622134,0.0,0.0,0.9238182027380517,0.38283146199056844,2.355874027332348,-0.0022207246276670783,0.36999908686580973
144.366666666,0.09689286202207756,0.08425687858145732,0.0,0.0,0.9249942137908908,0.3799811896046592,2.362040732190631,-0.002220341205004683,0.37000230629725084
144.4,0.09694582390624458,0.08420517410731757,0.0,0.0,0.9273198362401617,0.37426985093047466,2.3743741063824015,-0.002220468923742322,0.37000121835287075
144.416666666,0.09697255130621095,0.08417955981190997,0.0,0.0,0.9284694107848461,0.37140887608785106,2.3805406957850987,-0.0022211722427977077,0.36999537896183615
144.433333333,0.09699941448790145,0.08415413133073658,0.0,0.0,0.9296102044742198,0.368544254788213,2.3867075338613652,-0.0022193821820781917,0.3700102771755618
144.45,0.0970264526465675,0.08412885152659152,0.0,0.0,0.9307421209549945,0.3656762287600853,2.392874158788858,-0.0022209164056078124,0.3699974882500407
144.466666666,0.0970536414855252,0.08410374327394199,0.0,0.0,0.931865198715348,0.36280470148994076,2.399040837003544,-0.0022205329829531376,0.37000070768075494
144.5,0.0971084809394434,0.0840540322621519,0.0,0.0,0.9340847667854639,0.3570513246850449,2.411374197873516,-0.002220516868229398,0.37000081869924395
144.516666666,0.0971361292050555,0.08402943162611494,0.0,0.0,0.9351812359810645,0.35416952984260025,2.4175408805288017,-0.0022205010199648823,0.3700009741173634
144.533333333,0.09716393104894785,0.08400499984454493,0.0,0.0,0.9362688097418104,0.35128438038810345,2.4237075365404905,-0.0022206926646731735,0.36999935330114025
144.55,0.09719188101433036,0.08398074171703893,0.0,0.0,0.9373474863525242,0.3483958809007427,2.4298742147551766,-0.00222053284972257,0.37000068548094767
144.566666666,0.09721996992909306,0.08395666507695593,0.0,0.0,0.9384172708045079,0.3455040171341267,2.4360410039848492,-0.0022197339081559382,0.3700073685808231
144.6,0.09727661971152336,0.08390900914746094,0.0,0.0,0.9405300105848426,0.33971061094595745,2.4483742671616335,-0.002220868461120736,0.36999788790366744
144.616666666,0.09730515660700974,0.08388545013832442,0.0,0.0,0.9415729863753195,0.3368090131339456,2.454540976460516,-0.0022203092420126445,0.37000257273322834
144.633333333,0.09733383947905705,0.0838620665447447,0.0,0.0,0.9426070083429445,0.3339042195342311,2.4607076724376005,-0.002220404997762081,0.3700017512247937
144.65,0.09736266724905553,0.08383885927084846,0.0,0.0,0.9436320667152881,0.3309962577834287,2.466874355092886,-0.002220500886732446,0.3700009519169092
144.666666666,0.09739163862431674,0.083815829379906,0.0,0.0,0.944648152169467,0.3280851544992727,2.473041026646673,-0.0022205809274449804,0.3700003080274197
144.7,0.09744999297435432,0.08377031687259832,0.0,0.0,0.9466533917212,0.3222535584640582,2.485374496311332,-0.0022201253216004102,0.3700040825397723
144.716666666,0.0974793947304212,0.08374781974326422,0.0,0.0,0.9476424905803582,0.31933322728249813,2.491541070171931,-0.0022212841132660563,0.369994446435284
144.733333333,0.09750891893131762,0.083725516231958,0.0,0.0,0.9486226065267218,0.31640978238108947,2.49770780833471,-0.0022201013493597117,0.37000428236705896
144.75,0.09753859057101799,0.0837033874072684,0.0,0.0,0.9495936867160282,0.3134833809774637,2.503874437702802,-0.002220884442613901,0.3699977546853712
144.766666666,0.0975683806265776,0.08368145484930115,0.0,0.0,0.9505557673853257,0.3105539133395275,2.510041248025322,-0.002219582083943751,0.3700086341517162
144.8,0.0976284006474443,0.08363811621187058,0.0,0.0,0.9524527502766552,0.30468632803333245,2.5223744912194084,-0.0022209403778466166,0.36999728842243856
144.816666666,0.09765859894311112,0.08361673310468407,0.0,0.0,0.9533876807948837,0.3017481236206001,2.528541223831438,-0.0022201414363044367,0.3700039715221102
144.833333333,0.09768893562244307,0.08359553166773817,0.0,0.0,0.9543135365418027,0.298807084877647,2.5347078842837263,-0.002220660701683053,0.3699996197371017
144.85,0.0977194003560251,0.08357451916465843,0.0,0.0,0.9552303228697758,0.29586319519349447,2.5408745661063996,-0.0022205068797968804,0.37000090196079743
144.866666666,0.09774998521835238,0.0835537009648294,0.0,0.0,0.956138040937398,0.2929164499859895,2.5470413373655214,-0.002219863258389346,0.3700062903477267
144.9,0.09781156833137913,0.08351261155874048,0.0,0.0,0.9579261533729918,0.28701478129884417,2.559374570498875,-0.0022209765859213626,0.36999698660045094
144.916666666,0.09784253260813637,0.08349236301443298,0.0,0.0,0.9588065762568798,0.2840597636529329,2.565541346406749,-0.0022198297971320535,0.37000656927289066
144.933333333,0.0978736343676147,0.08347229728202842,0.0,0.0,0.9596778650923211,0.28110210823087883,2.5717079913169396,-0.0022207725721484803,0.3699986872112364
144.95,0.09790486152003429,0.08345242229291784,0.0,0.0,0.9605400273074293,0.27814179107110654,2.577874614024133,-0.002220932387102871,0.36999735503205994
144.966666666,0.09793619552686282,0.08343274973802471,0.0,0.0,0.9613930783270982,0.2751787581641178,2.5840413854914077,-0.00221986176012031,0.3700063028362822
145.0,0.09799924340364848,0.08339397454451054,0.0,0.0,0.9630717271911577,0.26924495962791994,2.5963747463613798,-0.002220516868229398,0.37000081869924395
145.016666666,0.0980309428169431,0.0833748808822357,0.0,0.0,0.9638973249882561,0.26627419492035675,2.602541451219663,-0.002220341205004683,0.37000230629725084
145.033333333,0.09806276692831187,0.08335597857280148,0.0,0.0,0.9647137493147746,0.2633009340717011,2.608708082808055,-0.0022208684611188427,0.369997887903352
145.05,0.0980946927484782,0.08333728121694524,0.0,0.0,0.9655210201908753,0.2603251036100271,2.61487485205503,-0.002219877608425074,0.37000614741815846
145.066666666,0.09812675148431042,0.08331877056991505,0.0,0.0,0.9663190890443721,0.25734688291964,2.6210414458983267,-0.002221140279805666,0.36999564539781366
145.1,0.09819118894254006,0.0832823550736502,0.0,0.0,0.967887674489625,0.2513830733583025,2.6333747512608054,-0.002220460932996686,0.3699991534744846
145.116666666,0.09822356783687262,0.08326444992688851,0.0,0.0,0.9686581810575206,0.24839752066060514,2.6395415049656825,-0.0022199896120922527,0.3700052370930032
145.133333333,0.09825607103100133,0.08324673688737463,0.0,0.0,0.9694194615018691,0.2454096731211427,2.6457081210119764,-0.00222098033158427,0.3699969553774867
145.15,0.09828868283595144,0.08322922461809606,0.0,0.0,0.9701715258878609,0.24241949252570338,2.6518747370582703,-0.00222098033158427,0.3699969553774867
145.166666666,0.09832139024069435,0.08321192001498093,0.0,0.0,0.9709143803557763,0.23942695340825562,2.6580414641195507,-0.002220181390044487,0.3700036384771383
145.2,0.09838712427767812,0.08317791639405255,0.0,0.0,0.972372388436083,0.23343508349669148,2.6703749004797133,-0.002220245182813367,0.37000308340491667
145.216666666,0.09842016284293804,0.08316121139433268,0.0,0.0,0.973087512379531,0.23043587665772927,2.6765414721200127,-0.0022213000947620774,0.36999431321729526
145.233333333,0.09845327899632313,0.08314472279618498,0.0,0.0,0.9737934117850727,0.22743436671705464,2.6827082746714837,-0.002219637886002946,0.3700081456885007
145.25,0.0984865196377372,0.08312842723732099,0.0,0.0,0.974490028573208,0.2244308004962515,2.6888748596335814,-0.0022212040725151216,0.36999509032575617
145.266666666,0.09851985245873582,0.08311234067402197,0.0,0.0,0.9751773890576944,0.22142506603954829,2.6950415156452703,-0.0022206927979171167,0.36999937550149853
145.3,0.09858680417264791,0.08308078966144603,0.0,0.0,0.9765242994353347,0.21540727149362635,2.7073749075994384,-0.002220404997762081,0.3700017512247937
145.316666666,0.09862042161590036,0.0830653258149749,0.0,0.0,0.9771838348681291,0.21239527507083805,2.7135416302201194,-0.0022202133530365258,0.37000337204116085
145.333333333,0.09865413183939789,0.08305007044950682,0.0,0.0,0.977834081966821,0.2093812506985866,2.719708370603198,-0.002220085367860864,0.3700044155844088
145.35,0.09868794912324072,0.08303501718704043,0.0,0.0,0.9784750198069326,0.20636529653462252,2.725874986649492,-0.0022209803315880574,0.36999695537811766
145.366666666,0.0987218576152569,0.08302017317508774,0.0,0.0,0.9791066564024637,0.20334737615319207,2.7320416115769848,-0.002220916538861393,0.36999751044965606
145.4,0.09878992965007054,0.08299112083000268,0.0,0.0,0.9803420140341954,0.19730569053977495,2.744375012412352,-0.00222037303477196,0.37000201766075524
145.416666666,0.09882410497121974,0.0829769074489352,0.0,0.0,0.9809457099287854,0.1942820479928893,2.7505416551022424,-0.0022207886868932354,0.369998576193566
145.433333333,0.0988583594013558,0.08296290830948592,0.0,0.0,0.9815400869012654,0.19125652356418202,2.7567083688417244,-0.0022202771458015944,0.37000281696863974
145.45,0.09889271038352203,0.0829491163037723,0.0,0.0,0.9821251230972442,0.1882292288174793,2.7628749848880183,-0.0022209803315880574,0.36999695537811766
145.466666666,0.09892713188682271,0.08293554186255582,0.0,0.0,0.9827008339585195,0.18520008352382095,2.769041725271097,-0.0022200855010645823,0.3700044377844398
145.5,0.09899623898838696,0.08290902482611254,0.0,0.0,0.9838242094743536,0.1791366094693189,2.781375063938072,-0.002220596775704702,0.3700001526093402
145.516666666,0.09903092068757777,0.08289608388269162,0.0,0.0,0.9843718646618481,0.17610233406220424,2.787541671103167,-0.0022210443908295503,0.36999644470574605
145.533333333,0.09906566952341943,0.08288336144986938,0.0,0.0,0.9849101708909421,0.1730663320105189,2.793708384842649,-0.0022202771458015944,0.37000281696863974
145.55,0.09910050116699178,0.08287085174231346,0.0,0.0,0.9854391097230789,0.17002870648271642,2.799875054176136,-0.0022205967757028084,0.37000015260902475
145.566666666,0.09913540024717643,0.08285856025330109,0.0,0.0,0.9859586867134644,0.16698942509710155,2.8060418034404138,-0.0022200215750842914,0.3700049706570257
145.6,0.09920544801505594,0.08283461533600286,0.0,0.0,0.9869696968862345,0.16090623800305054,2.8183750799389964,-0.0022208205166355534,0.3699982875576097
145.616666666,0.09924057760443245,0.08282296852840057,0.0,0.0,0.9874611323484752,0.15786232008008486,2.8245417492724836,-0.002220596908940998,0.370000174809431
145.633333333,0.09927578037401515,0.0828115379150394,0.0,0.0,0.9879431786969477,0.1548169101428231,2.830708400843573,-0.002220724627663291,0.3699990868651788
145.65,0.09931104179401319,0.08280032815324004,0.0,0.0,0.9884158401913782,0.15176998009742232,2.8368751501078506,-0.0022200214418806223,0.3700049484563317
145.666666666,0.09934637472273793,0.08278933510151422,0.0,0.0,0.9888791026458061,0.14872162031939115,2.8430418727285316,-0.0022202133530365258,0.37000337204116085
145.7,0.0994172582694341,0.08276799836847257,0.0,0.0,0.9897774083277401,0.1426207627381863,2.855375166989512,-0.0022207565906553054,0.3699988204295327
145.716666666,0.09945279464981358,0.08275765903355146,0.0,0.0,0.9902124502931534,0.13956827463442098,2.861541836322999,-0.002220596908937211,0.3700001748088
145.733333333,0.09948839821249907,0.08274753786897879,0.0,0.0,0.9906380759383052,0.13651447725883367,2.867708470131691,-0.002220852479627568,0.3699980211219636
145.75,0.09952406043166744,0.08273763730508334,0.0,0.0,0.9910542855280479,0.13345936885992857,2.873875130583979,-0.002220660701683053,0.3699996197371017
145.766666666,0.09955978096918983,0.08272795740249639,0.0,0.0,0.9914610744043455,0.13040298286841756,2.8800418087986652,-0.002220532982956924,0.3700007076813859
145.8,0.0996313939407096,0.08270926032517287,0.0,0.0,0.9922463732072834,0.12428650311676077,2.8923752007528334,-0.002220404997762081,0.3700017512247937
145.816666666,0.0996672895009103,0.0827002423542626,0.0,0.0,0.992624872329514,0.12122649393930318,2.8985418612051217,-0.002220660834925078,0.369999641937476
145.833333333,0.0997032441284714,0.08269144489561785,0.0,0.0,0.9929939325498255,0.11816534990949161,2.9047084861326145,-0.002220916405604025,0.3699974882494097
145.85,0.09973924403143006,0.08268287129750793,0.0,0.0,0.993353556656272,0.11510304721567834,2.9108751821096988,-0.0022204049977658674,0.37000175122542467
145.866666666,0.0997753002719681,0.08267451889906655,0.0,0.0,0.9937037349332571,0.1120396678846157,2.917041842561987,-0.002220660834925078,0.369999641937476
145.9,0.09984755378445717,0.08265848415858998,0.0,0.0,0.9943757517719178,0.10590969874394532,2.929375252278553,-0.002220341071781836,0.3700022840967167
145.916666666,0.09988373752245815,0.08265080462152066,0.0,0.0,0.9946975882393385,0.10284312301191244,2.9355420903548195,-0.0022193823152435043,0.3700102993765755
145.933333333,0.09991999714941731,0.08264334235035356,0.0,0.0,0.9950099552480425,0.09977569321878191,2.9417086797575167,-0.0022211721095249976,0.3699953567617177
145.95,0.09995628747573979,0.08263610673671862,0.0,0.0,0.9953128690090508,0.0967072530111991,2.947875393496999,-0.002220277145805381,0.37000281696927073
145.966666666,0.09999262591611227,0.0826290942431338,0.0,0.0,0.9956063185857102,0.0936379110841824,2.954042071711685,-0.0022205329829531376,0.37000070768075494
146.0,0.1000581264576287,0.08261706509072807,0.0,0.0,0.9961436251083882,0.08773755271215994,2.965891633712487,-0.0019978786605377276,0.3554868529144194
146.016666666,0.1000825869036047,0.08261279142085769,0.0,0.0,0.9963793849602313,0.08501835817205226,2.9713504270881006,-0.0014898589849376446,0.32752761563808147
146.033333333,0.10011099642105449,0.08260798297236205,0.0,0.0,0.9965951176738757,0.08245102442416265,2.976503192112213,-0.001728814209693031,0.30916589526323834
146.05,0.10014074179703181,0.08260310168233369,0.0,0.0,0.996793067163795,0.08002237970839246,2.981376590143905,-0.0018085938330363535,0.29240387605325735
146.066666666,0.10017101290266066,0.08259828126541643,0.0,0.0,0.9969745157536037,0.07772911255036553,2.9859774597063247,-0.0018391505619435315,0.27605218478741506
146.1,0.10023789280756956,0.08258808378384265,0.0,0.0,0.9972999777943018,0.07343537493255581,2.994589576036569,-0.002029585946738309,0.25836348474012594
146.116666666,0.10026293520484345,0.08258442479634982,0.0,0.0,0.9974389931026904,0.07152240934344413,2.998425596750208,-0.0015184978258048912,0.2301612520248956
146.133333333,0.10029284086909494,0.08258016761560949,0.0,0.0,0.9975635683940511,0.06976336440372688,3.0019524984551302,-0.0018124293918509403,0.2116140980629334
146.15,0.1003218553614628,0.08257613772782778,0.0,0.0,0.9976760150360324,0.06813640012373923,3.0052141897986697,-0.0017575809008024026,0.19570147669821916
146.166666666,0.10034998916038917,0.08257231991778863,0.0,0.0,0.9977771279194905,0.0666393502424264,3.0082151113802733,-0.001703499623728581,0.18005530209851717
146.2,0.10040607308691173,0.08256495091728037,0.0,0.0,0.9979555614777871,0.06391163677730963,3.0136821997956544,-0.0016969790715334393,0.16401264918121936
146.216666666,0.10042375474461074,0.08256269731670746,0.0,0.0,0.9980277599643765,0.06277412158277251,3.015961808165457,-0.0010694817136344406,0.13677650765905597
146.233333333,0.10044465072908682,0.08256007929825261,0.0,0.0,0.998089551997744,0.061783866769107,3.0179461699592163,-0.0012635609254862711,0.11906170524444527
146.25,0.100466099248673,0.08255743225224063,0.0,0.0,0.9981419188812527,0.06093200942075383,3.019653100861914,-0.0012966745832500154,0.10241585211347591
146.266666666,0.10049055337791137,0.08255445299883503,0.0,0.0,0.998184731569248,0.060226586006747525,3.021066543665949,-0.0014780966038671673,0.08480657163440528
146.3,0.1005428808894093,0.08254817548458174,0.0,0.0,0.9982522006538646,0.05909774860108023,3.023328247538781,-0.0015810812693513425,0.06785111482788925
146.316666666,0.10056268935048547,0.08254582832483132,0.0,0.0,0.9982711526077064,0.058776746007935546,3.023971370675516,-0.001196822273920989,0.03858738974762063
146.333333333,0.10057943478616053,0.08254385297210466,0.0,0.0,0.998282904388048,0.05857681116758904,3.0243719305080488,-0.0010116925633265011,0.02403358947127927
146.35,0.10059430786764022,0.08254210259082323,0.0,0.0,0.9982871032163949,0.05850520961263914,3.0245153796325903,-0.0008985435782978359,0.008606947300358405
146.366666666,0.10059222756350253,0.08254234724769943,0.0,0.0,0.9982876139416159,0.058496494345859705,3.0245328400696168,0.00012567848469867882,0.0010476262634825058
146.4,0.10060445325710955,0.08254090890135865,0.0,0.0,0.9982846113664148,0.05854771309800363,3.0244302266975915,-0.00036930038786409683,-0.0030784010991880702
146.416666666,0.10060408502823105,0.08254095224186737,0.0,0.0,0.9982847018406787,0.05854617042016533,3.0244333173548066,2.2246242459379563e-05,0.00018543944033159307
146.433333333,0.10061842257669913,0.08253926386140586,0.0,0.0,0.9982811773033176,0.058606237226956286,3.0243129771097883,-0.0008661970322933206,-0.007220414556690039
146.45,0.10061860668854601,0.08253924216913754,0.0,0.0,0.9982811320200721,0.05860700856316972,3.0243114317811806,-1.112312056230958e-05,-9.271971460267227e-05
146.466666666,0.10061842257669913,0.08253926386140586,0.0,0.0,0.9982811773033176,0.058606237226956286,3.0243129771097883,1.1123121229670815e-05,9.271972016563843e-05
146.5,0.10062743978534941,0.08253820110466115,0.0,0.0,0.998278958765071,0.05864401492842804,3.0242372915328106,-0.0002723886018158661,-0.002270567263917527
146.516666666,0.10062727683720935,0.08253822031566084,0.0,0.0,0.9982789988686829,0.058643332253037576,3.02423865923744,9.844601548116243e-06,8.20622810662797e-05
146.533333333,0.1006325673478138,0.08253759646805735,0.0,0.0,0.9982776965648767,0.05866549702443348,3.0241942532429684,-0.0003196299012152474,-0.002664359615014774
146.55,0.10063205945999794,0.08253765636762136,0.0,0.0,0.9982778216073964,0.058663369207634326,3.0241985162184375,3.068447051666376e-05,0.00025577852304141835
146.566666666,0.10063255465062151,0.08253759796557283,0.0,0.0,0.998277699690995,0.05866544382901679,3.024194359817355,-2.9917360548820788e-05,-0.0002493840749286941
146.6,0.10063621143540313,0.08253716662518751,0.0,0.0,0.9982767992517846,0.05868076410215087,3.024163666393976,-0.00011046409386008369,-0.0009208026829498912
146.616666666,0.1006364653782991,0.08253713666682626,0.0,0.0,0.9982767367125531,0.05868182800949429,3.0241615349062414,-1.5342236178882458e-05,-0.00012788926919420212
146.633333333,0.1006417262142613,0.08253651590768317,0.0,0.0,0.9982754408530844,0.05870386860829623,3.0241173775853385,-0.00031783997376844206,-0.0026494392011706916
146.65,0.10064050094558295,0.08253666050588615,0.0,0.0,0.9982757427077503,0.05869873526141277,3.024127662013658,7.402628512145131e-05,0.0006170656868374218
146.666666666,0.1006411421485483,0.08253658483689569,0.0,0.0,0.9982755847456476,0.058701421624483115,3.0241222800071283,-3.87391463516782e-05,-0.0003229204047153603
146.7,0.10064420637359718,0.08253622317637864,0.0,0.0,0.9982748297642275,0.05871425941968897,3.0240965600551304,-9.25648193920146e-05,-0.0007715985445089367
146.716666666,0.10064499359013268,0.08253613025086946,0.0,0.0,0.9982746357782575,0.058717557525729554,3.024089952443153,-4.756093215445451e-05,-0.0003964567345013505
146.733333333,0.10064739967557569,0.08253584619630133,0.0,0.0,0.9982740428019784,0.058727638023283193,3.0240697565968673,-0.00014536767907294241,-0.0012117507529107857
146.75,0.10064571308857968,0.08253604531440278,0.0,0.0,0.998274458469722,0.058720571923162844,3.024083913227905,0.00010189801250742087,0.00084939784526671
146.766666666,0.10064958144202474,0.08253558858150477,0.0,0.0,0.9982735050195691,0.05873677873312638,3.024051443564747,-0.00023371339779164273,-0.0019481798673916786
146.8,0.1006500131391917,0.08253553760352197,0.0,0.0,0.9982733986007158,0.058738587369601906,3.0240478200355985,-1.3040899969582094e-05,-0.00010870587229260278
146.816666666,0.1005817408307338,0.08254361209843189,0.0,0.0,0.998262969877776,0.05891555796903435,3.0236932648133386,0.004124888048660707,-0.021273314186545576
146.833333333,0.10044895728737553,0.08255935877650296,0.0,0.0,0.9982548056076093,0.05905373046060844,3.0234164378438018,0.008022838372463197,-0.016609617840002103
146.85,0.10025600788441014,0.08258229015138273,0.0,0.0,0.9982479782437678,0.05916902848813954,3.02318543786056,0.011658436720865787,-0.0138599987173305
146.866666666,0.10001187178914532,0.08261136630030305,0.0,0.0,0.9982401275607514,0.0593013298965106,3.0229203695983595,0.01475168793796364,-0.015904096368208977
146.9,0.09941578060963968,0.08268260675053402,0.0,0.0,0.9982237101426484,0.059577046830519134,3.022367959027131,0.018009994265834814,-0.016572316805391896
146.916666666,0.09901463821128885,0.08273072953110032,0.0,0.0,0.9982136231017942,0.059745817041774306,3.022029816260428,0.024241116718538756,-0.020288566813750197
146.933333333,0.09854684652299449,0.08278698556193592,0.0,0.0,0.9982063787276468,0.0598667308898505,3.021787554916988,0.0282697305389628,-0.014535680315674595
146.95,0.09803043119706194,0.08284922926066343,0.0,0.0,0.9981975930203529,0.06001304265219312,3.0214944043038834,0.031209174962551923,-0.017589036434511533
146.966666666,0.09745460274484818,0.08291879502587722,0.0,0.0,0.9981898441358784,0.06014179132675329,3.021236441000798,0.034800922176467894,-0.015477798804201923
147.0,0.09619645667426478,0.08307130651592838,0.0,0.0,0.9981733002844967,0.060415747940052084,3.0206875296219344,0.03802067993536876,-0.01646734103657433
147.016666666,0.09547087591453225,0.08315960701217126,0.0,0.0,0.9981614585153764,0.06061107765463688,3.0202961529490584,0.043856037821271815,-0.023482601311875392
147.033333333,0.09467468985710396,0.08325676389197241,0.0,0.0,0.9981535089612781,0.06074185170282339,3.0200341220568796,0.04812552355833543,-0.015721853216279183
147.05,0.09387699097159301,0.08335431229251207,0.0,0.0,0.9981459352851343,0.06086618004905845,3.0197850044278933,0.04821847193360882,-0.014947057440232892
147.066666666,0.0930781865134086,0.08345219402348171,0.0,0.0,0.9981386353627868,0.06098577371907121,3.019545371919326,0.04828674777776492,-0.014377951089158172
147.1,0.09148081740292871,0.08364851207198912,0.0,0.0,0.9981239490302227,0.06122566759385685,3.0190646859103683,0.04828163080213012,-0.014420579980318243
147.116666666,0.09067482454846694,0.08374783904324856,0.0,0.0,0.9981184748477123,0.061314844594735435,3.018885996188614,0.04872540788051279,-0.010721383734113956
147.133333333,0.08987402233852623,0.08384668926805278,0.0,0.0,0.9981116591028637,0.06142569464750718,3.0186638774042662,0.04841280691354769,-0.013327126794303904
147.15,0.08906920757769832,0.08394620245232716,0.0,0.0,0.9981058731143392,0.0615196395849535,3.018475631512502,0.04865662060219468,-0.011294753279970626
147.166666666,0.08826635791167092,0.08404563276570805,0.0,0.0,0.9980995748238549,0.06162173915461948,3.0182710442147718,0.048538999710939376,-0.012275238354823477
147.2,0.08665920433815326,0.08424516390685134,0.0,0.0,0.9980873400377808,0.061819589583783696,3.017874587496128,0.04858476780044292,-0.011893701321436075
147.216666666,0.08585353757702852,0.08434542493151265,0.0,0.0,0.9980817589084051,0.061909631999426035,3.0176941570593905,0.0487128783875503,-0.010825826637270755
147.233333333,0.08505183624684134,0.084445352866186,0.0,0.0,0.9980751420405409,0.062016214337494775,3.017480581988379,0.04847430370662417,-0.012814504004396918
147.25,0.08424728153088377,0.0845458011058151,0.0,0.0,0.9980692635125014,0.06211074972670271,3.017291146015963,0.048648054520842116,-0.011366158117653038
147.266666666,0.08344406368500772,0.08464624148535337,0.0,0.0,0.9980630318339839,0.062210806829328266,3.0170906440697243,0.04856840566361557,-0.012030117255534621
147.3,0.08183680818021762,0.084847709692483,0.0,0.0,0.9980507689598834,0.06240723178114333,3.016697029334727,0.04859499595724038,-0.011808441813745471
147.316666666,0.08103137425855206,0.0849489054088539,0.0,0.0,0.9980451048435354,0.062497749542335994,3.016515639728509,0.04870597438135288,-0.01088337680842662
147.333333333,0.08022980817258163,0.08504977602134618,0.0,0.0,0.9980384207242429,0.06260439887307602,3.0163019225583154,0.04847328089085762,-0.012823029955143114
147.35,0.07942539144506489,0.08515117015296247,0.0,0.0,0.9980324814731352,0.06269901055500147,3.016112326724319,0.048646903853280694,-0.01137574981228649
147.366666666,0.07862225871852085,0.08525256146734383,0.0,0.0,0.9980261997447677,0.06279892214852933,3.015912108976445,0.04857045129510608,-0.01201306535297539
147.4,0.07701541949545886,0.0854559024681936,0.0,0.0,0.9980137741298478,0.06299608437908703,3.0155170022000335,0.048589626174899966,-0.0118532030552777
147.416666666,0.07620993213164072,0.08555806994790292,0.0,0.0,0.9980081025508566,0.06308587197494245,3.015337069110434,0.048716458242741775,-0.010795985807810564
147.433333333,0.07540841781249874,0.08565989355802285,0.0,0.0,0.9980013735450143,0.06319223371795632,3.0151239203369697,0.04847737215359318,-0.01278892615207092
147.45,0.07460411685614422,0.08576223574741483,0.0,0.0,0.9979953796926802,0.06328682415845413,3.0149343600277687,0.048647159557201676,-0.011373618324594475
147.466666666,0.07380120985631339,0.08586455994225398,0.0,0.0,0.9979890109715337,0.06338717520177045,3.014733254160005,0.048564058696615404,-0.012066352548452381
147.5,0.0721944802974644,0.0860698108876466,0.0,0.0,0.9979765041575203,0.06358378055396575,3.014339248652256,0.04859358958571647,-0.011820164996061618
147.516666666,0.07138905038454221,0.08617293486584933,0.0,0.0,0.9979707966705781,0.06367329889908029,3.0141598484345904,0.0487202938017865,-0.010764013490512005
147.533333333,0.07058754653709179,0.08627571568799534,0.0,0.0,0.9979640345150476,0.0637791957808254,3.0139476233058113,0.04848402045553845,-0.012733507472078628
147.55,0.06978353567570052,0.08637898275789696,0.0,0.0,0.9979579396482129,0.06387449172473979,3.0137566420047874,0.048636931400279824,-0.011458877832255543
147.566666666,0.06898075397045057,0.08648225195011329,0.0,0.0,0.9979515106992112,0.06397485672639057,3.0135555006122283,0.0485638029927619,-0.01206848403629289
147.6,0.06737430110428005,0.0866893909524056,0.0,0.0,0.9979388789923261,0.06417159648582425,3.013161210906115,0.04859256677003258,-0.011828690946829645
147.616666666,0.06656878181251497,0.08679349028107783,0.0,0.0,0.99793317584956,0.06426022516931615,3.012983586928228,0.048733078998602235,-0.010657439099516842
147.633333333,0.0657674163299174,0.08689721167881809,0.0,0.0,0.9979263468408008,0.06436618895797439,3.0127712197002663,0.04848299763985456,-0.012742033422846676
147.65,0.06496341757491968,0.08700143839212596,0.0,0.0,0.9979202256914236,0.06446102043854275,3.012581162043927,0.048643579702225104,-0.011403459152263252
147.666666666,0.06416071976213003,0.08710565597668757,0.0,0.0,0.9979137480758833,0.0645612221162406,3.0123803403745284,0.04856610432818873,-0.012049300645913755
147.7,0.0625544395199155,0.08731469153951092,0.0,0.0,0.9979010203251301,0.0647576530926227,3.01198665458994,0.04859474025336084,-0.01181057330144758
147.716666666,0.06174956730200999,0.0874196703508306,0.0,0.0,0.9978951223048912,0.06484847631291102,3.0118046255374016,0.048701371710416164,-0.010921743589166234
147.733333333,0.06094853604424687,0.08752430956569665,0.0,0.0,0.9978881731459943,0.06495532230194971,3.011590482069661,0.048470212443888605,-0.012848607807469199
147.75,0.060144487583040654,0.08762950760010657,0.0,0.0,0.9978820433851859,0.06504942343638384,3.0114018809299408,0.04865406356298496,-0.011316068156890749
147.766666666,0.05934193859507726,0.08773466848170428,0.0,0.0,0.9978754997445154,0.06514972762516814,3.0112008461117683,0.04856457010457084,-0.012062089572833178
147.8,0.05773608365242653,0.08794557638697119,0.0,0.0,0.9978626074015179,0.06534689548742294,3.0108056682857653,0.04858937047097899,-0.011855334542969713
147.816666666,0.05693103584548332,0.08805154414115335,0.0,0.0,0.997856738276509,0.06543645678187798,3.010626161493713,0.04871952668997755,-0.010770407953971719
147.833333333,0.05613019609028478,0.08815711858523627,0.0,0.0,0.9978497075344053,0.06554358224495947,3.010411449629243,0.048466121181070396,-0.012882711610519456
147.85,0.05532628067370277,0.08826326345837505,0.0,0.0,0.9978435199687544,0.06563771519763602,3.0102227774399317,0.04865355215522599,-0.011320331132294078
147.866666666,0.05452388160019242,0.08836936728840589,0.0,0.0,0.9978369101887207,0.06573812185503139,3.010021529472986,0.04856303588095295,-0.012074878499752629
147.9,0.05291824255945082,0.08858217225377754,0.0,0.0,0.9978239460904845,0.06593460857860442,3.009627701589215,0.04859039328666289,-0.011814836276821535
147.916666666,0.052113408773025664,0.08868907585490884,0.0,0.0,0.9978180746442374,0.06602340428414032,3.0094497223633727,0.048714156907314954,-0.0106787539777158
147.933333333,0.05131260912460244,0.08879560240959106,0.0,0.0,0.9978110795584326,0.0661290368176885,3.0092379945817314,0.048471235259489834,-0.012703666644390401
147.95,0.05050919906365041,0.08890264028587971,0.0,0.0,0.9978048061800117,0.06622362693230768,3.0090483987477348,0.04863053880233845,-0.01137574981228649
147.966666666,0.04970698419457892,0.08900967775946851,0.0,0.0,0.9977981963466976,0.06632314352680357,3.008848927020568,0.048559456025761734,-0.011968304108736975
148.0,0.048101654610765064,0.08922435505070381,0.0,0.0,0.9977852162992106,0.06651813387894813,3.0084580832196255,0.04858860335925751,-0.011725313793767018
148.016666666,0.047297305611293965,0.08933215302405323,0.0,0.0,0.997779192360898,0.06660843258652864,3.0082770843861586,0.04869242207272819,-0.010859930442407625
148.033333333,0.046496322949606254,0.0894396588999878,0.0,0.0,0.9977722218462234,0.06671276723424596,3.0080679499145946,0.048489901645720805,-0.012548068042873561
148.05,0.04569318657580769,0.08954761735623543,0.0,0.0,0.997765851598299,0.06680797395761343,3.007877110712753,0.04862158916502149,-0.011450351881487467
148.066666666,0.04489113143310868,0.08965558994615982,0.0,0.0,0.9977591739773145,0.0669076284447977,3.007677354787221,0.048557410394354024,-0.011985356011316615
148.1,0.04328601218780246,0.08987215326241431,0.0,0.0,0.9977460916284367,0.06710243393632731,3.0072868662342347,0.048589881878862366,-0.01171465635530695
148.116666666,0.042481591408828866,0.08998091939606574,0.0,0.0,0.9977400709058096,0.06719189615474522,3.00710753706616,0.048704440157734986,-0.010759750514872171
148.133333333,0.04168111951371298,0.09008931124044224,0.0,0.0,0.9977329306027194,0.06729783942229546,3.0068951698381983,0.04846663258891233,-0.012742033422846622
148.15,0.04087788215321657,0.09019824168064428,0.0,0.0,0.9977265691685098,0.06739208540500059,3.0067062489753176,0.04863539717675398,-0.011335251546118833
148.166666666,0.04007596665593359,0.09030715161416333,0.0,0.0,0.9977198296114133,0.06749178913151192,3.006506386475399,0.04855664328254509,-0.011991750474776325
148.2,0.03847125003338643,0.09052557520573333,0.0,0.0,0.9977065911293999,0.06768720718830558,3.006114654554567,0.048585407060245354,-0.011751957389917194
148.216666666,0.03766713051168346,0.09063526118609738,0.0,0.0,0.9977004686142965,0.06777739244625132,3.005933868869874,0.04869395629626304,-0.010847141515469703
148.233333333,0.03686679905729648,0.09074459075620188,0.0,0.0,0.9976932625240039,0.06788338466966025,3.0057213950675257,0.04846586547723207,-0.012748427885944397
148.25,0.03606368166119863,0.09085446506769769,0.0,0.0,0.9976868481940053,0.06797759146006775,3.0055325452542365,0.04863590858459593,-0.011330988570734809
148.266666666,0.03526185230184095,0.09096432177962617,0.0,0.0,0.9976800622188988,0.06807711400238861,3.005333038002274,0.04855920032190823,-0.011970435596577287
148.3,0.0336574564613123,0.09118461984366968,0.0,0.0,0.9976666909021396,0.06827279007316783,3.004940773209509,0.04858348928079663,-0.01176794354759724
148.316666666,0.032853263503984896,0.09129527688883511,0.0,0.0,0.9976605737402695,0.0683621211215406,3.0047616927150034,0.04870623008528919,-0.010744830100132845
148.333333333,0.03205301851495353,0.09140555018859436,0.0,0.0,0.9976533176920018,0.06846793189619221,3.004549574160611,0.04846842251635915,-0.012727113009002537
148.35,0.031250021975870165,0.09151636667089247,0.0,0.0,0.9976468506020193,0.06856209947100639,3.004360795396913,0.04863641999252082,-0.011326725595370072
148.366666666,0.030448372574424846,0.09162715602030656,0.0,0.0,0.997639991685156,0.06866183066625647,3.0041608618474034,0.048556131874672455,-0.011996013450416133
148.4,0.028844544516915354,0.09184929396484132,0.0,0.0,0.9976264164020262,0.06885879244403695,3.003766003744561,0.04857415608768115,-0.011845742848355658
148.416666666,0.02804029206483588,0.09196092139743145,0.0,0.0,0.9976203018799789,0.06894732247810512,3.003588521865856,0.048717736762423344,-0.0106489131482372
148.433333333,0.027240227673418722,0.09207212657508415,0.0,0.0,0.9976129690472925,0.06905334161824338,3.0033759770139166,0.04846535406930748,-0.012752690861306683
148.45,0.0264372983959245,0.09218389397487581,0.0,0.0,0.997606465124375,0.0691472395837255,3.003187731122152,0.04864025555133541,-0.01129475327998986
148.466666666,0.025635783731948195,0.092295623059972,0.0,0.0,0.9975995464831515,0.06924698445860587,3.002987762047847,0.048555876170653336,-0.01199814493821555
148.5,0.024031714625663076,0.09251970907828089,0.0,0.0,0.9975860024576357,0.06944182961727054,3.002597131395678,0.048589370471020424,-0.011718919330690976
148.516666666,0.02322811257806875,0.0926322055863697,0.0,0.0,0.9975796842859216,0.06953253554992034,3.0024152799671175,0.048686285178256634,-0.010911086150085316
148.533333333,0.022428259434425803,0.09274433838450347,0.0,0.0,0.9975722657593901,0.06963888703646036,3.002202060144062,0.048460495694809,-0.012793189127454916
148.55,0.021625436581728802,0.09285705174885485,0.0,0.0,0.997565714155116,0.06973267485328169,3.002014027401071,0.048641789774778295,-0.011281964353818527
148.566666666,0.020823960717630804,0.09296973423778532,0.0,0.0,0.9975587642681508,0.06983202583199145,3.0018148398722686,0.04856150165733506,-0.011951252206198153
148.6,0.019220130205751217,0.09319570494631056,0.0,0.0,0.9975451134389313,0.070026756701347,3.0014244223688733,0.04859013758278334,-0.011712524867614933
148.616666666,0.018416593086034147,0.09330915307246346,0.0,0.0,0.9975387620097003,0.07011717541483367,3.001243139337042,0.04869037644123767,-0.010876982344966882
148.633333333,0.017616901479637785,0.09342221925680981,0.0,0.0,0.9975312724236224,0.07022364656516258,3.0010296708404174,0.0484587057673622,-0.012808109541299
148.65,0.01681427886918838,0.09353586443302793,0.0,0.0,0.9975246458584214,0.07031771402023072,3.000841069700697,0.048637698512042735,-0.011316068156890723
148.666666666,0.016013058153019254,0.09364947000390228,0.0,0.0,0.9975176014327752,0.07041757473673062,3.000640851952823,0.048554086243181936,-0.012013065352975362
148.7,0.014409595394735351,0.0938773097286216,0.0,0.0,0.9975038061981301,0.07061272279301607,3.0002495818543338,0.04858706913573167,-0.011738102719919076
148.716666666,0.013605845973674965,0.09399174989464928,0.0,0.0,0.9974975046354511,0.07070168488832713,3.0000712118557398,0.04871134416393241,-0.010702200343716519
148.733333333,0.012806211442211913,0.09410576375422593,0.0,0.0,0.9974899753013841,0.07080783271110828,2.9998583828054355,0.048463308438022344,-0.012769742762864557
148.75,0.012003811134026033,0.09422033660320599,0.0,0.0,0.9974832672000695,0.07090226834082784,2.999669035645008,0.04863232872970233,-0.011360829398422952
148.766666666,0.01120271567601277,0.09433488233181284,0.0,0.0,0.9974761667778913,0.07100208947689086,2.9994688889467254,0.04855459765105457,-0.012008802377335556
148.8,0.009599478811321449,0.09456460685871154,0.0,0.0,0.9974622698387892,0.07119705224270491,2.999077974096192,0.04858834765529511,-0.011727445281449034
148.816666666,0.008928218030908179,0.0946608914255669,0.0,0.0,0.9974656895125791,0.07114912680557108,2.999174068668229,0.040687866050332595,0.00576567455283862
148.833333333,0.008361353580820187,0.09474219967017176,0.0,0.0,0.9974625012608762,0.0711938099724729,2.999084475133783,0.03435995867671812,-0.005375611959253792
148.85,0.00787380330541385,0.09481216913149751,0.0,0.0,0.9974603029580957,0.07122460265065632,2.9990227330390695,0.0295527249624912,-0.0037045256087228683
148.866666666,0.007469099872052095,0.0948702754198091,0.0,0.0,0.9974579543538554,0.0712574858960234,2.998956799018478,0.02453121283428779,-0.003956041393740658
148.9,0.006839794218228004,0.09496073322775637,0.0,0.0,0.9974487900182557,0.07138565185748276,2.998699812647271,0.019073211169237214,-0.007709590982006749
148.916666666,0.006665653500626876,0.0949857805679186,0.0,0.0,0.9974515509330322,0.07134706399908011,2.9987771856520387,0.01055596989894376,0.004642380471749533
148.933333333,0.006588255565069438,0.09499691169372843,0.0,0.0,0.9974499843161145,0.07136896235607512,2.998733277004705,0.004691655541997888,-0.00263451878732661
148.95,0.0065881290155320035,0.0949969298964488,0.0,0.0,0.9974500223464899,0.0713684308429631,2.9987343427485724,7.671117629179021e-06,6.394463076046363e-05
148.966666666,0.006586112656951939,0.09499721990826597,0.0,0.0,0.9974506282589292,0.0713599620646447,2.9987513236008585,0.0001222264815582218,0.0010188511779120727
149.0,0.006598539759289645,0.09499543196848287,0.0,0.0,0.9974468927675108,0.07141215658722137,2.9986466675530874,-0.0003766518755923688,-0.003139681370336088
149.016666666,0.006601315373006307,0.09499503244783343,0.0,0.0,0.9974460580585395,0.07142381440024503,2.9986232922375975,-0.0001682531900950776,-0.0014025189854964166
149.033333333,0.00659888565694914,0.09499538218373417,0.0,0.0,0.9974467887534599,0.07141360938512116,2.99864375451985,0.000147285458479986,0.001227736910598808
149.05,0.006615269228710216,0.09499302293245555,0.0,0.0,0.9974418596153632,0.07148242222424979,2.9985057762138276,-0.0009931540290560167,-0.008278698195773907
149.066666666,0.006614687119741415,0.09499310679628499,0.0,0.0,0.9974420348308589,0.0714799772836817,2.9985106786356175,3.528714321142965e-05,0.0002941453191466649
149.1,0.00661788449581577,0.09499264611772024,0.0,0.0,0.9974410723413634,0.07149340673454534,2.99848375084057,-9.691178604854565e-05,-0.0008078338352731683
149.116666666,0.006618567838433736,0.09499254765018472,0.0,0.0,0.9974408666143525,0.07149627687935516,2.9984779958236865,-4.142403768298263e-05,-0.0003453010268243457
149.133333333,0.006618669074328943,0.09499253306206722,0.0,0.0,0.9974408361355744,0.07149670208594319,2.998477143228593,-6.13689410333275e-06,-5.1155704608283667e-05
149.15,0.0066176314058134554,0.09499268258617984,0.0,0.0,0.9974411485344566,0.07149234371779882,2.9984858823283047,6.29031645591607e-05,0.0005243459722349076
149.166666666,0.006625401233442888,0.09499156275853438,0.0,0.0,0.9974388088900068,0.07152497829489,2.998420445654851,-0.00047100665069169144,-0.0039262005642620055
149.2,0.006623924887469838,0.0949917755770713,0.0,0.0,0.9974392535300225,0.07151877737679513,2.9984328793333033,4.4748186170172796e-05,0.00037301034610238645
149.216666666,0.006634765423413897,0.09499021245348649,0.0,0.0,0.9974359877041786,0.07156430976813508,2.9983415806086695,-0.0006571591163276778,-0.0054779236971423135
149.233333333,0.006635271592810518,0.09499013944298595,0.0,0.0,0.9974358351634643,0.07156643579054628,2.9983373176332004,-3.0684470516716083e-05,-0.00025577852304185453
149.25,0.006633913370893328,0.09499033534962241,0.0,0.0,0.9974362444708132,0.07156073096300831,2.9983487566173763,8.233666255304774e-05,0.0006863390368278059
149.266666666,0.006638131444054219,0.09498972689312124,0.0,0.0,0.997434973223297,0.07157844781106164,2.998313231821799,-0.00025570393631470765,-0.0021314878199033688
149.3,0.006636874460513287,0.09498990822883219,0.0,0.0,0.9974353520879732,0.07157316819270354,2.9983238182108813,3.8099884224857493e-05,0.0003175916661097611
149.316666666,0.006639995825502381,0.09498945790759451,0.0,0.0,0.9974344112316076,0.0715862786507046,2.998297529862154,-0.00018922091287288363,-0.0015773009867284928
149.333333333,0.006637988029921796,0.09498974758310304,0.0,0.0,0.9974350164508804,0.07157784543859846,2.998314439664849,0.00012171506638276622,0.001014588141397626
149.35,0.006636621376346767,0.09498994473776866,0.0,0.0,0.9974354283660718,0.0715721051820533,2.998325949698616,8.284807039513341e-05,0.0006906020122130072
149.366666666,0.0066423832399227145,0.09498911341731925,0.0,0.0,0.9974336914873206,0.07159630637104436,2.9982774228278575,-0.0003492915770058906,-0.0029116123619880013
149.4,0.006642999073613862,0.09498902454808182,0.0,0.0,0.9974335058125439,0.071598893025647,2.9982722362077032,-1.8666386230970448e-05,-0.0001555986015168628
149.416666666,0.006643623342912516,0.09498893445819756,0.0,0.0,0.9974333175874305,0.07160151511338285,2.998266978537958,-3.7844182574576726e-05,-0.00031546019734569853
149.433333333,0.0066451671419818364,0.09498871165425393,0.0,0.0,0.9974328520822117,0.07160799946336159,2.9982539764627765,-9.358763507582445e-05,-0.0007801244952763259
149.45,0.006642948457163461,0.09498903185252319,0.0,0.0,0.9974335210737374,0.07159868042391694,2.9982726625052503,0.00013450026243160546,0.0011211625260001289
149.466666666,0.006643479929737145,0.09498895515481273,0.0,0.0,0.9974333608289448,0.07160091274191976,2.9982681863810074,-3.2218695975598213e-05,-0.0002685674653073664
149.5,0.006648718712448547,0.09498819900722667,0.0,0.0,0.9974317810057913,0.07162291700018286,2.9982240645849005,-0.00015879213492387033,-0.0013236538567404687
149.516666666,0.0066494442095174295,0.09498809427291421,0.0,0.0,0.9974315621836407,0.0716259642860192,2.998217954320061,-4.398107704612971e-05,-0.00036661590502337936
149.533333333,0.006650135961940585,0.09498799440583663,0.0,0.0,0.9974313535305941,0.07162886983700786,2.9982121282535865,-4.193544303944046e-05,-0.00034956398148993837
149.55,0.006652995761514868,0.09498758149795217,0.0,0.0,0.9974304908385397,0.07164088180354682,2.998188042442185,-0.0001733672584191502,-0.0014451486551840136
149.566666666,0.006652109983948835,0.09498770939713809,0.0,0.0,0.9974307580595072,0.07163716128404803,2.9981955026492564,5.3697826626088595e-05,0.00044761244217970736
149.6,0.006653679074985289,0.09498748282835082,0.0,0.0,0.9974302846871681,0.07164375191790766,2.9981822874253017,-4.756092930086937e-05,-0.0003964567107145365
149.616666666,0.00667753656646437,0.094984041881473,0.0,0.0,0.9974423750873095,0.07147522913700315,2.9985201992808337,-0.0014462614637959863,0.02027471214292084
149.633333333,0.0066993287080454045,0.0949809095375636,0.0,0.0,0.9974646935569477,0.07116308809589796,2.999146075129316,-0.0013209664557423742,0.03755255015786424
149.65,0.006727535753080591,0.09497687626663051,0.0,0.0,0.997494580207026,0.0707429322095793,2.9999885101316384,-0.0017096364156201154,0.050546099128368285
149.666666666,0.006763341497579476,0.09497179098145173,0.0,0.0,0.9975314694994685,0.07022084703441642,3.0010352837581213,-0.0021699036035666085,0.06280642010127267
149.7,0.006848966011094798,0.09495978582677199,0.0,0.0,0.9976190476531156,0.06896546787842947,3.0035521444751874,-0.0025938605743441876,0.07550582000189107
149.716666666,0.006890735712348391,0.0949540214555449,0.0,0.0,0.9976809218896233,0.06806451423077543,3.0053582961319325,-0.002529934745893403,0.10836910373934225
149.733333333,0.00693456877647212,0.09494805864373666,0.0,0.0,0.9977504804523376,0.06703714460752017,3.0074177395811446,-0.002654206699695941,0.12356660448151992
149.75,0.00697441891693357,0.09494272733471365,0.0,0.0,0.9978289335314522,0.06585908750874638,3.0097790727431732,-0.0024123107904517127,0.14167998688802563
149.766666666,0.007027904839461472,0.09493570453973448,0.0,0.0,0.997911038545517,0.06460308931473539,3.0122964308073774,-0.0032367004258715693,0.15104148989399252
149.8,0.007091524358976592,0.09492762471947837,0.0,0.0,0.9980985266480276,0.06163871432011429,3.0182370292230094,-0.0019239163013948187,0.17821794890449225
149.816666666,0.007131686296379615,0.09492271534433386,0.0,0.0,0.9982030434940953,0.059922316036059235,3.0216761846828555,-0.002427653171371834,0.20634933584484508
149.833333333,0.007172458002548106,0.0949178791779982,0.0,0.0,0.9983123291433534,0.0580731735001012,3.025380923514438,-0.0024634515746461555,0.22228432544914462
149.85,0.007213552812803842,0.09491316453882682,0.0,0.0,0.9984256505517608,0.056091178631699636,3.0293513878169396,-0.0024818622569603866,0.23822785338579927
149.866666666,0.007254844538884554,0.09490859896182942,0.0,0.0,0.9985423073919197,0.053974626894689924,3.033590916921144,-0.0024926019711957697,0.254371756427268
149.9,0.007330128172798815,0.09490078214500214,0.0,0.0,0.9987771061542883,0.04943978379873427,3.0426727598609102,-0.002270650818233118,0.27245528274371883
149.916666666,0.0073761192784898,0.09489633412764459,0.0,0.0,0.9988978204623611,0.04693766372056235,3.047682821781188,-0.0027723420775240615,0.3006037272409721
149.933333333,0.007417685026905124,0.09489253065268466,0.0,0.0,0.9990190929722591,0.044281507165911345,3.0530006705303485,-0.002504364202001709,0.3190709185680173
149.95,0.00745874439087635,0.09488899922486396,0.0,0.0,0.99913896858656,0.04148881116379334,3.0585912076103607,-0.00247265691580537,0.33543221809247203
149.966666666,0.007499933750471337,0.09488569407018665,0.0,0.0,0.9992562451614029,0.038561075010096396,3.0644513778888056,-0.0024793053665031714,0.35161023077066006
150.0,0.007578925759591353,0.09488007649924245,0.0,0.0,0.9994743387827763,0.03241984137426205,3.076741607216347,-0.002375745129754716,0.3687068724522109
150.016666666,0.007614792166035902,0.09487785845298219,0.0,0.0,0.9995696803120172,0.02933349963662233,3.082917237679519,-0.0021560955910056145,0.37053784261200157
150.033333333,0.007650765198791632,0.09487585672212069,0.0,0.0,0.9996554810922125,0.026247268854058675,3.089092086597188,-0.002161720947898959,0.37049092765011044
150.05,0.007687039347947581,0.09487406279824565,0.0,0.0,0.9997317249988817,0.023161995396777976,3.095264519828758,-0.002179108814525069,0.3703459864870537
150.066666666,0.007723579342120203,0.09487248171426106,0.0,0.0,0.9997984253383813,0.020077566856902315,3.1014348215725933,-0.0021944511814528185,0.37021811943901606
150.1,0.007797349906529767,0.09486997326444417,0.0,0.0,0.9999032382414382,0.013910936499226664,3.1137698831921536,-0.002214395955621121,0.3700518411858715
150.116666666,0.007834287817463719,0.09486905926424817,0.0,0.0,0.9999413799742652,0.01082758584182641,3.119937058753978,-0.002216953127848514,0.37003054851086453
150.133333333,0.007871281794533863,0.09486837212495361,0.0,0.0,0.9999700121077377,0.0077443453726420645,3.1261038080182555,-0.0022200214418806223,0.3700049484563317
150.15,0.007908321919537028,0.0948679125946059,0.0,0.0,0.9999891365067944,0.004661208898530951,3.132270202034577,-0.002222578481090345,0.3699836335794116
150.166666666,0.007945295987634255,0.09486768191149828,0.0,0.0,0.9999987553612923,0.0015777439165085257,3.138437164447628,-0.0022184873514664027,0.3700177595839451
150.2,0.00801933046207015,0.09486790483871231,0.0,0.0,0.9999894711885227,-0.0045888464889116175,-3.132414928401768,-0.002221044257566405,0.3699964225058791
150.216666666,0.008056328038993258,0.09486835849242957,0.0,0.0,0.9999705685323426,-0.007672161957603172,-3.1262481791374905,-0.0022200215750805053,0.37000497065639476
150.233333333,0.008093339158963443,0.09486904060234592,0.0,0.0,0.9999421597285476,-0.01075533344009932,-3.1200815719723956,-0.002221044257568299,0.36999642250619463
150.25,0.008130328327109268,0.09486995051429571,0.0,0.0,0.9999042437379599,-0.013838473717080088,-3.113914822708118,-0.0022200214418806223,0.3700049484563317
150.266666666,0.00816729414182275,0.09487108798874887,0.0,0.0,0.9998568202638887,-0.016921553468458198,-3.107747931344658,-0.0022189987593390324,0.37001349660830535
150.3,0.008241252664895596,0.0948740487529761,0.0,0.0,0.9997334599726807,-0.023086987916408015,-3.0954145749152855,-0.002220532849722567,0.37000068548094767
150.316666666,0.008278225164242582,0.09487587154408389,0.0,0.0,0.9996575237831562,-0.026169355049916132,-3.0892479677501905,-0.0022210443908295503,0.36999644470574605
150.333333333,0.008315194230696167,0.0948779227648518,0.0,0.0,0.9995720851351699,-0.029251437888223885,-3.0830814316346866,-0.0022215556654064557,0.3699921595301796
150.35,0.008352149945409237,0.09488020191625843,0.0,0.0,0.9994771440207862,-0.03233324264673155,-3.0769148955191827,-0.0022215556654102443,0.36999215953081055
150.366666666,0.008389065391123933,0.09488270718422051,0.0,0.0,0.9993726975682564,-0.035414846535688924,-3.070748146254905,-0.0022200215750842914,0.3700049706570257
150.4,0.008462863773303865,0.09488840174720205,0.0,0.0,0.9991353050174299,-0.041576943944057705,-3.0584147898255325,-0.002220532849722567,0.37000068548094767
150.416666666,0.008499735048778127,0.09489159022017238,0.0,0.0,0.9990023600273854,-0.04465741438679957,-3.0522481116108464,-0.002220532982956924,0.3700007076813859
150.433333333,0.008536560499412161,0.09489500364823862,0.0,0.0,0.9988599124617614,-0.04773756672561311,-3.0460812202473866,-0.002218998626196733,0.3700134744070998
150.45,0.008573398128492173,0.09489864745931342,0.0,0.0,0.9987079753270102,-0.05081712327773131,-3.0399146130822916,-0.002221044257568299,0.36999642250619463
150.466666666,0.00861020411048007,0.09490251747286485,0.0,0.0,0.9985465418071162,-0.053896232197149216,-3.0337479348676055,-0.0022205329829531376,0.37000070768075494
150.5,0.008683766736171536,0.09491094097223714,0.0,0.0,0.9981952033288216,-0.06005277721581631,-3.021414791587006,-0.0022212999614873775,0.36999429101818715
150.516666666,0.008720503288518724,0.09491549223547142,0.0,0.0,0.9980052978812234,-0.063130225732296,-3.0152481844219112,-0.0022210443908295503,0.36999644470574605
150.533333333,0.008757219529045247,0.09492027104941285,0.0,0.0,0.9978059069953079,-0.06620703863843358,-3.0090816483064073,-0.0022215556654064557,0.3699921595301796
150.55,0.008793888712129983,0.09492527388129886,0.0,0.0,0.9975970255106811,-0.06928329302394273,-3.0029149700917213,-0.00222053284972257,0.37000068548094767
150.566666666,0.008830526347331674,0.09493050274368081,0.0,0.0,0.9973786598985478,-0.0723588887350891,-2.996748291877035,-0.002220532982956924,0.3700007076813859
150.6,0.008903693323323943,0.09494163652925505,0.0,0.0,0.9969134818969098,-0.07850802259756565,-2.9844148643980715,-0.002220277145803488,0.37000281696895526
150.616666666,0.008940244788931474,0.09494754497600777,0.0,0.0,0.9966666824059377,-0.08158139605291026,-2.9782483282825676,-0.00222155579870218,0.3699921817301063
150.633333333,0.008976742313341463,0.09495367588352002,0.0,0.0,0.996410402054245,-0.08465406474645998,-2.9720816500678815,-0.00222053284972257,0.37000068548094767
150.65,0.009013234924909483,0.0949600375915718,0.0,0.0,0.9961446613220151,-0.08772578708480168,-2.96591525605156,-0.002222578481090345,0.3699836335794116
150.666666666,0.009049662450499272,0.0949666196622787,0.0,0.0,0.9958694414661394,-0.09079678162754225,-2.959748648886465,-0.0022210443908295503,0.36999644470574605
150.7,0.009122384245779045,0.0949804555431459,0.0,0.0,0.9952905985614557,-0.09693618733568567,-2.947415363506683,-0.0022207885536454325,0.3699985539935712
150.716666666,0.00915866706044869,0.09498770701606694,0.0,0.0,0.9949869772448864,-0.10000457546074545,-2.9412486142424057,-0.0022200215750805053,0.37000497065639476
150.733333333,0.009194904467492762,0.09499518209670857,0.0,0.0,0.994673896396495,-0.10307201282314649,-2.935081864978128,-0.002220021441884408,0.3700049484569627
150.75,0.009231136774879122,0.09500288936145365,0.0,0.0,0.9943513778455226,-0.1061382936395285,-2.9289154709618064,-0.002222578481090345,0.3699836335794116
150.766666666,0.009267270910964269,0.09501080895989363,0.0,0.0,0.9940193836180069,-0.10920377736908916,-2.9227486506479377,-0.0022195101672116617,0.3700092336326655
150.8,0.009339422813898478,0.09502732356442714,0.0,0.0,0.9933270631462855,-0.11533145980683418,-2.910415294218565,-0.002220532849722567,0.37000068548094767
150.816666666,0.00937541255193546,0.09503591223463305,0.0,0.0,0.9929667317369549,-0.11839370618250893,-2.9042485449542874,-0.0022200215750842914,0.3700049706570257
150.833333333,0.009411352781429757,0.09504472369269423,0.0,0.0,0.9925969664746488,-0.12145477407382946,-2.898081902264397,-0.002220277145801598,0.36999855399325565
150.85,0.009447225591560034,0.09505375349465371,0.0,0.0,0.9922177536705826,-0.12451477543208689,-2.891915081950528,-0.002219510034042463,0.3700092114323467
150.866666666,0.00948307504662613,0.09506301286572048,0.0,0.0,0.9918291255729581,-0.12757345203913406,-2.8857485458350243,-0.00222155579870218,0.3699921817301063
150.9,0.009554583130746957,0.09508218959659179,0.0,0.0,0.9910235770903741,-0.13368720825493874,-2.873415331504834,-0.0022210442575645115,0.36999642250556364
150.916666666,0.00959023874083895,0.09509210598625482,0.0,0.0,0.9906066639291876,-0.1367422296844894,-2.8672486532901478,-0.002220532982956924,0.3700007076813859
150.933333333,0.009625824324267784,0.0951022397294875,0.0,0.0,0.9901803281314467,-0.13979598628537426,-2.86108190402587,-0.0022200214418806223,0.3700049484563317
150.95,0.009661363105944181,0.09511259749335539,0.0,0.0,0.9897445886489367,-0.14284834349808587,-2.8549152968607747,-0.002221044257568299,0.36999642250619463
150.966666666,0.00969685367708202,0.09512317908077883,0.0,0.0,0.9892994502747294,-0.14589927239749392,-2.8487488317948624,-0.00222206720657102,0.3699879187538355
151.0,0.009767570864421909,0.09514497782877593,0.0,0.0,0.9883809208724571,-0.1519972212091846,-2.8364153332663076,-0.0022200214418825154,0.3700049484566472
151.016666666,0.009802835248345345,0.09515620638796586,0.0,0.0,0.987907564383557,-0.15504400740998708,-2.830248655051621,-0.002220532982956924,0.3700007076813859
151.033333333,0.00983802971928284,0.09516765219638691,0.0,0.0,0.9874248158845911,-0.15808931961167189,-2.824081976836935,-0.00222053284972257,0.37000068548094767
151.05,0.009873144849271877,0.09517931213402522,0.0,0.0,0.9869326742408139,-0.1611331639231214,-2.8179152275726573,-0.0022200214418806223,0.3700049484563317
151.066666666,0.009908187408113847,0.09519118839478707,0.0,0.0,0.9864311496390163,-0.16417547631071003,-2.8117484783083797,-0.0022200215750842914,0.3700049706570257
151.1,0.009978065912131212,0.0952155938027169,0.0,0.0,0.9853999828194558,-0.1702553196214912,-2.799415121879007,-0.0022205328497244604,0.3700006854812632
151.116666666,0.01001289881670241,0.09522812205217639,0.0,0.0,0.9848703508369359,-0.1732927928170441,-2.7932485147139126,-0.0022210443908295503,0.36999644470574605
151.133333333,0.010047653802676268,0.09524086486290803,0.0,0.0,0.9843313559348096,-0.17632861856074095,-2.7870819075488176,-0.0022210442575645115,0.36999642250556364
151.15,0.010082321563683333,0.09525381876817782,0.0,0.0,0.9837829968653424,-0.17936280294042478,-2.7809152293341315,-0.00222053284972257,0.37000068548094767
151.166666666,0.010116924715867172,0.09526699227340726,0.0,0.0,0.9832252979570671,-0.1823952122651152,-2.7747486932186276,-0.00222155579870218,0.3699921817301063
151.2,0.010185852605229024,0.09529396587769083,0.0,0.0,0.9820818375565669,-0.18845493981723344,-2.762415336789255,-0.0022205328497244604,0.3700006854812632
151.216666666,0.010220190324129907,0.0953077708903915,0.0,0.0,0.9814960996788397,-0.1914821305376176,-2.756248658574569,-0.0022205329829531376,0.37000070768075494
151.233333333,0.010254442259605328,0.09532178738892605,0.0,0.0,0.9809010307446654,-0.19450750084264884,-2.750081980359883,-0.002220532849726357,0.37000068548157866
151.25,0.010288591371200901,0.09533600828929499,0.0,0.0,0.9802966223768471,-0.19753109161988974,-2.743915160046014,-0.0022195100340386778,0.3700092114317157
151.266666666,0.0103226835307401,0.09535045280517618,0.0,0.0,0.9796829224248477,-0.20055266517578357,-2.73774862393051,-0.00222155579870218,0.3699921817301063
151.3,0.010390582082758304,0.09537996449329077,0.0,0.0,0.9784275735972399,-0.20659013341546048,-2.7254154096003194,-0.0022210442575645115,0.36999642250556364
151.316666666,0.010424393418119151,0.09539503372938626,0.0,0.0,0.9777859436731744,-0.20960593587768414,-2.719248802435225,-0.0022210443908295503,0.36999644470574605
151.333333333,0.010458111185139137,0.09541031117886487,0.0,0.0,0.9771350181792149,-0.21261974566795364,-2.7130821952701294,-0.0022210442575645115,0.36999642250556364
151.35,0.010491726359221078,0.09542579269643978,0.0,0.0,0.9764747956432829,-0.21563156882378992,-2.7069155170554433,-0.002220532849726357,0.37000068548157866
151.366666666,0.010525260865789799,0.0954414884363166,0.0,0.0,0.9758053053226787,-0.2186412726456598,-2.70074898093994,-0.00222155579870218,0.3699921817301063
151.4,0.010591990526182486,0.09547347684708335,0.0,0.0,0.9744384536692916,-0.2246546238353436,-2.688415482411385,-0.0022200214418806223,0.3700049484563317
151.416666666,0.010625213634837281,0.0954897827468222,0.0,0.0,0.9737411363997333,-0.22765807537391716,-2.682248804196699,-0.002220532982956924,0.3700007076813859
151.433333333,0.010658343188042972,0.09550629701276946,0.0,0.0,0.9730345699940766,-0.23065932800657038,-2.676082197031604,-0.0022210442575645115,0.36999642250556364
151.45,0.010691355064466234,0.09552300756377449,0.0,0.0,0.9723187365873285,-0.2336584569007106,-2.6699154477673264,-0.002220021441884408,0.3700049484569627
151.466666666,0.010724286008232603,0.09553993305708323,0.0,0.0,0.9715936843814602,-0.23665526081213464,-2.6637489116518225,-0.0022215557986983913,0.3699921817294753
151.5,0.010789801785126474,0.09557437594078827,0.0,0.0,0.970115843004706,-0.24264222870569868,-2.6514155552224494,-0.0022205328497244604,0.3700006854812632
151.516666666,0.010822413991864156,0.09559190772200944,0.0,0.0,0.9693631019370226,-0.24563219781419857,-2.645249019106946,-0.00222155579870218,0.3699921817301063
151.533333333,0.010854902502840554,0.09560963211112496,0.0,0.0,0.9686011279213395,-0.24861990063047865,-2.63908234089226,-0.00222053284972257,0.37000068548094767
151.55,0.010887296011584158,0.0956275647621383,0.0,0.0,0.9678299633177982,-0.25160517106027325,-2.632915804776756,-0.0022215556654064557,0.3699921595301796
151.566666666,0.010919563458559706,0.09564568848086988,0.0,0.0,0.9670495799170529,-0.2545881183053357,-2.6267491265620695,-0.002220532982956924,0.3700007076813859
151.6,0.010983760306993667,0.0956825313080018,0.0,0.0,0.9654612394807077,-0.2605467233729403,-2.614415770132697,-0.0022205328497244604,0.3700006854812632
151.616666666,0.011015701669337756,0.09570125745957365,0.0,0.0,0.9646533162685679,-0.2635222560089648,-2.608249234017193,-0.00222155579870218,0.3699921817301063
151.633333333,0.011047526949621845,0.0957201802214209,0.0,0.0,0.9638362225465075,-0.2664952834616013,-2.602082697901689,-0.0022215556654064557,0.3699921595301796
151.65,0.011079220337777383,0.09573929007391127,0.0,0.0,0.9630099469368205,-0.26946584588912587,-2.595916019687003,-0.00222053284972257,0.37000068548094767
151.666666666,0.011110809825088327,0.09575860389467569,0.0,0.0,0.9621745353743435,-0.27243377815015213,-2.5897494835714996,-0.00222155579870218,0.3699921817301063
151.7,0.011173634107524968,0.09579781757667435,0.0,0.0,0.9604762866942662,-0.27836181975621904,-2.577416463445095,-0.0022217431872677057,0.36999059639241855
151.716666666,0.011204832155975654,0.09581769413580664,0.0,0.0,0.9596134185707235,-0.281322034151272,-2.5712496431312264,-0.002219510167207877,0.37000923363203453
151.733333333,0.011235921358458825,0.09583777195451142,0.0,0.0,0.9587414472062775,-0.2842795057840304,-2.5650829649165403,-0.002220532849726357,0.37000068548157866
151.75,0.011266893289332613,0.09585804577441134,0.0,0.0,0.9578603713171785,-0.28723424075154586,-2.5589163577514453,-0.0022210442575645115,0.36999642250556364
151.766666666,0.011297718301638905,0.09587849606649697,0.0,0.0,0.9569701583592626,-0.2901863470424615,-2.5527495374375766,-0.0022195101672116617,0.3700092336326655
151.8,0.011359036775086177,0.09591999859719563,0.0,0.0,0.9551625196964897,-0.2960820172976618,-2.540416394156977,-0.0022212999614854836,0.3699942910178717
151.816666666,0.01138949223435691,0.0959410253020157,0.0,0.0,0.9542450595281818,-0.2990256951602264,-2.534249715942291,-0.002220532982956924,0.3700007076813859
151.833333333,0.011419796495715121,0.0959622247607139,0.0,0.0,0.9533184951964135,-0.3019666317930605,-2.5280828245788314,-0.002218998626196733,0.3700134744070998
151.85,0.01144999726552365,0.09598363040899555,0.0,0.0,0.9523829103920678,-0.304904562106136,-2.5219162174137364,-0.002221044257568299,0.36999642250619463
151.866666666,0.011480058537586603,0.0960052169148948,0.0,0.0,0.9514382605822632,-0.30783962756636346,-2.5157495391990503,-0.002220532982956924,0.3700007076813859
151.9,0.011539799800115444,0.09604895930613898,0.0,0.0,0.9495218675696976,-0.3137008495477079,-2.5034163959184506,-0.0022212999614854836,0.3699942910178717
151.916666666,0.011569463435466068,0.09607110331239735,0.0,0.0,0.948550120713838,-0.3166270179466107,-2.497249788753356,-0.0022210443908295503,0.36999644470574605
151.933333333,0.011598983154847305,0.096093424680694,0.0,0.0,0.94756934487389,-0.31955020991272554,-2.4910831105386695,-0.00222053284972257,0.37000068548094767
151.95,0.011628357897506247,0.09611592248044414,0.0,0.0,0.946579549062526,-0.3224703975508217,-2.4849163612743923,-0.002220021441884408,0.3700049484569627
151.966666666,0.011657593344213187,0.09613860099793806,0.0,0.0,0.945580753938034,-0.32538751940106625,-2.4787496120101147,-0.0022200215750805053,0.37000497065639476
152.0,0.011715655559399149,0.09618450751629466,0.0,0.0,0.9435562273505874,-0.3312123877935826,-2.4664162555807416,-0.0022205328497244604,0.3700006854812632
152.016666666,0.01174446647223716,0.09620772298099639,0.0,0.0,0.9425304918095067,-0.33412014606923873,-2.4602495063164644,-0.0022200215750842914,0.3700049706570257
152.033333333,0.011773127069556969,0.09623111028505954,0.0,0.0,0.9414957834777259,-0.3370247612470976,-2.4540826860025957,-0.0022195100340386778,0.3700092114317157
152.05,0.011801656040123792,0.0962546847448281,0.0,0.0,0.9404521481105069,-0.3399261053734077,-2.4479160077879096,-0.00222053284972257,0.37000068548094767
152.066666666,0.011830045630763012,0.09627844015302756,0.0,0.0,0.9393995840693202,-0.3428241844595976,-2.4417494006228146,-0.0022210443908295503,0.36999644470574605
152.1,0.011886356967704372,0.09632645201959596,0.0,0.0,0.937267624620321,-0.3486106708616089,-2.4294159020942594,-0.0022200214418825154,0.3700049484566472
152.116666666,0.011914289376926263,0.09635071736556376,0.0,0.0,0.9361882736330639,-0.35149895634545403,-2.4232491528299818,-0.0022200215750842914,0.3700049706570257
152.133333333,0.011942065216844674,0.09637514887282175,0.0,0.0,0.9351000095351091,-0.3543839332806144,-2.4170823325161135,-0.0022195100340386778,0.3700092114317157
152.15,0.011969708962854002,0.0963997682063212,0.0,0.0,0.9340028931327029,-0.357265441401405,-2.4109157253510185,-0.0022210442575645115,0.36999642250556364
152.166666666,0.011997181373676223,0.09642454041804494,0.0,0.0,0.9328968590129859,-0.36014365251064057,-2.4047489050371493,-0.0022195101672116617,0.3700092336326655
152.2,0.012051678111327964,0.09647460249535723,0.0,0.0,0.9306582190690792,-0.36588970917363856,-2.392415406508595,-0.0022200214418825154,0.3700049484566472
152.216666666,0.012078706226049687,0.09649989615642032,0.0,0.0,0.9295256480363555,-0.3687574672363847,-2.3862487993435,-0.002221044390825763,0.3699964447051151
152.233333333,0.012105565475298575,0.09652534428463563,0.0,0.0,0.9283842138288962,-0.37162178557412673,-2.380082050079222,-0.002220021441884408,0.3700049484569627
152.25,0.012132273434588307,0.0965509634615459,0.0,0.0,0.9272339665982634,-0.37448253789255725,-2.3739153718645363,-0.00222053284972257,0.37000068548094767
152.266666666,0.012158810670863711,0.09657673497529527,0.0,0.0,0.9260748773699554,-0.37733979581303373,-2.3677485515506675,-0.0022195101672116617,0.3700092336326655
152.3,0.012211430339560774,0.09662879071202175,0.0,0.0,0.9237303507246551,-0.38304339068845134,-2.3554151951212945,-0.002220532849722567,0.37000068548094767
152.316666666,0.012237504298153406,0.09665506687914512,0.0,0.0,0.9225449226988331,-0.3858897065258465,-2.3492485879561995,-0.0022210443908295503,0.36999644470574605
152.333333333,0.01226341572721632,0.09668150333350842,0.0,0.0,0.9213507242658839,-0.38873235380494253,-2.3430819807911045,-0.0022210442575645115,0.36999642250556364
152.35,0.01228913992323778,0.09670807457820287,0.0,0.0,0.920147711136786,-0.3915714362536341,-2.3369150894276447,-0.0022189986262005175,0.37001347440773075
152.366666666,0.012314729227534247,0.09673483475172082,0.0,0.0,0.9189360196400346,-0.39440663256102826,-2.330748553312141,-0.00222155579870218,0.3699921817301063
152.4,0.012365393094854198,0.096788807556505,0.0,0.0,0.9164863979211952,-0.4000658476119056,-2.3184152679323593,-0.002220788553643539,0.3699985539932557
152.416666666,0.012390465660019327,0.09681601771960478,0.0,0.0,0.9152484903842009,-0.40288981229294113,-2.3122485186680817,-0.0022200215750842914,0.3700049706570257
152.433333333,0.01241539290312476,0.09684340719172917,0.0,0.0,0.9140019390554985,-0.4057098167444173,-2.306082053602169,-0.0022220670732484003,0.3699878965547956
152.45,0.01244011088420497,0.09687090548872504,0.0,0.0,0.9127465973465213,-0.4085261913664132,-2.2999150911891184,-0.002218487218358572,0.3700177373831148
152.466666666,0.012464698433946111,0.09689860030827341,0.0,0.0,0.9114826796699176,-0.41133845512150513,-2.2937486261232056,-0.00222206720657102,0.3699879187538355
152.5,0.012513319888513135,0.09695439745616516,0.0,0.0,0.9089287582042144,-0.4169514510219922,-2.2814151986442415,-0.002220277145803488,0.37000281696895526
152.516666666,0.012537379827047467,0.09698252942433501,0.0,0.0,0.9076388518576874,-0.4197519679506683,-2.275248591479146,-0.0022210443908295503,0.36999644470574605
152.533333333,0.012561249327753304,0.09701078969266573,0.0,0.0,0.9063402717795219,-0.42254859099353564,-2.2690817711652773,-0.0022195100340386778,0.3700092114317157
152.55,0.012584960481597875,0.09703921625522163,0.0,0.0,0.905033120082664,-0.425341100240076,-2.2629151640001823,-0.0022210442575645115,0.36999642250556364
152.566666666,0.012608495890277988,0.09706778849373467,0.0,0.0,0.9037173644590687,-0.4281295658736439,-2.256748556835087,-0.0022210443908295503,0.36999644470574605
152.6,0.012655021472058018,0.09712534780409454,0.0,0.0,0.9010600720325332,-0.433694300848796,-2.2444152525103176,-0.0022203453278651047,0.3699991223431866
152.616666666,0.012678029597221715,0.09715435720873407,0.0,0.0,0.8997185953873019,-0.4364704447202589,-2.2382487163948137,-0.00222155579870218,0.3699921817301063
152.633333333,0.012700842629672388,0.09718348781206254,0.0,0.0,0.8983685187243081,-0.4392425350135075,-2.2320819671305356,-0.0022200214418806223,0.3700049484563317
152.65,0.01272350166239602,0.09721279225309833,0.0,0.0,0.8970099796113289,-0.4420102900133472,-2.225915573114215,-0.002222578481090345,0.3699836335794116
152.666666666,0.012745964043334276,0.09724221553840044,0.0,0.0,0.8956428660336319,-0.44477393867341386,-2.2197489659491194,-0.0022210443908295503,0.36999644470574605
152.7,0.012790332342948404,0.09730146149395251,0.0,0.0,0.8928830759954571,-0.45028858813086825,-2.2074156095197472,-0.0022205328497244604,0.3700006854812632
152.716666666,0.012812256675350603,0.09733130901111571,0.0,0.0,0.8914904897569541,-0.4530394096244895,-2.2012491444538336,-0.00222206720657102,0.3699879187538355
152.733333333,0.012833996538409114,0.09736129115557349,0.0,0.0,0.8900894287287495,-0.4557859243826299,-2.195082679387921,-0.00222206707325219,0.3699878965554265
152.75,0.012855541181773358,0.0973913929265794,0.0,0.0,0.8886798736515343,-0.45852816943639674,-2.188916072222825,-0.0022210442575645115,0.36999642250556364
152.766666666,0.012876889952853908,0.09742161306015334,0.0,0.0,0.887261837341097,-0.4612661184154985,-2.1827493229585477,-0.0022200215750842914,0.3700049706570257
152.8,0.012919041162824958,0.09748246670923096,0.0,0.0,0.8844005219184623,-0.4667287400946629,-2.170416037578766,-0.002220788553643539,0.3699985539932557
152.816666666,0.012939846396673964,0.09751310480441616,0.0,0.0,0.8829572872678054,-0.4694533298003947,-2.1642495725128534,-0.0022220672065748092,0.36998791875446646
152.833333333,0.01296043383240542,0.0975438281309868,0.0,0.0,0.8815055583035472,-0.4721736446265839,-2.158082681149393,-0.002218998626196733,0.3700134744070998
152.85,0.012980854920861725,0.09757471337871687,0.0,0.0,0.8800455326625704,-0.4748893138834067,-2.151916145033889,-0.0022215556654102443,0.36999215953081055
152.866666666,0.013001075850950838,0.09760570968980888,0.0,0.0,0.8785771069051569,-0.4776005310111835,-2.1457494668192023,-0.002220532982956924,0.3700007076813859
152.9,0.013040951742407539,0.09766808810259787,0.0,0.0,0.8756152459224005,-0.4830092557169626,-2.133416252489013,-0.0022210442575645115,0.36999642250556364
152.916666666,0.013060600341926746,0.09769946039630298,0.0,0.0,0.8741218219843929,-0.4857067431389904,-2.127249645323917,-0.0022210443908295503,0.36999644470574605
152.933333333,0.013080050627785885,0.09773094600722255,0.0,0.0,0.8726200706354411,-0.48839964406641184,-2.1210829671092304,-0.00222053284972257,0.37000068548094767
152.95,0.013099306383418895,0.09776255096237176,0.0,0.0,0.8711100233114583,-0.4910879017918388,-2.1149162888945443,-0.002220532849726357,0.37000068548157866
152.966666666,0.013118380049342217,0.09779429597615874,0.0,0.0,0.8695917469918115,-0.49377139808187476,-2.1087498238286306,-0.00222206720657102,0.3699879187538355
153.0,0.013155903899764761,0.097858077373517,0.0,0.0,0.8665302671739332,-0.49912452962309106,-2.0964163253000754,-0.0022200214418825154,0.3700049484566472
153.016666666,0.013174382798682138,0.09789016241171067,0.0,0.0,0.8649872160433391,-0.5017938980115182,-2.0902497891845715,-0.00222155579870218,0.3699921817301063
153.033333333,0.013192655075153915,0.09792234596694499,0.0,0.0,0.863435906040461,-0.5044585574257692,-2.0840831109698845,-0.00222053284972257,0.37000068548094767
153.05,0.013210724376205771,0.09795463415146152,0.0,0.0,0.8618763693608738,-0.5071184515843599,-2.0779163617056073,-0.0022200214418806223,0.3700049484563317
153.066666666,0.01322859833948439,0.09798704061303473,0.0,0.0,0.8603086567671158,-0.5097734939083838,-2.071749683490921,-0.002220532982956924,0.3700007076813859
153.1,0.013263757373483745,0.09805220392762608,0.0,0.0,0.8571487646624437,-0.515068922803198,-2.059416540210322,-0.0022212999614873775,0.36999429101818715
153.116666666,0.013281020840827806,0.09808492041468277,0.0,0.0,0.8555565237982613,-0.5177094113363548,-2.053249719896453,-0.0022195101672116617,0.3700092336326655
153.133333333,0.013298090089214582,0.09811775786395173,0.0,0.0,0.8539561857771574,-0.5203449171202974,-2.0470830416817667,-0.00222053284972257,0.37000068548094767
153.15,0.013314972058967922,0.09815073029373235,0.0,0.0,0.8523478035324418,-0.5229753548814915,-2.0409166476654454,-0.002222578481090345,0.3699836335794116
153.166666666,0.013331631194047807,0.09818376814654192,0.0,0.0,0.8507312254281361,-0.5256009722988931,-2.0347498984011674,-0.0022200215750842914,0.3700049706570257
153.2,0.013364355686150051,0.09825018744235985,0.0,0.0,0.8474739147606827,-0.5308370407198457,-2.022416755120569,-0.0022212999614873775,0.36999429101818715
153.216666666,0.013380415598152411,0.09828355853551794,0.0,0.0,0.8458331951430624,-0.5334474725725844,-2.0162502900546553,-0.00222206720657102,0.3699879187538355
153.233333333,0.013396262124557932,0.09831701262161015,0.0,0.0,0.844184396682043,-0.5360528932843989,-2.0100836828895603,-0.002221044257568299,0.36999642250619463
153.25,0.013411905655139587,0.0983505715150965,0.0,0.0,0.8425275919036423,-0.5386531879429003,-2.003917146774056,-0.0022215556654064557,0.3699921595301796
153.266666666,0.013427324174130803,0.0983841875020325,0.0,0.0,0.840862681469019,-0.5412485112337319,-1.997750255410596,-0.0022189987593390324,0.37001349660830535
153.3,0.01345756933974092,0.09845177185819215,0.0,0.0,0.8375090673762909,-0.5464234274466051,-1.985417112129997,-0.0022212999614854836,0.3699942910178717
153.316666666,0.013472387234117016,0.09848572199861379,0.0,0.0,0.8358203582478954,-0.54900303162948,-1.9792507181136758,-0.002222578614447439,0.3699836557788267
153.333333333,0.013486985410594282,0.09851973936945464,0.0,0.0,0.8341236449466878,-0.5515775058329082,-1.9730841109485802,-0.0022210442575645115,0.36999642250556364
153.35,0.013501370224918135,0.09855383826139924,0.0,0.0,0.8324189821516904,-0.554146765896494,-1.9669174327338939,-0.002220532849726357,0.37000068548157866
153.366666666,0.013515554287181302,0.09858804883008503,0.0,0.0,0.8307064649034082,-0.5567106691699762,-1.9607509676679806,-0.0022220672065748092,0.36998791875446646
153.4,0.013543269168799117,0.0986566820188266,0.0,0.0,0.8272576361370477,-0.5618227509214484,-1.9484176112386082,-0.002220532849722567,0.37000068548094767
153.416666666,0.013556817950616506,0.09869114912116136,0.0,0.0,0.8255214766122029,-0.5643707041050308,-1.9422511461726952,-0.0022220672065748092,0.36998791875446646
153.433333333,0.01357015086550227,0.09872569116455397,0.0,0.0,0.8237774492804174,-0.5669133214672674,-1.936084610057191,-0.0022215556654064557,0.3699921595301796
153.45,0.013583276566300193,0.09876033070853125,0.0,0.0,0.8220256311392119,-0.5694504910439365,-1.9299182160408699,-0.002222578481094135,0.36998363358004255
153.466666666,0.013596182473414308,0.09879503455475397,0.0,0.0,0.8202659581041208,-0.5719823056489848,-1.9237516799253653,-0.0022215557986983913,0.3699921817294753
153.5,0.013621342486754012,0.09886465398334132,0.0,0.0,0.8167231736802759,-0.5770296851753971,-1.9114183945455843,-0.0022207885536454325,0.3699985539935712
153.516666666,0.013633601383189855,0.09889958259243989,0.0,0.0,0.8149401366108167,-0.5795451438332855,-1.9052517873804888,-0.0022210443908295503,0.36999644470574605
153.533333333,0.013645636334074663,0.09893456195474498,0.0,0.0,0.8131492900742324,-0.5820551795592681,-1.8990849670666203,-0.0022195100340386778,0.3700092114317157
153.55,0.013657466244126951,0.09896964717398675,0.0,0.0,0.8113507956588614,-0.5845595661553514,-1.892918430951116,-0.0022215556654064557,0.3699921595301796
153.566666666,0.013669082251024763,0.09900481276819245,0.0,0.0,0.8095446089643822,-0.5870583668569127,-1.8867519658852026,-0.0022220672065748092,0.36998791875446646
153.6,0.01369165233425016,0.09907532336629472,0.0,0.0,0.8059090813315097,-0.592039316791885,-1.8744187515550126,-0.002221044257566405,0.3699964225058791
153.616666666,0.01370260574036617,0.09911066525920291,0.0,0.0,0.8040797742473954,-0.5945214181560304,-1.868252002290735,-0.0022200215750842914,0.3700049706570257
153.633333333,0.013713348417749446,0.09914609849591263,0.0,0.0,0.8022428862474907,-0.596997781792609,-1.8620854661752306,-0.0022215556654064557,0.3699921595301796
153.65,0.013723869968026083,0.09918158913207432,0.0,0.0,0.8003983504020077,-0.5994684984832355,-1.8559188590101352,-0.0022210442575645115,0.36999642250556364
153.666666666,0.01373417127609251,0.09921713988212466,0.0,0.0,0.7985461946749625,-0.6019335303587406,-1.8497522163202444,-0.0022207886868932354,0.369998576193566
153.7,0.013754115333892845,0.09928842891120025,0.0,0.0,0.7948191258934572,-0.6068464032306368,-1.837418930940463,-0.0022207885536454325,0.3699985539935712
153.716666666,0.01376375500878242,0.09932415591159617,0.0,0.0,0.7929442266266769,-0.6092942256902008,-1.8312522172009809,-0.0022202772790168197,0.3700028391685749
153.733333333,0.013773176354432747,0.09935994991979807,0.0,0.0,0.7910618105058747,-0.6117362274372572,-1.82508557451109,-0.0022207885536473264,0.3699985539938867
153.75,0.013782378913458846,0.09939580960074264,0.0,0.0,0.7891718956871765,-0.614172385456647,-1.81891900287079,-0.0022212999614854836,0.3699942910178717
153.766666666,0.013789831247352315,0.09942559731015618,0.0,0.0,0.7873423563401514,-0.6165160289179333,-1.8129726139134796,-0.001842346861147476,0.3567833517101652
153.8,0.013805295595606212,0.09948975712732892,0.0,0.0,0.7838409078735915,-0.6209616986126469,-1.8016546271912999,-0.0019799154600877284,0.3395395948744068
153.816666666,0.013810904422879609,0.09951390041723857,0.0,0.0,0.7822280162103896,-0.6229922396431262,-1.7964682912353676,-0.0014871740936063397,0.3111801698033326
153.833333333,0.013817395514124135,0.09954249360124309,0.0,0.0,0.7807055086574993,-0.6248991188598646,-1.7915880369181292,-0.0017592429762887157,0.29281525317781565
153.85,0.013823932905559848,0.09957193684982733,0.0,0.0,0.7792646188128103,-0.6266950246064871,-1.7869830642418203,-0.0018096166487233283,0.27629835505288725
153.866666666,0.013830516109610048,0.09960222525113155,0.0,0.0,0.7779060847630243,-0.6283805561032761,-1.7826533376816445,-0.0018597347288168697,0.2597836040020027
153.9,0.013844391781619402,0.09966802833658903,0.0,0.0,0.7753642577915795,-0.6315142656657196,-1.7745833830191045,-0.0020175039364706427,0.2420986350340865
153.916666666,0.013849431371678048,0.09969263624304045,0.0,0.0,0.77423598590338,-0.6328970201638028,-1.771014064708263,-0.0015071190006388862,0.21415910721697107
153.933333333,0.013855290763779756,0.09972175253020908,0.0,0.0,0.7732038751220388,-0.6341575257743636,-1.7677557659827017,-0.001782000625255246,0.19549791962363205
153.95,0.013860984622559134,0.0997505107379652,0.0,0.0,0.7722539253733811,-0.6353139969695334,-1.7647625532817381,-0.0017589872723707512,0.17959275846614609
153.966666666,0.013866397886899548,0.09977826867889902,0.0,0.0,0.7713848692332392,-0.6363689052098778,-1.76202899131165,-0.0016968513213815068,0.16401372476564474
154.0,0.013878265146582462,0.09984037639077128,0.0,0.0,0.7698343446283792,-0.6382437479761113,-1.7571631245366206,-0.0018969395377338685,0.14597600033139993
154.016666666,0.013882956610853982,0.09986539132285814,0.0,0.0,0.7692124089129833,-0.638993168957451,-1.7552153710447045,-0.001527063907671434,0.11686521418966189
154.033333333,0.013886314654570285,0.09988348016400826,0.0,0.0,0.7686582034409196,-0.6396597269509608,-1.7534816544461418,-0.001103873826836978,0.10402299383325284
154.05,0.01389146641792224,0.0999114741779892,0.0,0.0,0.7682161675322584,-0.6401905340928191,-1.7521001306709334,-0.0017078464881733104,0.08289142485464764
154.066666666,0.01389657789180316,0.09993944525089388,0.0,0.0,0.7678596258703356,-0.6406181350525976,-1.7509866414783561,-0.0017060566630917294,0.06680935422705118
154.1,0.013906960170940843,0.09999670990267395,0.0,0.0,0.7673243671446567,-0.6412591641341682,-1.7493164076894898,-0.001745946372399656,0.05010701266385658
154.116666666,0.01390965571406736,0.10001166627553731,0.0,0.0,0.7671914714277311,-0.6414181523534807,-1.748901975424284,-0.0009118402368982474,0.024865936906992698
154.133333333,0.013911450263347674,0.1000216405241155,0.0,0.0,0.7671325201624322,-0.6414886565709761,-1.748718170131967,-0.0006080639240718867,0.011028317318469155
154.15,0.013910906479910405,0.10001861631525691,0.0,0.0,0.7671243047539262,-0.6414984809458284,-1.7486925567543559,0.00018436252702095472,0.001536802625940522
154.166666666,0.01391322997960452,0.100031535168374,0.0,0.0,0.7671593988236068,-0.6414565120073239,-1.7488019731247342,-0.0007875681238492994,-0.006564982485302374
154.2,0.01391429035721707,0.10003742826204487,0.0,0.0,0.7671754068817591,-0.6414373664480479,-1.7488518854625208,-0.00017963200448312222,-0.00149737010363958
154.216666666,0.013914247332614406,0.10003718918382996,0.0,0.0,0.7671747574538232,-0.64143814317958,-1.7488498605491725,1.4575124369913479e-05,0.00012149480573428482
154.233333333,0.013914376407874735,0.10003790641821333,0.0,0.0,0.7671767057352713,-0.6414358129830116,-1.748855935289216,-4.3725370486320414e-05,-0.0003644843953346427
154.25,0.013913845793001213,0.10003495778295639,0.0,0.0,0.7671686960885002,-0.641445392642172,-1.748830961357925,0.00017975985644345515,0.001498435847484309
154.266666666,0.013916643860716954,0.10005050193282106,0.0,0.0,0.7672109191383796,-0.6413948904963641,-1.7489626162503353,-0.0009476387879823065,-0.007899293860561884
154.3,0.013916482232865561,0.1000496043583677,0.0,0.0,0.7672084810926433,-0.6413978067779147,-1.7489550139440813,2.7360319544025177e-05,0.0002280691830452647
154.316666666,0.013917608482781866,0.10005585799408451,0.0,0.0,0.767225467433196,-0.6413774880068008,-1.7490079814142867,-0.00038125456904522905,-0.003178048339475923
154.333333333,0.013917761092084781,0.10005670522921048,0.0,0.0,0.7672277686934764,-0.6413747351943553,-1.749015157422993,-5.1652192036383987e-05,-0.0004305605137863876
154.35,0.013917490630253142,0.10005520369294074,0.0,0.0,0.7672236902155269,-0.6413796139355142,-1.7490024395461765,9.154200370820296e-05,0.0007630725937415327
154.366666666,0.013917476276667227,0.10005512400237221,0.0,0.0,0.7672234737591263,-0.641379872862393,-1.7490017645750604,4.858374789979444e-06,4.0498268578164e-05
154.4,0.013918208378129536,0.10005918820901441,0.0,0.0,0.7672345129241406,-0.6413666674984418,-1.7490361881019745,-0.0001238885497110299,-0.0010327057867797265
154.416666666,0.013918000595178462,0.10005803479895793,0.0,0.0,0.7672313800572713,-0.6413704151700598,-1.74902641878319,7.03185824865446e-05,0.0005861591504734263
154.433333333,0.013917774691228608,0.10005678072535686,0.0,0.0,0.7672279737557943,-0.6413744898938359,-1.7490157968693132,7.645547237068719e-05,0.000637314819911534
154.45,0.013919153743884395,0.10006443515059509,0.0,0.0,0.7672487643892792,-0.6413496188064076,-1.7490806296212418,-0.000466659655775057,-0.003889965037928204
154.466666666,0.01391933060077647,0.10006541658824034,0.0,0.0,0.7672514300889016,-0.641346429807273,-1.7490889424234066,-5.983472109753954e-05,-0.0004987681498565377
154.5,0.013918927016213861,0.10006317689505313,0.0,0.0,0.7672453468062707,-0.6413537072506289,-1.749069972182568,6.827294689963506e-05,0.0005691072137676411
154.516666666,0.013919734227826563,0.10006765627377125,0.0,0.0,0.7672575133025047,-0.641339152306217,-1.7491079126642444,-0.00027309180398410774,-0.0022764289916567975
154.533333333,0.013919858952642167,0.10006834830988671,0.0,0.0,0.7672593929331977,-0.6413369036284915,-1.7491137742555147,-4.219114696041266e-05,-0.00035169546918195025
154.55,0.013919713818697482,0.1000675430314282,0.0,0.0,0.7672572057259456,-0.6413395202711385,-1.7491069534947636,4.9095152826662e-05,0.00040924563686626933
154.566666666,0.013914129950341815,0.10003657810167808,0.0,0.0,0.7673218271016565,-0.6412622035122415,-1.7493084856600742,0.001887862161811486,-0.012091930402311808
154.6,0.01388350182003969,0.0998670333223389,0.0,0.0,0.7674561822650012,-0.6411014025122931,-1.749727571673501,0.0051686712065759305,-0.012572580151342437
154.616666666,0.013850936800045642,0.0996871502542914,0.0,0.0,0.7675609483855065,-0.640975967188741,-1.7500544353176084,0.010968420348219382,-0.019611819430930894
154.633333333,0.013806184304493624,0.09944033338535885,0.0,0.0,0.7676325910949678,-0.6408901661664236,-1.7502779928561767,0.015050477084502599,-0.013413452045830374
154.65,0.013751944725693592,0.09914159453924812,0.0,0.0,0.767711861629614,-0.640795207155291,-1.7505253875325777,0.01821737014574327,-0.014843680287170312
154.666666666,0.013690029260378097,0.09880116486256842,0.0,0.0,0.7678265008248185,-0.6406578374070788,-1.7508832287984284,0.020760858293327425,-0.021470476809886625
154.7,0.013540652127226476,0.09798176928665796,0.0,0.0,0.7679767248232431,-0.6404777514713254,-1.751352262674437,0.024987003601543028,-0.014071015998828014
154.716666666,0.013447809460995655,0.09747362957850786,0.0,0.0,0.768080206095191,-0.6403536499503762,-1.7516754317398047,0.030993107008843914,-0.019390144697627867
154.733333333,0.01334454110560944,0.09690944183161593,0.0,0.0,0.7681800168846856,-0.6402339116752909,-1.7519871973457921,0.034413656500180974,-0.018705935985127643
154.75,0.013229942116595549,0.09628435899597435,0.0,0.0,0.7682630039387963,-0.6401343271368417,-1.7522464573039163,0.03813005728753221,-0.015555597176302253
154.766666666,0.013106769031878083,0.09561363401244384,0.0,0.0,0.7683705222207796,-0.6400052660581523,-1.7525824152956917,0.040916465369397935,-0.02015748031282614
154.8,0.012836525055146653,0.09414561228430227,0.0,0.0,0.7685387652137647,-0.6398032247212433,-1.7531082533198277,0.0447806605680981,-0.015775140408579434
154.816666666,0.012691616001246513,0.09336023739485985,0.0,0.0,0.768631809114908,-0.6396914428196954,-1.753399130346015,0.047917894849630945,-0.01745262226936878
154.833333333,0.012546248827614069,0.09257363829835691,0.0,0.0,0.7687214058852432,-0.6395837710056558,-1.7536792788839382,0.04799511455863961,-0.016808911939205244
154.85,0.012399065909433684,0.09177829527187828,0.0,0.0,0.7687871907133749,-0.6395046953659035,-1.7538850029751274,0.04853081427315912,-0.012343445224461515
154.866666666,0.01225294141473649,0.09098970394779822,0.0,0.0,0.7688711735401584,-0.6394037210549995,-1.7541476733136272,0.04812092377506483,-0.015760220940365544
154.9,0.011958851544665831,0.0894058149833312,0.0,0.0,0.7690206378783817,-0.6392239502061283,-1.7546152506730162,0.048328808175508324,-0.01402732050112974
154.916666666,0.011811844257358954,0.08861564940700103,0.0,0.0,0.7691000315171777,-0.6391284233393758,-1.7548636755684888,0.048223461053527025,-0.014905494324584254
154.933333333,0.011663084970380605,0.0878170100348618,0.0,0.0,0.7691563707543597,-0.6390606210117956,-1.7550399851289396,0.04874253711964135,-0.010578573415454672
154.95,0.011515125266066562,0.08702353649320593,0.0,0.0,0.7692266189864404,-0.638976062652342,-1.755259848088768,0.04842904411261202,-0.013191777325883648
154.966666666,0.011366484996902416,0.08622733298329632,0.0,0.0,0.7692893793763748,-0.638900501470074,-1.7554563002083106,0.048597555912272564,-0.01178712764404554
155.0,0.011068537406947292,0.08463391469775947,0.0,0.0,0.7694119053014664,-0.6387529412694453,-1.7558398969509557,0.04863105021013892,-0.011507902049181609
155.016666666,0.010919748884440776,0.0838395034982309,0.0,0.0,0.7694792609416989,-0.6386717991117321,-1.7560508076622983,0.04849348441027536,-0.012654643186766273
155.033333333,0.010770377090983514,0.0830428645426711,0.0,0.0,0.7695404941656955,-0.6385980174094007,-1.7562425705088247,0.04863130591401844,-0.011505770561479813
155.05,0.010621044780079827,0.08224729786394036,0.0,0.0,0.7696045443962093,-0.6385208260070325,-1.7564431790294501,0.04856763563769636,-0.012036510996790754
155.066666666,0.010471375877698,0.0814508014006381,0.0,0.0,0.7696659899510685,-0.6384467588708097,-1.7566356523718885,0.04862619475322268,-0.01154840100823647
155.1,0.010171560693393356,0.0798577985111623,0.0,0.0,0.7697885989079594,-0.6382989213458855,-1.7570197819864666,0.048629132430731636,-0.011523888206871715
155.116666666,0.01002189466621349,0.07906388609594713,0.0,0.0,0.7698567795599018,-0.6382166865302542,-1.7572334281070687,0.048473795207179114,-0.012818767748898893
155.133333333,0.0098715668842574,0.07826734891902828,0.0,0.0,0.7699177651162272,-0.6381431147935657,-1.7574245515072753,0.04863590858459594,-0.011467403783023591
155.15,0.009721312205206145,0.07747205568127173,0.0,0.0,0.7699820303884505,-0.6380655709869318,-1.7576259770981992,0.048561754447514,-0.012085535213707036
155.166666666,0.009570707536083753,0.07667577032451892,0.0,0.0,0.770043522787392,-0.6379913581022735,-1.757818734639002,0.04862414912173217,-0.011565452910795727
155.2,0.00926894748066163,0.07508279203848603,0.0,0.0,0.7701651492294059,-0.6378445287940054,-1.7582000577947299,0.04863923273561004,-0.011439694443037161
155.216666666,0.009118338279561008,0.07428902330576237,0.0,0.0,0.7702331907140946,-0.6377623632062221,-1.7584134197169672,0.04847584083858698,-0.012801715846317804
155.233333333,0.00896708085020508,0.07349271853308943,0.0,0.0,0.7702942801022289,-0.637688577631581,-1.7586050049395157,0.04863258443370623,-0.011495113123039354
155.25,0.0088158937253668,0.07269763673323541,0.0,0.0,0.7703585901988278,-0.6376108864400564,-1.7588067147288045,0.04855970881614622,-0.012102587115243108
155.266666666,0.008664280071486867,0.07190116110225785,0.0,0.0,0.7704190422453583,-0.6375378415009927,-1.758996346087596,0.04864665106812787,-0.011377881982644193
155.3,0.008360668951259366,0.07030867341187907,0.0,0.0,0.770540944503158,-0.6373905026309861,-1.7593788060367823,0.048635141472833016,-0.011473798246099601
155.316666666,0.008209056667692022,0.06951472252551978,0.0,0.0,0.7706079640182424,-0.6373094741110156,-1.7595891128266008,0.048497831377192706,-0.012618407893827961
155.333333333,0.008056886715314333,0.0687187217944861,0.0,0.0,0.7706693495861132,-0.637235241969963,-1.7597817637930169,0.04862491331599414,-0.011559057753780065
155.35,0.007904756206607359,0.06792377657112952,0.0,0.0,0.7707335007852202,-0.637157649853911,-1.7599831183343497,0.048562265855438755,-0.012081272238343614
155.366666666,0.007752201742476541,0.0671274589084621,0.0,0.0,0.77079385327538,-0.6370846378252202,-1.7601725720691637,0.04864792958780943,-0.011367224543544675
155.4,0.00744680138395919,0.06553578204252082,0.0,0.0,0.7709168907202799,-0.6369357484096617,-1.760558868696272,0.04862133346110052,-0.011588898581468235
155.416666666,0.007294352652631971,0.06474254247828616,0.0,0.0,0.7709852990447771,-0.6368529411542634,-1.760773687135129,0.04846535697728074,-0.01288910684695569
155.433333333,0.007141200333472749,0.06394651317730635,0.0,0.0,0.7710460750990316,-0.6367793574499558,-1.7609645618617669,0.04863769851204275,-0.01145248336917948
155.45,0.0069881154180098754,0.06315167307390059,0.0,0.0,0.7711099768306922,-0.6367019739502693,-1.7611652769567787,0.048566868526016264,-0.01204290545988733
155.466666666,0.006834610174933607,0.06235548606248945,0.0,0.0,0.7711701504577199,-0.6366290906352126,-1.761354304394046,0.04865099803496225,-0.011341646689686489
155.5,0.006527318957439553,0.06076411674073209,0.0,0.0,0.7712929529370374,-0.6364803066471618,-1.7617401391988126,0.0486229955366283,-0.011575043911480027
155.516666666,0.006373869688403242,0.05997072285979181,0.0,0.0,0.7713604080243568,-0.6363985550993165,-1.7619521156540228,0.04848581329218592,-0.012718587821363415
155.533333333,0.006219802495237918,0.05917499600674282,0.0,0.0,0.7714214684884355,-0.6363245382311967,-1.7621440205997312,0.048630283098334545,-0.011514296512247888
155.55,0.006065803312927507,0.05838045842502665,0.0,0.0,0.7714856523105194,-0.6362467196607088,-1.762345765913815,0.04855945311222525,-0.01210471860293512
155.566666666,0.005911435655532237,0.057584859265434656,0.0,0.0,0.7715468790042431,-0.6361724715034531,-1.7625382392562536,0.04862619475322268,-0.01154840100823647
155.6,0.005602149934750968,0.05599326422726507,0.0,0.0,0.7716680004644262,-0.636025547489434,-1.7629190650648427,0.04864102266305685,-0.01142477402919309
155.616666666,0.005447824627952261,0.05520036156516985,0.0,0.0,0.771736243245417,-0.6359427418104955,-1.7631336703549256,0.04846689120089862,-0.012876317920036268
155.633333333,0.005292744464979554,0.054404436396473556,0.0,0.0,0.7717962321660595,-0.635869936397589,-1.7633223425442375,0.04865355215514302,-0.011320331132274774
155.65,0.005137793935557119,0.05361000129932798,0.0,0.0,0.771860155558653,-0.6357923405176977,-1.7635234128872048,0.04856431148672372,-0.012064220336786915
155.666666666,0.00498241641904431,0.05281420360059702,0.0,0.0,0.7719203109608911,-0.6357193040375927,-1.7637126534732455,0.048649463811427325,-0.011354435616625252
155.7,0.004671342260102676,0.051223400069948306,0.0,0.0,0.7720424976314983,-0.6355709101673219,-1.7640971028109835,0.048627981763087254,-0.011533479901485778
155.716666666,0.004516136124543354,0.05043095597090979,0.0,0.0,0.7721114366202735,-0.6354871591465696,-1.7643140527375742,0.048450014741019225,-0.013016996116127694
155.733333333,0.004360098845266894,0.049635122343272366,0.0,0.0,0.7721711342586968,-0.6354146200848999,-1.764501943381383,0.04865917764148738,-0.011273438403069757
155.75,0.004204199207358059,0.04884080780785449,0.0,0.0,0.7722348425974405,-0.6353371922676228,-1.7647024808524172,0.0485681470455383,-0.012032248021406731
155.766666666,0.004047875424790574,0.048045152017271865,0.0,0.0,0.7722948420935886,-0.6352642575146498,-1.7648913661905028,0.04865202085079047,-0.011333120738426213
155.8,0.0037348437495306197,0.04645428079926057,0.0,0.0,0.7724157680421411,-0.6351172185351845,-1.765272120949501,0.048641278366936345,-0.011422642541491335
155.816666666,0.0035786199191596706,0.045661571920672904,0.0,0.0,0.7724834508834936,-0.6350348951916966,-1.765485269722965,0.048477375062287525,-0.012788926919420213
155.833333333,0.0034217601045976685,0.044866486422590314,0.0,0.0,0.7725446286211708,-0.6349604686817734,-1.7656779562141767,0.04862465761207316,-0.011561189241472104
155.85,0.0032649296970223398,0.044072372511427794,0.0,0.0,0.772608336529026,-0.6348829485234669,-1.7658786357843932,0.04856712422993724,-0.012040773972195313
155.866666666,0.0031076799570102995,0.043276951335435423,0.0,0.0,0.7726684284324675,-0.6348098138054428,-1.766067947420025,0.04864895240355469,-0.011358698592265059
155.9,0.0027929629881907544,0.04168742490340571,0.0,0.0,0.772791894491447,-0.6346595054108307,-1.7664569794563927,0.04861148886014308,-0.011670960857610707
155.916666666,0.0026358570640074995,0.04089519450261562,0.0,0.0,0.7728603175623843,-0.6345761810353195,-1.7666726149655472,0.048459475786745504,-0.012938131066813451
155.933333333,0.002477975417916299,0.04009989633886638,0.0,0.0,0.7729203747922219,-0.6345030293316584,-1.766861908838781,0.04864907733652601,-0.011357632166884988
155.95,0.002320188187921616,0.039305882916617706,0.0,0.0,0.7729838057859575,-0.6344257529393468,-1.7670618601506878,0.04857236616031718,-0.011997078474508987
155.966666666,0.0021620513555912074,0.0385109242661457,0.0,0.0,0.7730445646463435,-0.6343517171654423,-1.767253411031031,0.04863208445583824,-0.011493053280288459
156.0,0.0018452994493347408,0.03692098730786043,0.0,0.0,0.7731658294112105,-0.6342039106083114,-1.7676357821682287,0.048635461102775696,-0.011471133886494381
156.016666666,0.0016872716390529635,0.03612900329557254,0.0,0.0,0.7732343666795103,-0.6341203467684479,-1.7678519327869193,0.04845576807966894,-0.01296903764020203
156.033333333,0.0015284255227488305,0.03533375596251313,0.0,0.0,0.7732940147427961,-0.6340476060698977,-1.7680400721042973,0.0486573877139576,-0.011288358816894618
156.05,0.0013697407131571106,0.034540121354779865,0.0,0.0,0.7733579182014632,-0.6339696604373896,-1.7682416575568012,0.04856060377986963,-0.012095126908321065
156.066666666,0.0012106627977673378,0.03374533324773814,0.0,0.0,0.7734186217433482,-0.6338956030298836,-1.7684331717297586,0.04863309875950319,-0.011490850837099041
156.1,0.0008920640998714994,0.032155919628843926,0.0,0.0,0.7735401989179964,-0.6337472371994268,-1.7688168039971992,0.04863092235817844,-0.01150896779302759
156.116666666,0.0007330998124204714,0.031364116531367774,0.0,0.0,0.7736086699459115,-0.6336636535138478,-1.7690329013286965,0.0484561516355734,-0.0129658404084722
156.133333333,0.0005733563369806001,0.030569268486914537,0.0,0.0,0.7736688433779583,-0.6335901836251981,-1.7692228346482513,0.048644474665948505,-0.011395998945341207
156.15,0.0004137222137382683,0.029775767769537394,0.0,0.0,0.7737325544448015,-0.6335123788785206,-1.769423958278413,0.04856392793084226,-0.012067417568324933
156.166666666,0.0002537125898762031,0.02898120801253506,0.0,0.0,0.7737933210851448,-0.6334381550270098,-1.7696158099369286,0.048630669572108196,-0.011511099971388154
156.2,-6.679082991327705e-05,0.027392042609464456,0.0,0.0,0.7739144617958156,-0.6332901434755582,-1.7699983409357058,0.048634885768953515,-0.0114759297338014
156.216666666,-0.00022683824084080727,0.026599683809930167,0.0,0.0,0.7739808814159483,-0.6332089664578288,-1.7702081148535902,0.048501666936154715,-0.012586435576507942
156.233333333,-0.0003874937136194098,0.02580513481839563,0.0,0.0,0.7740413096852239,-0.6331350968796338,-1.7703989895802277,0.04863769851212569,-0.01145248336919901
156.25,-0.0005480643313924183,0.02501180568473969,0.0,0.0,0.7741049300073735,-0.6330573096792103,-1.7705999711112066,0.04856495074652615,-0.012058891617556883
156.266666666,-0.0007090398783054473,0.024217275820935597,0.0,0.0,0.7741652257476611,-0.632983572648669,-1.77079047282749,0.048640386321688156,-0.011430103434231809
156.3,-0.0010313586080565253,0.022628749394473107,0.0,0.0,0.7742869820473589,-0.6328346303988056,-1.7711752241259915,0.048626895021381664,-0.011542538724166983
156.316666666,-0.0011922261632530272,0.021837141606962745,0.0,0.0,0.7743548655606519,-0.6327515643461854,-1.7713897761288808,0.0484672747568031,-0.012873120688306358
156.333333333,-0.001353850069552958,0.02104263465355248,0.0,0.0,0.7744148512303537,-0.6326781473971337,-1.7715793897252745,0.048646776001237256,-0.011376815556113098
156.35,-0.0015153540940957234,0.020249510236274,0.0,0.0,0.7744784649591573,-0.6326002745134619,-1.7717804955930376,0.04856405578288557,-0.012066351824499477
156.366666666,-0.0016773093440953497,0.01945496202456509,0.0,0.0,0.7745381554050866,-0.6325271897884595,-1.7719692210695428,0.04865317151850389,-0.011323529043236646
156.4,-0.0020014797179806984,0.017866921168722544,0.0,0.0,0.7746601047146763,-0.6323778318089959,-1.7723548604879327,0.04862369872236951,-0.011569182320317136
156.416666666,-0.0021633191708520655,0.017075313587258677,0.0,0.0,0.7747274282083384,-0.6322953518583652,-1.7725677961126236,0.04847890928590542,-0.01277613799250079
156.433333333,-0.002325860001719806,0.016281091588097152,0.0,0.0,0.7747876232942384,-0.6322215899430083,-1.7727582090169183,0.048641022663015385,-0.011424774029183373
156.45,-0.002488291293357215,0.015488195707104507,0.0,0.0,0.774851292168444,-0.6321435557093759,-1.7729596346078422,0.04856175444759681,-0.012085535213727646
156.466666666,-0.00265116647344858,0.01469392257050454,0.0,0.0,0.7749111640571577,-0.6320701605198437,-1.7731490705802584,0.048648057439694636,-0.01136615879961534
156.5,-0.0029771402106469427,0.01310661853614957,0.0,0.0,0.7750339736988044,-0.6319195673601514,-1.7735377118438749,0.048612895231749886,-0.011659237675314581
156.516666666,-0.0031399061923149643,0.01231525097874906,0.0,0.0,0.7751013774637393,-0.63183688927904,-1.7737510560037149,0.0484759686906378,-0.012800650102429683
156.533333333,-0.0033033955559233215,0.011521178004209064,0.0,0.0,0.7751614110722485,-0.631763236335006,-1.773941095897656,0.04864370755418559,-0.011402393408417245
156.55,-0.0034667680244229444,0.010728458108080992,0.0,0.0,0.7752249889015106,-0.6316852195379062,-1.7741423793893978,0.04856277726319789,-0.012077009262938988
156.566666666,-0.0036170088076613095,0.009999922198323111,0.0,0.0,0.775241308487901,-0.6316651910735364,-1.7741940502045648,0.044631971416018795,-0.00310024903404943
156.6,-0.0038807104655254245,0.008722134651601269,0.0,0.0,0.7753163135854729,-0.6315731263189027,-1.7744315512253972,0.03914143022099086,-0.007125030482478585
156.616666666,-0.003983799537801239,0.008222806553108392,0.0,0.0,0.7752909540993692,-0.6316042562330385,-1.7743512474249947,0.030591523976914517,0.004818228216891543
156.633333333,-0.004066227489389026,0.007823549232723184,0.0,0.0,0.7753148720379297,-0.6315748959520231,-1.7744269862891653,0.024460637080200454,-0.004544331759369203
156.65,-0.004132135390541298,0.00750442129313581,0.0,0.0,0.7753344531809414,-0.6315508575804569,-1.7744889948198452,0.019551761057336685,-0.0037205117664066293
156.666666666,-0.0041819370204537985,0.007263336708011248,0.0,0.0,0.7753441004479787,-0.6315390137596525,-1.7745195461440417,0.014770482177282772,-0.0018330795251169042
156.7,-0.004243369939646368,0.006966159131720898,0.0,0.0,0.7754240760542258,-0.6314408145467397,-1.7747728379365084,0.009103826698380925,-0.007598753622028618
156.716666666,-0.004246327521870244,0.006951856773713567,0.0,0.0,0.7753856377182994,-0.6314880147874433,-1.7746510944620646,0.0008762973897490086,0.0073046087587963875
156.733333333,-0.004245647181907324,0.006955147558239573,0.0,0.0,0.7753944820427788,-0.6314771549451418,-1.7746791057633775,-0.0002016225416869219,-0.0016806780451541856
156.75,-0.004245698954834044,0.0069548971504484105,0.0,0.0,0.7753938090494332,-0.6314779813166973,-1.774676974275643,1.534223525833188e-05,0.00012788926152070918
156.766666666,-0.004245682991571886,0.006954974359529119,0.0,0.0,0.7753940165558089,-0.6314777265188773,-1.7746776314843618,-4.730522821822091e-06,-3.9432524668212316e-05
156.8,-0.004245589368175043,0.006955427180142621,0.0,0.0,0.775395233550974,-0.6314762321627241,-1.7746814859246813,-1.3871937712741738e-05,-0.0001156332072916412
156.816666666,-0.004244089430147984,0.00696268060769093,0.0,0.0,0.7754147275141544,-0.6314522945988476,-1.7747432280193949,-0.00044441344131496184,-0.003704525830992055
156.833333333,-0.004243710491181066,0.006964512730377359,0.0,0.0,0.7754196513614835,-0.6314462481339448,-1.7747588234046532,-0.0001122540213067949,-0.0009357230967931888
156.85,-0.004243997071803093,0.006963127162056662,0.0,0.0,0.775415927636186,-0.6314508208626488,-1.774747029172522,8.489370176291449e-05,0.0007076539137491309
156.866666666,-0.004244236595778976,0.006961969041364086,0.0,0.0,0.7754128151643821,-0.6314546429307871,-1.774737171041749,7.095784232733136e-05,0.0005914878700231847
156.9,-0.0042429581392974865,0.0069681498311375155,0.0,0.0,0.7754294260120902,-0.6314342446166191,-1.774789783263999,-0.00018934875347991257,-0.0015783666359347524
156.916666666,-0.004243156705522533,0.006967189955976384,0.0,0.0,0.7754268463747863,-0.6314374125131117,-1.7747816125610163,5.8811905352382754e-05,0.0004902421985777749
156.933333333,-0.004243193396249088,0.006967012587562494,0.0,0.0,0.7754263697012592,-0.631437997884136,-1.7747801027572048,1.0867416641318413e-05,9.058822691050233e-05
156.95,-0.004243233108263109,0.006966820612275622,0.0,0.0,0.7754258537717672,-0.6314386314617803,-1.7747784686166086,1.1762380364741164e-05,9.804843383271089e-05
156.966666666,-0.004242575661380665,0.00696999862959329,0.0,0.0,0.7754343945813843,-0.631428142942807,-1.7748055207484408,-0.0001947185475033178,-0.001623127974853647
157.0,-0.004242464279722885,0.006970536991894593,0.0,0.0,0.7754358414017913,-0.6314263661500809,-1.7748101034470702,-1.649290290272083e-05,-0.00013748095613487957
157.016666666,-0.004242412905181105,0.006970785306117369,0.0,0.0,0.7754365087323125,-0.6314255466205356,-1.774812217172407,-1.5214384210725103e-05,-0.00012682352528425042
157.033333333,-0.004242423266475482,0.006970735225946727,0.0,0.0,0.7754363741447142,-0.6314257119038619,-1.7748117908748606,3.068447051666375e-06,2.5577852304141833e-05
157.05,-0.004242488024081649,0.006970422224780146,0.0,0.0,0.7754355329714261,-0.6314267449240017,-1.7748091265151926,1.9177794072914847e-05,0.00015986157690088648
157.066666666,-0.0042419423072252984,0.006973059775878196,0.0,0.0,0.7754426212152733,-0.6314180399725575,-1.7748315781859978,-0.0001616048877508952,-0.0013471003021789287
157.1,-0.004241415530680665,0.0069756055018681115,0.0,0.0,0.7754494626237773,-0.6314096379661107,-1.7748532483113,-7.798969589658687e-05,-0.0006501037460641593
157.116666666,-0.004241198759066178,0.006976653002198084,0.0,0.0,0.7754522776687091,-0.6314061807255384,-1.7748621650349903,-6.41816880149916e-05,-0.0005350034427957454
157.133333333,-0.004240924974397126,0.006977975938099677,0.0,0.0,0.7754558329026325,-0.6314018143918216,-1.7748734263951882,-8.105814294818674e-05,-0.0006756815983677469
157.15,-0.004240712068450986,0.006979004654264447,0.0,0.0,0.775458597444512,-0.6313984191058689,-1.7748821832572983,-6.303101651964679e-05,-0.0005254117160809136
157.166666666,-0.004240477127297437,0.0069801397871791,0.0,0.0,0.7754616479562296,-0.6313946725693912,-1.7748918460016951,-6.955147067760046e-05,-0.0005797646870137162
157.2,-0.004239934215803525,0.006982762686719294,0.0,0.0,0.7754686965877842,-0.6313860155344296,-1.7749141733357154,-8.035495716558171e-05,-0.0006698200072152853
157.216666666,-0.004239617598377946,0.006984292184196928,0.0,0.0,0.7754728068430382,-0.6313809672828125,-1.7749271931732942,-9.371549265918052e-05,-0.0007811902859932524
157.233333333,-0.004239311760730149,0.006985769512089498,0.0,0.0,0.7754767768810317,-0.6313760911835407,-1.774939768950929,-9.051918802431242e-05,-0.0007545466429734708
157.25,-0.004238990784010725,0.0069873198675919936,0.0,0.0,0.775480943144994,-0.6313709740073189,-1.7749529664124863,-9.499400664117153e-05,-0.000791847677582391
157.266666666,-0.004238659849848439,0.0069889182108218,0.0,0.0,0.7754852383427454,-0.6313656983971296,-1.7749665724091923,-9.793460760853301e-05,-0.0008163598350229902
157.3,-0.004237998780482587,0.006992110710582137,0.0,0.0,0.7754938174161965,-0.631355160863721,-1.7749937488778094,-9.780674977186572e-05,-0.0008152940421945209
157.316666666,-0.004237697165769762,0.006993567152217359,0.0,0.0,0.775497731220444,-0.6313503535058359,-1.7750061470314655,-8.924067377383296e-05,-0.0007438892491462756
157.333333333,-0.004237422326326118,0.006994894221855272,0.0,0.0,0.77550129735424,-0.6313459731414232,-1.7750174439164592,-8.131384686915895e-05,-0.0006778130860597586
157.35,-0.004237121541453155,0.0069963464831839335,0.0,0.0,0.775505199887399,-0.6313411795120015,-1.7750298065453205,-8.898496449847662e-05,-0.0007417577168213781
157.366666666,-0.004236818577621647,0.006997809173665669,0.0,0.0,0.7755091304260463,-0.6313363514212037,-1.7750422579861707,-8.962422967830502e-05,-0.0007470864808761307
157.4,-0.004232950448230683,0.007016501436736134,0.0,0.0,0.7753899673622241,-0.6314826985072585,-1.774664807033161,-0.0005726489310172375,0.011323528363812792
157.416666666,-0.004227641302041367,0.0070422199558752745,0.0,0.0,0.7752034904647868,-0.6317116022135507,-1.7740743138810742,-0.001575647655571228,0.035429590542433796
157.433333333,-0.0042214603327614085,0.007072268917940364,0.0,0.0,0.7749438057635679,-0.6320301400318481,-1.7732523589234028,-0.0018406846751183672,0.04931729647392347
157.45,-0.0042140342096001595,0.00710854249063292,0.0,0.0,0.774614453627001,-0.6324337500735889,-1.7722104877187095,-0.002221555665410244,0.06251227103142924
157.466666666,-0.004206533805945344,0.0071453989720160985,0.0,0.0,0.7742015403519334,-0.6329391557777838,-1.7709052179172082,-0.002256715089941604,0.07831619122266596
157.5,-0.004190092687765247,0.0072271058013204555,0.0,0.0,0.7732260823108611,-0.6341304484364376,-1.7678258042997765,-0.002500336865248525,0.09238240667533204
157.516666666,-0.004180618641296315,0.007274817684535837,0.0,0.0,0.7725843557203493,-0.6349121303740957,-1.765803093489192,-0.0029186047290960726,0.12136265348965801
157.533333333,-0.004171588586444936,0.0073208144689522565,0.0,0.0,0.7718518723094846,-0.6358023963562446,-1.7634973566322425,-0.002812487426773204,0.1383442086500271
157.55,-0.00416299916588234,0.007365140843706518,0.0,0.0,0.7710269260640128,-0.6368025434028034,-1.7609044195654464,-0.002709055190739953,0.1555762208960967
157.566666666,-0.004154927498997369,0.007407414243263436,0.0,0.0,0.7701095011085084,-0.6379117151318076,-1.7580255789438453,-0.002582226200874077,0.1727304442054192
157.6,-0.0041395009515239325,0.007490271481872175,0.0,0.0,0.7680933179406001,-0.6403379224557922,-1.751716384130501,-0.002528432333565371,0.18927584061484945
157.616666666,-0.0041323387274563765,0.007529841152779399,0.0,0.0,0.766903598573168,-0.6417623162008854,-1.7480046025081957,-0.0024127584170815022,0.22270690624673853
157.633333333,-0.004125020122162027,0.007571179561041947,0.0,0.0,0.7656296949354711,-0.6432815637285259,-1.7440392804198537,-0.0025188753995168795,0.23791932054197432
157.65,-0.004117832994685525,0.007612768106236698,0.0,0.0,0.7642654614506266,-0.6449017789040908,-1.7398031350524277,-0.0025322998553679176,0.2541687169620264
157.666666666,-0.004110993917599621,0.007653401128860845,0.0,0.0,0.7628083251254351,-0.6466246663400095,-1.7352902248838575,-0.0024722735082587464,0.27077462094533433
157.7,-0.004098940272513483,0.007728242244097131,0.0,0.0,0.759690083083515,-0.650285304819786,-1.7256727923635689,-0.002274166747148424,0.2885229698382729
157.716666666,-0.004091908805425917,0.007774072563709678,0.0,0.0,0.7579709200797213,-0.6522883444562694,-1.7203935146612068,-0.0027819949011152014,0.3167566748116146
157.733333333,-0.00408578330243182,0.007815497907794974,0.0,0.0,0.7561464534638626,-0.6544024304004552,-1.7148085194493048,-0.0025125467274771025,0.33509970601251765
157.75,-0.004080012715101312,0.007856128517349039,0.0,0.0,0.7542257263063572,-0.6566152250577564,-1.7089482603588713,-0.0024623009070017837,0.3516155383934998
157.766666666,-0.004074286027777878,0.007898261481033921,0.0,0.0,0.7522127133142648,-0.6589203547686107,-1.7028275245860656,-0.002551222098595917,0.3672441610582958
157.8,-0.004065134362401539,0.007970590256877326,0.0,0.0,0.7481320105735365,-0.6635499188118388,-1.690484896185047,-0.0021871634880356945,0.3702788446247553
157.816666666,-0.00406093829752159,0.008006413450211358,0.0,0.0,0.7460798973155899,-0.665856431088233,-1.6843103758717366,-0.002164086339015449,0.37047123361762957
157.833333333,-0.004056921528250289,0.008042639905707636,0.0,0.0,0.7440217322687321,-0.6681554174829649,-1.678139026146432,-0.0021869077841147225,0.3702809761124473
157.85,-0.004053103083100898,0.008079132055937644,0.0,0.0,0.7419571619061059,-0.6704472909157262,-1.6719697013344748,-0.002201482907613892,0.3701594813146338
157.866666666,-0.004049488313587991,0.008115865489687598,0.0,0.0,0.7398861471122846,-0.6727321081317129,-1.6658022060494908,-0.0022146517924216814,0.3700497319012437
157.9,-0.004042924790521522,0.008189552091367753,0.0,0.0,0.7357234715699728,-0.6772820486186146,-1.653468521015759,-0.002219350219088071,0.3700105436115233
157.916666666,-0.00403998113160859,0.008226459751238485,0.0,0.0,0.7336317326641995,-0.6795472616589111,-1.6473019760190557,-0.0022214918727180995,0.3699927146020613
157.933333333,-0.004037265511568103,0.008263379548718768,0.0,0.0,0.7315330043049074,-0.681806030783416,-1.6411353866163583,-0.0022211721095249976,0.3699953567617177
157.95,-0.004034780338070636,0.00830027499573441,0.0,0.0,0.7294272060518542,-0.6840584412690087,-1.6349684597281027,-0.0022187429222795445,0.3700156058954228
157.966666666,-0.0040325197422733956,0.00833723398499086,0.0,0.0,0.7273146127848127,-0.6863041993385134,-1.628801941374996,-0.0022216836506665488,0.3699911159855654
158.0,-0.004028683458821663,0.008411171469069553,0.0,0.0,0.7230686485808728,-0.6907761789750934,-1.616468744807204,-0.0022211081835466465,0.3699958896339562
158.016666666,-0.00402710789766519,0.008448143598428465,0.0,0.0,0.7209353084197079,-0.6930023672930568,-1.610302039948921,-0.002220341205004683,0.37000230629725084
158.033333333,-0.00402576036123123,0.008485124740755995,0.0,0.0,0.7187951142871519,-0.6952219671996277,-1.6041353350906375,-0.002220341071781836,0.3700022840967167
158.05,-0.004024640155683255,0.008522137983358569,0.0,0.0,0.7166481577618176,-0.6974348843989617,-1.5979688344999288,-0.002221811369327428,0.36999002804248765
158.066666666,-0.004023748754542638,0.008559135062421027,0.0,0.0,0.7144943232312723,-0.6996412381144255,-1.5918021474040431,-0.0022204690569728406,0.37000124055334094
158.1,-0.004022650450863291,0.008633143611036377,0.0,0.0,0.7101662997452135,-0.7040339670116716,-1.5794687820934723,-0.0022205008867343394,0.37000095191722465
158.116666666,-0.004022443519332169,0.008670166830377517,0.0,0.0,0.7079921958602448,-0.7062202564363251,-1.5733022282155704,-0.0022214279467340226,0.3699932474740163
158.133333333,-0.004022464888526712,0.008707173042194054,0.0,0.0,0.7058113094799677,-0.70839988382987,-1.567135527797887,-0.00222037303477196,0.37000201766075524
158.15,-0.004022714591978399,0.008744198128679766,0.0,0.0,0.7036237712969738,-0.7105727186332331,-1.5609689916823826,-0.0022215556654064557,0.3699921595301796
158.166666666,-0.004023192333954627,0.008781199664483983,0.0,0.0,0.7014294807906513,-0.7127388606479638,-1.5548022779429007,-0.002220277279020606,0.37000283916920584
158.2,-0.0040248328247103945,0.008855214698475606,0.0,0.0,0.6970209867028595,-0.7170507263058675,-1.5424690502909117,-0.0022209963130812222,0.3699968221598214
158.216666666,-0.004025995022078309,0.008892202662287243,0.0,0.0,0.6948067583958292,-0.719196474190106,-1.5363023498732284,-0.0022203731679929384,0.3700020398606424
158.233333333,-0.0040273854490442676,0.008929187014679056,0.0,0.0,0.6925859373451206,-0.7213353723420062,-1.5301356849803407,-0.002220628738696719,0.36999988617369417
158.25,-0.00402900449857441,0.008966175394876893,0.0,0.0,0.6903585720852482,-0.7234673744879013,-1.5239691311024388,-0.0022214278134459696,0.36999322527402567
158.266666666,-0.004030851010577156,0.009003141116629016,0.0,0.0,0.6881246076218247,-0.7255925333031685,-1.5178024773110492,-0.002220708779413138,0.3699992422835097
158.3,-0.004035226623425303,0.00907701650053157,0.0,0.0,0.6836370551390819,-0.7298221542545581,-1.5054691174787878,-0.0022201455591749513,0.37000078756763055
158.316666666,-0.004037756773965533,0.009113943598313197,0.0,0.0,0.6813835344815564,-0.7319265529664992,-1.4993024792294964,-0.0022208206498852776,0.3699983097575885
158.333333333,-0.004040515224763931,0.009150862891422052,0.0,0.0,0.67912356208951,-0.7340239692372827,-1.4931359120297965,-0.002221331924475604,0.36999402458191016
158.35,-0.004043501608610625,0.00918776845491867,0.0,0.0,0.6768571457788408,-0.7361143961424209,-1.4869693781345925,-0.002221571646905306,0.36999202631282985
158.366666666,-0.004046713898099555,0.009224636326253787,0.0,0.0,0.6745842375413582,-0.7381978775780546,-1.4808026888184076,-0.0022204530754768195,0.3700013737713297
158.4,-0.004053820276116046,0.009298309752825364,0.0,0.0,0.6700192037293342,-0.7423437658079368,-1.4684693124063373,-0.0022204609329947926,0.3700012849618611
158.416666666,-0.004057715756072188,0.009335128181479559,0.0,0.0,0.6677271715565287,-0.7444060883450095,-1.4623027596385854,-0.002221435937482031,0.36999318086502186
158.433333333,-0.004061838025605613,0.00937192030033054,0.0,0.0,0.66542878660602,-0.746461338554141,-1.456136193549035,-0.0022213399152231335,0.3699939579729198
158.45,-0.004066185190184164,0.009408670163906967,0.0,0.0,0.6631240249839514,-0.7485095373400955,-1.4499694920212012,-0.002220365044028214,0.37000208427037656
158.466666666,-0.004070760609943919,0.009445406298963484,0.0,0.0,0.6608130024441164,-0.7505505817736684,-1.4438029062264912,-0.002221198212724951,0.36999516248197345
158.5,-0.0040805875530618985,0.00951876755001389,0.0,0.0,0.6561720592457082,-0.7546113096589838,-1.431469539250695,-0.0022204948936736914,0.37000100187396745
158.516666666,-0.004085841975575511,0.00955541420876173,0.0,0.0,0.6538422608493686,-0.7566308861838685,-1.4253029656676335,-0.0022212861109568455,0.36999442978366637
158.533333333,-0.0040913223746187125,0.00959202839480541,0.0,0.0,0.6515062486038035,-0.7586432679660442,-1.4191363973577833,-0.0022213239337280748,0.36999409119090054
158.55,-0.0040970278982451445,0.009628604536698733,0.0,0.0,0.6491640313271572,-0.7606484473336376,-1.4129697990738868,-0.0022211081835447526,0.3699958896336407
158.566666666,-0.00410295555816815,0.009665124423095738,0.0,0.0,0.6468155770103763,-0.7626464510746339,-1.4068030287167617,-0.0022198697508721073,0.37000623622791873
158.6,-0.0041154935770042955,0.009738095644605774,0.0,0.0,0.6421003858418415,-0.7666205674920014,-1.3944698621230158,-0.002221216058638308,0.36999499041258616
158.616666666,-0.004122096820705704,0.009774505261620148,0.0,0.0,0.6397335691304412,-0.7685967476691707,-1.3883031395023349,-0.0022202133530365258,0.37000337204116085
158.633333333,-0.004128925840412264,0.00981088079641083,0.0,0.0,0.6373606943544006,-0.7705656009011019,-1.382136479050046,-0.002220660701683053,0.3699996197371017
158.65,-0.004135981428247192,0.009847225817365935,0.0,0.0,0.6349818005508414,-0.7725270952977711,-1.3759699229518445,-0.002221411831950908,0.3699933584920064
158.666666666,-0.004143259172533574,0.009883517498042211,0.0,0.0,0.6325968401391798,-0.7744812701711545,-1.3698032891431524,-0.002220852612877313,0.369998043321611
158.7,-0.004158485968400718,0.009955965725412838,0.0,0.0,0.6278089087050207,-0.7783675058419455,-1.357470043728766,-0.0022209323871009777,0.36999735503174447
158.716666666,-0.004166434620896631,0.009992120208381541,0.0,0.0,0.6254059867085767,-0.7802995269696578,-1.3513034410042706,-0.0022210763538178012,0.36999617826913767
158.733333333,-0.004174603250862311,0.010028212517811367,0.0,0.0,0.6229970774576441,-0.7822241631905998,-1.3451367317053884,-0.0022203091087955014,0.3700025505333092
158.75,-0.004182999244201991,0.01006427504095323,0.0,0.0,0.6205823167130867,-0.7841413062599228,-1.338970204471083,-0.002221619591386697,0.36999162665825674
158.766666666,-0.0041916122527076004,0.010100263344244007,0.0,0.0,0.6181615830970978,-0.7860510525295986,-1.3328034907316006,-0.002220277279020606,0.37000283916920584
158.8,-0.0042095057557387855,0.010172087354119959,0.0,0.0,0.6133025415167167,-0.789848081955724,-1.3204701476240266,-0.0022205807942077497,0.37000028582700545
158.816666666,-0.004218789177936538,0.010207933890291324,0.0,0.0,0.6108643273702004,-0.7917352925988286,-1.3143036381521187,-0.0022217475766544144,0.3699905831142414
158.833333333,-0.004228289917247963,0.010243709111802854,0.0,0.0,0.6084202602574915,-0.7936150117709507,-1.3081370132246255,-0.002220916405604025,0.3699974882494097
158.85,-0.004238009269154673,0.010279418383474145,0.0,0.0,0.605970386049193,-0.7954872036880242,-1.30197033056934,-0.002220500886736233,0.3700009519175402
158.866666666,-0.0042479510734915555,0.010315075764223613,0.0,0.0,0.6035147809849104,-0.797351810139499,-1.2958037234042445,-0.0022210443908295503,0.36999644470574605
158.9,-0.004268492296076817,0.010386199461128044,0.0,0.0,0.5985863676283266,-0.8010582753392701,-1.283470473549259,-0.002220916405604025,0.3699974882494097
158.916666666,-0.004279092627862428,0.010421668870542699,0.0,0.0,0.5961136275158165,-0.8029000828807619,-1.2773038841465614,-0.0022211722427977077,0.36999537896183615
158.933333333,-0.004289908369872116,0.010457062048413037,0.0,0.0,0.5936351845956427,-0.8047342838540541,-1.2711372059318748,-0.00222053284972257,0.37000068548094767
158.95,-0.0043009434331492515,0.01049239192465809,0.0,0.0,0.5911511123285369,-0.8065608237403634,-1.2649705632419839,-0.0022207885536473264,0.3699985539938867
158.966666666,-0.0043121977707307555,0.01052765815554904,0.0,0.0,0.588661438017255,-0.8083796826933848,-1.2588039649580873,-0.00222110831680984,0.3699959118331602
159.0,-0.0043353545619570725,0.010597969279336,0.0,0.0,0.5836652883300164,-0.8119943541667263,-1.2464706795783063,-0.0022207885536454325,0.3699985539935712
159.016666666,-0.004347254905463038,0.010633008167927201,0.0,0.0,0.5811588494501093,-0.8137901398430833,-1.2403039658388242,-0.002220277279020606,0.37000283916920584
159.033333333,-0.004359373885662693,0.010667981058799153,0.0,0.0,0.5786469144185822,-0.8155781681934933,-1.2341373231489334,-0.002220788553643539,0.3699985539932557
159.05,-0.0043717118483340995,0.010702888597643359,0.0,0.0,0.5761295145657371,-0.8173584173704019,-1.2279707692710313,-0.0022214278134459696,0.36999322527402567
159.066666666,-0.004384257251545937,0.010737698340562131,0.0,0.0,0.5736065613002206,-0.8191309497469476,-1.2218040288879524,-0.0022200855010683683,0.3700044377850708
159.1,-0.004410004289948957,0.01080711872449553,0.0,0.0,0.5685444502024041,-0.8226525439965806,-1.2094708678449557,-0.002221236035507133,0.3699948238901102
159.116666666,-0.004423194902565175,0.01084169939511178,0.0,0.0,0.5660052422142875,-0.8244016410621378,-1.203304207392667,-0.002220660834925078,0.369999641937476
159.133333333,-0.004436597353194033,0.010876195087194826,0.0,0.0,0.563460642255177,-0.826142908115408,-1.1971375202967816,-0.002220468923742322,0.37000121835287075
159.15,-0.004450217365343352,0.01091062035522758,0.0,0.0,0.5609107332672671,-0.827876288647994,-1.1909709486564817,-0.0022212999614854836,0.3699942910178717
159.166666666,-0.004464045821835848,0.01094495208543654,0.0,0.0,0.5583554587453826,-0.8296018211703934,-1.1848042970853918,-0.002220724760909152,0.3699991090655211
159.2,-0.004492337491810257,0.011013358755565583,0.0,0.0,0.5532290167706935,-0.8330292041716976,-1.1724710117056107,-0.0022207885536454325,0.3699985539935712
159.216666666,-0.004506794935439209,0.011047419972715689,0.0,0.0,0.5506578573109412,-0.8347310490102325,-1.1663042802037311,-0.0022201494270486627,0.3700039049124848
159.233333333,-0.004521472703475399,0.011081415843180533,0.0,0.0,0.548081555527299,-0.8364248971012139,-1.1601377707318234,-0.0022217474433509723,0.3699905609150416
159.25,-0.004536354260448005,0.011115307874452408,0.0,0.0,0.5454999950502407,-0.8381108252493744,-1.15397114580433,-0.002220916405604025,0.3699974882494097
159.266666666,-0.004551438453755736,0.011149093871731332,0.0,0.0,0.5429131964010273,-0.8397888193906963,-1.1478043965400524,-0.0022200215750842914,0.3700049706570257
159.3,-0.004582244324168053,0.01121641395560348,0.0,0.0,0.5377242550683535,-0.8431207656742801,-1.1354711733286638,-0.002221012294574384,0.36999668894152526
159.316666666,-0.004597957722538612,0.011249929601338525,0.0,0.0,0.5351221021527212,-0.8447747248750123,-1.1293045572823692,-0.0022209804648454733,0.3699969775777011
159.333333333,-0.004613876582817157,0.011283345788069492,0.0,0.0,0.532514854431314,-0.8464206577169513,-1.1231379234736771,-0.0022208524796237805,0.3699980211213327
159.35,-0.00463000259647169,0.011316666051558835,0.0,0.0,0.5299025554763955,-0.8480585367175933,-1.1169713163085817,-0.002221044257568299,0.36999642250619463
159.366666666,-0.004646334714979424,0.01134988815178201,0.0,0.0,0.5272852264147806,-0.84968834875189,-1.110804726905884,-0.0022211722427977077,0.36999537896183615
159.4,-0.004679604489836879,0.011416012143243334,0.0,0.0,0.5220354943961772,-0.8529237613002342,-1.0984714060013074,-0.002220660701683053,0.3699996197371017
159.416666666,-0.004696545459410261,0.011448920748910163,0.0,0.0,0.5194031790643096,-0.8545293076178773,-1.0923047633114165,-0.0022207886868932354,0.369998576193566
159.433333333,-0.004713686081178736,0.011481718594616452,0.0,0.0,0.5167659030272893,-0.8561267438109793,-1.0861380673343322,-0.002220404997762081,0.3700017512247937
159.45,-0.004731037614810996,0.011514427059296055,0.0,0.0,0.5141237826406474,-0.8577159996894499,-1.079971531218828,-0.0022215556654102443,0.36999215953081055
159.466666666,-0.00474858344594938,0.011547014769420027,0.0,0.0,0.5114767212974675,-0.8592971334589641,-1.073804870766539,-0.002220660834921291,0.36999964193684504
159.5,-0.004784277497323572,0.01161186467557971,0.0,0.0,0.5061680437808225,-0.8624348737470531,-1.0614715676243602,-0.002220724627665188,0.3699990868654942
159.516666666,-0.004802426296379187,0.011644127802647996,0.0,0.0,0.5035064934507986,-0.8639914415391399,-1.0553049604592648,-0.0022210443908295503,0.36999644470574605
159.533333333,-0.004820764200367493,0.011676261742588795,0.0,0.0,0.5008400872253995,-0.865539835610155,-1.0491381934325894,-0.0022198935899201363,0.3700060142001777
159.55,-0.004839311656758208,0.011708302274287083,0.0,0.0,0.49816900409771214,-0.8670799521130065,-1.0429716217922895,-0.0022212999614854836,0.3699942910178717
159.566666666,-0.004858049867827635,0.011740216797014192,0.0,0.0,0.4954931387688052,-0.8686118519989453,-1.0368049435776032,-0.002220532982956924,0.3700007076813859
159.6,-0.004896118383880129,0.011803701942662477,0.0,0.0,0.4901273249001067,-0.8716508506198255,-1.0244716404354242,-0.002220724627665188,0.3699990868654942
159.616666666,-0.004915456009493139,0.011835284359311126,0.0,0.0,0.4874374894910004,-0.8731578859740722,-1.0183051576071132,-0.0022219393546066522,0.36998898449837647
159.633333333,-0.004934980153396919,0.011866734257247526,0.0,0.0,0.484742965944728,-0.874656650902003,-1.0121385504420177,-0.0022210442575645115,0.36999642250556364
159.65,-0.004954693325015668,0.011898055945894713,0.0,0.0,0.48204380294164445,-0.8761471178093078,-1.0059718722273312,-0.00222053284972257,0.37000068548094767
159.666666666,-0.004974608438165062,0.011929269847434493,0.0,0.0,0.47934011951657196,-0.8776292211531237,-0.999805336111827,-0.00222155579870218,0.3699921817301063
159.7,-0.005014998127270392,0.011991301558516953,0.0,0.0,0.47391899833537715,-0.8805684431188713,-0.9874720152072503,-0.0022206607016849464,0.3699996197374172
159.716666666,-0.005035481357930964,0.012022132837818474,0.0,0.0,0.47120168225295217,-0.8820254954603001,-0.981305390279757,-0.0022209165388576055,0.3699975104490251
159.733333333,-0.005056150753425883,0.012052831916059622,0.0,0.0,0.4684798630075729,-0.8834741750364895,-0.9751387120650705,-0.002220532849726357,0.37000068548157866
159.75,-0.0050770138688149185,0.012083409991402084,0.0,0.0,0.4657536213734151,-0.884914438902174,-0.9689721048999752,-0.0022210442575645115,0.36999642250556364
159.766666666,-0.005098059091690455,0.012113850066824172,0.0,0.0,0.46302291257532124,-0.8863463106654568,-0.9628054089228908,-0.0022204051309887636,0.37000177342529583
159.8,-0.005140719464718802,0.012174350473152637,0.0,0.0,0.4575483703467005,-0.8891847326585621,-0.9504721413055076,-0.0022208524796237805,0.3699980211213327
159.816666666,-0.005162325438256408,0.012204397756265653,0.0,0.0,0.45480454168109624,-0.8905912804795744,-0.9443054630908209,-0.002220532982956924,0.3700007076813859
159.833333333,-0.005184122563679851,0.012234319844452545,0.0,0.0,0.452056428810887,-0.8919893413997431,-0.9381388736881234,-0.0022211721095249976,0.3699953567617177
159.85,-0.005206098730778363,0.012264100091616041,0.0,0.0,0.44930398663931703,-0.8933789384074466,-0.9319722132358346,-0.00222066070168684,0.3699996197377327
159.866666666,-0.005228263225687006,0.012293751081542756,0.0,0.0,0.44654730475786786,-0.8947600262715606,-0.9258056238331369,-0.0022211722427977077,0.36999537896183615
159.9,-0.005273124646617467,0.01235262184451292,0.0,0.0,0.4410211439909355,-0.8974967133939413,-0.9134722496413669,-0.002220468923742322,0.37000121835287075
159.916666666,-0.005295839087278394,0.01238186447376677,0.0,0.0,0.4382518371185924,-0.8988522277116404,-0.9073057312882604,-0.0022216836506703374,0.3699911159861964
159.933333333,-0.005318722882143179,0.012410953079337459,0.0,0.0,0.43547830005530586,-0.900199228049514,-0.9011390708359717,-0.002220660701683053,0.3699996197371017
159.95,-0.005341792258082997,0.012439908350080828,0.0,0.0,0.4327006629693144,-0.9015376510528641,-0.8949724991956718,-0.0022212999614892714,0.3699942910185026
159.966666666,-0.005365034397793859,0.012468714177940515,0.0,0.0,0.4299188802780136,-0.9028675187315683,-0.8888058565057809,-0.0022207886868894485,0.3699985761929351
160.0,-0.005412054998080274,0.012525899982562353,0.0,0.0,0.4243431120083828,-0.9055014761396256,-0.8764726421755908,-0.002221044257566405,0.3699964225058791
160.016666666,-0.005435830138731843,0.01255427583013009,0.0,0.0,0.4215491714775567,-0.9068055447705343,-0.8703060527728932,-0.0022211722427977077,0.36999537896183615
160.033333333,-0.0054597687819793956,0.012582491526993669,0.0,0.0,0.41875115888557163,-0.9081010224264648,-0.8641393212710133,-0.0022201492938411084,0.3700038827124857
160.05,-0.005483896238891655,0.012610576847074367,0.0,0.0,0.4159492540100223,-0.9093878260063227,-0.857972785155509,-0.0022215556654064557,0.3699921595301796
160.066666666,-0.005508179646189629,0.012638493555868156,0.0,0.0,0.4131432978449164,-0.9106660284900424,-0.8518060358912315,-0.0022200215750842914,0.3700049706570257
160.1,-0.005557291923504681,0.0126939104357974,0.0,0.0,0.4075198071574866,-0.9131963681346553,-0.8394729281354281,-0.002221427813447864,0.36999322527434114
160.116666666,-0.005582096167646551,0.012721382644474019,0.0,0.0,0.4047021966473839,-0.914448539847258,-0.8333062854455371,-0.0022207886868932354,0.369998576193566
160.133333333,-0.0056070751002956784,0.012748707664762847,0.0,0.0,0.4018807712187197,-0.9156920037461543,-0.8271397138052372,-0.0022212999614854836,0.3699942910178717
160.15,-0.0056322191643436,0.012775875003950546,0.0,0.0,0.3990555089658483,-0.9169267695754159,-0.8209731066401419,-0.0022210442575645115,0.36999642250556364
160.166666666,-0.005657528822796016,0.012802885218882766,0.0,0.0,0.39622644483634223,-0.9181528219269127,-0.8148064817126486,-0.002220916538861393,0.36999751044965606
160.2,-0.005708647123507481,0.012856436660711422,0.0,0.0,0.39055705113788886,-0.9205787254800517,-0.8024732496200608,-0.0022209803315861604,0.3699969553778022
160.216666666,-0.005734441710650034,0.012882963359978796,0.0,0.0,0.3877167099961791,-0.9217785812166275,-0.7963065003557832,-0.0022200215750805053,0.37000497065639476
160.233333333,-0.005760417325942745,0.012909348711809942,0.0,0.0,0.38487278112234935,-0.9229696324100529,-0.7901399642402789,-0.0022215556654102443,0.36999215953081055
160.25,-0.0057865491364906116,0.012935567345505767,0.0,0.0,0.3820251606118843,-0.924151922932298,-0.7839733570751836,-0.0022210442575645115,0.36999642250556364
160.266666666,-0.005812830022805738,0.012961612335702883,0.0,0.0,0.37917384253841113,-0.9253254547102097,-0.7778066078109058,-0.0022200215750842914,0.3700049706570257
160.3,-0.00586589580868895,0.013013237673184965,0.0,0.0,0.3734605507164146,-0.9276460623851062,-0.7654733934807159,-0.0022210442575645115,0.36999642250556364
160.316666666,-0.005892669409604045,0.013038806758114108,0.0,0.0,0.3705985821197236,-0.9287931367806561,-0.759306821840416,-0.002221300094765865,0.3699943132179262
160.333333333,-0.005919587775374804,0.013064198557449686,0.0,0.0,0.3677330243030308,-0.9299314075978651,-0.7531401081009341,-0.0022202771458015944,0.37000281696863974
160.35,-0.005946662212281952,0.013089423877178631,0.0,0.0,0.3648639704183019,-0.9310608374808773,-0.7469733943614518,-0.002220277145805381,0.37000281696927073
160.366666666,-0.005973910503776987,0.013114499076061758,0.0,0.0,0.3619915470885282,-0.9321813771130883,-0.740806893770743,-0.002221811502638495,0.36999005024228643
160.4,-0.006028849657769112,0.013164126109623833,0.0,0.0,0.35623630444918475,-0.9343958986384667,-0.7284736794405532,-0.0022210442575645115,0.36999642250556364
160.416666666,-0.006056544390791574,0.013188681649524955,0.0,0.0,0.353353572850363,-0.9354898463125526,-0.7223070367506622,-0.0022207886868932354,0.369998576193566
160.433333333,-0.006084383610031984,0.013213060323839836,0.0,0.0,0.350467448695907,-0.9365749128631312,-0.7161403230111801,-0.0022202771458015944,0.37000281696863974
160.45,-0.006112391973273551,0.013237283589039951,0.0,0.0,0.34757809254824523,-0.9376510382762467,-0.7099738224204714,-0.002221811369331217,0.3699900280431186
160.466666666,-0.006140523254785871,0.013261311534172352,0.0,0.0,0.344685298784467,-0.9387182989597372,-0.703807037631398,-0.0022197658711441914,0.3700071021442147
160.5,-0.0061972671120391325,0.01330887780272812,0.0,0.0,0.338890108245848,-0.9408259639981867,-0.6914738943507992,-0.0022212999614873775,0.36999429101818715
160.516666666,-0.006225864395965554,0.013332402902950189,0.0,0.0,0.3359877000938438,-0.9418663734233478,-0.6853073937600904,-0.002221811502638495,0.36999005024228643
160.533333333,-0.006254599587955129,0.01335574583660037,0.0,0.0,0.3330820644037645,-0.9428978408992813,-0.6791408221197905,-0.0022212999614854836,0.3699942910178717
160.55,-0.0062834781785558805,0.013378911129928723,0.0,0.0,0.3301732622211036,-0.943920344581191,-0.6729742504794907,-0.0022212999614854836,0.3699942910178717
160.566666666,-0.006312502409934657,0.013401900548667776,0.0,0.0,0.32726133798309903,-0.9449338689355524,-0.6668077143639863,-0.00222155579870218,0.3699921817301063
160.6,-0.006370953493093303,0.013447324793137722,0.0,0.0,0.3214280829365795,-0.9469339932116257,-0.6544744289842053,-0.0022207885536454325,0.3699985539935712
160.616666666,-0.006400394645116087,0.013469770781145512,0.0,0.0,0.3185068915575697,-0.947920545209531,-0.6483078573439054,-0.002221300094765865,0.3699943132179262
160.633333333,-0.006429956628390835,0.013492021975377282,0.0,0.0,0.31558258797342925,-0.9488981136918719,-0.6421411080796278,-0.0022200214418806223,0.3700049484563317
160.65,-0.006459675788159672,0.013514105700690792,0.0,0.0,0.31265538531661746,-0.9498666274969962,-0.6359745719641234,-0.0022215556654064557,0.3699921595301796
160.666666666,-0.00648951681836747,0.013535995658002738,0.0,0.0,0.30972514283482744,-0.9508261333682124,-0.6298078937494369,-0.002220532982956924,0.3700007076813859
160.7,-0.0065496185783348055,0.013579234096938323,0.0,0.0,0.30385593672449285,-0.9527179906547798,-0.6174747149440425,-0.0022211721095268915,0.36999535676203316
160.716666666,-0.006579869886161644,0.013600575656975965,0.0,0.0,0.3009169951825078,-0.9536503352960825,-0.6113081433037427,-0.0022213000947620774,0.36999431321729526
160.733333333,-0.00661025222223784,0.01362173026556671,0.0,0.0,0.29797519292980085,-0.9545736139232259,-0.6051415716634428,-0.0022212999614892714,0.3699942910185026
160.75,-0.0066407538951502015,0.013642689875881046,0.0,0.0,0.295030507017774,-0.9554878334802779,-0.5989748934487563,-0.00222053284972257,0.37000068548094767
160.766666666,-0.006671398345847273,0.01366347056457423,0.0,0.0,0.29208308421015333,-0.9563929484883734,-0.592808357333252,-0.00222155579870218,0.3699921817301063
160.8,-0.0067330584090922775,0.013704456180994865,0.0,0.0,0.2861798854889312,-0.9581759092888644,-0.5804751785278575,-0.0022211721095249976,0.3699953567617177
160.816666666,-0.006764060607956896,0.013724652471877973,0.0,0.0,0.28322411449497,-0.9590537529088451,-0.5743084292635798,-0.0022200215750842914,0.3700049706570257
160.833333333,-0.006795208270692603,0.013744671025451868,0.0,0.0,0.28026575313823715,-0.9599224487519066,-0.5681418931480755,-0.0022215556654064557,0.3699921595301796
160.85,-0.00682647158771931,0.01376449256131247,0.0,0.0,0.2773046932939003,-0.9607820289103954,-0.5619752859829801,-0.002221044257568299,0.36999642250619463
160.866666666,-0.006857863767035835,0.013784125453581502,0.0,0.0,0.2743410313440105,-0.9616324654051072,-0.5558087498674757,-0.00222155579870218,0.3699921817301063
160.9,-0.006920986835400915,0.013822795459377491,0.0,0.0,0.26840580888209853,-0.9633059336256299,-0.5434754644876947,-0.002220788553643539,0.3699985539932557
160.916666666,-0.006952729519019537,0.013841839889326258,0.0,0.0,0.2654343731180416,-0.9641289299504668,-0.5373088573225993,-0.0022210443908295503,0.36999644470574605
160.933333333,-0.006984578035129587,0.013860681702159807,0.0,0.0,0.2624603625157503,-0.9649427745250497,-0.5311421435831172,-0.0022202771458015944,0.37000281696863974
160.95,-0.007016553179687629,0.013879333200916683,0.0,0.0,0.2594839081432271,-0.9657474314823298,-0.5249755364180219,-0.002221044257568299,0.36999642250619463
160.966666666,-0.007048646426095882,0.013897789293272697,0.0,0.0,0.2565050040892842,-0.9665429027607395,-0.5188089647777219,-0.0022213000947620774,0.36999431321729526
161.0,-0.007113149321128504,0.013934093642768819,0.0,0.0,0.2505398056434168,-0.9681062988061584,-0.5064756083483496,-0.0022205328497244604,0.3700006854812632
161.016666666,-0.007145593423691775,0.01395196111379697,0.0,0.0,0.24755373989113924,-0.9688741641028056,-0.5003091788072321,-0.002222322910511124,0.3699857872666466
161.033333333,-0.007178113378962985,0.013969609881715297,0.0,0.0,0.24456516583502838,-0.9696328581788496,-0.49414242954295445,-0.0022200214418806223,0.3700049484563317
161.05,-0.007210764097704949,0.013987069834370485,0.0,0.0,0.24157437006893037,-0.9703823080239043,-0.4879758934274502,-0.0022215556654064557,0.3699921595301796
161.066666666,-0.007243521862404289,0.014004328114498903,0.0,0.0,0.23858127776777682,-0.9711225328961814,-0.4818093573119458,-0.00222155579870218,0.3699921817301063
161.1,-0.00730933870368978,0.014038229390356045,0.0,0.0,0.23258824829652813,-0.9725752961875768,-0.46947614298175583,-0.002221044257566405,0.3699964225058791
161.116666666,-0.007342391087357434,0.014054869156675105,0.0,0.0,0.22958835070954298,-0.9732878244478721,-0.4633094292422737,-0.002220277279020606,0.37000283916920584
161.133333333,-0.007375572180698237,0.01407131803739079,0.0,0.0,0.22658639151018858,-0.9739910714079424,-0.45714296417636047,-0.0022220670732484003,0.3699878965547956
161.15,-0.007408815777796467,0.014087543298006289,0.0,0.0,0.22358210518170812,-0.9746850990153259,-0.45097614386249174,-0.0022195100340386778,0.3700092114317157
161.166666666,-0.007442185687948594,0.014103576167572072,0.0,0.0,0.22057581444068705,-0.9753698324655257,-0.4448095722221919,-0.002221300094765865,0.3699943132179262
161.2,-0.007509230825565846,0.014135028643511995,0.0,0.0,0.2145570227973546,-0.9767114640303632,-0.43247653551597964,-0.0022216835173688365,0.36999109378664913
161.216666666,-0.007542872237726025,0.014150432600397984,0.0,0.0,0.21154444030080904,-0.9773683797718328,-0.42630978625170207,-0.0022200215750805053,0.37000497065639476
161.233333333,-0.0075766274291716425,0.014165637562106063,0.0,0.0,0.20852993347028534,-0.9780159849649076,-0.42014321461140214,-0.0022212999614892714,0.3699942910185026
161.25,-0.007610464052213545,0.014180628901475903,0.0,0.0,0.20551339207019725,-0.9786543034595011,-0.4139765363967156,-0.00222053284972257,0.37000068548094767
161.266666666,-0.0076444041982943545,0.014195416406136521,0.0,0.0,0.20249494904319765,-0.97928330712414,-0.40780996475641573,-0.002221300094765865,0.3699943132179262
161.3,-0.007712539459008005,0.014224355607154644,0.0,0.0,0.19645224689556065,-0.980513393426977,-0.3954766793766347,-0.002220788553643539,0.3699985539932557
161.316666666,-0.007746763098749816,0.014238519250573645,0.0,0.0,0.1934281845502285,-0.9811144364556067,-0.389310249835517,-0.002222322910511124,0.3699857872666466
161.333333333,-0.007781037898405313,0.014252457134503854,0.0,0.0,0.1904021264996692,-0.9817061832464966,-0.3831435005712394,-0.0022200214418806223,0.3700049484563317
161.35,-0.007815409869381711,0.014266188135494996,0.0,0.0,0.1873743106030162,-0.9822885867839677,-0.37697685788134844,-0.0022207885536473264,0.3699985539938867
161.366666666,-0.007849877761636774,0.01427971158862582,0.0,0.0,0.18434476573840414,-0.9828616420152192,-0.3708103217658441,-0.00222155579870218,0.3699921817301063
161.4,-0.00791902892368875,0.014306107536170613,0.0,0.0,0.1782803075640356,-0.9839797416282883,-0.35847696533647194,-0.002220532849722567,0.37000068548094767
161.416666666,-0.007953733095650145,0.01431898809220905,0.0,0.0,0.17524555667515865,-0.984524755841931,-0.3523103581713765,-0.0022210443908295503,0.36999644470574605
161.433333333,-0.007988516036590843,0.014331654397704393,0.0,0.0,0.1722091397699811,-0.9850604104214539,-0.34614375100628103,-0.0022210442575645115,0.36999642250556364
161.45,-0.008023388463357088,0.014344110273420679,0.0,0.0,0.1691711382341186,-0.9855866912598672,-0.3399772504155723,-0.002221811369331217,0.3699900280431186
161.466666666,-0.00805832496994257,0.014356346644736884,0.0,0.0,0.16613147593884967,-0.9861036115451456,-0.3338106432504768,-0.002221044390825763,0.3699964447051151
161.5,-0.008128425395992882,0.014380173403230686,0.0,0.0,0.16004745968112896,-0.9871093205160295,-0.32147746444508246,-0.0022211721095268915,0.36999535676203316
161.516666666,-0.008163590376373384,0.014391764069127311,0.0,0.0,0.1570031811175601,-0.9875980969599762,-0.31531092832957813,-0.00222155579870218,0.3699921817301063
161.533333333,-0.008192940326346557,0.014401241356453922,0.0,0.0,0.1540656086797168,-0.9880606197102222,-0.309363402578809,-0.0018505292760757992,0.35685153790892676
161.55,-0.008221398203321023,0.014410248147536771,0.0,0.0,0.1512563060643024,-0.9884945775651893,-0.30367815639378765,-0.0017909502624892746,0.34111476427880355
161.566666666,-0.008250137629592607,0.01441916886949816,0.0,0.0,0.14857943651757086,-0.9889004758033647,-0.2982632183783143,-0.0018055254943181505,0.3248962939244108
161.6,-0.00831400476839371,0.014438446668650146,0.0,0.0,0.14351714226311593,-0.9896478312392891,-0.28802888002042715,-0.0020013945894511004,0.30703014459610434
161.616666666,-0.008338060203650455,0.014445512762562156,0.0,0.0,0.14121768020687814,-0.9899785688574212,-0.2833826275316576,-0.001504306257339422,0.27877516047734163
161.633333333,-0.008367158576347794,0.01445391844682852,0.0,0.0,0.13907238855352,-0.9902822177248356,-0.279049277442333,-0.0018172877663494098,0.2600010001592937
161.65,-0.008396029641885365,0.0144621272568928,0.0,0.0,0.1370587579400536,-0.9905629191888468,-0.2749830738157508,-0.0018009227154071892,0.24397221271536493
161.666666666,-0.008425326703949543,0.014470332906631522,0.0,0.0,0.13518028830350473,-0.9908210179715514,-0.27119083741266103,-0.0018254704013506969,0.2275341932868647
161.7,-0.008489503515059347,0.014487934981491785,0.0,0.0,0.13171251769550693,-0.9912879564900962,-0.2641927013574865,-0.0019964083629921375,0.20994407745642119
161.716666666,-0.008513739964414074,0.014494451960476539,0.0,0.0,0.1302113678502077,-0.9914862579393513,-0.2611643191089013,-0.0015058404809547444,0.1817029421829926
161.733333333,-0.008538777702889562,0.014501106875896239,0.0,0.0,0.12884741822083337,-0.991664430549884,-0.2584132434145936,-0.0015544241355926398,0.1650645383573688
161.75,-0.008565522562542435,0.014508140878565733,0.0,0.0,0.12762405756455553,-0.991822615153919,-0.2559461529361314,-0.001659262743188592,0.14802542574714483
161.766666666,-0.00858401925893787,0.01451295878169191,0.0,0.0,0.1264988213038242,-0.9919667576127453,-0.25367729081699086,-0.0011468321543714629,0.13613173259376843
161.8,-0.008634848264025987,0.014526031721683633,0.0,0.0,0.12457527025413595,-0.9922101602186449,-0.24979951070615086,-0.001574496893386309,0.1163334009984671
161.816666666,-0.00866245853822977,0.01453305557913566,0.0,0.0,0.12388996537813506,-0.9922959621396252,-0.24841820007971574,-0.0017093808142638204,0.08287864090130267
161.833333333,-0.00868033981254306,0.01453757993658841,0.0,0.0,0.12329730163603594,-0.9923697775573742,-0.24722371435322213,-0.0011066865699676728,0.07166914215620543
161.85,-0.008706338012474474,0.014544129711257639,0.0,0.0,0.12287288830302677,-0.9924224167762797,-0.24636838385010518,-0.0016086333668388407,0.0513198291606561
161.866666666,-0.008731592809363026,0.014550472761998888,0.0,0.0,0.12257895695208285,-0.9924587645401391,-0.24577604340864778,-0.0015623510508828635,0.035540427909068764
161.9,-0.008773185348264925,0.014560890171470426,0.0,0.0,0.1222204039697008,-0.992502983800796,-0.24505350459139955,-0.0012863185744506418,0.0216761640839142
161.916666666,-0.008774930066042404,0.014561326503551558,0.0,0.0,0.12222784350251072,-0.9925020676415368,-0.24506849605513303,-0.00010790706112480661,-0.0008994878599992216
161.933333333,-0.008774508357605603,0.014561221037002268,0.0,0.0,0.12222604532222398,-0.9925022890879848,-0.24506487252598436,2.6081799939164188e-05,0.00021741174458520557
161.95,-0.008774115589600158,0.014561122809727791,0.0,0.0,0.12222437054610577,-0.9925024953341972,-0.24506149767040444,2.429187249240023e-05,0.00020249133074146816
161.966666666,-0.008775756944220938,0.01456153330514261,0.0,0.0,0.12223136934504565,-0.9925016334233586,-0.24507560101424833,-0.0001015144627167658,-0.0008462006645001942
162.0,-0.00877367734280277,0.014561013210333542,0.0,0.0,0.12222250184813122,-0.9925027254582143,-0.2450577320420726,6.43095361245626e-05,0.0005360691545414297
162.016666666,-0.00877845669124347,0.014562208553242272,0.0,0.0,0.12224288121018181,-0.992500215613797,-0.24509879870576007,-0.00029559375037980205,-0.0024639999198082948
162.033333333,-0.008780106299248422,0.014562621178235044,0.0,0.0,0.12224991525138193,-0.9924993492295247,-0.245112973099195,-0.000102025864467907,-0.0008504635891127162
162.05,-0.008779370384620445,0.01456243709702864,0.0,0.0,0.12224677725882292,-0.9924997357429531,-0.24510664968558188,4.551529793305123e-05,0.0003794048091781038
162.066666666,-0.008778754365300907,0.014562283010158607,0.0,0.0,0.12224415051130302,-0.9925000592774642,-0.2451013564910405,3.809988651089143e-05,0.00031759168516560187
162.1,-0.008780631361220906,0.01456275251991787,0.0,0.0,0.1222521541554377,-0.9924990734526431,-0.2451174847482325,-5.8044790060738425e-05,-0.0004838477060870956
162.116666666,-0.008779982268774722,0.014562590152986566,0.0,0.0,0.12224938637631673,-0.9924994143729325,-0.24511190735532676,4.014551800140909e-05,0.00033464358772482885
162.133333333,-0.008780858750080221,0.014562809400909302,0.0,0.0,0.1222531237593636,-0.9924989540201429,-0.24511943861198948,-5.4209231246105966e-05,-0.00045187539070650574
162.15,-0.008779643251977854,0.014562505351315147,0.0,0.0,0.12224794078429624,-0.9924995924301426,-0.2451089943220899,7.51769527658262e-05,0.000626657381451475
162.166666666,-0.008781206034669054,0.014562896274553655,0.0,0.0,0.12225460460877069,-0.9924987716123145,-0.24512242269481832,-9.665608792695947e-05,-0.0008057023959234733
162.2,-0.00878049906219708,0.014562719425727302,0.0,0.0,0.12225159002219127,-0.9924991429402074,-0.2451163479547749,2.1862685243141565e-05,0.00018224219766716597
162.216666666,-0.00877900656122833,0.014562346092308515,0.0,0.0,0.1222452258912641,-0.9924999268245785,-0.2451035235035717,9.230912100945204e-05,0.0007694671029838039
162.233333333,-0.008783227721949722,0.014563402023845498,0.0,0.0,0.12226322526241451,-0.9924977096943005,-0.24513979431985636,-0.0002610737033130593,-0.0021762489335477786
162.25,-0.00878458791151536,0.014563742312559521,0.0,0.0,0.12226902524709847,-0.9924969951919876,-0.24515148197760106,-8.412658999985312e-05,-0.0007012594506718887
162.266666666,-0.008782806021033564,0.014563296527229394,0.0,0.0,0.12226142709002327,-0.9924979312048519,-0.24513617079070762,0.00011020839655163898,0.0009186712503783519
162.3,-0.008782760543460949,0.014563285150234624,0.0,0.0,0.12226123316944745,-0.99249795509305,-0.24513578001795658,1.4063715653470888e-06,1.1723182306065009e-05
162.316666666,-0.008783525392954484,0.014563476492965096,0.0,0.0,0.12226449456033178,-0.9924975533319498,-0.2451423521051386,-4.730522821822091e-05,-0.0003943252466821232
162.333333333,-0.008782363648093044,0.01456318586085278,0.0,0.0,0.12225954077149535,-0.9924981635702622,-0.24513236963758114,7.185280179318762e-05,0.0005989480414553212
162.35,-0.008784819432747476,0.01456380023562603,0.0,0.0,0.12227001247811878,-0.9924968735711971,-0.24515347136615456,-0.0001518881290577446,-0.0012661036890571798
162.366666666,-0.00878387267555268,0.014563563374566938,0.0,0.0,0.12226597540764897,-0.9924973709071557,-0.24514533618796747,5.855620141606805e-05,0.0004881107107578714
162.4,-0.008787213190160029,0.014564399145759587,0.0,0.0,0.12228021973460608,-0.9924956160415301,-0.2451740402227938,-0.00010330438407276797,-0.0008611210275727752
162.416666666,-0.00878901573510631,0.01456485017103503,0.0,0.0,0.12228790601938319,-0.9924946690241688,-0.24518952903366587,-0.0001114869162332125,-0.0009293286894778687
162.433333333,-0.008787147041588748,0.014564382594904411,0.0,0.0,0.12227993766897038,-0.9924956507933286,-0.24517347182606503,0.00011557817227943347,0.0009634324367893425
162.45,-0.008787862272516635,0.01456456155302055,0.0,0.0,0.12228298750313454,-0.9924952750352559,-0.24517961761569954,-4.423677832826568e-05,-0.00036874737071867364
162.466666666,-0.008786630255551795,0.014564253292642647,0.0,0.0,0.12227773403084982,-0.992495922288994,-0.2451690312266177,7.619977302165292e-05,0.0006351833703301206
162.5,-0.008787717572706674,0.01456452534726664,0.0,0.0,0.1222823704847552,-0.9924953510564314,-0.24517837424785438,-3.3625065607872695e-05,-0.0002802906314997932
162.516666666,-0.008786559972606415,0.01456423570771232,0.0,0.0,0.12227743433601866,-0.9924959592120265,-0.2451684273050925,7.159710216811814e-05,0.0005968165895729432
162.533333333,-0.008791285443462377,0.014565418130186783,0.0,0.0,0.12229758438129643,-0.9924934764795684,-0.24520903214643774,-0.00029226958167122226,-0.00243629043196951
162.55,-0.00879284405280331,0.014565808175130982,0.0,0.0,0.12230423053565677,-0.9924926575008406,-0.24522242499437064,-9.640037820651862e-05,-0.000803570859888456
162.566666666,-0.00879120689272072,0.014565398473301794,0.0,0.0,0.12229724942907501,-0.9924935177531804,-0.24520835717532233,0.00010125875878062421,0.0008440691766817338
162.6,-0.00879048753268002,0.01456521846008429,0.0,0.0,0.12229418197123938,-0.9924938957273165,-0.2452021758608922,2.224624112460019e-05,0.00018543942920518642
162.616666666,-0.008792918469033783,0.014565826798488637,0.0,0.0,0.12230454785853964,-0.9924926183972947,-0.24522306444069142,-0.00015035391455304805,-0.0012533148381031808
162.633333333,-0.008791810492815902,0.014565549522305958,0.0,0.0,0.12229982327210506,-0.9924932005951537,-0.24521354379547705,6.852865082054904e-05,0.0005712387014591676
162.65,-0.00879026014852769,0.014565161560279531,0.0,0.0,0.12229321237225507,-0.9924940151999277,-0.2452002219971352,9.588897036457424e-05,0.0007993078845044326
162.666666666,-0.008794737528741357,0.014566282050918478,0.0,0.0,0.12231230463622816,-0.99249166250129,-0.24523869535074572,-0.00027692736302882835,-0.002308401308955348
162.7,-0.00879484501841048,0.014566308953088141,0.0,0.0,0.1223127629910397,-0.992491606014629,-0.24523961899543092,-3.324150972641407e-06,-2.770933999617728e-05
162.716666666,-0.008794216616915922,0.01456615168027189,0.0,0.0,0.12231008337792618,-0.9924919362413404,-0.2452342192265029,3.8866998319769276e-05,0.0003239861486247595
162.733333333,-0.00879661032595989,0.014566750783694267,0.0,0.0,0.12232029058363375,-0.9924906782995674,-0.24525478808314216,-0.00014805257024315508,-0.001234131373676948
162.75,-0.008795783484850812,0.01456654383394066,0.0,0.0,0.1223167647800161,-0.9924911128336366,-0.2452476831240269,5.1140784194439584e-05,0.00042629753840236394
162.766666666,-0.008794601099510182,0.014566247905999965,0.0,0.0,0.1223117228781607,-0.9924917341955932,-0.24523752303249174,7.313132578600637e-05,0.0006096055164923634
162.8,-0.008796139026707915,0.014566632821614772,0.0,0.0,0.12231828087576106,-0.9924909259855218,-0.2452507382564469,-4.756092930082882e-05,-0.00039645671071419843
162.816666666,-0.00879466311280206,0.014566263426397648,0.0,0.0,0.12231198731365135,-0.9924917016073158,-0.24523805590442585,9.128630526435063e-05,0.0007609411517055027
162.833333333,-0.008798388029365393,0.014567195745557635,0.0,0.0,0.12232787105618477,-0.9924897440089048,-0.24527006374524096,-0.00023038923279595033,-0.0019204704105026493
162.85,-0.008800087176731999,0.01456762107169759,0.0,0.0,0.12233511657095274,-0.9924888509467356,-0.24528466443622346,-0.00010509431151975259,-0.0008760414414183519
162.866666666,-0.008798334284943476,0.01456718229282415,0.0,0.0,0.12232764187921244,-0.9924897722557503,-0.24526960192289884,0.00010841846899743603,0.0009037508356390283
162.9,-0.008797664546241583,0.014567014653150252,0.0,0.0,0.12232478598100799,-0.9924901242504636,-0.24526384690601535,2.071201759874803e-05,0.00017265050305295739
162.916666666,-0.008799599344303643,0.014567498956057714,0.0,0.0,0.12233303635083531,-0.992489107354426,-0.24528047251034596,-0.00011966944219528315,-0.0009975362997147765
162.933333333,-0.0087984541763377,0.014567212302802153,0.0,0.0,0.1223281531201422,-0.9924897092434838,-0.24527063214197067,7.082998610929883e-05,0.000590422090687274
162.95,-0.008797428897209634,0.014566955669737218,0.0,0.0,0.12232378112769507,-0.9924902480985008,-0.24526182199266724,6.341457240121323e-05,0.0005286089476198327
162.966666666,-0.008801261279800073,0.014567914985519652,0.0,0.0,0.12234012320021931,-0.9924882338120463,-0.24529475347816754,-0.0002370375489633297,-0.0019758892090470533
163.0,-0.008801137254968186,0.014567883937725375,0.0,0.0,0.12233959433107762,-0.9924882990035234,-0.24529368773430016,3.83555881458624e-06,3.1972315380204555e-05
163.016666666,-0.008802836392286417,0.014568309304005852,0.0,0.0,0.12234683983529625,-0.9924874058557702,-0.24530828842528266,-0.00010509431782534484,-0.0008760414939802846
163.033333333,-0.00880193101332049,0.0145680826458928,0.0,0.0,0.12234297909298393,-0.9924878817732001,-0.24530050849505103,5.599915869291135e-05,0.0004667958045505884
163.05,-0.008800992559289173,0.01456784771546578,0.0,0.0,0.12233897731703515,-0.9924883750598905,-0.24529244436645503,5.804479006068893e-05,0.000483847706086683
163.066666666,-0.008805858443556764,0.014569065917013013,0.0,0.0,0.12235972659189395,-0.9924858171824709,-0.24533425705084994,-0.00030096353304241084,-0.0025087611640262648
163.1,-0.00880547397027264,0.014568969654092852,0.0,0.0,0.12235808710143371,-0.9924860193075155,-0.24533095324486112,1.1890232325217342e-05,9.911417767863412e-05
163.116666666,-0.008806023808312339,0.014569107320810192,0.0,0.0,0.12236043174897833,-0.9924857302461348,-0.24533567804267276,-3.4008623529856115e-05,-0.000283487880047148
163.133333333,-0.008804795973598841,0.014568799903221125,0.0,0.0,0.12235519595615277,-0.992486375736479,-0.2453251271783865,7.59440645287428e-05,0.0006330518445275105
163.15,-0.008806867167650612,0.01456931848383095,0.0,0.0,0.12236402804914873,-0.9924852868630281,-0.24534292510097117,-0.0001281076644070712,-0.0010678753336979218
163.166666666,-0.008805899784751192,0.014569076267940283,0.0,0.0,0.12235990288117117,-0.9924857954484337,-0.24533461229880626,5.9834721097641576e-05,0.0004987681498573882
163.2,-0.008808078460493326,0.014569621782588275,0.0,0.0,0.12236919332060164,-0.9924846500203744,-0.2453533338660752,-6.73779831762316e-05,-0.0005616470068455933
163.216666666,-0.008810124835427448,0.014570134210155445,0.0,0.0,0.12237791962491204,-0.992483574064719,-0.24537091863988558,-0.00012657344847556443,-0.0010550864708503682
163.233333333,-0.008808322372322118,0.014569682857924504,0.0,0.0,0.12237023342605609,-0.9924845217791824,-0.2453554298290135,0.00011148690954406841,0.0009293286337187381
163.25,-0.008807681586735611,0.01456952240686267,0.0,0.0,0.12236750094533662,-0.9924848586816793,-0.24534992348569884,3.963410775069068e-05,0.00033038059226183204
163.266666666,-0.008809546063632693,0.014569989277497013,0.0,0.0,0.1223754515802076,-0.9924838783831909,-0.2453659451685042,-0.00011532247527793313,-0.0009613010067764192
163.3,-0.008807375662982715,0.014569445805664613,0.0,0.0,0.12236619640582747,-0.9924850195227989,-0.2453472946508264,6.712227925520196e-05,0.0005595155191531026
163.316666666,-0.008811365058274805,0.014570444789830756,0.0,0.0,0.12238320828958678,-0.9924829219330414,-0.2453815760785585,-0.0002467542985436928,-0.0020568857462067505
163.333333333,-0.008813084828478897,0.01457087548218566,0.0,0.0,0.12239054189885215,-0.9924820175971478,-0.24539635439351873,-0.00010637283112443433,-0.0008866988798769169
163.35,-0.008811303047211056,0.014570429260533075,0.0,0.0,0.12238294385643576,-0.9924829545402946,-0.24538104320662524,0.00011020838993920525,0.0009186711952586609
163.366666666,-0.008811220365779854,0.014570408554854235,0.0,0.0,0.12238259127888713,-0.9924829980165226,-0.24538033271071338,5.1140787262941525e-06,4.262975639806737e-05
163.4,-0.008812096788202075,0.014570628038038875,0.0,0.0,0.12238632860011518,-0.992482537162133,-0.24538786396737614,-2.7104615623052983e-05,-0.00022593769535325287
163.416666666,-0.008810984723620217,0.014570349543991829,0.0,0.0,0.12238158643278962,-0.9924831219230852,-0.24537830779736614,6.878435886865635e-05,0.0005733702235540062
163.433333333,-0.008811348521991943,0.014570440648681477,0.0,0.0,0.12238313777408114,-0.9924829306283158,-0.24538143397937723,-2.250194504555342e-05,-0.00018757091689704014
163.45,-0.008810058690116113,0.014570117646277405,0.0,0.0,0.12237763756269866,-0.9924836088442835,-0.24537035024315682,7.97796233434618e-05,0.0006650241599088218
163.466666666,-0.00881390337071546,0.014571080484108666,0.0,0.0,0.12239403241245374,-0.9924815871490107,-0.2454033883030438,-0.00023780466077227253,-0.0019822836725067526
163.5,-0.008813899236667384,0.014571079448730954,0.0,0.0,0.12239401478360097,-0.992481589323022,-0.2454033527782482,1.27851960486208e-07,1.0657438460068184e-06
163.516666666,-0.008812998013308787,0.014570853739895213,0.0,0.0,0.12239017169277563,-0.9924820632500181,-0.24539560837281216,5.574345811660625e-05,0.00046466434473893433
163.533333333,-0.008814866602914497,0.014571321731119417,0.0,0.0,0.12239813993409589,-0.9924810805958336,-0.24541166558041308,-0.00011557817227943347,-0.0009634324367893425
163.55,-0.008813733874714192,0.014571038033742857,0.0,0.0,0.12239330962945826,-0.9924816762832186,-0.24540193178642447,7.006287434638224e-05,0.0005840276276112385
163.566666666,-0.008812700361173346,0.014570779195390956,0.0,0.0,0.1223889024146684,-0.9924822197730964,-0.24539305058752992,6.392598407867691e-05,0.0005328719549758422
163.6,-0.008818149018672998,0.014572143894544769,0.0,0.0,0.12241213722386086,-0.9924793542740759,-0.24543987226810082,-0.0001685088839208221,-0.0014046503890369868
163.616666666,-0.008816400329033365,0.014571705879080498,0.0,0.0,0.12240468023246968,-0.9924802739889528,-0.24542484527957176,0.00010816276506112133,0.000901619347819125
163.633333333,-0.008815879441485442,0.014571575411468472,0.0,0.0,0.12240245899965567,-0.9924805479357455,-0.24542036915532894,3.221869404249694e-05,0.0002685674491934892
163.65,-0.008816532617841433,0.014571739014083387,0.0,0.0,0.12240524435499148,-0.9924802044143726,-0.24542598207303024,-4.040121951360727e-05,-0.00033677505533786747
163.666666666,-0.008815284140715586,0.014571426308481124,0.0,0.0,0.12239992044711774,-0.992480861011707,-0.24541525358476626,7.72225887670417e-05,0.0006437093216108173
163.7,-0.008820807179678718,0.014572809769802117,0.0,0.0,0.12242347254269244,-0.9924779561131767,-0.24546271471165798,-0.00017081021920957386,-0.0014238337782651093
163.716666666,-0.008819232128104298,0.01457241520808185,0.0,0.0,0.12241675597156462,-0.9924787845880628,-0.24544917976454286,9.742319973573748e-05,0.0008120968593817987
163.733333333,-0.008818020864337112,0.014572111793228473,0.0,0.0,0.12241159073063701,-0.9924794216782508,-0.2454387709994388,7.492124884498175e-05,0.0006245258937605281
163.75,-0.008821782799497862,0.014573054180930025,0.0,0.0,0.12242763293564433,-0.992477442914334,-0.24547109856341387,-0.00023269056808470013,-0.001939653799730756
163.766666666,-0.008823175947975284,0.014573403205914784,0.0,0.0,0.12243357383202043,-0.9924767100535504,-0.24548307041952389,-8.617222653805646e-05,-0.0007183113953074351
163.8,-0.008820397914822621,0.014572707243840565,0.0,0.0,0.12242172729246614,-0.9924781713905495,-0.24545919775689584,8.59165174466585e-05,0.0007161798645159713
163.816666666,-0.008823523200951158,0.014573490205837118,0.0,0.0,0.1224350546482384,-0.9924765273764831,-0.24548605450235275,-0.00019331217585391895,-0.0016114047918469466
163.833333333,-0.008822952713782318,0.014573347277940489,0.0,0.0,0.12243262187859394,-0.9924768274876412,-0.24548115208056334,3.528714109416331e-05,0.0002941453014976311
163.85,-0.008821695985952985,0.01457303243215068,0.0,0.0,0.12242726273127466,-0.9924774885810396,-0.24547035254270821,7.773399197568072e-05,0.000647972258372698
163.866666666,-0.008822704675664268,0.014573285136249075,0.0,0.0,0.12243156415243243,-0.9924769579688935,-0.24547902059282944,-6.239176046078865e-05,-0.000520083028056422
163.9,-0.008822539316845318,0.014573243708748516,0.0,0.0,0.1224308590015807,-0.9924770449557687,-0.24547759960100657,5.114078419443959e-06,4.262975384023639e-05
163.916666666,-0.008821340463647426,0.014572943366396645,0.0,0.0,0.12242574665605656,-0.9924776755956313,-0.2454672974102892,7.41541415312652e-05,0.0006181314677719769
163.933333333,-0.00882306019692568,0.014573374206170957,0.0,0.0,0.12243308022655476,-0.9924767709454151,-0.24548207572524938,-0.00010637283112443433,-0.0008866988798769169
163.95,-0.008821902684842765,0.014573084215065138,0.0,0.0,0.122428144170224,-0.9924773798505611,-0.2454721287824875,7.159709787233753e-05,0.0005968165537643273
163.966666666,-0.008821691851974263,0.014573031396496138,0.0,0.0,0.12242724510249471,-0.9924774907556411,-0.24547031701791266,1.3040900752027849e-05,0.0001087058788148864
164.0,-0.008821096558652531,0.014572882263774976,0.0,0.0,0.1224247065577763,-0.9924778038950002,-0.24546520144734998,1.841068231001395e-05,0.00015346711382498187
164.016666666,-0.008824445073663395,0.014573721174943688,0.0,0.0,0.12243898586139954,-0.9924760424016451,-0.24549397653176744,-0.00020712018841491316,-0.0017265051341217284
164.033333333,-0.008826131723933905,0.014574143774096548,0.0,0.0,0.1224461783899228,-0.9924751550531142,-0.24550847064836326,-0.00010432719975665675,-0.0008696469783408223
164.05,-0.008824647637377364,0.014573771926981633,0.0,0.0,0.12243984967031216,-0.9924759358355806,-0.24549571724675118,9.179770762901906e-05,0.0007652040814322432
164.066666666,-0.008823523200951278,0.014573490205837147,0.0,0.0,0.12243505464823928,-0.992476527376483,-0.24548605450235453,6.955147067760046e-05,0.0005797646870137162
164.1,-0.008825912625102798,0.01457408887625641,0.0,0.0,0.12244524406672837,-0.992475270324374,-0.24550658783419824,-7.389843316102822e-05,-0.0006159999429919411
164.116666666,-0.008825098237975296,0.014573884825636766,0.0,0.0,0.12244177120409105,-0.992475698777761,-0.24549958944946962,5.03736754539974e-05,0.00041990310052096363
164.133333333,-0.008824540154601398,0.014573744997284943,0.0,0.0,0.12243939132273789,-0.9924759923809329,-0.24549479360206686,3.452002933124672e-05,0.0002877508384215957
164.15,-0.00882591675904397,0.014574089912060897,0.0,0.0,0.12244526169546888,-0.9924752681494527,-0.2455066233589938,-8.514940568374194e-05,-0.000709785401439936
164.166666666,-0.008824846067052364,0.014573821643605597,0.0,0.0,0.12244069585038155,-0.9924758314436046,-0.24549742243693934,6.622731950550928e-05,0.0005520553453549726
164.2,-0.008825073434284033,0.014573878610986519,0.0,0.0,0.1224416654316015,-0.9924757118269121,-0.2454993763006963,-7.031857826741439e-06,-5.861591153037501e-05
164.216666666,-0.008823903525341266,0.014573585492655335,0.0,0.0,0.12243667649426038,-0.9924763272990645,-0.24548932278354774,7.236421397693884e-05,0.0006032110530316246
164.233333333,-0.008827710886037022,0.014574539465070587,0.0,0.0,0.12245291256521135,-0.9924743242040556,-0.2455220411202748,-0.00023550331121579586,-0.0019631001643462334
164.25,-0.008829554613006451,0.014575001476936562,0.0,0.0,0.12246077497215756,-0.9924733540973373,-0.24553788517910236,-0.00011404394875360028,-0.0009506435106372713
164.266666666,-0.008827702618186592,0.014574537393334289,0.0,0.0,0.12245287730776382,-0.9924743285541696,-0.24552197007068371,0.000114555363468989,0.0009549065433167092
164.3,-0.008826731144736333,0.014574293968408899,0.0,0.0,0.12244873455659976,-0.9924748396838519,-0.24551362174372332,3.0045210714233257e-05,0.0002504498038113888
164.316666666,-0.008830145761583703,0.014575149616970626,0.0,0.0,0.1224632958767937,-0.9924730430409648,-0.24554296522487043,-0.0002112114513959485,-0.0017606089392401825
164.333333333,-0.008829418193997258,0.014574967291201356,0.0,0.0,0.12246019322482214,-0.9924734258786676,-0.24553671286084922,4.500389009110684e-05,0.0003751418337940803
164.35,-0.008827586868265217,0.014574508389087824,0.0,0.0,0.12245238370348212,-0.9924743894556348,-0.2455209753764083,0.00011327683699087685,0.0009442490475628463
164.366666666,-0.00882816975150519,0.01457465444735615,0.0,0.0,0.12245486935330889,-0.9924740827707613,-0.24552598437258435,-3.6054255020373766e-05,-0.00030053978260637495
164.4,-0.008828645152187594,0.014574773575055877,0.0,0.0,0.12245689665579071,-0.9924738326330992,-0.2455300697240761,-1.4702975455901382e-05,-0.00012256054229067964
164.416666666,-0.00882775222528706,0.014574549823760911,0.0,0.0,0.12245308885244713,-0.9924743024534664,-0.24552239636823114,5.523205024397684e-05,0.0004604013690991276
164.433333333,-0.008826958511045238,0.01457435093947303,0.0,0.0,0.12244970413685081,-0.9924747200593059,-0.2455155756074803,4.9095152826662e-05,0.00040924563686626933
164.45,-0.008828884919303675,0.014574833657589046,0.0,0.0,0.1224579191211964,-0.9924737064751421,-0.24553213016221978,-0.00011915802717324743,-0.0009932732644792016
164.466666666,-0.008827756359211868,0.014574550859630754,0.0,0.0,0.12245310648117046,-0.9924743002784058,-0.24552243189302672,6.980717461379614e-05,0.0005818961748326274
164.5,-0.008826689805395612,0.014574283610081364,0.0,0.0,0.12244855826926898,-0.9924748614336675,-0.24551326649576782,3.298580580544166e-05,0.00027496191226975914
