t,x,y,z,qx,qy,qz,qw,yaw,left_q,left_v,left_target,right_q,right_v,right_target
1762.6833333333334,3.5415878295898438,1.550714373588562,-0.004360847175121307,0.0028525583911687136,-0.008215818554162979,0.3330874443054199,0.9428557753562927,0.6791797440883611,2.098245620727539,0.00886086281388998,0.0,-2.307626724243164,0.01176958903670311,0.0
1762.7,3.5415875911712646,1.5507134199142456,-0.0043373554944992065,0.0027905211318284273,-0.008086491376161575,0.3330870568752289,0.9428572654724121,0.679178329619117,2.0982778072357178,-0.04808036983013153,0.0,-2.3076159954071045,0.04201046749949455,0.0
1762.7166666666667,3.5415802001953125,1.5507080554962158,-0.004363633692264557,0.0028714819345623255,-0.008269420824944973,0.3330879509449005,0.9428551197052002,0.6791812005115648,2.097949743270874,0.008402049541473389,0.0,-2.3079211711883545,0.012400571256875992,0.0
1762.7333333333333,3.541579008102417,1.5507069826126099,-0.0043355002999305725,0.002787654986605048,-0.008079099468886852,0.33308732509613037,0.9428572058677673,0.6791788348373421,2.0979866981506348,-0.04963472858071327,0.0,-2.3079001903533936,0.0419599786400795,0.0
1762.75,3.541571855545044,1.5507014989852905,-0.004364185035228729,0.002871382050216198,-0.008268952369689941,0.3330881893634796,0.9428550004959106,0.6791816817968512,2.09765625,0.011179331690073013,0.0,-2.308208465576172,0.014509608037769794,0.0
1762.7666666666667,3.5415704250335693,1.550700068473816,-0.004335299134254456,0.002787797013297677,-0.00807906687259674,0.33308833837509155,0.9428568482398987,0.6791809822432082,2.0976834297180176,-0.050311263650655746,0.0,-2.3081912994384766,0.04281136766076088,0.0
1762.7833333333333,3.5415639877319336,1.5506949424743652,-0.0043642595410346985,0.0028715021908283234,-0.00826944038271904,0.3330892026424408,0.9428547024726868,0.6791838688370208,2.0973498821258545,0.012641601264476776,0.0,-2.3084945678710938,0.015666676685214043,0.0
1762.8,3.5415632724761963,1.5506939888000488,-0.004335351288318634,0.002787709468975663,-0.008078967221081257,0.3330881595611572,0.9428569078445435,0.6791806005744836,2.097395658493042,-0.05012229457497597,0.0,-2.3084776401519775,0.04124322533607483,0.0
1762.8166666666666,3.541555881500244,1.5506882667541504,-0.0043642520904541016,0.0028719669207930565,-0.008270072750747204,0.3330897092819214,0.9428545236587524,0.6791849480343749,2.097060441970825,0.010942768305540085,0.0,-2.3087849617004395,0.014244655147194862,0.0
1762.8333333333333,3.5415549278259277,1.5506869554519653,-0.004335321485996246,0.0027871725615113974,-0.00807800143957138,0.33308878540992737,0.9428567886352539,0.679181972384704,2.0970993041992188,-0.05002150684595108,0.0,-2.308765172958374,0.04108887165784836,0.0
1762.85,3.5415477752685547,1.5506819486618042,-0.004364266991615295,0.0028713063802570105,-0.008268618956208229,0.33308956027030945,0.9428545832633972,0.6791846203211365,2.0967676639556885,0.011114154011011124,0.0,-2.309077501296997,0.014072129502892494,0.0
1762.8666666666666,3.5415456295013428,1.550681233406067,-0.004335172474384308,0.0027900435961782932,-0.008078275248408318,0.3330867290496826,0.9428574442863464,0.6791775416536304,2.0968120098114014,-0.04866331070661545,0.0,-2.3090696334838867,0.0427093468606472,0.0
1762.8833333333334,3.541538715362549,1.5506752729415894,-0.004360698163509369,0.00285160425119102,-0.008210742846131325,0.3330914080142975,0.9428544640541077,0.6791881287066168,2.0964512825012207,0.005807509180158377,0.0,-2.3093621730804443,0.020652825012803078,0.0
1762.9,3.5415377616882324,1.5506746768951416,-0.004337325692176819,0.002792657818645239,-0.00808542501181364,0.33308979868888855,0.9428563117980957,0.6791841098359608,2.0964958667755127,-0.047829270362854004,0.0,-2.3093461990356445,0.04681377485394478,0.0
1762.9166666666667,3.5415303707122803,1.5506688356399536,-0.004363402724266052,0.002869830233976245,-0.008262974210083485,0.33309435844421387,0.9428528547286987,0.679194708705125,2.096141815185547,0.014871020801365376,0.0,-2.3096280097961426,0.029585350304841995,0.0
1762.9333333333334,3.541529893875122,1.550667643547058,-0.004335425794124603,0.0027900547720491886,-0.008078387007117271,0.33309346437454224,0.9428550004959106,0.6791917980454624,2.0961639881134033,-0.04770967736840248,0.0,-2.3096282482147217,0.050576306879520416,0.0
1762.95,3.5415220260620117,1.5506622791290283,-0.004364050924777985,0.002869449323043227,-0.008261919021606445,0.33309873938560486,0.9428513646125793,0.6792040199386533,2.095813035964966,0.02551315911114216,0.0,-2.309899091720581,0.03965075686573982,0.0
1762.9666666666667,3.5415210723876953,1.5506608486175537,-0.004335179924964905,0.002790027530863881,-0.008077763952314854,0.33309847116470337,0.9428532719612122,0.6792024306039833,2.095827341079712,-0.04879067465662956,0.0,-2.3098926544189453,0.05088749900460243,0.0
1762.9833333333333,3.5415139198303223,1.550655722618103,-0.004364095628261566,0.0028693918138742447,-0.0082622105255723,0.33310359716415405,0.9428496956825256,0.6792143551809162,2.095477819442749,0.025450758635997772,0.0,-2.310166597366333,0.038792066276073456,0.0
1763.0,3.541513442993164,1.5506545305252075,-0.004335217177867889,0.0027898468542844057,-0.0080781364813447,0.333102822303772,0.9428516626358032,0.6792116318443405,2.0955088138580322,-0.04970008134841919,0.0,-2.3101491928100586,0.048778507858514786,0.0
1763.0166666666667,3.5415055751800537,1.5506486892700195,-0.0043640583753585815,0.0028695669025182724,-0.00826218444854021,0.3331076502799988,0.9428482055664062,0.6792229206017717,2.095158576965332,0.02242797240614891,0.0,-2.310431718826294,0.03465999290347099,0.0
1763.0333333333333,3.541504383087158,1.550647497177124,-0.004335224628448486,0.0027901981957256794,-0.008078435435891151,0.33310651779174805,0.9428504109382629,0.6792194996779825,2.0951802730560303,-0.04821203649044037,0.0,-2.3104281425476074,0.04912499710917473,0.0
1763.05,3.541496992111206,1.5506418943405151,-0.004360705614089966,0.0028504417277872562,-0.008207815699279308,0.3331115245819092,0.9428473114967346,0.6792307475601648,2.0948305130004883,0.007094041910022497,0.0,-2.310703754425049,0.02065007947385311,0.0
1763.0666666666666,3.541496753692627,1.5506410598754883,-0.004337318241596222,0.0027929299976676702,-0.008086101152002811,0.3331102430820465,0.9428489804267883,0.6792274311924038,2.094865322113037,-0.04621902108192444,0.0,-2.310695171356201,0.048883743584156036,0.0
1763.0833333333333,3.5414888858795166,1.5506353378295898,-0.00436004251241684,0.0028501260094344616,-0.008207089267671108,0.3331148326396942,0.9428461790084839,0.6792377763327526,2.0945217609405518,0.006853919941931963,0.0,-2.3109688758850098,0.020559027791023254,0.0
1763.1,3.541487455368042,1.5506348609924316,-0.004337511956691742,0.0027928557246923447,-0.008085925132036209,0.33311378955841064,0.9428477883338928,0.679234984331703,2.09454607963562,-0.04526376724243164,0.0,-2.310959577560425,0.049757130444049835,0.0
1763.1166666666666,3.5414810180664062,1.5506291389465332,-0.0043633803725242615,0.0028690651524811983,-0.008260691538453102,0.3331177234649658,0.9428446888923645,0.6792442938586767,2.0942130088806152,0.018886948004364967,0.0,-2.31123685836792,0.03239855542778969,0.0
1763.1333333333334,3.541480541229248,1.5506281852722168,-0.004335410892963409,0.0027899909764528275,-0.008078422397375107,0.33311715722084045,0.9428465962409973,0.6792420435121372,2.0942320823669434,-0.04756638780236244,0.0,-2.3112363815307617,0.05105867236852646,0.0
1763.15,3.541473388671875,1.5506224632263184,-0.004364036023616791,0.002869316143915057,-0.008260942995548248,0.33312103152275085,0.9428433775901794,0.6792512385660807,2.0938937664031982,0.02631143108010292,0.0,-2.311509847640991,0.037889037281274796,0.0
1763.1666666666667,3.5414724349975586,1.550621747970581,-0.004335269331932068,0.0027898780535906553,-0.008077722042798996,0.33311882615089417,0.9428460597991943,0.6792456017937135,2.0939383506774902,-0.04840586334466934,0.0,-2.3115034103393555,0.04743017256259918,0.0
1763.1833333333334,3.5414652824401855,1.5506160259246826,-0.004364103078842163,0.002870555967092514,-0.008263751864433289,0.3331228196620941,0.9428429007530212,0.6792551421020602,2.093592643737793,0.02103394642472267,0.0,-2.311785936355591,0.032848186790943146,0.0
1763.2,3.541463613510132,1.5506147146224976,-0.004335217177867889,0.002789592370390892,-0.008077987469732761,0.3331215977668762,0.9428451061248779,0.6792515025671486,2.09362530708313,-0.04898179695010185,0.0,-2.311777353286743,0.04780855402350426,0.0
1763.2166666666667,3.541456937789917,1.5506095886230469,-0.004364088177680969,0.0028704593423753977,-0.008264189586043358,0.33312514424324036,0.9428420066833496,0.6792600441468011,2.0932822227478027,0.021196188405156136,0.0,-2.3120620250701904,0.032039619982242584,0.0
1763.2333333333333,3.5414562225341797,1.5506083965301514,-0.004335246980190277,0.002789295744150877,-0.008076826110482216,0.333124041557312,0.9428442716598511,0.6792566870243116,2.0933213233947754,-0.04971050098538399,0.0,-2.3120460510253906,0.046986814588308334,0.0
1763.25,3.5414488315582275,1.550602912902832,-0.004364080727100372,0.002870722208172083,-0.00826446246355772,0.3331279456615448,0.9428409934043884,0.6792659759987897,2.0929720401763916,0.01945754699409008,0.0,-2.312331438064575,0.030456313863396645,0.0
1763.2666666666667,3.541447639465332,1.550601840019226,-0.004335224628448486,0.002789458492770791,-0.008077472448348999,0.3331265449523926,0.9428433775901794,0.6792620010258084,2.0930142402648926,-0.049267783761024475,0.0,-2.3123247623443604,0.046996358782052994,0.0
1763.2833333333333,3.541440725326538,1.5505963563919067,-0.0043640658259391785,0.00287056271918118,-0.008264027535915375,0.3331298530101776,0.9428403377532959,0.6792700266988506,2.0926716327667236,0.020235750824213028,0.0,-2.312612533569336,0.030636508017778397,0.0
1763.3,3.5414397716522217,1.5505952835083008,-0.004335224628448486,0.002789122750982642,-0.00807630829513073,0.33312833309173584,0.9428428411483765,0.6792658294571451,2.092707395553589,-0.04884738102555275,0.0,-2.3126027584075928,0.046870242804288864,0.0
1763.3166666666666,3.5414321422576904,1.5505897998809814,-0.004364073276519775,0.002870510797947645,-0.008263656869530678,0.3331317603588104,0.9428396821022034,0.6792740770684181,2.0923664569854736,0.020436635240912437,0.0,-2.3128926753997803,0.030784497037529945,0.0
1763.3333333333333,3.541430950164795,1.5505883693695068,-0.004335157573223114,0.0027891516219824553,-0.008077346719801426,0.33313190937042236,0.9428414106369019,0.6792733458463546,2.092377185821533,-0.04886306822299957,0.0,-2.312878370285034,0.04850003868341446,0.0
1763.35,3.541424036026001,1.5505833625793457,-0.0043640583753585815,0.00286998157389462,-0.008262285962700844,0.33313512802124023,0.9428384900093079,0.6792812045984528,2.0920422077178955,0.022345490753650665,0.0,-2.3131661415100098,0.03196629136800766,0.0
1763.3666666666666,3.5414230823516846,1.550581932067871,-0.00433523952960968,0.0027895935345441103,-0.008078384213149548,0.3331349492073059,0.9428404569625854,0.6792798679864794,2.0920681953430176,-0.04970983788371086,0.0,-2.3131496906280518,0.04773343354463577,0.0
1763.3833333333334,3.5414156913757324,1.550576090812683,-0.00436064600944519,0.002851651282981038,-0.00820956937968731,0.33313846588134766,0.9428377747535706,0.679287904657316,2.0917277336120605,0.00795662123709917,0.0,-2.313438653945923,0.0178384929895401,0.0
1763.4,3.541414976119995,1.5505752563476562,-0.004337288439273834,0.0027920822612941265,-0.008084669709205627,0.3331367075443268,0.9428397417068481,0.6792836184752249,2.091765880584717,-0.04582592472434044,0.0,-2.3134307861328125,0.046496953815221786,0.0
1763.4166666666667,3.541408061981201,1.550570011138916,-0.004363462328910828,0.0028705717995762825,-0.008262957446277142,0.3331396281719208,0.9428368806838989,0.6792907446665163,2.0914323329925537,0.01579008623957634,0.0,-2.3137149810791016,0.0268509853631258,0.0
1763.4333333333334,3.5414068698883057,1.55056893825531,-0.004335410892963409,0.002789329504594207,-0.008077535778284073,0.3331383466720581,0.9428391456604004,0.6792870076876053,2.091464042663574,-0.04790347069501877,0.0,-2.313706636428833,0.04750226065516472,0.0
1763.45,3.5413997173309326,1.5505638122558594,-0.004364036023616791,0.0028707708697766066,-0.00826314091682434,0.33314135670661926,0.942836344242096,0.67929445057609,2.091129779815674,0.020599713549017906,0.0,-2.3139922618865967,0.030030112713575363,0.0
1763.4666666666667,3.541398763656616,1.5505625009536743,-0.004335187375545502,0.0027896848041564226,-0.008078181184828281,0.333141565322876,0.9428380131721497,0.6792938440745225,2.0911548137664795,-0.04998847469687462,0.0,-2.3139760494232178,0.047740962356328964,0.0
1763.4833333333333,3.541391372680664,1.5505563020706177,-0.004360698163509369,0.002851406577974558,-0.00820909347385168,0.3331449031829834,0.9428355693817139,0.6793015921535803,2.090813159942627,0.00792952161282301,0.0,-2.3142623901367188,0.017385443672537804,0.0
1763.5,3.5413906574249268,1.5505553483963013,-0.00433725118637085,0.002791851293295622,-0.008084428496658802,0.3331432044506073,0.9428374767303467,0.6792974160000294,2.090839385986328,-0.04475093632936478,0.0,-2.314269542694092,0.047727007418870926,0.0
1763.5166666666667,3.541383743286133,1.5505503416061401,-0.004363492131233215,0.0028708078898489475,-0.008262533694505692,0.3331456482410431,0.942834734916687,0.6793034961736579,2.0905117988586426,0.01866581290960312,0.0,-2.3145506381988525,0.029054326936602592,0.0
1763.5333333333333,3.5413818359375,1.5505493879318237,-0.004335440695285797,0.002789802150800824,-0.008078627288341522,0.33314383029937744,0.9428372383117676,0.6792986678590793,2.0905518531799316,-0.04760546237230301,0.0,-2.314542770385742,0.046654608100652695,0.0
1763.55,3.5413753986358643,1.5505441427230835,-0.004363991320133209,0.002871328266337514,-0.008264485746622086,0.33314648270606995,0.9428345561027527,0.6793053517199805,2.0902178287506104,0.018955860286951065,0.0,-2.314830780029297,0.028536200523376465,0.0
1763.5666666666666,3.541374683380127,1.5505428314208984,-0.0043352022767066956,0.0027894750237464905,-0.00807834230363369,0.33314624428749084,0.9428362846374512,0.6793037362747657,2.0902488231658936,-0.04996985197067261,0.0,-2.314814567565918,0.04696829617023468,0.0
1763.5833333333333,3.5413670539855957,1.550536870956421,-0.004360668361186981,0.002851830329746008,-0.00820981990545988,0.3331494927406311,0.9428339004516602,0.679311310411106,2.089909791946411,0.00806228443980217,0.0,-2.3151066303253174,0.017216045409440994,0.0
1763.6,3.5413663387298584,1.5505362749099731,-0.0043372586369514465,0.002792094834148884,-0.008085032925009727,0.3331478536128998,0.942835807800293,0.6793072718154044,2.0899407863616943,-0.04563698545098305,0.0,-2.315100908279419,0.04640138894319534,0.0
1763.6166666666666,3.5413596630096436,1.550531029701233,-0.004363492131233215,0.0028709464240819216,-0.008263583295047283,0.3331504464149475,0.9428330659866333,0.679313704210622,2.089609146118164,0.016079962253570557,0.0,-2.31538724899292,0.02673177607357502,0.0
1763.6333333333334,3.54135799407959,1.550529956817627,-0.004335418343544006,0.002789457095786929,-0.008078045211732388,0.333149254322052,0.94283527135849,0.6793101433712734,2.0896494388580322,-0.04894477501511574,0.0,-2.315368890762329,0.04627944901585579,0.0
1763.65,3.541351795196533,1.5505245923995972,-0.004363998770713806,0.002871009986847639,-0.008263884112238884,0.3331519663333893,0.9428325891494751,0.6793169639226371,2.089317560195923,0.0185670368373394,0.0,-2.315662145614624,0.026529736816883087,0.0
1763.6666666666667,3.5413506031036377,1.5505231618881226,-0.004335321485996246,0.002789383754134178,-0.0080784996971488,0.3331505358219147,0.9428348541259766,0.6793128885921949,2.0893616676330566,-0.049639105796813965,0.0,-2.315639019012451,0.04440784454345703,0.0
1763.6833333333334,3.5413436889648438,1.5505176782608032,-0.004364021122455597,0.0028715147636830807,-0.008266061544418335,0.3331524431705475,0.9428322911262512,0.6793179373522655,2.089028835296631,0.01640378125011921,0.0,-2.315941572189331,0.023455539718270302,0.0
1763.7,3.541342258453369,1.5505164861679077,-0.004335291683673859,0.00278956675902009,-0.008078750222921371,0.33315035700798035,0.9428349137306213,0.6793125090961454,2.089061737060547,-0.04766186326742172,0.0,-2.315945863723755,0.0457911416888237,0.0
1763.7166666666667,3.541334867477417,1.550511121749878,-0.004360690712928772,0.002851885976269841,-0.008209429681301117,0.33315232396125793,0.9428329467773438,0.6793173338367812,2.088733434677124,0.008067733608186245,0.0,-2.3162386417388916,0.01556746382266283,0.0
1763.7333333333333,3.5413341522216797,1.550510048866272,-0.004337288439273834,0.002791882026940584,-0.008085140027105808,0.3331514298915863,0.9428345561027527,0.6793148691908361,2.088759183883667,-0.046245165169239044,0.0,-2.316227674484253,0.045938558876514435,0.0
1763.75,3.5413272380828857,1.5505049228668213,-0.004363417625427246,0.00287072965875268,-0.00826313067227602,0.3331539034843445,0.942831814289093,0.6793210179268312,2.0884299278259277,0.014676361344754696,0.0,-2.316516637802124,0.023769015446305275,0.0
1763.7666666666667,3.5413260459899902,1.5505036115646362,-0.004335381090641022,0.0027894724626094103,-0.008077999576926231,0.33315277099609375,0.9428340196609497,0.6793175980756877,2.088465452194214,-0.04833988845348358,0.0,-2.3165125846862793,0.046968743205070496,0.0
1763.7833333333333,3.5413193702697754,1.5504980087280273,-0.004364036023616791,0.002870847238227725,-0.00826330203562975,0.33315518498420715,0.9428313970565796,0.6793237562762268,2.0881316661834717,0.020149333402514458,0.0,-2.316796064376831,0.027741000056266785,0.0
1763.8,3.54131817817688,1.5504968166351318,-0.0043352022767066956,0.0027893404476344585,-0.008077653124928474,0.3331526517868042,0.9428340196609497,0.6793173194732313,2.088175058364868,-0.04766310006380081,0.0,-2.3168036937713623,0.04564383998513222,0.0
1763.8166666666666,3.5413105487823486,1.5504920482635498,-0.004364125430583954,0.0028711932245641947,-0.008264156058430672,0.3331547677516937,0.9428316354751587,0.6793229277927605,2.087841749191284,0.0199638269841671,0.0,-2.3170948028564453,0.027934446930885315,0.0
1763.8333333333333,3.541309356689453,1.5504907369613647,-0.004335157573223114,0.0027892820071429014,-0.008077716454863548,0.33315524458885193,0.9428331255912781,0.679322833101606,2.0878570079803467,-0.0499640591442585,0.0,-2.31707763671875,0.0473443977534771,0.0
1763.85,3.5413029193878174,1.5504850149154663,-0.0043640583753585815,0.002871122909709811,-0.00826445035636425,0.3331582248210907,0.9428303837776184,0.6793302518239209,2.0875210762023926,0.01928805187344551,0.0,-2.317369222640991,0.027411779388785362,0.0
1763.8666666666666,3.5413014888763428,1.5504839420318604,-0.0043352022767066956,0.0027892757207155228,-0.008077462203800678,0.33315691351890564,0.9428325891494751,0.679326397252771,2.087557554244995,-0.04916662350296974,0.0,-2.317359209060669,0.04586134850978851,0.0
1763.8833333333334,3.541295051574707,1.550478458404541,-0.004364073276519775,0.0028713406063616276,-0.008264517411589622,0.3331593871116638,0.942829966545105,0.6793327124585199,2.08722186088562,0.018365945667028427,0.0,-2.317652940750122,0.0263576228171587,0.0
1763.9,3.5412943363189697,1.5504775047302246,-0.004335224628448486,0.0027895192615687847,-0.0080779530107975,0.3331574499607086,0.942832350730896,0.6793275147114839,2.087266683578491,-0.04896829277276993,0.0,-2.3176422119140625,0.04478910192847252,0.0
1763.9166666666667,3.5412867069244385,1.5504722595214844,-0.004364117980003357,0.0028716400265693665,-0.008264855481684208,0.33315953612327576,0.9428297877311707,0.679332964828394,2.0869345664978027,0.018860120326280594,0.0,-2.3179399967193604,0.025329941883683205,0.0
1763.9333333333334,3.541285991668701,1.5504711866378784,-0.004335194826126099,0.002789761172607541,-0.00807819701731205,0.3331589102745056,0.942831814289093,0.6793306029180325,2.0869669914245605,-0.05009312927722931,0.0,-2.3179211616516113,0.04488436132669449,0.0
1763.95,3.5412778854370117,1.5504649877548218,-0.004360705614089966,0.002852422185242176,-0.00821092538535595,0.3331611752510071,0.9428297281265259,0.6793360814363314,2.0866308212280273,0.008221384137868881,0.0,-2.3182196617126465,0.01506061851978302,0.0
1763.9666666666667,3.5412776470184326,1.5504642724990845,-0.004337213933467865,0.0027916033286601305,-0.008084069006145,0.3331599235534668,0.9428315758705139,0.6793328851401572,2.086653470993042,-0.045498382300138474,0.0,-2.3182218074798584,0.04609940946102142,0.0
1763.9833333333333,3.5412702560424805,1.5504587888717651,-0.004363551735877991,0.0028710165061056614,-0.008263354189693928,0.3331615626811981,0.9428291320800781,0.6793372789313651,2.0863301753997803,0.01690194383263588,0.0,-2.3185112476348877,0.02509458176791668,0.0
1764.0,3.5412685871124268,1.5504573583602905,-0.004335388541221619,0.002789657097309828,-0.008078648708760738,0.3331603407859802,0.9428313374519348,0.6793336610124016,2.086364269256592,-0.04831254854798317,0.0,-2.318502426147461,0.04611915722489357,0.0
1764.0166666666667,3.54126238822937,1.5504525899887085,-0.004363991320133209,0.002871242817491293,-0.008264444768428802,0.33316248655319214,0.9428287744522095,0.679339237579813,2.0860352516174316,0.018176482990384102,0.0,-2.318798303604126,0.0258029792457819,0.0
1764.0333333333333,3.541262149810791,1.5504515171051025,-0.004335261881351471,0.0027895625680685043,-0.008078737184405327,0.3331615626811981,0.9428309202194214,0.6793362633107913,2.086078405380249,-0.05037606135010719,0.0,-2.3187742233276367,0.044638581573963165,0.0
1764.05,3.5412545204162598,1.5504460334777832,-0.0043640658259391785,0.0028717818204313517,-0.008265591226518154,0.3331638276576996,0.942828357219696,0.6793421237923385,2.085742235183716,0.01697922684252262,0.0,-2.319075584411621,0.02310142107307911,0.0
1764.0666666666666,3.541253089904785,1.5504449605941772,-0.00433523952960968,0.0027891637291759253,-0.008077521808445454,0.33316272497177124,0.9428305625915527,0.6793387421589704,2.08577823638916,-0.0496404655277729,0.0,-2.3190581798553467,0.044281452894210815,0.0
1764.0833333333333,3.541246175765991,1.5504392385482788,-0.0043640658259391785,0.0028717336244881153,-0.008266108110547066,0.3331644833087921,0.9428280591964722,0.6793434893710063,2.085444927215576,0.016280049458146095,0.0,-2.3193588256835938,0.02249056287109852,0.0
1764.1,3.541245222091675,1.5504381656646729,-0.004335165023803711,0.002789280377328396,-0.008077932521700859,0.33316323161125183,0.9428303241729736,0.6793397912553658,2.085472583770752,-0.048887938261032104,0.0,-2.319352626800537,0.04527595639228821,0.0
1764.1166666666666,3.541238307952881,1.550432801246643,-0.00436411052942276,0.0028714609798043966,-0.00826504360884428,0.33316510915756226,0.9428278803825378,0.6793448251725477,2.085143804550171,0.01910313218832016,0.0,-2.3196520805358887,0.025338293984532356,0.0
1764.1333333333334,3.5412373542785645,1.5504322052001953,-0.004335254430770874,0.002789474092423916,-0.008078156970441341,0.3331633508205414,0.9428303241729736,0.6793400671371203,2.0851967334747314,-0.050186529755592346,0.0,-2.319633960723877,0.04340048506855965,0.0
1764.15,3.5412302017211914,1.5504266023635864,-0.0043640658259391785,0.0028720840346068144,-0.008266293443739414,0.33316510915756226,0.9428278803825378,0.6793448375389914,2.0848593711853027,0.015358656644821167,0.0,-2.3199353218078613,0.021490609273314476,0.0
1764.1666666666667,3.541229248046875,1.550425410270691,-0.0043352022767066956,0.0027895173989236355,-0.008078052662312984,0.33316469192504883,0.9428298473358154,0.6793429084613933,2.084897041320801,-0.05089040845632553,0.0,-2.3199124336242676,0.044242653995752335,0.0
1764.1833333333334,3.541221857070923,1.5504196882247925,-0.0043640658259391785,0.0028719501569867134,-0.008266212418675423,0.3331664502620697,0.9428273439407349,0.6793476505897235,2.084561824798584,0.016567928716540337,0.0,-2.320216178894043,0.022061049938201904,0.0
1764.2,3.5412213802337646,1.550418496131897,-0.004335179924964905,0.0027890047058463097,-0.008077255450189114,0.33316516876220703,0.9428297281265259,0.6793439393115785,2.0845894813537598,-0.04856264963746071,0.0,-2.320211172103882,0.0449536107480526,0.0
1764.2166666666667,3.5412135124206543,1.5504132509231567,-0.004364088177680969,0.0028716048691421747,-0.008264249190688133,0.33316710591316223,0.9428272247314453,0.6793490722614831,2.0842626094818115,0.018690915778279305,0.0,-2.3205113410949707,0.0245952270925045,0.0
1764.2333333333333,3.541212558746338,1.5504122972488403,-0.004335254430770874,0.0027895590756088495,-0.008078750222921371,0.3331664800643921,0.9428293108940125,0.6793467619611966,2.0842909812927246,-0.04937346652150154,0.0,-2.320497751235962,0.0450487844645977,0.0
1764.25,3.541205406188965,1.5504064559936523,-0.004360690712928772,0.002852680627256632,-0.008210994303226471,0.33316805958747864,0.9428273439407349,0.6793507090858262,2.0839600563049316,0.00818771030753851,0.0,-2.32079815864563,0.014603761956095695,0.0
1764.2666666666667,3.5412046909332275,1.5504058599472046,-0.004337280988693237,0.0027920419815927744,-0.00808532815426588,0.3331669569015503,0.9428290724754333,0.6793478111166278,2.084000587463379,-0.047438569366931915,0.0,-2.3207807540893555,0.04402108117938042,0.0
1764.2833333333333,3.5411972999572754,1.5504001379013062,-0.004363410174846649,0.00287149497307837,-0.008264581672847271,0.33316802978515625,0.9428268671035767,0.679351022881895,2.083677291870117,0.012942821718752384,0.0,-2.32108473777771,0.019267525523900986,0.0
1764.3,3.541196584701538,1.5503987073898315,-0.004335366189479828,0.0027896547690033913,-0.008079064078629017,0.33316758275032043,0.942828893661499,0.6793490907422821,2.083692789077759,-0.048138972371816635,0.0,-2.321074962615967,0.0462336428463459,0.0
1764.3166666666666,3.5411887168884277,1.5503931045532227,-0.004360660910606384,0.0028522093780338764,-0.008209732361137867,0.3331694006919861,0.9428268671035767,0.6793535382201141,2.0833683013916016,0.008655776269733906,0.0,-2.3213722705841064,0.014717367477715015,0.0
1764.3333333333333,3.5411880016326904,1.5503920316696167,-0.004337295889854431,0.0027917674742639065,-0.008085331879556179,0.3331686556339264,0.9428285360336304,0.6793514514733472,2.0833895206451416,-0.04585977643728256,0.0,-2.321361780166626,0.0454748310148716,0.0
1764.35,3.5411815643310547,1.5503871440887451,-0.004363410174846649,0.0028711636550724506,-0.008263606578111649,0.3331701159477234,0.9428260922431946,0.6793554173910676,2.0830705165863037,0.014809190295636654,0.0,-2.321660041809082,0.021861325949430466,0.0
1764.3666666666666,3.5411806106567383,1.5503861904144287,-0.004335574805736542,0.00279006315395236,-0.008079844526946545,0.3331686854362488,0.9428285360336304,0.679351453946984,2.0831196308135986,-0.04953598976135254,0.0,-2.3216373920440674,0.04407127574086189,0.0
1764.3833333333334,3.541173219680786,1.5503802299499512,-0.004360608756542206,0.0028525053057819605,-0.008210904896259308,0.3331703245639801,0.9428265690803528,0.6793555281215863,2.0827865600585938,0.008285727351903915,0.0,-2.321939468383789,0.014206670224666595,0.0
1764.4,3.5411720275878906,1.5503795146942139,-0.004337340593338013,0.0027922922745347023,-0.008086198009550571,0.33316856622695923,0.9428284168243408,0.6793511908513491,2.082824945449829,-0.046502549201250076,0.0,-2.3219311237335205,0.04397839307785034,0.0
1764.4166666666667,3.5411646366119385,1.5503737926483154,-0.004359975457191467,0.0028521933127194643,-0.008209922350943089,0.3331698179244995,0.9428267478942871,0.6793544412728995,2.0825035572052,0.007632700726389885,0.0,-2.3222336769104004,0.014331229031085968,0.0
1764.4333333333334,3.5411646366119385,1.5503729581832886,-0.004337497055530548,0.002792632207274437,-0.008087199181318283,0.33316943049430847,0.9428281188011169,0.679353039886031,2.0825231075286865,-0.04630584642291069,0.0,-2.3222248554229736,0.04608035460114479,0.0
1764.45,3.541156768798828,1.5503672361373901,-0.004360005259513855,0.002852065023034811,-0.008209766820073128,0.3331713080406189,0.9428262710571289,0.679357627371166,2.0821986198425293,0.007751745171844959,0.0,-2.3225150108337402,0.015024352818727493,0.0
1764.4666666666667,3.541156530380249,1.5503662824630737,-0.004337497055530548,0.002792706713080406,-0.00808683130890131,0.3331702649593353,0.9428278207778931,0.6793548016999048,2.082231283187866,-0.04618456959724426,0.0,-2.322505474090576,0.045759789645671844,0.0
1764.4833333333333,3.5411489009857178,1.5503605604171753,-0.004359975457191467,0.0028516757301986217,-0.008209314197301865,0.33317166566848755,0.9428260326385498,0.6793583256091131,2.08191180229187,0.008216184563934803,0.0,-2.3227996826171875,0.01416194997727871,0.0
1764.5,3.5411479473114014,1.5503599643707275,-0.004337504506111145,0.0027924992609769106,-0.008086302317678928,0.33317017555236816,0.9428278803825378,0.6793546207090908,2.081942319869995,-0.04540068283677101,0.0,-2.322796583175659,0.04541100561618805,0.0
1764.5166666666667,3.5411412715911865,1.5503545999526978,-0.004363358020782471,0.0028715806547552347,-0.008264254778623581,0.3331712782382965,0.9428257346153259,0.6793579158605131,2.0816237926483154,0.01459993701428175,0.0,-2.323091983795166,0.021332206204533577,0.0
1764.5333333333333,3.541140556335449,1.5503535270690918,-0.004335463047027588,0.002789662918075919,-0.008079010993242264,0.333170086145401,0.9428279995918274,0.6793543956790519,2.0816636085510254,-0.048697326332330704,0.0,-2.3230743408203125,0.04457882046699524,0.0
1764.55,3.5411336421966553,1.550348162651062,-0.004364013671875,0.00287183141335845,-0.008265400305390358,0.33317139744758606,0.9428257346153259,0.6793582060506039,2.0813372135162354,0.017761368304491043,0.0,-2.323376178741455,0.023066632449626923,0.0
1764.5666666666666,3.5411322116851807,1.5503472089767456,-0.004335232079029083,0.0027892854996025562,-0.008077573962509632,0.3331696689128876,0.9428280591964722,0.6793534468125912,2.0813798904418945,-0.0492124930024147,0.0,-2.3233635425567627,0.043754369020462036,0.0
1764.5833333333333,3.5411252975463867,1.5503417253494263,-0.004364080727100372,0.0028719871770590544,-0.008266055956482887,0.333171010017395,0.9428257942199707,0.6793573527466812,2.081050395965576,0.017198733985424042,0.0,-2.323665142059326,0.022049354389309883,0.0
1764.6,3.5411245822906494,1.5503406524658203,-0.004335187375545502,0.00278943357989192,-0.008077694103121758,0.3331698477268219,0.9428279995918274,0.679353828068442,2.0810906887054443,-0.04987805336713791,0.0,-2.32365345954895,0.04403344914317131,0.0
1764.6166666666666,3.5411171913146973,1.5503352880477905,-0.004364103078842163,0.002871782286092639,-0.008265229873359203,0.33317163586616516,0.9428256154060364,0.6793586915704362,2.080756425857544,0.01725436933338642,0.0,-2.3239529132843018,0.022127782925963402,0.0
1764.6333333333334,3.5411157608032227,1.5503342151641846,-0.0043352022767066956,0.0027889537159353495,-0.008077112957835197,0.3331708610057831,0.9428277015686035,0.6793560055575912,2.0807909965515137,-0.04986334219574928,0.0,-2.3239383697509766,0.04426949471235275,0.0
1764.65,3.541109085083008,1.5503288507461548,-0.004364050924777985,0.0028717180248349905,-0.008265101350843906,0.3331722617149353,0.9428253173828125,0.679359978153552,2.080458402633667,0.016241997480392456,0.0,-2.3242404460906982,0.02176588401198387,0.0
1764.6666666666667,3.541107654571533,1.5503289699554443,-0.004335872828960419,0.0027889509219676256,-0.008080647327005863,0.33316609263420105,0.9428293704986572,0.6793459379160641,2.080538034439087,-0.043980538845062256,0.0,-2.324259042739868,0.04086977243423462,0.0
1764.6833333333334,3.541099786758423,1.5503231287002563,-0.0043643563985824585,0.0028717899695038795,-0.008269215002655983,0.33317050337791443,0.9428259134292603,0.6793563009888697,2.0801808834075928,0.009113983251154423,0.0,-2.3245482444763184,0.026760796085000038,0.0
1764.7,3.5410983562469482,1.550322413444519,-0.00433553010225296,0.0027891313657164574,-0.00807791668921709,0.33316880464553833,0.9428284764289856,0.67935167871486,2.08022403717041,-0.049818750470876694,0.0,-2.324535369873047,0.04570205137133598,0.0
1764.7166666666667,3.5410916805267334,1.550316333770752,-0.00436430424451828,0.0028703585267066956,-0.008268062025308609,0.3331749141216278,0.9428243637084961,0.679365662385452,2.0798492431640625,0.010676339268684387,0.0,-2.324817180633545,0.028479138389229774,0.0
1764.7333333333333,3.5410900115966797,1.5503156185150146,-0.00433553010225296,0.0027892007492482662,-0.008078057318925858,0.3331725001335144,0.9428271651268005,0.6793595170111825,2.0798981189727783,-0.04929183050990105,0.0,-2.324812412261963,0.04631610959768295,0.0
1764.75,3.5410830974578857,1.5503100156784058,-0.0043643563985824585,0.0028703908901661634,-0.008268051780760288,0.33317801356315613,0.9428232908248901,0.6793722487252538,2.079530715942383,0.012647125869989395,0.0,-2.3250925540924072,0.0293547585606575,0.0
1764.7666666666667,3.541081666946411,1.5503090620040894,-0.004335545003414154,0.002789233112707734,-0.00807866919785738,0.33317673206329346,0.9428256154060364,0.6793684760158438,2.079573154449463,-0.05049417167901993,0.0,-2.3250765800476074,0.046540793031454086,0.0
1764.7833333333333,3.541074752807617,1.5503028631210327,-0.004364334046840668,0.0028702954296022654,-0.008267901837825775,0.3331829309463501,0.9428216218948364,0.6793827151773312,2.0792019367218018,0.010973962023854256,0.0,-2.3253586292266846,0.0278257355093956,0.0
1764.8,3.5410733222961426,1.5503017902374268,-0.00433553010225296,0.002789811696857214,-0.008080178871750832,0.33318060636520386,0.9428241848945618,0.6793766801104478,2.079240322113037,-0.04857461899518967,0.0,-2.3253567218780518,0.046896256506443024,0.0
1764.8166666666666,3.541065216064453,1.5502960681915283,-0.004360981285572052,0.0028511586133390665,-0.008213629946112633,0.33318600058555603,0.9428209662437439,0.6793888125808342,2.0788798332214355,0.0059120552614331245,0.0,-2.325639009475708,0.021985070779919624,0.0
1764.8333333333333,3.541064739227295,1.5502949953079224,-0.004337519407272339,0.002792126964777708,-0.008085940033197403,0.3331860303878784,0.942822277545929,0.679388254671989,2.078890800476074,-0.04740365594625473,0.0,-2.3256306648254395,0.04960941523313522,0.0
1764.85,3.541057825088501,1.5502897500991821,-0.004363790154457092,0.002869807882234454,-0.008266096003353596,0.33319181203842163,0.9428184628486633,0.6794015222154095,2.0785365104675293,0.012447511777281761,0.0,-2.3259034156799316,0.02854566089808941,0.0
1764.8666666666666,3.5410568714141846,1.5502883195877075,-0.004335746169090271,0.002789444522932172,-0.008079007267951965,0.33319103717803955,0.9428205490112305,0.679398820486177,2.0785696506500244,-0.04936382547020912,0.0,-2.3258795738220215,0.04750538989901543,0.0
1764.8833333333334,3.5410497188568115,1.5502830743789673,-0.004364341497421265,0.0028703687712550163,-0.00826757587492466,0.3331966698169708,0.9428167343139648,0.6794118386337386,2.0782082080841064,0.012830815277993679,0.0,-2.3261559009552,0.027655882760882378,0.0
1764.9,3.541048765182495,1.5502821207046509,-0.004335537552833557,0.0027896540705114603,-0.008079336024820805,0.33319562673568726,0.9428188800811768,0.6794085352665057,2.078246831893921,-0.05009779706597328,0.0,-2.3261399269104004,0.0466991551220417,0.0
1764.9166666666667,3.541041135787964,1.5502763986587524,-0.004364319145679474,0.0028703396674245596,-0.008267529308795929,0.3332008719444275,0.9428151845932007,0.6794207194004847,2.0778872966766357,0.012364882975816727,0.0,-2.3264245986938477,0.026554858312010765,0.0
1764.9333333333334,3.5410408973693848,1.550275206565857,-0.004335492849349976,0.002789286896586418,-0.00807943381369114,0.33320045471191406,0.942817211151123,0.6794188031218604,2.0779075622558594,-0.04955926537513733,0.0,-2.326411247253418,0.04755445569753647,0.0
1764.95,3.5410330295562744,1.5502694845199585,-0.00436440110206604,0.0028707035817205906,-0.008267935365438461,0.33320584893226624,0.942813515663147,0.6794313265460347,2.077547788619995,0.013971743173897266,0.0,-2.3266892433166504,0.028174906969070435,0.0
1764.9666666666667,3.541032075881958,1.550268530845642,-0.004335522651672363,0.002789636142551899,-0.0080797728151083,0.33320409059524536,0.942815899848938,0.6794265038624823,2.0775928497314453,-0.049338143318891525,0.0,-2.3266842365264893,0.046192094683647156,0.0
1764.9833333333333,3.5410242080688477,1.550262689590454,-0.00436101108789444,0.002851843601092696,-0.008213733322918415,0.33320873975753784,0.9428130388259888,0.679437102192879,2.0772345066070557,0.006568232085555792,0.0,-2.3269662857055664,0.020518505945801735,0.0
1765.0,3.5410237312316895,1.5502617359161377,-0.004337571561336517,0.0027923728339374065,-0.0080870371311903,0.3332080543041229,0.9428144693374634,0.6794349789696169,2.0772669315338135,-0.04782600700855255,0.0,-2.3269541263580322,0.04676263406872749,0.0
1765.0166666666667,3.5410168170928955,1.5502562522888184,-0.004363745450973511,0.0028704479336738586,-0.008267749100923538,0.3332124352455139,0.942811131477356,0.6794452702292999,2.0769150257110596,0.00863394420593977,0.0,-2.327232599258423,0.022656966000795364,0.0
1765.0333333333333,3.541015863418579,1.550255298614502,-0.0043357014656066895,0.0027894212398678064,-0.008079340681433678,0.3332105278968811,0.9428136348724365,0.6794401613815613,2.0769591331481934,-0.04848671332001686,0.0,-2.327224016189575,0.04608862102031708,0.0
1765.05,3.541008472442627,1.550249695777893,-0.004364393651485443,0.002870977157726884,-0.008267845958471298,0.3332147002220154,0.9428103566169739,0.679450083395901,2.076608896255493,0.012717373669147491,0.0,-2.3275082111358643,0.02527128905057907,0.0
1765.0666666666666,3.541006565093994,1.5502485036849976,-0.004335522651672363,0.0027897688560187817,-0.008079810999333858,0.33321356773376465,0.9428126811981201,0.6794466760027671,2.076641798019409,-0.04899235814809799,0.0,-2.3275041580200195,0.04652410000562668,0.0
1765.0833333333333,3.540999412536621,1.5502424240112305,-0.004360973834991455,0.0028517614118754864,-0.008213961496949196,0.33321771025657654,0.9428098201751709,0.679456112616977,2.07629132270813,0.006730015855282545,0.0,-2.3277900218963623,0.020007299259305,0.0
1765.1,3.540998697280884,1.5502418279647827,-0.004337519407272339,0.0027921837754547596,-0.008087369613349438,0.33321651816368103,0.9428114295005798,0.6794529173067638,2.076310157775879,-0.04618391767144203,0.0,-2.327789545059204,0.04759960249066353,0.0
1765.1166666666666,3.540992021560669,1.550236463546753,-0.00436381995677948,0.002870735479518771,-0.008267597295343876,0.33322030305862427,0.9428084492683411,0.6794620065463214,2.075969696044922,0.011008890345692635,0.0,-2.3280696868896484,0.024339688941836357,0.0
1765.1333333333334,3.5409905910491943,1.550235390663147,-0.004335708916187286,0.0027896021492779255,-0.008080421015620232,0.33321908116340637,0.9428105354309082,0.6794582821829439,2.0760178565979004,-0.04964800179004669,0.0,-2.3280510902404785,0.04565182328224182,0.0
1765.15,3.5409836769104004,1.5502296686172485,-0.004364319145679474,0.0028715471271425486,-0.008269083686172962,0.3332231640815735,0.9428073763847351,0.679468057987107,2.0756654739379883,0.010978815145790577,0.0,-2.328338861465454,0.02336006425321102,0.0
1765.1666666666667,3.540982961654663,1.5502285957336426,-0.004335485398769379,0.002789194928482175,-0.008079073391854763,0.3332218825817108,0.9428096413612366,0.679464258712306,2.075695753097534,-0.048789627850055695,0.0,-2.3283298015594482,0.04588423669338226,0.0
1765.1833333333334,3.540975332260132,1.5502232313156128,-0.004364438354969025,0.0028713541105389595,-0.008268533274531364,0.33322593569755554,0.9428063035011292,0.6794738830673439,2.075345277786255,0.013077104464173317,0.0,-2.328612804412842,0.02501017414033413,0.0
1765.2,3.5409741401672363,1.5502219200134277,-0.0043354332447052,0.002789226593449712,-0.008078772574663162,0.33322572708129883,0.9428082704544067,0.6794724032382893,2.0753767490386963,-0.0503750815987587,0.0,-2.3285984992980957,0.04631137475371361,0.0
1765.2166666666667,3.5409669876098633,1.550216555595398,-0.004364445805549622,0.002871357835829258,-0.008269169367849827,0.3332294523715973,0.9428051710128784,0.6794814112620663,2.0750269889831543,0.012703857384622097,0.0,-2.328885078430176,0.023525936529040337,0.0
1765.2333333333333,3.540966033935547,1.5502151250839233,-0.004335440695285797,0.0027890438213944435,-0.008078918792307377,0.33322927355766296,0.9428070783615112,0.679479963469495,2.0750534534454346,-0.050034232437610626,0.0,-2.3288726806640625,0.04641466587781906,0.0
1765.25,3.5409586429595947,1.550209403038025,-0.004364416003227234,0.0028711920604109764,-0.008268646895885468,0.33323270082473755,0.9428039789199829,0.6794882736562494,2.0747084617614746,0.01303721684962511,0.0,-2.3291618824005127,0.023032868281006813,0.0
1765.2666666666667,3.5409579277038574,1.5502082109451294,-0.004335425794124603,0.002789004473015666,-0.008078809827566147,0.3332314193248749,0.9428062438964844,0.679484474992104,2.0747323036193848,-0.04824785888195038,0.0,-2.329162836074829,0.046245768666267395,0.0
1765.2833333333333,3.540950298309326,1.5502032041549683,-0.004364468157291412,0.0028715243097394705,-0.008268879726529121,0.33323433995246887,0.9428033232688904,0.6794917110180163,2.0743908882141113,0.01452395599335432,0.0,-2.3294503688812256,0.025061702355742455,0.0
1765.3,3.5409493446350098,1.5502018928527832,-0.004335477948188782,0.0027887264732271433,-0.00807800143957138,0.33323413133621216,0.9428053498268127,0.679490252498275,2.074430465698242,-0.05076957121491432,0.0,-2.329429864883423,0.044996075332164764,0.0
1765.3166666666666,3.5409421920776367,1.5501965284347534,-0.004364438354969025,0.0028720193076878786,-0.00827077031135559,0.33323749899864197,0.9428022503852844,0.6794984600660823,2.074077844619751,0.010327312164008617,0.0,-2.3297207355499268,0.020947422832250595,0.0
1765.3333333333333,3.540940999984741,1.5501950979232788,-0.004335448145866394,0.0027889483608305454,-0.008078784681856632,0.33323654532432556,0.9428045153617859,0.6794953931834466,2.0741159915924072,-0.05008822679519653,0.0,-2.32970929145813,0.04494761675596237,0.0
1765.35,3.5409348011016846,1.55018949508667,-0.004364408552646637,0.002871941775083542,-0.008270164020359516,0.33324018120765686,0.9428013563156128,0.6795041694578987,2.073765516281128,0.0100479144603014,0.0,-2.3299965858459473,0.02037685178220272,0.0
1765.3666666666666,3.540933132171631,1.550188660621643,-0.00433553010225296,0.0027889059856534004,-0.008079363033175468,0.3332371413707733,0.9428041577339172,0.6794965912588048,2.073821783065796,-0.04864240065217018,0.0,-2.3299922943115234,0.042757075279951096,0.0
1765.3833333333334,3.540926456451416,1.5501834154129028,-0.004364386200904846,0.0028723764698952436,-0.008270513266324997,0.3332393765449524,0.9428015351295471,0.6795024077166414,2.0734810829162598,0.009042841382324696,0.0,-2.3302929401397705,0.018448425456881523,0.0
1765.4,3.5409252643585205,1.5501824617385864,-0.004335507750511169,0.0027885485906153917,-0.008078337647020817,0.33323782682418823,0.9428040385246277,0.6794980973676713,2.073530435562134,-0.050241462886333466,0.0,-2.330274820327759,0.04275430738925934,0.0
1765.4166666666667,3.5409178733825684,1.5501768589019775,-0.004364423453807831,0.0028722682036459446,-0.008270963095128536,0.3332403600215912,0.9428012371063232,0.679504528613907,2.0731873512268066,0.008958232589066029,0.0,-2.3305768966674805,0.01789177767932415,0.0
1765.4333333333334,3.5409164428710938,1.550175666809082,-0.004335418343544006,0.0027891481295228004,-0.008078906685113907,0.3332400619983673,0.9428032636642456,0.6795028486805204,2.073214054107666,-0.050289642065763474,0.0,-2.3305647373199463,0.04504688084125519,0.0
1765.45,3.540909767150879,1.5501699447631836,-0.004364430904388428,0.0028719743713736534,-0.008270172402262688,0.3332425653934479,0.9428004622459412,0.6795092005980209,2.0728721618652344,0.01167144812643528,0.0,-2.330862522125244,0.02110349014401436,0.0
1765.4666666666667,3.5409083366394043,1.5501688718795776,-0.004335485398769379,0.0027888049371540546,-0.008079202845692635,0.33324092626571655,0.9428029656410217,0.6795046951253979,2.072910785675049,-0.049211286008358,0.0,-2.3308494091033936,0.04374173283576965,0.0
1765.4833333333333,3.5409014225006104,1.5501633882522583,-0.004364386200904846,0.0028722058050334454,-0.008270745165646076,0.33324363827705383,0.9428000450134277,0.6795114633852885,2.072568655014038,0.009774306789040565,0.0,-2.331148147583008,0.019640889018774033,0.0
1765.5,3.540900230407715,1.5501623153686523,-0.004335440695285797,0.0027884645387530327,-0.008078090846538544,0.3332429826259613,0.9428023099899292,0.6795090811045947,2.0725972652435303,-0.04980684071779251,0.0,-2.3311352729797363,0.044905975461006165,0.0
1765.5166666666667,3.540893316268921,1.550156593322754,-0.004364416003227234,0.002871766919270158,-0.00826943013817072,0.3332458734512329,0.9427993297576904,0.6795162282826354,2.0722575187683105,0.011442390270531178,0.0,-2.331433057785034,0.020707888528704643,0.0
1765.5333333333333,3.5408918857574463,1.550155758857727,-0.004335507750511169,0.002788594225421548,-0.008078460581600666,0.3332441449165344,0.942801833152771,0.6795115169389142,2.072295665740967,-0.049197401851415634,0.0,-2.331420421600342,0.04363274201750755,0.0
1765.55,3.5408847332000732,1.5501501560211182,-0.004364430904388428,0.0028719070833176374,-0.00826980173587799,0.3332464396953583,0.9427991509437561,0.6795174448958883,2.0719552040100098,0.010015700943768024,0.0,-2.331719398498535,0.0193670392036438,0.0
1765.5666666666666,3.540884256362915,1.550148844718933,-0.004335470497608185,0.0027883744332939386,-0.008078187704086304,0.3332459330558777,0.9428012371063232,0.6795153275310887,2.0719873905181885,-0.050119705498218536,0.0,-2.3317089080810547,0.044850196689367294,0.0
1765.5833333333333,3.5408763885498047,1.5501435995101929,-0.004364438354969025,0.0028718682006001472,-0.008269848302006721,0.333249032497406,0.9427981376647949,0.6795228966031621,2.071643352508545,0.011220190674066544,0.0,-2.332002639770508,0.020242659375071526,0.0
1765.6,3.5408759117126465,1.5501422882080078,-0.004335425794124603,0.002788892015814781,-0.008078893646597862,0.3332490026950836,0.9428001046180725,0.67952181990316,2.0716705322265625,-0.050769250839948654,0.0,-2.331981658935547,0.04479608312249184,0.0
1765.6166666666666,3.5408689975738525,1.5501368045806885,-0.004364423453807831,0.0028720980044454336,-0.008270285092294216,0.3332517445087433,0.9427971243858337,0.6795286259848249,2.071324586868286,0.011232288554310799,0.0,-2.3322741985321045,0.019582754001021385,0.0
1765.6333333333334,3.540867567062378,1.550135850906372,-0.004335515201091766,0.0027889576740562916,-0.008079043589532375,0.3332500159740448,0.9427997469902039,0.6795239714164032,2.071380615234375,-0.050495728850364685,0.0,-2.3322527408599854,0.04180258512496948,0.0
1765.65,3.540860176086426,1.5501303672790527,-0.004364386200904846,0.0028727285098284483,-0.008271485567092896,0.3332523703575134,0.9427969455718994,0.6795299872007315,2.071035623550415,0.007697584573179483,0.0,-2.332557439804077,0.01596236787736416,0.0
1765.6666666666667,3.5408596992492676,1.5501289367675781,-0.004335425794124603,0.002788770943880081,-0.00807950459420681,0.33325207233428955,0.9427989721298218,0.6795283188003168,2.0710573196411133,-0.04998866468667984,0.0,-2.33254337310791,0.04435817524790764,0.0
1765.6833333333334,3.5408520698547363,1.5501234531402588,-0.004361040890216827,0.0028531241696327925,-0.008216083981096745,0.3332548141479492,0.9427965879440308,0.6795347842226488,2.0707192420959473,0.008198226802051067,0.0,-2.3328425884246826,0.015709498897194862,0.0
1765.7,3.540851354598999,1.550122618675232,-0.0043375566601753235,0.002791406586766243,-0.008086390793323517,0.3332537114620209,0.942798376083374,0.6795318644613496,2.0707662105560303,-0.049165431410074234,0.0,-2.3328146934509277,0.04166348651051521,0.0
1765.7166666666667,3.540843963623047,1.5501171350479126,-0.004363685846328735,0.002872327109798789,-0.008270619437098503,0.3332557678222656,0.9427957534790039,0.6795371905622221,2.0704293251037598,0.007641220930963755,0.0,-2.333122968673706,0.015727955847978592,0.0
1765.7333333333333,3.5408430099487305,1.5501158237457275,-0.004335589706897736,0.002788688987493515,-0.008078448474407196,0.3332551121711731,0.9427979588508606,0.6795347837178473,2.0704550743103027,-0.04944411292672157,0.0,-2.3331127166748047,0.044487982988357544,0.0
1765.75,3.5408358573913574,1.5501103401184082,-0.004364430904388428,0.0028724358417093754,-0.00827058032155037,0.3332575261592865,0.9427952170372009,0.6795409629822768,2.0701143741607666,0.011111056432127953,0.0,-2.333406686782837,0.01915351115167141,0.0
1765.7666666666667,3.540834903717041,1.5501090288162231,-0.004335448145866394,0.0027882144786417484,-0.008077884092926979,0.33325624465942383,0.9427976012229919,0.679537205373398,2.0701487064361572,-0.04928230494260788,0.0,-2.3333988189697266,0.04381153732538223,0.0
1765.7833333333333,3.540827512741089,1.550103783607483,-0.004364490509033203,0.0028725771699100733,-0.008270652033388615,0.3332585096359253,0.9427947998046875,0.6795430127069451,2.069812774658203,0.01091004628688097,0.0,-2.3336970806121826,0.017991136759519577,0.0
1765.8,3.5408263206481934,1.550102710723877,-0.004335448145866394,0.0027886296156793833,-0.008078726939857006,0.3332575261592865,0.9427971243858337,0.6795399199500305,2.069847345352173,-0.04995584487915039,0.0,-2.3336846828460693,0.04331196844577789,0.0
1765.8166666666666,3.5408196449279785,1.550097107887268,-0.004364430904388428,0.0028725534211844206,-0.008271335624158382,0.3332597613334656,0.9427943825721741,0.6795456927440163,2.0695064067840576,0.009187532588839531,0.0,-2.333983898162842,0.016723154112696648,0.0
1765.8333333333333,3.540818929672241,1.5500961542129517,-0.004335470497608185,0.0027887150645256042,-0.008079512044787407,0.33325833082199097,0.9427967071533203,0.6795415696479097,2.069551706314087,-0.05032161995768547,0.0,-2.3339688777923584,0.04240868613123894,0.0
1765.85,3.540811061859131,1.5500904321670532,-0.004364445805549622,0.0028731338679790497,-0.008272411301732063,0.3332602083683014,0.9427942633628845,0.6795466713511286,2.0692138671875,0.008840737864375114,0.0,-2.3342740535736084,0.015369744971394539,0.0
1765.8666666666666,3.5408098697662354,1.5500891208648682,-0.004335425794124603,0.0027883369475603104,-0.008078563958406448,0.33325904607772827,0.9427966475486755,0.6795431768672924,2.069244623184204,-0.04936870187520981,0.0,-2.3342647552490234,0.043140046298503876,0.0
1765.8833333333334,3.5408029556274414,1.5500842332839966,-0.004364393651485443,0.0028723240830004215,-0.00827006995677948,0.3332612216472626,0.9427939057350159,0.679548793522019,2.0689074993133545,0.008991215378046036,0.0,-2.3345673084259033,0.016930673271417618,0.0
1765.9,3.540802001953125,1.5500829219818115,-0.004335507750511169,0.00278877024538815,-0.008079389110207558,0.33326101303100586,0.9427958726882935,0.6795473162346994,2.06895112991333,-0.052036408334970474,0.0,-2.334535598754883,0.042479343712329865,0.0
1765.9166666666667,3.54079532623291,1.5500775575637817,-0.0043643563985824585,0.002872791374102235,-0.008271926082670689,0.333263099193573,0.9427931308746338,0.6795527434073805,2.06860613822937,0.008177734911441803,0.0,-2.3348424434661865,0.015000348910689354,0.0
1765.9333333333334,3.5407938957214355,1.5500767230987549,-0.004335507750511169,0.002788394223898649,-0.008078224956989288,0.3332616984844208,0.9427956342697144,0.6795487585703981,2.0686585903167725,-0.05129915848374367,0.0,-2.33481764793396,0.04114057496190071,0.0
1765.95,3.5407872200012207,1.5500706434249878,-0.004364438354969025,0.0028727559838443995,-0.008272474631667137,0.33326342701911926,0.9427931308746338,0.6795535083966617,2.0683157444000244,0.00794388446956873,0.0,-2.33512544631958,0.013792160898447037,0.0
1765.9666666666667,3.540786027908325,1.5500695705413818,-0.0043354332447052,0.0027886447496712208,-0.008079208433628082,0.3332618176937103,0.9427955746650696,0.6795490149759,2.068352460861206,-0.04975788667798042,0.0,-2.3351211547851562,0.04250281676650047,0.0
1765.9833333333333,3.5407791137695312,1.550063967704773,-0.0043644532561302185,0.002873091259971261,-0.008272101171314716,0.3332633674144745,0.9427931308746338,0.6795533606057742,2.0680160522460938,0.009313585236668587,0.0,-2.335423707962036,0.015204659663140774,0.0
1766.0,3.540778160095215,1.550063133239746,-0.004335507750511169,0.0027885320596396923,-0.008078535087406635,0.3332611322402954,0.9427958726882935,0.6795475803411083,2.0680699348449707,-0.04983513802289963,0.0,-2.3354110717773438,0.04092245176434517,0.0
1766.0166666666667,3.540771007537842,1.5500577688217163,-0.004364408552646637,0.0028729732148349285,-0.008271556347608566,0.33326271176338196,0.9427932500839233,0.6795519038906879,2.067732334136963,0.008180085569620132,0.0,-2.335721731185913,0.014407488517463207,0.0
1766.0333333333333,3.54076886177063,1.5500569343566895,-0.004335545003414154,0.0027887444011867046,-0.008079436607658863,0.33326107263565063,0.9427958726882935,0.6795474546949315,2.0677857398986816,-0.05110853910446167,0.0,-2.3356943130493164,0.040303684771060944,0.0
1766.05,3.5407626628875732,1.5500510931015015,-0.004364281892776489,0.00287324539385736,-0.008272445760667324,0.33326277136802673,0.9427932500839233,0.6795520522863729,2.0674431324005127,0.007614829111844301,0.0,-2.336007833480835,0.014514926820993423,0.0
1766.0666666666666,3.540762186050415,1.5500500202178955,-0.004335522651672363,0.0027880012057721615,-0.008077939972281456,0.3332614302635193,0.9427958130836487,0.6795482334849419,2.067488193511963,-0.050441332161426544,0.0,-2.3359923362731934,0.04146519675850868,0.0
1766.0833333333333,3.5407543182373047,1.5500446557998657,-0.004364438354969025,0.0028729529585689306,-0.008271479979157448,0.3332630693912506,0.9427931308746338,0.6795526653556483,2.067145824432373,0.00821700319647789,0.0,-2.3362977504730225,0.01454533077776432,0.0
1766.1,3.540753126144409,1.5500435829162598,-0.004335418343544006,0.002788589335978031,-0.008078997023403645,0.3332623839378357,0.9427953362464905,0.6795501937461466,2.067180871963501,-0.05060289800167084,0.0,-2.3362820148468018,0.042548924684524536,0.0
1766.1166666666666,3.5407462120056152,1.55003821849823,-0.004364438354969025,0.002872997662052512,-0.008272041566669941,0.33326455950737,0.9427927136421204,0.6795558920402348,2.0668389797210693,0.008320976048707962,0.0,-2.3365862369537354,0.015294503420591354,0.0
1766.1333333333334,3.540745258331299,1.5500370264053345,-0.004335455596446991,0.002788243116810918,-0.00807776115834713,0.333264023065567,0.9427947998046875,0.6795536780578992,2.066882848739624,-0.051694177091121674,0.0,-2.336559295654297,0.04220350831747055,0.0
1766.15,3.540738582611084,1.5500314235687256,-0.004364445805549622,0.0028728446923196316,-0.008272235281765461,0.333266019821167,0.9427921175956726,0.6795589538551963,2.0665385723114014,0.008233433589339256,0.0,-2.336865186691284,0.01455648336559534,0.0
1766.1666666666667,3.5407369136810303,1.5500304698944092,-0.004335477948188782,0.0027880945708602667,-0.008077779784798622,0.3332642614841461,0.942794680595398,0.6795541679157016,2.0665900707244873,-0.05072535201907158,0.0,-2.336845636367798,0.04094859957695007,0.0
1766.1833333333334,3.5407299995422363,1.5500249862670898,-0.004364408552646637,0.0028733452782034874,-0.008272874169051647,0.33326587080955505,0.9427921772003174,0.6795586453065028,2.0662500858306885,0.00805381778627634,0.0,-2.337156057357788,0.014168105088174343,0.0
1766.2,3.540728807449341,1.5500235557556152,-0.004335440695285797,0.0027886084280908108,-0.008078995160758495,0.3332650065422058,0.9427945017814636,0.6795558053592595,2.066286563873291,-0.05066905543208122,0.0,-2.3371405601501465,0.042311832308769226,0.0
1766.2166666666667,3.540722370147705,1.550018548965454,-0.004364430904388428,0.002873358316719532,-0.008272535167634487,0.33326685428619385,0.9427918791770935,0.679560751802424,2.065946102142334,0.008491160348057747,0.0,-2.3374452590942383,0.014299155212938786,0.0
1766.2333333333333,3.5407209396362305,1.5500174760818481,-0.004335477948188782,0.0027889541815966368,-0.008079463616013527,0.3332655727863312,0.9427942037582397,0.6795569590414449,2.0660035610198975,-0.05167650431394577,0.0,-2.3374178409576416,0.040447890758514404,0.0
1766.25,3.540713310241699,1.5500116348266602,-0.004364408552646637,0.002873481484130025,-0.008273481391370296,0.33326706290245056,0.9427918195724487,0.6795612155835404,2.0656635761260986,0.008475229144096375,0.0,-2.3377323150634766,0.013468984514474869,0.0
1766.2666666666667,3.5407118797302246,1.5500104427337646,-0.004335366189479828,0.002788041951134801,-0.00807814672589302,0.33326655626296997,0.9427938461303711,0.679559030752787,2.065680980682373,-0.049646180123090744,0.0,-2.3377254009246826,0.043357349932193756,0.0
1766.2833333333333,3.540705442428589,1.5500048398971558,-0.00436440110206604,0.002872026525437832,-0.00826925877481699,0.3332682251930237,0.9427913427352905,0.6795635969823381,2.06534743309021,0.009629575535655022,0.0,-2.338029146194458,0.015916166827082634,0.0
1766.3,3.5407047271728516,1.550004005432129,-0.004335492849349976,0.0027880321722477674,-0.008077654056251049,0.33326655626296997,0.9427939653396606,0.6795590848217625,2.06538987159729,-0.049502551555633545,0.0,-2.3380210399627686,0.04218804091215134,0.0
1766.3166666666666,3.5406970977783203,1.5499982833862305,-0.004364505410194397,0.0028723464347422123,-0.008270067162811756,0.33326825499534607,0.9427914619445801,0.6795637365652966,2.0650508403778076,0.009357172064483166,0.0,-2.338320732116699,0.015043971128761768,0.0
1766.3333333333333,3.540695905685425,1.5499969720840454,-0.004335455596446991,0.0027883341535925865,-0.008078457787632942,0.3332675099372864,0.942793607711792,0.6795611064545805,2.06508469581604,-0.0504734069108963,0.0,-2.338306188583374,0.042416516691446304,0.0
1766.35,3.540688991546631,1.5499916076660156,-0.004364430904388428,0.002872838405892253,-0.008271691389381886,0.3332691192626953,0.9427910447120667,0.6795655323805924,2.064748525619507,0.008781173266470432,0.0,-2.338613986968994,0.014286378398537636,0.0
1766.3666666666666,3.5406887531280518,1.5499904155731201,-0.004335425794124603,0.002788517391309142,-0.008078377693891525,0.33326759934425354,0.9427935481071472,0.679561278030709,2.0647921562194824,-0.05012326315045357,0.0,-2.338599443435669,0.041678287088871,0.0
1766.3833333333334,3.5406811237335205,1.5499850511550903,-0.004364490509033203,0.0028728656470775604,-0.008271394297480583,0.33326923847198486,0.9427909255027771,0.6795657401208322,2.0644564628601074,0.009474857710301876,0.0,-2.3389079570770264,0.014140097424387932,0.0
1766.4,3.540679693222046,1.549984097480774,-0.004335492849349976,0.0027886684983968735,-0.008079237304627895,0.33326736092567444,0.9427935481071472,0.6795607403525112,2.064506769180298,-0.05039641261100769,0.0,-2.3388864994049072,0.04013760760426521,0.0
1766.4166666666667,3.540672779083252,1.549978494644165,-0.00436440110206604,0.002873047022148967,-0.008271833881735802,0.33326876163482666,0.942791223526001,0.6795648004755306,2.0641682147979736,0.00812919158488512,0.0,-2.3391971588134766,0.01302687544375658,0.0
1766.4333333333334,3.5406713485717773,1.5499777793884277,-0.004335455596446991,0.0027878317050635815,-0.008077507838606834,0.33326709270477295,0.9427937269210815,0.6795601977716348,2.064211130142212,-0.05017033964395523,0.0,-2.3391871452331543,0.04122048243880272,0.0
1766.45,3.5406641960144043,1.5499719381332397,-0.004364438354969025,0.0028726698365062475,-0.008271293714642525,0.33326849341392517,0.9427912831306458,0.6795642092166302,2.0638744831085205,0.008105653338134289,0.0,-2.3394968509674072,0.013617907650768757,0.0
1766.4666666666667,3.5406627655029297,1.5499707460403442,-0.004335418343544006,0.002788510639220476,-0.008079029619693756,0.33326834440231323,0.9427933096885681,0.6795628821155575,2.0638985633850098,-0.050633754581213,0.0,-2.339482545852661,0.04323940351605415,0.0
1766.4833333333333,3.5406558513641357,1.5499650239944458,-0.004364438354969025,0.002872601617127657,-0.008271428756415844,0.3332695960998535,0.9427908658981323,0.6795665374433953,2.0635643005371094,0.009778497740626335,0.0,-2.339789867401123,0.01527418103069067,0.0
1766.5,3.5406546592712402,1.5499635934829712,-0.004335373640060425,0.002788577228784561,-0.008078251965343952,0.33326855301856995,0.9427932500839233,0.6795633187709378,2.063595771789551,-0.049549899995326996,0.0,-2.3397834300994873,0.04333389922976494,0.0
1766.5166666666667,3.5406477451324463,1.5499584674835205,-0.0043644532561302185,0.0028726260643452406,-0.008270657621324062,0.33327001333236694,0.942790687084198,0.6795673934648,2.063263177871704,0.010980234481394291,0.0,-2.340087890625,0.01663225330412388,0.0
1766.5333333333333,3.54064679145813,1.5499571561813354,-0.004335492849349976,0.0027879478875547647,-0.00807765033096075,0.3332691490650177,0.9427930116653442,0.6795645672165754,2.0632967948913574,-0.050043605268001556,0.0,-2.340069055557251,0.04235617443919182,0.0
1766.55,3.5406389236450195,1.5499517917633057,-0.0043644532561302185,0.002873086603358388,-0.008271482773125172,0.3332708477973938,0.9427904486656189,0.6795692006753858,2.0629608631134033,0.008943949826061726,0.0,-2.340374708175659,0.014062503352761269,0.0
1766.5666666666666,3.540637969970703,1.5499505996704102,-0.004335373640060425,0.00278826174326241,-0.008078241720795631,0.33327075839042664,0.9427924156188965,0.6795679728355554,2.0629847049713135,-0.05025802180171013,0.0,-2.340362787246704,0.04331951588392258,0.0
1766.5833333333333,3.5406312942504883,1.5499451160430908,-0.004364438354969025,0.0028728542383760214,-0.008271312341094017,0.33327293395996094,0.9427896738052368,0.6795736073309879,2.0626461505889893,0.009322457946836948,0.0,-2.340663194656372,0.015342877246439457,0.0
1766.6,3.54063081741333,1.5499439239501953,-0.0043355002999305725,0.002788610989227891,-0.008079365827143192,0.33327195048332214,0.9427919983863831,0.6795705176016317,2.0626883506774902,-0.05063582956790924,0.0,-2.3406424522399902,0.0417897067964077,0.0
1766.6166666666666,3.5406229496002197,1.549938440322876,-0.004364416003227234,0.002872684970498085,-0.008271070197224617,0.3332730829715729,0.9427895545959473,0.6795738871871642,2.0623557567596436,0.009218225255608559,0.0,-2.3409528732299805,0.012788796797394753,0.0
1766.6333333333334,3.540621519088745,1.54993736743927,-0.004335440695285797,0.002788339275866747,-0.008077931590378284,0.33327218890190125,0.9427919983863831,0.6795710476191575,2.0623879432678223,-0.05005170777440071,0.0,-2.340939521789551,0.04186059534549713,0.0
1766.65,3.5406150817871094,1.5499320030212402,-0.004364468157291412,0.0028727564495056868,-0.008271570317447186,0.333273321390152,0.9427895545959473,0.679574443946931,2.06205415725708,0.008943023160099983,0.0,-2.341247320175171,0.01362596545368433,0.0
1766.6666666666667,3.5406134128570557,1.5499310493469238,-0.0043355002999305725,0.0027883616276085377,-0.008078578859567642,0.33327221870422363,0.9427919983863831,0.6795711263652426,2.0620977878570557,-0.051044072955846786,0.0,-2.341224431991577,0.040938835591077805,0.0
1766.6833333333334,3.540606737136841,1.5499250888824463,-0.00436440110206604,0.0028727406170219183,-0.008271079510450363,0.3332740068435669,0.9427892565727234,0.6795758614535712,2.0617566108703613,0.008043600246310234,0.0,-2.3415324687957764,0.012952037155628204,0.0
1766.7,3.540605306625366,1.5499240159988403,-0.004335463047027588,0.0027882996946573257,-0.008078292943537235,0.3332724869251251,0.9427918195724487,0.6795716480541931,2.061798572540283,-0.050281692296266556,0.0,-2.341521739959717,0.04123987257480621,0.0
1766.7166666666667,3.540597915649414,1.5499187707901,-0.004364423453807831,0.0028727524913847446,-0.008270831778645515,0.3332737982273102,0.9427894353866577,0.6795754691543454,2.061465263366699,0.008572000078856945,0.0,-2.3418335914611816,0.013174118474125862,0.0
1766.7333333333333,3.5405969619750977,1.5499173402786255,-0.004335425794124603,0.0027885534800589085,-0.008079137653112411,0.33327433466911316,0.9427911043167114,0.6795755461792705,2.0614843368530273,-0.05097203701734543,0.0,-2.3418149948120117,0.04325248673558235,0.0
1766.75,3.5405898094177246,1.5499118566513062,-0.004364430904388428,0.0028730498161166906,-0.008272302336990833,0.333275705575943,0.9427886605262756,0.6795794836568737,2.061150074005127,0.009424764662981033,0.0,-2.342120409011841,0.013735451735556126,0.0
1766.7666666666667,3.5405893325805664,1.549910306930542,-0.004335395991802216,0.0027882521972060204,-0.008078368380665779,0.33327528834342957,0.9427908062934875,0.6795775811881791,2.06117582321167,-0.05019889771938324,0.0,-2.3421053886413574,0.04274358972907066,0.0
1766.7833333333333,3.540581703186035,1.5499054193496704,-0.004364468157291412,0.0028728479519486427,-0.008271101862192154,0.33327701687812805,0.942788302898407,0.6795823035441896,2.0608420372009277,0.009654056280851364,0.0,-2.342409133911133,0.01347535103559494,0.0
1766.8,3.5405802726745605,1.5499039888381958,-0.004335470497608185,0.002788341837003827,-0.008078761398792267,0.3332766592502594,0.9427903294563293,0.6795804987741081,2.060883045196533,-0.051607318222522736,0.0,-2.342383623123169,0.04116362705826759,0.0
1766.8166666666666,3.5405735969543457,1.549898624420166,-0.004364363849163055,0.002873775316402316,-0.008273030631244183,0.333278089761734,0.942787766456604,0.6795845177523324,2.060542345046997,0.008360423147678375,0.0,-2.3426928520202637,0.012788722291588783,0.0
1766.8333333333333,3.54057240486145,1.54989755153656,-0.0043354332447052,0.0027879080735147,-0.008077805861830711,0.3332771062850952,0.942790150642395,0.6795814265768994,2.060577869415283,-0.05036263167858124,0.0,-2.342677116394043,0.04123677313327789,0.0
1766.85,3.5405654907226562,1.5498918294906616,-0.004364438354969025,0.0028733578510582447,-0.008272163569927216,0.3332785367965698,0.9427877068519592,0.6795855084034911,2.060243606567383,0.00854799710214138,0.0,-2.3429880142211914,0.012620514258742332,0.0
1766.8666666666666,3.54056453704834,1.5498906373977661,-0.0043354332447052,0.002788315527141094,-0.00807887315750122,0.3332771956920624,0.9427900910377502,0.679581613662932,2.0602822303771973,-0.050099972635507584,0.0,-2.3429737091064453,0.04097066819667816,0.0
1766.8833333333334,3.540557384490967,1.5498851537704468,-0.004364438354969025,0.0028730027843266726,-0.008271265774965286,0.3332785665988922,0.9427877068519592,0.6795855670045633,2.0599472522735596,0.008615303784608841,0.0,-2.3432843685150146,0.012731860391795635,0.0
1766.9,3.540555953979492,1.5498842000961304,-0.004335477948188782,0.0027885695453733206,-0.008079573512077332,0.3332773745059967,0.9427900314331055,0.6795820028846343,2.0599875450134277,-0.05030478164553642,0.0,-2.3432695865631104,0.04101689159870148,0.0
1766.9166666666667,3.5405492782592773,1.5498783588409424,-0.004364430904388428,0.002873752498999238,-0.008273300714790821,0.33327823877334595,0.942787766456604,0.679584865904243,2.0596537590026855,0.008586459793150425,0.0,-2.343583106994629,0.012713638134300709,0.0
1766.9333333333334,3.540548086166382,1.549877405166626,-0.004335477948188782,0.0027884910814464092,-0.00807911902666092,0.33327633142471313,0.9427904486656189,0.6795798088463295,2.059694290161133,-0.049515094608068466,0.0,-2.3435704708099365,0.040572553873062134,0.0
1766.95,3.5405406951904297,1.5498722791671753,-0.004364438354969025,0.002873369725421071,-0.008272017352283001,0.33327716588974,0.9427882432937622,0.6795826243155072,2.0593619346618652,0.008614150807261467,0.0,-2.3438847064971924,0.01260914746671915,0.0
1766.9666666666667,3.540539503097534,1.5498708486557007,-0.0043354332447052,0.0027881357818841934,-0.008077887818217278,0.3332771360874176,0.9427902102470398,0.6795815246208021,2.059401273727417,-0.05199067294597626,0.0,-2.343860149383545,0.04135451465845108,0.0
1766.9833333333333,3.540532350540161,1.549865484237671,-0.004364423453807831,0.0028732505161315203,-0.008272132836282253,0.3332785367965698,0.9427877068519592,0.6795855092831512,2.0590624809265137,0.00890246219933033,0.0,-2.344172239303589,0.012322550639510155,0.0
1767.0,3.540531635284424,1.5498641729354858,-0.004335425794124603,0.0027882694266736507,-0.00807853415608406,0.3332783579826355,0.9427897930145264,0.6795841331650913,2.059093475341797,-0.05110737681388855,0.0,-2.344151020050049,0.04151768609881401,0.0
1767.0166666666667,3.54052472114563,1.549858570098877,-0.004364416003227234,0.002872972283512354,-0.008271290920674801,0.33327943086624146,0.9427874088287354,0.6795874052661898,2.0587573051452637,0.008916853927075863,0.0,-2.3444628715515137,0.012439555488526821,0.0
1767.0333333333333,3.540522813796997,1.5498573780059814,-0.004335537552833557,0.002788311103358865,-0.00807899422943592,0.33327749371528625,0.9427900314331055,0.6795822716360059,2.0588088035583496,-0.050353486090898514,0.0,-2.344442844390869,0.03956656530499458,0.0
1767.05,3.540515899658203,1.5498522520065308,-0.004364341497421265,0.0028739338740706444,-0.00827292911708355,0.3332786560058594,0.9427876472473145,0.6795857573397704,2.0584733486175537,0.008389524184167385,0.0,-2.3447601795196533,0.012538323178887367,0.0
1767.0666666666666,3.540515422821045,1.5498508214950562,-0.004335485398769379,0.0027883572038263083,-0.008078979328274727,0.3332783877849579,0.9427897334098816,0.6795841769541863,2.0585010051727295,-0.05104171484708786,0.0,-2.3447351455688477,0.041103117167949677,0.0
1767.0833333333333,3.5405080318450928,1.5498453378677368,-0.004364423453807831,0.0028734509833157063,-0.008272694423794746,0.3332795798778534,0.9427873492240906,0.6795877345611384,2.058164596557617,0.00903465785086155,0.0,-2.3450472354888916,0.012150934897363186,0.0
1767.1,3.5405070781707764,1.5498443841934204,-0.004335448145866394,0.002788673620671034,-0.008079487830400467,0.3332781195640564,0.9427897334098816,0.6795835628972899,2.0582082271575928,-0.050157323479652405,0.0,-2.345036745071411,0.04069410637021065,0.0
1767.1166666666666,3.540499210357666,1.5498385429382324,-0.004361063241958618,0.0028541157953441143,-0.008217896334826946,0.33327916264533997,0.9427880644798279,0.6795865000049575,2.057873010635376,0.00853683054447174,0.0,-2.345346689224243,0.011853351257741451,0.0
1767.1333333333334,3.5404984951019287,1.5498377084732056,-0.004337519407272339,0.002791640581563115,-0.008087679743766785,0.33327820897102356,0.9427897334098816,0.679583862579323,2.0579092502593994,-0.04886336624622345,0.0,-2.345329761505127,0.04035709425806999,0.0
1767.15,3.5404908657073975,1.549831748008728,-0.00436035543680191,0.0028539018239825964,-0.008218587376177311,0.33327940106391907,0.9427878260612488,0.6795869398354931,2.0575790405273438,0.008102048188447952,0.0,-2.34564208984375,0.012180116958916187,0.0
1767.1666666666667,3.5404906272888184,1.5498310327529907,-0.004337631165981293,0.0027913374360650778,-0.008086856454610825,0.33327820897102356,0.9427896738052368,0.6795838223215315,2.0576071739196777,-0.047599438577890396,0.0,-2.345634937286377,0.04176697880029678,0.0
1767.1833333333334,3.540482997894287,1.5498255491256714,-0.004363745450973511,0.002872810233384371,-0.00827073398977518,0.333279013633728,0.9427875280380249,0.6795864984207376,2.057281970977783,0.00846832524985075,0.0,-2.3459417819976807,0.012348759919404984,0.0
1767.2,3.5404820442199707,1.5498242378234863,-0.0043356046080589294,0.0027885520830750465,-0.008078733459115028,0.33327850699424744,0.9427896738052368,0.6795844144260657,2.0573110580444336,-0.04983385279774666,0.0,-2.3459250926971436,0.042264655232429504,0.0
1767.2166666666667,3.5404746532440186,1.5498188734054565,-0.004364386200904846,0.0028733282815665007,-0.008272489532828331,0.33327966928482056,0.942787230014801,0.6795878770477088,2.0569803714752197,0.009232347831130028,0.0,-2.346233606338501,0.013139508664608002,0.0
1767.2333333333333,3.5404741764068604,1.5498175621032715,-0.004335410892963409,0.0027885278686881065,-0.008079084567725658,0.333279550075531,0.9427892565727234,0.6795866081064343,2.057006359100342,-0.05041654780507088,0.0,-2.3462164402008057,0.0424957312643528,0.0
1767.25,3.5404670238494873,1.5498120784759521,-0.004364468157291412,0.0028734507504850626,-0.008272085338830948,0.3332810401916504,0.9427868127822876,0.6795908122402946,2.0566718578338623,0.00962253287434578,0.0,-2.3465213775634766,0.013262960128486156,0.0
1767.2666666666667,3.540465831756592,1.5498110055923462,-0.004335477948188782,0.002788454992696643,-0.008078659884631634,0.3332793712615967,0.9427893757820129,0.6795862519189911,2.0567209720611572,-0.05004678666591644,0.0,-2.3465049266815186,0.040205057710409164,0.0
1767.2833333333333,3.5404584407806396,1.549805760383606,-0.004364430904388428,0.002873088466003537,-0.008271369151771069,0.33327990770339966,0.942787230014801,0.6795884113583575,2.0563883781433105,0.008956622332334518,0.0,-2.346820116043091,0.012180794961750507,0.0
1767.3,3.5404579639434814,1.549804449081421,-0.004335455596446991,0.002788929268717766,-0.008079815655946732,0.33327987790107727,0.9427890777587891,0.6795872775976616,2.0564193725585938,-0.05142660439014435,0.0,-2.3467977046966553,0.04148531332612038,0.0
1767.3166666666666,3.5404508113861084,1.5497992038726807,-0.004364423453807831,0.002873520366847515,-0.00827223900705576,0.3332810699939728,0.9427868127822876,0.6795908825430469,2.0560824871063232,0.009312278591096401,0.0,-2.34710955619812,0.012225593440234661,0.0
1767.3333333333333,3.540449857711792,1.5497982501983643,-0.004335582256317139,0.0027887385804206133,-0.00807923823595047,0.3332797586917877,0.9427891969680786,0.6795870578292664,2.0561418533325195,-0.05193629488348961,0.0,-2.347074508666992,0.03849485516548157,0.0
1767.35,3.5404422283172607,1.5497921705245972,-0.004364348948001862,0.002874113619327545,-0.008274190127849579,0.3332807719707489,0.9427868127822876,0.6795902198710002,2.0558016300201416,0.008885695599019527,0.0,-2.3473968505859375,0.011758591048419476,0.0
1767.3666666666666,3.5404412746429443,1.5497912168502808,-0.0043354332447052,0.0027879432309418917,-0.008077746257185936,0.3332793712615967,0.9427893757820129,0.6795862437583167,2.0558345317840576,-0.04978335276246071,0.0,-2.3473894596099854,0.040699299424886703,0.0
1767.3833333333334,3.5404341220855713,1.5497857332229614,-0.004364483058452606,0.002873410005122423,-0.008271618746221066,0.33327993750572205,0.942787230014801,0.6795884799848821,2.0555028915405273,0.009038342162966728,0.0,-2.347703456878662,0.012306593358516693,0.0
1767.4,3.540432929992676,1.549784541130066,-0.004335477948188782,0.0027884396258741617,-0.00807920191437006,0.33327868580818176,0.942789614200592,0.679584804550027,2.055544137954712,-0.0499708391726017,0.0,-2.347689390182495,0.040532685816287994,0.0
1767.4166666666667,3.540426015853882,1.5497791767120361,-0.004364393651485443,0.0028732658829540014,-0.008271833881735802,0.33327946066856384,0.9427873492240906,0.6795874481340062,2.0552151203155518,0.009153309278190136,0.0,-2.3480072021484375,0.011983144097030163,0.0
1767.4333333333334,3.5404250621795654,1.5497781038284302,-0.004335522651672363,0.0027884114533662796,-0.00807858258485794,0.33327874541282654,0.9427896738052368,0.679584963297239,2.0552546977996826,-0.051063861697912216,0.0,-2.3479769229888916,0.039774004369974136,0.0
1767.45,3.540417432785034,1.5497725009918213,-0.00436440110206604,0.0028735038358718157,-0.008272764272987843,0.33327925205230713,0.9427874684333801,0.6795870412515248,2.0549240112304688,0.009303417056798935,0.0,-2.348299503326416,0.011907074600458145,0.0
1767.4666666666667,3.540416955947876,1.5497710704803467,-0.004335410892963409,0.002788729500025511,-0.008079231716692448,0.3332785665988922,0.942789614200592,0.6795845266255323,2.054953098297119,-0.05034373700618744,0.0,-2.3482820987701416,0.041202183812856674,0.0
1767.4833333333333,3.5404088497161865,1.5497658252716064,-0.004364430904388428,0.0028736786916851997,-0.008272454142570496,0.33327987790107727,0.9427871704101562,0.6795883218791424,2.054616928100586,0.009195297956466675,0.0,-2.3485913276672363,0.012161843478679657,0.0
1767.5,3.540407657623291,1.5497645139694214,-0.004335418343544006,0.0027885150630027056,-0.008079060353338718,0.33328041434288025,0.9427890181541443,0.6795884762374844,2.0546393394470215,-0.050691161304712296,0.0,-2.348571300506592,0.042035069316625595,0.0
1767.5166666666667,3.540400981903076,1.5497591495513916,-0.0043644532561302185,0.0028734563384205103,-0.008272738195955753,0.33328142762184143,0.942786693572998,0.6795916539786445,2.0543034076690674,0.008737167343497276,0.0,-2.348879337310791,0.012599390000104904,0.0
1767.5333333333333,3.5403997898101807,1.549757957458496,-0.004335425794124603,0.0027885553427040577,-0.008079485036432743,0.3332809805870056,0.94278883934021,0.679589694888192,2.0543360710144043,-0.05046464130282402,0.0,-2.3488621711730957,0.041824452579021454,0.0
1767.55,3.5403919219970703,1.5497519969940186,-0.004361078143119812,0.002853957936167717,-0.00821749772876501,0.3332819938659668,0.9427869915962219,0.6795924647228303,2.054003953933716,0.009125974960625172,0.0,-2.3491735458374023,0.011971382424235344,0.0
1767.5666666666666,3.540391445159912,1.5497511625289917,-0.004337407648563385,0.002791216829791665,-0.008086333982646465,0.33328118920326233,0.9427885413169861,0.6795900971614092,2.054030656814575,-0.04745253175497055,0.0,-2.3491711616516113,0.04192984104156494,0.0
1767.5833333333333,3.54038405418396,1.5497455596923828,-0.004363812506198883,0.0028725476004183292,-0.008270423859357834,0.33328190445899963,0.9427865147590637,0.679592634199046,2.0537047386169434,0.008352512493729591,0.0,-2.3494760990142822,0.01208192016929388,0.0
1767.6,3.5403828620910645,1.5497443675994873,-0.004335612058639526,0.002788923680782318,-0.00807977095246315,0.33328109979629517,0.9427887201309204,0.6795899077668772,2.0537362098693848,-0.04947285354137421,0.0,-2.349464178085327,0.04221991077065468,0.0
1767.6166666666666,3.5403759479522705,1.5497390031814575,-0.004364393651485443,0.002872779732570052,-0.008270695805549622,0.33328208327293396,0.942786455154419,0.679593016881857,2.053406000137329,0.00934908539056778,0.0,-2.3497724533081055,0.012815695255994797,0.0
1767.6333333333334,3.540374755859375,1.549737572669983,-0.0043354332447052,0.0027884759474545717,-0.00807903241366148,0.3332819640636444,0.9427883625030518,0.6795917081401592,2.053436517715454,-0.05060426890850067,0.0,-2.349754810333252,0.04202122613787651,0.0
1767.65,3.540367841720581,1.5497326850891113,-0.004364460706710815,0.002873318735510111,-0.008272149600088596,0.33328306674957275,0.9427861571311951,0.6795951459028527,2.0530998706817627,0.008998689241707325,0.0,-2.350062370300293,0.012482650578022003,0.0
1767.6666666666667,3.5403671264648438,1.5497316122055054,-0.004335477948188782,0.002788545796647668,-0.00807910319417715,0.33328306674957275,0.9427880048751831,0.679594064451995,2.053147315979004,-0.052442848682403564,0.0,-2.350029468536377,0.04048648849129677,0.0
1767.6833333333334,3.5403599739074707,1.549725890159607,-0.004364408552646637,0.002873839810490608,-0.008273757994174957,0.33328431844711304,0.9427855610847473,0.6795977413517087,2.0528032779693604,0.0089700473472476,0.0,-2.350341320037842,0.011509849689900875,0.0
1767.7,3.5403592586517334,1.54972505569458,-0.0043355002999305725,0.0027887551113963127,-0.008079638704657555,0.33328336477279663,0.9427879452705383,0.6795947263616778,2.0528507232666016,-0.05147959291934967,0.0,-2.3503167629241943,0.03926236182451248,0.0
1767.7166666666667,3.540351629257202,1.5497190952301025,-0.004364423453807831,0.0028733403887599707,-0.008272659964859486,0.33328384160995483,0.9427857995033264,0.6795967544442101,2.052515983581543,0.009273780509829521,0.0,-2.3506369590759277,0.010890708304941654,0.0
1767.7333333333333,3.5403501987457275,1.5497180223464966,-0.004335448145866394,0.002788666170090437,-0.008079413324594498,0.3332826793193817,0.9427881836891174,0.679593267654869,2.05254864692688,-0.04996224865317345,0.0,-2.350628614425659,0.04069478064775467,0.0
1767.75,3.540343761444092,1.5497125387191772,-0.004364445805549622,0.002873467281460762,-0.00827255379408598,0.3332836329936981,0.9427859783172607,0.679596362972927,2.0522167682647705,0.00893537886440754,0.0,-2.350942611694336,0.011887931264936924,0.0
1767.7666666666667,3.540342330932617,1.5497114658355713,-0.004335522651672363,0.0027884049341082573,-0.00807926245033741,0.3332821726799011,0.9427883625030518,0.6795921935330315,2.052265167236328,-0.05079983174800873,0.0,-2.3509185314178467,0.03934396058320999,0.0
1767.7833333333333,3.5403354167938232,1.5497058629989624,-0.004364423453807831,0.002873579040169716,-0.008272605016827583,0.33328282833099365,0.9427862167358398,0.6795946313784675,2.051929235458374,0.009014548733830452,0.0,-2.3512349128723145,0.010949448682367802,0.0
1767.8,3.5403335094451904,1.5497056245803833,-0.004335254430770874,0.0027908808551728725,-0.008077939972281456,0.33327755331993103,0.9427899122238159,0.679582298061465,2.0519943237304688,-0.0477139987051487,0.0,-2.351240634918213,0.03956174850463867,0.0
1767.8166666666666,3.54032564163208,1.5496997833251953,-0.004360862076282501,0.0028536051977425814,-0.00821275357156992,0.3332821726799011,0.9427869915962219,0.6795928044428652,2.0516276359558105,0.005110444966703653,0.0,-2.3515377044677734,0.020946059376001358,0.0
1767.8333333333333,3.540325164794922,1.5496987104415894,-0.004337407648563385,0.0027936233673244715,-0.008085096254944801,0.3332817256450653,0.9427884221076965,0.6795912216932564,2.0516579151153564,-0.04912065342068672,0.0,-2.3515188694000244,0.04733064025640488,0.0
1767.85,3.540318489074707,1.54969322681427,-0.004363559186458588,0.002871546195819974,-0.008264943026006222,0.33328747749328613,0.9427846074104309,0.6796044135835065,2.051290273666382,0.011436130851507187,0.0,-2.3517963886260986,0.02778073586523533,0.0
1767.8666666666666,3.5403170585632324,1.5496925115585327,-0.00433562695980072,0.002791533712297678,-0.00807815883308649,0.33328476548194885,0.9427874684333801,0.679597648939652,2.0513529777526855,-0.049019716680049896,0.0,-2.3517837524414062,0.046146806329488754,0.0
1767.8833333333334,3.5403101444244385,1.5496867895126343,-0.004364132881164551,0.00287181930616498,-0.008265340700745583,0.3332902491092682,0.9427837133407593,0.6796103411104276,2.05098819732666,0.015368429943919182,0.0,-2.352064371109009,0.030482685193419456,0.0
1767.9,3.540308713912964,1.5496859550476074,-0.004335425794124603,0.0027909614145755768,-0.008077701553702354,0.33328843116760254,0.9427860975265503,0.6796053867621459,2.051037311553955,-0.04998183622956276,0.0,-2.352048635482788,0.04655783995985985,0.0
1767.9166666666667,3.540301561355591,1.5496803522109985,-0.00436411052942276,0.0028717340901494026,-0.008265323005616665,0.33329370617866516,0.9427823424339294,0.6796175990888478,2.0506739616394043,0.01506834663450718,0.0,-2.3523330688476562,0.029612382873892784,0.0
1767.9333333333334,3.5403003692626953,1.5496790409088135,-0.004335358738899231,0.0027905774768441916,-0.008076938800513744,0.33329296112060547,0.9427845478057861,0.6796150166391417,2.0507054328918457,-0.050057247281074524,0.0,-2.352313756942749,0.0478350967168808,0.0
1767.95,3.5402936935424805,1.5496735572814941,-0.004364199936389923,0.0028717326931655407,-0.008265380747616291,0.3332982361316681,0.9427808523178101,0.6796272682772201,2.0503439903259277,0.016973884776234627,0.0,-2.352595567703247,0.031169814988970757,0.0
1767.9666666666667,3.540292501449585,1.5496726036071777,-0.004335388541221619,0.002791258506476879,-0.008078906685113907,0.3332967162132263,0.9427832365036011,0.6796230144561347,2.0503883361816406,-0.04976240172982216,0.0,-2.35258412361145,0.04734092205762863,0.0
1767.9833333333333,3.5402843952178955,1.5496666431427002,-0.0043608322739601135,0.0028525707311928272,-0.008210795931518078,0.3333019018173218,0.942780077457428,0.679634673411305,2.0500290393829346,0.006945840083062649,0.0,-2.352867364883423,0.02114499732851982,0.0
1768.0,3.540283679962158,1.5496656894683838,-0.004337377846240997,0.0027934289537370205,-0.008084520697593689,0.3333013951778412,0.9427815079689026,0.6796329648663719,2.050046920776367,-0.046744249761104584,0.0,-2.352855920791626,0.049225009977817535,0.0
1768.0166666666667,3.5402767658233643,1.549660325050354,-0.004363641142845154,0.0028711501508951187,-0.008263641968369484,0.3333060145378113,0.9427781105041504,0.6796437538736921,2.049699306488037,0.015726035460829735,0.0,-2.3531291484832764,0.029948176816105843,0.0
1768.0333333333333,3.540276527404785,1.549659252166748,-0.004335552453994751,0.002791142789646983,-0.00807873997837305,0.3333052098751068,0.9427802562713623,0.6796410445453108,2.0497303009033203,-0.04847612604498863,0.0,-2.3531243801116943,0.04960451275110245,0.0
1768.05,3.540268898010254,1.5496535301208496,-0.004364229738712311,0.0028716051019728184,-0.008264942094683647,0.333310067653656,0.9427766799926758,0.6796523693921325,2.0493788719177246,0.020611384883522987,0.0,-2.3533992767333984,0.03359118103981018,0.0
1768.0666666666666,3.5402672290802,1.5496524572372437,-0.004335366189479828,0.002790936967357993,-0.0080775897949934,0.3333079218864441,0.9427793025970459,0.6796467850625478,2.0494210720062256,-0.04870819300413132,0.0,-2.353393793106079,0.04732384905219078,0.0
1768.0833333333333,3.5402607917785645,1.5496468544006348,-0.004364199936389923,0.002871766220778227,-0.0082649365067482,0.33331263065338135,0.9427757263183594,0.6796577801225931,2.0490684509277344,0.017284365370869637,0.0,-2.353675603866577,0.030362170189619064,0.0
1768.1,3.540259599685669,1.549646019935608,-0.004335343837738037,0.002790552331134677,-0.00807702075690031,0.33331066370010376,0.9427782297134399,0.6796525439910742,2.0491116046905518,-0.04908670112490654,0.0,-2.3536670207977295,0.046819835901260376,0.0
1768.1166666666666,3.540252685546875,1.549640417098999,-0.004364192485809326,0.0028716817032545805,-0.008264529518783092,0.3333149254322052,0.9427748918533325,0.679662631068892,2.0487616062164307,0.01710953563451767,0.0,-2.3539528846740723,0.029210420325398445,0.0
1768.1333333333334,3.5402514934539795,1.5496395826339722,-0.004335381090641022,0.002790743252262473,-0.008077583275735378,0.3333129286766052,0.9427774548530579,0.6796573692576751,2.048804998397827,-0.04909887537360191,0.0,-2.3539438247680664,0.04641271010041237,0.0
1768.15,3.5402441024780273,1.5496337413787842,-0.004364185035228729,0.0028719394467771053,-0.008264523930847645,0.3333173394203186,0.9427741169929504,0.6796677898454985,2.048450469970703,0.015846960246562958,0.0,-2.354227066040039,0.028446951881051064,0.0
1768.1666666666667,3.5402426719665527,1.5496325492858887,-0.004335358738899231,0.0027907132171094418,-0.008077660575509071,0.3333161473274231,0.9427763819694519,0.6796642331260969,2.0484774112701416,-0.048514556139707565,0.0,-2.3542256355285645,0.048163849860429764,0.0
1768.1833333333334,3.5402355194091797,1.5496271848678589,-0.004364192485809326,0.0028719743713736534,-0.008264588192105293,0.3333207368850708,0.9427728652954102,0.6796749721815771,2.0481274127960205,0.01819702796638012,0.0,-2.3545055389404297,0.030919289216399193,0.0
1768.2,3.5402348041534424,1.5496257543563843,-0.004335299134254456,0.0027905339375138283,-0.008077269420027733,0.333320289850235,0.9427748918533325,0.6796730044655782,2.048149824142456,-0.04929244518280029,0.0,-2.354494094848633,0.04855835437774658,0.0
1768.2166666666667,3.5402276515960693,1.5496203899383545,-0.00436420738697052,0.0028716581873595715,-0.008263767696917057,0.33332422375679016,0.9427715539932251,0.6796823197807454,2.0478038787841797,0.019439563155174255,0.0,-2.354776620864868,0.030521253123879433,0.0
1768.2333333333333,3.540226459503174,1.5496190786361694,-0.004335358738899231,0.002790694124996662,-0.008077404461801052,0.3333229124546051,0.9427739381790161,0.6796785548911024,2.047844409942627,-0.04952680319547653,0.0,-2.354764461517334,0.0467880554497242,0.0
1768.25,3.540219306945801,1.54961359500885,-0.004364192485809326,0.0028722162824124098,-0.008265452459454536,0.33332714438438416,0.9427706003189087,0.679688577337308,2.047494888305664,0.016613762825727463,0.0,-2.3550517559051514,0.0277387835085392,0.0
1768.2666666666667,3.540217876434326,1.5496127605438232,-0.004335343837738037,0.0027905949391424656,-0.00807766430079937,0.33332565426826477,0.9427729845046997,0.6796843853447758,2.047525644302368,-0.04849246144294739,0.0,-2.3550474643707275,0.047114063054323196,0.0
1768.2833333333333,3.5402112007141113,1.5496070384979248,-0.004364199936389923,0.0028722318820655346,-0.008265447802841663,0.33332905173301697,0.9427698850631714,0.6796926024299587,2.0471837520599365,0.017511781305074692,0.0,-2.355335235595703,0.028513703495264053,0.0
1768.3,3.5402095317840576,1.5496060848236084,-0.004335291683673859,0.002790417755022645,-0.008077123202383518,0.3333278298377991,0.9427721500396729,0.6796889606773132,2.047215223312378,-0.049066536128520966,0.0,-2.355325698852539,0.0471903420984745,0.0
1768.3166666666666,3.540203332901001,1.549600601196289,-0.004364192485809326,0.0028717820532619953,-0.008264593780040741,0.33333173394203186,0.942768931388855,0.679698282010808,2.0468716621398926,0.01735428348183632,0.0,-2.3556127548217773,0.028315797448158264,0.0
1768.3333333333333,3.5402026176452637,1.5495996475219727,-0.004335388541221619,0.002790614264085889,-0.00807809829711914,0.33333027362823486,0.942771315574646,0.6796941737595993,2.0469114780426025,-0.04985501989722252,0.0,-2.3555917739868164,0.04565196484327316,0.0
1768.35,3.5401949882507324,1.5495939254760742,-0.004364170134067535,0.0028725857846438885,-0.008266191929578781,0.33333396911621094,0.9427681565284729,0.6797030478373833,2.0465638637542725,0.015366812236607075,0.0,-2.3558831214904785,0.02563302218914032,0.0
1768.3666666666666,3.540193796157837,1.5495930910110474,-0.004335358738899231,0.002790767000988126,-0.008078495040535927,0.33333253860473633,0.9427704811096191,0.6796989660135536,2.046603202819824,-0.04932665079832077,0.0,-2.35587215423584,0.0458519272506237,0.0
1768.3833333333334,3.5401859283447266,1.549587368965149,-0.004360780119895935,0.0028531497810035944,-0.008210672065615654,0.3333361744880676,0.942767858505249,0.6797073227207824,2.0462586879730225,0.007633181754499674,0.0,-2.3561649322509766,0.018414778634905815,0.0
1768.4,3.5401856899261475,1.549586296081543,-0.004337377846240997,0.0027931355871260166,-0.008084822446107864,0.33333638310432434,0.9427690505981445,0.6797071567563554,2.0462749004364014,-0.04773692041635513,0.0,-2.356147527694702,0.047645747661590576,0.0
1768.4166666666667,3.5401787757873535,1.5495808124542236,-0.004363566637039185,0.0028718409594148397,-0.00826372392475605,0.3333398699760437,0.9427660703659058,0.6797155363919326,2.0459368228912354,0.01358591578900814,0.0,-2.3564319610595703,0.02408403344452381,0.0
1768.4333333333334,3.5401771068573,1.5495796203613281,-0.004335559904575348,0.002790972590446472,-0.008078359998762608,0.3333382308483124,0.9427685737609863,0.6797110923185555,2.04598069190979,-0.04856423661112785,0.0,-2.35642147064209,0.046157658100128174,0.0
1768.45,3.540170669555664,1.549574375152588,-0.00436411052942276,0.002872300799936056,-0.008265368640422821,0.33334124088287354,0.9427655935287476,0.6797184698891834,2.0456395149230957,0.0155694130808115,0.0,-2.356710195541382,0.02551964297890663,0.0
1768.4666666666667,3.5401692390441895,1.5495734214782715,-0.004335358738899231,0.0027906130999326706,-0.008078101091086864,0.3333399295806885,0.9427680373191833,0.679714729962435,2.0456771850585938,-0.04938878118991852,0.0,-2.3566977977752686,0.045950017869472504,0.0
1768.4833333333333,3.5401623249053955,1.5495678186416626,-0.004364199936389923,0.0028723198920488358,-0.0082654794678092,0.3333429992198944,0.9427650570869446,0.6797222461267128,2.045334815979004,0.016041161492466927,0.0,-2.356987714767456,0.025317000225186348,0.0
1768.5,3.5401611328125,1.5495665073394775,-0.004335328936576843,0.0027901341672986746,-0.008077038452029228,0.3333422541618347,0.9427672028541565,0.6797196442614066,2.045366048812866,-0.049732647836208344,0.0,-2.356977701187134,0.04644884914159775,0.0
1768.5166666666667,3.540153741836548,1.5495610237121582,-0.004364170134067535,0.002871876349672675,-0.00826413743197918,0.3333452045917511,0.942764163017273,0.6797268495421025,2.045027017593384,0.016129041090607643,0.0,-2.357271432876587,0.02475859969854355,0.0
1768.5333333333333,3.5401527881622314,1.5495598316192627,-0.004335269331932068,0.0027903413865715265,-0.008076885715126991,0.33334460854530334,0.9427663087844849,0.6797246022600665,2.045046091079712,-0.04896092787384987,0.0,-2.357264995574951,0.0471973642706871,0.0
1768.55,3.5401458740234375,1.5495543479919434,-0.0043642595410346985,0.002871978795155883,-0.00826481357216835,0.33334803581237793,0.9427632689476013,0.6797329214230922,2.0447068214416504,0.017984924837946892,0.0,-2.357551097869873,0.027110721915960312,0.0
1768.5666666666666,3.540144443511963,1.5495532751083374,-0.004335358738899231,0.002790675265714526,-0.008077891543507576,0.3333466351032257,0.9427656531333923,0.6797289452019804,2.0447397232055664,-0.04925539344549179,0.0,-2.357544183731079,0.0465654619038105,0.0
1768.5833333333333,3.540137767791748,1.5495476722717285,-0.004364214837551117,0.0028721613343805075,-0.008264625445008278,0.3333495557308197,0.9427627325057983,0.6797361411541666,2.044400930404663,0.01706080511212349,0.0,-2.3578343391418457,0.02592385746538639,0.0
1768.6,3.5401368141174316,1.5495465993881226,-0.004335351288318634,0.0027904484886676073,-0.008077974431216717,0.3333479166030884,0.9427652359008789,0.6797316867822777,2.044435739517212,-0.048859890550374985,0.0,-2.35782527923584,0.045536208897829056,0.0
1768.6166666666666,3.5401296615600586,1.5495412349700928,-0.004364222288131714,0.0028727781027555466,-0.008266286924481392,0.3333502411842346,0.9427624344825745,0.6797375857200636,2.0441031455993652,0.01656312309205532,0.0,-2.3581221103668213,0.024372680112719536,0.0
1768.6333333333334,3.540128469467163,1.5495401620864868,-0.004335343837738037,0.0027904424350708723,-0.008077329955995083,0.3333488702774048,0.9427648782730103,0.6797336892652441,2.044146776199341,-0.04991785064339638,0.0,-2.3581087589263916,0.044776272028684616,0.0
1768.65,3.54012131690979,1.5495346784591675,-0.004364214837551117,0.002873286372050643,-0.008266663178801537,0.3333517611026764,0.9427618980407715,0.6797408104758339,2.0438027381896973,0.013779796659946442,0.0,-2.358402729034424,0.022793658077716827,0.0
1768.6666666666667,3.5401206016540527,1.549533486366272,-0.004335269331932068,0.002790608676150441,-0.00807756744325161,0.33335089683532715,0.9427640438079834,0.6797379293232639,2.0438365936279297,-0.049722425639629364,0.0,-2.3583927154541016,0.045657120645046234,0.0
1768.6833333333334,3.5401134490966797,1.5495280027389526,-0.004364266991615295,0.002872867276892066,-0.008266739547252655,0.3333536982536316,0.942761242389679,0.6797449421512823,2.043494939804077,0.016259249299764633,0.0,-2.358680486679077,0.024001019075512886,0.0
1768.7,3.5401124954223633,1.5495268106460571,-0.004335343837738037,0.0027907404582947493,-0.008078675717115402,0.3333517909049988,0.9427636861801147,0.679739820688088,2.0435383319854736,-0.049484748393297195,0.0,-2.3586699962615967,0.044284820556640625,0.0
1768.7166666666667,3.540105104446411,1.549521803855896,-0.004364170134067535,0.0028730889316648245,-0.008266797289252281,0.3333543837070465,0.9427609443664551,0.6797463656337295,2.043200969696045,0.014190876856446266,0.0,-2.3589699268341064,0.021405544131994247,0.0
1768.7333333333333,3.5401039123535156,1.5495203733444214,-0.0043353065848350525,0.0027902524452656507,-0.008076656609773636,0.33335423469543457,0.9427629709243774,0.6797450564553678,2.0432350635528564,-0.050954174250364304,0.0,-2.358949661254883,0.04515630006790161,0.0
1768.75,3.540097236633301,1.549514889717102,-0.004364266991615295,0.0028729159384965897,-0.008267397060990334,0.333356112241745,0.9427603483200073,0.6797500527510287,2.0428943634033203,0.015418578870594501,0.0,-2.359245777130127,0.02183525264263153,0.0
1768.7666666666667,3.5400962829589844,1.549513816833496,-0.004335366189479828,0.0027903506997972727,-0.0080778319388628,0.3333541750907898,0.9427629709243774,0.6797449366065429,2.0429399013519287,-0.04952992498874664,0.0,-2.3592376708984375,0.04390322417020798,0.0
1768.7833333333333,3.5400888919830322,1.5495084524154663,-0.004364192485809326,0.0028734151273965836,-0.008266782388091087,0.3333567976951599,0.942760169506073,0.6797515235145236,2.042598247528076,0.012982443906366825,0.0,-2.3595335483551025,0.020762167870998383,0.0
1768.8,3.540087938308716,1.5495071411132812,-0.004335284233093262,0.00279025174677372,-0.008076893165707588,0.33335593342781067,0.9427623152732849,0.6797486357206166,2.0426337718963623,-0.04996759444475174,0.0,-2.359522581100464,0.04500862956047058,0.0
1768.8166666666666,3.5400807857513428,1.5495017766952515,-0.004364214837551117,0.002872842364013195,-0.008266051299870014,0.3333585858345032,0.9427594542503357,0.6797552696245265,2.0422964096069336,0.015254255384206772,0.0,-2.3598198890686035,0.022041434422135353,0.0
1768.8333333333333,3.5400795936584473,1.5495007038116455,-0.004335328936576843,0.0027907942421734333,-0.008078545331954956,0.33335739374160767,0.9427617192268372,0.6797517121415005,2.042328357696533,-0.049576640129089355,0.0,-2.359804391860962,0.04447004944086075,0.0
1768.85,3.540071725845337,1.5494948625564575,-0.004360854625701904,0.0028540748171508312,-0.008212686516344547,0.33335956931114197,0.94275963306427,0.679757001788505,2.0419921875,0.008268517442047596,0.0,-2.3601036071777344,0.015144912526011467,0.0
1768.8666666666666,3.540071725845337,1.5494939088821411,-0.004337295889854431,0.002792969811707735,-0.008084885776042938,0.3333589732646942,0.9427610635757446,0.679755086825679,2.042013645172119,-0.04702546447515488,0.0,-2.3600986003875732,0.04583702236413956,0.0
1768.8833333333334,3.5400640964508057,1.5494886636734009,-0.004363656044006348,0.0028726966120302677,-0.008265397511422634,0.3333611488342285,0.9427586197853088,0.6797607357208516,2.0416831970214844,0.012679756619036198,0.0,-2.3603873252868652,0.020280681550502777,0.0
1768.9,3.54006290435791,1.5494871139526367,-0.004335492849349976,0.0027905874885618687,-0.00807842705398798,0.33336105942726135,0.9427605271339417,0.6797595438878433,2.041708469390869,-0.049677763134241104,0.0,-2.3603718280792236,0.046189144253730774,0.0
1768.9166666666667,3.5400564670562744,1.5494818687438965,-0.004364170134067535,0.002873085206374526,-0.008266692981123924,0.3333636224269867,0.9427577257156372,0.6797659897709816,2.0413732528686523,0.015033790841698647,0.0,-2.360666513442993,0.02232697606086731,0.0
1768.9333333333334,3.540055751800537,1.5494807958602905,-0.004335373640060425,0.0027900368440896273,-0.00807734951376915,0.3333611786365509,0.9427604079246521,0.6797597465464212,2.0414299964904785,-0.049549635499715805,0.0,-2.360654354095459,0.0429653562605381,0.0
1768.95,3.5400478839874268,1.5494753122329712,-0.00436420738697052,0.0028735054656863213,-0.008266921155154705,0.3333630859851837,0.9427578449249268,0.6797648134252275,2.04109263420105,0.013221140019595623,0.0,-2.360955238342285,0.019124122336506844,0.0
1768.9666666666667,3.540046453475952,1.5494742393493652,-0.004335321485996246,0.0027904456946998835,-0.008078043349087238,0.3333622217178345,0.9427601099014282,0.6797620022002917,2.041118621826172,-0.0492158979177475,0.0,-2.3609492778778076,0.04488527402281761,0.0
1768.9833333333333,3.5400400161743164,1.5494688749313354,-0.004364214837551117,0.0028730633202940226,-0.008266394026577473,0.33336398005485535,0.9427576661109924,0.6797667785875429,2.0407869815826416,0.01515602320432663,0.0,-2.3612499237060547,0.021961916238069534,0.0
1769.0,3.540039300918579,1.5494678020477295,-0.004335343837738037,0.0027909327764064074,-0.00807914137840271,0.3333628177642822,0.9427597522735596,0.6797632020189394,2.0408291816711426,-0.05011214688420296,0.0,-2.361236333847046,0.0442657470703125,0.0
1769.0166666666667,3.540031909942627,1.549461841583252,-0.004360847175121307,0.002854245714843273,-0.00821286253631115,0.3333646357059479,0.942757785320282,0.6797677221176888,2.0404930114746094,0.0085919089615345,0.0,-2.3615357875823975,0.014445154927670956,0.0
1769.0333333333333,3.5400311946868896,1.5494614839553833,-0.004337430000305176,0.0027936077676713467,-0.008086331188678741,0.3333624303340912,0.9427598714828491,0.6797624521045251,2.040541172027588,-0.047235578298568726,0.0,-2.3615224361419678,0.04245780035853386,0.0
1769.05,3.5400238037109375,1.5494555234909058,-0.00436016172170639,0.002854300197213888,-0.00821305438876152,0.33336374163627625,0.9427580833435059,0.6797658182786434,2.0402164459228516,0.007876059040427208,0.0,-2.361830234527588,0.014153939671814442,0.0
1769.0666666666666,3.540022850036621,1.5494545698165894,-0.004337571561336517,0.0027934208046644926,-0.008085532113909721,0.33336225152015686,0.9427599310874939,0.6797620604313965,2.040253162384033,-0.04735283553600311,0.0,-2.3618128299713135,0.04328897222876549,0.0
1769.0833333333333,3.5400161743164062,1.5494494438171387,-0.004363484680652618,0.0028729126788675785,-0.008266040123999119,0.3333636224269867,0.9427577257156372,0.6797659813356498,2.0399296283721924,0.009325437247753143,0.0,-2.3621184825897217,0.01543143019080162,0.0
1769.1,3.5400147438049316,1.5494486093521118,-0.004335612058639526,0.0027907080948352814,-0.008078604936599731,0.33336207270622253,0.9427600502967834,0.679761633495974,2.039977550506592,-0.04969397187232971,0.0,-2.3620948791503906,0.042844273149967194,0.0
1769.1166666666666,3.5400078296661377,1.549443006515503,-0.004364088177680969,0.0028738121036440134,-0.008267403580248356,0.33336398005485535,0.9427575469017029,0.6797667236106189,2.0396392345428467,0.011201349087059498,0.0,-2.3623974323272705,0.017967307940125465,0.0
1769.1333333333334,3.540006399154663,1.5494416952133179,-0.004335314035415649,0.002790343016386032,-0.008077442646026611,0.33336320519447327,0.9427598118782043,0.6797641062194324,2.0396716594696045,-0.049694787710905075,0.0,-2.362388849258423,0.04474721476435661,0.0
1769.15,3.539999485015869,1.549436092376709,-0.004364222288131714,0.0028732027858495712,-0.008266717195510864,0.33336517214775085,0.9427571296691895,0.6797692516176369,2.0393364429473877,0.015123792923986912,0.0,-2.3626856803894043,0.020986026152968407,0.0
1769.1666666666667,3.539998769760132,1.549435019493103,-0.004335284233093262,0.0027899770066142082,-0.008077363483607769,0.33336368203163147,0.9427595138549805,0.6797650540920785,2.0393636226654053,-0.0483991913497448,0.0,-2.3626813888549805,0.04465499520301819,0.0
1769.1833333333334,3.539991617202759,1.5494297742843628,-0.004364237189292908,0.002873468678444624,-0.008266851305961609,0.33336570858955383,0.9427569508552551,0.6797703941417751,2.0390329360961914,0.015458420850336552,0.0,-2.3629796504974365,0.021668991073966026,0.0
1769.2,3.5399906635284424,1.5494284629821777,-0.004335373640060425,0.0027904442977160215,-0.008078224956989288,0.3333651125431061,0.942759096622467,0.6797681428855403,2.0390737056732178,-0.05079401284456253,0.0,-2.362959861755371,0.04398203641176224,0.0
1769.2166666666667,3.5399835109710693,1.5494232177734375,-0.004364185035228729,0.002873451914638281,-0.008267175406217575,0.33336690068244934,0.9427565932273865,0.6797729619336357,2.038736343383789,0.01315542683005333,0.0,-2.3632595539093018,0.01833629049360752,0.0
1769.2333333333333,3.539983034133911,1.549421787261963,-0.00433533638715744,0.0027902480214834213,-0.008077986538410187,0.3333660662174225,0.9427586793899536,0.6797701233555982,2.0387728214263916,-0.05027562752366066,0.0,-2.363243818283081,0.043707121163606644,0.0
1769.25,3.539975881576538,1.5494165420532227,-0.004364199936389923,0.002873794874176383,-0.00826769694685936,0.33336755633354187,0.9427562952041626,0.6797743227439101,2.038440465927124,0.01412900723516941,0.0,-2.3635497093200684,0.018628377467393875,0.0
1769.2666666666667,3.5399744510650635,1.5494154691696167,-0.004335425794124603,0.0027902512811124325,-0.008077450096607208,0.33336493372917175,0.9427592158317566,0.6797677825957125,2.038499355316162,-0.04959864169359207,0.0,-2.3635332584381104,0.0411057323217392,0.0
1769.2833333333333,3.5399675369262695,1.5494102239608765,-0.004364147782325745,0.002873850055038929,-0.008267350494861603,0.3333664834499359,0.942756712436676,0.6797720597788148,2.038163661956787,0.01022664550691843,0.0,-2.3638434410095215,0.01564894989132881,0.0
1769.3,3.539966344833374,1.5494091510772705,-0.004335381090641022,0.0027902754954993725,-0.008077324368059635,0.333365261554718,0.942759096622467,0.6797684740886025,2.038205862045288,-0.05029737949371338,0.0,-2.3638248443603516,0.04262513667345047,0.0
1769.3166666666666,3.539959192276001,1.5494036674499512,-0.0043641626834869385,0.002873481484130025,-0.008266995660960674,0.33336713910102844,0.9427564740180969,0.6797734463482871,2.0378692150115967,0.011662165634334087,0.0,-2.3641321659088135,0.0173908993601799,0.0
1769.3333333333333,3.5399577617645264,1.5494023561477661,-0.004335284233093262,0.002790343016386032,-0.008078058250248432,0.33336663246154785,0.9427585005760193,0.6797713357499735,2.0378947257995605,-0.04999498650431633,0.0,-2.3641133308410645,0.04405393823981285,0.0
1769.35,3.5399508476257324,1.5493967533111572,-0.004364222288131714,0.0028735341038554907,-0.008267459459602833,0.3333684504032135,0.9427559971809387,0.6797762284833687,2.0375611782073975,0.01407583337277174,0.0,-2.3644163608551025,0.019642489030957222,0.0
1769.3666666666666,3.539949417114258,1.5493954420089722,-0.004335261881351471,0.002790285274386406,-0.008077170699834824,0.33336734771728516,0.942758321762085,0.6797728782094469,2.037590742111206,-0.04909438639879227,0.0,-2.3644137382507324,0.04487907513976097,0.0
1769.3833333333334,3.539942979812622,1.549390435218811,-0.004364229738712311,0.0028731755446642637,-0.008265768177807331,0.33336901664733887,0.9427557587623596,0.6797773870336776,2.0372586250305176,0.015636024996638298,0.0,-2.3647117614746094,0.021492667496204376,0.0
1769.4,3.539942741394043,1.549389123916626,-0.004335373640060425,0.002790096215903759,-0.008077507838606834,0.3333680033683777,0.9427580237388611,0.6797742426717885,2.0373001098632812,-0.05056636035442352,0.0,-2.3646841049194336,0.04280129447579384,0.0
1769.4166666666667,3.5399346351623535,1.5493836402893066,-0.004364199936389923,0.002873559482395649,-0.008267526514828205,0.33336958289146423,0.9427555203437805,0.6797785923318039,2.03696870803833,0.013346197083592415,0.0,-2.364994764328003,0.017243320122361183,0.0
1769.4333333333334,3.539933443069458,1.5493825674057007,-0.004335261881351471,0.002790480852127075,-0.008077746257185936,0.3333685100078583,0.9427578449249268,0.6797753167037393,2.0369980335235596,-0.04932194575667381,0.0,-2.364988088607788,0.043865498155355453,0.0
1769.45,3.539926290512085,1.5493768453598022,-0.00436420738697052,0.00287344167008996,-0.008266733027994633,0.3333699703216553,0.9427554607391357,0.6797794430080263,2.036668300628662,0.014939466491341591,0.0,-2.365291118621826,0.019806845113635063,0.0
1769.4666666666667,3.5399258136749268,1.5493757724761963,-0.0043353065848350525,0.0027900643181055784,-0.008077772334218025,0.33336877822875977,0.9427577257156372,0.6797758787742906,2.0366971492767334,-0.049114298075437546,0.0,-2.3652820587158203,0.04393468052148819,0.0
1769.4833333333333,3.5399186611175537,1.5493701696395874,-0.004364222288131714,0.0028733822982758284,-0.008266559801995754,0.3333706557750702,0.9427552223205566,0.6797808972621348,2.036362886428833,0.014276772737503052,0.0,-2.36558198928833,0.020163709297776222,0.0
1769.5,3.539917230606079,1.54936945438385,-0.00433533638715744,0.0027900817804038525,-0.008077125996351242,0.33336833119392395,0.9427579045295715,0.6797749305608602,2.0364115238189697,-0.04928313568234444,0.0,-2.365570545196533,0.04247503727674484,0.0
1769.5166666666667,3.539909839630127,1.5493639707565308,-0.004364222288131714,0.002873548772186041,-0.008267291821539402,0.3333694636821747,0.9427555799484253,0.6797783447744747,2.036083459854126,0.013602791354060173,0.0,-2.3658814430236816,0.018215440213680267,0.0
1769.5333333333333,3.5399093627929688,1.5493625402450562,-0.004335291683673859,0.0027906394097954035,-0.008078513666987419,0.3333692252635956,0.9427576065063477,0.6797768519712658,2.036106824874878,-0.05006776750087738,0.0,-2.365868330001831,0.044493597000837326,0.0
1769.55,3.5399019718170166,1.5493574142456055,-0.004364214837551117,0.002873579505831003,-0.00826730951666832,0.33337104320526123,0.9427550435066223,0.6797817072499782,2.035771608352661,0.015141081064939499,0.0,-2.3661675453186035,0.019832922145724297,0.0
1769.5666666666666,3.5399012565612793,1.5493561029434204,-0.004335373640060425,0.0027905916795134544,-0.008078661747276783,0.3333706557750702,0.9427570700645447,0.6797798740303806,2.035813570022583,-0.05114351958036423,0.0,-2.366140365600586,0.04275631904602051,0.0
1769.5833333333333,3.53989315032959,1.549350380897522,-0.004360787570476532,0.00285455328412354,-0.008213545195758343,0.3333721458911896,0.9427551031112671,0.6797836490979016,2.035477876663208,0.009012682363390923,0.0,-2.366450071334839,0.013383974321186543,0.0
1769.6,3.5398926734924316,1.5493496656417847,-0.0043373703956604,0.0027931728400290012,-0.008085443638265133,0.3333715796470642,0.9427566528320312,0.6797818630919228,2.0355067253112793,-0.048209428787231445,0.0,-2.366433620452881,0.04324142634868622,0.0
1769.6166666666666,3.5398857593536377,1.5493439435958862,-0.004363551735877991,0.0028737776447087526,-0.008267286233603954,0.33337295055389404,0.9427544474601746,0.6797857916318584,2.035179376602173,0.008621319197118282,0.0,-2.3667402267456055,0.014439824968576431,0.0
1769.6333333333334,3.539884567260742,1.5493429899215698,-0.004335522651672363,0.002790684113278985,-0.008078483864665031,0.3333711326122284,0.9427569508552551,0.6797809073036555,2.0352189540863037,-0.04831479489803314,0.0,-2.366731882095337,0.04353923723101616,0.0
1769.65,3.53987717628479,1.54933762550354,-0.004364199936389923,0.0028737562242895365,-0.008267126977443695,0.3333722949028015,0.9427546262741089,0.6797843707708665,2.0348923206329346,0.015005186200141907,0.0,-2.3670339584350586,0.01937006413936615,0.0
1769.6666666666667,3.5398759841918945,1.5493360757827759,-0.004335269331932068,0.0027902654837816954,-0.00807780772447586,0.3333721458911896,0.9427565336227417,0.6797830209708953,2.03491473197937,-0.04996580258011818,0.0,-2.367017984390259,0.04435961693525314,0.0
1769.6833333333334,3.5398690700531006,1.549330711364746,-0.0043641626834869385,0.0028735469095408916,-0.008266884833574295,0.3333740532398224,0.9427539706230164,0.6797880824413759,2.0345821380615234,0.014063453301787376,0.0,-2.367321252822876,0.01918772980570793,0.0
1769.7,3.5398683547973633,1.5493297576904297,-0.004335284233093262,0.00279062706977129,-0.008078193292021751,0.3333732485771179,0.9427562355995178,0.6797854096994693,2.034611940383911,-0.049527570605278015,0.0,-2.367311954498291,0.04453316330909729,0.0
1769.7166666666667,3.539860486984253,1.5493241548538208,-0.004360847175121307,0.0028541386127471924,-0.008211830630898476,0.33337509632110596,0.9427541494369507,0.6797899327289401,2.034278631210327,0.008590280078351498,0.0,-2.3676130771636963,0.014285776764154434,0.0
1769.7333333333333,3.5398600101470947,1.5493229627609253,-0.00433734804391861,0.002792410785332322,-0.008084036409854889,0.33337533473968506,0.942755401134491,0.6797898564617377,2.0343048572540283,-0.04885029047727585,0.0,-2.367583751678467,0.0437854640185833,0.0
1769.75,3.5398526191711426,1.5493175983428955,-0.004363559186458588,0.0028736458625644445,-0.008266850374639034,0.3333762586116791,0.9427531957626343,0.6797927621329911,2.0339808464050293,0.009817053563892841,0.0,-2.3678929805755615,0.01411472912877798,0.0
1769.7666666666667,3.5398519039154053,1.5493162870407104,-0.004335470497608185,0.0027906352188438177,-0.008078387007117271,0.33337607979774475,0.9427551031112671,0.6797913512922845,2.034001111984253,-0.04899390786886215,0.0,-2.3678786754608154,0.04463007673621178,0.0
1769.7833333333333,3.5398447513580322,1.5493109226226807,-0.004364192485809326,0.002873712684959173,-0.008267214521765709,0.33337724208831787,0.9427528977394104,0.6797948795726662,2.0336756706237793,0.01558650191873312,0.0,-2.3681821823120117,0.019783353433012962,0.0
1769.8,3.539843797683716,1.5493099689483643,-0.004335351288318634,0.0027903111185878515,-0.008077815175056458,0.3333759307861328,0.9427551627159119,0.6797910336721421,2.033714771270752,-0.0496637262403965,0.0,-2.368166923522949,0.04299432411789894,0.0
1769.8166666666666,3.5398366451263428,1.549304485321045,-0.0043642520904541016,0.0028738880064338446,-0.008268325589597225,0.33337682485580444,0.9427530169487,0.679793995554643,2.033386707305908,0.01384621299803257,0.0,-2.3684749603271484,0.017190689221024513,0.0
1769.8333333333333,3.5398354530334473,1.549303650856018,-0.004335284233093262,0.0027903676964342594,-0.008077269420027733,0.33337587118148804,0.9427552819252014,0.6797909486790168,2.033423662185669,-0.05034174770116806,0.0,-2.3684592247009277,0.04288359358906746,0.0
1769.85,3.539828062057495,1.5492980480194092,-0.004364199936389923,0.0028735348023474216,-0.008266851305961609,0.3333773612976074,0.9427528381347656,0.6797951197982673,2.033090591430664,0.012718968093395233,0.0,-2.368767499923706,0.017087047919631004,0.0
1769.8666666666666,3.539827346801758,1.549296498298645,-0.004335291683673859,0.0027903299778699875,-0.008077878504991531,0.3333776891231537,0.9427546262741089,0.6797948091882359,2.0331130027770996,-0.05092795938253403,0.0,-2.368745803833008,0.04417474940419197,0.0
1769.8833333333334,3.539820432662964,1.5492910146713257,-0.004364199936389923,0.0028735906817018986,-0.008267562836408615,0.3333796560764313,0.9427520036697388,0.6797999874012858,2.0327796936035156,0.013841161504387856,0.0,-2.3690521717071533,0.017816606909036636,0.0
1769.9,3.539818048477173,1.5492910146713257,-0.004335783421993256,0.0027904491871595383,-0.0080794058740139,0.3333740234375,0.9427558779716492,0.6797870318782921,2.032855272293091,-0.0450567863881588,0.0,-2.3690671920776367,0.040553923696279526,0.0
1769.9166666666667,3.5398108959198,1.5492852926254272,-0.004364296793937683,0.002873343415558338,-0.008268581703305244,0.3333781361579895,0.942752480506897,0.6797967510887726,2.032496213912964,0.006547086406499147,0.0,-2.3693594932556152,0.02384803630411625,0.0
1769.9333333333334,3.5398097038269043,1.5492843389511108,-0.004335507750511169,0.002790420548990369,-0.008077431470155716,0.3333777189254761,0.9427546262741089,0.6797948696033819,2.0325236320495605,-0.05008766055107117,0.0,-2.3693435192108154,0.0468866191804409,0.0
1769.95,3.539802312850952,1.5492783784866333,-0.004364416003227234,0.0028715822845697403,-0.008267049677670002,0.33338335156440735,0.9427507519721985,0.6798078738365408,2.0321578979492188,0.012114611454308033,0.0,-2.3696296215057373,0.028387971222400665,0.0
1769.9666666666667,3.5398008823394775,1.5492770671844482,-0.004335522651672363,0.0027912165969610214,-0.008079339750111103,0.33338263630867004,0.9427527785301208,0.6798052663571386,2.0321788787841797,-0.049568723887205124,0.0,-2.3696200847625732,0.04840763285756111,0.0
1769.9833333333333,3.5397939682006836,1.5492713451385498,-0.004360981285572052,0.002852860139682889,-0.008212381042540073,0.3333887755870819,0.9427492022514343,0.6798189230837073,2.0318121910095215,0.006007001269608736,0.0,-2.3698952198028564,0.022718969732522964,0.0
1770.0,3.539792776107788,1.5492706298828125,-0.0043376535177230835,0.0027940685395151377,-0.008086834102869034,0.3333875834941864,0.9427509903907776,0.6798158262029828,2.031853199005127,-0.04771078750491142,0.0,-2.369877338409424,0.04654908552765846,0.0
1770.0166666666667,3.539785861968994,1.5492651462554932,-0.004363715648651123,0.0028723517898470163,-0.008268075995147228,0.33339276909828186,0.9427474141120911,0.6798278572124731,2.031496286392212,0.006872022524476051,0.0,-2.3701610565185547,0.02311597764492035,0.0
1770.0333333333333,3.539785146713257,1.549263834953308,-0.004335753619670868,0.002790829399600625,-0.008078666403889656,0.3333922028541565,0.9427495002746582,0.6798256112452236,2.031524896621704,-0.04930222034454346,0.0,-2.3701424598693848,0.04783749580383301,0.0
1770.05,3.5397772789001465,1.5492583513259888,-0.004364393651485443,0.0028717205859720707,-0.008266590535640717,0.33339759707450867,0.9427456855773926,0.6798380732549916,2.0311639308929443,0.013035709969699383,0.0,-2.370419979095459,0.0276320930570364,0.0
1770.0666666666666,3.539776563644409,1.5492570400238037,-0.004335470497608185,0.0027906475588679314,-0.008077616803348064,0.3333973288536072,0.9427476525306702,0.6798364540000463,2.0311875343322754,-0.04972948506474495,0.0,-2.370413303375244,0.04849770665168762,0.0
1770.0833333333333,3.539769411087036,1.5492517948150635,-0.0043644532561302185,0.0028720004484057426,-0.008266911841928959,0.33340248465538025,0.9427439570426941,0.6798484444999533,2.0308291912078857,0.014838386327028275,0.0,-2.3706910610198975,0.028826728463172913,0.0
1770.1,3.5397684574127197,1.5492507219314575,-0.004335582256317139,0.002791040111333132,-0.008078307844698429,0.33340150117874146,0.9427461624145508,0.6798453046093378,2.0308706760406494,-0.05062391236424446,0.0,-2.370666027069092,0.04589264094829559,0.0
1770.1166666666666,3.5397608280181885,1.5492451190948486,-0.004364430904388428,0.0028727520257234573,-0.008269204758107662,0.3334064781665802,0.9427425861358643,0.6798569665043418,2.0305097103118896,0.010946564376354218,0.0,-2.37095308303833,0.024567050859332085,0.0
1770.1333333333334,3.539760112762451,1.5492439270019531,-0.004335515201091766,0.0027908701449632645,-0.00807845126837492,0.33340615034103394,0.9427445530891418,0.6798551908652584,2.0305354595184326,-0.05025612562894821,0.0,-2.3709356784820557,0.04682150483131409,0.0
1770.15,3.539752960205078,1.5492379665374756,-0.0043644532561302185,0.0028729166369885206,-0.00826957169920206,0.33341124653816223,0.9427407383918762,0.6798670034292923,2.0301756858825684,0.011828717775642872,0.0,-2.3712170124053955,0.025283124297857285,0.0
1770.1666666666667,3.5397512912750244,1.5492372512817383,-0.004335470497608185,0.0027907160110771656,-0.00807785801589489,0.33340954780578613,0.9427433013916016,0.6798623654442647,2.0302159786224365,-0.04900151863694191,0.0,-2.3712122440338135,0.04568633809685707,0.0
1770.1833333333334,3.5397441387176514,1.5492316484451294,-0.004364430904388428,0.0028728467877954245,-0.008268908597528934,0.333413302898407,0.9427400231361389,0.6798713625748641,2.02986741065979,0.011829582042992115,0.0,-2.3715033531188965,0.024443404749035835,0.0
1770.2,3.539743423461914,1.5492305755615234,-0.004335477948188782,0.0027909332420676947,-0.008078659884631634,0.33341318368911743,0.9427419900894165,0.6798700763150477,2.029891014099121,-0.04992859065532684,0.0,-2.371488332748413,0.04680865257978439,0.0
1770.2166666666667,3.539736032485962,1.549224853515625,-0.0043644979596138,0.002872908255085349,-0.008269396610558033,0.33341726660728455,0.9427387118339539,0.679879826266561,2.029538869857788,0.013056083582341671,0.0,-2.371774911880493,0.025364797562360764,0.0
1770.2333333333333,3.539734363555908,1.5492236614227295,-0.004335440695285797,0.0027903730515390635,-0.008077571168541908,0.33341628313064575,0.9427409172058105,0.6798766538938202,2.029568910598755,-0.04939669743180275,0.0,-2.3717668056488037,0.04649113491177559,0.0
1770.25,3.5397279262542725,1.5492178201675415,-0.004364438354969025,0.0028729962650686502,-0.008268382400274277,0.3334207832813263,0.9427375197410583,0.6798872964880677,2.0292158126831055,0.011694961227476597,0.0,-2.3720524311065674,0.024585019797086716,0.0
1770.2666666666667,3.539726734161377,1.5492171049118042,-0.004335574805736542,0.00279091764241457,-0.008079762570559978,0.33341848850250244,0.9427401423454285,0.6798813636966392,2.0292556285858154,-0.048301514238119125,0.0,-2.3720457553863525,0.04498343914747238,0.0
1770.2833333333333,3.5397191047668457,1.549211025238037,-0.004361040890216827,0.0028539346531033516,-0.008214741945266724,0.3334219753742218,0.9427375793457031,0.6798894466308265,2.0289108753204346,0.007120744790881872,0.0,-2.3723387718200684,0.01927321031689644,0.0
1770.3,3.5397183895111084,1.5492103099822998,-0.00433756411075592,0.002793549560010433,-0.008086984045803547,0.33342087268829346,0.9427392482757568,0.6798864780480592,2.0289437770843506,-0.047386035323143005,0.0,-2.3723344802856445,0.046037111431360245,0.0
1770.3166666666666,3.5397114753723145,1.5492043495178223,-0.004360400140285492,0.00285379309207201,-0.00821433775126934,0.3334246575832367,0.9427366852760315,0.6798951608705595,2.028595447540283,0.006571916863322258,0.0,-2.3726158142089844,0.01952291652560234,0.0
1770.3333333333333,3.539710283279419,1.549203872680664,-0.00433783233165741,0.0027935856487601995,-0.00808660313487053,0.3334219753742218,0.9427388310432434,0.6798887968676456,2.028653383255005,-0.046939242631196976,0.0,-2.3726086616516113,0.0440811812877655,0.0
1770.35,3.539703130722046,1.5491983890533447,-0.004363715648651123,0.0028730551712214947,-0.008268916979432106,0.33342495560646057,0.942736029624939,0.6798961491513519,2.0283093452453613,0.006690300069749355,0.0,-2.3728983402252197,0.018953122198581696,0.0
1770.3666666666666,3.5397024154663086,1.5491971969604492,-0.004335708916187286,0.002790644997730851,-0.008078466169536114,0.3334242105484009,0.9427381753921509,0.6798935159344613,2.028332471847534,-0.04865894839167595,0.0,-2.3728883266448975,0.04655712470412254,0.0
1770.3833333333334,3.5396950244903564,1.549191951751709,-0.004364378750324249,0.0028727843891829252,-0.008268053643405437,0.3334285616874695,0.9427347183227539,0.679903770753159,2.0279836654663086,0.012084908783435822,0.0,-2.373173713684082,0.02414156310260296,0.0
1770.4,3.53969407081604,1.5491905212402344,-0.004335515201091766,0.0027905055321753025,-0.008078286424279213,0.33342865109443665,0.9427365064620972,0.6799028850039551,2.028013229370117,-0.05084477737545967,0.0,-2.373152017593384,0.046263761818408966,0.0
1770.4166666666667,3.539687156677246,1.5491851568222046,-0.004364430904388428,0.0028733382932841778,-0.008269558660686016,0.3334323465824127,0.9427334070205688,0.6799118326217061,2.0276663303375244,0.011668371967971325,0.0,-2.3734421730041504,0.021321555599570274,0.0
1770.4333333333334,3.5396859645843506,1.549183964729309,-0.004335537552833557,0.0027905863244086504,-0.008078891783952713,0.3334311544895172,0.9427356719970703,0.6799082313849175,2.027709484100342,-0.05036230757832527,0.0,-2.373420238494873,0.04369870200753212,0.0
1770.45,3.5396788120269775,1.5491783618927002,-0.004364363849163055,0.0028735571540892124,-0.008269943296909332,0.3334346413612366,0.9427325129508972,0.6799166620604818,2.027357816696167,0.008191170170903206,0.0,-2.373715400695801,0.01877395436167717,0.0
1770.4666666666667,3.539677381515503,1.5491774082183838,-0.004335492849349976,0.0027901369612663984,-0.00807749480009079,0.3334334194660187,0.942734956741333,0.6799130646954308,2.0273935794830322,-0.04970955103635788,0.0,-2.373704433441162,0.04452832043170929,0.0
1770.4833333333333,3.539670705795288,1.549172043800354,-0.004364445805549622,0.0028734728693962097,-0.008269671350717545,0.3334364891052246,0.9427319169044495,0.6799206087940789,2.027048349380493,0.010021123103797436,0.0,-2.3739991188049316,0.02007034234702587,0.0
1770.5,3.539669990539551,1.549170732498169,-0.004335545003414154,0.0027903784066438675,-0.008078422397375107,0.3334355056285858,0.9427341222763062,0.6799174524665343,2.0270934104919434,-0.05095070227980614,0.0,-2.373974323272705,0.04349582642316818,0.0
1770.5166666666667,3.5396621227264404,1.54916512966156,-0.004364460706710815,0.0028735678642988205,-0.008270318619906902,0.3334387540817261,0.9427312016487122,0.679925468174563,2.026742696762085,0.008350824005901814,0.0,-2.374270439147949,0.017599673941731453,0.0
1770.5333333333333,3.539661407470703,1.549164056777954,-0.004335455596446991,0.0027902605943381786,-0.008077818900346756,0.3334377110004425,0.9427334070205688,0.6799221569096325,2.026768922805786,-0.04927583411335945,0.0,-2.3742666244506836,0.04505452141165733,0.0
1770.55,3.539654016494751,1.5491586923599243,-0.004364505410194397,0.0028734244406223297,-0.008269160985946655,0.33344075083732605,0.9427304267883301,0.6799296519598498,2.0264275074005127,0.011936893686652184,0.0,-2.3745603561401367,0.021305568516254425,0.0
1770.5666666666666,3.5396530628204346,1.5491575002670288,-0.00433553010225296,0.0027903395239263773,-0.008078443817794323,0.3334404230117798,0.9427324533462524,0.6799279227104846,2.0264620780944824,-0.05091099068522453,0.0,-2.374537944793701,0.04435398429632187,0.0
1770.5833333333333,3.5396456718444824,1.5491517782211304,-0.004364416003227234,0.0028734742663800716,-0.008269846439361572,0.3334435522556305,0.9427294731140137,0.6799356254585629,2.026115894317627,0.009168582037091255,0.0,-2.374835968017578,0.018130071461200714,0.0
1770.6,3.539644479751587,1.5491504669189453,-0.004335515201091766,0.0027906049508601427,-0.008078986778855324,0.3334425985813141,0.9427316784858704,0.6799325410616323,2.026144504547119,-0.04966220632195473,0.0,-2.3748230934143066,0.044409167021512985,0.0
1770.6166666666666,3.539638042449951,1.5491454601287842,-0.004364445805549622,0.0028737543616443872,-0.008270238526165485,0.3334459662437439,0.9427286386489868,0.6799407599734686,2.0257976055145264,0.009474236518144608,0.0,-2.375117540359497,0.019459357485175133,0.0
1770.6333333333334,3.5396368503570557,1.5491443872451782,-0.004335559904575348,0.002790189813822508,-0.008077796548604965,0.33344441652297974,0.9427310228347778,0.6799363777359428,2.0258560180664062,-0.05132082849740982,0.0,-2.3750903606414795,0.042253851890563965,0.0
1770.65,3.5396294593811035,1.5491387844085693,-0.004364423453807831,0.002874217228963971,-0.008271557278931141,0.3334469795227051,0.9427281618118286,0.6799428639687419,2.025508403778076,0.00795247033238411,0.0,-2.3753957748413086,0.016288915649056435,0.0
1770.6666666666667,3.539628505706787,1.5491377115249634,-0.004335463047027588,0.0027900617569684982,-0.008077588863670826,0.3334462344646454,0.9427303671836853,0.6799402265082054,2.025540828704834,-0.05056066811084747,0.0,-2.375379800796509,0.04374263808131218,0.0
1770.6833333333334,3.539621353149414,1.549132227897644,-0.004364505410194397,0.002873939462006092,-0.008270931430161,0.3334489166736603,0.9427275657653809,0.6799470135366658,2.0251951217651367,0.009206035174429417,0.0,-2.3756778240203857,0.018026478588581085,0.0
1770.7,3.5396203994750977,1.5491310358047485,-0.004335477948188782,0.002790214493870735,-0.008078879676759243,0.33344799280166626,0.942729651927948,0.6799439273928256,2.0252318382263184,-0.050492189824581146,0.0,-2.3756585121154785,0.04344687610864639,0.0
1770.7166666666667,3.5396132469177246,1.5491254329681396,-0.004364445805549622,0.002873840043321252,-0.00827054027467966,0.3334507644176483,0.9427269101142883,0.6799509276404695,2.0248892307281494,0.008697012439370155,0.0,-2.375959634780884,0.01675015315413475,0.0
1770.7333333333333,3.539612054824829,1.5491242408752441,-0.004335522651672363,0.002790352562442422,-0.008078780956566334,0.3334493935108185,0.9427292346954346,0.6799469364631157,2.0249297618865967,-0.050095606595277786,0.0,-2.375945568084717,0.04297391697764397,0.0
1770.75,3.539605140686035,1.5491188764572144,-0.004364438354969025,0.0028742714785039425,-0.008271336555480957,0.3334520757198334,0.9427263140678406,0.679953648664136,2.0245871543884277,0.008441057987511158,0.0,-2.3762471675872803,0.01646176539361477,0.0
1770.7666666666667,3.5396041870117188,1.5491176843643188,-0.004335515201091766,0.0027897402178496122,-0.008077285252511501,0.33345064520835876,0.9427287578582764,0.6799495582393834,2.024632692337036,-0.050503432750701904,0.0,-2.376228094100952,0.04236681014299393,0.0
1770.7833333333333,3.5395967960357666,1.549112319946289,-0.0043644979596138,0.0028740433044731617,-0.008270977064967155,0.3334527611732483,0.9427261352539062,0.679955133039895,2.024290084838867,0.008202260360121727,0.0,-2.3765313625335693,0.015661686658859253,0.0
1770.8,3.5395963191986084,1.5491111278533936,-0.004335477948188782,0.002790094818919897,-0.008077961392700672,0.3334517180919647,0.9427284002304077,0.6799518522162129,2.0243289470672607,-0.050648968666791916,0.0,-2.3765149116516113,0.04272320866584778,0.0
1770.8166666666666,3.539588451385498,1.5491056442260742,-0.0043644979596138,0.0028741583228111267,-0.00827047135680914,0.333454430103302,0.9427255988121033,0.6799586921644697,2.0239815711975098,0.008433312177658081,0.0,-2.3768136501312256,0.01615946739912033,0.0
1770.8333333333333,3.5395870208740234,1.5491044521331787,-0.004335448145866394,0.0027899621054530144,-0.008077641017735004,0.3334537148475647,0.9427276253700256,0.6799560496220467,2.0240137577056885,-0.05036849156022072,0.0,-2.3768017292022705,0.043679267168045044,0.0
1770.85,3.5395803451538086,1.5490992069244385,-0.004364460706710815,0.0028733834624290466,-0.008269170299172401,0.3334558606147766,0.9427250623703003,0.6799617001643626,2.023671865463257,0.009037152864038944,0.0,-2.3771004676818848,0.01659289188683033,0.0
1770.8666666666666,3.5395801067352295,1.5490977764129639,-0.004335492849349976,0.00279027852229774,-0.008077750913798809,0.33345529437065125,0.9427271485328674,0.6799594410693928,2.0237112045288086,-0.05117357522249222,0.0,-2.377082347869873,0.043395448476076126,0.0
1770.8833333333334,3.53957200050354,1.5490922927856445,-0.0043644979596138,0.0028739271219819784,-0.008270679041743279,0.3334580063819885,0.9427242279052734,0.6799662312837136,2.023364782333374,0.00944565236568451,0.0,-2.377380609512329,0.016323262825608253,0.0
1770.9,3.5395708084106445,1.5490909814834595,-0.004335440695285797,0.0027899090200662613,-0.008077201433479786,0.33345678448677063,0.9427266120910645,0.6799625935937818,2.0234038829803467,-0.05004952475428581,0.0,-2.3773727416992188,0.04315280169248581,0.0
1770.9166666666667,3.5395641326904297,1.5490857362747192,-0.004364505410194397,0.0028745620511472225,-0.008271399885416031,0.333458811044693,0.9427239894866943,0.6799679660872678,2.023061990737915,0.009204725734889507,0.0,-2.3776707649230957,0.016303906217217445,0.0
1770.9333333333334,3.5395631790161133,1.5490846633911133,-0.004335477948188782,0.002790144644677639,-0.008078360930085182,0.33345770835876465,0.942726194858551,0.6799645223941633,2.0231049060821533,-0.05064248666167259,0.0,-2.3776543140411377,0.04252089187502861,0.0
1770.95,3.539555549621582,1.5490790605545044,-0.0043644532561302185,0.002874565776437521,-0.008271632716059685,0.33346012234687805,0.9427234530448914,0.6799707143394883,2.0227625370025635,0.008182939141988754,0.0,-2.377957820892334,0.015033823437988758,0.0
1770.9666666666667,3.5395548343658447,1.5490778684616089,-0.0043354332447052,0.0027899793349206448,-0.008078198879957199,0.3334597051143646,0.9427255392074585,0.6799687845858551,2.0227859020233154,-0.05019259452819824,0.0,-2.3779447078704834,0.043679915368556976,0.0
1770.9833333333333,3.5395472049713135,1.5490723848342896,-0.004364505410194397,0.0028739336412400007,-0.0082702049985528,0.3334619104862213,0.9427229166030884,0.6799745428269387,2.022446393966675,0.009878830052912235,0.0,-2.3782436847686768,0.01675426959991455,0.0
1771.0,3.539546012878418,1.549070954322815,-0.004335485398769379,0.0027901921421289444,-0.008078658021986485,0.33346104621887207,0.9427251219749451,0.6799716642599226,2.0224852561950684,-0.05071313679218292,0.0,-2.3782267570495605,0.04271763935685158,0.0
1771.0166666666667,3.5395395755767822,1.5490657091140747,-0.00436440110206604,0.0028743091970682144,-0.00827073398977518,0.33346298336982727,0.942722499370575,0.6799768033798135,2.0221447944641113,0.008259044960141182,0.0,-2.3785321712493896,0.015036762692034245,0.0
1771.0333333333333,3.5395383834838867,1.5490648746490479,-0.004335574805736542,0.0027900238055735826,-0.008078256621956825,0.33346131443977356,0.9427249431610107,0.6799721854986047,2.02219557762146,-0.05068053677678108,0.0,-2.378511428833008,0.041107796132564545,0.0
1771.05,3.539531707763672,1.5490591526031494,-0.004364438354969025,0.0028748358599841595,-0.008272283710539341,0.333463191986084,0.9427223801612854,0.6799772409797857,2.021855354309082,0.008123581297695637,0.0,-2.378822088241577,0.014571904204785824,0.0
1771.0666666666666,3.539530038833618,1.5490583181381226,-0.004335574805736542,0.0027904624585062265,-0.008079617284238338,0.33346059918403625,0.9427251815795898,0.6799706766373586,2.0219147205352783,-0.05053675174713135,0.0,-2.378803014755249,0.0397244468331337,0.0
1771.0833333333333,3.539522647857666,1.5490524768829346,-0.004360981285572052,0.0028558936901390553,-0.008218112401664257,0.3334624171257019,0.9427232146263123,0.6799752484416555,2.0215718746185303,0.00767745915800333,0.0,-2.3791160583496094,0.014513948000967503,0.0
1771.1,3.539522886276245,1.5490515232086182,-0.004337593913078308,0.0027927446644753218,-0.008086256682872772,0.3334616720676422,0.9427248239517212,0.6799730417537093,2.0216100215911865,-0.0496375635266304,0.0,-2.379093885421753,0.04122762009501457,0.0
1771.1166666666666,3.5395147800445557,1.5490461587905884,-0.004363790154457092,0.0028745061717927456,-0.008271520957350731,0.3334634602069855,0.9427223205566406,0.6799778201335894,2.0212690830230713,0.00803354848176241,0.0,-2.3793997764587402,0.01490249764174223,0.0
1771.1333333333334,3.5395138263702393,1.5490449666976929,-0.004335649311542511,0.0027899437118321657,-0.008078109472990036,0.3334628641605377,0.9427244663238525,0.6799755091394935,2.0213072299957275,-0.05068616196513176,0.0,-2.3793864250183105,0.043033014982938766,0.0
1771.15,3.539506673812866,1.549039363861084,-0.004364430904388428,0.0028744086157530546,-0.008271208964288235,0.3334643840789795,0.9427219033241272,0.6799797295444157,2.020967483520508,0.008419177494943142,0.0,-2.3796889781951904,0.014782172627747059,0.0
1771.1666666666667,3.5395052433013916,1.549038290977478,-0.004335485398769379,0.0027904813177883625,-0.008079024963080883,0.3334629237651825,0.9427244067192078,0.6799756234964784,2.0210068225860596,-0.049729831516742706,0.0,-2.3796799182891846,0.04243208467960358,0.0
1771.1833333333334,3.5394980907440186,1.54903244972229,-0.004361078143119812,0.0028554999735206366,-0.008216802962124348,0.33346492052078247,0.9427223205566406,0.679980539174267,2.020669460296631,0.00786074809730053,0.0,-2.379981517791748,0.014070059172809124,0.0
1771.2,3.5394973754882812,1.5490317344665527,-0.004337504506111145,0.0027928645722568035,-0.00808602012693882,0.3334641754627228,0.9427239298820496,0.6799783433889417,2.0207033157348633,-0.04855315387248993,0.0,-2.379971742630005,0.04254179447889328,0.0
1771.2166666666667,3.539490222930908,1.5490261316299438,-0.004363849759101868,0.0028743550647050142,-0.008271455764770508,0.3334658741950989,0.9427214860916138,0.6799829527952898,2.0203652381896973,0.007545904256403446,0.0,-2.3802716732025146,0.015154777094721794,0.0
1771.2333333333333,3.5394890308380127,1.5490248203277588,-0.004335664212703705,0.002790474332869053,-0.008079294115304947,0.33346495032310486,0.9427237510681152,0.6799799593036939,2.020404100418091,-0.050492554903030396,0.0,-2.380253553390503,0.04297444224357605,0.0
1771.25,3.539482593536377,1.5490195751190186,-0.004364393651485443,0.00287415599450469,-0.00827045924961567,0.33346664905548096,0.9427211880683899,0.6799845706702009,2.0200634002685547,0.008280964568257332,0.0,-2.380556344985962,0.014933371916413307,0.0
1771.2666666666667,3.5394818782806396,1.5490186214447021,-0.004335567355155945,0.002790622878819704,-0.008079610764980316,0.33346450328826904,0.9427238702774048,0.6799789938533265,2.020122766494751,-0.050358884036540985,0.0,-2.3805410861968994,0.04080536589026451,0.0
1771.2833333333333,3.53947377204895,1.5490127801895142,-0.004361040890216827,0.002855575643479824,-0.008217846043407917,0.33346661925315857,0.9427217841148376,0.6799841927220124,2.019782066345215,0.008082771673798561,0.0,-2.3808488845825195,0.013560106046497822,0.0
1771.3,3.5394725799560547,1.549012303352356,-0.004337534308433533,0.0027930678334087133,-0.008086449466645718,0.3334651291370392,0.9427235722541809,0.6799803605564636,2.019824743270874,-0.04908163845539093,0.0,-2.3808302879333496,0.040669478476047516,0.0
1771.3166666666666,3.539466381072998,1.549006462097168,-0.004363745450973511,0.0028746742755174637,-0.008271744474768639,0.33346664905548096,0.9427211880683899,0.6799845849969309,2.019486904144287,0.007383907213807106,0.0,-2.381138324737549,0.014360891655087471,0.0
1771.3333333333333,3.53946590423584,1.5490055084228516,-0.004335746169090271,0.002789945574477315,-0.008078844286501408,0.33346471190452576,0.94272381067276,0.679979440087071,2.0195369720458984,-0.05006818473339081,0.0,-2.381122350692749,0.04110083729028702,0.0
1771.35,3.5394577980041504,1.5490000247955322,-0.004364408552646637,0.00287445867434144,-0.00827066320925951,0.33346596360206604,0.9427215456962585,0.6799831755277693,2.0192031860351562,0.008859165944159031,0.0,-2.3814358711242676,0.013845431618392467,0.0
1771.3666666666666,3.539456367492676,1.5489987134933472,-0.004335492849349976,0.0027899581473320723,-0.008077943697571754,0.3334656059741974,0.9427235126495361,0.6799813319110348,2.019233465194702,-0.05085300654172897,0.0,-2.381418466567993,0.042452793568372726,0.0
1771.3833333333334,3.539449453353882,1.5489935874938965,-0.004364445805549622,0.002874328289180994,-0.008270667865872383,0.3334670662879944,0.9427211284637451,0.6799855027297147,2.0188968181610107,0.008607110939919949,0.0,-2.3817286491394043,0.014182843267917633,0.0
1771.4,3.5394492149353027,1.5489922761917114,-0.004335455596446991,0.002790183527395129,-0.008078467100858688,0.3334672749042511,0.9427229166030884,0.6799848754027458,2.0189261436462402,-0.05154736712574959,0.0,-2.3817033767700195,0.04281619191169739,0.0
1771.4166666666667,3.5394415855407715,1.5489866733551025,-0.004364475607872009,0.002874582540243864,-0.008271228522062302,0.33346912264823914,0.9427202343940735,0.6799897851089753,2.018587112426758,0.009066909551620483,0.0,-2.3820083141326904,0.013445381075143814,0.0
1771.4333333333334,3.539440870285034,1.5489856004714966,-0.004335545003414154,0.002790229395031929,-0.00807892344892025,0.33346816897392273,0.9427226781845093,0.6799868194131328,2.018627405166626,-0.0509309247136116,0.0,-2.381983757019043,0.04097989946603775,0.0
1771.45,3.539433002471924,1.5489799976348877,-0.004364416003227234,0.002875204896554351,-0.008272761479020119,0.33346956968307495,0.9427201151847839,0.6799907707986708,2.0182902812957764,0.00861366931349039,0.0,-2.382296085357666,0.013427741825580597,0.0
1771.4666666666667,3.53943133354187,1.5489788055419922,-0.004335455596446991,0.002789728809148073,-0.008077639155089855,0.3334691524505615,0.9427223205566406,0.6799888867375904,2.0183138847351074,-0.0503440722823143,0.0,-2.3822827339172363,0.042654167860746384,0.0
1771.4833333333333,3.5394248962402344,1.5489734411239624,-0.004364490509033203,0.0028746486641466618,-0.008272216655313969,0.3334703743457794,0.9427198767662048,0.6799925002650365,2.017981767654419,0.00855093915015459,0.0,-2.3825929164886475,0.013867948204278946,0.0
1771.5,3.539424180984497,1.5489720106124878,-0.004335455596446991,0.0027899006381630898,-0.008077939972281456,0.3334697186946869,0.9427221417427063,0.6799901019126238,2.018022060394287,-0.051182497292757034,0.0,-2.3825743198394775,0.042214252054691315,0.0
1771.5166666666667,3.539416551589966,1.548966646194458,-0.0043644532561302185,0.002874611411243677,-0.0082711735740304,0.33347171545028687,0.9427193403244019,0.6799952969206403,2.017681121826172,0.008704152889549732,0.0,-2.3828787803649902,0.01378128957003355,0.0
1771.5333333333333,3.5394155979156494,1.548965573310852,-0.004335485398769379,0.002790376078337431,-0.008079326711595058,0.33347105979919434,0.9427216053009033,0.6799929313007735,2.0177109241485596,-0.0504334531724453,0.0,-2.3828608989715576,0.042114704847335815,0.0
1771.55,3.539407968521118,1.548959493637085,-0.004361063241958618,0.002855840139091015,-0.008217833936214447,0.3334723114967346,0.9427196979522705,0.6799962285849832,2.017378330230713,0.00860519614070654,0.0,-2.383173704147339,0.01356989610940218,0.0
1771.5666666666666,3.539407730102539,1.548958659172058,-0.004337489604949951,0.0027922026347368956,-0.00808494258671999,0.3334713578224182,0.942721426486969,0.6799935923734131,2.0174026489257812,-0.04769105091691017,0.0,-2.383162260055542,0.041989922523498535,0.0
1771.5833333333333,3.539400577545166,1.5489531755447388,-0.004363894462585449,0.0028744873125106096,-0.008271124213933945,0.33347266912460327,0.942719042301178,0.6799973415039087,2.0170769691467285,0.00836352538317442,0.0,-2.383471965789795,0.013853193260729313,0.0
1771.6,3.5393996238708496,1.548952341079712,-0.00433572381734848,0.0027903590817004442,-0.00807921588420868,0.33347028493881226,0.9427219033241272,0.6799912981556098,2.01713228225708,-0.04970365762710571,0.0,-2.383451461791992,0.04003132879734039,0.0
1771.6166666666666,3.5393917560577393,1.5489468574523926,-0.00436440110206604,0.002875130856409669,-0.008272274397313595,0.33347123861312866,0.9427194595336914,0.6799942708671105,2.0167953968048096,0.008341288194060326,0.0,-2.383763313293457,0.01312206219881773,0.0
1771.6333333333334,3.539391279220581,1.548945426940918,-0.004335455596446991,0.0027900005225092173,-0.008078477345407009,0.3334718346595764,0.9427213072776794,0.6799945540327911,2.0168185234069824,-0.051525652408599854,0.0,-2.383742094039917,0.04275580495595932,0.0
1771.65,3.539383888244629,1.5489400625228882,-0.004364468157291412,0.0028746360912919044,-0.008271371945738792,0.3334735929965973,0.9427187442779541,0.6799993187319857,2.016479730606079,0.008939458057284355,0.0,-2.384052038192749,0.01422759611159563,0.0
1771.6666666666667,3.5393826961517334,1.5489386320114136,-0.004335507750511169,0.0027897804975509644,-0.008077798411250114,0.3334725499153137,0.9427210092544556,0.6799960401384697,2.0165185928344727,-0.050607357174158096,0.0,-2.3840320110321045,0.04152682051062584,0.0
1771.6833333333334,3.5393753051757812,1.5489331483840942,-0.004364483058452606,0.0028748265467584133,-0.00827180128544569,0.3334738612174988,0.9427186250686646,0.6799998797567143,2.016181230545044,0.008776314556598663,0.0,-2.3843414783477783,0.013300350867211819,0.0
1771.7,3.5393733978271484,1.5489321947097778,-0.004335425794124603,0.002789672464132309,-0.008077549748122692,0.3334728479385376,0.942720890045166,0.6799966626782841,2.0162103176116943,-0.049558866769075394,0.0,-2.384338140487671,0.04257937893271446,0.0
1771.7166666666667,3.539367437362671,1.5489263534545898,-0.0043644979596138,0.002874725265428424,-0.008271628990769386,0.333474338054657,0.942718505859375,0.6800009156008129,2.0158755779266357,0.008378658443689346,0.0,-2.384640693664551,0.013810978271067142,0.0
1771.7333333333333,3.539365768432617,1.548925518989563,-0.004335522651672363,0.002789404708892107,-0.008078083395957947,0.33347204327583313,0.9427212476730347,0.6799950051983112,2.0159242153167725,-0.049474649131298065,0.0,-2.3846306800842285,0.04072100296616554,0.0
1771.75,3.5393590927124023,1.5489201545715332,-0.0043644532561302185,0.0028749569319188595,-0.008271660655736923,0.33347323536872864,0.9427188038825989,0.6799985258463209,2.015592575073242,0.008365288376808167,0.0,-2.3849430084228516,0.012722434476017952,0.0
1771.7666666666667,3.539357900619507,1.548918604850769,-0.004335522651672363,0.002790061291307211,-0.008078849874436855,0.33347287774086,0.942720890045166,0.6799967472697127,2.0156259536743164,-0.0516648069024086,0.0,-2.384913206100464,0.0409998893737793,0.0
1771.7833333333333,3.539350986480713,1.5489134788513184,-0.00436440110206604,0.00287530105561018,-0.00827307254076004,0.33347436785697937,0.9427184462547302,0.6800009695602836,2.015289783477783,0.008999530225992203,0.0,-2.3852295875549316,0.012947122566401958,0.0
1771.8,3.5393497943878174,1.5489121675491333,-0.004335589706897736,0.0027902349829673767,-0.008079402148723602,0.33347320556640625,0.9427208304405212,0.6799974786850954,2.0153379440307617,-0.0515960194170475,0.0,-2.385202646255493,0.03991827741265297,0.0
1771.8166666666666,3.5393431186676025,1.5489070415496826,-0.004364408552646637,0.002875748323276639,-0.008274141699075699,0.3334748148918152,0.9427182674407959,0.6800019190160271,2.014993190765381,0.00837376806885004,0.0,-2.3855140209198,0.012777432799339294,0.0
1771.8333333333333,3.539341688156128,1.5489060878753662,-0.004335537552833557,0.00279029319062829,-0.00807884894311428,0.3334736227989197,0.9427207112312317,0.6799983690632171,2.0150458812713623,-0.05209260806441307,0.0,-2.3854918479919434,0.03989247605204582,0.0
1771.85,3.539334774017334,1.5489002466201782,-0.004364445805549622,0.0028754810336977243,-0.008273440413177013,0.3334749937057495,0.9427182078361511,0.6800022922760323,2.0147039890289307,0.008482920937240124,0.0,-2.385805130004883,0.012470695190131664,0.0
1771.8666666666666,3.5393340587615967,1.5488994121551514,-0.0043355002999305725,0.002789971651509404,-0.008078650571405888,0.33347395062446594,0.9427205324172974,0.6799990328730023,2.0147435665130615,-0.0512101911008358,0.0,-2.385784149169922,0.04039711505174637,0.0
1771.8833333333334,3.5393261909484863,1.5488933324813843,-0.004364475607872009,0.002874938538298011,-0.008272325620055199,0.3334753215312958,0.9427181482315063,0.6800030058180866,2.0144057273864746,0.00878844317048788,0.0,-2.3861019611358643,0.013106385245919228,0.0
1771.9,3.539325714111328,1.5488921403884888,-0.004335455596446991,0.0027899020351469517,-0.00807841308414936,0.3334740400314331,0.9427205324172974,0.6799992360484871,2.014435291290283,-0.04969323053956032,0.0,-2.3860933780670166,0.04168698191642761,0.0
1771.9166666666667,3.539318561553955,1.5488868951797485,-0.004364527761936188,0.002874877071008086,-0.008271791972219944,0.3334752917289734,0.9427181482315063,0.6800029291912852,2.0141024589538574,0.008813712745904922,0.0,-2.3864009380340576,0.01277810987085104,0.0
1771.9333333333334,3.5393166542053223,1.5488859415054321,-0.004335522651672363,0.00278993952088058,-0.008077841252088547,0.3334733843803406,0.9427207112312317,0.6799978078123039,2.0141584873199463,-0.05066991224884987,0.0,-2.386383533477783,0.03982401639223099,0.0
1771.95,3.5393099784851074,1.5488803386688232,-0.004364475607872009,0.0028752165380865335,-0.008273182436823845,0.3334744870662689,0.9427183866500854,0.6800012163246113,2.0138192176818848,0.008397412486374378,0.0,-2.3866968154907227,0.012638220563530922,0.0
1771.9666666666667,3.539308547973633,1.5488790273666382,-0.004335507750511169,0.0027897523250430822,-0.008077885024249554,0.33347320556640625,0.9427208304405212,0.6799974605022634,2.0138654708862305,-0.05139642953872681,0.0,-2.3866775035858154,0.04033990949392319,0.0
1771.9833333333333,3.539301872253418,1.548873782157898,-0.004364408552646637,0.0028747764881700277,-0.008271565660834312,0.3334748446941376,0.9427182674407959,0.6800019581310233,2.0135226249694824,0.00849481113255024,0.0,-2.3869900703430176,0.01329842396080494,0.0
1772.0,3.5393004417419434,1.5488725900650024,-0.004335492849349976,0.0027900002896785736,-0.008078152313828468,0.3334738314151764,0.9427205920219421,0.6799987806703865,2.013559579849243,-0.05077741667628288,0.0,-2.386972665786743,0.04123428836464882,0.0
1772.0166666666667,3.5392937660217285,1.5488669872283936,-0.004364460706710815,0.0028745876625180244,-0.008270896039903164,0.333475261926651,0.9427182078361511,0.680002880495293,2.0132243633270264,0.008793693967163563,0.0,-2.387284755706787,0.012614946812391281,0.0
1772.0333333333333,3.539292812347412,1.5488661527633667,-0.004335559904575348,0.002790337661281228,-0.008078845217823982,0.3334735929965973,0.9427206516265869,0.6799982688305766,2.0132715702056885,-0.050642214715480804,0.0,-2.387263059616089,0.03990071639418602,0.0
1772.05,3.5392861366271973,1.5488604307174683,-0.004364445805549622,0.002874904777854681,-0.008271935395896435,0.33347463607788086,0.9427183270454407,0.6800015125418448,2.0129361152648926,0.00883801281452179,0.0,-2.387580633163452,0.012458370067179203,0.0
1772.0666666666666,3.5392847061157227,1.548859715461731,-0.0043356046080589294,0.0027905243914574385,-0.008079806342720985,0.33347252011299133,0.9427210688591003,0.6799960250999483,2.012991189956665,-0.05093779042363167,0.0,-2.3875572681427,0.0388062559068203,0.0
1772.0833333333333,3.5392773151397705,1.5488535165786743,-0.004360996186733246,0.0028560864739120007,-0.008218606933951378,0.3334733843803406,0.9427193999290466,0.6799985565697952,2.012653350830078,0.0086012938991189,0.0,-2.387878179550171,0.01229126937687397,0.0
1772.1,3.539276123046875,1.5488532781600952,-0.004337593913078308,0.002793131861835718,-0.008087269961833954,0.33347129821777344,0.9427213668823242,0.6799934496050061,2.0127041339874268,-0.048795271664857864,0.0,-2.387863874435425,0.0389917716383934,0.0
1772.1166666666666,3.5392682552337646,1.5488470792770386,-0.004360385239124298,0.0028554804157465696,-0.008218010887503624,0.33347219228744507,0.9427197575569153,0.6799959921746697,2.0123684406280518,0.0075952778570353985,0.0,-2.3881776332855225,0.012667696923017502,0.0
1772.1333333333334,3.5392682552337646,1.5488460063934326,-0.00433766096830368,0.002793064806610346,-0.008086727932095528,0.33347225189208984,0.9427211284637451,0.679995516473219,2.012385368347168,-0.04822581633925438,0.0,-2.3881750106811523,0.04358797147870064,0.0
1772.15,3.5392606258392334,1.5488407611846924,-0.004363805055618286,0.0028745941817760468,-0.008271168917417526,0.3334740996360779,0.9427185654640198,0.6800003910935539,2.012049913406372,0.008219159208238125,0.0,-2.38847017288208,0.014257182367146015,0.0
1772.1666666666667,3.539259195327759,1.5488394498825073,-0.004335686564445496,0.0027905849274247885,-0.008079901337623596,0.33347371220588684,0.9427206516265869,0.6799985573991589,2.0120880603790283,-0.05050952732563019,0.0,-2.3884494304656982,0.042468998581171036,0.0
1772.1833333333334,3.539252519607544,1.5488334894180298,-0.004360981285572052,0.00285553652793169,-0.00821700505912304,0.333475261926651,0.9427186250686646,0.680002463739295,2.011751890182495,0.008470009081065655,-0.05431235209107399,-2.3887572288513184,0.013303239829838276,0.05431235209107399
1772.2,3.5392520427703857,1.5488327741622925,-0.0043377503752708435,0.002799790818244219,-0.00808500312268734,0.333475798368454,0.9427197575569153,0.6800028684028769,2.011774778366089,-0.015200940892100334,-0.10862470418214798,-2.3887221813201904,0.01019596029073,0.10862470418214798
1772.2166666666667,3.539238929748535,1.548822045326233,-0.00436343252658844,0.0028707701712846756,-0.00824903603643179,0.33353710174560547,0.9426965117454529,0.6801338732348746,2.0108306407928467,0.022606194019317627,-0.10862470418214798,-2.388812780380249,0.03248263895511627,0.10862470418214798
1772.2333333333333,3.539240598678589,1.5488224029541016,-0.004338189959526062,0.0028073519933968782,-0.008083224296569824,0.33355140686035156,0.9426930546760559,0.6801631878678539,2.010826349258423,0.02561715617775917,-0.21724940836429596,-2.388615369796753,-0.04799160733819008,0.21724940836429596
1772.25,3.53922176361084,1.5488076210021973,-0.004363030195236206,0.002870565513148904,-0.008241895586252213,0.33368486166000366,0.9426442980766296,0.680447316437132,2.009207248687744,-0.033164579421281815,-0.27156177163124084,-2.3883845806121826,0.07522314786911011,0.27156177163124084
1772.2666666666667,3.5392236709594727,1.5488067865371704,-0.004338748753070831,0.002799899550154805,-0.00808725692331791,0.3339073061943054,0.9425670504570007,0.6809185204492962,2.0077831745147705,-0.7068914175033569,-0.32587411999702454,-2.3867290019989014,0.48480215668678284,0.32587411999702454
1772.2833333333333,3.539219856262207,1.5488044023513794,-0.004355482757091522,0.0028362323064357042,-0.008143148384988308,0.3342658579349518,0.9424393773078918,0.6816795662867209,2.005197286605835,0.025454048067331314,-0.3801864683628082,-2.384329319000244,0.3867044448852539,0.3801864683628082
1772.3,3.5392162799835205,1.5488024950027466,-0.004350259900093079,0.002823267597705126,-0.008126264438033104,0.334765762090683,0.9422620534896851,0.6827405777130643,2.001391649246216,-0.4637655019760132,-0.4344988465309143,-2.3809704780578613,0.964698851108551,0.4344988465309143
1772.3166666666666,3.539212942123413,1.5488015413284302,-0.0043500810861587524,0.0028288294561207294,-0.008120840415358543,0.335420697927475,0.9420291781425476,0.6841308641052649,1.9968914985656738,-0.8891700506210327,-0.4344988465309143,-2.3764801025390625,0.5566944479942322,0.4344988465309143
1772.3333333333333,3.539213180541992,1.5488030910491943,-0.0043492391705513,0.0028348106425255537,-0.00811485294252634,0.33609843254089355,0.9417875409126282,0.6855698408990875,1.9923667907714844,-0.9197844862937927,-0.5431235432624817,-2.371673345565796,0.39025506377220154,0.5431235432624817
1772.35,3.539215326309204,1.548806071281433,-0.004348926246166229,0.0028379180002957582,-0.008112035691738129,0.3369447886943817,0.9414851665496826,0.6873675672970366,1.9867607355117798,-1.2302055358886719,-0.5974358916282654,-2.365647077560425,0.6561369895935059,0.5974358916282654
1772.3666666666666,3.5392165184020996,1.5488098859786987,-0.004348382353782654,0.0028469108510762453,-0.008108677342534065,0.33792251348495483,0.9411347508430481,0.6894449613490051,1.9802874326705933,-1.461503028869629,-0.6517482399940491,-2.358945369720459,1.0696595907211304,0.6517482399940491
1772.3833333333334,3.539216995239258,1.548812985420227,-0.004348158836364746,0.0028562601655721664,-0.008101978339254856,0.3390505909919739,0.9407289028167725,0.6918426802503314,1.97275972366333,-1.700216293334961,-0.7060605883598328,-2.3509716987609863,0.7674197554588318,0.7060605883598328
1772.4,3.53922176361084,1.5488189458847046,-0.004348196089267731,0.0028686875011771917,-0.008100485429167747,0.34027358889579773,0.9402872323989868,0.6944434165215201,1.9642454385757446,-1.0129607915878296,-0.7603729367256165,-2.3425605297088623,1.395596981048584,0.7603729367256165
1772.4166666666667,3.539222240447998,1.548823595046997,-0.004348337650299072,0.0028741888236254454,-0.00809907354414463,0.34169551730155945,0.9397713541984558,0.6974687857533606,1.9539408683776855,-0.3670516014099121,-0.7603729367256165,-2.332495927810669,0.7772894501686096,0.7603729367256165
1772.4333333333334,3.539224624633789,1.5488286018371582,-0.004346057772636414,0.0028868205845355988,-0.008085370995104313,0.3431658446788788,0.939235508441925,0.7005986752055837,1.943113923072815,-0.30230042338371277,-0.8689976930618286,-2.321951150894165,1.6949248313903809,0.8689976930618286
1772.45,3.539222478866577,1.5488320589065552,-0.004348196089267731,0.0029037538915872574,-0.008087292313575745,0.34476545453071594,0.9386494159698486,0.7040059525085476,1.9313346147537231,-0.45352035760879517,-0.9233100414276123,-2.3106887340545654,0.5548188090324402,0.9233100414276123
1772.4666666666667,3.5392262935638428,1.5488382577896118,-0.0043436139822006226,0.0029169260524213314,-0.008063252083957195,0.3465544581413269,0.9379906058311462,0.7078189972967223,1.918594479560852,-1.2920997142791748,-0.977622389793396,-2.297883987426758,2.1308465003967285,0.977622389793396
1772.4833333333333,3.539224147796631,1.5488394498825073,-0.004349954426288605,0.0029244166798889637,-0.008086226880550385,0.348432332277298,0.9372944235801697,0.7118249792380091,1.904989242553711,-0.8725922107696533,-1.0319347381591797,-2.284605026245117,1.0586963891983032,1.0319347381591797
1772.5,3.5392239093780518,1.5488446950912476,-0.00434519350528717,0.002952441805973649,-0.00805724412202835,0.3504706025123596,0.9365344643592834,0.7161756462994598,1.8900928497314453,-0.7724549174308777,-1.0862470865249634,-2.270181179046631,0.9904490113258362,1.0862470865249634
1772.5166666666667,3.539229154586792,1.5488531589508057,-0.004344530403614044,0.0029674756806343794,-0.008048152551054955,0.35261011123657227,0.9357309937477112,0.7207465801465658,1.8744654655456543,-0.8484169244766235,-1.0862470865249634,-2.2544355392456055,1.8250789642333984,1.0862470865249634
1772.5333333333333,3.53922963142395,1.5488595962524414,-0.0043476298451423645,0.0029838401824235916,-0.008055586367845535,0.35478517413139343,0.9349083304405212,0.725397720480887,1.8586474657058716,-0.963510274887085,-1.1948717832565308,-2.2394790649414062,1.736656904220581,1.1948717832565308
1772.55,3.539228916168213,1.5488654375076294,-0.004343904554843903,0.0029967143200337887,-0.008031352423131466,0.35713672637939453,0.9340127110481262,0.7304305645296572,1.8426923751831055,-2.395869493484497,-1.2491841316223145,-2.222245454788208,1.0546574592590332,1.2491841316223145
1772.5666666666666,3.539229393005371,1.5488682985305786,-0.004348054528236389,0.003024605568498373,-0.008043467998504639,0.3596264719963074,0.9330567121505737,0.7357647431154476,1.8247466087341309,-0.9485352039337158,-1.3034964799880981,-2.204463481903076,1.392496109008789,1.3034964799880981
1772.5833333333333,3.5392251014709473,1.5488718748092651,-0.004342958331108093,0.0030466713942587376,-0.008009993471205235,0.3622796833515167,0.9320299029350281,0.7414546722205876,1.805757999420166,-2.579916000366211,-1.3034964799880981,-2.1852080821990967,2.303945779800415,1.3034964799880981
1772.6,3.5392215251922607,1.5488730669021606,-0.004347875714302063,0.003067901823669672,-0.008023729547858238,0.3649209141731262,0.9309988021850586,0.7471258272459695,1.7865755558013916,-0.8815152645111084,-1.3034964799880981,-2.166353464126587,1.480930209159851,1.3034964799880981
1772.6166666666666,3.5392158031463623,1.548875331878662,-0.0043428316712379456,0.0030908468179404736,-0.007994018495082855,0.367647260427475,0.9299257397651672,0.7529857669516238,1.7667447328567505,-2.1911213397979736,-1.3034964799880981,-2.1466925144195557,2.5713469982147217,1.3034964799880981
1772.6333333333334,3.5392115116119385,1.5488775968551636,-0.004347681999206543,0.0031127866823226213,-0.008006807416677475,0.3702918291091919,0.928875744342804,0.7586770022911979,1.7475167512893677,-0.8812770843505859,-1.3034964799880981,-2.127786874771118,1.481461763381958,1.3034964799880981
1772.65,3.5392062664031982,1.5488801002502441,-0.0043427422642707825,0.003140149638056755,-0.007974352687597275,0.373013436794281,0.9277862906455994,0.7645400551993637,1.7276867628097534,-2.230417490005493,-1.3034964799880981,-2.1081433296203613,2.627021074295044,1.3034964799880981
1772.6666666666667,3.539201498031616,1.548882007598877,-0.004347614943981171,0.003158629173412919,-0.00798767525702715,0.37565258145332336,0.9267206192016602,0.7702327504886541,1.708454966545105,-0.8788909912109375,-1.3034964799880981,-2.089228630065918,1.483689546585083,1.3034964799880981
1772.6833333333334,3.5391955375671387,1.5488837957382202,-0.004342779517173767,0.0031861497554928064,-0.007956001907587051,0.37836864590644836,0.9256153106689453,0.7760976332074386,1.6886053085327148,-2.230211019515991,-1.3034964799880981,-2.069591760635376,2.627088785171509,1.3034964799880981
1772.7,3.539191484451294,1.5488855838775635,-0.004347644746303558,0.0032046977430582047,-0.007969381287693977,0.38100171089172363,0.9245343804359436,0.7817906092678016,1.6693651676177979,-0.8792999982833862,-1.3034964799880981,-2.050682783126831,1.4834833145141602,1.3034964799880981
1772.7166666666667,3.539185047149658,1.5488874912261963,-0.004342794418334961,0.0032320120371878147,-0.007937325164675713,0.3837112784385681,0.9234133362770081,0.787655305365632,1.649509310722351,-2.233144521713257,-1.3034964799880981,-2.0310511589050293,2.623170852661133,1.3034964799880981
1772.7333333333333,3.539180040359497,1.5488890409469604,-0.004347644746303558,0.0032504291739314795,-0.007950079627335072,0.38633784651756287,0.9223172664642334,0.7933478107240347,1.630262017250061,-0.879632830619812,-1.3034964799880981,-2.012148380279541,1.483306884765625,1.3034964799880981
1772.75,3.5391740798950195,1.548890471458435,-0.004342786967754364,0.003278425894677639,-0.007919764146208763,0.38904088735580444,0.9211805462837219,0.7992125037658129,1.6104005575180054,-2.2334072589874268,-1.3034964799880981,-1.9925222396850586,2.6206612586975098,1.3034964799880981
1772.7666666666667,3.5391685962677,1.5488917827606201,-0.004347614943981171,0.0032963608391582966,-0.007930932566523552,0.39166149497032166,0.92006915807724,0.8049059041442235,1.5911461114883423,-0.8800595998764038,-1.3034964799880981,-1.9736273288726807,1.4830634593963623,1.3034964799880981
1772.7833333333333,3.5391623973846436,1.5488930940628052,-0.004342801868915558,0.0033239605836570263,-0.00790040660649538,0.3943580687046051,0.9189167618751526,0.8107709134361736,1.5712790489196777,-2.236234188079834,-1.3034964799880981,-1.9540067911148071,2.6176846027374268,1.3034964799880981
1772.8,3.5391571521759033,1.5488938093185425,-0.004347674548625946,0.0033428610768169165,-0.00791379064321518,0.3969714641571045,0.9177907109260559,0.8164627979909028,1.5520193576812744,-0.8804598450660706,-1.3034964799880981,-1.9351180791854858,1.4826772212982178,1.3034964799880981
1772.8166666666666,3.5391502380371094,1.5488946437835693,-0.004342764616012573,0.003369174897670746,-0.007880249060690403,0.3996615707874298,0.9166226387023926,0.8223282780130753,1.5321441888809204,-2.2392680644989014,-1.3034964799880981,-1.9155027866363525,2.6108503341674805,1.3034964799880981
1772.8333333333333,3.53914475440979,1.5488953590393066,-0.0043477341532707214,0.0033883373253047466,-0.007893378846347332,0.4022686183452606,0.915481448173523,0.8280206198536899,1.5128785371780396,-0.8810325860977173,-1.3034964799880981,-1.8966200351715088,1.4822707176208496,1.3034964799880981
1772.85,3.539137601852417,1.5488957166671753,-0.004342794418334961,0.0034144374076277018,-0.007860137149691582,0.4049520194530487,0.9142977595329285,0.833886276418461,1.492997407913208,-2.2419631481170654,-1.3034964799880981,-1.877010464668274,2.6077892780303955,1.3034964799880981
1772.8666666666666,3.5391321182250977,1.548896074295044,-0.004347741603851318,0.0034340766724199057,-0.007874170318245888,0.4075523912906647,0.9131414294242859,0.8395784936686972,1.4737255573272705,-0.8813754916191101,-1.3034964799880981,-1.8581340312957764,1.4820550680160522,1.3034964799880981
1772.8833333333334,3.5391252040863037,1.5488964319229126,-0.004342816770076752,0.003460208186879754,-0.007841161452233791,0.4102288484573364,0.9119423627853394,0.8454440705286311,1.4538379907608032,-2.2436890602111816,-1.3034964799880981,-1.8385306596755981,2.6037354469299316,1.3034964799880981
1772.9,3.5391194820404053,1.5488969087600708,-0.00434768944978714,0.0034791247453540564,-0.00785371009260416,0.41282281279563904,0.910770833492279,0.8511369436281753,1.4345587491989136,-0.881621778011322,-1.3034964799880981,-1.8196606636047363,1.481939435005188,1.3034964799880981
1772.9166666666667,3.539112091064453,1.5488969087600708,-0.0043428316712379456,0.0035053733736276627,-0.007820649072527885,0.41549205780029297,0.9095563292503357,0.8570019427509041,1.4146660566329956,-2.2454380989074707,-1.3034964799880981,-1.8000612258911133,2.5981154441833496,1.3034964799880981
1772.9333333333334,3.5391063690185547,1.54889714717865,-0.004347749054431915,0.0035245828330516815,-0.007833657786250114,0.4180791974067688,0.9083698987960815,0.8626948343601867,1.3953800201416016,-0.8821078538894653,-1.3034964799880981,-1.7811981439590454,1.4815524816513062,1.3034964799880981
1772.95,3.5390989780426025,1.5488969087600708,-0.004342809319496155,0.0035506081767380238,-0.007800591643899679,0.42074117064476013,0.9071401357650757,0.8685594023234772,1.3754808902740479,-2.2483439445495605,-1.3034964799880981,-1.7616043090820312,2.5941710472106934,1.3034964799880981
1772.9666666666667,3.539093017578125,1.5488965511322021,-0.004347749054431915,0.003570099361240864,-0.007813583128154278,0.4233214557170868,0.9059387445449829,0.8742523877533644,1.3561891317367554,-0.882392942905426,-1.3034964799880981,-1.7427476644515991,1.4812922477722168,1.3034964799880981
1772.9833333333333,3.5390851497650146,1.5488958358764648,-0.0043428316712379456,0.0035956534557044506,-0.007780051790177822,0.42597663402557373,0.9046934247016907,0.8801177244597097,1.3362839221954346,-2.2513620853424072,-1.3034964799880981,-1.7231584787368774,2.5885469913482666,1.3034964799880981
1773.0,3.539079427719116,1.5488955974578857,-0.004347763955593109,0.003615010529756546,-0.007792430929839611,0.4285498857498169,0.9034771919250488,0.8858106130359286,1.3169852495193481,-0.8828272223472595,-1.3034964799880981,-1.704308032989502,1.4810621738433838,1.3034964799880981
1773.0166666666667,3.5390713214874268,1.5488947629928589,-0.004342854022979736,0.0036404370330274105,-0.007758925668895245,0.4311978220939636,0.9022166728973389,0.8916760170598315,1.2970749139785767,-2.2546756267547607,-1.3034964799880981,-1.6847234964370728,2.5835323333740234,1.3034964799880981
1773.0333333333333,3.539064884185791,1.5488940477371216,-0.004347808659076691,0.00366003205999732,-0.007771591655910015,0.4337640702724457,0.9009855389595032,0.8973690541639395,1.2777695655822754,-0.8830249309539795,-1.3034964799880981,-1.665879487991333,1.4808988571166992,1.3034964799880981
1773.05,3.5390572547912598,1.548892855644226,-0.0043428391218185425,0.0036853463388979435,-0.007737969048321247,0.43640461564064026,0.8997096419334412,0.9032342526111327,1.2578532695770264,-2.2566044330596924,-1.3034964799880981,-1.6462986469268799,2.577676773071289,1.3034964799880981
1773.0666666666666,3.539050579071045,1.5488919019699097,-0.004347808659076691,0.003704800270497799,-0.007749804761260748,0.43896374106407166,0.8984637260437012,0.9089273801451092,1.238542079925537,-0.8834070563316345,-1.3034964799880981,-1.6274607181549072,1.4805980920791626,1.3034964799880981
1773.0833333333333,3.5390427112579346,1.5488905906677246,-0.004342883825302124,0.0037304344587028027,-0.0077173588797450066,0.4415971338748932,0.8971724510192871,0.9147931855520605,1.2186217308044434,-2.259478807449341,-1.3034964799880981,-1.6078850030899048,2.5737643241882324,1.3034964799880981
1773.1,3.539036273956299,1.54888916015625,-0.0043477863073349,0.003749474184587598,-0.0077282702550292015,0.44414910674095154,0.8959116339683533,0.9204864586426673,1.1993029117584229,-0.8834941983222961,-1.3034964799880981,-1.589053750038147,1.4805097579956055,1.3034964799880981
1773.1166666666666,3.5390284061431885,1.5488873720169067,-0.004342898726463318,0.0037748245522379875,-0.007695223204791546,0.44677501916885376,0.8946052193641663,0.926352353124578,1.1793760061264038,-2.2608792781829834,-1.3034964799880981,-1.5694811344146729,2.567652463912964,1.3034964799880981
1773.1333333333334,3.5390212535858154,1.5488859415054321,-0.0043478310108184814,0.0037946542724967003,-0.007707434240728617,0.44931936264038086,0.893329918384552,0.9320450265539568,1.160051703453064,-0.883955717086792,-1.3034964799880981,-1.5506556034088135,1.480186104774475,1.3034964799880981
1773.15,3.5390126705169678,1.5488837957382202,-0.00434286892414093,0.0038187364116311073,-0.007672332227230072,0.45193785429000854,0.8920082449913025,0.9379112713036588,1.140118956565857,-2.265615463256836,-1.3034964799880981,-1.5310879945755005,2.5621275901794434,1.3034964799880981
1773.1666666666667,3.539006471633911,1.548882007598877,-0.004347868263721466,0.003838695352897048,-0.00768451439216733,0.4544748365879059,0.8907181620597839,0.9436040247116979,1.120789647102356,-0.8840615153312683,-1.3034964799880981,-1.5122679471969604,1.480062484741211,1.3034964799880981
1773.1833333333334,3.5389981269836426,1.548879623413086,-0.004342913627624512,0.0038636159151792526,-0.007651390507817268,0.45708560943603516,0.8893813490867615,0.9494701958879056,1.1008520126342773,-2.266159772872925,-1.3034964799880981,-1.492703914642334,2.5567853450775146,1.3034964799880981
1773.2,3.5389912128448486,1.548877477645874,-0.004347845911979675,0.00388333760201931,-0.007662890944629908,0.459615021944046,0.888076663017273,0.9551627802501702,1.081515908241272,-0.8843542337417603,-1.3034964799880981,-1.4738900661468506,1.4798239469528198,1.3034964799880981
1773.2166666666667,3.538982629776001,1.5488746166229248,-0.004342906177043915,0.00390700064599514,-0.007627466693520546,0.4622180759906769,0.8867248296737671,0.9610290685685442,1.0615731477737427,-2.2710044384002686,-1.3034964799880981,-1.4543287754058838,2.5489418506622314,1.3034964799880981
1773.2333333333333,3.538975954055786,1.548872470855713,-0.004347905516624451,0.0039278133772313595,-0.007640576455742121,0.4647400379180908,0.885405421257019,0.9667219479212287,1.0422325134277344,-0.8845717906951904,-1.3034964799880981,-1.4355207681655884,1.4795238971710205,1.3034964799880981
1773.25,3.5389671325683594,1.548869252204895,-0.004342898726463318,0.003951158840209246,-0.007604988757520914,0.4673351049423218,0.8840387463569641,0.9725879999180008,1.0222829580307007,-2.2715916633605957,-1.3034964799880981,-1.4159635305404663,2.5427334308624268,1.3034964799880981
1773.2666666666667,3.5389604568481445,1.548866868019104,-0.0043479278683662415,0.003972379490733147,-0.0076186382211744785,0.46984967589378357,0.8827045559883118,0.9782814737792106,1.002936840057373,-0.8847842812538147,-1.3034964799880981,-1.3971611261367798,1.47929048538208,1.3034964799880981
1773.2833333333333,3.5389516353607178,1.5488638877868652,-0.004342898726463318,0.003995124250650406,-0.007582147605717182,0.47243669629096985,0.881322979927063,0.9841472875554375,0.9829822778701782,-2.274667263031006,-1.3034964799880981,-1.377606749534607,2.5355706214904785,1.3034964799880981
1773.3,3.538944721221924,1.548860788345337,-0.004347935318946838,0.004015577957034111,-0.007593967951834202,0.4749436378479004,0.8799742460250854,0.9898410304968921,0.9636303782463074,-0.8848797082901001,-1.3034964799880981,-1.3588099479675293,1.4791592359542847,1.3034964799880981
1773.3166666666666,3.538936138153076,1.54885733127594,-0.004342958331108093,0.004039183259010315,-0.007559308782219887,0.47752249240875244,0.878577709197998,0.9957065096230217,0.9436727166175842,-2.2765743732452393,-1.3034964799880981,-1.3392583131790161,2.5304629802703857,1.3034964799880981
1773.3333333333333,3.538928985595703,1.548854112625122,-0.0043479204177856445,0.004059362690895796,-0.00757042458280921,0.480021208524704,0.8772147297859192,1.0013993609235654,0.9243143796920776,-0.8850253224372864,-1.3034964799880981,-1.3204673528671265,1.4790478944778442,1.3034964799880981
1773.35,3.5389204025268555,1.5488502979278564,-0.004342973232269287,0.004083301872014999,-0.007536636665463448,0.4825921356678009,0.8758032917976379,1.0072653254517094,0.9043532609939575,-2.2795262336730957,-1.3034964799880981,-1.300918698310852,2.525207042694092,1.3034964799880981
1773.3666666666666,3.5389130115509033,1.5488468408584595,-0.004347965121269226,0.004103738348931074,-0.007548065390437841,0.4850834608078003,0.8744256496429443,1.012959415872554,0.8849894404411316,-0.8851063847541809,-1.3034964799880981,-1.282132863998413,1.478927731513977,1.3034964799880981
1773.3833333333334,3.5389041900634766,1.5488427877426147,-0.004342928528785706,0.004126431420445442,-0.0075124334543943405,0.4876457154750824,0.8729994893074036,1.0188241970204472,0.8650227785110474,-2.28257155418396,-1.3034964799880981,-1.2625864744186401,2.517343044281006,1.3034964799880981
1773.4,3.5388972759246826,1.5488392114639282,-0.004347987473011017,0.004147334024310112,-0.007523971609771252,0.4901290833950043,0.8716075420379639,1.0245184444015074,0.8456552028656006,-0.8852983117103577,-1.3034964799880981,-1.2438050508499146,1.4785913228988647,1.3034964799880981
1773.4166666666667,3.538888692855835,1.5488346815109253,-0.004343077540397644,0.004166710656136274,-0.007490300107747316,0.4926831126213074,0.870166540145874,1.030383419570852,0.8256965279579163,-2.31059193611145,-1.3034964799880981,-1.2242543697357178,2.497748374938965,1.3034964799880981
1773.4333333333334,3.5388810634613037,1.548830509185791,-0.004347965121269226,0.0041901771910488605,-0.007498324383050203,0.4951585531234741,0.8687601089477539,1.0360779091018408,0.8063181042671204,-0.8854991793632507,-1.3034964799880981,-1.2054799795150757,1.4787310361862183,1.3034964799880981
1773.45,3.538872003555298,1.548825979232788,-0.004343122243881226,0.004210122395306826,-0.007466264069080353,0.4977038502693176,0.8673045635223389,1.0419420763750182,0.786354660987854,-2.3097434043884277,-1.3034964799880981,-1.1859301328659058,2.490203619003296,1.3034964799880981
1773.4666666666667,3.5388646125793457,1.5488214492797852,-0.004347950220108032,0.0042334673926234245,-0.00747406342998147,0.5001711845397949,0.8658838868141174,1.0476367485323181,0.7669713497161865,-0.885646402835846,-1.3034964799880981,-1.1671611070632935,1.4784446954727173,1.3034964799880981
1773.4833333333333,3.53885555267334,1.5488166809082031,-0.004343003034591675,0.004256037995219231,-0.00743948994204402,0.5027082562446594,0.8644136190414429,1.0535014211656286,0.7469926476478577,-2.285982847213745,-1.3034964799880981,-1.1476188898086548,2.496715545654297,1.3034964799880981
1773.5,3.5388474464416504,1.5488123893737793,-0.0043480172753334045,0.004276562947779894,-0.007449762895703316,0.5051665902137756,0.8629790544509888,1.0591943933705048,0.727610170841217,-0.8855830430984497,-1.3034964799880981,-1.1288535594940186,1.4780713319778442,1.3034964799880981
1773.5166666666667,3.5388381481170654,1.5488075017929077,-0.004343003034591675,0.004298713989555836,-0.007414495572447777,0.507695198059082,0.8614940643310547,1.0650592089250601,0.7076306343078613,-2.292719841003418,-1.3034964799880981,-1.1093143224716187,2.4920144081115723,1.3034964799880981
1773.5333333333333,3.5388309955596924,1.5488028526306152,-0.004348032176494598,0.004320397041738033,-0.0074261268600821495,0.5101455450057983,0.8600451946258545,1.0707530458668542,0.6882450580596924,-0.8854327201843262,-1.3034964799880981,-1.0905513763427734,1.477992057800293,1.3034964799880981
1773.55,3.5388216972351074,1.548797607421875,-0.0043431296944618225,0.004338628612458706,-0.007391601335257292,0.512665867805481,0.8585454225540161,1.0766187014392286,0.668271541595459,-2.3188414573669434,-1.3034964799880981,-1.0710065364837646,2.470501184463501,1.3034964799880981
1773.5666666666666,3.5388143062591553,1.5487927198410034,-0.004348039627075195,0.004363462328910828,-0.007400961592793465,0.5151077508926392,0.8570823073387146,1.0823122899018978,0.6488769054412842,-0.8856666684150696,-1.3034964799880981,-1.0522503852844238,1.4780290126800537,1.3034964799880981
1773.5833333333333,3.5388050079345703,1.548787236213684,-0.004343152046203613,0.004381542094051838,-0.007367026060819626,0.5176191926002502,0.8555680513381958,1.0881775389653163,0.6288994550704956,-2.3180694580078125,-1.3034964799880981,-1.0327061414718628,2.4628701210021973,1.3034964799880981
1773.6,3.538797616958618,1.5487819910049438,-0.004348032176494598,0.004405855666846037,-0.007375022396445274,0.5200526118278503,0.8540910482406616,1.0938712863723756,0.6095009446144104,-0.8856552839279175,-1.3034964799880981,-1.0139541625976562,1.4777882099151611,1.3034964799880981
1773.6166666666666,3.5387887954711914,1.5487762689590454,-0.004343196749687195,0.004424182698130608,-0.0073417252860963345,0.5225551724433899,0.8525623679161072,1.099736348037351,0.5895220637321472,-2.319967269897461,-1.3034964799880981,-0.9944102764129639,2.4568264484405518,1.3034964799880981
1773.6333333333334,3.5387814044952393,1.5487706661224365,-0.004348039627075195,0.004448701627552509,-0.007349586579948664,0.5249803066253662,0.8510709404945374,1.1054306842642008,0.5701195597648621,-0.8855555057525635,-1.3034964799880981,-0.9756625890731812,1.4777357578277588,1.3034964799880981
1773.65,3.5387723445892334,1.548764705657959,-0.004343174397945404,0.004466131795197725,-0.007315220311284065,0.5274738073348999,0.8495279550552368,1.1112953079342893,0.5501381158828735,-2.322004556655884,-1.3034964799880981,-0.9561189413070679,2.4495084285736084,1.3034964799880981
1773.6666666666667,3.5387651920318604,1.5487592220306396,-0.004348069429397583,0.00449107401072979,-0.007323743775486946,0.5298903584480286,0.8480225801467896,1.1169898838629717,0.5307336449623108,-0.8855042457580566,-1.3034964799880981,-0.9373743534088135,1.4775372743606567,1.3034964799880981
1773.6833333333334,3.5387558937072754,1.5487529039382935,-0.004343196749687195,0.004508194047957659,-0.0072890338487923145,0.5323748588562012,0.8464652895927429,1.122854431163697,0.5107494592666626,-2.3229405879974365,-1.3034964799880981,-0.9178308248519897,2.4416587352752686,1.3034964799880981
1773.7,3.5387487411499023,1.5487473011016846,-0.0043481215834617615,0.0045331791043281555,-0.00729734543710947,0.5347821712493896,0.8449462652206421,1.1285478161331688,0.49134179949760437,-0.8853680491447449,-1.3034964799880981,-0.8990902304649353,1.477434515953064,1.3034964799880981
1773.7166666666667,3.5387394428253174,1.5487408638000488,-0.004343204200267792,0.00455054733902216,-0.007263350300490856,0.5372576713562012,0.8433746099472046,1.134412472178026,0.47135621309280396,-2.3235092163085938,-1.3034964799880981,-0.8795472383499146,2.4365315437316895,1.3034964799880981
1773.7333333333333,3.5387327671051025,1.5487349033355713,-0.0043481215834617615,0.004575680010020733,-0.007271499373018742,0.5396558046340942,0.8418418765068054,1.1401049754822632,0.4519462585449219,-0.8852593898773193,-1.3034964799880981,-0.8608096241950989,1.4772902727127075,1.3034964799880981
1773.75,3.5387234687805176,1.548728108406067,-0.004343196749687195,0.004592130891978741,-0.007236410863697529,0.5421223044395447,0.840255856513977,1.1459699031874666,0.43195873498916626,-2.3256752490997314,-1.3034964799880981,-0.8412666320800781,2.429750680923462,1.3034964799880981
1773.7666666666667,3.5387160778045654,1.5487219095230103,-0.0043481141328811646,0.0046173217706382275,-0.0072443666867911816,0.544511079788208,0.8387095928192139,1.1516613078031621,0.41254714131355286,-0.885042667388916,-1.3034964799880981,-0.8225311636924744,1.4772109985351562,1.3034964799880981
1773.7833333333333,3.5387074947357178,1.5487151145935059,-0.0043432340025901794,0.0046342164278030396,-0.0072104609571397305,0.5469682812690735,0.837109386920929,1.1575260295266832,0.3925590217113495,-2.3253278732299805,-1.3034964799880981,-0.8029871582984924,2.4236130714416504,1.3034964799880981
1773.8,3.538700580596924,1.5487087965011597,-0.004348151385784149,0.004660067614167929,-0.007218845188617706,0.5493483543395996,0.8355491757392883,1.1632180982308695,0.3731449842453003,-0.8849443197250366,-1.3034964799880981,-0.78425532579422,1.4770171642303467,1.3034964799880981
1773.8166666666666,3.538691282272339,1.5487020015716553,-0.004343241453170776,0.004676578566431999,-0.007184530608355999,0.5517957210540771,0.8339352011680603,1.169081519474752,0.3531562089920044,-2.3273849487304688,-1.3034964799880981,-0.7647109031677246,2.41738224029541,1.3034964799880981
1773.8333333333333,3.5386838912963867,1.548695683479309,-0.004348143935203552,0.004701568279415369,-0.007191447075456381,0.5541669130325317,0.832361102104187,1.1747739586923056,0.3337404429912567,-0.8845546841621399,-1.3034964799880981,-0.7459814548492432,1.4770781993865967,1.3034964799880981
1773.85,3.538675546646118,1.5486886501312256,-0.004343263804912567,0.004717313684523106,-0.007156419567763805,0.5566050410270691,0.830733060836792,1.1806377324639454,0.31375086307525635,-2.3274755477905273,-1.3034964799880981,-0.7264356017112732,2.410576820373535,1.3034964799880981
1773.8666666666666,3.538668394088745,1.5486820936203003,-0.004348188638687134,0.0047429511323571205,-0.007164052687585354,0.558967113494873,0.8291452527046204,1.1863302139479506,0.29433444142341614,-0.8843882083892822,-1.3034964799880981,-0.7077085375785828,1.4768950939178467,1.3034964799880981
1773.8833333333334,3.5386593341827393,1.5486750602722168,-0.004343263804912567,0.00475884648039937,-0.007129099685698748,0.5613955855369568,0.8275030851364136,1.192193401089414,0.27434462308883667,-2.3285903930664062,-1.3034964799880981,-0.6881617307662964,2.4037768840789795,1.3034964799880981
1773.9,3.5386526584625244,1.5486682653427124,-0.004348196089267731,0.004784525837749243,-0.007136546075344086,0.5637481212615967,0.825901985168457,1.1978851435114233,0.25492751598358154,-0.8840765953063965,-1.3034964799880981,-0.6694363355636597,1.4768658876419067,1.3034964799880981
1773.9166666666667,3.5386440753936768,1.5486608743667603,-0.004343278706073761,0.004799672402441502,-0.007101241499185562,0.5661673545837402,0.8242456912994385,1.2037490600400738,0.23493802547454834,-2.3284051418304443,-1.3034964799880981,-0.64988774061203,2.3981876373291016,1.3034964799880981
1773.9333333333334,3.538637161254883,1.5486541986465454,-0.004348225891590118,0.004825926385819912,-0.0071090166456997395,0.5685108304023743,0.8226308822631836,1.2094413767205126,0.2155206799507141,-0.8839191198348999,-1.3034964799880981,-0.6311637163162231,1.4766676425933838,1.3034964799880981
1773.95,3.5386292934417725,1.5486466884613037,-0.004343293607234955,0.004841167945414782,-0.007074176333844662,0.5709201693534851,0.8209607005119324,1.2153045596005128,0.1955324411392212,-2.3310697078704834,-1.3034964799880981,-0.6116141676902771,2.3929269313812256,1.3034964799880981
1773.9666666666667,3.5386223793029785,1.5486398935317993,-0.004348196089267731,0.0048663923516869545,-0.007080351933836937,0.5732543468475342,0.8193324208259583,1.2209970572313797,0.17611493170261383,-0.8834000825881958,-1.3034964799880981,-0.5928912162780762,1.476801872253418,1.3034964799880981
1773.9833333333333,3.53861403465271,1.5486323833465576,-0.00434335321187973,0.004882297944277525,-0.007046559825539589,0.5756539106369019,0.8176485896110535,1.226860125077039,0.15612705051898956,-2.3286659717559814,-1.3034964799880981,-0.5733392238616943,2.38761305809021,1.3034964799880981
1774.0,3.538606882095337,1.5486252307891846,-0.0043482184410095215,0.004907625261694193,-0.007052571978420019,0.5779788494110107,0.8160064220428467,1.2325530235771407,0.13670900464057922,-0.8831984996795654,-1.3034964799880981,-0.5546180009841919,1.4766671657562256,1.3034964799880981
1774.0166666666667,3.5385985374450684,1.548617959022522,-0.004343301057815552,0.004922133404761553,-0.007016954943537712,0.5803682208061218,0.8143090009689331,1.2384149971171838,0.11672322452068329,-2.3319454193115234,-1.3034964799880981,-0.5350638031959534,2.3819174766540527,1.3034964799880981
1774.0333333333333,3.5385921001434326,1.5486109256744385,-0.004348263144493103,0.004948032554239035,-0.007023612968623638,0.5826836824417114,0.8126535415649414,1.2441080876703394,0.09730739891529083,-0.8828054070472717,-1.3034964799880981,-0.5163421034812927,1.4766308069229126,1.3034964799880981
1774.05,3.538583755493164,1.5486035346984863,-0.004343345761299133,0.004963032901287079,-0.006989019922912121,0.5850633978843689,0.8109422922134399,1.2499705862493125,0.07732249796390533,-2.3302204608917236,-1.3034964799880981,-0.49678540229797363,2.376760482788086,1.3034964799880981
1774.0666666666666,3.5385775566101074,1.5485963821411133,-0.0043482705950737,0.004989693406969309,-0.006996209267526865,0.5873688459396362,0.8092737197875977,1.2556626536887958,0.057907212525606155,-0.8825268745422363,-1.3034964799880981,-0.47806474566459656,1.476521372795105,1.3034964799880981
1774.0833333333333,3.5385687351226807,1.5485882759094238,-0.004343315958976746,0.005002235062420368,-0.0069588180631399155,0.5897387862205505,0.8075486421585083,1.261525472859332,0.037924475967884064,-2.332155704498291,-1.3034964799880981,-0.4585052728652954,2.3707902431488037,1.3034964799880981
1774.1,3.538562536239624,1.5485813617706299,-0.004348337650299072,0.005029894411563873,-0.006966954097151756,0.5920340418815613,0.805867075920105,1.2672162578511268,0.01851176843047142,-0.8821358680725098,-1.3034964799880981,-0.43978413939476013,1.4764255285263062,1.3034964799880981
1774.1166666666666,3.5385546684265137,1.5485737323760986,-0.0043433308601379395,0.005043539218604565,-0.006931372452527285,0.5943934917449951,0.8041285872459412,1.2730778713916526,-0.0014690050156787038,-2.3308699131011963,-1.3034964799880981,-0.4202224016189575,2.3665685653686523,1.3034964799880981
1774.1333333333334,3.538548231124878,1.5485668182373047,-0.004348307847976685,0.005069848150014877,-0.006937212310731411,0.5966793894767761,0.8024337291717529,1.278769671475924,-0.020880630239844322,-0.881657600402832,-1.3034964799880981,-0.40150102972984314,1.4765228033065796,1.3034964799880981
1774.15,3.5385403633117676,1.5485588312149048,-0.00434335321187973,0.0050835381262004375,-0.006902017630636692,0.5990282893180847,0.8006818890571594,1.2846300914418873,-0.040857650339603424,-2.3305604457855225,-1.3034964799880981,-0.38193559646606445,2.3626229763031006,1.3034964799880981
1774.1666666666667,3.53853440284729,1.5485517978668213,-0.004348322749137878,0.005109850317239761,-0.006907914765179157,0.6013042330741882,0.7989740371704102,1.290321609956279,-0.06026703119277954,-0.8810924291610718,-1.3034964799880981,-0.3632139563560486,1.4765326976776123,1.3034964799880981
1774.1833333333334,3.5385262966156006,1.5485442876815796,-0.004343345761299133,0.00512293865904212,-0.00687209190800786,0.6036432385444641,0.7972083687782288,1.296182648324448,-0.08024182915687561,-2.3287220001220703,-1.3034964799880981,-0.34364446997642517,2.3569037914276123,1.3034964799880981
1774.2,3.538520336151123,1.548537254333496,-0.004348330199718475,0.0051500145345926285,-0.006878688931465149,0.6059092879295349,0.7954872846603394,1.3018741722113574,-0.09964802861213684,-0.8808527588844299,-1.3034964799880981,-0.32492193579673767,1.47638738155365,1.3034964799880981
1774.2166666666667,3.538512945175171,1.5485292673110962,-0.004343360662460327,0.0051626707427203655,-0.006842557340860367,0.6082380414009094,0.793708324432373,1.3077352268550895,-0.1196187362074852,-2.3296446800231934,-1.3034964799880981,-0.3053494095802307,2.3530805110931396,1.3034964799880981
1774.2333333333333,3.5385069847106934,1.5485222339630127,-0.00434836745262146,0.005189636256545782,-0.0068486277014017105,0.6104939579963684,0.7919743657112122,1.3134263756731537,-0.13902193307876587,-0.880207896232605,-1.3034964799880981,-0.28662532567977905,1.4765323400497437,1.3034964799880981
1774.25,3.538499593734741,1.548514485359192,-0.004343412816524506,0.005202032160013914,-0.006812377832829952,0.6128119826316833,0.7901822924613953,1.319286375111474,-0.15898939967155457,-2.3274288177490234,-1.3034964799880981,-0.2670480012893677,2.3478801250457764,1.3034964799880981
1774.2666666666667,3.5384931564331055,1.548507571220398,-0.004348352551460266,0.005228739697486162,-0.0068179043009877205,0.6150572896003723,0.7884356379508972,1.3249760623334608,-0.17838992178440094,-0.8797208070755005,-1.3034964799880981,-0.2483232468366623,1.4765281677246094,1.3034964799880981
1774.2833333333333,3.538485527038574,1.5484997034072876,-0.0043434277176856995,0.005242163315415382,-0.006783371791243553,0.6173647046089172,0.786630392074585,1.3308355385659176,-0.1983514279127121,-2.326007843017578,-1.3034964799880981,-0.22874198853969574,2.3462276458740234,1.3034964799880981
1774.3,3.538479804992676,1.5484929084777832,-0.004348337650299072,0.005268419161438942,-0.006788095459342003,0.6195996999740601,0.7848709225654602,1.3365247250900922,-0.21774901449680328,-0.8790105581283569,-1.3034964799880981,-0.21001562476158142,1.4767062664031982,1.3034964799880981
1774.3166666666666,3.5384726524353027,1.548485279083252,-0.0043434277176856995,0.005280721001327038,-0.006752201355993748,0.6218966245651245,0.7830524444580078,1.3423841134279488,-0.23770713806152344,-2.323988914489746,-1.3034964799880981,-0.1904294490814209,2.342060089111328,1.3034964799880981
1774.3333333333333,3.5384669303894043,1.5484784841537476,-0.004348382353782654,0.005307395942509174,-0.006757190451025963,0.6241215467453003,0.7812800407409668,1.3480736365288066,-0.25709977746009827,-0.8785719871520996,-1.3034964799880981,-0.1717006117105484,1.4766478538513184,1.3034964799880981
1774.35,3.5384602546691895,1.5484708547592163,-0.004343442618846893,0.005319193936884403,-0.0067211538553237915,0.6264076232910156,0.7794485688209534,1.353932228263571,-0.27705246210098267,-2.3238284587860107,-1.3034964799880981,-0.15210981667041779,2.3385825157165527,1.3034964799880981
1774.3666666666666,3.538454532623291,1.5484638214111328,-0.004348382353782654,0.005345867946743965,-0.006725805811583996,0.6286222338676453,0.7776632308959961,1.3596216029164268,-0.29644066095352173,-0.8779239058494568,-1.3034964799880981,-0.13337844610214233,1.47677743434906,1.3034964799880981
1774.3833333333334,3.538447141647339,1.5484564304351807,-0.004343472421169281,0.005358734633773565,-0.006691181566566229,0.6308977007865906,0.7758187055587769,1.365480266656384,-0.31638798117637634,-2.3205878734588623,-1.3034964799880981,-0.11378248780965805,2.336190700531006,1.3034964799880981
1774.4,3.5384416580200195,1.5484496355056763,-0.004348374903202057,0.005386057309806347,-0.0066965436562895775,0.6331015229225159,0.7740210294723511,1.3711685296169254,-0.3357714116573334,-0.8773989677429199,-1.3034964799880981,-0.0950484499335289,1.4767886400222778,1.3034964799880981
1774.4166666666667,3.5384347438812256,1.5484421253204346,-0.0043434202671051025,0.005396773107349873,-0.006659721024334431,0.6353660821914673,0.772163450717926,1.377026544809678,-0.3557138442993164,-2.318927049636841,-1.3034964799880981,-0.0754474401473999,2.3336386680603027,1.3034964799880981
1774.4333333333334,3.5384292602539062,1.5484356880187988,-0.0043484121561050415,0.005424523260444403,-0.006664812099188566,0.6375596523284912,0.7703530192375183,1.3827152444912283,-0.37509167194366455,-0.8768021464347839,-1.3034964799880981,-0.05670958012342453,1.4768997430801392,1.3034964799880981
1774.45,3.538422107696533,1.5484281778335571,-0.0043434277176856995,0.005434894468635321,-0.006628099363297224,0.6398133635520935,0.7684823274612427,1.3885730078133494,-0.39502856135368347,-2.317654609680176,-1.3034964799880981,-0.03710345923900604,2.3312036991119385,1.3034964799880981
1774.4666666666667,3.538417100906372,1.548421859741211,-0.0043484121561050415,0.005461725406348705,-0.006632127799093723,0.6419965028762817,0.7666594386100769,1.3942618901507715,-0.4144000709056854,-0.8762959241867065,-1.3034964799880981,-0.018361562862992287,1.4769726991653442,1.3034964799880981
1774.4833333333333,3.53840970993042,1.5484148263931274,-0.004343479871749878,0.005473541095852852,-0.006597199477255344,0.6442394852638245,0.7647758722305298,1.4001200209200828,-0.4343299865722656,-2.315937042236328,-1.3034964799880981,0.0012500924058258533,2.3303332328796387,1.3034964799880981
1774.5,3.538405179977417,1.5484085083007812,-0.004348427057266235,0.005500580184161663,-0.0066013094037771225,0.6464123129844666,0.7629398703575134,1.405809490949475,-0.4536966383457184,-0.8753141760826111,-1.3034964799880981,0.019995134323835373,1.477248191833496,1.3034964799880981
1774.5166666666667,3.538398504257202,1.5484015941619873,-0.004343442618846893,0.005511221010237932,-0.006564917042851448,0.6486443877220154,0.7610433101654053,1.4116675892112724,-0.4736218750476837,-2.311262845993042,-1.3034964799880981,0.03961345553398132,2.3269567489624023,1.3034964799880981
1774.5333333333333,3.538393020629883,1.5483952760696411,-0.004348419606685638,0.005538645666092634,-0.006569361314177513,0.6508062481880188,0.75919508934021,1.4173562029369975,-0.49298104643821716,-0.8750075101852417,-1.3034964799880981,0.058363139629364014,1.4771870374679565,1.3034964799880981
1774.55,3.538386583328247,1.5483886003494263,-0.004343479871749878,0.005549131892621517,-0.006533184088766575,0.6530275940895081,0.7572857141494751,1.423215039893982,-0.5128984451293945,-2.3105649948120117,-1.3034964799880981,0.07798727601766586,2.3257369995117188,1.3034964799880981
1774.5666666666666,3.538381576538086,1.5483826398849487,-0.0043484121561050415,0.005576455965638161,-0.006537021137773991,0.6551784873008728,0.755425214767456,1.4289029429396316,-0.532252311706543,-0.874254584312439,-1.3034964799880981,0.0967409536242485,1.4774364233016968,1.3034964799880981
1774.5833333333333,3.5383753776550293,1.5483757257461548,-0.004343509674072266,0.0055874246172606945,-0.00650178175419569,0.6573885679244995,0.7535030841827393,1.4347612339913072,-0.552161693572998,-2.30721378326416,-1.3034964799880981,0.11637149006128311,2.32673716545105,1.3034964799880981
1774.6,3.538370370864868,1.5483700037002563,-0.004348397254943848,0.005613484885543585,-0.006503931246697903,0.6595287322998047,0.7516301870346069,1.440449234370563,-0.5715098977088928,-0.8734274506568909,-1.3034964799880981,0.1351298689842224,1.4777815341949463,1.3034964799880981
1774.6166666666666,3.5383641719818115,1.5483635663986206,-0.004343494772911072,0.005624561570584774,-0.0064690448343753815,0.6617273092269897,0.7496955394744873,1.446306528613811,-0.591413140296936,-2.3039822578430176,-1.3034964799880981,0.15476705133914948,2.3258235454559326,1.3034964799880981
1774.6333333333334,3.538360118865967,1.5483580827713013,-0.004348434507846832,0.005652081687003374,-0.006472846958786249,0.6638565063476562,0.7478106021881104,1.4519942779025443,-0.6107534170150757,-0.8729103207588196,-1.3034964799880981,0.17353081703186035,1.477831244468689,1.3034964799880981
1774.65,3.538353681564331,1.548351764678955,-0.004343479871749878,0.005661872215569019,-0.006436479277908802,0.6660436391830444,0.7458633780479431,1.4578508761999605,-0.6306505799293518,-2.301671266555786,-1.3034964799880981,0.19317446649074554,2.324225902557373,1.3034964799880981
1774.6666666666667,3.538349151611328,1.5483466386795044,-0.0043484121561050415,0.005689404439181089,-0.006439962889999151,0.668161928653717,0.7439662218093872,1.463538650418018,-0.6499824523925781,-0.8724208474159241,-1.3034964799880981,0.21194414794445038,1.4779090881347656,1.3034964799880981
1774.6833333333334,3.5383429527282715,1.5483405590057373,-0.004343487322330475,0.005698530003428459,-0.00640310300514102,0.6703379154205322,0.7420064210891724,1.4693956073390582,-0.6698716878890991,-2.2989108562469482,-1.3034964799880981,0.2315942347049713,2.325699806213379,1.3034964799880981
1774.7,3.538339138031006,1.5483354330062866,-0.004348397254943848,0.005725560709834099,-0.006405889522284269,0.6724452376365662,0.740096926689148,1.4750834039141314,-0.6891972422599792,-0.8714790344238281,-1.3034964799880981,0.2503693997859955,1.4783049821853638,1.3034964799880981
1774.7166666666667,3.5383331775665283,1.5483297109603882,-0.004343494772911072,0.005736098624765873,-0.0063710943795740604,0.6746094226837158,0.7381249070167542,1.4809391710657038,-0.7090786099433899,-2.293736457824707,-1.3034964799880981,0.27002671360969543,2.326927661895752,1.3034964799880981
1774.7333333333333,3.5383291244506836,1.548324465751648,-0.004348397254943848,0.005762260407209396,-0.006372503936290741,0.6767055988311768,0.7362034320831299,1.4866267034526697,-0.7283968925476074,-0.8710602521896362,-1.3034964799880981,0.2888079583644867,1.4785027503967285,1.3034964799880981
1774.75,3.538322687149048,1.5483193397521973,-0.004343509674072266,0.005772122181952,-0.006337209139019251,0.6788583397865295,0.7342190742492676,1.4924823992849359,-0.7482699155807495,-2.2930703163146973,-1.3034964799880981,0.3084721863269806,2.3284289836883545,1.3034964799880981
1774.7666666666667,3.538318395614624,1.5483146905899048,-0.004348434507846832,0.005799395497888327,-0.006339788902550936,0.6809430718421936,0.7322859764099121,1.4981691052728503,-0.7675794959068298,-0.8701192736625671,-1.3034964799880981,0.32726019620895386,1.4788540601730347,1.3034964799880981
1774.7833333333333,3.5383124351501465,1.548309326171875,-0.004343509674072266,0.005808900576084852,-0.006304092705249786,0.6830846667289734,0.7302889227867126,1.5040257289893109,-0.7874476313591003,-2.2874443531036377,-1.3034964799880981,0.3469320237636566,2.326812267303467,1.3034964799880981
1774.8,3.5383081436157227,1.548304796218872,-0.004348441958427429,0.0058370050974190235,-0.006307185627520084,0.6851578950881958,0.7283440232276917,1.5097115852192382,-0.8067495822906494,-0.8697255253791809,-1.3034964799880981,0.36572566628456116,1.4789726734161377,1.3034964799880981
1774.8166666666666,3.5383026599884033,1.548299789428711,-0.004343494772911072,0.0058458829298615456,-0.006271025165915489,0.6872875094413757,0.726334810256958,1.5155670258876195,-0.8266084790229797,-2.285364866256714,-1.3034964799880981,0.3854047954082489,2.3281497955322266,1.3034964799880981
1774.8333333333333,3.5382981300354004,1.5482958555221558,-0.004348397254943848,0.005872424226254225,-0.00627251947298646,0.6893497705459595,0.7243776321411133,1.521253646531138,-0.845902681350708,-0.8690959811210632,-1.3034964799880981,0.4042052924633026,1.4792875051498413,1.3034964799880981
1774.85,3.5382919311523438,1.5482908487319946,-0.004343539476394653,0.005881102755665779,-0.0062362574972212315,0.6914678812026978,0.7223563194274902,1.5271094557370297,-0.8657533526420593,-2.2835047245025635,-1.3034964799880981,0.4238913357257843,2.3313076496124268,1.3034964799880981
1774.8666666666666,3.538287878036499,1.5482869148254395,-0.0043484121561050415,0.005908786319196224,-0.006238745991140604,0.6935186982154846,0.7203872799873352,1.5327957799594136,-0.8850389122962952,-0.8682870864868164,-1.3034964799880981,0.4426994323730469,1.4796526432037354,1.3034964799880981
1774.8833333333334,3.5382819175720215,1.5482819080352783,-0.004343494772911072,0.005917293950915337,-0.0062026651576161385,0.6956249475479126,0.7183538675308228,1.5386511438706123,-0.9048830270767212,-2.2788479328155518,-1.3034964799880981,0.46239298582077026,2.33280086517334,1.3034964799880981
1774.9,3.538278102874756,1.5482782125473022,-0.004348389804363251,0.005944886244833469,-0.00620479928329587,0.6976644396781921,0.7163730263710022,1.5443376683611096,-0.924159586429596,-0.8678883910179138,-1.3034964799880981,0.4812084436416626,1.4798504114151,1.3034964799880981
1774.9166666666667,3.5382726192474365,1.548274040222168,-0.004343532025814056,0.0059534539468586445,-0.00616879016160965,0.6997594237327576,0.7143270969390869,1.550194450607943,-0.9439952373504639,-2.2768256664276123,-1.3034964799880981,0.5009090900421143,2.335811138153076,1.3034964799880981
1774.9333333333334,3.538268566131592,1.54827082157135,-0.004348360002040863,0.005980208516120911,-0.006169888190925121,0.7017872333526611,0.7123346924781799,1.5558803462791302,-0.9632645845413208,-0.8672087788581848,-1.3034964799880981,0.5197317600250244,1.4802591800689697,1.3034964799880981
1774.95,3.5382630825042725,1.548266887664795,-0.004343502223491669,0.005988255143165588,-0.006133691873401403,0.7038701176643372,0.7102769017219543,1.5617364000180014,-0.9830911755561829,-2.2755799293518066,-1.3034964799880981,0.539439857006073,2.3399572372436523,1.3034964799880981
1774.9666666666667,3.538259506225586,1.5482639074325562,-0.004348382353782654,0.006016068160533905,-0.006135547999292612,0.70588618516922,0.7082730531692505,1.5674217243368198,-1.0023512840270996,-0.8665170669555664,-1.3034964799880981,0.5582709312438965,1.4806045293807983,1.3034964799880981
1774.9833333333333,3.5382537841796875,1.54826021194458,-0.004343509674072266,0.006023845635354519,-0.006099246442317963,0.7079573273658752,0.7062031030654907,1.573278250739065,-1.0221717357635498,-2.270972728729248,-1.3034964799880981,0.5779858827590942,2.344179153442383,1.3034964799880981
1775.0,3.5382497310638428,1.5482574701309204,-0.004348374903202057,0.006051067262887955,-0.006100458092987537,0.7099619507789612,0.7041876316070557,1.5789639976635281,-1.0414249897003174,-0.8659246563911438,-1.3034964799880981,0.596824586391449,1.4810084104537964,1.3034964799880981
1775.0166666666667,3.5382442474365234,1.5482537746429443,-0.004343502223491669,0.006058056838810444,-0.006063542794436216,0.712020993232727,0.7021059393882751,1.5848201679744442,-1.0612369775772095,-2.2701473236083984,-1.3034964799880981,0.6165469884872437,2.3470890522003174,1.3034964799880981
1775.0333333333333,3.538240432739258,1.5482515096664429,-0.004348382353782654,0.006087158340960741,-0.006066451780498028,0.714013934135437,0.7000787258148193,1.5905059142343205,-1.0804802179336548,-0.8651571869850159,-1.3034964799880981,0.6353939771652222,1.4814282655715942,1.3034964799880981
1775.05,3.5382351875305176,1.548248052597046,-0.004343464970588684,0.006093390751630068,-0.0060288673266768456,0.7160610556602478,0.6979849338531494,1.5963624367179219,-1.1002875566482544,-2.2634854316711426,-1.3034964799880981,0.6551239490509033,2.349186420440674,1.3034964799880981
1775.0666666666666,3.538231372833252,1.548245906829834,-0.00434836745262146,0.006120696663856506,-0.006029789336025715,0.7180429697036743,0.6959457397460938,1.602050157409808,-1.1195237636566162,-0.8649941682815552,-1.3034964799880981,0.6739783883094788,1.481623888015747,1.3034964799880981
1775.0833333333333,3.5382256507873535,1.5482428073883057,-0.004343539476394653,0.0061284322291612625,-0.0059939539059996605,0.7200777530670166,0.693840503692627,1.6079060882442733,-1.1393197774887085,-2.2632577419281006,-1.3034964799880981,0.6937150955200195,2.356457233428955,1.3034964799880981
1775.1,3.538221836090088,1.5482407808303833,-0.004348322749137878,0.006155176553875208,-0.005994322244077921,0.7220479249954224,0.6917897462844849,1.6135939790434073,-1.1585485935211182,-0.8640636205673218,-1.3034964799880981,0.7125778198242188,1.4823271036148071,1.3034964799880981
1775.1166666666666,3.5382161140441895,1.5482378005981445,-0.004343494772911072,0.0061628869734704494,-0.005958477966487408,0.7240703701972961,0.6896728277206421,1.6194494757078208,-1.1783396005630493,-2.2572968006134033,-1.3034964799880981,0.7323218584060669,2.3607637882232666,1.3034964799880981
1775.1333333333334,3.538212537765503,1.5482358932495117,-0.004348337650299072,0.006190568674355745,-0.005959462374448776,0.7260283827781677,0.6876110434532166,1.6251365420087882,-1.1975597143173218,-0.8637703657150269,-1.3034964799880981,0.7511925101280212,1.4825263023376465,1.3034964799880981
1775.15,3.5382070541381836,1.548233151435852,-0.004343487322330475,0.006197483744472265,-0.005923157557845116,0.7280390858650208,0.6854820251464844,1.6309935066088905,-1.2173432111740112,-2.2554831504821777,-1.3034964799880981,0.7709430456161499,2.366243362426758,1.3034964799880981
1775.1666666666667,3.538203001022339,1.5482317209243774,-0.004348285496234894,0.006224173121154308,-0.005923014599829912,0.7299851179122925,0.6834089756011963,1.6366804145748792,-1.2365556955337524,-0.8632637858390808,-1.3034964799880981,0.7898218631744385,1.4830083847045898,1.3034964799880981
1775.1833333333334,3.5381975173950195,1.5482295751571655,-0.004343494772911072,0.006231238134205341,-0.005886893253773451,0.7319833636283875,0.6812685132026672,1.6425369898773394,-1.2563320398330688,-2.2527852058410645,-1.3034964799880981,0.8095791935920715,2.37231183052063,1.3034964799880981
1775.2,3.538193464279175,1.54822838306427,-0.004348300397396088,0.006258203182369471,-0.005886889062821865,0.7339177131652832,0.679184079170227,1.6482248159132944,-1.2755368947982788,-0.8629269003868103,-1.3034964799880981,0.8284666538238525,1.4833792448043823,1.3034964799880981
1775.2166666666667,3.5381879806518555,1.548225998878479,-0.004343464970588684,0.006265768315643072,-0.005851344205439091,0.7359034419059753,0.6770321726799011,1.654081036775085,-1.295305609703064,-2.25213885307312,-1.3034964799880981,0.8482304215431213,2.3785746097564697,1.3034964799880981
1775.2333333333333,3.5381839275360107,1.5482250452041626,-0.004348255693912506,0.006292289588600397,-0.0058509837836027145,0.7378256320953369,0.6749366521835327,1.6597685814387668,-1.3145033121109009,-0.8622427582740784,-1.3034964799880981,0.867125928401947,1.483961820602417,1.3034964799880981
1775.25,3.5381786823272705,1.5482232570648193,-0.00434345006942749,0.006298689637333155,-0.005814621224999428,0.7397991418838501,0.6727731227874756,1.6656254719314116,-1.3342676162719727,-2.2464098930358887,-1.3034964799880981,0.8868964314460754,2.38421368598938,1.3034964799880981
1775.2666666666667,3.538174629211426,1.548222541809082,-0.004348278045654297,0.006326377857476473,-0.005814999341964722,0.7417089939117432,0.6706668138504028,1.6713124062713336,-1.3534574508666992,-0.861987292766571,-1.3034964799880981,0.905799925327301,1.4842454195022583,1.3034964799880981
1775.2833333333333,3.5381693840026855,1.5482209920883179,-0.00434345006942749,0.0063326419331133366,-0.005778532940894365,0.743669867515564,0.6684920787811279,1.6771689455007777,-1.3732155561447144,-2.244534730911255,-1.3034964799880981,0.925576388835907,2.389784812927246,1.3034964799880981
1775.3,3.5381648540496826,1.5482206344604492,-0.0043482184410095215,0.006359145510941744,-0.0057777585461735725,0.7455669641494751,0.6663753390312195,1.682854165599371,-1.392398476600647,-0.8617754578590393,-1.3034964799880981,0.9444881081581116,1.4846901893615723,1.3034964799880981
1775.3166666666666,3.538159132003784,1.5482194423675537,-0.0043434277176856995,0.006365328095853329,-0.005741390399634838,0.747515082359314,0.6641894578933716,1.6887101991217799,-1.4121493101119995,-2.244492530822754,-1.3034964799880981,0.9642703533172607,2.397561550140381,1.3034964799880981
1775.3333333333333,3.5381550788879395,1.5482193231582642,-0.004348203539848328,0.006392131559550762,-0.005740889813750982,0.7494003772735596,0.662061333656311,1.694396768439772,-1.4313246011734009,-0.861380398273468,-1.3034964799880981,0.9831905961036682,1.4851512908935547,1.3034964799880981
1775.35,3.538149356842041,1.548218011856079,-0.0043434202671051025,0.00639835000038147,-0.0057046664878726006,0.7513361573219299,0.6598638892173767,1.7002537464001661,-1.451070785522461,-2.2417051792144775,-1.3034964799880981,1.002978801727295,2.4032034873962402,1.3034964799880981
1775.3666666666666,3.538145065307617,1.5482178926467896,-0.004348181188106537,0.006425073370337486,-0.005703863687813282,0.7532092332839966,0.6577247381210327,1.7059406170916773,-1.4702397584915161,-0.861234188079834,-1.3034964799880981,1.021907091140747,1.485493779182434,1.3034964799880981
1775.3833333333334,3.538139820098877,1.5482169389724731,-0.0043434277176856995,0.006430745590478182,-0.005667314864695072,0.7551323771476746,0.6555162668228149,1.7117977884354283,-1.4899803400039673,-2.2404937744140625,-1.3034964799880981,1.0417006015777588,2.410438060760498,1.3034964799880981
1775.4,3.538135290145874,1.5482171773910522,-0.004348166286945343,0.006457338575273752,-0.005666172131896019,0.756993293762207,0.6533660888671875,1.7174853236583476,-1.5091432332992554,-0.8606353402137756,-1.3034964799880981,1.060636043548584,1.4860498905181885,1.3034964799880981
1775.4166666666667,3.538130044937134,1.5482162237167358,-0.004343405365943909,0.006463969126343727,-0.005630508065223694,0.7589035034179688,0.6511465907096863,1.7233420775446622,-1.5288788080215454,-2.236297130584717,-1.3034964799880981,1.080435037612915,2.4165103435516357,1.3034964799880981
1775.4333333333334,3.53812575340271,1.5482165813446045,-0.004348099231719971,0.006489822641015053,-0.0056287446059286594,0.7607520818710327,0.6489856243133545,1.7290299116339471,-1.548035979270935,-0.8607221245765686,-1.3034964799880981,1.0993781089782715,1.486318826675415,1.3034964799880981
1775.45,3.5381205081939697,1.5482159852981567,-0.0043434202671051025,0.00649629533290863,-0.005593084264546633,0.7626498937606812,0.6467547416687012,1.7348880123267014,-1.5677648782730103,-2.237071990966797,-1.3034964799880981,1.1191821098327637,2.423849582672119,1.3034964799880981
1775.4666666666667,3.538116216659546,1.5482165813446045,-0.0043481141328811646,0.006522568874061108,-0.005591574124991894,0.7644861340522766,0.6445829272270203,1.7405763801005851,-1.5869169235229492,-0.8602280616760254,-1.3034964799880981,1.1381319761276245,1.486856460571289,1.3034964799880981
1775.4833333333333,3.5381104946136475,1.5482162237167358,-0.004343390464782715,0.0065274834632873535,-0.005554697010666132,0.7663707733154297,0.6423413753509521,1.7464336502858837,-1.606643557548523,-2.2331326007843018,-1.3034964799880981,1.1579405069351196,2.4297235012054443,1.3034964799880981
1775.5,3.5381062030792236,1.5482172966003418,-0.004348099231719971,0.006554426625370979,-0.005553528666496277,0.7681945562362671,0.6401588916778564,1.7521223691377217,-1.6257890462875366,-0.8604109287261963,-1.3034964799880981,1.1768980026245117,1.4870432615280151,1.3034964799880981
1775.5166666666667,3.538100481033325,1.5482169389724731,-0.004343368113040924,0.006560374982655048,-0.0055176750756800175,0.7700662016868591,0.6379063725471497,1.7579796409181585,-1.6455090045928955,-2.234651803970337,-1.3034964799880981,1.1967103481292725,2.4374897480010986,1.3034964799880981
1775.5333333333333,3.5380961894989014,1.548218011856079,-0.004348047077655792,0.006586234550923109,-0.0055155339650809765,0.7718771696090698,0.6357136368751526,1.7636677511814571,-1.6646502017974854,-0.8603734970092773,-1.3034964799880981,1.2156745195388794,1.487384557723999,1.3034964799880981
1775.55,3.538090467453003,1.5482183694839478,-0.004343383014202118,0.006593156140297651,-0.005480577237904072,0.7737358212471008,0.633450448513031,1.7695251314481533,-1.684364914894104,-2.234318971633911,-1.3034964799880981,1.235491156578064,2.4456489086151123,1.3034964799880981
1775.5666666666666,3.538085699081421,1.5482192039489746,-0.004347972571849823,0.006617798935621977,-0.00547748152166605,0.7755339741706848,0.6312472820281982,1.7752128704015073,-1.7035021781921387,-0.8603425621986389,-1.3034964799880981,1.2544615268707275,1.487737774848938,1.3034964799880981
1775.5833333333333,3.5380797386169434,1.5482192039489746,-0.004343360662460327,0.006624139379709959,-0.0054420954547822475,0.77737957239151,0.6289734244346619,1.781070350117814,-1.723212718963623,-2.234485387802124,-1.3034964799880981,1.2742823362350464,2.4518237113952637,1.3034964799880981
1775.6,3.5380749702453613,1.5482203960418701,-0.004347994923591614,0.006649890914559364,-0.005439654923975468,0.7791651487350464,0.6267597675323486,1.7867586363545966,-1.7423453330993652,-0.8605332374572754,-1.3034964799880981,1.293259620666504,1.4879056215286255,1.3034964799880981
1775.6166666666666,3.538069248199463,1.5482207536697388,-0.004343345761299133,0.006655561737716198,-0.005403692834079266,0.7809978127479553,0.6244748830795288,1.7926168610318516,-1.7620526552200317,-2.235415458679199,-1.3034964799880981,1.313083291053772,2.4588897228240967,1.3034964799880981
1775.6333333333334,3.5380642414093018,1.5482219457626343,-0.004347935318946838,0.0066805011592805386,-0.005400679539889097,0.7827709317207336,0.6222506165504456,1.7983062314720972,-1.78118097782135,-0.8606574535369873,-1.3034964799880981,1.3320668935775757,1.4881784915924072,1.3034964799880981
1775.65,3.5380592346191406,1.5482224225997925,-0.004343301057815552,0.006686278618872166,-0.005365046672523022,0.7845907211303711,0.6199547052383423,1.804165604752756,-1.8008837699890137,-2.236093044281006,-1.3034964799880981,1.3518935441970825,2.467067003250122,1.3034964799880981
1775.6666666666667,3.538054943084717,1.5482239723205566,-0.004347898066043854,0.006711090449243784,-0.005361740477383137,0.7863506078720093,0.6177207231521606,1.8098537983066572,-1.8200085163116455,-0.8607807159423828,-1.3034964799880981,1.3708831071853638,1.4884374141693115,1.3034964799880981
1775.6833333333334,3.5380494594573975,1.5482244491577148,-0.004343286156654358,0.006717201322317123,-0.005326437763869762,0.788157045841217,0.6154144406318665,1.8157129647589785,-1.839707851409912,-2.2370893955230713,-1.3034964799880981,1.3907121419906616,2.4744441509246826,1.3034964799880981
1775.7,3.5380442142486572,1.5482257604599,-0.004347890615463257,0.006742717232555151,-0.005323439836502075,0.7899044156074524,0.6131696701049805,1.8214025633036321,-1.8588284254074097,-0.8610585331916809,-1.3034964799880981,1.4097071886062622,1.4886130094528198,1.3034964799880981
1775.7166666666667,3.538038492202759,1.548226237297058,-0.00434325635433197,0.006747014820575714,-0.005286906845867634,0.7916979193687439,0.6108526587486267,1.8272629707364298,-1.8785251379013062,-2.239131450653076,-1.3034964799880981,1.4295375347137451,2.4814114570617676,1.3034964799880981
1775.7333333333333,3.5380330085754395,1.5482280254364014,-0.004347912967205048,0.006773971486836672,-0.005284890998154879,0.7934324145317078,0.6085976362228394,1.8329530061065125,-1.8976415395736694,-0.8615034818649292,-1.3034964799880981,1.4485387802124023,1.4886106252670288,1.3034964799880981
1775.75,3.538027286529541,1.54822838306427,-0.004343211650848389,0.006778107024729252,-0.00524845952168107,0.7952125668525696,0.6062699556350708,1.8388137269351015,-1.9173357486724854,-2.2417924404144287,-1.3034964799880981,1.4683703184127808,2.489067554473877,1.3034964799880981
1775.7666666666667,3.538022518157959,1.5482300519943237,-0.0043478310108184814,0.0068039195612072945,-0.005245447624474764,0.796934187412262,0.604004979133606,1.8445042182228206,-1.9364506006240845,-0.8615940809249878,-1.3034964799880981,1.4873768091201782,1.4889469146728516,1.3034964799880981
1775.7833333333333,3.5380167961120605,1.5482304096221924,-0.004343204200267792,0.006807507015764713,-0.005208441987633705,0.7987009286880493,0.6016672253608704,1.8503650212051637,-1.956142544746399,-2.2398841381073,-1.3034964799880981,1.5072100162506104,2.498260736465454,1.3034964799880981
1775.8,3.538011312484741,1.5482323169708252,-0.004347845911979675,0.006833843421190977,-0.0052059125155210495,0.8004093170166016,0.5993922352790833,1.8560552415062253,-1.9752544164657593,-0.8619299530982971,-1.3034964799880981,1.5262209177017212,1.4890724420547485,1.3034964799880981
1775.8166666666666,3.5380053520202637,1.548232913017273,-0.004343114793300629,0.006840053480118513,-0.005166526883840561,0.8021625876426697,0.5970441699028015,1.8619162290402804,-1.9949562549591064,-2.215357780456543,-1.3034964799880981,1.5460481643676758,2.518221616744995,1.3034964799880981
1775.8333333333333,3.5380001068115234,1.5482345819473267,-0.004347838461399078,0.00686317402869463,-0.005166208371520042,0.8038577437400818,0.5947595834732056,1.867606212070412,-2.014061689376831,-0.8615849018096924,-1.3034964799880981,1.565064787864685,1.4894170761108398,1.3034964799880981
1775.85,3.537993907928467,1.5482351779937744,-0.004343077540397644,0.006869213189929724,-0.00512646185234189,0.8055977821350098,0.5924007296562195,1.8734685032563025,-2.0337612628936768,-2.217512607574463,-1.3034964799880981,1.5848920345306396,2.5243241786956787,1.3034964799880981
1775.8666666666666,3.5379886627197266,1.5482370853424072,-0.0043478310108184814,0.00689307413995266,-0.005126709118485451,0.8072798252105713,0.5901064276695251,1.8791587902957738,-2.052863836288452,-0.861840009689331,-1.3034964799880981,1.603912115097046,1.4895424842834473,1.3034964799880981
1775.8833333333334,3.537982225418091,1.548237919807434,-0.004343047738075256,0.006898156367242336,-0.005086388438940048,0.8090062737464905,0.587737500667572,1.8850212723157131,-2.0725629329681396,-2.216766357421875,-1.3034964799880981,1.6237397193908691,2.5300793647766113,1.3034964799880981
1775.9,3.5379769802093506,1.5482399463653564,-0.004347801208496094,0.006922174710780382,-0.005086677148938179,0.810675323009491,0.5854328870773315,1.8907126634126832,-2.091662883758545,-0.862270176410675,-1.3034964799880981,1.6427628993988037,1.4895645380020142,1.3034964799880981
1775.9166666666667,3.537970781326294,1.5482406616210938,-0.004343047738075256,0.006927743554115295,-0.005046745762228966,0.8123881220817566,0.5830539464950562,1.8965753750116778,-2.111360549926758,-2.2172813415527344,-1.3034964799880981,1.6625901460647583,2.536914110183716,1.3034964799880981
1775.9333333333334,3.5379655361175537,1.548242449760437,-0.004347756505012512,0.00695059634745121,-0.0050460295751690865,0.814043402671814,0.5807403922080994,1.9022652382533505,-2.130460500717163,-0.8625892400741577,-1.3034964799880981,1.6816166639328003,1.4897403717041016,1.3034964799880981
1775.95,3.537959575653076,1.5482430458068848,-0.004343040287494659,0.006956898141652346,-0.005006714258342981,0.8157421350479126,0.578352153301239,1.9081268690898119,-2.1501572132110596,-2.217069625854492,-1.3034964799880981,1.7014436721801758,2.544168472290039,1.3034964799880981
1775.9666666666667,3.537954330444336,1.5482447147369385,-0.0043477267026901245,0.006979708559811115,-0.005005872808396816,0.817383885383606,0.5760292410850525,1.9138162641763234,-2.1692566871643066,-0.8630147576332092,-1.3034964799880981,1.7204726934432983,1.4897902011871338,1.3034964799880981
1775.9833333333333,3.5379481315612793,1.5482454299926758,-0.0043430328369140625,0.006986119784414768,-0.004966750741004944,0.8190691471099854,0.5736307501792908,1.9196791131938065,-2.1889524459838867,-2.2176241874694824,-1.3034964799880981,1.7402985095977783,2.5520315170288086,1.3034964799880981
1776.0,3.537943124771118,1.548247218132019,-0.004347711801528931,0.00700930692255497,-0.004966098815202713,0.8206977248191833,0.5712980031967163,1.92536946935877,-2.2080516815185547,-0.8632601499557495,-1.3034964799880981,1.7593295574188232,1.4899307489395142,1.3034964799880981
1776.0166666666667,3.5379364490509033,1.5482476949691772,-0.004342988133430481,0.007014412898570299,-0.0049262139946222305,0.8223692774772644,0.5688894987106323,1.9312329476004768,-2.2277491092681885,-2.2168967723846436,-1.3034964799880981,1.7791539430618286,2.557725191116333,1.3034964799880981
1776.0333333333333,3.537931203842163,1.5482494831085205,-0.004347667098045349,0.007037063129246235,-0.004925093613564968,0.8239848017692566,0.566546618938446,1.9369249467059433,-2.2468481063842773,-0.8636770248413086,-1.3034964799880981,1.7981868982315063,1.4899269342422485,1.3034964799880981
1776.05,3.5379250049591064,1.5482498407363892,-0.004343017935752869,0.007043331861495972,-0.004885976202785969,0.8256421685218811,0.5641289949417114,1.9427875042110412,-2.2665438652038574,-2.217313528060913,-1.3034964799880981,1.8180103302001953,2.5640366077423096,1.3034964799880981
1776.0666666666666,3.537919759750366,1.5482515096664429,-0.004347652196884155,0.00706479512155056,-0.0048840465024113655,0.8272441625595093,0.5617769360542297,1.9484794989457945,-2.2856433391571045,-0.8639883399009705,-1.3034964799880981,1.8370442390441895,1.4900232553482056,1.3034964799880981
1776.0833333333333,3.5379133224487305,1.548251986503601,-0.004342988133430481,0.007070423103868961,-0.004844523034989834,0.8288878202438354,0.5593492388725281,1.9543431373026132,-2.3053417205810547,-2.216547966003418,-1.3034964799880981,1.8568655252456665,2.570011854171753,1.3034964799880981
1776.1,3.537907838821411,1.5482537746429443,-0.0043476298451423645,0.007092684041708708,-0.004843151196837425,0.8304761052131653,0.5569879412651062,1.9600349185834571,-2.3244404792785645,-0.8643450140953064,-1.3034964799880981,1.8759009838104248,1.490006923675537,1.3034964799880981
1776.1166666666666,3.5379016399383545,1.548254132270813,-0.004342988133430481,0.007098017726093531,-0.0048034884966909885,0.8321061730384827,0.5545502305030823,1.9659001395397755,-2.3441390991210938,-2.215508460998535,-1.3034964799880981,1.8957195281982422,2.5765280723571777,1.3034964799880981
1776.1333333333334,3.5378963947296143,1.5482556819915771,-0.004347614943981171,0.007120715919882059,-0.004802287556231022,0.8336809277534485,0.5521794557571411,1.9715925222304655,-2.363238573074341,-0.8648486137390137,-1.3034964799880981,1.9147557020187378,1.4899160861968994,1.3034964799880981
1776.15,3.5378899574279785,1.5482560396194458,-0.0043429359793663025,0.007126167416572571,-0.004762696102261543,0.8352968096733093,0.5497323870658875,1.9774575436540713,-2.382939100265503,-2.216615915298462,-1.3034964799880981,1.9345712661743164,2.582770824432373,1.3034964799880981
1776.1666666666667,3.537884473800659,1.5482574701309204,-0.00434759259223938,0.0071486132219433784,-0.004761228337883949,0.8368576765060425,0.5473531484603882,1.9831490998370016,-2.402038812637329,-0.8651934862136841,-1.3034964799880981,1.9536081552505493,1.4899533987045288,1.3034964799880981
1776.1833333333334,3.5378777980804443,1.5482574701309204,-0.004342943429946899,0.007154736667871475,-0.004722144920378923,0.8384589552879333,0.5448971390724182,1.9890127485357056,-2.4217402935028076,-2.2163443565368652,-1.3034964799880981,1.97342050075531,2.588954210281372,1.3034964799880981
1776.2,3.537872552871704,1.548258900642395,-0.00434759259223938,0.0071765948086977005,-0.004720156081020832,0.8400062918663025,0.5425087213516235,1.9947050662116523,-2.440842866897583,-0.8656929731369019,-1.3034964799880981,1.9924571514129639,1.4898931980133057,1.3034964799880981
1776.2166666666667,3.5378665924072266,1.548258662223816,-0.004342906177043915,0.007180389948189259,-0.0046796840615570545,0.841593325138092,0.5400437116622925,2.000568455007711,-2.4605469703674316,-2.2178537845611572,-1.3034964799880981,2.0122663974761963,2.595006227493286,1.3034964799880981
1776.2333333333333,3.5378611087799072,1.5482600927352905,-0.004347577691078186,0.007203278131783009,-0.004678497090935707,0.8431265950202942,0.5376463532447815,2.0062601961318376,-2.4796483516693115,-0.8661502003669739,-1.3034964799880981,2.0313034057617188,1.4897665977478027,1.3034964799880981
1776.25,3.5378551483154297,1.548259973526001,-0.004342876374721527,0.00720714358612895,-0.004638216458261013,0.8446997404098511,0.5351716876029968,2.0121249622579285,-2.4993553161621094,-2.2179160118103027,-1.3034964799880981,2.051107406616211,2.6002933979034424,1.3034964799880981
1776.2666666666667,3.5378496646881104,1.5482611656188965,-0.004347547888755798,0.007229238282889128,-0.004636353813111782,0.8462194204330444,0.5327651500701904,2.0178176998042643,-2.518460273742676,-0.8665037155151367,-1.3034964799880981,2.070143938064575,1.489757776260376,1.3034964799880981
1776.2833333333333,3.5378434658050537,1.5482605695724487,-0.004342861473560333,0.00723342876881361,-0.0045964159071445465,0.8477787375450134,0.5302807092666626,2.0236843039898536,-2.5381693840026855,-2.21688175201416,-1.3034964799880981,2.08994460105896,2.6059627532958984,1.3034964799880981
1776.3,3.5378382205963135,1.5482615232467651,-0.004347555339336395,0.0072566550225019455,-0.004595021717250347,0.8492842316627502,0.5278659462928772,2.029376021796669,-2.5572755336761475,-0.866981565952301,-1.3034964799880981,2.108980178833008,1.4896241426467896,1.3034964799880981
1776.3166666666666,3.537832021713257,1.548261284828186,-0.004342861473560333,0.007259861566126347,-0.004554547369480133,0.8508289456367493,0.5253728032112122,2.035241841467121,-2.5769875049591064,-2.217806816101074,-1.3034964799880981,2.1287765502929688,2.6100988388061523,1.3034964799880981
1776.3333333333333,3.5378267765045166,1.548262357711792,-0.004347540438175201,0.007282196544110775,-0.00455261766910553,0.8523204922676086,0.5229494571685791,2.0409335685402477,-2.5960965156555176,-0.8674008846282959,-1.3034964799880981,2.147810459136963,1.4895364046096802,1.3034964799880981
1776.35,3.537821054458618,1.5482618808746338,-0.004342846572399139,0.007286595646291971,-0.004512745421379805,0.8538505434989929,0.5204475522041321,2.0467987226474964,-2.6158111095428467,-2.2173449993133545,-1.2491841316223145,2.167602777481079,2.615438938140869,1.2491841316223145
1776.3666666666666,3.5378153324127197,1.548262596130371,-0.004347607493400574,0.007308590225875378,-0.00451151467859745,0.8552899956703186,0.5180781483650208,2.052343754558455,-2.6343624591827393,-0.8299579620361328,-1.1948717832565308,2.1860902309417725,1.436024785041809,1.1948717832565308
1776.3833333333334,3.5378098487854004,1.548261284828186,-0.004343122243881226,0.007312394678592682,-0.004471858963370323,0.8567063808441162,0.515733003616333,2.0578232019234943,-2.652207374572754,-3.1422066688537598,-1.140559434890747,2.204237222671509,2.9912285804748535,1.140559434890747
1776.4,3.537806749343872,1.5482616424560547,-0.004346795380115509,0.007332385517656803,-0.0044668614864349365,0.8579787611961365,0.5136132836341858,2.0627681075362583,-2.6688058376312256,-0.7249075174331665,-1.0862470865249634,2.220899820327759,1.333383321762085,1.0862470865249634
1776.4166666666667,3.53780198097229,1.5482593774795532,-0.004344157874584198,0.007336519658565521,-0.004439372103661299,0.8592456579208374,0.5114910006523132,2.067711361034519,-2.6847565174102783,-3.1269755363464355,-1.0862470865249634,2.2372498512268066,2.6791906356811523,1.0862470865249634
1776.4333333333334,3.5377981662750244,1.5482614040374756,-0.004347272217273712,0.0073564019985497,-0.00443456182256341,0.8604077696800232,0.509533703327179,2.0722644135233343,-2.700015068054199,-0.7048901319503784,-0.977622389793396,2.252699375152588,1.240381121635437,0.977622389793396
1776.45,3.5377938747406006,1.5482604503631592,-0.004344545304775238,0.007357283495366573,-0.0044065965339541435,0.8615506887435913,0.5075989961624146,2.0767586176488937,-2.714498281478882,-2.4439423084259033,-0.9233100414276123,2.2675750255584717,2.407163619995117,0.9233100414276123
1776.4666666666667,3.5377917289733887,1.5482608079910278,-0.004348725080490112,0.007377044763416052,-0.004410214722156525,0.8625420331954956,0.5059122443199158,2.08067189437793,-2.7275359630584717,-0.6546570062637329,-0.8689976930618286,2.280717372894287,1.0320539474487305,0.8689976930618286
1776.4833333333333,3.5377883911132812,1.5482598543167114,-0.004345439374446869,0.007380496710538864,-0.004377609118819237,0.8635193705558777,0.5042425990104675,2.0845412200600313,-2.740029811859131,-2.039616107940674,-0.8146852850914001,2.2935168743133545,0.8518825769424438,0.8146852850914001
1776.5,3.537782669067383,1.5482693910598755,-0.004348449409008026,0.00739162415266037,-0.0043821875005960464,0.8643934726715088,0.5027424097061157,2.0880140323403564,-2.751302719116211,-0.7369289398193359,-0.7603729367256165,2.3054018020629883,0.6627536416053772,0.7603729367256165
1776.5166666666667,3.5377798080444336,1.5482699871063232,-0.004346117377281189,0.0073967985808849335,-0.004354376345872879,0.8652234077453613,0.5013130307197571,2.091319752498448,-2.761956214904785,-1.5976663827896118,-0.7603729367256165,2.3163657188415527,0.4779321253299713,0.7603729367256165
1776.5333333333333,3.537773370742798,1.5482794046401978,-0.00434768944978714,0.00740343052893877,-0.004353172145783901,0.8660069704055786,0.4999580383300781,2.0944504177603855,-2.7717983722686768,-1.4337022304534912,-0.6517482399940491,2.3270115852355957,0.8043195605278015,0.6517482399940491
1776.55,3.5377678871154785,1.5482865571975708,-0.0043480172753334045,0.007410360500216484,-0.004344149958342314,0.866711437702179,0.49873578548431396,2.097272018883596,-2.7807109355926514,-0.7683014273643494,-0.5974358916282654,2.3365588188171387,0.7579212188720703,0.5974358916282654
1776.5666666666666,3.537764310836792,1.5482888221740723,-0.0043478310108184814,0.007418834138661623,-0.00432965811342001,0.8673362731933594,0.4976482391357422,2.0997804322681874,-2.7887444496154785,-1.0697335004806519,-0.5431235432624817,2.3449313640594482,0.18666377663612366,0.5431235432624817
1776.5833333333333,3.537759780883789,1.5482957363128662,-0.004347704350948334,0.007426178082823753,-0.004316988401114941,0.8678878545761108,0.4966859221458435,2.1019990183033146,-2.795539379119873,-1.478040099143982,-0.488811194896698,2.3524837493896484,0.709781289100647,0.488811194896698
1776.6,3.537752389907837,1.5483043193817139,-0.0043500736355781555,0.007437247782945633,-0.0043191248551011086,0.8683464527130127,0.49588340520858765,2.1038476604837126,-2.801081418991089,-1.1588327884674072,-0.4344988465309143,2.3579459190368652,1.5298771858215332,0.4344988465309143
1776.6166666666666,3.5377461910247803,1.548310399055481,-0.0043475329875946045,0.007433577906340361,-0.004299125634133816,0.8687619566917419,0.49515536427497864,2.1055241336212207,-2.8061397075653076,-1.048024296760559,-0.4344988465309143,2.363732099533081,0.038134489208459854,0.4344988465309143
1776.6333333333334,3.5377421379089355,1.5483179092407227,-0.004349209368228912,0.0074408818036317825,-0.004304226487874985,0.8691514730453491,0.4944711923599243,2.107098909057584,-2.81089448928833,-0.9765280485153198,-0.32587411999702454,2.369163751602173,0.5952867865562439,0.32587411999702454
1776.65,3.5377373695373535,1.5483218431472778,-0.004349887371063232,0.007446723990142345,-0.004300096072256565,0.8694379925727844,0.49396705627441406,2.108258562512973,-2.814406633377075,-0.6026169061660767,-0.27156177163124084,2.3729074001312256,-0.08220687508583069,0.27156177163124084
1776.6666666666667,3.537733316421509,1.5483275651931763,-0.004349716007709503,0.0074509866535663605,-0.004292776808142662,0.8696635961532593,0.493569940328598,2.109172124814995,-2.8171331882476807,0.057770274579524994,-0.21724940836429596,2.37609601020813,0.4478943645954132,0.21724940836429596
1776.6833333333334,3.537731409072876,1.5483283996582031,-0.0043518319725990295,0.007460832595825195,-0.00429463991895318,0.8698045015335083,0.49332118034362793,2.1097437208040977,-2.8193109035491943,0.03231007978320122,-0.16293705999851227,2.3780336380004883,0.3513159155845642,0.16293705999851227
1776.7,3.5377306938171387,1.5483304262161255,-0.004352107644081116,0.007459093816578388,-0.0042958855628967285,0.8698866367340088,0.49317651987075806,2.1100766379348683,-2.8203353881835938,0.15353356301784515,-0.10862470418214798,2.3791964054107666,0.2704215943813324,0.10862470418214798
1776.7166666666667,3.5377302169799805,1.5483331680297852,-0.004354409873485565,0.0074723390862345695,-0.004294155165553093,0.8698946833610535,0.4931621551513672,2.110109445520874,-2.8203964233398438,0.09410638362169266,-0.10862470418214798,2.3797240257263184,-0.004477995447814465,0.10862470418214798
1776.7333333333333,3.537735939025879,1.5483201742172241,-0.004358731210231781,0.007536938413977623,-0.004320874810218811,0.8699235320091248,0.49311017990112305,2.110228311864145,-2.8211557865142822,0.08337251842021942,0.0,2.379732370376587,0.10777874290943146,0.0
1776.75,3.537736177444458,1.5483194589614868,-0.004337899386882782,0.0074110026471316814,-0.004274431616067886,0.8699234127998352,0.4931124448776245,2.1102243940176946,-2.821094036102295,-0.044938672333955765,0.0,2.3797523975372314,-0.009584045968949795,0.0
1776.7666666666667,3.537741184234619,1.5483102798461914,-0.0043629929423332214,0.007602003403007984,-0.004369841888546944,0.8699180483818054,0.4931182265281677,2.110208925466657,-2.8214054107666016,-0.004745699930936098,0.0,2.3793320655822754,-0.004268019460141659,0.0
1776.7833333333333,3.5377426147460938,1.548309087753296,-0.004335254430770874,0.007399719208478928,-0.004273048136383295,0.8699201941490173,0.4931184649467468,2.1102109527282966,-2.8213865756988525,-0.031417958438396454,0.0,2.3793740272521973,0.0027186311781406403,0.0
1776.8,3.5377471446990967,1.5483012199401855,-0.004364013671875,0.007594084367156029,-0.004363523796200752,0.8699148297309875,0.49312424659729004,2.110195385015248,-2.821659564971924,-0.006108416710048914,0.0,2.378999948501587,-0.000870229268912226,0.0
1776.8166666666666,3.537748098373413,1.54830002784729,-0.00433504581451416,0.00740021001547575,-0.0042723603546619415,0.8699163198471069,0.49312517046928406,2.1101953404806366,-2.8216395378112793,-0.02311641536653042,0.0,2.3790221214294434,0.005871882196515799,0.0
1776.8333333333333,3.5377514362335205,1.5482923984527588,-0.004363976418972015,0.007591474801301956,-0.004362912382930517,0.8699108958244324,0.49313098192214966,2.1101795858973684,-2.8218917846679688,-0.008751647546887398,0.0,2.378659963607788,-0.0006142939673736691,0.0
1776.85,3.537753105163574,1.548291563987732,-0.004335053265094757,0.007399935275316238,-0.004272932186722755,0.8699138164520264,0.4931296706199646,2.1101851230854223,-2.8218860626220703,-0.025505445897579193,0.0,2.3787102699279785,0.007738063111901283,0.0
1776.8666666666666,3.537757158279419,1.5482838153839111,-0.004363924264907837,0.00759086525067687,-0.004362868145108223,0.8699084520339966,0.4931352734565735,2.1101696874764055,-2.822136163711548,-0.0077776554971933365,0.0,2.3783459663391113,0.0017579755512997508,0.0
1776.8833333333334,3.5377583503723145,1.5482826232910156,-0.004335001111030579,0.007400869391858578,-0.004272954538464546,0.8699100613594055,0.49313613772392273,2.1101700374135346,-2.8221259117126465,-0.02302107959985733,0.0,2.378368854522705,0.009204311296343803,0.0
1776.9,3.5377626419067383,1.5482747554779053,-0.004360653460025787,0.0075405677780508995,-0.004333829041570425,0.8699057698249817,0.49314120411872864,2.110156852973795,-2.8223788738250732,-0.008614771068096161,0.0,2.3780221939086914,0.0018015261739492416,0.0
1776.9166666666667,3.5377635955810547,1.5482739210128784,-0.004337012767791748,0.0074068959802389145,-0.004276232793927193,0.8699071407318115,0.49314144253730774,2.110158154480262,-2.8223729133605957,-0.022871654480695724,0.0,2.37804913520813,0.010515506379306316,0.0
1776.9333333333334,3.5377674102783203,1.5482666492462158,-0.00436343252658844,0.007590312045067549,-0.00436222180724144,0.8699025511741638,0.4931459426879883,2.1101455042864488,-2.8226234912872314,-0.008070467971265316,0.0,2.3777034282684326,0.0035561448894441128,0.0
1776.95,3.537769079208374,1.5482655763626099,-0.004335165023803711,0.007400888949632645,-0.004272674210369587,0.8699045181274414,0.4931458830833435,2.11014757775524,-2.822613477706909,-0.023523857817053795,0.0,2.3777356147766113,0.01057188306003809,0.0
1776.9666666666667,3.5377721786499023,1.5482580661773682,-0.004363909363746643,0.007590187713503838,-0.004362519830465317,0.8698999285697937,0.49315035343170166,2.1101350660796285,-2.8228673934936523,-0.006925366818904877,0.0,2.377392530441284,0.004884101450443268,0.0
1776.9833333333333,3.537774085998535,1.5482573509216309,-0.004335001111030579,0.007399591617286205,-0.0042721861973404884,0.8699027895927429,0.4931490421295166,2.110140452218116,-2.822866678237915,-0.025239793583750725,0.0,2.377441883087158,0.010765845887362957,0.0
1777.0,3.5377776622772217,1.54824960231781,-0.0043639689683914185,0.0075895898044109344,-0.0043623680248856544,0.8698982000350952,0.49315351247787476,2.110127950968392,-2.823119640350342,-0.0063102650456130505,0.0,2.3770923614501953,0.005501323379576206,0.0
1777.0166666666667,3.537778377532959,1.5482486486434937,-0.004334986209869385,0.007400216534733772,-0.004272181540727615,0.8699001669883728,0.4931536316871643,2.110129850704104,-2.8231098651885986,-0.02384784445166588,0.0,2.3771169185638428,0.01142861694097519,0.0
1777.0333333333333,3.537783145904541,1.5482410192489624,-0.004363976418972015,0.007589807268232107,-0.004362586885690689,0.8698959350585938,0.4931575059890747,2.1101187721585926,-2.8233706951141357,-0.006405938416719437,0.0,2.376781702041626,0.007412741892039776,0.0
1777.05,3.5377840995788574,1.548240065574646,-0.004334963858127594,0.007400231435894966,-0.004272428806871176,0.8698973059654236,0.493158757686615,2.110118181635901,-2.823359966278076,-0.022630911320447922,0.0,2.3767898082733154,0.012331333011388779,0.0
1777.0666666666666,3.537788152694702,1.5482323169708252,-0.0043639689683914185,0.00758772250264883,-0.004361594095826149,0.8698930144309998,0.49316251277923584,2.110107024297258,-2.8236172199249268,-0.004834273364394903,0.0,2.376458168029785,0.009412297047674656,0.0
1777.0833333333333,3.537789821624756,1.5482312440872192,-0.00433504581451416,0.007400180213153362,-0.004272343125194311,0.8698951005935669,0.49316272139549255,2.11010916924707,-2.823608160018921,-0.024041909724473953,0.0,2.3764848709106445,0.01211146917194128,0.0
1777.1,3.537792444229126,1.548223853111267,-0.0043639615178108215,0.0075903222896158695,-0.004362705163657665,0.8698908686637878,0.493166446685791,2.1100982254065506,-2.8238706588745117,-0.005878945346921682,0.0,2.3761544227600098,0.008338307961821556,0.0
1777.1166666666666,3.5377938747406006,1.5482231378555298,-0.004335038363933563,0.007400915026664734,-0.004272793419659138,0.8698936700820923,0.49316513538360596,2.110103478380657,-2.8238580226898193,-0.025922242552042007,0.0,2.3762006759643555,0.01155172660946846,0.0
1777.1333333333334,3.5377988815307617,1.5482152700424194,-0.0043606236577034,0.007539061829447746,-0.004333570133894682,0.8698903322219849,0.4931683838367462,2.1100942740429787,-2.824126720428467,-0.008090627379715443,0.0,2.375871181488037,0.00603165477514267,0.0
1777.15,3.537799119949341,1.548214316368103,-0.0043370723724365234,0.007407761178910732,-0.0042761871591210365,0.8698908686637878,0.4931701123714447,2.1100921904912293,-2.8241090774536133,-0.02247513085603714,0.0,2.3758795261383057,0.012670290656387806,0.0
1777.1666666666667,3.5378034114837646,1.5482068061828613,-0.0043633803725242615,0.007589096203446388,-0.004362159874290228,0.8698868155479431,0.49317359924316406,2.110081766222852,-2.8243660926818848,-0.007986198179423809,0.0,2.3755486011505127,0.006880151107907295,0.0
1777.1833333333334,3.537804365158081,1.5482057332992554,-0.004335127770900726,0.007401413284242153,-0.004272651392966509,0.869888424873352,0.4931744337081909,2.1100821629596824,-2.82435941696167,-0.022792890667915344,0.0,2.3755621910095215,0.013633663766086102,0.0
1777.2,3.537808895111084,1.5481977462768555,-0.004360608756542206,0.007537183817476034,-0.004332822747528553,0.8698852062225342,0.4931773543357849,2.11007352284758,-2.824620008468628,-0.008006584830582142,0.0,2.375237464904785,0.007710096891969442,0.0
1777.2166666666667,3.537809371948242,1.5481970310211182,-0.0043371692299842834,0.007409213576465845,-0.004277118947356939,0.8698861002922058,0.4931783080101013,2.110073070940869,-2.824615001678467,-0.022933490574359894,0.0,2.375251293182373,0.014657000079751015,0.0
1777.2333333333333,3.537813186645508,1.5481898784637451,-0.004363328218460083,0.007588496431708336,-0.00436212494969368,0.8698827624320984,0.49318069219589233,2.110065374842291,-2.824876308441162,-0.007434760220348835,0.0,2.3749301433563232,0.009213820099830627,0.0
1777.25,3.5378148555755615,1.5481886863708496,-0.004335179924964905,0.007400860078632832,-0.004272335208952427,0.869884729385376,0.4931808114051819,2.1100672915464354,-2.824861526489258,-0.024370498955249786,0.0,2.374967575073242,0.012896349653601646,0.0
1777.2666666666667,3.537818431854248,1.5481816530227661,-0.004363849759101868,0.0075882915407419205,-0.00436212494969368,0.8698813915252686,0.4931830167770386,2.110059897556184,-2.825129985809326,-0.005784884560853243,0.0,2.374643325805664,0.010672961361706257,0.0
1777.2833333333333,3.5378193855285645,1.548180341720581,-0.004335135221481323,0.007400991395115852,-0.004272547084838152,0.8698831796646118,0.4931834936141968,2.1100610575672367,-2.8251125812530518,-0.024464644491672516,0.0,2.3746719360351562,0.012643205001950264,0.0
1777.3,3.5378239154815674,1.5481730699539185,-0.004363909363746643,0.007588626816868782,-0.004362531006336212,0.8698795437812805,0.493186354637146,2.110052344205463,-2.825378894805908,-0.005726786330342293,0.0,2.3743414878845215,0.01118558831512928,0.0
1777.3166666666666,3.537825107574463,1.5481719970703125,-0.004334986209869385,0.007400267291814089,-0.004271738696843386,0.8698806762695312,0.49318814277648926,2.110050674928088,-2.825364351272583,-0.023247741162776947,0.0,2.37435245513916,0.013575428165495396,0.0
1777.3333333333333,3.5378286838531494,1.5481646060943604,-0.0043639615178108215,0.007586810737848282,-0.004361235070973635,0.8698774576187134,0.49319007992744446,2.1100438051368386,-2.8256335258483887,-0.003350169863551855,0.0,2.374033212661743,0.01400771364569664,0.0
1777.35,3.537829875946045,1.5481635332107544,-0.00433504581451416,0.007399921305477619,-0.004271769896149635,0.8698790669441223,0.4931909739971161,2.1100441539400507,-2.8256187438964844,-0.024171339347958565,0.0,2.3740556240081787,0.013409987092018127,0.0
1777.3666666666666,3.537834405899048,1.5481562614440918,-0.004363924264907837,0.007587312255054712,-0.004361478611826897,0.8698760271072388,0.4931926727294922,2.1100379491610335,-2.8258931636810303,-0.005213634576648474,0.0,2.3737406730651855,0.012284615077078342,0.0
1777.3833333333334,3.537835121154785,1.5481547117233276,-0.004335053265094757,0.007401446346193552,-0.0042725419625639915,0.8698766231536865,0.49319517612457275,2.1100343636528183,-2.825870990753174,-0.02264159545302391,0.0,2.3737454414367676,0.013289338909089565,0.0
1777.4,3.537839412689209,1.5481470823287964,-0.004360616207122803,0.007537544704973698,-0.004333109129220247,0.8698738217353821,0.4931974411010742,2.1100273542790533,-2.826139450073242,-0.008246637880802155,0.0,2.3734257221221924,0.009727335534989834,0.0
1777.4166666666667,3.537839889526367,1.548146367073059,-0.004337042570114136,0.007406621240079403,-0.004275244660675526,0.8698746562004089,0.4931986927986145,2.110026427247611,-2.8261260986328125,-0.02313753217458725,0.0,2.3734381198883057,0.014973090030252934,0.0
1777.4333333333334,3.537844181060791,1.548138976097107,-0.004363387823104858,0.007587051950395107,-0.004361665807664394,0.8698716163635254,0.493200421333313,2.110020092079196,-2.826392889022827,-0.006364884320646524,0.0,2.373119354248047,0.012646189890801907,0.0
1777.45,3.5378453731536865,1.5481377840042114,-0.004335157573223114,0.007400636561214924,-0.004271822050213814,0.8698728680610657,0.49320200085639954,2.1100189352223317,-2.8263790607452393,-0.023320451378822327,0.0,2.3731331825256348,0.015024551190435886,0.0
1777.4666666666667,3.537848949432373,1.5481305122375488,-0.004363924264907837,0.007587452884763479,-0.004361651837825775,0.8698700666427612,0.49320322275161743,2.1100137478680896,-2.8266513347625732,-0.0023462059907615185,0.0,2.3728206157684326,0.01677626557648182,0.0
1777.4833333333333,3.5378501415252686,1.5481293201446533,-0.004335060715675354,0.007399946451187134,-0.004271817393600941,0.8698722124099731,0.4932030439376831,2.110016374377632,-2.8266384601593018,-0.025382641702890396,0.0,2.372854471206665,0.014024721458554268,0.0
1777.5,3.5378541946411133,1.5481222867965698,-0.004363901913166046,0.007587518077343702,-0.004361994564533234,0.8698690533638,0.49320486187934875,2.110009778914318,-2.826911449432373,-0.00423434516415,0.0,2.372532367706299,0.014313113875687122,0.0
1777.5166666666667,3.5378551483154297,1.5481210947036743,-0.004335075616836548,0.007400293834507465,-0.004271720536053181,0.8698704838752747,0.49320611357688904,2.1100093450687445,-2.8268887996673584,-0.0246074590831995,0.0,2.3725597858428955,0.013094744645059109,0.0
1777.5333333333333,3.5378592014312744,1.5481137037277222,-0.004363901913166046,0.007588068954646587,-0.0043620942160487175,0.8698673844337463,0.4932078719139099,2.1100029560077718,-2.8271665573120117,-0.005437391344457865,0.0,2.3722426891326904,0.013456287793815136,0.0
1777.55,3.53786039352417,1.5481126308441162,-0.00433504581451416,0.007401088252663612,-0.004272378981113434,0.8698691129684448,0.4932084083557129,2.11000391362894,-2.827143430709839,-0.025241214781999588,0.0,2.372265100479126,0.013693138025701046,0.0
1777.5666666666666,3.5378642082214355,1.548105001449585,-0.004360608756542206,0.0075374627485871315,-0.004333017859607935,0.869866669178009,0.493210107088089,2.109998299686346,-2.8274223804473877,-0.007842464372515678,0.0,2.3719482421875,0.011323495768010616,0.0
1777.5833333333333,3.537864923477173,1.548104166984558,-0.004337102174758911,0.007407750003039837,-0.004275974817574024,0.8698679208755493,0.4932105541229248,2.109999149933171,-2.8274033069610596,-0.024624282494187355,0.0,2.371973752975464,0.014634030871093273,0.0
1777.6,3.537869691848755,1.548097014427185,-0.004363328218460083,0.00758728850632906,-0.004361880477517843,0.8698651790618896,0.49321162700653076,2.1099941241735096,-2.827684164047241,-0.008349918760359287,0.0,2.3716633319854736,0.011712290346622467,0.0
1777.6166666666666,3.537870168685913,1.5480955839157104,-0.004335172474384308,0.00740133598446846,-0.004272147081792355,0.869865894317627,0.49321407079696655,2.1099908694992346,-2.827662467956543,-0.023098718374967575,0.0,2.371671676635742,0.014688737690448761,0.0
1777.6333333333334,3.537874221801758,1.548088550567627,-0.004363887012004852,0.00758777279406786,-0.004362074658274651,0.8698632121086121,0.49321526288986206,2.1099860050320203,-2.8279366493225098,-0.002933328505605459,0.0,2.371356964111328,0.017767824232578278,0.0
1777.65,3.537875175476074,1.5480871200561523,-0.004335060715675354,0.007400953210890293,-0.0042723398655653,0.8698647618293762,0.4932160973548889,2.1099862533939286,-2.827911853790283,-0.02521759457886219,0.0,2.371375322341919,0.01448972150683403,0.0
1777.6666666666667,3.53787899017334,1.5480798482894897,-0.004363879561424255,0.007587553933262825,-0.004362305160611868,0.8698620796203613,0.49321722984313965,2.109981443815473,-2.8281967639923096,-0.005140034947544336,0.0,2.3710649013519287,0.015948371961712837,0.0
1777.6833333333334,3.5378804206848145,1.548079013824463,-0.004335060715675354,0.007400354370474815,-0.0042719063349068165,0.8698644042015076,0.493216872215271,2.109984662060548,-2.8281824588775635,-0.026350995525717735,0.0,2.3711013793945312,0.014386448077857494,0.0
1777.7,3.537884473800659,1.5480716228485107,-0.004363879561424255,0.0075869932770729065,-0.0043619731441140175,0.8698616623878479,0.49321800470352173,2.1099797068847237,-2.8284637928009033,-0.004455915652215481,0.0,2.3707823753356934,0.01568758301436901,0.0
1777.7166666666667,3.5378851890563965,1.5480703115463257,-0.0043350085616111755,0.007399457972496748,-0.004270831122994423,0.869862973690033,0.49321937561035156,2.109978850484318,-2.828446626663208,-0.024566275998950005,0.0,2.3708033561706543,0.014452259987592697,0.0
1777.7333333333333,3.5378894805908203,1.548063039779663,-0.004363983869552612,0.007586999796330929,-0.004362035542726517,0.8698604702949524,0.4932200312614441,2.109974941810612,-2.8287267684936523,-0.002689917804673314,0.0,2.370490312576294,0.01828826777637005,0.0
1777.75,3.537890672683716,1.5480619668960571,-0.004335030913352966,0.007401225157082081,-0.004272316582500935,0.8698621988296509,0.4932205080986023,2.1099759581570905,-2.8287158012390137,-0.025542400777339935,0.0,2.3705172538757324,0.014864753000438213,0.0
1777.7666666666667,3.5378949642181396,1.5480539798736572,-0.004360608756542206,0.007537112571299076,-0.004332986660301685,0.8698602318763733,0.49322155117988586,2.10997211085193,-2.8289976119995117,-0.007694436237215996,0.0,2.370201587677002,0.013299087062478065,0.0
1777.7833333333333,3.537895917892456,1.54805326461792,-0.0043370723724365234,0.007407688070088625,-0.004275776445865631,0.8698614239692688,0.4932219088077545,2.1099728908345448,-2.828986883163452,-0.024907615035772324,0.0,2.370227575302124,0.0159907266497612,0.0
1777.8,3.5378994941711426,1.5480459928512573,-0.004363343119621277,0.007586468942463398,-0.004361707717180252,0.8698592782020569,0.493222177028656,2.109970058957693,-2.829265594482422,-0.006627457682043314,0.0,2.3699169158935547,0.014317596331238747,0.0
1777.8166666666666,3.537900686264038,1.5480451583862305,-0.004335194826126099,0.007400955073535442,-0.004272172227501869,0.8698612451553345,0.49322235584259033,2.109971938220792,-2.829253911972046,-0.025420257821679115,0.0,2.3699519634246826,0.015363653190433979,0.0
1777.8333333333333,3.537905216217041,1.5480372905731201,-0.0043638721108436584,0.007586929947137833,-0.0043619247153401375,0.8698589205741882,0.49322277307510376,2.109968646660057,-2.8295352458953857,-0.003016834380105138,0.0,2.3696396350860596,0.017611894756555557,0.0
1777.85,3.5379059314727783,1.5480358600616455,-0.004334963858127594,0.007401302456855774,-0.0042716506868600845,0.8698598146438599,0.49322471022605896,2.1099662775751815,-2.829533100128174,-0.023833144456148148,0.05431235581636429,2.3696460723876953,0.01653444766998291,-0.05431235581636429
1777.8666666666666,3.537910223007202,1.5480272769927979,-0.004360683262348175,0.007533057127147913,-0.0043334574438631535,0.8698458075523376,0.4932471215724945,2.1099134923027862,-2.829660654067993,-0.05341596156358719,0.10862471163272858,2.3691492080688477,-0.01801747828722,-0.10862471163272858
1777.8833333333334,3.5379106998443604,1.5480291843414307,-0.00433792918920517,0.00740182027220726,-0.004290790297091007,0.8698410987854004,0.49325767159461975,2.1098908518229194,-2.829514265060425,-0.013932810164988041,0.16293705999851227,2.3691461086273193,0.03424105793237686,-0.16293705999851227
1777.9,3.5379185676574707,1.548013687133789,-0.00436323881149292,0.007545473054051399,-0.004343755077570677,0.8697832226753235,0.4933571219444275,2.109660337644666,-2.8293025493621826,0.07684313505887985,0.21724942326545715,2.3678512573242188,-0.009997141547501087,-0.21724942326545715
1777.9166666666667,3.537919759750366,1.5480152368545532,-0.004338979721069336,0.007407366298139095,-0.004290441051125526,0.8696897029876709,0.49352434277534485,2.109277319615592,-2.8280680179595947,0.24457710981369019,0.21724942326545715,2.3665859699249268,-0.08813727647066116,-0.21724942326545715
1777.9333333333334,3.5379230976104736,1.5480087995529175,-0.004356354475021362,0.007474338635802269,-0.00430962722748518,0.8695767521858215,0.4937223792076111,2.108821220969624,-2.8268258571624756,0.26357126235961914,0.32587411999702454,2.3648273944854736,0.08563046157360077,-0.32587411999702454
1777.95,3.5379269123077393,1.5480024814605713,-0.004350297152996063,0.007443615701049566,-0.0043135215528309345,0.8693960905075073,0.4940408170223236,2.108089180737348,-2.824631690979004,1.278800368309021,0.3801864683628082,2.3621649742126465,-0.23774991929531097,-0.3801864683628082
1777.9666666666667,3.5379319190979004,1.5479971170425415,-0.004350617527961731,0.007441436406224966,-0.004316306672990322,0.869130551815033,0.4945078194141388,2.1070146876691904,-2.8213937282562256,0.4797259271144867,0.4344988465309143,2.3583266735076904,-0.0470086932182312,-0.4344988465309143
1777.9833333333333,3.537933111190796,1.5479955673217773,-0.004349663853645325,0.007436205167323351,-0.004318099468946457,0.8688066005706787,0.4950767457485199,2.105705170094645,-2.8172430992126465,1.5805743932724,0.488811194896698,2.3534996509552,0.07770554721355438,-0.488811194896698
1778.0,3.537938356399536,1.547991156578064,-0.004349261522293091,0.007429957389831543,-0.004322506487369537,0.8684055805206299,0.4957800507545471,2.1040860456511106,-2.81223726272583,0.5948150157928467,0.5431235432624817,2.347841739654541,-0.5081942677497864,-0.5431235432624817
1778.0166666666667,3.5379395484924316,1.5479912757873535,-0.004348285496234894,0.007423823699355125,-0.004327133297920227,0.8679429292678833,0.4965895414352417,2.10222115925635,-2.8062453269958496,2.332179307937622,0.5431235432624817,2.3415422439575195,-0.597897469997406,-0.5431235432624817
1778.0333333333333,3.537947177886963,1.5479857921600342,-0.004349872469902039,0.007423728704452515,-0.004339918494224548,0.8674650192260742,0.49742355942726135,2.1002984540197125,-2.8003225326538086,0.6480907797813416,0.6517482399940491,2.334782838821411,-0.6306530237197876,-0.6517482399940491
1778.05,3.5379490852355957,1.5479841232299805,-0.0043472424149513245,0.0074101900681853294,-0.004338527098298073,0.8669039011001587,0.49840134382247925,2.0980438611653187,-2.7922260761260986,1.0882086753845215,0.7060605883598328,2.3270230293273926,-0.5950727462768555,-0.7060605883598328
1778.0666666666666,3.537954807281494,1.5479795932769775,-0.004350557923316956,0.007417794782668352,-0.004357297904789448,0.8662342429161072,0.49956396222114563,2.0953603360769515,-2.7838189601898193,1.7270691394805908,0.7603729367256165,2.3178551197052,0.5042423009872437,-0.7603729367256165
1778.0833333333333,3.537966012954712,1.5479695796966553,-0.00434807687997818,0.007403929717838764,-0.004360933788120747,0.8654747605323792,0.5008786916732788,2.092323453894633,-2.7744579315185547,2.006648540496826,0.8146852850914001,2.307339906692505,-0.08461670577526093,-0.8146852850914001
1778.1,3.537975549697876,1.5479620695114136,-0.004349760711193085,0.007398283574730158,-0.0043802410364151,0.8646583557128906,0.5022864937782288,2.089068506538014,-2.7643306255340576,1.8652818202972412,0.8689976930618286,2.296170711517334,-0.09780780971050262,-0.8689976930618286
1778.1166666666666,3.537984609603882,1.5479540824890137,-0.0043488964438438416,0.007388642989099026,-0.004389425739645958,0.8637660145759583,0.5038198232650757,2.085520413790675,-2.7527806758880615,1.530757188796997,0.8689976930618286,2.284039258956909,0.8635960817337036,-0.8689976930618286
1778.1333333333334,3.5379981994628906,1.5479398965835571,-0.004345238208770752,0.007379470858722925,-0.004381286911666393,0.8628228902816772,0.5054333209991455,2.081781973037685,-2.7413442134857178,2.9004297256469727,0.977622389793396,2.271028995513916,1.190791368484497,-0.977622389793396
1778.15,3.538017988204956,1.5479212999343872,-0.0043490007519721985,0.00737435556948185,-0.004416510462760925,0.8617972731590271,0.5071800351142883,2.077731125631344,-2.729051113128662,2.9105162620544434,1.0319347381591797,2.2568342685699463,-1.7106093168258667,-1.0319347381591797
1778.1666666666667,3.538026809692383,1.5479079484939575,-0.0043480247259140015,0.007360570132732391,-0.0044335853308439255,0.860741913318634,0.5089689493179321,2.0735768747711134,-2.715153455734253,0.8810822367668152,1.0862470865249634,2.2425477504730225,-0.6871874928474426,-1.0862470865249634
1778.1833333333334,3.5380332469940186,1.5479050874710083,-0.004345901310443878,0.007349406369030476,-0.004430851899087429,0.8595682978630066,0.5109487771987915,2.0689734172931833,-2.6994717121124268,1.5566489696502686,1.140559434890747,2.2262754440307617,-0.589396595954895,-1.140559434890747
1778.2,3.538039445877075,1.5479021072387695,-0.004347652196884155,0.007336650043725967,-0.00446284469217062,0.8583314418792725,0.5130236148834229,2.0641423086294726,-2.683232545852661,1.6944042444229126,1.1948717832565308,2.2100770473480225,-1.278424859046936,-1.1948717832565308
1778.2166666666667,3.5380442142486572,1.5479015111923218,-0.004349604249000549,0.007338704541325569,-0.004485002253204584,0.8570261597633362,0.5152010917663574,2.0590647098412527,-2.6673383712768555,2.4975831508636475,1.1948717832565308,2.192443370819092,-0.901861310005188,-1.1948717832565308
1778.2333333333333,3.5380516052246094,1.5478993654251099,-0.00434509664773941,0.007301156874746084,-0.004501733463257551,0.8556703329086304,0.517450213432312,2.0538123802998896,-2.6497812271118164,1.3919130563735962,1.3034964799880981,2.175581693649292,-1.0480808019638062,-1.3034964799880981
1778.25,3.538060188293457,1.5478919744491577,-0.004348538815975189,0.007312831934541464,-0.004519487731158733,0.8541951775550842,0.5198813080787659,2.0481245025565022,-2.631605625152588,3.1445178985595703,1.3034964799880981,2.155942678451538,-1.7273586988449097,-1.3034964799880981
1778.2666666666667,3.53806734085083,1.5478861331939697,-0.004345521330833435,0.007281235419213772,-0.0045438301749527454,0.8527209162712097,0.5222961902618408,2.042465902948975,-2.6126747131347656,1.327926516532898,1.3034964799880981,2.136449098587036,-0.1253349483013153,-1.3034964799880981
1778.2833333333333,3.538078546524048,1.5478763580322266,-0.004341043531894684,0.007260296493768692,-0.0045290361158549786,0.8511859178543091,0.5247945189476013,2.036600838727506,-2.5926594734191895,1.2630915641784668,1.3034964799880981,2.1174793243408203,-1.0350475311279297,-1.3034964799880981
1778.3,3.5380911827087402,1.5478615760803223,-0.004350163042545319,0.007277342025190592,-0.004584191367030144,0.8496465682983398,0.5272822380065918,2.0307497787582833,-2.573686122894287,2.92465877532959,1.3034964799880981,2.0975382328033447,-2.782346725463867,-1.3034964799880981
1778.3166666666666,3.538095712661743,1.5478523969650269,-0.0043448954820632935,0.00723879411816597,-0.004603218287229538,0.8481699228286743,0.5296546816825867,2.025160933897365,-2.554799795150757,1.3130358457565308,1.3034964799880981,2.0781712532043457,-0.3501156270503998,-1.3034964799880981
1778.3333333333333,3.5381052494049072,1.5478458404541016,-0.004342272877693176,0.007224244996905327,-0.0045978957787156105,0.8466227054595947,0.5321246385574341,2.019331323190562,-2.5348055362701416,1.3251975774765015,1.3034964799880981,2.0585992336273193,0.33181753754615784,-1.3034964799880981
1778.35,3.5381195545196533,1.547829270362854,-0.004345908761024475,0.0072333114221692085,-0.004626216366887093,0.845057487487793,0.5346063375473022,2.013462737305851,-2.5159389972686768,1.5476423501968384,1.3034964799880981,2.037538766860962,0.08278781175613403,-1.3034964799880981
1778.3666666666666,3.538130521774292,1.5478216409683228,-0.004339233040809631,0.007186579518020153,-0.004632223397493362,0.8434749841690063,0.5371003746986389,2.0075552666936685,-2.495702028274536,1.289477825164795,1.3034964799880981,2.01888370513916,-1.2579164505004883,-1.3034964799880981
1778.3833333333334,3.538144111633301,1.547803521156311,-0.004351697862148285,0.00721778767183423,-0.004693388007581234,0.8418796062469482,0.5395966172218323,2.001630139946959,-2.477170467376709,3.5966644287109375,1.3034964799880981,1.998364806175232,-2.2996175289154053,-1.3034964799880981
1778.4,3.538151264190674,1.5477899312973022,-0.0043442025780677795,0.007168860640376806,-0.0047063566744327545,0.8403562307357788,0.5419667959213257,1.9959953298201374,-2.4582443237304688,1.320184350013733,1.3034964799880981,1.9787036180496216,-0.3799760341644287,-1.3034964799880981
1778.4166666666667,3.538161277770996,1.5477830171585083,-0.004342705011367798,0.007157965563237667,-0.004703571554273367,0.8387714624404907,0.5444163084030151,1.9901597227245018,-2.4382500648498535,1.3322142362594604,1.3034964799880981,1.9589965343475342,0.39706844091415405,-1.3034964799880981
1778.4333333333334,3.5381758213043213,1.5477659702301025,-0.004345931112766266,0.007165624760091305,-0.0047315931878983974,0.8371708393096924,0.5468740463256836,1.984293346942695,-2.4193623065948486,1.3758293390274048,1.3034964799880981,1.9379032850265503,0.13841672241687775,-1.3034964799880981
1778.45,3.53818678855896,1.5477571487426758,-0.004338130354881287,0.007115715648978949,-0.004734245128929615,0.8355487585067749,0.5493497252464294,1.9783736221885164,-2.3991212844848633,1.2579941749572754,1.3034964799880981,1.9192167520523071,-1.6648640632629395,-1.3034964799880981
1778.4666666666667,3.5381968021392822,1.5477417707443237,-0.004352904856204987,0.007147775962948799,-0.004807391203939915,0.8339173793792725,0.5518219470977783,1.9724497400911336,-2.3802621364593506,2.162355422973633,1.3034964799880981,1.8987078666687012,-1.917621374130249,-1.3034964799880981
1778.4833333333333,3.538200616836548,1.5477384328842163,-0.0043457746505737305,0.007103150710463524,-0.004820466507226229,0.8323293924331665,0.5542147755622864,1.966706137591551,-2.361175775527954,1.3434183597564697,1.3034964799880981,1.878961443901062,-0.29922324419021606,-1.3034964799880981
1778.5,3.5382094383239746,1.5477343797683716,-0.004342332482337952,0.007086846977472305,-0.004809323698282242,0.8307029008865356,0.5566500425338745,1.9608485267717757,-2.3412177562713623,1.730092167854309,1.3034964799880981,1.8593297004699707,-0.2870159149169922,-1.3034964799880981
1778.5166666666667,3.5382235050201416,1.5477179288864136,-0.0043473392724990845,0.00708801532164216,-0.004851225763559341,0.8290826678276062,0.5590600371360779,1.955040501554765,-2.3219492435455322,1.8626006841659546,1.3034964799880981,1.8391302824020386,-2.1799514293670654,-1.3034964799880981
1778.5333333333333,3.5382282733917236,1.5477101802825928,-0.004349023103713989,0.007073758170008659,-0.004885443486273289,0.827487587928772,0.5614182353019714,1.9493465785874775,-2.3031537532806396,1.3243881464004517,1.3034964799880981,1.819417953491211,-0.7310971021652222,-1.3034964799880981
1778.55,3.538234233856201,1.547708511352539,-0.004344291985034943,0.007050695829093456,-0.004881162662059069,0.825843870639801,0.5638335347175598,1.943502835332899,-2.2839584350585938,3.3558409214019775,1.3034964799880981,1.7999331951141357,-2.7406277656555176,-1.3034964799880981
1778.5666666666666,3.5382368564605713,1.5477017164230347,-0.004344940185546875,0.007031989749521017,-0.004916359204798937,0.8242635130882263,0.5661411285400391,1.9379089967888552,-2.2649354934692383,1.3163342475891113,1.3034964799880981,1.780639410018921,-0.17356516420841217,-1.3034964799880981
1778.5833333333333,3.53824782371521,1.5476890802383423,-0.004341311752796173,0.007014013826847076,-0.004903319291770458,0.8226034641265869,0.5685510039329529,1.9320559198568392,-2.2450027465820312,1.2612532377243042,1.3034964799880981,1.761813759803772,-1.0123292207717896,-1.3034964799880981
1778.6,3.5382604598999023,1.5476696491241455,-0.004350319504737854,0.007029354572296143,-0.0049572233110666275,0.8209286332130432,0.5709659457206726,1.9261781047363205,-2.2260265350341797,2.963068962097168,1.3034964799880981,1.7416819334030151,-2.7392029762268066,-1.3034964799880981
1778.6166666666666,3.538264751434326,1.5476585626602173,-0.0043444037437438965,0.006985197775065899,-0.004979491233825684,0.8193233609199524,0.5732674598693848,1.9205661634763649,-2.2071340084075928,1.3227777481079102,1.3034964799880981,1.722374439239502,-0.292790949344635,-1.3034964799880981
1778.6333333333334,3.538274049758911,1.5476510524749756,-0.004342555999755859,0.006974417250603437,-0.004970178939402103,0.8176449537277222,0.5756589770317078,1.9147220039352983,-2.1871535778045654,1.4156252145767212,1.3034964799880981,1.702829360961914,0.039646148681640625,-1.3034964799880981
1778.65,3.5382866859436035,1.5476343631744385,-0.004347018897533417,0.006980499252676964,-0.005005232058465481,0.8159612417221069,0.5780426263809204,1.9088850596731821,-2.1679787635803223,0.45906972885131836,1.3034964799880981,1.6819353103637695,-0.8327671885490417,-1.3034964799880981
1778.6666666666667,3.5382907390594482,1.5476312637329102,-0.004339337348937988,0.006936976220458746,-0.004998061340302229,0.8142672777175903,0.5804270505905151,1.9030350108403755,-2.147742748260498,1.2856943607330322,1.3034964799880981,1.6636465787887573,-1.4183433055877686,-1.3034964799880981
1778.6833333333334,3.5383007526397705,1.5476144552230835,-0.004352547228336334,0.006963652558624744,-0.005069602280855179,0.8125481605529785,0.5828302502632141,1.897125478979146,-2.129082441329956,2.7701027393341064,1.3034964799880981,1.6432850360870361,-2.3431241512298584,-1.3034964799880981
1778.7,3.538304567337036,1.5476070642471313,-0.004344835877418518,0.006913567893207073,-0.005079000256955624,0.8108885288238525,0.5851378440856934,1.8914409050805276,-2.1100339889526367,1.3240572214126587,1.3034964799880981,1.6236573457717896,-0.3685428500175476,-1.3034964799880981
1778.7166666666667,3.5383129119873047,1.5476014614105225,-0.004342555999755859,0.00690181739628315,-0.005072086118161678,0.8091738820075989,0.5875066518783569,1.8855914865612888,-2.0899715423583984,1.404958724975586,1.3034964799880981,1.6039347648620605,0.2926366925239563,-1.3034964799880981
1778.7333333333333,3.538325071334839,1.5475839376449585,-0.004346691071987152,0.0069078607484698296,-0.005102872848510742,0.8074508905410767,0.5898721218109131,1.8797383119585207,-2.0708768367767334,0.43268176913261414,1.3034964799880981,1.5828872919082642,-0.6297270655632019,-1.3034964799880981
1778.75,3.5383293628692627,1.547581434249878,-0.004337534308433533,0.006858059670776129,-0.005097913555800915,0.8057130575180054,0.5922443270683289,1.8738568675504443,-2.0504982471466064,1.2479288578033447,1.3034964799880981,1.564550518989563,-1.2820007801055908,-1.3034964799880981
1778.7666666666667,3.538339138031006,1.5475636720657349,-0.004352137446403503,0.006887334864586592,-0.00516542186960578,0.8039493560791016,0.5946354269981384,1.8679145352731141,-2.0315399169921875,3.089353084564209,1.3034964799880981,1.5442768335342407,-2.7565977573394775,-1.3034964799880981
1778.7833333333333,3.5383429527282715,1.5475513935089111,-0.004344485700130463,0.00683891074731946,-0.005177326500415802,0.8022827506065369,0.5968825221061707,1.8623191699112902,-2.012664794921875,1.3154953718185425,1.3034964799880981,1.5248209238052368,-0.4030328691005707,-1.3034964799880981
1778.8,3.5383517742156982,1.5475445985794067,-0.0043430328369140625,0.006828926503658295,-0.005173666402697563,0.8005409240722656,0.5992166996002197,1.8564935802916396,-1.9926913976669312,1.378613829612732,1.3034964799880981,1.5049704313278198,0.3593362867832184,-1.3034964799880981
1778.8166666666666,3.5383636951446533,1.5475263595581055,-0.004346586763858795,0.006832140497863293,-0.005201350897550583,0.798783540725708,0.6015573143959045,1.8506396802986926,-1.9735578298568726,0.2931216061115265,1.3034964799880981,1.4838896989822388,-0.5635098814964294,-1.3034964799880981
1778.8333333333333,3.5383670330047607,1.5475234985351562,-0.00433705747127533,0.006782900542020798,-0.0051969620399177074,0.7970093488693237,0.6039064526557922,1.8447516385709761,-1.95317542552948,1.2323329448699951,1.3034964799880981,1.4655101299285889,-1.5623159408569336,-1.3034964799880981
1778.85,3.538374185562134,1.5475088357925415,-0.004352748394012451,0.006810469087213278,-0.005270614288747311,0.7952135801315308,0.6062681674957275,1.83881788265488,-1.9340851306915283,2.1658787727355957,1.3034964799880981,1.4452941417694092,-2.2011971473693848,-1.3034964799880981
1778.8666666666666,3.538376808166504,1.5475053787231445,-0.00434643030166626,0.006768290884792805,-0.005283414386212826,0.7934776544570923,0.6085387468338013,1.8331016038139596,-1.9150744676589966,1.3631212711334229,1.3034964799880981,1.425625205039978,-0.8422422409057617,-1.3034964799880981
1778.8833333333334,3.5383822917938232,1.5475059747695923,-0.00434529036283493,0.006756669841706753,-0.005286758299916983,0.7916956543922424,0.6108554601669312,1.827255630642653,-1.895725965499878,3.2011892795562744,1.3034964799880981,1.4062182903289795,-2.757913112640381,-1.3034964799880981
1778.9,3.5383834838867188,1.5474998950958252,-0.004345044493675232,0.006733404006808996,-0.00531693734228611,0.7899838089942932,0.6130677461624146,1.8216612403058188,-1.8767050504684448,1.3153830766677856,1.3034964799880981,1.3869264125823975,-0.2266397923231125,-1.3034964799880981
1778.9166666666667,3.5383918285369873,1.5474879741668701,-0.004341751337051392,0.006718100514262915,-0.005304110236465931,0.7881889939308167,0.6153738498687744,1.8158161459379791,-1.8567371368408203,1.2665953636169434,1.3034964799880981,1.3679002523422241,-0.5236344337463379,-1.3034964799880981
1778.9333333333334,3.5384039878845215,1.547465205192566,-0.004348829388618469,0.00672943564131856,-0.005349637940526009,0.7863706350326538,0.6176952719688416,1.8099183862481236,-1.8377059698104858,2.8163466453552246,1.3034964799880981,1.347638726234436,-2.1046369075775146,-1.3034964799880981
1778.95,3.5384106636047363,1.5474520921707153,-0.004346348345279694,0.006688809022307396,-0.005381014663726091,0.7846116423606873,0.619928240776062,1.8042334886337796,-1.818841576576233,1.3677505254745483,1.3034964799880981,1.3283535242080688,-0.7097133994102478,-1.3034964799880981
1778.9666666666667,3.5384180545806885,1.5474457740783691,-0.004345417022705078,0.006682614795863628,-0.005380743648856878,0.7827829122543335,0.6222357153892517,1.7983442079212912,-1.7994201183319092,3.0076756477355957,1.3034964799880981,1.3085981607437134,-2.735288381576538,-1.3034964799880981
1778.9833333333333,3.5384202003479004,1.5474389791488647,-0.004345446825027466,0.006655807141214609,-0.005416367202997208,0.7810307741165161,0.6244335174560547,1.7927227909251398,-1.7804186344146729,1.3533791303634644,1.3034964799880981,1.289504051208496,-0.47799864411354065,-1.3034964799880981
1779.0,3.53842830657959,1.547433853149414,-0.004344142973423004,0.006646882276982069,-0.005412946455180645,0.7791968584060669,0.626720666885376,1.7868590760861733,-1.760727882385254,2.3285648822784424,1.3034964799880981,1.2698599100112915,-1.2254977226257324,-1.3034964799880981
1779.0166666666667,3.5384371280670166,1.5474189519882202,-0.004348553717136383,0.006633141543716192,-0.005462053697556257,0.7773841023445129,0.6289675831794739,1.781085335665621,-1.7417829036712646,1.5534470081329346,1.3034964799880981,1.2510745525360107,-1.638644814491272,-1.3034964799880981
1779.0333333333333,3.5384421348571777,1.5474090576171875,-0.004349187016487122,0.00662484485656023,-0.005482492037117481,0.7755282521247864,0.6312540769577026,1.7751949505227607,-1.7226482629776,1.6144943237304688,1.3034964799880981,1.2307262420654297,-0.8146133422851562,-1.3034964799880981
1779.05,3.5384480953216553,1.547407865524292,-0.004345536231994629,0.006599665619432926,-0.005483643151819706,0.7736868262290955,0.6335099339485168,1.7693706313699038,-1.7035406827926636,3.003131866455078,1.3034964799880981,1.2111315727233887,-2.2971818447113037,-1.3034964799880981
1779.0666666666666,3.5384511947631836,1.547400951385498,-0.004345953464508057,0.0065796272829174995,-0.005513924639672041,0.7718963027000427,0.635690450668335,1.763727884361469,-1.6845488548278809,1.3251749277114868,1.3034964799880981,1.1917515993118286,-0.19211089611053467,-1.3034964799880981
1779.0833333333333,3.5384597778320312,1.5473902225494385,-0.0043417587876319885,0.006562749855220318,-0.00549727026373148,0.7700322866439819,0.6379474997520447,1.757872763639848,-1.6645076274871826,1.2753709554672241,1.3034964799880981,1.172698736190796,-0.5817446708679199,-1.3034964799880981
1779.1,3.5384681224823,1.547372579574585,-0.004348888993263245,0.006569463759660721,-0.005543598439544439,0.7681607007980347,0.6401993036270142,1.7520164413505457,-1.6456146240234375,3.1522746086120605,1.3034964799880981,1.1527471542358398,-2.8006041049957275,-1.3034964799880981
1779.1166666666666,3.5384695529937744,1.5473647117614746,-0.004345051944255829,0.006530293729156256,-0.0055654942989349365,0.7663641571998596,0.6423489451408386,1.746413402184707,-1.626593828201294,1.3201531171798706,1.3034964799880981,1.1333820819854736,-0.26532721519470215,-1.3034964799880981
1779.1333333333334,3.5384769439697266,1.547355055809021,-0.004342213273048401,0.0065162465907633305,-0.005555872805416584,0.7644864916801453,0.6445829272270203,1.7405765050262239,-1.6065713167190552,1.2715476751327515,1.3034964799880981,1.1141382455825806,-0.11513502150774002,-1.3034964799880981
1779.15,3.538486957550049,1.547332525253296,-0.004347354173660278,0.006522301584482193,-0.0055917976424098015,0.7625845670700073,0.6468315124511719,1.7346860753202957,-1.5875933170318604,2.2458865642547607,1.3034964799880981,1.0935779809951782,-1.279650330543518,-1.3034964799880981
1779.1666666666667,3.538492441177368,1.5473299026489258,-0.004348933696746826,0.006493651308119297,-0.005631364416331053,0.760694146156311,0.6490535736083984,1.7288514257353855,-1.5683742761611938,1.3976258039474487,1.3034964799880981,1.073549509048462,-0.643345296382904,-1.3034964799880981
1779.1833333333334,3.538498640060425,1.5473287105560303,-0.004344582557678223,0.006472214590758085,-0.0056273601949214935,0.7587935328483582,0.6512748599052429,1.7230042206240386,-1.5490516424179077,3.2423694133758545,1.3034964799880981,1.0540920495986938,-2.714721441268921,-1.3034964799880981
1779.2,3.5384998321533203,1.547324538230896,-0.004345506429672241,0.006449209526181221,-0.005662102252244949,0.7569630146026611,0.6534013748168945,1.7173924747227869,-1.5299720764160156,1.3419989347457886,1.3034964799880981,1.0349736213684082,-0.3297678530216217,-1.3034964799880981
1779.2166666666667,3.5385076999664307,1.5473185777664185,-0.004343040287494659,0.006436464376747608,-0.005655272398144007,0.7550512552261353,0.655609667301178,1.7115500076959032,-1.509974718093872,1.5713975429534912,1.3034964799880981,1.0153586864471436,-0.09386090189218521,-1.3034964799880981
1779.2333333333333,3.5385165214538574,1.547302007675171,-0.0043474361300468445,0.006434733513742685,-0.005691772326827049,0.7531424164772034,0.6578014492988586,1.7057371181189587,-1.4906038045883179,1.9135873317718506,1.3034964799880981,0.9946209192276001,-0.9150779247283936,-1.3034964799880981
1779.25,3.538522720336914,1.5473012924194336,-0.004348978400230408,0.006417245138436556,-0.005722370930016041,0.7512553334236145,0.6599555015563965,1.7000093106950778,-1.472561001777649,2.9790143966674805,1.3034964799880981,0.9748357534408569,-1.12744140625,-1.3034964799880981
1779.2666666666667,3.538529634475708,1.5472970008850098,-0.004344850778579712,0.006375868339091539,-0.005736378021538258,0.7493520975112915,0.6621160507202148,1.694250770681902,-1.4533861875534058,1.529143214225769,1.3034964799880981,0.9563583135604858,-1.7269831895828247,-1.3034964799880981
1779.2833333333333,3.5385332107543945,1.5472965240478516,-0.004349961876869202,0.006383066065609455,-0.005764175206422806,0.7473912835121155,0.664328396320343,1.6883380719209051,-1.4342231750488281,1.8976504802703857,1.3034964799880981,0.9360405802726746,-1.313998818397522,-1.3034964799880981
1779.3,3.5385377407073975,1.5472999811172485,-0.004345230758190155,0.006343092303723097,-0.0057740239426493645,0.7454665303230286,0.6664879322052002,1.682552583762344,-1.414778470993042,1.560987114906311,1.3034964799880981,0.917343258857727,-1.5454803705215454,-1.3034964799880981
1779.3166666666666,3.538541555404663,1.547300934791565,-0.004349522292613983,0.006347895599901676,-0.005800285376608372,0.743516743183136,0.6686620116233826,1.67671145895305,-1.3958029747009277,2.0160019397735596,1.3034964799880981,0.8973017334938049,-1.295807957649231,-1.3034964799880981
1779.3333333333333,3.538546085357666,1.5473041534423828,-0.004345327615737915,0.00630900589749217,-0.005811789538711309,0.7415850162506104,0.6708040833473206,1.6709425762327033,-1.3764293193817139,1.5477055311203003,1.3034964799880981,0.8786358833312988,-1.50490403175354,-1.3034964799880981
1779.35,3.5385496616363525,1.547303318977356,-0.004349306225776672,0.006313679739832878,-0.005836810916662216,0.7396188378334045,0.6729708909988403,1.6650901286833015,-1.3573731184005737,1.9684761762619019,1.3034964799880981,0.8585715889930725,-1.4425305128097534,-1.3034964799880981
1779.3666666666666,3.5385537147521973,1.5473078489303589,-0.004345826804637909,0.006278888788074255,-0.005850982386618853,0.7376797795295715,0.6750961542129517,1.6593363781076318,-1.3380346298217773,1.4461643695831299,1.3034964799880981,0.8395242691040039,-0.8351607918739319,-1.3034964799880981
1779.3833333333334,3.5385594367980957,1.5473062992095947,-0.004346273839473724,0.006278304383158684,-0.005855112802237272,0.7357046008110046,0.6772480010986328,1.6534938299902058,-1.3188889026641846,3.5482559204101562,1.3034964799880981,0.8195796012878418,-1.7529046535491943,-1.3034964799880981
1779.4,3.5385634899139404,1.5472958087921143,-0.00434643030166626,0.006251924205571413,-0.005885000340640545,0.7337996363639832,0.6793117523193359,1.6478770574817825,-1.3000240325927734,1.3123078346252441,1.3034964799880981,0.8000739812850952,-0.12750303745269775,-1.3034964799880981
1779.4166666666667,3.538569927215576,1.5472825765609741,-0.0043411776423454285,0.006232120096683502,-0.005865240469574928,0.7318076491355896,0.6814574003219604,1.6420206375110837,-1.2800123691558838,1.2637853622436523,1.3034964799880981,0.7813745141029358,-1.216098427772522,-1.3034964799880981
1779.4333333333334,3.538576126098633,1.5472664833068848,-0.004351615905761719,0.0062445527873933315,-0.00592731311917305,0.7298000454902649,0.6836063861846924,1.6361389795219723,-1.261319637298584,3.4147183895111084,1.3034964799880981,0.7611821889877319,-2.345414876937866,-1.3034964799880981
1779.45,3.5385782718658447,1.5472559928894043,-0.004345133900642395,0.006197315640747547,-0.0059335362166166306,0.7278770208358765,0.6856539845466614,1.6305209456376921,-1.2423475980758667,1.324179768562317,1.3034964799880981,0.7416955828666687,-0.32641395926475525,-1.3034964799880981
1779.4666666666667,3.538583993911743,1.547249674797058,-0.004342809319496155,0.006184898782521486,-0.005926318466663361,0.7258750796318054,0.6877732872962952,1.6246898160051935,-1.2222434282302856,1.309388518333435,1.3034964799880981,0.7221540808677673,0.35095033049583435,-1.3034964799880981
1779.4833333333333,3.538590669631958,1.5472333431243896,-0.004346534609794617,0.006188195198774338,-0.005955646745860577,0.7238556742668152,0.689897894859314,1.6188268933355494,-1.2032721042633057,1.5559828281402588,1.3034964799880981,0.7011915445327759,0.2038840353488922,-1.3034964799880981
1779.5,3.5385985374450684,1.5472263097763062,-0.004339151084423065,0.0061392090283334255,-0.005950746592134237,0.7218142747879028,0.692034125328064,1.6129174465181875,-1.1829289197921753,1.293379545211792,1.3034964799880981,0.6826439499855042,-1.535660743713379,-1.3034964799880981
1779.5166666666667,3.538602590560913,1.5472131967544556,-0.00435328483581543,0.006158717442303896,-0.006026789546012878,0.7197635769844055,0.694165825843811,1.6070014670363197,-1.1642751693725586,2.7779669761657715,1.3034964799880981,0.6621858477592468,-1.8369483947753906,-1.3034964799880981
1779.5333333333333,3.538607358932495,1.5472097396850586,-0.004344455897808075,0.006101548671722412,-0.006028694100677967,0.7177674770355225,0.6962300539016724,1.601258511231905,-1.1450846195220947,1.4561715126037598,1.3034964799880981,0.6431131362915039,-0.8851341009140015,-1.3034964799880981
1779.55,3.5386123657226562,1.5472086668014526,-0.004346869885921478,0.006104704923927784,-0.006037742830812931,0.7157099843025208,0.6983448266983032,1.5953568886566583,-1.1255606412887573,3.21804141998291,1.3034964799880981,0.6234936714172363,-2.74747371673584,-1.3034964799880981
1779.5666666666666,3.5386128425598145,1.5472055673599243,-0.00434497743844986,0.006072210613638163,-0.00606005173176527,0.7137523889541626,0.700345516204834,1.5897586495404235,-1.1064642667770386,1.3298412561416626,1.3034964799880981,0.6042847633361816,-0.17554859817028046,-1.3034964799880981
1779.5833333333333,3.538619041442871,1.5471969842910767,-0.004341892898082733,0.00605974905192852,-0.006045498885214329,0.7117027640342712,0.7024284601211548,1.5839133719430196,-1.0863596200942993,1.2865136861801147,1.3034964799880981,0.5853589177131653,-0.6185863018035889,-1.3034964799880981
1779.6,3.5386247634887695,1.547179102897644,-0.004349499940872192,0.006065589375793934,-0.006094710435718298,0.709632158279419,0.7045197486877441,1.578027351520619,-1.0673273801803589,3.1326653957366943,1.3034964799880981,0.5653167366981506,-2.7972521781921387,-1.3034964799880981
1779.6166666666666,3.5386245250701904,1.5471749305725098,-0.00434519350528717,0.006022264715284109,-0.0061121368780732155,0.7076542377471924,0.7065067291259766,1.5724203236219816,-1.048223853111267,1.3271112442016602,1.3034964799880981,0.5460297465324402,-0.15500739216804504,-1.3034964799880981
1779.6333333333334,3.5386300086975098,1.5471662282943726,-0.004341617226600647,0.006007135845720768,-0.0060978601686656475,0.7055851221084595,0.7085734009742737,1.5665707914863072,-1.02811598777771,1.2838767766952515,1.3034964799880981,0.5272241234779358,-0.8179827332496643,-1.3034964799880981
1779.65,3.538635730743408,1.5471484661102295,-0.004350319504737854,0.006013764999806881,-0.006151195615530014,0.7034955024719238,0.7106475830078125,1.5606821750218502,-1.0090385675430298,3.1060125827789307,1.3034964799880981,0.5071849226951599,-2.7780797481536865,-1.3034964799880981
1779.6666666666667,3.538635730743408,1.5471439361572266,-0.004345104098320007,0.005968865007162094,-0.006164612248539925,0.7015009522438049,0.7126167416572571,1.55507653909641,-0.9899626970291138,1.3330802917480469,1.3034964799880981,0.48793840408325195,-0.16722357273101807,-1.3034964799880981
1779.6833333333334,3.5386414527893066,1.547136902809143,-0.004341915249824524,0.005954323802143335,-0.006150159053504467,0.6994161009788513,0.7146634459495544,1.5492329093733332,-0.9698219895362854,1.293965220451355,1.3034964799880981,0.46899744868278503,-0.5881693959236145,-1.3034964799880981
1779.7,3.538646697998047,1.547120451927185,-0.004349410533905029,0.005959038622677326,-0.006199120543897152,0.6973125338554382,0.7167157530784607,1.5433552284452339,-0.9508010149002075,3.1960887908935547,1.3034964799880981,0.4490310549736023,-2.797783613204956,-1.3034964799880981
1779.7166666666667,3.5386462211608887,1.5471177101135254,-0.004345141351222992,0.005915797781199217,-0.00621551088988781,0.6953004002571106,0.7186679244041443,1.5377479997539882,-0.9316629767417908,1.329986810684204,1.3034964799880981,0.4297751486301422,-0.2187597155570984,-1.3034964799880981
1779.7333333333333,3.538651466369629,1.547110915184021,-0.004342041909694672,0.005901246797293425,-0.006202594377100468,0.6931991577148438,0.7206952571868896,1.5319079161859943,-0.9115083813667297,1.2866711616516113,1.3034964799880981,0.4107077121734619,-0.19514557719230652,-1.3034964799880981
1779.75,3.53865647315979,1.547092080116272,-0.004347801208496094,0.005904305726289749,-0.0062418133020401,0.6910734176635742,0.7227334976196289,1.5260176125177765,-0.89237380027771,2.9356465339660645,1.3034964799880981,0.39053595066070557,-1.7285407781600952,-1.3034964799880981
1779.7666666666667,3.538661479949951,1.547082781791687,-0.004347085952758789,0.005862133577466011,-0.00627626059576869,0.6889970898628235,0.7247130870819092,1.5202801494998934,-0.8733274936676025,1.450132131576538,1.3034964799880981,0.3713844120502472,-0.9876179695129395,-1.3034964799880981
1779.7833333333333,3.538666009902954,1.5470802783966064,-0.00434701144695282,0.005855261348187923,-0.006282247602939606,0.6868546605110168,0.7267439961433411,1.5143756582192358,-0.8537641167640686,2.95064377784729,1.3034964799880981,0.3517245352268219,-2.7475383281707764,-1.3034964799880981
1779.8,3.538666009902954,1.547080636024475,-0.004345409572124481,0.00582396425306797,-0.006303349509835243,0.6848135590553284,0.728667676448822,1.5087661010599032,-0.8346114754676819,1.330893635749817,1.3034964799880981,0.3325490653514862,-0.16219624876976013,-1.3034964799880981
1779.8166666666666,3.5386710166931152,1.5470738410949707,-0.004341527819633484,0.005809608846902847,-0.006285770796239376,0.6826795935630798,0.7306676506996155,1.5029161425859412,-0.8144351243972778,1.293731451034546,1.3034964799880981,0.31370973587036133,-0.6698059439659119,-1.3034964799880981
1779.8333333333333,3.538675546646118,1.5470569133758545,-0.004349797964096069,0.0058150277473032475,-0.006337071768939495,0.6805234551429749,0.7326758503913879,1.4970231889855077,-0.7953327298164368,3.1502835750579834,1.3034964799880981,0.2936927378177643,-2.7949092388153076,-1.3034964799880981
1779.85,3.538675308227539,1.5470547676086426,-0.004345148801803589,0.005769652780145407,-0.006350819952785969,0.6784658432006836,0.7345818877220154,1.4914137767060622,-0.7761865258216858,1.3330180644989014,1.3034964799880981,0.2744602859020233,-0.15338419377803802,-1.3034964799880981
1779.8666666666666,3.5386807918548584,1.5470480918884277,-0.004341639578342438,0.00575508177280426,-0.0063360268250107765,0.6763150691986084,0.7365628480911255,1.4855651482687382,-0.7560107111930847,1.2938947677612305,1.3034964799880981,0.255636990070343,-0.7205823659896851,-1.3034964799880981
1779.8833333333334,3.538684606552124,1.5470317602157593,-0.0043499767780303955,0.005760244559496641,-0.006388701498508453,0.6741418838500977,0.7385516166687012,1.4796729769753942,-0.7369095683097839,3.1767849922180176,1.3034964799880981,0.2356407642364502,-2.7933218479156494,-1.3034964799880981
1779.9,3.538684129714966,1.5470300912857056,-0.004345066845417023,0.005714251659810543,-0.006400087382644415,0.6720685362815857,0.7404392957687378,1.4740654939864626,-0.717756450176239,1.3322752714157104,1.3034964799880981,0.2164148986339569,-0.15652471780776978,-1.3034964799880981
1779.9166666666667,3.538689136505127,1.5470235347747803,-0.004341594874858856,0.005700028035789728,-0.006385760381817818,0.6699004173278809,0.7424015402793884,1.4682161969602643,-0.6975710391998291,1.2932095527648926,1.3034964799880981,0.1975959986448288,-0.6644254922866821,-1.3034964799880981
1779.9333333333334,3.538693428039551,1.5470070838928223,-0.0043497234582901,0.0057039447128772736,-0.006436417810618877,0.6677089929580688,0.7443727254867554,1.462321157439043,-0.6784440875053406,3.1506991386413574,1.3034964799880981,0.1775922328233719,-2.793943166732788,-1.3034964799880981
1779.95,3.538693428039551,1.5470058917999268,-0.004345148801803589,0.005659310147166252,-0.006451123394072056,0.6656184196472168,0.7462429404258728,1.4567112448737431,-0.6592785716056824,1.3376412391662598,1.3034964799880981,0.15839794278144836,-0.17499490082263947,-1.3034964799880981
1779.9666666666667,3.538698673248291,1.547000765800476,-0.004341825842857361,0.005645752884447575,-0.006436515599489212,0.6634342670440674,0.7481854557991028,1.4508643734101845,-0.6390626430511475,1.301124095916748,1.3034964799880981,0.13945272564888,-0.4613318145275116,-1.3034964799880981
1779.9833333333333,3.5387024879455566,1.5469849109649658,-0.004348911345005035,0.005647691898047924,-0.006482500117272139,0.6612281799316406,0.750135600566864,1.4449755247910572,-0.6199764013290405,3.2221555709838867,1.3034964799880981,0.11949215829372406,-2.7961833477020264,-1.3034964799880981
1780.0,3.5387027263641357,1.5469844341278076,-0.004345156252384186,0.005602510645985603,-0.006498218514025211,0.6591183543205261,0.7519902586936951,1.4393573579237187,-0.6007529497146606,1.335892915725708,1.3034964799880981,0.10027532279491425,-0.21540521085262299,-1.3034964799880981
1780.0166666666667,3.538708209991455,1.5469801425933838,-0.0043419599533081055,0.005589582491666079,-0.006485668011009693,0.6569190621376038,0.7539124488830566,1.4335148931898813,-0.580518364906311,1.2927815914154053,1.3034964799880981,0.08121946454048157,-0.11253275722265244,-1.3034964799880981
1780.0333333333333,3.5387117862701416,1.5469633340835571,-0.00434739887714386,0.005591018591076136,-0.006523667834699154,0.6546952128410339,0.7558441162109375,1.4276233808752017,-0.5613179206848145,2.3801233768463135,1.3034964799880981,0.06090449169278145,-1.2496126890182495,-1.3034964799880981
1780.05,3.53871750831604,1.5469639301300049,-0.004348769783973694,0.00555541692301631,-0.006560159847140312,0.6524925827980042,0.7577463984489441,1.4218029712755664,-0.5419490933418274,1.3919789791107178,1.3034964799880981,0.04103993996977806,-0.269064337015152,-1.3034964799880981
1780.0666666666666,3.538723945617676,1.5469633340835571,-0.004343017935752869,0.0055334181524813175,-0.00654177088290453,0.6502690315246582,0.7596557140350342,1.4159407304858163,-0.5220083594322205,2.226508855819702,1.3034964799880981,0.02160053886473179,-0.9551268219947815,-1.3034964799880981
1780.0833333333333,3.538729190826416,1.546951413154602,-0.004348352551460266,0.005512628238648176,-0.006587507203221321,0.6480671167373657,0.7615347504615784,1.4101514194585503,-0.5026290416717529,1.4540356397628784,1.3034964799880981,0.0029848928097635508,-1.5016387701034546,-1.3034964799880981
1780.1,3.5387308597564697,1.5469410419464111,-0.00434943288564682,0.005502638872712851,-0.006607416085898876,0.6458278894424438,0.7634345889091492,1.4042779750221484,-0.4831903874874115,1.5754966735839844,1.3034964799880981,-0.016615908592939377,-1.2772966623306274,-1.3034964799880981
1780.1166666666666,3.5387368202209473,1.5469480752944946,-0.004348151385784149,0.005484848283231258,-0.006618836894631386,0.6436102390289307,0.7653051614761353,1.3984753217530521,-0.4648193120956421,2.6217246055603027,1.3034964799880981,-0.03647039085626602,-1.0435855388641357,-1.3034964799880981
1780.1333333333334,3.538745641708374,1.5469563007354736,-0.0043448880314826965,0.005440546665340662,-0.0066307783126831055,0.6413873434066772,0.7671692967414856,1.3926732285239245,-0.44522517919540405,1.595453143119812,1.3034964799880981,-0.05497711896896362,-1.581054449081421,-1.3034964799880981
1780.15,3.5387492179870605,1.5469573736190796,-0.004349119961261749,0.00544101232662797,-0.006655951030552387,0.6391224265098572,0.7690569162368774,1.3867759873506706,-0.4256802797317505,1.5891997814178467,1.3034964799880981,-0.0749419778585434,-0.7623523473739624,-1.3034964799880981
1780.1666666666667,3.5387558937072754,1.5469622611999512,-0.0043456777930259705,0.005422545596957207,-0.006654258817434311,0.6368733644485474,0.7709206342697144,1.3809338051758329,-0.40668198466300964,3.932544708251953,1.3034964799880981,-0.09466691315174103,-1.7316346168518066,-1.3034964799880981
1780.1833333333334,3.5387587547302246,1.5469595193862915,-0.004345722496509552,0.005393615923821926,-0.00667561823502183,0.6347060799598694,0.7727059721946716,1.3753179021725002,-0.38757559657096863,1.3308281898498535,1.3034964799880981,-0.11393574625253677,-0.31768640875816345,-1.3034964799880981
1780.2,3.538764476776123,1.5469573736190796,-0.004342652857303619,0.0053781927563250065,-0.006668806076049805,0.6324499249458313,0.7745538353919983,1.3694847435564161,-0.36729973554611206,1.2795953750610352,1.3034964799880981,-0.1333772987127304,0.5702713131904602,-1.3034964799880981
1780.2166666666667,3.5387680530548096,1.546944260597229,-0.004345312714576721,0.0053802295587956905,-0.006688553839921951,0.6301754713058472,0.7764053344726562,1.3636188262581026,-0.3480352461338043,1.4593743085861206,1.3034964799880981,-0.1542205810546875,0.511731743812561,-1.3034964799880981
1780.2333333333333,3.538773775100708,1.5469388961791992,-0.004338473081588745,0.00533302454277873,-0.006678352132439613,0.6278720498085022,0.7782695889472961,1.3576919282750937,-0.3275829553604126,1.0063248872756958,1.3034964799880981,-0.1728336662054062,-2.4370689392089844,-1.3034964799880981
1780.25,3.5387744903564453,1.5469343662261963,-0.004352070391178131,0.005326535552740097,-0.006764085963368416,0.6255850791931152,0.7801083922386169,1.3518232600315692,-0.3081251084804535,1.5028971433639526,1.3034964799880981,-0.19197873771190643,-1.445017695426941,-1.3034964799880981
1780.2666666666667,3.53877854347229,1.546934723854065,-0.004347838461399078,0.005302631761878729,-0.00676265824586153,0.6232883930206299,0.7819448709487915,1.3459417395277595,-0.2889225482940674,2.1249308586120605,1.3034964799880981,-0.21196401119232178,-1.6893246173858643,-1.3034964799880981
1780.2833333333333,3.5387847423553467,1.5469461679458618,-0.004346311092376709,0.005271845497190952,-0.006775808520615101,0.6210403442382812,0.7837315797805786,1.340198417513868,-0.26943641901016235,1.3945451974868774,1.3034964799880981,-0.23125861585140228,-0.1183570846915245,-1.3034964799880981
1780.3,3.5387918949127197,1.5469459295272827,-0.0043418556451797485,0.005259319208562374,-0.00675610639154911,0.6187439560890198,0.7855460047721863,1.3343442528948786,-0.24913141131401062,1.4953685998916626,1.3034964799880981,-0.250606894493103,-0.17406266927719116,-1.3034964799880981
1780.3166666666666,3.5387959480285645,1.546937108039856,-0.004347749054431915,0.005254647228866816,-0.006799015216529369,0.616462230682373,0.7873375415802002,1.3285421154787436,-0.22950446605682373,1.415474534034729,1.3034964799880981,-0.27117210626602173,-0.6209277510643005,-1.3034964799880981
1780.3333333333333,3.5388023853302,1.5469403266906738,-0.004345335066318512,0.005226602777838707,-0.006805204786360264,0.6141971349716187,0.7891058921813965,1.3227946064513438,-0.2100468873977661,2.7142274379730225,1.3034964799880981,-0.29066771268844604,-1.5984686613082886,-1.3034964799880981
1780.35,3.5388071537017822,1.546938419342041,-0.004347033798694611,0.005194900557398796,-0.006836862303316593,0.6119409799575806,0.7908568382263184,1.317083146114384,-0.19092026352882385,1.5322896242141724,1.3034964799880981,-0.3091806173324585,-1.4948005676269531,-1.3034964799880981
1780.3666666666666,3.5388119220733643,1.546940565109253,-0.0043487995862960815,0.0051875365898013115,-0.006856062449514866,0.6095979809761047,0.7926639914512634,1.3111646645122068,-0.17152145504951477,1.9921298027038574,1.3034964799880981,-0.32923781871795654,-1.3924674987792969,-1.3034964799880981
1780.3833333333334,3.538818836212158,1.5469518899917603,-0.00434652715921402,0.005156016442924738,-0.006866056472063065,0.6073043346405029,0.7944228649139404,1.305383889453458,-0.15200527012348175,1.4504905939102173,1.3034964799880981,-0.34865403175354004,-0.457238107919693,-1.3034964799880981
1780.4,3.5388262271881104,1.5469571352005005,-0.0043440088629722595,0.005144009832292795,-0.00685830507427454,0.6049817204475403,0.7961931824684143,1.299542576827302,-0.13235081732273102,3.0622448921203613,1.3034964799880981,-0.36783745884895325,-2.69852352142334,-1.3034964799880981
1780.4166666666667,3.5388290882110596,1.546962022781372,-0.004345811903476715,0.0051137544214725494,-0.0068925051018595695,0.6027374863624573,0.7978934049606323,1.2939116701760192,-0.1130855530500412,1.398252010345459,1.3034964799880981,-0.3866225779056549,-0.5605429410934448,-1.3034964799880981
1780.4333333333334,3.5388360023498535,1.5469655990600586,-0.004344582557678223,0.005106914788484573,-0.006890116259455681,0.6003903746604919,0.7996610999107361,1.288034473392307,-0.09341288357973099,3.1796228885650635,1.3034964799880981,-0.40597036480903625,-2.7231388092041016,-1.3034964799880981
1780.45,3.5388381481170654,1.546970248222351,-0.00434546172618866,0.00507428590208292,-0.006920541170984507,0.598137617111206,0.8013474345207214,1.2824065297867486,-0.07412184774875641,1.384806513786316,1.3034964799880981,-0.42481738328933716,-0.45867568254470825,-1.3034964799880981
1780.4666666666667,3.5388455390930176,1.546973466873169,-0.004343882203102112,0.005065996199846268,-0.006915618199855089,0.5957848429679871,0.8030983209609985,1.2765404190299692,-0.05419623479247093,2.5532617568969727,1.3034964799880981,-0.44414207339286804,-1.5368778705596924,-1.3034964799880981
1780.4833333333333,3.538849353790283,1.5469682216644287,-0.0043478235602378845,0.005038026720285416,-0.006958141922950745,0.5934685468673706,0.8048112392425537,1.2707787638623147,-0.034997258335351944,1.5395644903182983,1.3034964799880981,-0.46265190839767456,-1.7184525728225708,-1.3034964799880981
1780.5,3.538853883743286,1.546971321105957,-0.004349231719970703,0.005026584956794977,-0.0069755669683218,0.5910863280296326,0.8065624237060547,1.2648652673363157,-0.015571038238704205,1.7416784763336182,1.3034964799880981,-0.4827742874622345,-1.1204333305358887,-1.3034964799880981
1780.5166666666667,3.5388619899749756,1.5469828844070435,-0.004345625638961792,0.004996857140213251,-0.006976117379963398,0.5887436866760254,0.8082742094993591,1.2590622623295173,0.004011803772300482,1.8087154626846313,1.3034964799880981,-0.5019868016242981,-1.565497875213623,-1.3034964799880981
1780.5333333333333,3.5388710498809814,1.5469977855682373,-0.0043487101793289185,0.00498495576903224,-0.007000982761383057,0.58640456199646,0.8099727034568787,1.2532805494200834,0.023204827681183815,1.8916733264923096,1.3034964799880981,-0.5214320421218872,-1.1530249118804932,-1.3034964799880981
1780.55,3.53887939453125,1.5470075607299805,-0.004344813525676727,0.004948834888637066,-0.007003989070653915,0.5840534567832947,0.8116699457168579,1.2474811406443467,0.04298669472336769,1.6193886995315552,1.3034964799880981,-0.5397422313690186,-1.9976904392242432,-1.3034964799880981
1780.5666666666666,3.538884162902832,1.5470144748687744,-0.004349410533905029,0.0049433219246566296,-0.007034218870103359,0.5816965103149414,0.8133604526519775,1.2416797325623155,0.062380265444517136,1.3915104866027832,1.3034964799880981,-0.5593530535697937,-0.844696581363678,-1.3034964799880981
1780.5833333333333,3.5388925075531006,1.5470227003097534,-0.004344545304775238,0.004921131767332554,-0.007024903781712055,0.579319179058075,0.8150555491447449,1.2358396210021136,0.08184461295604706,3.5642614364624023,1.3034964799880981,-0.5784670114517212,-2.647897243499756,-1.3034964799880981
1780.6,3.538893461227417,1.5470244884490967,-0.004344619810581207,0.004889792762696743,-0.007046902552247047,0.5770391821861267,0.8166713714599609,1.2302507301998284,0.10104711353778839,1.3556678295135498,1.3034964799880981,-0.5973576307296753,-0.3462981879711151,-1.3034964799880981
1780.6166666666666,3.53890061378479,1.547025203704834,-0.004342943429946899,0.004882684908807278,-0.0070402007550001144,0.574652910232544,0.8183524012565613,1.2244123588252669,0.12130001932382584,1.596275806427002,1.3034964799880981,-0.6169454455375671,0.024960141628980637,-1.3034964799880981
1780.6333333333334,3.5389041900634766,1.5470149517059326,-0.0043469443917274475,0.004871788434684277,-0.007073062472045422,0.5722681879997253,0.8200214505195618,1.2185904460072834,0.1409468650817871,0.39100974798202515,1.3034964799880981,-0.6375898718833923,-0.587109386920929,-1.3034964799880981
1780.65,3.5389084815979004,1.5470174551010132,-0.004339881241321564,0.004843299277126789,-0.007049549836665392,0.569879949092865,0.8216833472251892,1.2127708457255595,0.16125395894050598,1.297792911529541,1.3034964799880981,-0.6557239890098572,-2.11537766456604,-1.3034964799880981
1780.6666666666667,3.5389084815979004,1.5470110177993774,-0.0043516457080841064,0.004821435082703829,-0.0071295034140348434,0.5674830079078674,0.823340117931366,1.206943846882774,0.1805671751499176,1.521003246307373,1.3034964799880981,-0.6746452450752258,-1.614327073097229,-1.3034964799880981
1780.6833333333334,3.538912773132324,1.5470114946365356,-0.0043480247259140015,0.004798517096787691,-0.0071307094767689705,0.5650652647018433,0.8250013589859009,1.2010764894650892,0.1999000906944275,1.7190020084381104,1.3034964799880981,-0.694598913192749,-0.9779565334320068,-1.3034964799880981
1780.7,3.538922071456909,1.5470213890075684,-0.004346005618572235,0.004776320420205593,-0.007132686674594879,0.5626657605171204,0.8266398310661316,1.1952650692634275,0.21912376582622528,2.5185012817382812,1.3034964799880981,-0.7139816880226135,-1.8088464736938477,-1.3034964799880981
1780.7166666666667,3.5389292240142822,1.5470319986343384,-0.00434643030166626,0.0047489251010119915,-0.007151466794312,0.5602997541427612,0.8282454013824463,1.1895464108839604,0.23857533931732178,1.3681012392044067,1.3034964799880981,-0.7332088351249695,-0.2758964002132416,-1.3034964799880981
1780.7333333333333,3.5389373302459717,1.5470339059829712,-0.004341788589954376,0.00473515409976244,-0.00713315000757575,0.5578729510307312,0.8298821449279785,1.1836914037146191,0.2589583992958069,1.5374526977539062,1.3034964799880981,-0.7527375817298889,0.1299075186252594,-1.3034964799880981
1780.75,3.5389404296875,1.5470242500305176,-0.004346996545791626,0.004728143569082022,-0.00716918520629406,0.5554530024528503,0.8315036296844482,1.177865432526673,0.2786114811897278,-0.51755291223526,1.3034964799880981,-0.7734304070472717,-0.4897395074367523,-1.3034964799880981
1780.7666666666667,3.5389404296875,1.5470211505889893,-0.0043349117040634155,0.0046934629790484905,-0.00713050551712513,0.552996814250946,0.8331395387649536,1.171962463128031,0.2989763021469116,0.6738060712814331,1.3034964799880981,-0.7919213771820068,-2.6664059162139893,-1.3034964799880981
1780.7833333333333,3.538943290710449,1.5470280647277832,-0.004352197051048279,0.004678172990679741,-0.007228264585137367,0.5505273938179016,0.8347726464271545,1.1660418541607105,0.31882479786872864,1.4860382080078125,1.3034964799880981,-0.8114519715309143,-0.8639112710952759,-1.3034964799880981
1780.8,3.538949489593506,1.5470290184020996,-0.004344925284385681,0.004655732773244381,-0.007210207637399435,0.5480750799179077,0.8363851308822632,1.1601715606658871,0.3378879129886627,4.1204376220703125,1.3034964799880981,-0.8313181400299072,-1.764589786529541,-1.3034964799880981
1780.8166666666666,3.538950204849243,1.5470253229141235,-0.00434517115354538,0.0046239010989665985,-0.007225941866636276,0.5457257628440857,0.8379199504852295,1.1545590737522962,0.3570166826248169,1.3318079710006714,1.3034964799880981,-0.8505825996398926,-0.3333292603492737,-1.3034964799880981
1780.8333333333333,3.5389564037323,1.547022819519043,-0.004342406988143921,0.00461017619818449,-0.0072194961830973625,0.5432797074317932,0.8395079374313354,1.1487257035191367,0.3773232400417328,1.2754449844360352,1.3034964799880981,-0.8700588941574097,0.6479596495628357,-1.3034964799880981
1780.85,3.538958787918091,1.5470105409622192,-0.004344619810581207,0.004608844872564077,-0.007237959187477827,0.5408142805099487,0.8410981893539429,1.142857709428146,0.3964146375656128,1.7564092874526978,1.3034964799880981,-0.8908728361129761,0.5029144883155823,-1.3034964799880981
1780.8666666666666,3.538965940475464,1.5470064878463745,-0.004339940845966339,0.004565177485346794,-0.007231819909065962,0.5383279919624329,0.8426920175552368,1.1369511612664267,0.4169161021709442,1.2815982103347778,1.3034964799880981,-0.9097618460655212,-1.4468121528625488,-1.3034964799880981
1780.8833333333334,3.5389676094055176,1.5469977855682373,-0.004349827766418457,0.004549129866063595,-0.007294626906514168,0.535881519317627,0.8442494869232178,1.131151103646335,0.4364035427570343,2.012782573699951,1.3034964799880981,-0.9284625053405762,-1.7385525703430176,-1.3034964799880981
1780.9,3.538966178894043,1.5469889640808105,-0.004348985850811005,0.004524759016931057,-0.007313184440135956,0.5334497094154358,0.8457881212234497,1.1253956008412547,0.4553910195827484,1.3543967008590698,1.3034964799880981,-0.9483450055122375,-0.24833674728870392,-1.3034964799880981
1780.9166666666667,3.5389723777770996,1.5469868183135986,-0.0043419599533081055,0.004504899028688669,-0.007284003309905529,0.5309725403785706,0.8473457098007202,1.1195424992940144,0.47545239329338074,1.9508123397827148,1.3034964799880981,-0.967739999294281,-0.6034385561943054,-1.3034964799880981
1780.9333333333334,3.5389745235443115,1.5469741821289062,-0.004347175359725952,0.004481983371078968,-0.00732332281768322,0.528508722782135,0.8488843441009521,1.1137328636961652,0.4949047565460205,2.0275118350982666,1.3034964799880981,-0.9863589406013489,-2.941145181655884,-1.3034964799880981
1780.95,3.538971185684204,1.5469698905944824,-0.004348672926425934,0.004462554585188627,-0.0073491353541612625,0.5260801911354065,0.8503915071487427,1.1080165168580567,0.5140668153762817,1.325026512145996,1.3034964799880981,-1.0060222148895264,-0.2682052254676819,-1.3034964799880981
1780.9666666666667,3.5389764308929443,1.5469666719436646,-0.004341013729572296,0.00444007245823741,-0.007316609378904104,0.5235872268676758,0.8519290685653687,1.1021578904451554,0.5344105362892151,1.3696026802062988,1.3034964799880981,-1.0253002643585205,0.06969909369945526,-1.3034964799880981
1780.9833333333333,3.538978099822998,1.5469564199447632,-0.00434672087430954,0.004437234252691269,-0.007355356123298407,0.5210895538330078,0.853458821773529,1.0962999067882857,0.5535629391670227,1.4407551288604736,1.3034964799880981,-1.0458855628967285,-0.9372257590293884,-1.3034964799880981
1781.0,3.5389902591705322,1.5469696521759033,-0.00434449315071106,0.004401234444230795,-0.0073610469698905945,0.5185889005661011,0.8549806475639343,1.0904450444869476,0.572695791721344,4.203596591949463,1.3034964799880981,-1.065737009048462,-1.020568609237671,-1.3034964799880981
1781.0166666666667,3.5389955043792725,1.5469666719436646,-0.004346221685409546,0.004372890572994947,-0.007387228775769472,0.5161629915237427,0.8564473390579224,1.0847754745666354,0.5918806791305542,1.3347432613372803,1.3034964799880981,-1.085139513015747,-0.3851924538612366,-1.3034964799880981
1781.0333333333333,3.53900146484375,1.5469642877578735,-0.004342377185821533,0.004355262964963913,-0.007376539520919323,0.5136580467224121,0.8579521775245667,1.0789305236575475,0.6122220158576965,1.342815637588501,1.3034964799880981,-1.1048283576965332,0.6764942407608032,-1.3034964799880981
1781.05,3.5390048027038574,1.5469545125961304,-0.004345059394836426,0.004351271316409111,-0.007399206515401602,0.5111411809921265,0.8594539165496826,1.0730685514110403,0.630705714225769,2.5094521045684814,1.3034964799880981,-1.1255587339401245,0.2888277471065521,-1.3034964799880981
1781.0666666666666,3.5390162467956543,1.546954870223999,-0.004343673586845398,0.004310199059545994,-0.007411682512611151,0.5086144804954529,0.8609515428543091,1.0671939987818158,0.6503489017486572,3.222168445587158,1.3034964799880981,-1.1455117464065552,-1.5405367612838745,-1.3034964799880981
1781.0833333333333,3.5390188694000244,1.5469515323638916,-0.004347600042819977,0.004289544187486172,-0.007444063201546669,0.506179928779602,0.8623849749565125,1.061543574531006,0.6693810224533081,1.3403761386871338,1.3034964799880981,-1.164884090423584,-0.16146425902843475,-1.3034964799880981
1781.1,3.539022207260132,1.546945333480835,-0.004340820014476776,0.004270257893949747,-0.007414749823510647,0.5036525130271912,0.863864004611969,1.055686478543155,0.6896600723266602,1.308113932609558,1.3034964799880981,-1.1838115453720093,-0.5846357941627502,-1.3034964799880981
1781.1166666666666,3.539022207260132,1.5469337701797485,-0.004348635673522949,0.004261445254087448,-0.007464009337127209,0.5011173486709595,0.8653365969657898,1.0498225760982711,0.7087673544883728,3.2593438625335693,1.3034964799880981,-1.2035434246063232,-2.816422700881958,-1.3034964799880981
1781.1333333333334,3.539022445678711,1.5469353199005127,-0.004344552755355835,0.00421783234924078,-0.007469816133379936,0.49868834018707275,0.8667389154434204,1.044213254073363,0.7280126810073853,1.3396492004394531,1.3034964799880981,-1.2226786613464355,-0.3875330984592438,-1.3034964799880981
1781.15,3.539029359817505,1.546933889389038,-0.0043423473834991455,0.0042068264447152615,-0.007460439577698708,0.4961613416671753,0.868188202381134,1.0383866558359207,0.7483184337615967,1.376009225845337,1.3034964799880981,-1.242440104484558,0.6482260227203369,-1.3034964799880981
1781.1666666666667,3.5390329360961914,1.5469242334365845,-0.004345431923866272,0.004198263864964247,-0.007487745024263859,0.4936175048351288,0.8696366548538208,1.0325314622477335,0.7667772769927979,2.335695505142212,1.3034964799880981,-1.263122797012329,0.09339460730552673,-1.3034964799880981
1781.1833333333334,3.5390446186065674,1.5469270944595337,-0.004343599081039429,0.004158873111009598,-0.007496197707951069,0.49106112122535706,0.8710828423500061,1.026657260129129,0.786345362663269,3.528374195098877,1.3034964799880981,-1.2830164432525635,-1.4958280324935913,-1.3034964799880981
1781.2,3.5390470027923584,1.5469231605529785,-0.004347197711467743,0.004137659911066294,-0.007525998167693615,0.48860424757003784,0.8724632859230042,1.0210211390656276,0.8053751587867737,1.33091139793396,1.3034964799880981,-1.3023489713668823,-0.32600921392440796,-1.3034964799880981
1781.2166666666667,3.5390520095825195,1.5469188690185547,-0.004341691732406616,0.004120226949453354,-0.007506199646741152,0.4860531985759735,0.8738871216773987,1.0151773100135664,0.8256455659866333,1.3753371238708496,1.3034964799880981,-1.3218508958816528,0.311105877161026,-1.3034964799880981
1781.2333333333333,3.5390522480010986,1.5469073057174683,-0.004346109926700592,0.0041128769516944885,-0.007536734454333782,0.48349136114120483,0.8753069639205933,1.0093191929503802,0.8448110222816467,1.0536340475082397,1.3034964799880981,-1.342629313468933,-0.5892321467399597,-1.3034964799880981
1781.25,3.53905987739563,1.5469111204147339,-0.004339970648288727,0.004072445444762707,-0.007523179054260254,0.48093724250793457,0.8767133355140686,1.0034877692845694,0.8653560280799866,1.2447295188903809,1.3034964799880981,-1.3619914054870605,0.9494819641113281,-1.3034964799880981
1781.2666666666667,3.5390572547912598,1.5468921661376953,-0.004342310130596161,0.004069630987942219,-0.007540248800069094,0.4783579409122467,0.8781231045722961,0.9976083079811593,0.8849137425422668,0.8028031587600708,1.3034964799880981,-1.382615327835083,0.16704510152339935,-1.3034964799880981
1781.2833333333333,3.539062738418579,1.5468910932540894,-0.004342883825302124,0.004043455235660076,-0.007557438686490059,0.4757774770259857,0.8795239925384521,0.991735959696224,0.9046208262443542,1.3423019647598267,1.3034964799880981,-1.4030979871749878,0.5229310989379883,-1.3034964799880981
1781.3,3.539069175720215,1.5468873977661133,-0.004338666796684265,0.004012611228972673,-0.007548733148723841,0.47317829728126526,0.880925178527832,0.985829948824275,0.925126314163208,0.5136004686355591,1.3034964799880981,-1.4223129749298096,-1.4586336612701416,-1.3034964799880981
1781.3166666666666,3.539072036743164,1.546886920928955,-0.004348620772361755,0.003998342901468277,-0.007608558051288128,0.4705737233161926,0.8823187947273254,0.9799220531601155,0.9446841478347778,3.279794216156006,1.3034964799880981,-1.441878080368042,-2.838059425354004,-1.3034964799880981
1781.3333333333333,3.539071798324585,1.546887993812561,-0.004343748092651367,0.003949298057705164,-0.007611194625496864,0.46809691190719604,0.8836354613304138,0.9743120570372054,0.9639329314231873,1.3356990814208984,1.3034964799880981,-1.4610216617584229,-0.23172150552272797,-1.3034964799880981
1781.35,3.5390748977661133,1.5468822717666626,-0.004341334104537964,0.003943746909499168,-0.007596822455525398,0.4655124843120575,0.8849998116493225,0.9684664195658184,0.9841898083686829,1.3011873960494995,1.3034964799880981,-1.480041742324829,-0.14699286222457886,-1.3034964799880981
1781.3666666666666,3.5390708446502686,1.5468651056289673,-0.004346758127212524,0.0039349631406366825,-0.00763379130512476,0.4629005491733551,0.8863685727119446,0.9625685970781171,1.0033525228500366,2.6465566158294678,1.3034964799880981,-1.5001981258392334,-1.5884965658187866,-1.3034964799880981
1781.3833333333334,3.539074182510376,1.546862006187439,-0.004347383975982666,0.003890560008585453,-0.007660588249564171,0.46033909916877747,0.8877015113830566,0.9567937771567472,1.022653579711914,1.3671320676803589,1.3034964799880981,-1.5199426412582397,-0.023368768393993378,-1.3034964799880981
1781.4,3.5390758514404297,1.54685378074646,-0.004340238869190216,0.0038760395254939795,-0.0076262629590928555,0.4577273428440094,0.8890514373779297,0.9509131497949536,1.0429366827011108,1.2814913988113403,1.3034964799880981,-1.53887939453125,-1.0831615924835205,-1.3034964799880981
1781.4166666666667,3.539074659347534,1.546844482421875,-0.004349827766418457,0.003860234748572111,-0.007682377472519875,0.4551401138305664,0.8903782963752747,0.9450979258984012,1.0624046325683594,2.1935038566589355,1.3034964799880981,-1.558403730392456,-2.8411481380462646,-1.3034964799880981
1781.4333333333334,3.5390748977661133,1.5468462705612183,-0.004346571862697601,0.0038238042034208775,-0.007689227350056171,0.45264774560928345,0.8916481733322144,0.9395036502158427,1.0813735723495483,1.397091031074524,1.3034964799880981,-1.5775325298309326,-0.843933641910553,-1.3034964799880981
1781.45,3.53908371925354,1.5468497276306152,-0.004344724118709564,0.0038078580982983112,-0.00768618518486619,0.4500492811203003,0.8929625153541565,0.9336791376175262,1.1007912158966064,3.419111728668213,1.3034964799880981,-1.5966339111328125,-2.736453056335449,-1.3034964799880981
1781.4666666666667,3.5390841960906982,1.5468504428863525,-0.004344187676906586,0.003774165641516447,-0.007701318711042404,0.447553426027298,0.894216001033783,0.9280931852209049,1.1199791431427002,1.3294918537139893,1.3034964799880981,-1.6157000064849854,-0.20876361429691315,-1.3034964799880981
1781.4833333333333,3.5390849113464355,1.5468429327011108,-0.004341036081314087,0.00376630830578506,-0.00768396258354187,0.44493743777275085,0.8955207467079163,0.9222459635022352,1.1401760578155518,1.2972090244293213,1.3034964799880981,-1.634590744972229,-0.417047381401062,-1.3034964799880981
1781.5,3.539079427719116,1.5468254089355469,-0.0043478310108184814,0.00375609053298831,-0.007726746145635843,0.4422931969165802,0.8968292474746704,0.9163450843932492,1.159324288368225,3.0541293621063232,1.3034964799880981,-1.6546474695205688,-2.310357093811035,-1.3034964799880981
1781.5166666666667,3.5390782356262207,1.5468205213546753,-0.004345238208770752,0.003706739516928792,-0.007738715037703514,0.43974876403808594,0.8980798125267029,0.9106751491523228,1.178442120552063,1.3678042888641357,1.3034964799880981,-1.6738090515136719,-0.48512813448905945,-1.3034964799880981
1781.5333333333333,3.539083242416382,1.5468173027038574,-0.0043434202671051025,0.003700253553688526,-0.007730954792350531,0.4371098279953003,0.8993672132492065,0.904802016423195,1.198343276977539,2.391294479370117,1.3034964799880981,-1.6932786703109741,-1.2829062938690186,-1.3034964799880981
1781.55,3.5390820503234863,1.5468065738677979,-0.004347778856754303,0.003665074473246932,-0.007769143208861351,0.434510737657547,0.9006256461143494,0.8990268337805009,1.2174681425094604,1.583409070968628,1.3034964799880981,-1.7118459939956665,-1.7106924057006836,-1.3034964799880981
1781.5666666666666,3.5390827655792236,1.546802043914795,-0.004348546266555786,0.0036483043804764748,-0.007782879751175642,0.4318561553955078,0.9019015431404114,0.8931360350726617,1.2368324995040894,1.5249583721160889,1.3034964799880981,-1.7319978475570679,-0.6713072657585144,-1.3034964799880981
1781.5833333333333,3.5390889644622803,1.5468010902404785,-0.004344247281551361,0.0036290492862462997,-0.007770722731947899,0.42922070622444153,0.903158962726593,0.8872955422183765,1.2561691999435425,3.4756131172180176,1.3034964799880981,-1.7513134479522705,-2.625549793243408,-1.3034964799880981
1781.6,3.539088487625122,1.546799898147583,-0.004344619810581207,0.0035958699882030487,-0.0077880192548036575,0.42669132351875305,0.9043565988540649,0.8816982642481154,1.2753138542175293,1.3400088548660278,1.3034964799880981,-1.7703709602355957,-0.2912989854812622,-1.3034964799880981
1781.6166666666666,3.5390913486480713,1.5467935800552368,-0.004341877996921539,0.0035876180045306683,-0.007775253616273403,0.4240491986274719,0.9055986404418945,0.8758586628459664,1.2955049276351929,1.3960450887680054,1.3034964799880981,-1.7897894382476807,0.1935666799545288,-1.3034964799880981
1781.6333333333334,3.5390889644622803,1.546779751777649,-0.004346117377281189,0.003576935501769185,-0.007806264795362949,0.4213973581790924,0.9068353772163391,0.870006245602585,1.3146417140960693,0.9037391543388367,1.3034964799880981,-1.8105645179748535,-0.7525408267974854,-1.3034964799880981
1781.65,3.539094924926758,1.5467816591262817,-0.004340402781963348,0.00354090821929276,-0.007790364325046539,0.4187504053115845,0.9080610275268555,0.8641722208798092,1.3351516723632812,1.2368085384368896,1.3034964799880981,-1.8299190998077393,0.9562689661979675,-1.3034964799880981
1781.6666666666667,3.5390894412994385,1.546762228012085,-0.004342615604400635,0.0035334310960024595,-0.007808736991137266,0.4160805940628052,0.9092872738838196,0.8582958448725582,1.354491114616394,1.1074752807617188,1.3034964799880981,-1.850793480873108,0.4669564962387085,-1.3034964799880981
1781.6833333333334,3.539095640182495,1.5467586517333984,-0.004342950880527496,0.0035039344802498817,-0.007824612781405449,0.41339701414108276,0.9105104804039001,0.8523973923688029,1.373335838317871,2.611027240753174,1.3034964799880981,-1.871412754058838,0.39576485753059387,-1.3034964799880981
1781.7,3.539105176925659,1.5467537641525269,-0.004343844950199127,0.003465727437287569,-0.007840210571885109,0.410714715719223,0.9117236137390137,0.8465097504093082,1.3930931091308594,2.937767505645752,1.3034964799880981,-1.891242504119873,-2.0738093852996826,-1.3034964799880981
1781.7166666666667,3.5391042232513428,1.5467476844787598,-0.004346340894699097,0.0034364284947514534,-0.007867265492677689,0.40811780095100403,0.9128888845443726,0.8408169947037591,1.4121830463409424,1.3771721124649048,1.3034964799880981,-1.9103878736495972,-0.6394630670547485,-1.3034964799880981
1781.7333333333333,3.5391077995300293,1.5467429161071777,-0.004344195127487183,0.0034283457789570093,-0.007860229350626469,0.40542924404144287,0.9140862226486206,0.8349302328410155,1.431825876235962,2.931997776031494,1.3034964799880981,-1.9299544095993042,-2.6826834678649902,-1.3034964799880981
1781.75,3.5391077995300293,1.5467411279678345,-0.004345126450061798,0.0033877496607601643,-0.007883829064667225,0.40285104513168335,0.9152252674102783,0.8292930936704679,1.4509555101394653,1.3884522914886475,1.3034964799880981,-1.9487892389297485,-0.73182612657547,-1.3034964799880981
1781.7666666666667,3.539111852645874,1.5467374324798584,-0.004344917833805084,0.0033825067803263664,-0.007882526144385338,0.40015676617622375,0.9164064526557922,0.8234088001511904,1.4703811407089233,3.3995840549468994,1.3034964799880981,-1.9683045148849487,-2.7476489543914795,-1.3034964799880981
1781.7833333333333,3.5391111373901367,1.5467361211776733,-0.004344284534454346,0.003343749325722456,-0.00789729319512844,0.39758992195129395,0.9175230860710144,0.8178105562673387,1.489528775215149,1.3360785245895386,1.3034964799880981,-1.9874001741409302,-0.265152245759964,-1.3034964799880981
1781.8,3.539111614227295,1.5467281341552734,-0.004341714084148407,0.0033374554477632046,-0.007883312180638313,0.39490869641304016,0.9186804890632629,0.8119692470968302,1.5096913576126099,1.3445249795913696,1.3034964799880981,-2.006659746170044,0.009629434905946255,-1.3034964799880981
1781.8166666666666,3.5391054153442383,1.5467126369476318,-0.0043463334441185,0.0033259966876357794,-0.007917661219835281,0.39221224188804626,0.919834554195404,0.8061027827781051,1.5286500453948975,1.8032002449035645,1.3034964799880981,-2.0272679328918457,-1.3884180784225464,-1.3034964799880981
1781.8333333333333,3.5391223430633545,1.5467225313186646,-0.004347272217273712,0.003288844833150506,-0.007934888824820518,0.3895179033279419,0.9209787845611572,0.8002484291724516,1.5474048852920532,2.392397403717041,1.3034964799880981,-2.047020673751831,-1.012458324432373,-1.3034964799880981
1781.85,3.5391318798065186,1.546722650527954,-0.004343576729297638,0.003245189320296049,-0.007932573556900024,0.38681724667549133,0.9221165180206299,0.7943874103598872,1.5672403573989868,1.6131285429000854,1.3034964799880981,-2.065404176712036,-1.6929004192352295,-1.3034964799880981
1781.8666666666666,3.539133310317993,1.5467199087142944,-0.004349380731582642,0.0032386090606451035,-0.007963817566633224,0.38409852981567383,0.9232519865036011,0.7884943990118409,1.5865389108657837,1.622298240661621,1.3034964799880981,-2.085566520690918,-1.0175316333770752,-1.3034964799880981
1781.8833333333334,3.5391411781311035,1.5467209815979004,-0.004344925284385681,0.0032120731193572283,-0.007954970002174377,0.38141345977783203,0.9243647456169128,0.7826812151781924,1.6058313846588135,2.29542875289917,1.3034964799880981,-2.1049718856811523,-2.1616227626800537,-1.3034964799880981
1781.9,3.5391459465026855,1.5467231273651123,-0.004346631467342377,0.0031844009645283222,-0.007973290048539639,0.37877872586250305,0.925447404384613,0.7769840843833431,1.6250569820404053,1.345156192779541,1.3034964799880981,-2.1243181228637695,-0.5672522187232971,-1.3034964799880981
1781.9166666666667,3.539151430130005,1.5467205047607422,-0.004343070089817047,0.003173391567543149,-0.00795916561037302,0.3760676681995392,0.9265525937080383,0.7711282271050621,1.6448110342025757,2.65494966506958,1.3034964799880981,-2.1436986923217773,-1.8531702756881714,-1.3034964799880981
1781.9333333333334,3.539149761199951,1.5467121601104736,-0.004346892237663269,0.003135235980153084,-0.00799320638179779,0.37341368198394775,0.9276251196861267,0.7654032952985194,1.66384756565094,1.495516061782837,1.3034964799880981,-2.162433385848999,-1.4580169916152954,-1.3034964799880981
1781.95,3.539149522781372,1.5467067956924438,-0.004347942769527435,0.0031232121400535107,-0.008006039075553417,0.37066423892974854,0.9287272095680237,0.7594788476797398,1.683064341545105,2.138314723968506,1.3034964799880981,-2.1826322078704834,-1.803078293800354,-1.3034964799880981
1781.9666666666667,3.539156675338745,1.5467089414596558,-0.0043457671999931335,0.00308820279315114,-0.008008603937923908,0.36799538135528564,0.9297880530357361,0.7537348789045482,1.7023903131484985,1.3733805418014526,1.3034964799880981,-2.202092170715332,-0.25483670830726624,-1.3034964799880981
1781.9833333333333,3.5391602516174316,1.5467027425765991,-0.004341728985309601,0.0030807345174252987,-0.007987984456121922,0.3652722239494324,0.9308614134788513,0.7478800736753234,1.7224688529968262,1.7742552757263184,1.3034964799880981,-2.2215678691864014,-0.36266735196113586,-1.3034964799880981
1782.0,3.5391526222229004,1.5466862916946411,-0.004346922039985657,0.003055423032492399,-0.008023221045732498,0.36256739497184753,0.9319179654121399,0.7420722370363994,1.741814374923706,1.939653754234314,1.2491841316223145,-2.241180181503296,-3.0981850624084473,-1.2491841316223145
1782.0166666666667,3.539146661758423,1.5466827154159546,-0.004347600042819977,0.003025263547897339,-0.00804118625819683,0.35999682545661926,0.9329139590263367,0.7365587058833799,1.7602440118789673,1.2795798778533936,1.2491841316223145,-2.2601585388183594,-0.18646450340747833,-1.2491841316223145
1782.0333333333333,3.539144992828369,1.5466738939285278,-0.004341229796409607,0.0030138706788420677,-0.008011052384972572,0.3573783040046692,0.9339203238487244,0.7309473796758363,1.7795076370239258,1.4097832441329956,1.140559434890747,-2.2784154415130615,-0.056645527482032776,-1.140559434890747
1782.05,3.539138078689575,1.5466595888137817,-0.004346981644630432,0.0030008822213858366,-0.008047837764024734,0.3549072742462158,0.9348621368408203,0.7256586923951268,1.7960841655731201,2.9726762771606445,1.0862470865249634,-2.296372652053833,-2.4598536491394043,-1.0862470865249634
1782.0666666666666,3.539135456085205,1.5466572046279907,-0.00434672087430954,0.002963903360068798,-0.008059397339820862,0.35270196199417114,0.9356962442398071,0.7209430790644903,1.8119879961013794,1.1799122095108032,1.0319347381591797,-2.3125481605529785,-0.491150826215744,-1.0319347381591797
1782.0833333333333,3.5391387939453125,1.546654224395752,-0.004344835877418518,0.0029549910686910152,-0.008053089492022991,0.3505237102508545,0.9365146160125732,0.7162889832843194,1.8269448280334473,3.5158939361572266,0.977622389793396,-2.32800030708313,-2.0209968090057373,-0.977622389793396
1782.1,3.539132833480835,1.546647548675537,-0.004348032176494598,0.0029312812257558107,-0.008075954392552376,0.3485986292362213,0.9372327327728271,0.7121796832061165,1.8407682180404663,1.0346022844314575,0.9233100414276123,-2.3422067165374756,-0.302201509475708,-0.9233100414276123
1782.1166666666666,3.539132833480835,1.5466421842575073,-0.004345029592514038,0.0029240166768431664,-0.008066041395068169,0.3466698229312897,0.9379478693008423,0.708064907603631,1.8538715839385986,3.1456642150878906,0.9233100414276123,-2.3559999465942383,-0.6873285174369812,-0.9233100414276123
1782.1333333333334,3.5391247272491455,1.5466309785842896,-0.004349954426288605,0.0028981054201722145,-0.008095944300293922,0.34486085176467896,0.9386144280433655,0.7042094788398825,1.8665663003921509,0.8293578624725342,0.8146852850914001,-2.3692376613616943,-0.6172937750816345,-0.8146852850914001
1782.15,3.5391228199005127,1.5466262102127075,-0.004345893859863281,0.002895359182730317,-0.008081771433353424,0.3431383967399597,0.9392454624176025,0.7005400202297836,1.8781898021697998,2.89823842048645,0.7603729367256165,-2.381941080093384,-0.8585095405578613,-0.7603729367256165
1782.1666666666667,3.5391182899475098,1.5466194152832031,-0.0043503716588020325,0.0028701673727482557,-0.008107445202767849,0.3416345715522766,0.939793586730957,0.6973393011532212,1.888775110244751,0.7263862490653992,0.7060605883598328,-2.3928048610687256,-0.11675050109624863,-0.7060605883598328
1782.1833333333334,3.539114475250244,1.5466129779815674,-0.004346124827861786,0.0028712963685393333,-0.008091447874903679,0.34019479155540466,0.9403157830238342,0.6942756444761331,1.8983769416809082,2.4618489742279053,0.6517482399940491,-2.4032814502716064,-0.048212189227342606,-0.6517482399940491
1782.2,3.5391106605529785,1.5466033220291138,-0.004351280629634857,0.0028466677758842707,-0.008121185936033726,0.33890122175216675,0.9407826662063599,0.6915255080796784,1.9068952798843384,1.463767409324646,0.5974358916282654,-2.412734031677246,0.3386099934577942,-0.5974358916282654
1782.2166666666667,3.53910493850708,1.5465939044952393,-0.004348672926425934,0.0028389401268213987,-0.00811182614415884,0.33770909905433655,0.9412112832069397,0.6889915356775194,1.9147279262542725,1.7630927562713623,0.5974358916282654,-2.421487331390381,0.7510885000228882,-0.5974358916282654
1782.2333333333333,3.5390963554382324,1.546581506729126,-0.004349060356616974,0.002832859754562378,-0.008116234093904495,0.33656227588653564,0.9416218996047974,0.6865550853277613,1.9221323728561401,1.3584237098693848,0.488811194896698,-2.430026054382324,-0.1866501122713089,-0.488811194896698
1782.25,3.53908371925354,1.5465712547302246,-0.0043480172753334045,0.0028204419650137424,-0.008114931173622608,0.33560556173324585,0.9419633746147156,0.6845234176078783,1.9284476041793823,0.6976956725120544,0.4344988465309143,-2.436387300491333,-0.4716477394104004,-0.4344988465309143
1782.2666666666667,3.5390801429748535,1.5465667247772217,-0.00434982031583786,0.0028127615805715322,-0.008126376196742058,0.3347663879394531,0.9422619342803955,0.6827420940924114,1.9339993000030518,0.5829648971557617,0.3801864683628082,-2.4425535202026367,-0.4906880259513855,-0.3801864683628082
1782.2833333333333,3.5390827655792236,1.5465662479400635,-0.004348762333393097,0.002805504482239485,-0.00812326930463314,0.3341352641582489,0.9424859881401062,0.6814026372391405,1.9383411407470703,1.9867103099822998,0.32587411999702454,-2.4470393657684326,-0.29393550753593445,-0.32587411999702454
1782.3,3.5390779972076416,1.546560287475586,-0.004351042211055756,0.002805675147101283,-0.008133754134178162,0.3336562514305115,0.9426555037498474,0.680386244500747,1.941375970840454,0.4559975862503052,0.27156177163124084,-2.4506938457489014,-0.009920642711222172,-0.27156177163124084
1782.3166666666666,3.539076328277588,1.5465586185455322,-0.004350058734416962,0.002800431102514267,-0.00813317857682705,0.3332856595516205,0.942786693572998,0.6796000775695402,1.9438501596450806,0.3959354758262634,0.27156177163124084,-2.4535951614379883,0.04086470976471901,-0.27156177163124084
1782.3333333333333,3.5390756130218506,1.5465573072433472,-0.0043501779437065125,0.0027969328220933676,-0.008131786249577999,0.33294034004211426,0.9429087042808533,0.6788675458826599,1.9461570978164673,1.5732274055480957,0.16293705999851227,-2.45611572265625,0.05799160152673721,-0.16293705999851227
1782.35,3.539072275161743,1.5465534925460815,-0.004352785646915436,0.0027997223660349846,-0.008144255727529526,0.33277276158332825,0.9429677724838257,0.6785122008071462,1.9471299648284912,0.26844489574432373,0.10862470418214798,-2.457462787628174,-0.09217032045125961,-0.10862470418214798
1782.3666666666666,3.539071559906006,1.546555995941162,-0.0043526217341423035,0.0028140179347246885,-0.008137625642120838,0.33271169662475586,0.9429892301559448,0.6783823417862234,1.9475878477096558,0.13227351009845734,0.05431235209107399,-2.457866668701172,0.11507434397935867,-0.05431235209107399
1782.3833333333334,3.539073944091797,1.5465583801269531,-0.004357583820819855,0.0028188079595565796,-0.008171630091965199,0.33270663022994995,0.9429907202720642,0.6783719276413567,1.947691559791565,-0.07419655472040176,0.0,-2.4578278064727783,0.009340019896626472,0.0
1782.4,3.5390625,1.5465481281280518,-0.004355624318122864,0.002831412944942713,-0.008196861483156681,0.3327200710773468,0.9429857730865479,0.6784005772893033,1.947162389755249,-0.015404226258397102,0.0,-2.458155870437622,0.03330571949481964,0.0
1782.4166666666667,3.5390610694885254,1.5465480089187622,-0.004339814186096191,0.0027973458636552095,-0.00809389352798462,0.3327166438102722,0.9429879784584045,0.6783926017903411,1.9472143650054932,-0.05400548502802849,0.0,-2.4581634998321533,0.05897148698568344,0.0
1782.4333333333334,3.5390536785125732,1.5465412139892578,-0.004362635314464569,0.002861129818484187,-0.008259722962975502,0.3327343761920929,0.9429801106452942,0.6784312402196353,1.9467353820800781,0.005863593891263008,0.0,-2.4583871364593506,0.04606940597295761,0.0
1782.45,3.539052963256836,1.5465404987335205,-0.004336133599281311,0.0027909623458981514,-0.008081276901066303,0.3327322006225586,0.9429826140403748,0.6784255427522177,1.9467782974243164,-0.05561544746160507,0.0,-2.4583849906921387,0.051358360797166824,0.0
1782.4666666666667,3.53904390335083,1.5465339422225952,-0.004363909363746643,0.0028642569668591022,-0.00826477725058794,0.33274802565574646,0.9429752230644226,0.6784601973228723,1.946305751800537,0.008776804432272911,0.0,-2.458629608154297,0.0454585924744606,0.0
1782.4833333333333,3.5390431880950928,1.5465327501296997,-0.004335686564445496,0.002789568156003952,-0.008079616352915764,0.33274754881858826,0.9429771304130554,0.6784580535780889,1.9463300704956055,-0.05691155046224594,0.0,-2.4586122035980225,0.04984484985470772,0.0
1782.5,3.5390350818634033,1.5465259552001953,-0.004364214837551117,0.0028653391636908054,-0.008264084346592426,0.3327629268169403,0.9429698586463928,0.6784917241954932,1.945862889289856,0.012368972413241863,0.0,-2.4588639736175537,0.045828163623809814,0.0
1782.5166666666667,3.539033889770508,1.5465253591537476,-0.00433562695980072,0.0027897912077605724,-0.008078974671661854,0.3327602744102478,0.9429726004600525,0.6784850124097278,1.9459152221679688,-0.055314525961875916,0.0,-2.458857297897339,0.046019893139600754,0.0
1782.5333333333333,3.539025068283081,1.5465185642242432,-0.004364013671875,0.0028657123912125826,-0.008266710676252842,0.33277401328086853,0.9429659247398376,0.6785152667858422,1.9454582929611206,0.00441239308565855,0.0,-2.4591174125671387,0.03768787905573845,0.0
1782.55,3.5390241146087646,1.5465177297592163,-0.004335545003414154,0.002789274090901017,-0.008079206570982933,0.3327730596065521,0.9429681301116943,0.6785121629236301,1.9454814195632935,-0.054562609642744064,0.0,-2.4591164588928223,0.05002421885728836,0.0
1782.5666666666666,3.539015531539917,1.5465108156204224,-0.004364050924777985,0.002865233225747943,-0.008265095762908459,0.3327862620353699,0.9429616332054138,0.6785412440415636,1.9450348615646362,0.011101395823061466,0.0,-2.459368944168091,0.04209953173995018,0.0
1782.5833333333333,3.5390138626098633,1.546510100364685,-0.004335559904575348,0.002789403311908245,-0.008079798892140388,0.3327850103378296,0.9429640173912048,0.6785375739947294,1.9450573921203613,-0.0533851683139801,0.0,-2.4593710899353027,0.05085933208465576,0.0
1782.6,3.539005994796753,1.5465031862258911,-0.004360713064670563,0.002845815382897854,-0.008209648542106152,0.33279815316200256,0.9429579973220825,0.6785661061487998,1.944618582725525,-0.0023690490052103996,0.0,-2.4596214294433594,0.028978876769542694,0.0
1782.6166666666666,3.5390052795410156,1.5465022325515747,-0.004337623715400696,0.002792175393551588,-0.008087236434221268,0.33279702067375183,0.9429596066474915,0.6785630440934586,1.9446451663970947,-0.05088495835661888,0.0,-2.4596190452575684,0.05221318453550339,0.0
1782.6333333333334,3.5389976501464844,1.5464962720870972,-0.004363484680652618,0.002865514950826764,-0.008264354430139065,0.33280834555625916,0.9429538249969482,0.678588063346958,1.944230079650879,0.01253072451800108,0.0,-2.4598755836486816,0.04065142944455147,0.0
1782.65,3.538996696472168,1.5464951992034912,-0.004335753619670868,0.0027892671059817076,-0.008080731146037579,0.33280715346336365,0.9429561495780945,0.6785845317290274,1.9442623853683472,-0.052005402743816376,0.0,-2.4598639011383057,0.0503997802734375,0.0
1782.6666666666667,3.5389885902404785,1.546488881111145,-0.004360705614089966,0.0028465825598686934,-0.008210030384361744,0.3328183591365814,0.9429509043693542,0.6786089824860705,1.9438419342041016,-0.0002916450030170381,0.0,-2.4601216316223145,0.027958301827311516,0.0
1782.6833333333334,3.538987159729004,1.5464882850646973,-0.004337705671787262,0.0027917588595300913,-0.008087273687124252,0.3328164219856262,0.9429527521133423,0.6786041992688407,1.9438886642456055,-0.050141140818595886,0.0,-2.4601051807403564,0.04911566525697708,0.0
1782.7,3.538980722427368,1.5464823246002197,-0.0043633803725242615,0.0028660204261541367,-0.008264785632491112,0.33282676339149475,0.9429474472999573,0.6786271948284387,1.9434781074523926,0.007449659984558821,0.0,-2.4603676795959473,0.03475567325949669,0.0
1782.7166666666667,3.5389795303344727,1.5464816093444824,-0.0043357908725738525,0.002788988873362541,-0.00808020867407322,0.3328244090080261,0.9429500102996826,0.6786211031614543,1.9435330629348755,-0.051378242671489716,0.0,-2.460353374481201,0.048242777585983276,0.0
1782.7333333333333,3.5389716625213623,1.5464752912521362,-0.004364050924777985,0.0028664725832641125,-0.008265849202871323,0.33283406496047974,0.9429447650909424,0.6786426398311595,1.9431227445602417,0.012661444023251534,0.0,-2.460618019104004,0.03769360110163689,0.0
1782.75,3.5389702320098877,1.5464743375778198,-0.004335545003414154,0.002788285259157419,-0.00807878840714693,0.33283257484436035,0.942947268486023,0.6786384832045245,1.9431527853012085,-0.05106889829039574,0.0,-2.4606144428253174,0.04997793212532997,0.0
1782.7666666666667,3.5389628410339355,1.5464683771133423,-0.004364125430583954,0.0028659184463322163,-0.008263953030109406,0.33284223079681396,0.9429419636726379,0.6786599792277423,1.9427510499954224,0.015348738059401512,0.0,-2.46087908744812,0.03938224911689758,0.0
1782.7833333333333,3.538961887359619,1.5464675426483154,-0.004335545003414154,0.002788444748148322,-0.008079370483756065,0.3328406512737274,0.9429442882537842,0.6786555548532286,1.942793607711792,-0.051790814846754074,0.0,-2.460866689682007,0.04876549914479256,0.0
1782.8,3.538954496383667,1.5464613437652588,-0.004364147782325745,0.002866416936740279,-0.008265618234872818,0.33285051584243774,0.9429389834403992,0.6786775452013504,1.9423871040344238,0.013940270990133286,0.0,-2.4611282348632812,0.03742872178554535,0.0
1782.8166666666666,3.5389530658721924,1.5464606285095215,-0.004335589706897736,0.0027885225135833025,-0.00808007549494505,0.33284783363342285,0.9429417848587036,0.6786708166670015,1.9424395561218262,-0.05099234730005264,0.0,-2.4611196517944336,0.047477222979068756,0.0
1782.8333333333333,3.538945198059082,1.5464541912078857,-0.0043607354164123535,0.0028473895508795977,-0.00821127463132143,0.33285653591156006,0.9429373741149902,0.6786899436200514,1.9420421123504639,0.0023957588709890842,0.0,-2.461392641067505,0.02577245980501175,0.0
1782.85,3.5389444828033447,1.5464534759521484,-0.00433763861656189,0.0027915076352655888,-0.008087544701993465,0.33285534381866455,0.9429391026496887,0.6786868125879888,1.9420721530914307,-0.048946578055620193,0.0,-2.4613864421844482,0.05055680871009827,0.0
1782.8666666666666,3.5389368534088135,1.54644775390625,-0.004363536834716797,0.0028664940036833286,-0.008264820091426373,0.3328639268875122,0.9429342746734619,0.6787059917863419,1.9416837692260742,0.013177462853491306,0.0,-2.4616458415985107,0.035658515989780426,0.0
1782.8833333333334,3.5389351844787598,1.546446442604065,-0.004335641860961914,0.0027883220463991165,-0.00807893741875887,0.3328631818294525,0.9429364204406738,0.6787033850724895,1.9417129755020142,-0.05017204210162163,0.0,-2.461637496948242,0.051038093864917755,0.0
1782.9,3.538928508758545,1.546440601348877,-0.004364132881164551,0.0028660765383392572,-0.008263722062110901,0.3328717052936554,0.9429314732551575,0.6787224500690875,1.9413241147994995,0.01772068440914154,0.0,-2.46189546585083,0.03885694220662117,0.0
1782.9166666666667,3.5389275550842285,1.5464396476745605,-0.004335537552833557,0.0027883409056812525,-0.00808009970933199,0.33286920189857483,0.9429342746734619,0.6787161624057734,1.9413717985153198,-0.049617018550634384,0.0,-2.461895704269409,0.04886225238442421,0.0
1782.9333333333334,3.5389199256896973,1.5464338064193726,-0.004364192485809326,0.002866736613214016,-0.008265292271971703,0.332876980304718,0.9429296851158142,0.6787336949411342,1.9409890174865723,0.016163555905222893,0.0,-2.462162971496582,0.036167558282613754,0.0
1782.95,3.538918972015381,1.5464329719543457,-0.004335470497608185,0.0027879495173692703,-0.00807887688279152,0.33287492394447327,0.9429323077201843,0.6787283128879369,1.9410252571105957,-0.04946935549378395,0.0,-2.4621591567993164,0.04890664294362068,0.0
1782.9666666666667,3.538912057876587,1.5464271306991577,-0.004364199936389923,0.002866725903004408,-0.008264880627393723,0.33288246393203735,0.9429277181625366,0.6787453042055835,1.9406417608261108,0.01617264188826084,0.0,-2.4624269008636475,0.036631979048252106,0.0
1782.9833333333333,3.5389111042022705,1.5464262962341309,-0.004335492849349976,0.0027883118018507957,-0.00807949248701334,0.3328802287578583,0.9429303407669067,0.6787395218860984,1.9406945705413818,-0.050515804439783096,0.0,-2.4624171257019043,0.04780419543385506,0.0
1783.0,3.53890323638916,1.5464205741882324,-0.004364237189292908,0.0028673831839114428,-0.008266554214060307,0.33288735151290894,0.9429259896278381,0.6787556890606097,1.9403131008148193,0.015651505440473557,0.0,-2.4626898765563965,0.03438292443752289,0.0
1783.0166666666667,3.5389020442962646,1.546419382095337,-0.004335418343544006,0.0027879048138856888,-0.008078589104115963,0.3328867554664612,0.9429280161857605,0.6787533464834801,1.9403420686721802,-0.05058677867054939,0.0,-2.4626758098602295,0.0489736907184124,0.0
1783.0333333333333,3.53889536857605,1.546413779258728,-0.004364192485809326,0.0028671324253082275,-0.008265803568065166,0.33289390802383423,0.9429236650466919,0.6787695827558802,1.9399669170379639,0.016250919550657272,0.0,-2.462949275970459,0.034259602427482605,0.0
1783.05,3.538893461227417,1.546412706375122,-0.004335485398769379,0.002787445206195116,-0.008078114129602909,0.332891583442688,0.942926287651062,0.6787635733583981,1.940019130706787,-0.05011587217450142,0.0,-2.4629368782043457,0.04690046235918999,0.0
1783.0666666666666,3.538886308670044,1.5464071035385132,-0.004364192485809326,0.002867898903787136,-0.008266824297606945,0.3328978419303894,0.9429222345352173,0.6787779126422085,1.939650058746338,0.013952030800282955,0.0,-2.4632184505462646,0.031235167756676674,0.0
1783.0833333333333,3.5388853549957275,1.5464060306549072,-0.004335410892963409,0.002787669189274311,-0.00807879026979208,0.33289721608161926,0.9429243206977844,0.6787755405598304,1.9396744966506958,-0.050041649490594864,0.0,-2.463205337524414,0.04881318658590317,0.0
1783.1,3.5388784408569336,1.5464003086090088,-0.004364244639873505,0.002867212053388357,-0.008265375159680843,0.3329034745693207,0.9429203271865845,0.6787898881080876,1.9393047094345093,0.017364999279379845,0.0,-2.4634809494018555,0.03470901399850845,0.0
1783.1166666666666,3.538877248764038,1.546399474143982,-0.004335455596446991,0.002788116689771414,-0.008079871535301208,0.3329019844532013,0.9429225921630859,0.6787856435801529,1.9393455982208252,-0.05028587952256203,0.0,-2.4634652137756348,0.04767937958240509,0.0
1783.1333333333334,3.5388693809509277,1.5463933944702148,-0.00436081737279892,0.002848896197974682,-0.00821289699524641,0.3329085409641266,0.9429189562797546,0.678800234088035,1.9389753341674805,0.005351471249014139,0.0,-2.463744640350342,0.02314872480928898,0.0
1783.15,3.5388684272766113,1.546392560005188,-0.0043374598026275635,0.0027906401082873344,-0.008086903020739555,0.3329075276851654,0.9429206848144531,0.6787975082505533,1.9390027523040771,-0.047341905534267426,0.0,-2.463732957839966,0.049092840403318405,0.0
1783.1666666666667,3.5388615131378174,1.5463870763778687,-0.004363611340522766,0.0028674593195319176,-0.008265751414000988,0.3329128623008728,0.942916989326477,0.67880979251713,1.938646912574768,0.013505020178854465,0.0,-2.4640042781829834,0.030029674991965294,0.0
1783.1833333333334,3.53886079788208,1.5463860034942627,-0.004335641860961914,0.00278785009868443,-0.00808016024529934,0.33291158080101013,0.9429192543029785,0.6788060335649261,1.9386866092681885,-0.049103543162345886,0.0,-2.463991165161133,0.048223838210105896,0.0
1783.2,3.538853645324707,1.5463804006576538,-0.004364185035228729,0.002868212293833494,-0.008267109282314777,0.33291754126548767,0.9429153203964233,0.6788197213993218,1.9383244514465332,0.016058603301644325,0.0,-2.464268684387207,0.03241634741425514,0.0
1783.2166666666667,3.538851499557495,1.546379566192627,-0.004335463047027588,0.002787673147395253,-0.008079451508820057,0.3329152762889862,0.9429179430007935,0.678813860064402,1.9383693933486938,-0.049109287559986115,0.0,-2.4642579555511475,0.046872109174728394,0.0
1783.2333333333333,3.5388450622558594,1.5463738441467285,-0.004364214837551117,0.0028683252166956663,-0.008267362602055073,0.3329203426837921,0.9429143667221069,0.6788256849350444,1.938010573387146,0.014474823139607906,0.0,-2.4645371437072754,0.029907584190368652,0.0
1783.25,3.5388436317443848,1.546372652053833,-0.004335358738899231,0.002787466160953045,-0.008078772574663162,0.33291947841644287,0.9429165124893188,0.678822793065664,1.938037395477295,-0.04934103414416313,0.0,-2.464533805847168,0.04873363673686981,0.0
1783.2666666666667,3.53883695602417,1.5463670492172241,-0.0043642595410346985,0.0028678264934569597,-0.008265532553195953,0.33292511105537415,0.942912757396698,0.6788358149249888,1.9376758337020874,0.01735483855009079,0.0,-2.4648079872131348,0.033046215772628784,0.0
1783.2833333333333,3.538835287094116,1.5463660955429077,-0.004335455596446991,0.002787526696920395,-0.008079311810433865,0.3329235017299652,0.9429150819778442,0.678831330131373,1.9377189874649048,-0.04949863627552986,0.0,-2.4647974967956543,0.04723209887742996,0.0
1783.3,3.5388286113739014,1.5463606119155884,-0.004364214837551117,0.002868348266929388,-0.008267223834991455,0.3329283893108368,0.9429115056991577,0.6788427409546273,1.9373611211776733,0.014840241521596909,0.0,-2.4650797843933105,0.029987694695591927,0.0
1783.3166666666666,3.538827896118164,1.5463591814041138,-0.004335418343544006,0.002787743927910924,-0.008079642429947853,0.3329276144504547,0.9429135918617249,0.6788400370430956,1.937395691871643,-0.050026148557662964,0.0,-2.4650676250457764,0.047889623790979385,0.0
1783.3333333333333,3.5388200283050537,1.5463533401489258,-0.004360862076282501,0.002848789095878601,-0.008211508393287659,0.3329329192638397,0.9429103136062622,0.678851906978152,1.9370349645614624,0.0065602753311395645,0.0,-2.4653444290161133,0.021148938685655594,0.0
1783.35,3.5388190746307373,1.546352744102478,-0.004337526857852936,0.002790477592498064,-0.008087337017059326,0.3329310417175293,0.9429123997688293,0.6788474048753389,1.9370728731155396,-0.046580761671066284,0.0,-2.465334892272949,0.04691300168633461,0.0
1783.3666666666666,3.5388119220733643,1.5463473796844482,-0.004363596439361572,0.0028689391911029816,-0.008268081583082676,0.332935631275177,0.9429088830947876,0.6788580754151127,1.936725378036499,0.011225768364965916,0.0,-2.4656145572662354,0.026228848844766617,0.0
1783.3833333333334,3.538810968399048,1.5463459491729736,-0.004335552453994751,0.00278772902674973,-0.00808011181652546,0.332935631275177,0.9429107308387756,0.6788570346116092,1.9367417097091675,-0.04871680587530136,0.0,-2.465604543685913,0.04952845349907875,0.0
1783.4,3.538804054260254,1.5463404655456543,-0.004364214837551117,0.0028683142736554146,-0.008266786113381386,0.3329406678676605,0.9429070949554443,0.6788687412168013,1.9363924264907837,0.01820627972483635,0.0,-2.465879201889038,0.03173976391553879,0.0
1783.4166666666667,3.5388028621673584,1.5463396310806274,-0.004335448145866394,0.002787126926705241,-0.008079089224338531,0.3329387903213501,0.9429096579551697,0.6788637490470789,1.9364314079284668,-0.04881954565644264,0.0,-2.465867042541504,0.046534668654203415,0.0
1783.4333333333334,3.5387954711914062,1.5463337898254395,-0.004364222288131714,0.0028681978583335876,-0.00826659519225359,0.33294278383255005,0.9429063200950623,0.6788732137574522,1.9360835552215576,0.014999931678175926,0.0,-2.466153383255005,0.02807822823524475,0.0
1783.45,3.538794755935669,1.5463327169418335,-0.004335351288318634,0.002787491772323847,-0.008079414255917072,0.3329417407512665,0.9429086446762085,0.6788700230234445,1.9361112117767334,-0.04892155900597572,0.0,-2.466155529022217,0.04823737218976021,0.0
1783.4666666666667,3.538787364959717,1.5463274717330933,-0.0043643563985824585,0.002868456533178687,-0.008267560042440891,0.33294615149497986,0.9429052472114563,0.6788804301190634,1.9357587099075317,0.018185485154390335,0.0,-2.466430425643921,0.03139595314860344,0.0
1783.4833333333333,3.5387864112854004,1.5463263988494873,-0.004335395991802216,0.0027868724428117275,-0.008078777231276035,0.3329455852508545,0.9429072737693787,0.6788781688568589,1.9357925653457642,-0.0503854975104332,0.0,-2.4664134979248047,0.04721260070800781,0.0
1783.5,3.5387792587280273,1.5463206768035889,-0.004364244639873505,0.0028680083341896534,-0.008266301825642586,0.33294981718063354,0.9429038763046265,0.6788881516138559,1.935441493988037,0.0148018142208457,0.09324009716510773,-2.466698408126831,0.026922006160020828,0.09324009716510773
1783.5166666666667,3.5387895107269287,1.5463286638259888,-0.004336319863796234,0.0027876985259354115,-0.008082196116447449,0.33294951915740967,0.9429059028625488,0.678886567277119,1.9358770847320557,0.11806303262710571,0.09324009716510773,-2.4662773609161377,0.11851907521486282,0.09324009716510773
1783.5333333333333,3.5387916564941406,1.5463316440582275,-0.004358522593975067,0.0028291046619415283,-0.008163017220795155,0.332944393157959,0.9429068565368652,0.6788760220129204,1.935989499092102,0.10984445363283157,0.279720276594162,-2.4662303924560547,0.14502114057540894,0.279720276594162
1783.55,3.538832426071167,1.546363115310669,-0.004355587065219879,0.0028365040197968483,-0.008206899277865887,0.33294451236724854,0.9429064393043518,0.6788766948955527,1.9373924732208252,0.26049044728279114,0.3729603886604309,-2.464822769165039,0.24668708443641663,0.3729603886604309
1783.5666666666666,3.538942337036133,1.5464487075805664,-0.004340514540672302,0.002780501265078783,-0.008102517575025558,0.3329334259033203,0.9429113268852234,0.6788527111361236,1.941357970237732,0.5749515295028687,0.46620047092437744,-2.460991144180298,0.5288008451461792,0.46620047092437744
1783.5833333333333,3.5390970706939697,1.546574592590332,-0.004351973533630371,0.002817271277308464,-0.008136373944580555,0.33291512727737427,0.9429174661636353,0.6788138068638944,1.9470709562301636,0.6610239744186401,0.559440553188324,-2.4555978775024414,0.6552205085754395,0.559440553188324
1783.6,3.5392954349517822,1.5467342138290405,-0.004349261522293091,0.0028092681895941496,-0.008128916844725609,0.3329015374183655,0.9429223537445068,0.678785007741167,1.9542874097824097,0.7649322152137756,0.6526806354522705,-2.448550224304199,0.7530267238616943,0.6526806354522705
1783.6166666666666,3.539538621902466,1.5469306707382202,-0.004349321126937866,0.002809532918035984,-0.008127587847411633,0.332890123128891,0.9429263472557068,0.6787607520853132,1.9631046056747437,0.8575366139411926,0.6526806354522705,-2.439894676208496,0.8504698276519775,0.6526806354522705
1783.6333333333334,3.5398004055023193,1.547141432762146,-0.004346020519733429,0.0028019847813993692,-0.008112474344670773,0.33288052678108215,0.9429299831390381,0.6787403780011214,1.9725664854049683,0.882846474647522,0.8391608595848083,-2.4305639266967773,0.8783560991287231,0.8391608595848083
1783.65,3.540113687515259,1.5473943948745728,-0.0043535903096199036,0.0028196789789944887,-0.008150596171617508,0.33287182450294495,0.942932665348053,0.6787221043482018,1.9838992357254028,0.9963966608047485,0.9324009418487549,-2.4193570613861084,0.9928112030029297,0.9324009418487549
1783.6666666666667,3.540485143661499,1.547694206237793,-0.004342958331108093,0.002798203844577074,-0.008106905966997147,0.3328639566898346,0.9429358243942261,0.6787051838660172,1.997341275215149,1.1335935592651367,1.0256410837173462,-2.4060192108154297,1.1337529420852661,1.0256410837173462
1783.6833333333334,3.5409016609191895,1.5480297803878784,-0.004352003335952759,0.002809403231367469,-0.008138496428728104,0.33285826444625854,0.9429375529289246,0.6786933288792188,2.0122873783111572,1.2235238552093506,1.118881106376648,-2.391148567199707,1.2252168655395508,1.118881106376648
1783.7,3.5413594245910645,1.5483990907669067,-0.00434991717338562,0.0028060292825102806,-0.0081325126811862,0.3328534662723541,0.942939281463623,0.6786831157243807,2.0287892818450928,1.3222144842147827,1.2121212482452393,-2.3747141361236572,1.3266479969024658,1.2121212482452393
1783.7166666666667,3.5418612957000732,1.5488042831420898,-0.004350006580352783,0.0028047256637364626,-0.008132901042699814,0.33284956216812134,0.9429405927658081,0.6786748225191264,2.046877384185791,1.4165986776351929,1.2121212482452393,-2.356682062149048,1.4218792915344238,1.2121212482452393
1783.7333333333333,3.5423836708068848,1.549224853515625,-0.0043464601039886475,0.002799181267619133,-0.008116212673485279,0.3328458368778229,0.942942202091217,0.678666875490577,2.065614700317383,1.4447311162948608,1.3986014127731323,-2.3379969596862793,1.447912335395813,1.3986014127731323
1783.75,3.5429558753967285,1.5496867895126343,-0.004354298114776611,0.002816431224346161,-0.008155131712555885,0.33284053206443787,0.9429435729980469,0.6786557696025182,2.0862526893615723,1.5532492399215698,1.3986014127731323,-2.317429542541504,1.5558443069458008,1.3986014127731323
1783.7666666666667,3.543562889099121,1.5501760244369507,-0.004339955747127533,0.002791733480989933,-0.008097675628960133,0.3328368067741394,0.9429455995559692,0.6786476272112225,2.1080989837646484,1.6210609674453735,1.3986014127731323,-2.2956418991088867,1.6262422800064087,1.3986014127731323
1783.7833333333333,3.5441739559173584,1.5506691932678223,-0.004343800246715546,0.0027968476060777903,-0.008109956048429012,0.33283308148384094,0.9429466724395752,0.6786397317651875,2.130054235458374,1.6132714748382568,1.3986014127731323,-2.2737364768981934,1.6160486936569214,1.3986014127731323
1783.8,3.544781446456909,1.5511585474014282,-0.004348285496234894,0.002802532631903887,-0.008122563362121582,0.3328287899494171,0.9429481625556946,0.6786307460909166,2.151898145675659,1.625392198562622,1.3986014127731323,-2.251948833465576,1.6290501356124878,1.3986014127731323
1783.8166666666666,3.545389413833618,1.5516492128372192,-0.004346676170825958,0.0028003293555229902,-0.008116907440125942,0.3328251540660858,0.9429494738578796,0.6786229854843929,2.1738076210021973,1.6305588483810425,1.3986014127731323,-2.230095624923706,1.6357721090316772,1.3986014127731323
1783.8333333333333,3.54599928855896,1.5521411895751953,-0.004347093403339386,0.00280071422457695,-0.00811903364956379,0.33282145857810974,0.9429506659507751,0.6786151177933862,2.195719003677368,1.6316452026367188,1.3986014127731323,-2.208235263824463,1.6345152854919434,1.3986014127731323
1783.85,3.5466086864471436,1.5526325702667236,-0.0043470412492752075,0.0028001233004033566,-0.008118369616568089,0.33281686902046204,0.9429524540901184,0.6786054666379345,2.217651128768921,1.6316759586334229,1.3986014127731323,-2.186366319656372,1.6346359252929688,1.3986014127731323
1783.8666666666666,3.5472183227539062,1.5531235933303833,-0.004347249865531921,0.0027993556577712297,-0.008119434118270874,0.332813024520874,0.9429537057876587,0.6785972841063868,2.2395853996276855,1.6312801837921143,1.3986014127731323,-2.1644880771636963,1.636321783065796,1.3986014127731323
1783.8833333333334,3.5478286743164062,1.5536154508590698,-0.00434701144695282,0.0028004879131913185,-0.008118764497339725,0.3328092694282532,0.9429550766944885,0.678589317558172,2.2614901065826416,1.6316556930541992,1.3986014127731323,-2.142634153366089,1.6346614360809326,1.3986014127731323
1783.9,3.5484375953674316,1.5541067123413086,-0.004346974194049835,0.0027988834772258997,-0.008117500692605972,0.3328045904636383,0.9429567456245422,0.6785794019047484,2.2834224700927734,1.6312265396118164,1.3986014127731323,-2.1207656860351562,1.6348106861114502,1.3986014127731323
1783.9166666666667,3.549046754837036,1.5545976161956787,-0.004347316920757294,0.002799837151542306,-0.008120765909552574,0.3328007161617279,0.9429579973220825,0.6785711642888158,2.305361270904541,1.630354881286621,1.3986014127731323,-2.0988821983337402,1.6354526281356812,1.3986014127731323
1783.9333333333334,3.549656391143799,1.5550894737243652,-0.004346877336502075,0.0027995610143989325,-0.008116782642900944,0.33279699087142944,0.9429594278335571,0.6785632620576093,2.3272616863250732,1.6320687532424927,1.3986014127731323,-2.077033042907715,1.635031819343567,1.3986014127731323
1783.95,3.5502660274505615,1.5555806159973145,-0.004347354173660278,0.0027995584532618523,-0.008119811303913593,0.3327924311161041,0.9429609775543213,0.6785536079115619,2.3491997718811035,1.6310672760009766,1.3986014127731323,-2.055154800415039,1.6345112323760986,1.3986014127731323
1783.9666666666667,3.550875425338745,1.5560716390609741,-0.004347115755081177,0.0027995032723993063,-0.008118916302919388,0.3327885866165161,0.9429623484611511,0.6785454468761375,2.3711283206939697,1.631111741065979,1.3986014127731323,-2.0332815647125244,1.6362512111663818,1.3986014127731323
1783.9833333333333,3.551485538482666,1.5565634965896606,-0.004346996545791626,0.0028004238847643137,-0.008119028061628342,0.33278483152389526,0.9429637789726257,0.67853752654441,2.393033981323242,1.6318646669387817,1.3986014127731323,-2.0114264488220215,1.6348192691802979,1.3986014127731323
1784.0,3.5520949363708496,1.5570549964904785,-0.004347085952758789,0.0027998508885502815,-0.008118915371596813,0.33277982473373413,0.9429654479026794,0.6785268611497733,2.4149672985076904,1.6315925121307373,1.3986014127731323,-1.9895533323287964,1.6346814632415771,1.3986014127731323
1784.0166666666667,3.552703619003296,1.5575459003448486,-0.0043473020195961,0.002799693029373884,-0.008120919577777386,0.33277586102485657,0.9429667592048645,0.6785184424053698,2.4369046688079834,1.6304597854614258,1.3986014127731323,-1.9676730632781982,1.635558009147644,1.3986014127731323
1784.0333333333333,3.5533134937286377,1.5580376386642456,-0.004346869885921478,0.002799635985866189,-0.00811726413667202,0.3327721059322357,0.9429681301116943,0.6785104432377321,2.4588048458099365,1.632064700126648,1.3986014127731323,-1.9458227157592773,1.6350198984146118,1.3986014127731323
1784.05,3.5539228916168213,1.5585287809371948,-0.004346884787082672,0.002800301183015108,-0.00811735074967146,0.3327682614326477,0.9429695010185242,0.6785022889399229,2.4807376861572266,1.6304054260253906,1.3986014127731323,-1.9239484071731567,1.6346102952957153,1.3986014127731323
1784.0666666666666,3.554532766342163,1.559019923210144,-0.004346884787082672,0.002800971968099475,-0.008118676021695137,0.3327643573284149,0.9429709315299988,0.6784940479963589,2.5026674270629883,1.630139708518982,1.3986014127731323,-1.902068853378296,1.6350864171981812,1.3986014127731323
1784.0833333333333,3.555143117904663,1.5595117807388306,-0.004347033798694611,0.002799851354211569,-0.0081184646114707,0.33276060223579407,0.9429723024368286,0.6784861175325061,2.5245766639709473,1.6318480968475342,1.3986014127731323,-1.880211353302002,1.6346644163131714,1.3986014127731323
1784.1,3.5557522773742676,1.5600026845932007,-0.004347078502178192,0.0027997358702123165,-0.008118654601275921,0.33275577425956726,0.9429739117622375,0.6784758324714113,2.5465102195739746,1.6310045719146729,1.3986014127731323,-1.8583390712738037,1.6346908807754517,1.3986014127731323
1784.1166666666666,3.556361436843872,1.560494065284729,-0.004347056150436401,0.0027999167796224356,-0.008119248785078526,0.3327518403530121,0.9429754018783569,0.6784675483003773,2.5684401988983154,1.630874514579773,1.3986014127731323,-1.8364638090133667,1.636055588722229,1.3986014127731323
1784.1333333333334,3.556971788406372,1.5609859228134155,-0.0043469443917274475,0.0027995402924716473,-0.00811733677983284,0.3327481150627136,0.9429765939712524,0.6784595572491225,2.5903468132019043,1.6320436000823975,1.3986014127731323,-1.814607858657837,1.6349680423736572,1.3986014127731323
1784.15,3.5575809478759766,1.5614771842956543,-0.004346832633018494,0.0028004590421915054,-0.00811690092086792,0.3327440917491913,0.942978024482727,0.6784510104147342,2.612281084060669,1.6302181482315063,1.3986014127731323,-1.7927358150482178,1.6340945959091187,1.3986014127731323
1784.1666666666667,3.558189868927002,1.5619678497314453,-0.004346966743469238,0.0027995433192700148,-0.008117040619254112,0.33274009823799133,0.9429794549942017,0.6784425646752728,2.6342132091522217,1.6302639245986938,1.3986014127731323,-1.7708557844161987,1.6348423957824707,1.3986014127731323
1784.1833333333334,3.558800220489502,1.562459945678711,-0.004347123205661774,0.0027994608972221613,-0.008118699304759502,0.33273622393608093,0.9429808259010315,0.6784343765258278,2.656121015548706,1.6314603090286255,1.3986014127731323,-1.7489994764328003,1.634273648262024,1.3986014127731323
1784.2,3.5594100952148438,1.562950849533081,-0.004347026348114014,0.0027997982688248158,-0.008118993602693081,0.332731693983078,0.9429824352264404,0.6784247742018793,2.678053379058838,1.6310926675796509,1.3986014127731323,-1.7271283864974976,1.634093165397644,1.3986014127731323
1784.2166666666667,3.560018539428711,1.5634417533874512,-0.004346996545791626,0.002799977082759142,-0.008118114434182644,0.33272743225097656,0.9429839253425598,0.6784157112975961,2.6999869346618652,1.6300524473190308,1.3986014127731323,-1.7052522897720337,1.6352777481079102,1.3986014127731323
1784.2333333333333,3.56062912940979,1.5639339685440063,-0.00434701144695282,0.0027996469289064407,-0.008118181489408016,0.3327237069606781,0.9429852366447449,0.6784078132731022,2.7218921184539795,1.6318110227584839,1.3986014127731323,-1.6833975315093994,1.6347049474716187,1.3986014127731323
1784.25,3.5612382888793945,1.564424753189087,-0.004347257316112518,0.0027989414520561695,-0.008119511418044567,0.3327188491821289,0.9429869055747986,0.6783975164153963,2.743828773498535,1.6312944889068604,1.3986014127731323,-1.6615209579467773,1.6342880725860596,1.3986014127731323
1784.2666666666667,3.5618479251861572,1.564915657043457,-0.004347190260887146,0.0027983577456325293,-0.008118798024952412,0.33271491527557373,0.942988395690918,0.6783892211614695,2.7657575607299805,1.6315507888793945,1.3986014127731323,-1.6396489143371582,1.6362563371658325,1.3986014127731323
1784.2833333333333,3.5624582767486572,1.5654075145721436,-0.004346936941146851,0.002799117472022772,-0.008117332123219967,0.33271104097366333,0.942989706993103,0.6783809415559039,2.787663698196411,1.631998062133789,1.3986014127731323,-1.617795705795288,1.634933352470398,1.3986014127731323
1784.3,3.5630674362182617,1.5658986568450928,-0.004346966743469238,0.0028002180624753237,-0.008118612691760063,0.3327069580554962,0.9429911375045776,0.6783722828049539,2.8095998764038086,1.6295256614685059,1.3986014127731323,-1.5959196090698242,1.6336458921432495,1.3986014127731323
1784.3166666666666,3.563676357269287,1.566389560699463,-0.004347160458564758,0.0027988306246697903,-0.008118662051856518,0.3327028751373291,0.942992627620697,0.6783636666964189,2.831528902053833,1.6309789419174194,1.3986014127731323,-1.574040174484253,1.6356700658798218,1.3986014127731323
1784.3333333333333,3.564286708831787,1.566881537437439,-0.0043469443917274475,0.0027991957031190395,-0.008117936551570892,0.3326990306377411,0.9429939389228821,0.678355472670185,2.853433132171631,1.6319042444229126,1.3986014127731323,-1.552187442779541,1.634820818901062,1.3986014127731323
1784.35,3.5648961067199707,1.5673727989196777,-0.004347063601016998,0.0027991679962724447,-0.008118057623505592,0.33269473910331726,0.942995548248291,0.6783464217083699,2.8753669261932373,1.6300830841064453,1.3986014127731323,-1.5303107500076294,1.634212851524353,1.3986014127731323
1784.3666666666666,3.565505027770996,1.5678632259368896,-0.004347056150436401,0.0027991512324661016,-0.00811846274882555,0.3326909840106964,0.9429967999458313,0.6783384257647079,2.89729642868042,1.630524754524231,1.3986014127731323,-1.5084322690963745,1.635182499885559,1.3986014127731323
1784.3833333333334,3.566115140914917,1.5683550834655762,-0.004346996545791626,0.002799196168780327,-0.008117932826280594,0.3326870799064636,0.9429981112480164,0.6783301016648846,2.9192023277282715,1.6318976879119873,1.3986014127731323,-1.4865788221359253,1.634742259979248,1.3986014127731323
1784.4,3.566725015640259,1.5688459873199463,-0.004346676170825958,0.002798809902742505,-0.008116603828966618,0.33268290758132935,0.9429996013641357,0.6783212449529208,2.941129446029663,1.6303153038024902,1.3986014127731323,-1.4647108316421509,1.6343973875045776,1.3986014127731323
1784.4166666666667,3.567333698272705,1.5693371295928955,-0.004347264766693115,0.0027991149108856916,-0.008118467405438423,0.3326790928840637,0.9430010318756104,0.6783132236977254,2.963071584701538,1.6293448209762573,1.3986014127731323,-1.4428218603134155,1.634949803352356,1.3986014127731323
1784.4333333333334,3.567943572998047,1.5698288679122925,-0.004346929490566254,0.0027982485480606556,-0.008119333535432816,0.33267539739608765,0.9430022239685059,0.678305352403243,2.9849681854248047,1.6320104598999023,1.3986014127731323,-1.4209744930267334,1.6350589990615845,1.3986014127731323
1784.45,3.5685532093048096,1.5703197717666626,-0.004347003996372223,0.002798872534185648,-0.00811814796179533,0.33267083764076233,0.9430038332939148,0.6782956544739054,3.006906270980835,1.6314772367477417,1.3986014127731323,-1.3990988731384277,1.6340898275375366,1.3986014127731323
1784.4666666666667,3.569162368774414,1.5708105564117432,-0.004347130656242371,0.0027992124669253826,-0.008119260892271996,0.3326665759086609,0.9430054426193237,0.6782866835812292,3.0288405418395996,1.630165934562683,1.3986014127731323,-1.377221941947937,1.635356068611145,1.3986014127731323
1784.4833333333333,3.569772243499756,1.571302056312561,-0.004346936941146851,0.0027978685684502125,-0.0081185232847929,0.3326628506183624,0.9430067539215088,0.6782787858050611,3.0507419109344482,1.632203459739685,1.3986014127731323,-1.3553717136383057,1.6351912021636963,1.3986014127731323
1784.5,3.5703823566436768,1.5717933177947998,-0.004347287118434906,0.002798453439027071,-0.008120127022266388,0.33265793323516846,0.9430084824562073,0.6782683710013898,3.072680711746216,1.6321083307266235,1.3986014127731323,-1.333495020866394,1.6350648403167725,1.3986014127731323
1784.5166666666667,3.570991277694702,1.5722839832305908,-0.004347130656242371,0.002796919783577323,-0.008119428530335426,0.3326537311077118,0.9430099129676819,0.678259439525918,3.094611406326294,1.6315686702728271,1.3986014127731323,-1.3116247653961182,1.6368000507354736,1.3986014127731323
1784.5333333333333,3.571601629257202,1.572775959968567,-0.004346929490566254,0.002799078356474638,-0.008118649013340473,0.33265000581741333,0.9430112242698669,0.6782514968543149,3.1165194511413574,1.6320514678955078,1.3986014127731323,-1.289767861366272,1.6350231170654297,1.3986014127731323
1784.55,3.5722110271453857,1.5732672214508057,-0.0043473392724990845,0.0027985386550426483,-0.008121449500322342,0.33264514803886414,0.9430129528045654,0.6782412528534636,3.138457775115967,1.6317009925842285,1.3986014127731323,-1.26789128780365,1.6345398426055908,1.3986014127731323
1784.5666666666666,3.5728201866149902,1.573757529258728,-0.004347227513790131,0.002797367051243782,-0.008119279518723488,0.3326413333415985,0.9430142641067505,0.6782331240849635,3.1603879928588867,1.6312166452407837,1.3986014127731323,-1.2460172176361084,1.6362547874450684,1.3986014127731323
1784.5833333333333,3.5734305381774902,1.574249029159546,-0.004346929490566254,0.002798526780679822,-0.008117209188640118,0.33263760805130005,0.9430156946182251,0.678225235200306,3.1822924613952637,1.632008671760559,1.3986014127731323,-1.2241637706756592,1.6349796056747437,1.3986014127731323
1784.6,3.5740396976470947,1.5747404098510742,-0.00434720516204834,0.002798628993332386,-0.008119587786495686,0.33263301849365234,0.9430172443389893,0.6782155016670907,3.204231023788452,1.6310627460479736,1.3986014127731323,-1.2022892236709595,1.6345707178115845,1.3986014127731323
1784.6166666666666,3.574648857116699,1.5752308368682861,-0.004346832633018494,0.002798596629872918,-0.008117449469864368,0.3326294720172882,0.9430184960365295,0.6782079461104153,3.2261579036712646,1.6305639743804932,1.3986014127731323,-1.1804167032241821,1.6355122327804565,1.3986014127731323
1784.6333333333334,3.5752594470977783,1.575722575187683,-0.004347115755081177,0.0027982310857623816,-0.008118203841149807,0.33262568712234497,0.9430198073387146,0.6781999227430602,3.2480688095092773,1.6315679550170898,1.3986014127731323,-1.1585572957992554,1.6344020366668701,1.3986014127731323
1784.65,3.575868844985962,1.5762137174606323,-0.004346907138824463,0.0027992832474410534,-0.0081183398142457,0.3326209485530853,0.9430215358734131,0.6781898907126586,3.270000696182251,1.630609154701233,1.3986014127731323,-1.1366878747940063,1.6339669227600098,1.3986014127731323
1784.6666666666667,3.5764780044555664,1.5767046213150024,-0.0043468475341796875,0.0027998117730021477,-0.008118662983179092,0.3326171338558197,0.9430227279663086,0.6781817187587328,3.291933536529541,1.6296249628067017,1.3986014127731323,-1.1148111820220947,1.634680986404419,1.3986014127731323
1784.6833333333334,3.5770881175994873,1.5771962404251099,-0.00434701144695282,0.002797469962388277,-0.0081191286444664,0.33261337876319885,0.9430241584777832,0.6781738462468087,3.3138375282287598,1.6321501731872559,1.3986014127731323,-1.0929584503173828,1.635037899017334,1.3986014127731323
1784.7,3.577697992324829,1.577687382698059,-0.004347071051597595,0.0027985270135104656,-0.00811943132430315,0.33260878920555115,0.9430257678031921,0.6781640984247577,3.3357746601104736,1.6315503120422363,1.3986014127731323,-1.0710846185684204,1.634599208831787,1.3986014127731323
1784.7166666666667,3.5783069133758545,1.5781779289245605,-0.0043474361300468445,0.002796180546283722,-0.00812140665948391,0.33260396122932434,0.9430274963378906,0.6781539329970866,3.3577067852020264,1.6319966316223145,1.3986014127731323,-1.0492078065872192,1.6369208097457886,1.3986014127731323
1784.7333333333333,3.5789172649383545,1.5786696672439575,-0.004346832633018494,0.0027982767205685377,-0.0081176171079278,0.3326002061367035,0.9430288076400757,0.6781458744932709,3.379610538482666,1.6321945190429688,1.3986014127731323,-1.027355670928955,1.635231375694275,1.3986014127731323
1784.75,3.5795271396636963,1.5791606903076172,-0.004347443580627441,0.0027970485389232635,-0.008120095357298851,0.33259546756744385,0.9430304765701294,0.6781358781089184,3.4015488624572754,1.6318540573120117,1.3986014127731323,-1.0054751634597778,1.6350702047348022,1.3986014127731323
1784.7666666666667,3.5801358222961426,1.5796512365341187,-0.0043470486998558044,0.0027981784660369158,-0.008119199424982071,0.3325919806957245,0.9430317282676697,0.6781284652490497,3.423478841781616,1.6306562423706055,1.3986014127731323,-0.9836030006408691,1.6359639167785645,1.3986014127731323
1784.7833333333333,3.5807459354400635,1.5801429748535156,-0.004346966743469238,0.002797286957502365,-0.008119499310851097,0.332588255405426,0.9430330991744995,0.6781206096480781,3.4453811645507812,1.6321568489074707,1.3986014127731323,-0.961751401424408,1.6351832151412964,1.3986014127731323
1784.8,3.5813560485839844,1.5806337594985962,-0.004347160458564758,0.0027978396974503994,-0.008119582198560238,0.3325837254524231,0.9430347084999084,0.6781110021553903,3.467320442199707,1.6311280727386475,1.3986014127731323,-0.9398733973503113,1.6339731216430664,1.3986014127731323
1784.8166666666666,3.5819649696350098,1.5811244249343872,-0.00434701144695282,0.002798356581479311,-0.008118554018437862,0.33257952332496643,0.9430361986160278,0.6781020707931188,3.4892520904541016,1.63032066822052,1.3986014127731323,-0.9179992079734802,1.635679006576538,1.3986014127731323
1784.8333333333333,3.5825750827789307,1.5816161632537842,-0.004347003996372223,0.002798119792714715,-0.008118362165987492,0.33257579803466797,0.9430374503135681,0.678094137340146,3.511157274246216,1.631840705871582,1.3986014127731323,-0.8961431980133057,1.6347702741622925,1.3986014127731323
1784.85,3.5831851959228516,1.5821070671081543,-0.004347085952758789,0.0027974783442914486,-0.008118259720504284,0.3325713574886322,0.9430389404296875,0.6780846862664613,3.5330913066864014,1.6310752630233765,1.3986014127731323,-0.8742695450782776,1.6340603828430176,1.3986014127731323
1784.8666666666666,3.583793878555298,1.5825977325439453,-0.004347100853919983,0.0027983433101326227,-0.008119713515043259,0.3325672149658203,0.9430404305458069,0.6780759276374158,3.5550243854522705,1.6303722858428955,1.3986014127731323,-0.8523926734924316,1.6354488134384155,1.3986014127731323
1784.8833333333334,3.5844039916992188,1.5830892324447632,-0.004347003996372223,0.00279875285923481,-0.008120104670524597,0.33256345987319946,0.9430418014526367,0.678067988516899,3.5769290924072266,1.631787896156311,1.3986014127731323,-0.8305390477180481,1.6346999406814575,1.3986014127731323
1784.9,3.5850141048431396,1.5835801362991333,-0.004347078502178192,0.002798131201416254,-0.008119985461235046,0.3325592279434204,0.9430432915687561,0.6780590175806982,3.5988612174987793,1.630998969078064,1.3986014127731323,-0.8086652755737305,1.6351637840270996,1.3986014127731323
1784.9166666666667,3.585622787475586,1.5840706825256348,-0.004347085952758789,0.0027978315483778715,-0.008118861354887486,0.33255553245544434,0.9430446028709412,0.6780511696313936,3.6207926273345947,1.6305962800979614,1.3986014127731323,-0.7867863178253174,1.6359134912490845,1.3986014127731323
1784.9333333333334,3.586232900619507,1.5845623016357422,-0.004346981644630432,0.0027983111795037985,-0.008119229227304459,0.3325517773628235,0.9430457353591919,0.6780431057976471,3.64269757270813,1.6318129301071167,1.3986014127731323,-0.7649310231208801,1.634745478630066,1.3986014127731323
1784.95,3.586843252182007,1.5850533246994019,-0.004346929490566254,0.0027983826585114002,-0.008119303733110428,0.33254772424697876,0.9430472254753113,0.6780345411869455,3.664630174636841,1.6312206983566284,1.3986014127731323,-0.743060290813446,1.6343225240707397,1.3986014127731323
1784.9666666666667,3.587451934814453,1.5855439901351929,-0.0043471381068229675,0.0027977358549833298,-0.00811851117759943,0.33254358172416687,0.9430487155914307,0.6780257658388865,3.686567544937134,1.6298080682754517,1.3986014127731323,-0.721179187297821,1.635154128074646,1.3986014127731323
1784.9833333333333,3.588062047958374,1.5860353708267212,-0.004346966743469238,0.0027967155911028385,-0.008118835277855396,0.33253994584083557,0.9430500864982605,0.678018118464786,3.7084662914276123,1.632103443145752,1.3986014127731323,-0.6993299126625061,1.6351145505905151,1.3986014127731323
1785.0,3.588671922683716,1.5865265130996704,-0.004347085952758789,0.002797579625621438,-0.00811864249408245,0.33253535628318787,0.9430516958236694,0.6780083656229728,3.7304043769836426,1.6315099000930786,1.3986014127731323,-0.6774552464485168,1.634607195854187,1.3986014127731323
1785.0166666666667,3.5892810821533203,1.5870171785354614,-0.004347063601016998,0.0027980171144008636,-0.008119380101561546,0.33253172039985657,0.9430530071258545,0.6780006755966559,3.7523396015167236,1.62974214553833,1.3986014127731323,-0.6555776000022888,1.6351310014724731,1.3986014127731323
1785.0333333333333,3.5898919105529785,1.5875087976455688,-0.004347003996372223,0.0027981081511825323,-0.008119695819914341,0.3325279951095581,0.9430542588233948,0.6779927463795545,3.7742443084716797,1.6317909955978394,1.3986014127731323,-0.6337221264839172,1.634670615196228,1.3986014127731323
1785.05,3.590501070022583,1.587999701499939,-0.004347026348114014,0.00279805576428771,-0.008119156584143639,0.332523375749588,0.9430558085441589,0.6779829001278874,3.796180009841919,1.6307367086410522,1.3986014127731323,-0.6118491888046265,1.634140133857727,1.3986014127731323
1785.0666666666666,3.5911104679107666,1.5884901285171509,-0.004346810281276703,0.0027974278200417757,-0.008118435740470886,0.3325195610523224,0.9430572986602783,0.6779748810041701,3.8181076049804688,1.6303597688674927,1.3986014127731323,-0.5899791121482849,1.6352908611297607,1.3986014127731323
1785.0833333333333,3.591721296310425,1.5889819860458374,-0.0043470412492752075,0.0027976452838629484,-0.008118821308016777,0.3325157165527344,0.9430586099624634,0.6779667076408131,3.8400187492370605,1.6319199800491333,1.3986014127731323,-0.5681187510490417,1.6346944570541382,1.3986014127731323
1785.1,3.5923309326171875,1.5894726514816284,-0.004346974194049835,0.0027981989551335573,-0.008119188249111176,0.3325119912624359,0.9430598020553589,0.677958742599329,3.8619511127471924,1.6300199031829834,1.3986014127731323,-0.5462449193000793,1.6345970630645752,1.3986014127731323
1785.1166666666666,3.592940092086792,1.589963436126709,-0.00434691458940506,0.002798853674903512,-0.008118942379951477,0.3325079679489136,0.9430612325668335,0.6779502034811209,3.883880853652954,1.62944495677948,1.3986014127731323,-0.5243656635284424,1.6344685554504395,1.3986014127731323
1785.1333333333334,3.59355092048645,1.5904545783996582,-0.004347018897533417,0.002796654123812914,-0.008119155652821064,0.33250418305397034,0.9430626630783081,0.6779422570513399,3.9057843685150146,1.6321871280670166,1.3986014127731323,-0.502513587474823,1.6350557804107666,1.3986014127731323
1785.15,3.594160556793213,1.590946078300476,-0.004346936941146851,0.002798456000164151,-0.008119512349367142,0.3324996829032898,0.9430641531944275,0.677932645575442,3.9277193546295166,1.6303019523620605,1.3986014127731323,-0.480638325214386,1.634920597076416,1.3986014127731323
1785.1666666666667,3.594769239425659,1.5914363861083984,-0.004347033798694611,0.0027978108264505863,-0.008118858560919762,0.3324960172176361,0.9430655241012573,0.6779249093708205,3.9496519565582275,1.6299028396606445,1.3986014127731323,-0.45875537395477295,1.6350053548812866,1.3986014127731323
1785.1833333333334,3.5953800678253174,1.5919280052185059,-0.004347018897533417,0.0027974953409284353,-0.008118916302919388,0.3324922025203705,0.9430668950080872,0.6779168371545486,3.971557140350342,1.6317918300628662,1.3986014127731323,-0.4369017779827118,1.634669303894043,1.3986014127731323
1785.2,3.595989465713501,1.5924190282821655,-0.004347190260887146,0.002797212917357683,-0.008119462989270687,0.33248770236968994,0.9430685043334961,0.6779073169156677,3.9934940338134766,1.6309688091278076,1.3986014127731323,-0.41502803564071655,1.6344423294067383,1.3986014127731323
1785.2166666666667,3.5965981483459473,1.5929092168807983,-0.004346884787082672,0.002798037836328149,-0.008118764497339725,0.33248406648635864,0.9430696964263916,0.6778995374822985,4.015423774719238,1.6300251483917236,1.3986014127731323,-0.39315444231033325,1.6351579427719116,1.3986014127731323
1785.2333333333333,3.5972087383270264,1.5934008359909058,-0.004347033798694611,0.0027975132688879967,-0.008119040168821812,0.3324802815914154,0.9430710077285767,0.6778915092384376,4.037331581115723,1.6317846775054932,1.3986014127731323,-0.37129756808280945,1.6346259117126465,1.3986014127731323
1785.25,3.597818613052368,1.5938916206359863,-0.004347033798694611,0.0027972895186394453,-0.00811873096972704,0.33247604966163635,0.9430726170539856,0.6778825924765425,4.059262275695801,1.6304781436920166,1.3986014127731323,-0.34942376613616943,1.6349433660507202,1.3986014127731323
1785.2666666666667,3.5984275341033936,1.5943822860717773,-0.004347190260887146,0.0027970706578344107,-0.008119615726172924,0.33247241377830505,0.9430739283561707,0.6778749134098818,4.081194877624512,1.630618929862976,1.3986014127731323,-0.32754331827163696,1.635668396949768,1.3986014127731323
1785.2833333333333,3.5990378856658936,1.5948737859725952,-0.004346922039985657,0.0027961167506873608,-0.008118804544210434,0.33246856927871704,0.9430752396583557,0.6778667359573505,4.103095531463623,1.6322383880615234,1.3986014127731323,-0.30569517612457275,1.6352624893188477,1.3986014127731323
1785.3,3.5996477603912354,1.5953648090362549,-0.004347175359725952,0.002796341199427843,-0.008118972182273865,0.3324640989303589,0.9430767893791199,0.6778572411606175,4.1250319480896,1.6313985586166382,1.3986014127731323,-0.2838158905506134,1.634830117225647,1.3986014127731323
1785.3166666666666,3.600257158279419,1.5958548784255981,-0.00434720516204834,0.002797055523842573,-0.008121343329548836,0.3324603736400604,0.9430780410766602,0.6778493373331375,4.146963119506836,1.6308075189590454,1.3986014127731323,-0.2619377076625824,1.6356627941131592,1.3986014127731323
1785.3333333333333,3.600867748260498,1.5963466167449951,-0.004346922039985657,0.002797124208882451,-0.008118568919599056,0.3324565291404724,0.94307941198349,0.6778411464468089,4.168864727020264,1.6320284605026245,1.3986014127731323,-0.24008624255657196,1.6349515914916992,1.3986014127731323
1785.35,3.60147762298584,1.5968374013900757,-0.004347063601016998,0.0027970820665359497,-0.008118911646306515,0.33245226740837097,0.9430809020996094,0.677832107567185,4.190801620483398,1.6305606365203857,1.3986014127731323,-0.2182101458311081,1.6341711282730103,1.3986014127731323
1785.3666666666666,3.6020867824554443,1.5973275899887085,-0.00434739887714386,0.002796364016830921,-0.008120989426970482,0.3324480652809143,0.9430825114250183,0.6778233040961769,4.212735652923584,1.6304967403411865,1.3986014127731323,-0.19632920622825623,1.6354174613952637,1.3986014127731323
1785.3833333333334,3.6026971340179443,1.5978189706802368,-0.004346884787082672,0.0027968150097876787,-0.00811815820634365,0.3324442505836487,0.9430837631225586,0.6778151144318046,4.234636306762695,1.6319949626922607,1.3986014127731323,-0.17448072135448456,1.6349600553512573,1.3986014127731323
1785.4,3.603306770324707,1.5983097553253174,-0.0043473020195961,0.00279664876870811,-0.00812022015452385,0.33244019746780396,0.943085253238678,0.6778065852593683,4.256573677062988,1.6303765773773193,1.3986014127731323,-0.1526016741991043,1.6348286867141724,1.3986014127731323
1785.4166666666667,3.6039156913757324,1.5988003015518188,-0.0043470412492752075,0.002795624313876033,-0.008120020851492882,0.3324365019798279,0.943086564540863,0.6777987619142637,4.278497695922852,1.6312799453735352,1.3986014127731323,-0.13072998821735382,1.6364223957061768,1.3986014127731323
1785.4333333333334,3.6045260429382324,1.5992920398712158,-0.004346936941146851,0.002797091379761696,-0.008118933066725731,0.33243271708488464,0.9430877566337585,0.6777906251494711,4.300406455993652,1.6320576667785645,1.3986014127731323,-0.10887206345796585,1.6349750757217407,1.3986014127731323
1785.45,3.605135917663574,1.5997822284698486,-0.004346892237663269,0.002796097192913294,-0.008119077421724796,0.33242902159690857,0.9430892467498779,0.6777828995837593,4.3223395347595215,1.6310069561004639,1.3986014127731323,-0.0870032086968422,1.6346943378448486,1.3986014127731323
1785.4666666666667,3.6057450771331787,1.6002732515335083,-0.004346869885921478,0.0027975609991699457,-0.008118510246276855,0.3324248194694519,0.9430906176567078,0.6777739027985612,4.344274997711182,1.630198359489441,1.3986014127731323,-0.06512309610843658,1.6353468894958496,1.3986014127731323
1785.4833333333333,3.606355667114258,1.6007648706436157,-0.004347033798694611,0.002796698361635208,-0.008119064383208752,0.33242109417915344,0.9430918097496033,0.6777659591533002,4.366184234619141,1.63179612159729,1.3986014127731323,-0.04326467216014862,1.634634256362915,1.3986014127731323
1785.5,3.6069657802581787,1.6012555360794067,-0.004346892237663269,0.00279706297442317,-0.008118371479213238,0.3324167728424072,0.9430934190750122,0.6777568232151735,4.388116836547852,1.6305701732635498,1.2587412595748901,-0.021393299102783203,1.6341501474380493,1.2587412595748901
1785.5166666666667,3.607537269592285,1.6017159223556519,-0.004343122243881226,0.0027895814273506403,-0.008103281259536743,0.3324131369590759,0.9430949091911316,0.677749073340921,4.408689975738525,1.52067232131958,1.2587412595748901,-0.0008676463039591908,1.5266852378845215,1.2587412595748901
1785.5333333333333,3.6080870628356934,1.6021580696105957,-0.0043477341532707214,0.0027982834726572037,-0.00812152586877346,0.3324096202850342,0.9430959224700928,0.6777416797335352,4.428389072418213,1.49166738986969,0.9790209531784058,0.018783370032906532,1.4947664737701416,0.9790209531784058
1785.55,3.608555316925049,1.6025357246398926,-0.004340037703514099,0.002783839125186205,-0.008090908639132977,0.33240607380867004,0.9430975914001465,0.677734068273228,4.445252895355225,1.236946940422058,0.8391608595848083,0.035595737397670746,1.2423211336135864,0.8391608595848083
1785.5666666666666,3.608933687210083,1.6028399467468262,-0.004345439374446869,0.0027925639878958464,-0.008112187497317791,0.332402765750885,0.9430985450744629,0.6777271723517806,4.458859920501709,1.093997597694397,0.6993007063865662,0.04916166514158249,1.099602460861206,0.6993007063865662
1785.5833333333333,3.6092498302459717,1.603094220161438,-0.00434345006942749,0.0027895253151655197,-0.00810410175472498,0.3323993384838104,0.9430997371673584,0.6777198046055875,4.470181465148926,0.9620424509048462,0.559440553188324,0.06043781340122223,0.9664029479026794,0.559440553188324
1785.6,3.609501361846924,1.6032965183258057,-0.004344239830970764,0.0027915439568459988,-0.008107803761959076,0.3323957026004791,0.9431009292602539,0.6777120809319024,4.479225158691406,0.818778932094574,0.4195804297924042,0.0694284439086914,0.8243622183799744,0.4195804297924042
1785.6166666666666,3.6096866130828857,1.603446125984192,-0.004344023764133453,0.002791467821225524,-0.008107272908091545,0.3323925733566284,0.9431020617485046,0.6777054521774881,4.48592472076416,0.6772242784500122,0.4195804297924042,0.07607927173376083,0.6846997141838074,0.4195804297924042
1785.6333333333334,3.6098456382751465,1.6035734415054321,-0.004347547888755798,0.0027984813787043095,-0.008120630867779255,0.3323894441127777,0.9431030750274658,0.6776988942346006,4.491648197174072,0.6454803347587585,0.139860138297081,0.08176349103450775,0.6524017453193665,0.139860138297081
1785.65,3.609924554824829,1.6036380529403687,-0.004340507090091705,0.002784640761092305,-0.008093456737697124,0.33238694071769714,0.9431042075157166,0.6776934550432386,4.494516372680664,0.3908486068248749,0.0,0.08459379523992538,0.4002717137336731,0.0
1785.6666666666667,3.60992693901062,1.6036392450332642,-0.00434662401676178,0.002794851316139102,-0.008114366792142391,0.3323879539966583,0.9431036710739136,0.6776957163493885,4.494623184204102,0.10245823860168457,0.0,0.08471877127885818,0.10914111882448196,0.0
1785.6833333333334,3.60992693901062,1.6036417484283447,-0.004361897706985474,0.0028486396186053753,-0.008206798695027828,0.33237746357917786,0.9431064128875732,0.6776737749127218,4.494703769683838,-0.04890049621462822,0.0,0.08465836197137833,0.06411319971084595,0.0
1785.7,3.6099298000335693,1.6036415100097656,-0.0043480247259140015,0.0028007046785205603,-0.008122632279992104,0.33238542079925537,0.9431045055389404,0.6776903719324586,4.494718551635742,-0.1268080174922943,0.0,0.08478381484746933,-0.09578465670347214,0.0
1785.7166666666667,3.609905481338501,1.6036243438720703,-0.004360191524028778,0.0028992951847612858,-0.008362125605344772,0.3323858082294464,0.9431019425392151,0.6776925584164201,4.493828773498535,-0.014383352361619473,0.0,0.08390974998474121,0.002549573080614209,0.0
1785.7333333333333,3.6099047660827637,1.6036232709884644,-0.004337094724178314,0.0027863497380167246,-0.00808490440249443,0.3323855996131897,0.9431048035621643,0.6776905167722932,4.493902206420898,-0.1143912672996521,0.0,0.08396803587675095,-0.02839396521449089,0.0
1785.75,3.6098899841308594,1.6036124229431152,-0.0043627917766571045,0.002880869200453162,-0.008326500654220581,0.33239510655403137,0.9430990219116211,0.6777121176032063,4.493236064910889,-0.006635005120187998,0.0,0.08344264328479767,0.013749844394624233,0.0
1785.7666666666667,3.609889030456543,1.6036114692687988,-0.00433572381734848,0.0027850763872265816,-0.00808019284158945,0.33239465951919556,0.9431015849113464,0.6777096588773347,4.493292331695557,-0.08404860645532608,0.0,0.08348006755113602,0.013077154755592346,0.0
1785.7833333333333,3.6098785400390625,1.6036027669906616,-0.004363656044006348,0.0028709692414849997,-0.008295836858451366,0.33240434527397156,0.9430961012840271,0.677731511580092,4.492770671844482,-0.002654014155268669,0.0,0.08309844881296158,0.019136521965265274,0.0
1785.8,3.609877109527588,1.6036018133163452,-0.004335612058639526,0.002784392097964883,-0.008080833591520786,0.3324023187160492,0.9430988430976868,0.6777258995657182,4.492815017700195,-0.06156284362077713,0.0,0.08311280608177185,0.036335065960884094,0.0
1785.8166666666666,3.6098690032958984,1.603595495223999,-0.004364013671875,0.0028652360197156668,-0.008277134969830513,0.33241087198257446,0.9430938959121704,0.6777451717816465,4.49238395690918,0.00020745070651173592,0.0,0.08280898630619049,0.024332208558917046,0.0
1785.8333333333333,3.609867811203003,1.6035945415496826,-0.00433553010225296,0.002784071257337928,-0.00808100588619709,0.3324097990989685,0.9430962204933167,0.6777417781653199,4.492432117462158,-0.055984821170568466,0.0,0.08282715082168579,0.04508884996175766,0.0
1785.85,3.6098601818084717,1.6035881042480469,-0.004364177584648132,0.0028634939808398485,-0.008271961472928524,0.33241763710975647,0.943091630935669,0.677759519649779,4.492032051086426,0.003953080624341965,0.0,0.08254500478506088,0.02772807888686657,0.0
1785.8666666666666,3.6098592281341553,1.603587031364441,-0.004335448145866394,0.0027838675305247307,-0.008080968633294106,0.3324155807495117,0.9430942535400391,0.6777540787687452,4.492067813873291,-0.051573242992162704,0.0,0.08254588395357132,0.04853963851928711,0.0
1785.8833333333334,3.609851837158203,1.6035815477371216,-0.004364244639873505,0.002863020170480013,-0.008268693462014198,0.33242252469062805,0.9430899620056152,0.6777698662440756,4.491687297821045,0.01209956780076027,0.0,0.0822712704539299,0.03515404462814331,0.0
1785.9,3.6098504066467285,1.603580355644226,-0.004335567355155945,0.002783132717013359,-0.008079692721366882,0.3324205279350281,0.9430925250053406,0.6777645677477788,4.491742134094238,-0.05248203128576279,0.0,0.08228814601898193,0.0473872534930706,0.0
1785.9166666666667,3.6098437309265137,1.6035748720169067,-0.004364192485809326,0.002863636938855052,-0.008270341902971268,0.3324277698993683,0.9430880546569824,0.6777809791597166,4.491359233856201,0.009009461849927902,0.0,0.08201191574335098,0.03192358836531639,0.0
1785.9333333333334,3.609842538833618,1.6035741567611694,-0.00433553010225296,0.002783212112262845,-0.00807999074459076,0.33242562413215637,0.9430907368659973,0.6777753839495791,4.491408824920654,-0.051814742386341095,0.0,0.08202362060546875,0.047430746257305145,0.0
1785.95,3.609835147857666,1.6035680770874023,-0.004364296793937683,0.002863249508664012,-0.00826992467045784,0.33243274688720703,0.9430863857269287,0.6777915770810183,4.491027355194092,0.010463203303515911,0.0,0.08174987137317657,0.0334785133600235,0.0
1785.9666666666667,3.6098337173461914,1.603567123413086,-0.0043354332447052,0.0027838456444442272,-0.008081244304776192,0.33243101835250854,0.9430887699127197,0.6777868022908324,4.491069793701172,-0.051781993359327316,0.0,0.08175200968980789,0.04924531653523445,0.0
1785.9833333333333,3.6098263263702393,1.603561520576477,-0.004364281892776489,0.0028625125996768475,-0.008268137462437153,0.332437127828598,0.9430848956108093,0.677800876890216,4.490695953369141,0.013265361078083515,0.0,0.08147921413183212,0.03477488085627556,0.0
1786.0,3.609825372695923,1.603560447692871,-0.0043355002999305725,0.0027833518106490374,-0.008080643601715565,0.3324364125728607,0.9430869817733765,0.6777982979432218,4.490724086761475,-0.052012935280799866,0.0,0.08148961514234543,0.050012581050395966,0.0
1786.0166666666667,3.6098179817199707,1.6035547256469727,-0.004364244639873505,0.0028630138840526342,-0.008268852718174458,0.3324429988861084,0.9430826902389526,0.6778132634516276,4.490353107452393,0.013367163948714733,0.0,0.08121626079082489,0.034645214676856995,0.0
1786.0333333333333,3.609816551208496,1.6035536527633667,-0.004335448145866394,0.0027829657774418592,-0.008079777471721172,0.33244210481643677,0.9430848360061646,0.6778102892850271,4.490386962890625,-0.05185060203075409,0.0,0.0812278613448143,0.04972982779145241,0.0
1786.05,3.609809637069702,1.6035480499267578,-0.004364274442195892,0.00286336662247777,-0.00826963223516941,0.33244848251342773,0.9430807828903198,0.677824914961672,4.490015506744385,0.013186566531658173,0.0,0.08095530420541763,0.0346379391849041,0.0
1786.0666666666666,3.609808921813965,1.6035469770431519,-0.004335448145866394,0.0027833422645926476,-0.00808087456971407,0.33244720101356506,0.9430831670761108,0.6778211763845322,4.490052223205566,-0.05165541172027588,0.0,0.08096719533205032,0.049112752079963684,0.0
1786.0833333333333,3.6098015308380127,1.6035414934158325,-0.004364296793937683,0.0028634024783968925,-0.008269417099654675,0.33245354890823364,0.9430789947509766,0.677835655063255,4.489684581756592,0.013089350424706936,0.0,0.08069277554750443,0.03339936584234238,0.0
1786.1,3.609799861907959,1.6035404205322266,-0.004335515201091766,0.002783621195703745,-0.00808169599622488,0.3324523866176605,0.943081259727478,0.6778321428054115,4.489726543426514,-0.05210340768098831,0.0,0.08071274310350418,0.048101264983415604,0.0
1786.1166666666666,3.609792947769165,1.60353422164917,-0.0043608322739601135,0.002844409318640828,-0.00821527186781168,0.33245864510536194,0.9430778622627258,0.6778461724640795,4.489356994628906,0.0036072360817342997,0.0,0.0804339349269867,0.024297628551721573,0.0
1786.1333333333334,3.6097922325134277,1.6035337448120117,-0.004337526857852936,0.002786067547276616,-0.00808817520737648,0.33245643973350525,0.9430797696113586,0.6778407796464538,4.4893975257873535,-0.04871194064617157,0.0,0.08043898642063141,0.048405177891254425,0.0
1786.15,3.609785556793213,1.6035282611846924,-0.004363656044006348,0.0028632613830268383,-0.008267953060567379,0.33246198296546936,0.9430760145187378,0.6778535170166113,4.489040851593018,0.008758530020713806,0.0,0.08016277849674225,0.029488634318113327,0.0
1786.1666666666667,3.6097841262817383,1.6035271883010864,-0.004335746169090271,0.0027830996550619602,-0.00808110460639,0.3324597477912903,0.9430787563323975,0.6778477994447468,4.489096641540527,-0.05067649483680725,0.0,0.0801830142736435,0.04681362584233284,0.0
1786.1833333333334,3.6097772121429443,1.6035218238830566,-0.004364386200904846,0.0028645589482039213,-0.008268486708402634,0.3324647843837738,0.9430750012397766,0.6778594371617768,4.488733291625977,0.01451204251497984,0.0,0.07990454137325287,0.03281022608280182,0.0
1786.2,3.609776020050049,1.6035206317901611,-0.004335522651672363,0.0027835143264383078,-0.008081034757196903,0.3324630558490753,0.9430775046348572,0.677854764774391,4.488777160644531,-0.05101006478071213,0.0,0.0799161046743393,0.0466710664331913,0.0
1786.2166666666667,3.609769105911255,1.603515386581421,-0.004364237189292908,0.002863657660782337,-0.008269681595265865,0.3324682116508484,0.9430738091468811,0.6778667454322982,4.488418102264404,0.01014401949942112,0.0,0.07963237166404724,0.02855127491056919,0.0
1786.2333333333333,3.6097679138183594,1.6035140752792358,-0.004335537552833557,0.0027829704340547323,-0.008080735802650452,0.3324670195579529,0.9430761337280273,0.677863187070185,4.488464832305908,-0.052405934780836105,0.0,0.07965565472841263,0.046591807156801224,0.0
1786.25,3.6097612380981445,1.6035085916519165,-0.004364229738712311,0.0028641324024647474,-0.008270511403679848,0.3324719965457916,0.943072497844696,0.6778747920958383,4.488100051879883,0.00887859333306551,0.0,0.07936987280845642,0.027575260028243065,0.0
1786.2666666666667,3.609759569168091,1.6035078763961792,-0.004335492849349976,0.002782891970127821,-0.008080436848104,0.3324698507785797,0.9430750608444214,0.6778691492259628,4.488152027130127,-0.0513179674744606,0.0,0.07938185334205627,0.04615475609898567,0.0
1786.2833333333333,3.609752655029297,1.6035020351409912,-0.004364274442195892,0.0028639633674174547,-0.008270268328487873,0.3324742615222931,0.943071722984314,0.6778796063292072,4.487792491912842,0.009617653675377369,0.0,0.07909518480300903,0.027532801032066345,0.0
1786.3,3.6097519397735596,1.6035009622573853,-0.0043354034423828125,0.0027831178158521652,-0.008080587722361088,0.33247265219688416,0.943074107170105,0.6778751078322085,4.487833023071289,-0.0509101003408432,-0.05431235581636429,0.07909706979990005,0.047748614102602005,0.05431235581636429
1786.3166666666666,3.609740734100342,1.6034926176071167,-0.004363946616649628,0.0028603142127394676,-0.00825619138777256,0.3325084149837494,0.9430597424507141,0.6779518919465827,4.487146377563477,0.037375714629888535,-0.05431235581636429,0.07892309129238129,0.03712739422917366,0.05431235581636429
1786.3333333333333,3.6097404956817627,1.6034916639328003,-0.0043362900614738464,0.002791978418827057,-0.008080679923295975,0.3325093984603882,0.9430611729621887,0.6779529436304068,4.487167835235596,-0.030847670510411263,-0.16293705999851227,0.07894723117351532,-0.000982790719717741,0.16293705999851227
1786.35,3.6097218990325928,1.6034773588180542,-0.004362955689430237,0.0028584206011146307,-0.008245966397225857,0.332624226808548,0.9430190324783325,0.6781974509155091,4.485692024230957,-0.023031219840049744,-0.21724942326545715,0.07907450199127197,0.07276232540607452,0.21724942326545715
1786.3666666666666,3.609724521636963,1.6034783124923706,-0.004338689148426056,0.002794585656374693,-0.008088544011116028,0.33278414607048035,0.9429641366004944,0.6785357187470278,4.484728813171387,0.12792402505874634,-0.27156177163124084,0.08032328635454178,0.18671174347400665,0.27156177163124084
1786.3833333333334,3.609717845916748,1.603474497795105,-0.004357539117336273,0.0028340467251837254,-0.00815557036548853,0.3329896032810211,0.9428908228874207,0.6789717070538703,4.483105659484863,-0.6583030819892883,-0.32587411999702454,0.08155213296413422,0.5584783554077148,0.32587411999702454
1786.4,3.6097164154052734,1.6034733057022095,-0.004350602626800537,0.0028098353650420904,-0.008132055401802063,0.3333680033683777,0.9427575469017029,0.6797746207078339,4.480492115020752,0.025598818436264992,-0.3801864683628082,0.08414435386657715,0.44429758191108704,0.3801864683628082
1786.4166666666667,3.609713554382324,1.603473424911499,-0.0043503716588020325,0.002820017747581005,-0.008127723820507526,0.33388039469718933,0.9425761699676514,0.6808615953236491,4.4764814376831055,-0.14384762942790985,-0.3801864683628082,0.0876830667257309,0.055120646953582764,0.3801864683628082
1786.4333333333334,3.6097147464752197,1.6034749746322632,-0.004349254071712494,0.002817300381138921,-0.008120705373585224,0.3344869315624237,0.9423611760139465,0.6821487737876228,4.472466945648193,-0.7368807792663574,-0.488811194896698,0.09199277311563492,0.5261076092720032,0.488811194896698
1786.45,3.609715223312378,1.6034774780273438,-0.0043496862053871155,0.0028277095407247543,-0.008119623176753521,0.3351995348930359,0.9421079158782959,0.6836613074488098,4.467707633972168,-1.0005450248718262,-0.5431235432624817,0.09702730923891068,0.42382287979125977,0.5431235432624817
1786.4666666666667,3.60971736907959,1.6034804582595825,-0.004348553717136383,0.0028295221272855997,-0.008113197050988674,0.33608630299568176,0.9417918920516968,0.6855441318932852,4.461844444274902,-1.2862342596054077,-0.5974358916282654,0.10334329307079315,0.6667727828025818,0.5974358916282654
1786.4833333333333,3.6097190380096436,1.6034845113754272,-0.004348419606685638,0.0028390539810061455,-0.008109734393656254,0.33706867694854736,0.941440761089325,0.6876306872136457,4.4553542137146,-1.466942310333252,-0.6517482399940491,0.110172800719738,1.0001914501190186,0.6517482399940491
1786.5,3.609719753265381,1.6034879684448242,-0.004348091781139374,0.002848975360393524,-0.008105369284749031,0.3382013142108917,0.9410346150398254,0.6900374435704385,4.447817802429199,-1.7059599161148071,-0.7060605883598328,0.11819712817668915,0.7693715691566467,0.7060605883598328
1786.5166666666667,3.609724283218384,1.6034929752349854,-0.0043478235602378845,0.0028597326017916203,-0.00810045376420021,0.3394218385219574,0.9405950307846069,0.6926320096537921,4.4393157958984375,-1.0431766510009766,-0.7060605883598328,0.12671922147274017,1.2002272605895996,0.7060605883598328
1786.5333333333333,3.609724283218384,1.6034973859786987,-0.004348322749137878,0.002867436269298196,-0.008100500330328941,0.3407694101333618,0.9401075839996338,0.695498190105324,4.429565906524658,-0.3549691140651703,-0.8146852850914001,0.13624875247478485,0.591696560382843,0.8146852850914001
1786.55,3.6097280979156494,1.6035034656524658,-0.004346087574958801,0.0028801222797483206,-0.008087925612926483,0.3422674238681793,0.9395632743835449,0.6986859032899517,4.418471813201904,-0.15378744900226593,-0.8689976930618286,0.1469845175743103,1.858203411102295,0.8689976930618286
1786.5666666666666,3.6097240447998047,1.6035065650939941,-0.0043474361300468445,0.002893835538998246,-0.008086846210062504,0.34390953183174133,0.9389633536338806,0.7021825061466426,4.406676769256592,-0.98206627368927,-0.9233100414276123,0.15850743651390076,0.8863738775253296,0.9233100414276123
1786.5833333333333,3.6097218990325928,1.603509545326233,-0.004346013069152832,0.002908775582909584,-0.00807269848883152,0.34569886326789856,0.9383062124252319,0.7059950792896819,4.394567489624023,-2.244871139526367,-0.977622389793396,0.1714068353176117,1.5273857116699219,0.977622389793396
1786.6,3.609717845916748,1.603508710861206,-0.004348494112491608,0.002916464116424322,-0.00808209739625454,0.34757280349731445,0.9376136660575867,0.7099912095290155,4.381733417510986,-1.4428788423538208,-1.0319347381591797,0.18490718305110931,0.8450446724891663,1.0319347381591797
1786.6166666666666,3.6097140312194824,1.6035089492797852,-0.00434662401676178,0.0029415693134069443,-0.008065531961619854,0.3496294915676117,0.9368487000465393,0.7143798159480913,4.3672261238098145,-2.0193448066711426,-1.0319347381591797,0.19933687150478363,1.2275266647338867,1.0319347381591797
1786.6333333333334,3.609713077545166,1.6035109758377075,-0.004346407949924469,0.0029517216607928276,-0.008060446940362453,0.3517022132873535,0.936072587966919,0.718806665133718,4.353218078613281,-1.477087378501892,-1.140559434890747,0.21440255641937256,0.8652264475822449,1.140559434890747
1786.65,3.609708786010742,1.603510856628418,-0.0043468177318573,0.002980318386107683,-0.008052213117480278,0.3539578914642334,0.9352218508720398,0.7236281084333347,4.337116241455078,-2.101004123687744,-1.1948717832565308,0.23042060434818268,1.3106003999710083,1.1948717832565308
1786.6666666666667,3.6097049713134766,1.6035118103027344,-0.004345528781414032,0.002989579690620303,-0.00804129522293806,0.3563472628593445,0.9343141317367554,0.7287404570041432,4.320901870727539,-1.9672287702560425,-1.2491841316223145,0.2478204369544983,0.9721490144729614,1.2491841316223145
1786.6833333333334,3.609703779220581,1.603513240814209,-0.004347838461399078,0.00302075850777328,-0.008043967187404633,0.3588813841342926,0.9333436489105225,0.7341678886567091,4.302399635314941,-1.056779384613037,-1.3034964799880981,0.2657565176486969,1.359639048576355,1.3034964799880981
1786.7,3.6097030639648438,1.6035186052322388,-0.00434335321187973,0.00303982594050467,-0.008013897575438023,0.36151987314224243,0.9323248863220215,0.7398245179619263,4.283694267272949,-2.6853771209716797,-1.3034964799880981,0.2849920392036438,2.2911267280578613,1.3034964799880981
1786.7166666666667,3.6097004413604736,1.6035202741622925,-0.004347614943981171,0.0030617150478065014,-0.008024968206882477,0.36415421962738037,0.9312990307807922,0.7454790686513328,4.264594078063965,-0.8760203123092651,-1.3034964799880981,0.3038363456726074,1.4815757274627686,1.3034964799880981
1786.7333333333333,3.6096954345703125,1.6035228967666626,-0.004342921078205109,0.0030845447909086943,-0.007997236214578152,0.36688005924224854,0.9302287697792053,0.751336061314427,4.2447638511657715,-2.1609408855438232,-1.3034964799880981,0.3234957754611969,2.5639548301696777,1.3034964799880981
1786.75,3.6096911430358887,1.6035255193710327,-0.004347681999206543,0.0031057207379490137,-0.008008592762053013,0.36952540278434753,0.9291809797286987,0.7570270789424963,4.225536823272705,-0.8818461298942566,-1.3034964799880981,0.34239739179611206,1.4806808233261108,1.3034964799880981
1786.7666666666667,3.6096856594085693,1.6035279035568237,-0.004342727363109589,0.0031332685612142086,-0.00797614362090826,0.37224748730659485,0.9280939102172852,0.7628892062129068,4.205713272094727,-2.2293081283569336,-1.3034964799880981,0.36204203963279724,2.6263368129730225,1.3034964799880981
1786.7833333333333,3.6096816062927246,1.6035300493240356,-0.004347681999206543,0.003152386052533984,-0.007990778423845768,0.3748876750469208,0.9270304441452026,0.7685823217665141,4.186482906341553,-0.8789567947387695,-1.3034964799880981,0.380957692861557,1.483581781387329,1.3034964799880981
1786.8,3.609675168991089,1.603532314300537,-0.00434277206659317,0.0031799441203475,-0.00795934908092022,0.3776046633720398,0.9259272217750549,0.7744471542041101,4.166633129119873,-2.230529308319092,-1.3034964799880981,0.400595098733902,2.62758469581604,1.3034964799880981
1786.8166666666666,3.609670639038086,1.6035338640213013,-0.0043476298451423645,0.0031980816274881363,-0.007971555925905704,0.38023877143859863,0.9248484969139099,0.7801404935138359,4.147393703460693,-0.8791929483413696,-1.3034964799880981,0.4195044934749603,1.48360276222229,1.3034964799880981
1786.8333333333333,3.6096646785736084,1.6035354137420654,-0.004342786967754364,0.0032255291007459164,-0.007940280251204967,0.38294947147369385,0.9237294793128967,0.7860055867447783,4.127538681030273,-2.232402801513672,-1.3034964799880981,0.439136803150177,2.6250927448272705,1.3034964799880981
1786.85,3.6096599102020264,1.6035372018814087,-0.004347644746303558,0.0032439741771668196,-0.00795300118625164,0.3855769634246826,0.9226356148719788,0.7916981613299708,4.108292579650879,-0.8796298503875732,-1.3034964799880981,0.4580398201942444,1.4833168983459473,1.3034964799880981
1786.8666666666666,3.6096532344818115,1.6035386323928833,-0.004342801868915558,0.0032716623973101377,-0.007922112941741943,0.38828104734420776,0.921501100063324,0.797563089196502,4.088430881500244,-2.2345778942108154,-1.3034964799880981,0.47766685485839844,2.6211369037628174,1.3034964799880981
1786.8833333333334,3.6096484661102295,1.603540301322937,-0.004347674548625946,0.0032903628889471292,-0.007935171015560627,0.39090201258659363,0.9203922152519226,0.8032553595321672,4.069177150726318,-0.8800997138023376,-1.3034964799880981,0.49656298756599426,1.4829895496368408,1.3034964799880981
1786.9,3.6096420288085938,1.603541374206543,-0.004342794418334961,0.0033172443509101868,-0.007902725599706173,0.3935995101928711,0.9192420840263367,0.809120299394445,4.049310207366943,-2.2370433807373047,-1.3034964799880981,0.5161840319633484,2.616776943206787,1.3034964799880981
1786.9166666666667,3.6096367835998535,1.6035425662994385,-0.004347696900367737,0.0033360214438289404,-0.007915479131042957,0.3962140679359436,0.9181179404258728,0.814812601298489,4.030050754547119,-0.8804707527160645,-1.3034964799880981,0.5350739359855652,1.4827417135238647,1.3034964799880981
1786.9333333333334,3.6096298694610596,1.6035434007644653,-0.004342809319496155,0.0033625117503106594,-0.007882636971771717,0.3989051580429077,0.9169521927833557,0.8206781990221282,4.0101776123046875,-2.2387077808380127,-1.3034964799880981,0.554689347743988,2.612966537475586,1.3034964799880981
1786.95,3.6096248626708984,1.6035442352294922,-0.004347704350948334,0.0033818851225078106,-0.007896553725004196,0.40151309967041016,0.9158129692077637,0.8263703393078122,3.9909133911132812,-0.8809919357299805,-1.3034964799880981,0.573573112487793,1.4823788404464722,1.3034964799880981
1786.9666666666667,3.609617233276367,1.6035447120666504,-0.004342801868915558,0.0034082119818776846,-0.007863317616283894,0.4041973948478699,0.9146315455436707,0.832235822758517,3.9710335731506348,-2.242020606994629,-1.3034964799880981,0.5931829214096069,2.6086041927337646,1.3034964799880981
1786.9833333333333,3.609612226486206,1.6035451889038086,-0.004347741603851318,0.0034272875636816025,-0.007876545190811157,0.40679875016212463,0.9134774208068848,0.8379281358752926,3.9517619609832764,-0.881350040435791,-1.3034964799880981,0.6120601296424866,1.4821289777755737,1.3034964799880981
1787.0,3.609605073928833,1.6035456657409668,-0.004342801868915558,0.003453747369349003,-0.007843872532248497,0.40947604179382324,0.9122804999351501,0.8437933056372222,3.9318759441375732,-2.2438583374023438,-1.3034964799880981,0.6316645741462708,2.604701519012451,1.3034964799880981
1787.0166666666667,3.6095991134643555,1.603545904159546,-0.004347711801528931,0.003472723998129368,-0.00785661581903696,0.41207101941108704,0.9111111164093018,0.8494862992451153,3.91259765625,-0.8817586898803711,-1.3034964799880981,0.6505356431007385,1.4818426370620728,1.3034964799880981
1787.0333333333333,3.6095917224884033,1.6035457849502563,-0.0043428391218185425,0.003498740727081895,-0.007823397405445576,0.4147413372993469,0.9098989963531494,0.8553515710693901,3.8927066326141357,-2.2477269172668457,-1.3034964799880981,0.6701357364654541,2.599233388900757,1.3034964799880981
1787.05,3.609586000442505,1.603545904159546,-0.004347749054431915,0.003517858451232314,-0.00783587247133255,0.4173293709754944,0.9087146520614624,0.8610442199402519,3.8734216690063477,-0.8821631073951721,-1.3034964799880981,0.6889999508857727,1.4815834760665894,1.3034964799880981
1787.0666666666666,3.6095783710479736,1.603545904159546,-0.004342861473560333,0.003544605104252696,-0.007804189808666706,0.4199926555156708,0.9074869155883789,0.8669094442261494,3.853525400161743,-2.249843120574951,-1.3034964799880981,0.7085943222045898,2.595670700073242,1.3034964799880981
1787.0833333333333,3.609572410583496,1.6035457849502563,-0.004347711801528931,0.003562689758837223,-0.007814566604793072,0.4225742816925049,0.9062875509262085,0.8726032003260855,3.8342323303222656,-0.882218599319458,-1.3034964799880981,0.7274518609046936,1.4815962314605713,1.3034964799880981
1787.1,3.609564781188965,1.603545069694519,-0.00434286892414093,0.003589307889342308,-0.0077829621732234955,0.425230473279953,0.9050444960594177,0.8784685731190471,3.8143293857574463,-2.250699043273926,-1.3034964799880981,0.7470422983169556,2.5911028385162354,1.3034964799880981
1787.1166666666666,3.6095588207244873,1.6035447120666504,-0.004347756505012512,0.0036079587880522013,-0.00779446866363287,0.4278046190738678,0.9038304090499878,0.8841611971148958,3.795030355453491,-0.8825101852416992,-1.3034964799880981,0.7658931016921997,1.4813141822814941,1.3034964799880981
1787.1333333333334,3.609550952911377,1.6035438776016235,-0.004342854022979736,0.003633972257375717,-0.007761622313410044,0.43045347929000854,0.9025720357894897,0.8900263029484607,3.7751200199127197,-2.252486228942871,-1.3034964799880981,0.7854788899421692,2.5843465328216553,1.3034964799880981
1787.15,3.6095449924468994,1.6035431623458862,-0.0043477863073349,0.0036528611090034246,-0.007773206103593111,0.43302038311958313,0.9013431668281555,0.8957185150856017,3.7558155059814453,-0.8830618262290955,-1.3034964799880981,0.8043232560157776,1.4809048175811768,1.3034964799880981
1787.1666666666667,3.60953688621521,1.6035417318344116,-0.00434286892414093,0.003679019631817937,-0.007740999571979046,0.43566203117370605,0.900069534778595,0.9015839052388417,3.735901355743408,-2.2564167976379395,-1.3034964799880981,0.8239037990570068,2.5806097984313965,1.3034964799880981
1787.1833333333334,3.6095306873321533,1.6035406589508057,-0.004347808659076691,0.003698639804497361,-0.0077533903531730175,0.43822234869003296,0.8988255262374878,0.9072773412265381,3.7165908813476562,-0.8833286762237549,-1.3034964799880981,0.8427425622940063,1.4807285070419312,1.3034964799880981
1787.2,3.609522581100464,1.6035391092300415,-0.004342824220657349,0.003722997847944498,-0.007718393579125404,0.44085681438446045,0.8975364565849304,0.9131431464947773,3.696669816970825,-2.260222911834717,-1.3034964799880981,0.8623189330101013,2.5736422538757324,1.3034964799880981
1787.2166666666667,3.6095166206359863,1.603538155555725,-0.0043478310108184814,0.003743247129023075,-0.00773159135133028,0.4434092044830322,0.8962780833244324,0.9188350813646671,3.677354335784912,-0.8837841153144836,-1.3034964799880981,0.8811520934104919,1.4803521633148193,1.3034964799880981
1787.2333333333333,3.609508752822876,1.6035364866256714,-0.004342883825302124,0.0037680212408304214,-0.007697524502873421,0.44603630900382996,0.8949737548828125,0.9247012022583396,3.657428503036499,-2.2630345821380615,-1.3034964799880981,0.9007241725921631,2.5684986114501953,1.3034964799880981
1787.25,3.609502077102661,1.6035352945327759,-0.004347845911979675,0.0037878393195569515,-0.007709837984293699,0.4485816955566406,0.8937005400657654,0.9303938468902996,3.6381053924560547,-0.8837856650352478,-1.3034964799880981,0.9195507764816284,1.480309009552002,1.3034964799880981
1787.2666666666667,3.6094934940338135,1.6035332679748535,-0.004342921078205109,0.003813025541603565,-0.007676734123378992,0.4512011706829071,0.8923810720443726,0.9362598767397418,3.6181728839874268,-2.263592004776001,-1.3034964799880981,0.9391192197799683,2.5624115467071533,1.3034964799880981
1787.2833333333333,3.6094865798950195,1.6035315990447998,-0.004347845911979675,0.0038329707458615303,-0.00768909091129899,0.4537392854690552,0.8910930156707764,0.9419527684393857,3.598843812942505,-0.88422691822052,-1.3034964799880981,0.957939624786377,1.4799692630767822,1.3034964799880981
1787.3,3.6094777584075928,1.6035292148590088,-0.00434286892414093,0.0038565334398299456,-0.007653117645531893,0.4563511312007904,0.8897584080696106,0.9478188446512119,3.5789060592651367,-2.269399642944336,-1.3034964799880981,0.9775050282478333,2.555042266845703,1.3034964799880981
1787.3166666666666,3.609471559524536,1.6035274267196655,-0.004347875714302063,0.0038770202081650496,-0.0076660821214318275,0.4588814675807953,0.8884559273719788,0.9535111283700731,3.559572219848633,-0.8844388723373413,-1.3034964799880981,0.9963198304176331,1.4797500371932983,1.3034964799880981
1787.3333333333333,3.6094629764556885,1.6035246849060059,-0.004342898726463318,0.0039007379673421383,-0.007630883250385523,0.46148568391799927,0.88710618019104,0.9593775052109172,3.5396299362182617,-2.26998233795166,-1.3034964799880981,1.0158812999725342,2.549611806869507,1.3034964799880981
1787.35,3.6094560623168945,1.6035221815109253,-0.004347898066043854,0.0039212340489029884,-0.007643247023224831,0.4640086889266968,0.8857889771461487,0.9650703206615541,3.520289659500122,-0.8846781253814697,-1.3034964799880981,1.0346901416778564,1.4794774055480957,1.3034964799880981
1787.3666666666666,3.609447479248047,1.603519320487976,-0.004342943429946899,0.003944770433008671,-0.0076079536229372025,0.46660491824150085,0.8844243288040161,0.9709364027330166,3.50034236907959,-2.2737066745758057,-1.3034964799880981,1.0542482137680054,2.5437819957733154,1.3034964799880981
1787.3833333333334,3.609440803527832,1.603516697883606,-0.004347942769527435,0.003965929616242647,-0.007621324621140957,0.4691206216812134,0.8830922842025757,0.9766299875393359,3.480996608734131,-0.8849005103111267,-1.3034964799880981,1.0730515718460083,1.4792406558990479,1.3034964799880981
1787.4,3.6094319820404053,1.603513240814209,-0.004343040287494659,0.003986162133514881,-0.007588038686662912,0.4717087149620056,0.8817127346992493,0.9824956601597906,3.4610559940338135,-2.302001476287842,-1.3034964799880981,1.092612624168396,2.524216651916504,1.3034964799880981
1787.4166666666667,3.6094248294830322,1.6035104990005493,-0.004347875714302063,0.004009409341961145,-0.007596934214234352,0.4742167890071869,0.8803660869598389,0.9881893763782492,3.4416990280151367,-0.8850484490394592,-1.3034964799880981,1.1114088296890259,1.4794490337371826,1.3034964799880981
1787.4333333333334,3.6094162464141846,1.603507161140442,-0.004343092441558838,0.004029702395200729,-0.0075644198805093765,0.4767971634864807,0.8789715766906738,0.9940558138867728,3.421752452850342,-2.30010986328125,-1.3034964799880981,1.1309696435928345,2.515495538711548,1.3034964799880981
1787.45,3.6094093322753906,1.6035038232803345,-0.004347898066043854,0.0040537407621741295,-0.007574432995170355,0.4792971611022949,0.8776105046272278,0.9997489326165953,3.4023900032043457,-0.8855166435241699,-1.3034964799880981,1.1497591733932495,1.4789881706237793,1.3034964799880981
1787.4666666666667,3.6094002723693848,1.6034998893737793,-0.004343092441558838,0.004073369316756725,-0.0075408522970974445,0.4818693995475769,0.8762011528015137,1.005615296044087,3.382439613342285,-2.3043341636657715,-1.3034964799880981,1.1693159341812134,2.509650707244873,1.3034964799880981
1787.4833333333333,3.6093931198120117,1.6034964323043823,-0.004347957670688629,0.0040978239849209785,-0.007551536895334721,0.4843619465827942,0.8748254776000977,1.0113095136554824,3.363072633743286,-0.8856647610664368,-1.3034964799880981,1.1881011724472046,1.4788082838058472,1.3034964799880981
1787.5,3.609384059906006,1.6034924983978271,-0.004342988133430481,0.004120532423257828,-0.007516237907111645,0.48692554235458374,0.8734014630317688,1.0171747441461003,3.343104839324951,-2.2811472415924072,-1.3034964799880981,1.2076482772827148,2.516974449157715,1.3034964799880981
1787.5166666666667,3.6093766689300537,1.6034886837005615,-0.004347994923591614,0.004141152836382389,-0.007527535315603018,0.48941004276275635,0.8720114827156067,1.022868908421254,3.323737144470215,-0.8853809833526611,-1.3034964799880981,1.2264293432235718,1.4786018133163452,1.3034964799880981
1787.5333333333333,3.6093671321868896,1.6034845113754272,-0.004343099892139435,0.00416082888841629,-0.007494299206882715,0.49196547269821167,0.8705725073814392,1.0287344004468566,3.3037805557250977,-2.310985565185547,-1.3034964799880981,1.2459807395935059,2.4991767406463623,1.3034964799880981
1787.55,3.6093595027923584,1.6034802198410034,-0.004347950220108032,0.004184640012681484,-0.007503124885261059,0.494441956281662,0.8691680431365967,1.0344285669059878,3.284402847290039,-0.8854533433914185,-1.3034964799880981,1.2647554874420166,1.4787359237670898,1.3034964799880981
1787.5666666666666,3.6093502044677734,1.603475570678711,-0.004343107342720032,0.004203712102025747,-0.007469204720109701,0.4969889521598816,0.8677144646644592,1.0402939290440862,3.2644386291503906,-2.309448719024658,-1.3034964799880981,1.284306526184082,2.489586353302002,1.3034964799880981
1787.5833333333333,3.6093432903289795,1.6034711599349976,-0.004348002374172211,0.004228323698043823,-0.007479083724319935,0.49945759773254395,0.8662956953048706,1.0459889399531679,3.245056629180908,-0.8859819769859314,-1.3034964799880981,1.3030762672424316,1.4782296419143677,1.3034964799880981
1787.6,3.6093342304229736,1.6034663915634155,-0.004343144595623016,0.004247455392032862,-0.007445950526744127,0.5019964575767517,0.8648271560668945,1.0518549914672308,3.225090503692627,-2.3149235248565674,-1.3034964799880981,1.3226243257522583,2.4835989475250244,1.3034964799880981
1787.6166666666666,3.6093266010284424,1.6034618616104126,-0.004347987473011017,0.004270993173122406,-0.007453694008290768,0.5044564604759216,0.8633943796157837,1.057549043158543,3.205703020095825,-0.885707437992096,-1.3034964799880981,1.3413894176483154,1.478342056274414,1.3034964799880981
1787.6333333333334,3.6093177795410156,1.603456974029541,-0.004343166947364807,0.004290161654353142,-0.007420809008181095,0.5069864988327026,0.861911416053772,1.0634144525938471,3.1857340335845947,-2.3152220249176025,-1.3034964799880981,1.3609366416931152,2.4774668216705322,1.3034964799880981
1787.65,3.6093101501464844,1.6034520864486694,-0.0043480247259140015,0.004314469173550606,-0.007429542485624552,0.5094379782676697,0.8604645729064941,1.069108059575418,3.1663429737091064,-0.8858056664466858,-1.3034964799880981,1.3796968460083008,1.4780659675598145,1.3034964799880981
1787.6666666666667,3.6093013286590576,1.60344660282135,-0.00434315949678421,0.004332846961915493,-0.00739584444090724,0.511959433555603,0.8589668273925781,1.0749734465852863,3.1463701725006104,-2.3173952102661133,-1.3034964799880981,1.3992424011230469,2.471208333969116,1.3034964799880981
1787.6833333333334,3.6092939376831055,1.603441834449768,-0.004348032176494598,0.00435712281614542,-0.007403992582112551,0.5144028067588806,0.8575056791305542,1.0806677452702569,3.1269750595092773,-0.8857234120368958,-1.3034964799880981,1.4179984331130981,1.4779601097106934,1.3034964799880981
1787.7,3.6092846393585205,1.6034361124038696,-0.004343166947364807,0.004375359043478966,-0.007370554376393557,0.5169154405593872,0.8559935092926025,1.0865328765392452,3.106998920440674,-2.318725109100342,-1.3034964799880981,1.4375429153442383,2.464557647705078,1.3034964799880981
1787.7166666666667,3.6092770099639893,1.6034311056137085,-0.004348047077655792,0.004399673081934452,-0.007378321141004562,0.5193501710891724,0.8545184135437012,1.0922268294066884,3.0876004695892334,-0.8856472373008728,-1.3034964799880981,1.4562954902648926,1.4778733253479004,1.3034964799880981
1787.7333333333333,3.6092684268951416,1.6034252643585205,-0.004343219101428986,0.0044182841666042805,-0.007345511112362146,0.5218539237976074,0.8529917597770691,1.0980917159755632,3.0676214694976807,-2.3197391033172607,-1.3034964799880981,1.4758392572402954,2.4583394527435303,1.3034964799880981
1787.75,3.6092605590820312,1.6034198999404907,-0.004348047077655792,0.004442267119884491,-0.007352765183895826,0.5242800116539001,0.851502537727356,1.1037854235819773,3.048219680786133,-0.8855152726173401,-1.3034964799880981,1.4945873022079468,1.477779507637024,1.3034964799880981
1787.7666666666667,3.6092514991760254,1.6034141778945923,-0.0043432265520095825,0.004460497293621302,-0.0073196846060454845,0.5267749428749084,0.849961519241333,1.1096504591140546,3.028238534927368,-2.3209218978881836,-1.3034964799880981,1.5141305923461914,2.451739549636841,1.3034964799880981
1787.7833333333333,3.6092443466186523,1.6034084558486938,-0.004348061978816986,0.004484416916966438,-0.007326378487050533,0.5291928052902222,0.8484581708908081,1.1153452141459521,3.008833408355713,-0.8855985403060913,-1.3034964799880981,1.5328752994537354,1.477564811706543,1.3034964799880981
1787.8,3.6092352867126465,1.6034023761749268,-0.0043432265520095825,0.004502277821302414,-0.007292867638170719,0.5316789746284485,0.8469025492668152,1.1212106416604242,2.9888510704040527,-2.3254058361053467,-1.3034964799880981,1.5524182319641113,2.4454288482666016,1.3034964799880981
1787.8166666666666,3.6092278957366943,1.6033964157104492,-0.0043481215834617615,0.004527500830590725,-0.007301398552954197,0.5340874791145325,0.8453855514526367,1.1269039038012456,2.9694433212280273,-0.8853037357330322,-1.3034964799880981,1.5711597204208374,1.4775313138961792,1.3034964799880981
1787.8333333333333,3.6092190742492676,1.603390097618103,-0.004343241453170776,0.004545701202005148,-0.007268676534295082,0.536564290523529,0.8438158631324768,1.1327686060605464,2.9494574069976807,-2.323539972305298,-1.3034964799880981,1.5907022953033447,2.437934398651123,1.3034964799880981
1787.85,3.6092121601104736,1.6033841371536255,-0.00434807687997818,0.004569264128804207,-0.007274416740983725,0.5389638543128967,0.84228515625,1.1384615461701766,2.9300451278686523,-0.8852278590202332,-1.3034964799880981,1.6094398498535156,1.477441668510437,1.3034964799880981
1787.8666666666666,3.6092028617858887,1.6033775806427002,-0.00434325635433197,0.0045868512243032455,-0.0072412034496665,0.5414313077926636,0.8407012820243835,1.1443256314631174,2.910059690475464,-2.326258420944214,-1.3034964799880981,1.6289829015731812,2.43282151222229,1.3034964799880981
1787.8833333333334,3.6091957092285156,1.6033716201782227,-0.004348136484622955,0.004611743614077568,-0.007248603738844395,0.5438217520713806,0.8391567468643188,1.1500179846246739,2.8906476497650146,-0.8851433396339417,-1.3034964799880981,1.6477184295654297,1.4772284030914307,1.3034964799880981
1787.9,3.609187126159668,1.6033648252487183,-0.0043432265520095825,0.0046286387369036674,-0.007214843761175871,0.5462801456451416,0.8375585675239563,1.1558823863250591,2.8706607818603516,-2.3286705017089844,-1.3034964799880981,1.6672618389129639,2.425459861755371,1.3034964799880981
1787.9166666666667,3.6091794967651367,1.6033586263656616,-0.0043481141328811646,0.004653241951018572,-0.007221352308988571,0.5486616492271423,0.8360002040863037,1.1615747711644633,2.8512468338012695,-0.8847108483314514,-1.3034964799880981,1.6859946250915527,1.477278470993042,1.3034964799880981
1787.9333333333334,3.60917067527771,1.6033519506454468,-0.004343293607234955,0.004670246504247189,-0.00718764727935195,0.5511107444763184,0.8343880772590637,1.1674392145766208,2.8312582969665527,-2.3256237506866455,-1.3034964799880981,1.705539584159851,2.418532609939575,1.3034964799880981
1787.95,3.609163284301758,1.603345513343811,-0.004348188638687134,0.004695684649050236,-0.007195483427494764,0.5534834265708923,0.832815945148468,1.1731322127640476,2.811842918395996,-0.88471519947052,-1.3034964799880981,1.724269151687622,1.476975917816162,1.3034964799880981
1787.9666666666667,3.609153985977173,1.603338360786438,-0.004343278706073761,0.004711637739092112,-0.007160393986850977,0.5559226870536804,0.831189751625061,1.1789953707116017,2.791853666305542,-2.3288393020629883,-1.3034964799880981,1.7438145875930786,2.411458969116211,1.3034964799880981
1787.9833333333333,3.6091465950012207,1.6033318042755127,-0.004348188638687134,0.004737093113362789,-0.007167849224060774,0.558286190032959,0.8296040296554565,1.1846882538353438,2.772437572479248,-0.8842453360557556,-1.3034964799880981,1.7625421285629272,1.4770152568817139,1.3034964799880981
1788.0,3.609138011932373,1.60332453250885,-0.004343293607234955,0.004753029905259609,-0.007133385166525841,0.5607158541679382,0.8279639482498169,1.1905510705078868,2.7524471282958984,-2.326735019683838,-1.3034964799880981,1.7820888757705688,2.404675245285034,1.3034964799880981
1788.0166666666667,3.609130859375,1.6033178567886353,-0.004348188638687134,0.00477795023471117,-0.007139748428016901,0.563069760799408,0.8263646364212036,1.196242885063675,2.7330291271209717,-0.8844246864318848,-1.3034964799880981,1.8008143901824951,1.4767180681228638,1.3034964799880981
1788.0333333333333,3.6091222763061523,1.6033105850219727,-0.004343308508396149,0.0047945682890713215,-0.007106284145265818,0.5654899477958679,0.8247105479240417,1.2021058282835368,2.713043689727783,-2.3330185413360596,-1.3034964799880981,1.8203619718551636,2.402045488357544,1.3034964799880981
1788.05,3.6091153621673584,1.6033036708831787,-0.004348181188106537,0.004819520749151707,-0.007112170569598675,0.5678347945213318,0.8230977058410645,1.2077982457751724,2.6936254501342773,-0.8837313055992126,-1.3034964799880981,1.8390865325927734,1.4769220352172852,1.3034964799880981
1788.0666666666666,3.6091067790985107,1.6032963991165161,-0.0043433308601379395,0.0048350077122449875,-0.007077640853822231,0.5702455043792725,0.8214296698570251,1.2136614993018502,2.6736364364624023,-2.3309226036071777,-1.3034964799880981,1.858635663986206,2.3953824043273926,1.3034964799880981
1788.0833333333333,3.609100103378296,1.6032894849777222,-0.004348225891590118,0.00486066984012723,-0.007084512151777744,0.572580873966217,0.8198031187057495,1.2193535412936125,2.6542184352874756,-0.8834637403488159,-1.3034964799880981,1.8773587942123413,1.476792335510254,1.3034964799880981
1788.1,3.6090915203094482,1.6032814979553223,-0.0043433234095573425,0.004876116290688515,-0.007049964740872383,0.574981689453125,0.8181213140487671,1.2252162584769397,2.634230852127075,-2.3305888175964355,-1.3034964799880981,1.896910548210144,2.3885560035705566,1.3034964799880981
1788.1166666666666,3.6090848445892334,1.6032745838165283,-0.004348233342170715,0.004901667591184378,-0.007056383416056633,0.5773078799247742,0.816481351852417,1.2309090141082732,2.6148130893707275,-0.8831976056098938,-1.3034964799880981,1.9156321287155151,1.47670316696167,1.3034964799880981
1788.1333333333334,3.609076976776123,1.6032670736312866,-0.004343338310718536,0.004916372708976269,-0.007021029479801655,0.5796986818313599,0.8147858381271362,1.2367710685691553,2.5948266983032227,-2.331587553024292,-1.3034964799880981,1.9351861476898193,2.382443904876709,1.3034964799880981
1788.15,3.609070301055908,1.6032599210739136,-0.004348255693912506,0.004942706320434809,-0.0070282286033034325,0.5820156335830688,0.813132107257843,1.2424644583310227,2.575411081314087,-0.8827546834945679,-1.3034964799880981,1.9539073705673218,1.4766732454299927,1.3034964799880981
1788.1666666666667,3.6090619564056396,1.6032522916793823,-0.004343308508396149,0.004956848919391632,-0.006992668379098177,0.5843967199325562,0.8114227652549744,1.2483268252407345,2.555424690246582,-2.3287336826324463,-1.3034964799880981,1.9734641313552856,2.377274513244629,1.3034964799880981
1788.1833333333334,3.609055757522583,1.6032450199127197,-0.004348300397396088,0.00498354434967041,-0.006999772973358631,0.586703896522522,0.8097559809684753,1.2540198302957921,2.5360097885131836,-0.8827332854270935,-1.3034964799880981,1.9921849966049194,1.4763929843902588,1.3034964799880981
1788.2,3.6090471744537354,1.603237509727478,-0.0043433308601379395,0.004997417330741882,-0.006963987834751606,0.589074969291687,0.8080328702926636,1.2598819112032198,2.5160272121429443,-2.3332154750823975,-1.3034964799880981,2.0117435455322266,2.373469352722168,1.3034964799880981
1788.2166666666667,3.6090404987335205,1.603230595588684,-0.004348292946815491,0.0050233956426382065,-0.00697017926722765,0.5913718938827515,0.8063532114028931,1.2655734541219996,2.4966135025024414,-0.8819054365158081,-1.3034964799880981,2.0304653644561768,1.476683259010315,1.3034964799880981
1788.2333333333333,3.60903263092041,1.6032228469848633,-0.004343368113040924,0.0050378902815282345,-0.006935388781130314,0.5937328338623047,0.8046165704727173,1.2714352228437955,2.4766316413879395,-2.3292205333709717,-1.3034964799880981,2.0500268936157227,2.367326498031616,1.3034964799880981
1788.25,3.6090261936187744,1.6032159328460693,-0.004348285496234894,0.005064098630100489,-0.00694142235442996,0.5960198640823364,0.8029236197471619,1.2771263261721586,2.4572198390960693,-0.8818241953849792,-1.3034964799880981,2.0687477588653564,1.476454734802246,1.3034964799880981
1788.2666666666667,3.609018564224243,1.6032081842422485,-0.004343390464782715,0.005077810026705265,-0.006906249560415745,0.5983706116676331,0.8011736273765564,1.2829878441060327,2.4372429847717285,-2.3312437534332275,-1.3034964799880981,2.088312864303589,2.3635168075561523,1.3034964799880981
1788.2833333333333,3.6090126037597656,1.6032010316848755,-0.0043483152985572815,0.005104535259306431,-0.00691251689568162,0.6006478071212769,0.7994674444198608,1.2886788886849725,2.417832612991333,-0.8810880780220032,-1.3034964799880981,2.10703444480896,1.4765793085098267,1.3034964799880981
1788.3,3.6090049743652344,1.6031931638717651,-0.004343360662460327,0.0051175858825445175,-0.0068766092881560326,0.6029884815216064,0.797703742980957,1.2945405461613535,2.397857189178467,-2.328280448913574,-1.3034964799880981,2.1266026496887207,2.3578991889953613,1.3034964799880981
1788.3166666666666,3.6089987754821777,1.6031858921051025,-0.004348337650299072,0.00514390179887414,-0.006882227957248688,0.6052559614181519,0.7959845662117004,1.3002321140128117,2.3784494400024414,-0.8807979822158813,-1.3034964799880981,2.14532470703125,1.4764944314956665,1.3034964799880981
1788.3333333333333,3.6089906692504883,1.6031782627105713,-0.004343383014202118,0.0051563335582613945,-0.00684591569006443,0.607586145401001,0.7942075729370117,1.306093100990388,2.358477830886841,-2.3289690017700195,-1.3034964799880981,2.1648969650268555,2.353393316268921,1.3034964799880981
1788.35,3.60898494720459,1.6031711101531982,-0.004348382353782654,0.00518375588580966,-0.006852484308183193,0.6098434329032898,0.7924752831459045,1.3117840573886241,2.339073896408081,-0.8802413940429688,-1.3034964799880981,2.183619976043701,1.476507306098938,1.3034964799880981
1788.3666666666666,3.6089775562286377,1.6031631231307983,-0.004343412816524506,0.005196590442210436,-0.006816880311816931,0.612163245677948,0.7906849980354309,1.3176449139221644,2.319106101989746,-2.326955795288086,-1.3034964799880981,2.2031965255737305,2.3493611812591553,1.3034964799880981
1788.3833333333334,3.608971357345581,1.6031562089920044,-0.004348360002040863,0.00522360485047102,-0.006822849623858929,0.6144101619720459,0.7889398336410522,1.323334992727078,2.2997043132781982,-0.8798792958259583,-1.3034964799880981,2.221920967102051,1.4764779806137085,1.3034964799880981
1788.4,3.608964204788208,1.6031485795974731,-0.004343405365943909,0.005235869437456131,-0.006786760874092579,0.6167193055152893,0.7871363759040833,1.329195093180482,2.2797417640686035,-2.327979803085327,-1.3034964799880981,2.241502046585083,2.3467414379119873,1.3034964799880981
1788.4166666666667,3.6089580059051514,1.6031417846679688,-0.004348374903202057,0.005263180006295443,-0.006792666856199503,0.618955671787262,0.7853788733482361,1.3348841449677604,2.2603445053100586,-0.879156231880188,-1.3034964799880981,2.2602288722991943,1.4766238927841187,1.3034964799880981
1788.4333333333334,3.608950614929199,1.6031341552734375,-0.0043434277176856995,0.005275631323456764,-0.0067571476101875305,0.6212538480758667,0.7835623621940613,1.3407429008252272,2.2403862476348877,-2.324725389480591,-1.3034964799880981,2.2798147201538086,2.343289613723755,1.3034964799880981
1788.45,3.60894513130188,1.6031270027160645,-0.004348345100879669,0.005301408004015684,-0.0067610964179039,0.6234802007675171,0.7817918658256531,1.3464323601346608,2.220992088317871,-0.8785834312438965,-1.3034964799880981,2.2985432147979736,1.476742148399353,1.3034964799880981
1788.4666666666667,3.6089377403259277,1.6031193733215332,-0.004343472421169281,0.005313915200531483,-0.006725736893713474,0.6257678270339966,0.7799623012542725,1.3522911069555095,2.2010393142700195,-2.323711395263672,-1.3034964799880981,2.318133592605591,2.3401122093200684,1.3034964799880981
1788.4833333333333,3.6089322566986084,1.6031124591827393,-0.004348389804363251,0.00534092215821147,-0.006731044501066208,0.6279840469360352,0.7781787514686584,1.3579808922008652,2.181650161743164,-0.8777598738670349,-1.3034964799880981,2.336864948272705,1.4768624305725098,1.3034964799880981
1788.5,3.6089255809783936,1.603105068206787,-0.0043434277176856995,0.005353125277906656,-0.006695589050650597,0.6302608847618103,0.7763360142707825,1.3638391221609603,2.1616992950439453,-2.3171627521514893,-1.3034964799880981,2.3564600944519043,2.335641622543335,1.3034964799880981
1788.5166666666667,3.608920097351074,1.6030983924865723,-0.004348389804363251,0.005379541777074337,-0.006699732970446348,0.6324662566184998,0.7745401859283447,1.3695275783738226,2.1423158645629883,-0.8776118159294128,-1.3034964799880981,2.3751938343048096,1.4767028093338013,1.3034964799880981
1788.5333333333333,3.608912706375122,1.6030908823013306,-0.004343457520008087,0.005391664803028107,-0.006664365530014038,0.6347327828407288,0.7726841568946838,1.3753867869960934,2.122373580932617,-2.3195228576660156,-1.3034964799880981,2.3947935104370117,2.334052085876465,1.3034964799880981
1788.55,3.6089072227478027,1.6030843257904053,-0.004348389804363251,0.005418734159320593,-0.0066690584644675255,0.6369274258613586,0.7708758115768433,1.3810743997713282,2.1029951572418213,-0.8767456412315369,-1.3034964799880981,2.413530111312866,1.4769489765167236,1.3034964799880981
1788.5666666666666,3.608900785446167,1.6030772924423218,-0.004343464970588684,0.005430400371551514,-0.006633643992245197,0.6391826868057251,0.76900714635849,1.3869322765830872,2.083057403564453,-2.3158371448516846,-1.3034964799880981,2.433135747909546,2.3317818641662598,1.3034964799880981
1788.5833333333333,3.6088953018188477,1.6030707359313965,-0.004348419606685638,0.005456632003188133,-0.006637188605964184,0.6413671970367432,0.7671859860420227,1.392620786240441,2.063683271408081,-0.876335859298706,-1.3034964799880981,2.451875925064087,1.4769734144210815,1.3034964799880981
1788.6,3.6088881492614746,1.6030635833740234,-0.004343487322330475,0.005468531046062708,-0.006602203939110041,0.6436117887496948,0.7653040885925293,1.398479057739395,2.0437541007995605,-2.3167049884796143,-1.3034964799880981,2.471486806869507,2.3306119441986084,1.3034964799880981
1788.6166666666666,3.6088831424713135,1.6030571460723877,-0.004348397254943848,0.005494695622473955,-0.00660515483468771,0.645785927772522,0.7634701132774353,1.4041680095731066,2.024385690689087,-0.8754796981811523,-1.3034964799880981,2.49023175239563,1.4772897958755493,1.3034964799880981
1788.6333333333334,3.6088767051696777,1.6030501127243042,-0.004343464970588684,0.005506016779690981,-0.006569792050868273,0.6480193734169006,0.76157546043396,1.4100256286048969,2.0044615268707275,-2.3131651878356934,-1.3034964799880981,2.5098488330841064,2.328345537185669,1.3034964799880981
1788.65,3.6088714599609375,1.6030439138412476,-0.004348427057266235,0.0055334498174488544,-0.006574118509888649,0.6501830220222473,0.7597290277481079,1.4157150038147865,1.9851007461547852,-0.8750222325325012,-1.3034964799880981,2.528597593307495,1.4772289991378784,1.3034964799880981
1788.6666666666667,3.6088645458221436,1.6030371189117432,-0.004343464970588684,0.005543806590139866,-0.00653782719746232,0.6524059772491455,0.7578211426734924,1.4215738936923286,1.9651819467544556,-2.3107097148895264,-1.3034964799880981,2.5482211112976074,2.326234817504883,1.3034964799880981
1788.6833333333334,3.6088597774505615,1.6030311584472656,-0.004348419606685638,0.005571307614445686,-0.006542005576193333,0.654558539390564,0.7559624314308167,1.4272622111101154,1.9458283185958862,-0.874352216720581,-1.3034964799880981,2.566974639892578,1.4774186611175537,1.3034964799880981
1788.7,3.608854055404663,1.6030246019363403,-0.004343472421169281,0.005581133533269167,-0.006505371071398258,0.6567702889442444,0.7540419101715088,1.4331206942055743,1.9259161949157715,-2.306788921356201,-1.3034964799880981,2.5866048336029053,2.3252053260803223,1.3034964799880981
1788.7166666666667,3.608849287033081,1.603018879890442,-0.004348427057266235,0.005608588922768831,-0.006509076803922653,0.6589120030403137,0.7521708011627197,1.4388087758892043,1.906567931175232,-0.8737680912017822,-1.3034964799880981,2.6053626537323,1.477553367614746,1.3034964799880981
1788.7333333333333,3.6088430881500244,1.6030128002166748,-0.004343494772911072,0.005619073752313852,-0.006473439279943705,0.6611120700836182,0.7502381801605225,1.4446658204030738,1.8866643905639648,-2.3054425716400146,-1.3034964799880981,2.624998092651367,2.3263089656829834,1.3034964799880981
1788.75,3.6088383197784424,1.603007197380066,-0.0043484121561050415,0.005646831355988979,-0.0064773703925311565,0.663242757320404,0.7483548521995544,1.4503533934372668,1.8673232793807983,-0.872908890247345,-1.3034964799880981,2.64376163482666,1.4778172969818115,1.3034964799880981
1788.7666666666667,3.608832359313965,1.6030007600784302,-0.004343502223491669,0.005656497087329626,-0.006440835073590279,0.6654317378997803,0.7464094161987305,1.4562106941770596,1.8474245071411133,-2.3013803958892822,-1.3034964799880981,2.6634037494659424,2.3243637084960938,1.3034964799880981
1788.7833333333333,3.608827590942383,1.60299551486969,-0.004348427057266235,0.005683469120413065,-0.006443876773118973,0.6675516366958618,0.7445139288902283,1.4618985999254004,1.8280906677246094,-0.8723137378692627,-1.3034964799880981,2.6821725368499756,1.4780045747756958,1.3034964799880981
1788.8,3.608821153640747,1.6029894351959229,-0.004343539476394653,0.005694002378731966,-0.006408664397895336,0.6697291731834412,0.7425560355186462,1.4677554518523008,1.808200478553772,-2.298419713973999,-1.3034964799880981,2.70182204246521,2.3244218826293945,1.3034964799880981
1788.8166666666666,3.6088173389434814,1.6029841899871826,-0.004348419606685638,0.005721390713006258,-0.006411902140825987,0.6718380451202393,0.7406481504440308,1.4734431982922858,1.7888741493225098,-0.8716893792152405,-1.3034964799880981,2.7205963134765625,1.4782121181488037,1.3034964799880981
1788.8333333333333,3.608811616897583,1.602978229522705,-0.004343487322330475,0.005730616394430399,-0.006375396624207497,0.674004077911377,0.7386778593063354,1.4792995714323651,1.7689915895462036,-2.2950527667999268,-1.3034964799880981,2.740253448486328,2.3253579139709473,1.3034964799880981
1788.85,3.6088075637817383,1.602973461151123,-0.004348434507846832,0.0057583460584282875,-0.006378491409122944,0.6761017441749573,0.7367580533027649,1.484986897631351,1.7496730089187622,-0.871189296245575,-1.3034964799880981,2.7590339183807373,1.4783540964126587,1.3034964799880981
1788.8666666666666,3.6088016033172607,1.6029678583145142,-0.0043435171246528625,0.005767338909208775,-0.006342146545648575,0.6782563924789429,0.7347753047943115,1.4908433446612679,1.7297980785369873,-2.2943263053894043,-1.3034964799880981,2.7786970138549805,2.3264174461364746,1.3034964799880981
1788.8833333333334,3.608797311782837,1.6029632091522217,-0.004348441958427429,0.005795062053948641,-0.006345281843096018,0.6803427934646606,0.7328436374664307,1.4965302752402454,1.710487961769104,-0.8702381253242493,-1.3034964799880981,2.797483444213867,1.4787598848342896,1.3034964799880981
1788.9,3.6087913513183594,1.6029577255249023,-0.0043435171246528625,0.005803975276648998,-0.006308886222541332,0.6824859976768494,0.7308483123779297,1.5023868057929715,1.6906185150146484,-2.2880859375,-1.3034964799880981,2.8171541690826416,2.3260889053344727,1.3034964799880981
1788.9166666666667,3.6087870597839355,1.6029531955718994,-0.004348427057266235,0.005831150803714991,-0.006311310920864344,0.6845605969429016,0.7289052605628967,1.5080720319699,1.6713154315948486,-0.8697118759155273,-1.3034964799880981,2.835946798324585,1.479003667831421,1.3034964799880981
1788.9333333333334,3.608780860900879,1.6029479503631592,-0.004343509674072266,0.005839682184159756,-0.006274686194956303,0.6866922378540039,0.726897656917572,1.5139285263500277,1.6514556407928467,-2.2855801582336426,-1.3034964799880981,2.8556246757507324,2.3279054164886475,1.3034964799880981
1788.95,3.608776569366455,1.6029436588287354,-0.004348419606685638,0.005867308005690575,-0.00627724127843976,0.688755989074707,0.7249422073364258,1.519614855808836,1.632161021232605,-0.8691765666007996,-1.3034964799880981,2.874424934387207,1.4791866540908813,1.3034964799880981
1788.9666666666667,3.6087710857391357,1.6029391288757324,-0.004343509674072266,0.005876761395484209,-0.0062419092282652855,0.6908755302429199,0.7229229211807251,1.5254700694770227,1.6123101711273193,-2.2829606533050537,-1.3034964799880981,2.8941102027893066,2.3320870399475098,1.3034964799880981
1788.9833333333333,3.6087663173675537,1.6029353141784668,-0.004348382353782654,0.005903023760765791,-0.006242858711630106,0.6929281949996948,0.7209553718566895,1.5311570080894752,1.5930225849151611,-0.8683285713195801,-1.3034964799880981,2.9129161834716797,1.479689121246338,1.3034964799880981
1789.0,3.6087610721588135,1.6029309034347534,-0.004343561828136444,0.005912356544286013,-0.006207554135471582,0.695035994052887,0.718923807144165,1.5370120683492474,1.5731781721115112,-2.279778480529785,-1.3034964799880981,2.9326090812683105,2.3333916664123535,1.3034964799880981
1789.0166666666667,3.6087565422058105,1.6029272079467773,-0.004348389804363251,0.0059397462755441666,-0.006209461484104395,0.6970774531364441,0.7169443368911743,1.5426995478604815,1.5538991689682007,-0.8676515817642212,-1.3034964799880981,2.951423406600952,1.479946494102478,1.3034964799880981
1789.0333333333333,3.6087512969970703,1.6029226779937744,-0.004343509674072266,0.005947638303041458,-0.006172884721308947,0.6991739273071289,0.7149001359939575,1.5485557926626863,1.5340616703033447,-2.275552749633789,-1.3034964799880981,2.971123695373535,2.3344626426696777,1.3034964799880981
1789.05,3.6087472438812256,1.602919340133667,-0.0043484121561050415,0.005975027568638325,-0.00617461372166872,0.7012037038803101,0.7129092216491699,1.5542426475470434,1.514791488647461,-0.8673974275588989,-1.3034964799880981,2.989945650100708,1.4801313877105713,1.3034964799880981
1789.0666666666666,3.6087417602539062,1.6029151678085327,-0.0043435245752334595,0.005984149407595396,-0.006139395758509636,0.7032883763313293,0.7108529210090637,1.5600990143972642,1.494964361190796,-2.2758893966674805,-1.3034964799880981,3.0096518993377686,2.339221239089966,1.3034964799880981
1789.0833333333333,3.6087379455566406,1.6029120683670044,-0.004348352551460266,0.006010858342051506,-0.006140353158116341,0.7053060531616211,0.7088506817817688,1.5657842296224616,1.4757018089294434,-0.8663787245750427,-1.3034964799880981,3.028480291366577,1.4807143211364746,1.3034964799880981
1789.1,3.6087327003479004,1.6029080152511597,-0.004343509674072266,0.006017991341650486,-0.006103422958403826,0.7073789238929749,0.7067825794219971,1.5716408384363383,1.4558804035186768,-2.269608974456787,-1.3034964799880981,3.0481951236724854,2.3428897857666016,1.3034964799880981
1789.1166666666666,3.6087284088134766,1.6029052734375,-0.004348397254943848,0.006046534050256014,-0.006106000393629074,0.7093849778175354,0.7047687768936157,1.5773259979932992,1.4366267919540405,-0.8660596013069153,-1.3034964799880981,3.067032814025879,1.4808552265167236,1.3034964799880981
1789.1333333333334,3.608722686767578,1.602901577949524,-0.004343494772911072,0.006054408848285675,-0.006069845519959927,0.7114455699920654,0.7026888728141785,1.5831817487249817,1.4168140888214111,-2.269148349761963,-1.3034964799880981,3.086754322052002,2.3467891216278076,1.3034964799880981
1789.15,3.6087191104888916,1.6028987169265747,-0.004348345100879669,0.00608072429895401,-0.006069979164749384,0.7134405970573425,0.7006630897521973,1.588868637460462,1.397567629814148,-0.8654057383537292,-1.3034964799880981,3.105599880218506,1.4814345836639404,1.3034964799880981
1789.1666666666667,3.608713388442993,1.6028952598571777,-0.004343532025814056,0.006088997237384319,-0.00603438401594758,0.7154890894889832,0.6985712051391602,1.594724231881639,1.3777631521224976,-2.2676548957824707,-1.3034964799880981,3.12532901763916,2.350987195968628,1.3034964799880981
1789.1833333333334,3.6087098121643066,1.6028927564620972,-0.004348345100879669,0.006116464734077454,-0.0060354541055858135,0.717472493648529,0.6965336799621582,1.6004114463984933,1.3585256338119507,-0.8647957444190979,-1.3034964799880981,3.1441824436187744,1.4817509651184082,1.3034964799880981
1789.2,3.608704090118408,1.6028896570205688,-0.0043435171246528625,0.006124093197286129,-0.005999545566737652,0.7195090651512146,0.6944301724433899,1.606267554133567,1.3387272357940674,-2.263244390487671,-1.3034964799880981,3.1639182567596436,2.3548974990844727,1.3034964799880981
1789.2166666666667,3.6087002754211426,1.6028878688812256,-0.004348330199718475,0.006150516681373119,-0.005999583285301924,0.7214808464050293,0.6923812031745911,1.6119552279585658,1.3194974660873413,-0.8641757369041443,-1.3034964799880981,3.1827797889709473,1.482218861579895,1.3034964799880981
1789.2333333333333,3.6086947917938232,1.6028848886489868,-0.0043435245752334595,0.006158847361803055,-0.005964414216578007,0.7235051393508911,0.6902657747268677,1.617811074004377,1.299706220626831,-2.2577059268951416,-1.3034964799880981,3.2025232315063477,2.3604371547698975,1.3034964799880981
1789.25,3.6086909770965576,1.602883219718933,-0.004348278045654297,0.0061846766620874405,-0.00596365612000227,0.7254651188850403,0.6882052421569824,1.623498910112236,1.2804838418960571,-0.8638467192649841,-1.3034964799880981,3.2213923931121826,1.4825549125671387,1.3034964799880981
1789.2666666666667,3.6086854934692383,1.602880597114563,-0.0043435171246528625,0.0061926404014229774,-0.005928081925958395,0.7274774312973022,0.6860780715942383,1.629355499989483,1.2607005834579468,-2.2569730281829834,-1.3034964799880981,3.241142511367798,2.366641044616699,1.3034964799880981
1789.2833333333333,3.6086814403533936,1.6028789281845093,-0.004348322749137878,0.006220128852874041,-0.005928821861743927,0.7294251322746277,0.6840066313743591,1.6350423483475889,1.2414867877960205,-0.8631417155265808,-1.3034964799880981,3.2600202560424805,1.4830429553985596,1.3034964799880981
1789.3,3.6086761951446533,1.6028766632080078,-0.004343502223491669,0.006227061618119478,-0.005892504006624222,0.731425404548645,0.6818675994873047,1.6408997136998602,1.2217081785202026,-2.2518417835235596,-1.3034964799880981,3.2797768115997314,2.3707194328308105,1.3034964799880981
1789.3166666666666,3.608672618865967,1.6028753519058228,-0.004348292946815491,0.006253468804061413,-0.005892194341868162,0.7333611845970154,0.679784893989563,1.6465867377051528,1.2025023698806763,-0.862989068031311,-1.3034964799880981,3.2986629009246826,1.4833285808563232,1.3034964799880981
1789.3333333333333,3.6086676120758057,1.60287344455719,-0.004343487322330475,0.006260422989726067,-0.005856052041053772,0.7353487610816956,0.677634596824646,1.6524431883392352,1.182732105255127,-2.2517881393432617,-1.3034964799880981,3.318425416946411,2.377629280090332,1.3034964799880981
1789.35,3.608663558959961,1.602872371673584,-0.004348285496234894,0.006288277916610241,-0.005856635980308056,0.7372726202011108,0.6755406856536865,1.6581306212501064,1.163534164428711,-0.8623110055923462,-1.3034964799880981,3.3373193740844727,1.4838463068008423,1.3034964799880981
1789.3666666666666,3.6086580753326416,1.6028703451156616,-0.004343464970588684,0.00629434734582901,-0.00582001730799675,0.7392479777336121,0.6733787059783936,1.6639877300147812,1.1437684297561646,-2.2469253540039062,-1.3034964799880981,3.357089042663574,2.382600784301758,1.3034964799880981
1789.3833333333334,3.608654022216797,1.6028696298599243,-0.004348233342170715,0.006319962441921234,-0.005818634759634733,0.7411598563194275,0.6712736487388611,1.669675516400676,1.1245768070220947,-0.8620312213897705,-1.3034964799880981,3.375991106033325,1.4842816591262817,1.3034964799880981
1789.4,3.6086490154266357,1.6028680801391602,-0.004343487322330475,0.006327545270323753,-0.005783453583717346,0.7431227564811707,0.6691001653671265,1.675532839846069,1.104819416999817,-2.245180368423462,-1.3034964799880981,3.3957669734954834,2.3897006511688232,1.3034964799880981
1789.4166666666667,3.608645439147949,1.6028677225112915,-0.004348225891590118,0.0063543012365698814,-0.005782864987850189,0.7450215220451355,0.6669849753379822,1.681217890491074,1.0856350660324097,-0.861667811870575,-1.3034964799880981,3.414677381515503,1.4846463203430176,1.3034964799880981
1789.4333333333334,3.608640193939209,1.6028664112091064,-0.004343442618846893,0.0063600377179682255,-0.005746118724346161,0.7469715476036072,0.664800763130188,1.6870742389082691,1.0658822059631348,-2.243583917617798,-1.3034964799880981,3.4344592094421387,2.3957457542419434,1.3034964799880981
1789.45,3.608635663986206,1.6028659343719482,-0.004348196089267731,0.006386945489794016,-0.005745629779994488,0.7488582730293274,0.6626743078231812,1.6927599136376432,1.0467056035995483,-0.8613342642784119,-1.3034964799880981,3.453378438949585,1.4850913286209106,1.3034964799880981
1789.4666666666667,3.6086301803588867,1.6028648614883423,-0.004343472421169281,0.006393887102603912,-0.005710052326321602,0.7507955431938171,0.6604790687561035,1.6986159258315647,1.0269606113433838,-2.2407660484313965,-1.3034964799880981,3.473165988922119,2.404050588607788,1.3034964799880981
1789.4833333333333,3.608625650405884,1.6028647422790527,-0.004348196089267731,0.006421081721782684,-0.005709728226065636,0.7526701092720032,0.658341646194458,1.704302035139792,1.007790207862854,-0.8609344363212585,-1.3034964799880981,3.4920918941497803,1.4855831861495972,1.3034964799880981
1789.5,3.6086199283599854,1.6028637886047363,-0.004343442618846893,0.006426843348890543,-0.005673268809914589,0.7545947432518005,0.6561351418495178,1.7101582320317799,0.9880484342575073,-2.238724708557129,-1.3034964799880981,3.511884927749634,2.408022165298462,1.3034964799880981
1789.5166666666667,3.6086151599884033,1.6028639078140259,-0.004348158836364746,0.006452911999076605,-0.005671604536473751,0.7564573287963867,0.6539865136146545,1.7158454864128678,0.9688840508460999,-0.8607732653617859,-1.3034964799880981,3.5308189392089844,1.4859601259231567,1.3034964799880981
1789.5333333333333,3.608609199523926,1.6028631925582886,-0.00434345006942749,0.006459595635533333,-0.00563605735078454,0.7583692669868469,0.6517688632011414,1.7217019252008288,0.949148952960968,-2.236752986907959,-1.3034964799880981,3.5506174564361572,2.4154467582702637,1.3034964799880981
1789.55,3.60860538482666,1.6028637886047363,-0.0043481141328811646,0.006485423073172569,-0.005634223110973835,0.7602196931838989,0.6496092081069946,1.7273900180108142,0.9299904108047485,-0.8606210947036743,-1.3034964799880981,3.56955885887146,1.486315131187439,1.3034964799880981
1789.5666666666666,3.6085996627807617,1.6028629541397095,-0.004343464970588684,0.0064925835467875,-0.005599156953394413,0.7621191740036011,0.6473800539970398,1.7332476447397547,0.9102611541748047,-2.2364888191223145,-1.3034964799880981,3.5893614292144775,2.4232678413391113,1.3034964799880981
1789.5833333333333,3.608595848083496,1.6028635501861572,-0.004348054528236389,0.006517764646559954,-0.0055967592634260654,0.763957142829895,0.6452097296714783,1.7389358467880116,0.8911078572273254,-0.8601725697517395,-1.3034964799880981,3.6083099842071533,1.4868842363357544,1.3034964799880981
1789.6,3.6085901260375977,1.6028634309768677,-0.004343405365943909,0.006524056661874056,-0.005561017896980047,0.7658436894416809,0.64296954870224,1.7447933878798139,0.8713828325271606,-2.23309588432312,-1.3034964799880981,3.6281192302703857,2.4305849075317383,1.3034964799880981
1789.6166666666666,3.608586072921753,1.602864146232605,-0.004348091781139374,0.00654995534569025,-0.005559053272008896,0.7676689624786377,0.6407890319824219,1.750481121611437,0.8522353172302246,-0.8602871894836426,-1.3034964799880981,3.647075653076172,1.4870785474777222,1.3034964799880981
1789.6333333333334,3.6085808277130127,1.6028639078140259,-0.004343383014202118,0.006555983331054449,-0.005523307248950005,0.7695425748825073,0.6385380029678345,1.756338741918816,0.8325145244598389,-2.2334444522857666,-1.3034964799880981,3.6668877601623535,2.4369771480560303,1.3034964799880981
1789.65,3.6085758209228516,1.6028646230697632,-0.004348054528236389,0.006581731606274843,-0.005520908627659082,0.7713553309440613,0.6363465785980225,1.7620268675425244,0.8133723139762878,-0.8603269457817078,-1.3034964799880981,3.6858510971069336,1.4873411655426025,1.3034964799880981
1789.6666666666667,3.608569860458374,1.6028645038604736,-0.004343375563621521,0.00658770278096199,-0.005485252011567354,0.7732158899307251,0.6340849995613098,1.7678843471173833,0.7936566472053528,-2.2345826625823975,-1.3034964799880981,3.7056665420532227,2.444117307662964,1.3034964799880981
1789.6833333333334,3.608565330505371,1.6028655767440796,-0.0043480172753334045,0.006613131146878004,-0.005482691805809736,0.7750160098075867,0.6318832635879517,1.773572559729321,0.7745192646980286,-0.8603653907775879,-1.3034964799880981,3.7246365547180176,1.4876614809036255,1.3034964799880981
1789.7,3.6085596084594727,1.6028656959533691,-0.004343338310718536,0.006619129329919815,-0.00544703658670187,0.7768634557723999,0.6296105980873108,1.7794300884662813,0.7548080682754517,-2.2345879077911377,-1.3034964799880981,3.7444562911987305,2.45036244392395,1.3034964799880981
1789.7166666666667,3.6085550785064697,1.602866768836975,-0.004347994923591614,0.006644375156611204,-0.005444224923849106,0.7786510586738586,0.6273984909057617,1.7851189253584328,0.7356758117675781,-0.8607324361801147,-1.3034964799880981,3.763432264328003,1.4878069162368774,1.3034964799880981
1789.7333333333333,3.6085495948791504,1.6028672456741333,-0.004343375563621521,0.0066503118723630905,-0.0054086484014987946,0.7804855704307556,0.625114917755127,1.7909771547815505,0.7159686088562012,-2.2363240718841553,-1.3034964799880981,3.783255100250244,2.4587442874908447,1.3034964799880981
1789.75,3.6085445880889893,1.6028685569763184,-0.004347994923591614,0.006677370518445969,-0.005407057702541351,0.7822604179382324,0.6228922605514526,1.796666248620512,0.6968404054641724,-0.860598623752594,-1.3034964799880981,3.8022382259368896,1.4880532026290894,1.3034964799880981
1789.7666666666667,3.608538866043091,1.602868676185608,-0.004343293607234955,0.006682016886770725,-0.0053704362362623215,0.784082293510437,0.6205976605415344,1.802526225823441,0.67713463306427,-2.2348685264587402,-1.3034964799880981,3.822063446044922,2.4660050868988037,1.3034964799880981
1789.7833333333333,3.6085338592529297,1.602869987487793,-0.004347942769527435,0.006707414984703064,-0.005367627367377281,0.7858441472053528,0.6183648705482483,1.8082149018117002,0.658009946346283,-0.8608009219169617,-1.3034964799880981,3.8410532474517822,1.4883707761764526,1.3034964799880981
1789.8,3.6085286140441895,1.6028703451156616,-0.004343315958976746,0.0067122820764780045,-0.005331358872354031,0.7876529097557068,0.6160596609115601,1.814075398949346,0.6383094787597656,-2.237459421157837,-1.3034964799880981,3.860881805419922,2.4733188152313232,1.3034964799880981
1789.8166666666666,3.6085236072540283,1.6028720140457153,-0.004347935318946838,0.0067386021837592125,-0.005329174920916557,0.7894019484519958,0.6138164401054382,1.8197645068617045,0.6191888451576233,-0.8610137701034546,-1.3034964799880981,3.8798763751983643,1.4885252714157104,1.3034964799880981
1789.8333333333333,3.608518123626709,1.6028722524642944,-0.004343278706073761,0.006743030622601509,-0.005292677320539951,0.7911972999572754,0.6115009784698486,1.8256247473104807,0.5994911193847656,-2.238631248474121,-1.3034964799880981,3.8997063636779785,2.47998046875,1.3034964799880981
1789.85,3.6085128784179688,1.602873682975769,-0.004347898066043854,0.006768086459487677,-0.005289226770401001,0.7929333448410034,0.6092478632926941,1.8313137271454343,0.5803729891777039,-0.8612743020057678,-1.3034964799880981,3.9187066555023193,1.4887974262237549,1.3034964799880981
1789.8666666666666,3.6085071563720703,1.6028739213943481,-0.004343301057815552,0.006773973349481821,-0.005253925453871489,0.7947152853012085,0.6069218516349792,1.837174063690528,0.5606796741485596,-2.240234613418579,-1.3034964799880981,3.9385385513305664,2.487704038619995,1.3034964799880981
1789.8833333333334,3.60850191116333,1.6028757095336914,-0.004347860813140869,0.0067985481582582,-0.005250191316008568,0.7964386940002441,0.604658305644989,1.842864337231905,0.5415639281272888,-0.8616019487380981,-1.3034964799880981,3.9575438499450684,1.488968849182129,1.3034964799880981
1789.9,3.6084961891174316,1.6028761863708496,-0.004343286156654358,0.00680398428812623,-0.005214583594352007,0.7982074618339539,0.6023216843605042,1.8487256188955925,0.5218726396560669,-2.2412240505218506,-1.3034964799880981,3.977377414703369,2.4956138134002686,1.3034964799880981
1789.9166666666667,3.6084909439086914,1.6028778553009033,-0.004347808659076691,0.006828252226114273,-0.00521061010658741,0.7999177575111389,0.6000481843948364,1.8544158767193784,0.502759575843811,-0.8617655634880066,-1.3034964799880981,3.996387004852295,1.4891873598098755,1.3034964799880981
1789.9333333333334,3.608484983444214,1.602878451347351,-0.004343263804912567,0.006833941675722599,-0.005175302736461163,0.8016730546951294,0.5977013111114502,1.8602773511725246,0.48306983709335327,-2.2408761978149414,-1.3034964799880981,4.01622200012207,2.5019826889038086,1.3034964799880981
1789.95,3.6084797382354736,1.6028800010681152,-0.004347778856754303,0.0068587977439165115,-0.0051715560257434845,0.8033700585365295,0.5954180359840393,1.8659672292513438,0.4639587998390198,-0.8620490431785583,-1.3034964799880981,4.0352349281311035,1.4893132448196411,1.3034964799880981
1789.9666666666667,3.608474016189575,1.6028809547424316,-0.004343211650848389,0.00686236098408699,-0.005134731996804476,0.8051121234893799,0.5930607318878174,1.8718297805224153,0.44426998496055603,-2.2401247024536133,-1.3034964799880981,4.0550713539123535,2.510119676589966,1.3034964799880981
1789.9833333333333,3.608469009399414,1.6028826236724854,-0.004347801208496094,0.006888497620820999,-0.005131797399371862,0.8067959547042847,0.5907676219940186,1.8775198405926659,0.42516154050827026,-0.8624187111854553,-1.3034964799880981,4.074088096618652,1.4893866777420044,1.3034964799880981
1790.0,3.6084630489349365,1.6028834581375122,-0.004343211650848389,0.006893436424434185,-0.0050961291417479515,0.8085244297981262,0.5884002447128296,1.8833825999971305,0.40547412633895874,-2.2418811321258545,-1.3034964799880981,4.093923568725586,2.515033721923828,1.3034964799880981
1790.0166666666667,3.6084578037261963,1.6028852462768555,-0.004347756505012512,0.006918575149029493,-0.005092402920126915,0.8101950883865356,0.5860973596572876,1.8890729609135901,0.38636675477027893,-0.8628904819488525,-1.3034964799880981,4.112945556640625,1.4894509315490723,1.3034964799880981
1790.0333333333333,3.6084516048431396,1.6028859615325928,-0.004343047738075256,0.006924066226929426,-0.005052534397691488,0.8119097948074341,0.5837199687957764,1.894935483334337,0.36666789650917053,-2.21673846244812,-1.3034964799880981,4.132774353027344,2.5350799560546875,1.3034964799880981
1790.05,3.6084461212158203,1.6028876304626465,-0.004347763955593109,0.006946893408894539,-0.005052169319242239,0.8135669231414795,0.5814077854156494,1.9006252148893492,0.3475678265094757,-0.8623668551445007,-1.3034964799880981,4.151798248291016,1.4897816181182861,1.3034964799880981
1790.0666666666666,3.6084401607513428,1.6028884649276733,-0.0043430328369140625,0.006953029427677393,-0.005012678448110819,0.8152676820755005,0.5790207982063293,1.9064871019475365,0.32787027955055237,-2.21553897857666,-1.3034964799880981,4.171626567840576,2.541837215423584,1.3034964799880981
1790.0833333333333,3.6084349155426025,1.6028903722763062,-0.004347741603851318,0.0069762482307851315,-0.005012135952711105,0.8169112205505371,0.5766993761062622,1.912176114399436,0.30877119302749634,-0.862797200679779,-1.3034964799880981,4.190654754638672,1.48977530002594,1.3034964799880981
1790.1,3.608428955078125,1.6028910875320435,-0.004343025386333466,0.006981758400797844,-0.004972289316356182,0.8185983896255493,0.5743024349212646,1.9180386913597867,0.2890735864639282,-2.215268850326538,-1.3034964799880981,4.210480690002441,2.5493102073669434,1.3034964799880981
1790.1166666666666,3.6084234714508057,1.6028929948806763,-0.0043477341532707214,0.0070045627653598785,-0.004971347749233246,0.8202288746833801,0.5719709396362305,1.923729071668339,0.26997488737106323,-0.8631116151809692,-1.3034964799880981,4.229511260986328,1.4899041652679443,1.3034964799880981
1790.1333333333334,3.608417272567749,1.602893590927124,-0.00434315949678421,0.0070085786283016205,-0.004935154691338539,0.8219020366668701,0.5695642828941345,1.9295913784309922,0.25029027462005615,-2.2421936988830566,-1.3034964799880981,4.249342918395996,2.54345440864563,1.3034964799880981
1790.15,3.6084115505218506,1.6028951406478882,-0.004347667098045349,0.007033024914562702,-0.004930511116981506,0.8235193490982056,0.5672231912612915,1.935282670992189,0.2311858832836151,-0.8641674518585205,-1.3034964799880981,4.268373489379883,1.4898754358291626,1.3034964799880981
1790.1666666666667,3.608405828475952,1.602895736694336,-0.0043431296944618225,0.0070373546332120895,-0.004894860554486513,0.8251791000366211,0.5648061037063599,1.9411468598771262,0.21149995923042297,-2.2414398193359375,-1.3034964799880981,4.288204669952393,2.549373149871826,1.3034964799880981
1790.1833333333334,3.608400344848633,1.6028971672058105,-0.004347644746303558,0.007062212098389864,-0.004890426993370056,0.8267830014228821,0.562455415725708,1.9468387165153436,0.19239561259746552,-0.8645532727241516,-1.3034964799880981,4.307236671447754,1.489830732345581,1.3034964799880981
1790.2,3.608394145965576,1.6028976440429688,-0.004343107342720032,0.0070655252784490585,-0.004854016471654177,0.8284288644790649,0.5600287318229675,1.9527031957310113,0.17270803451538086,-2.240781307220459,-1.3034964799880981,4.3270649909973145,2.555501699447632,1.3034964799880981
1790.2166666666667,3.608388662338257,1.6028993129730225,-0.004347622394561768,0.007090224884450436,-0.00484952237457037,0.8300193548202515,0.5576683282852173,1.95839588483277,0.15360364317893982,-0.8649172186851501,-1.3034964799880981,4.346097469329834,1.489874243736267,1.3034964799880981
1790.2333333333333,3.6083824634552,1.6028993129730225,-0.00434306263923645,0.007092227693647146,-0.004812474362552166,0.8316513299942017,0.555232048034668,1.9642608566221615,0.13391463458538055,-2.240635395050049,-1.3034964799880981,4.365922927856445,2.5610787868499756,1.3034964799880981
1790.25,3.608377456665039,1.602900505065918,-0.00434759259223938,0.007117389235645533,-0.004808154888451099,0.833228349685669,0.5528620481491089,1.9699543619382351,0.11481024324893951,-0.8653741478919983,-1.3034964799880981,4.384957790374756,1.489823818206787,1.3034964799880981
1790.2666666666667,3.6083714962005615,1.6029009819030762,-0.004342943429946899,0.007121467497199774,-0.004767995327711105,0.8348462581634521,0.5504162311553955,1.9758194735656298,0.09510815143585205,-2.2138030529022217,-1.3034964799880981,4.4047746658325195,2.5822694301605225,1.3034964799880981
1790.2833333333333,3.608365535736084,1.6029020547866821,-0.004347659647464752,0.0071457806043326855,-0.004767830483615398,0.8364090323448181,0.5480383634567261,1.9815108992565764,0.07600853592157364,-0.8651845455169678,-1.3034964799880981,4.423812389373779,1.489843487739563,1.3034964799880981
1790.3,3.6083590984344482,1.6029021739959717,-0.0043429359793663025,0.007150392048060894,-0.004727737512439489,0.8380125164985657,0.5455837845802307,1.9873749488318027,0.056305788457393646,-2.2166008949279785,-1.3034964799880981,4.443624496459961,2.586881160736084,1.3034964799880981
1790.3166666666666,3.608353614807129,1.6029033660888672,-0.004347570240497589,0.0071715801022946835,-0.004725431092083454,0.8395615816116333,0.5431966781616211,1.9930666300374242,0.03720381483435631,-0.8654062747955322,-1.3034964799880981,4.462661266326904,1.4900089502334595,1.3034964799880981
1790.3333333333333,3.6083474159240723,1.6029034852981567,-0.004342928528785706,0.007177148945629597,-0.004686045926064253,0.8411505222320557,0.5407330393791199,1.9989297104781927,0.017499757930636406,-2.2146997451782227,-1.3034964799880981,4.482471942901611,2.593226671218872,1.3034964799880981
1790.35,3.608342170715332,1.6029047966003418,-0.004347614943981171,0.007200161460787058,-0.004684852436184883,0.8426858186721802,0.5383370518684387,2.0046215351860375,-0.0016028346726670861,-0.8660098910331726,-1.3034964799880981,4.5015082359313965,1.4897772073745728,1.3034964799880981
1790.3666666666666,3.6083362102508545,1.6029046773910522,-0.004342891275882721,0.007203349843621254,-0.004644113127142191,0.8442607522010803,0.5358640551567078,2.0104853932311544,-0.021309785544872284,-2.2167603969573975,-1.3034964799880981,4.5213141441345215,2.5984253883361816,1.3034964799880981
1790.3833333333334,3.608330011367798,1.6029058694839478,-0.004347585141658783,0.00722629576921463,-0.004642884712666273,0.8457823991775513,0.5334588289260864,2.0161780863071557,-0.04041370749473572,-0.8664070963859558,-1.3034964799880981,4.540350914001465,1.4897290468215942,1.3034964799880981
1790.4,3.608323812484741,1.6029053926467896,-0.004342913627624512,0.0072301169857382774,-0.004602472297847271,0.8473436236381531,0.5309757590293884,2.022044275238299,-0.0601227730512619,-2.216566562652588,-1.3034964799880981,4.560152053833008,2.6039953231811523,1.3034964799880981
1790.4166666666667,3.6083180904388428,1.602906584739685,-0.004347562789916992,0.007252861279994249,-0.004600862972438335,0.8488511443138123,0.5285619497299194,2.0277363174805347,-0.07922901958227158,-0.866844892501831,-1.3034964799880981,4.579188346862793,1.4896445274353027,1.3034964799880981
1790.4333333333334,3.6083121299743652,1.602906346321106,-0.004342876374721527,0.007256420329213142,-0.004560584202408791,0.8503980040550232,0.5260701179504395,2.033602374019628,-0.09894045442342758,-2.217177629470825,-1.3034964799880981,4.59898567199707,2.60900616645813,1.3034964799880981
1790.45,3.608306646347046,1.6029072999954224,-0.004347547888755798,0.007278521079570055,-0.004558526910841465,0.8518915176391602,0.5236480236053467,2.0392940258857433,-0.11804932355880737,-0.8673297762870789,-1.2491841316223145,4.618020057678223,1.489555835723877,1.2491841316223145
1790.4666666666667,3.6083006858825684,1.602906584739685,-0.004342898726463318,0.007281733676791191,-0.004518576897680759,0.8533850312232971,0.5212104916572571,2.0450111346798434,-0.1370231956243515,-2.6197867393493652,-1.1948717832565308,4.637110710144043,2.8882176876068115,1.1948717832565308
1790.4833333333333,3.6082968711853027,1.6029047966003418,-0.004347473382949829,0.007305610924959183,-0.004516413901001215,0.8547554612159729,0.5189597606658936,2.0502817848813226,-0.15473736822605133,-0.7770219445228577,-1.140559434890747,4.6547064781188965,1.3856537342071533,1.140559434890747
1790.5,3.6082918643951416,1.602902889251709,-0.00434374064207077,0.007307006046175957,-0.004483290482312441,0.856107771396637,0.5167263150215149,2.0555039175647414,-0.1715879589319229,-3.317636251449585,-1.0862470865249634,4.671965599060059,2.839306592941284,1.0862470865249634
1790.5166666666667,3.608287811279297,1.602905511856079,-0.004346862435340881,0.007326982449740171,-0.004476319067180157,0.8573099970817566,0.5147287845611572,2.0601667838993634,-0.1871761977672577,-0.6948527097702026,-1.0862470865249634,4.6877570152282715,1.2657281160354614,1.0862470865249634
1790.5333333333333,3.608283281326294,1.6029040813446045,-0.00434441864490509,0.007330676075071096,-0.0044488804414868355,0.8585498929023743,0.5126582384109497,2.064993721313966,-0.2027423083782196,-3.0715339183807373,-0.977622389793396,4.703734397888184,2.626950740814209,0.977622389793396
1790.55,3.6082799434661865,1.6029075384140015,-0.004347518086433411,0.00734833674505353,-0.004445989616215229,0.859636127948761,0.5108345150947571,2.0692394213296263,-0.21683651208877563,-0.6367079019546509,-0.9233100414276123,4.718062400817871,1.1403422355651855,0.9233100414276123
1790.5666666666666,3.6082763671875,1.602906584739685,-0.004345111548900604,0.0073532224632799625,-0.004420123994350433,0.86069655418396,0.5090459585189819,2.073398044624961,-0.23025228083133698,-2.4665310382843018,-0.8689976930618286,4.731832027435303,2.2141165733337402,0.8689976930618286
1790.5833333333333,3.60827374458313,1.6029090881347656,-0.004348933696746826,0.007367875427007675,-0.0044245049357414246,0.8616188168525696,0.5074830055236816,2.0770278337258223,-0.24228999018669128,-0.6468958258628845,-0.8146852850914001,4.74409294128418,0.9581450819969177,0.8146852850914001
1790.6,3.6082699298858643,1.6029093265533447,-0.004345804452896118,0.007374090142548084,-0.004391983617097139,0.8625285029411316,0.505935549736023,2.080617778519546,-0.25409725308418274,-1.4354474544525146,-0.7603729367256165,4.756000995635986,-0.2320840209722519,0.7603729367256165
1790.6166666666666,3.6082651615142822,1.6029155254364014,-0.004345141351222992,0.0073768822476267815,-0.004377951845526695,0.8633725643157959,0.5044940114021301,2.0839589543229677,-0.2646908462047577,-2.0628011226654053,-0.7603729367256165,4.767252445220947,1.7192463874816895,0.7603729367256165
1790.6333333333334,3.6082615852355957,1.602918028831482,-0.004349924623966217,0.007391984574496746,-0.004390833433717489,0.8641303777694702,0.5031944513320923,2.0869680173522354,-0.27424848079681396,-0.9056910276412964,-0.6517482399940491,4.777552127838135,0.7152942419052124,0.6517482399940491
1790.65,3.608259677886963,1.6029175519943237,-0.004347190260887146,0.007395830936729908,-0.004364947788417339,0.8648541569709778,0.5019495487213135,2.089847881257124,-0.28357169032096863,-1.2172987461090088,-0.5974358916282654,4.787069320678711,1.0190033912658691,0.5974358916282654
1790.6666666666667,3.6082563400268555,1.6029211282730103,-0.004349403083324432,0.007405217736959457,-0.004365687258541584,0.8654640316963196,0.5008972883224487,2.0922806735351696,-0.29133808612823486,-0.9355148077011108,-0.5431235432624817,4.79522705078125,0.686741292476654,0.5431235432624817
1790.6833333333334,3.608253002166748,1.6029237508773804,-0.00434798002243042,0.007410694845020771,-0.004346929024904966,0.8660163879394531,0.4999416172504425,2.094488079326379,-0.29821494221687317,-1.4689544439315796,-0.488811194896698,4.802621364593506,0.7087867856025696,0.488811194896698
1790.7,3.6082468032836914,1.602933406829834,-0.0043500810861587524,0.007423458155244589,-0.004344547167420387,0.8664808869361877,0.4991360306739807,2.0963480172214797,-0.30379199981689453,-1.188762903213501,-0.4344988465309143,4.80814266204834,0.7530480027198792,0.4344988465309143
1790.7166666666667,3.6082422733306885,1.6029384136199951,-0.004346154630184174,0.0074125537648797035,-0.004323580302298069,0.8669098615646362,0.49839097261428833,2.0980674596672326,-0.30903083086013794,-1.0798356533050537,-0.4344988465309143,4.81402063369751,0.045337554067373276,0.4344988465309143
1790.7333333333333,3.6082382202148438,1.6029446125030518,-0.004349872469902039,0.00742779765278101,-0.004332993179559708,0.8673030734062195,0.49770623445510864,2.099646997697582,-0.3138449192047119,-0.9791370034217834,-0.32587411999702454,4.819425106048584,0.5935881733894348,0.32587411999702454
1790.75,3.608234405517578,1.6029493808746338,-0.0043496787548065186,0.0074300686828792095,-0.0043276348151266575,0.8675922751426697,0.4972018599510193,2.100809763678889,-0.3173755705356598,-0.6077588796615601,-0.27156177163124084,4.823098659515381,0.05728200078010559,0.27156177163124084
1790.7666666666667,3.6082303524017334,1.6029551029205322,-0.004349611699581146,0.007433852646499872,-0.004318452440202236,0.8678194880485535,0.4968051314353943,2.1017240109692596,-0.32008692622184753,0.05823103338479996,-0.21724940836429596,4.826301574707031,0.44677287340164185,0.21724940836429596
1790.7833333333333,3.6082286834716797,1.6029561758041382,-0.0043520331382751465,0.007444045040756464,-0.004322739318013191,0.8679611086845398,0.4965575039386749,2.1022946046586575,-0.3222697079181671,0.047937631607055664,-0.16293705999851227,4.828235149383545,0.35160666704177856,0.16293705999851227
1790.8,3.6082279682159424,1.60295832157135,-0.004352115094661713,0.007444094866514206,-0.004324094858020544,0.8680436611175537,0.4964131712913513,2.1026272132001873,-0.32328909635543823,0.154201939702034,-0.10862470418214798,4.829394340515137,0.27024295926094055,0.10862470418214798
1790.8166666666666,3.6082282066345215,1.6029613018035889,-0.00435444712638855,0.007455642335116863,-0.004322610795497894,0.8680522441864014,0.4963979721069336,2.1026619814752734,-0.32335394620895386,0.1014285460114479,-0.10862470418214798,4.829917907714844,0.0014041501563042402,0.10862470418214798
1790.8333333333333,3.6082327365875244,1.602948546409607,-0.004358761012554169,0.00751848891377449,-0.004346419591456652,0.8680804371833801,0.4963475465774536,2.1027773863920727,-0.32409268617630005,0.09469566494226456,0.0,4.829936981201172,0.11532507091760635,0.0
1790.85,3.6082332134246826,1.6029483079910278,-0.0043379440903663635,0.007395120337605476,-0.004302721470594406,0.8680809736251831,0.49634888768196106,2.102776017056037,-0.32403361797332764,-0.051206041127443314,0.0,4.829980373382568,-0.015566169284284115,0.0
1790.8666666666666,3.608238458633423,1.6029385328292847,-0.004362799227237701,0.007588824722915888,-0.0044001126661896706,0.8680753111839294,0.4963550269603729,2.1027595708492854,-0.32436060905456543,-0.004042559769004583,0.0,4.829539775848389,-0.0061042290180921555,0.0
1790.8833333333334,3.6082396507263184,1.6029373407363892,-0.004335217177867889,0.007384841796010733,-0.004300943575799465,0.8680773973464966,0.4963551163673401,2.1027615440294687,-0.3243403136730194,-0.029272573068737984,0.0,4.82957649230957,-0.0006179718184284866,0.0
1790.9,3.608243942260742,1.6029292345046997,-0.00436391681432724,0.007578784599900246,-0.004392026923596859,0.8680715560913086,0.49636155366897583,2.102744245245993,-0.32460930943489075,-0.006335272453725338,0.0,4.8291916847229,-0.0013618501834571362,0.0
1790.9166666666667,3.6082451343536377,1.6029281616210938,-0.0043350085616111755,0.0073847961612045765,-0.0043001845479011536,0.8680737018585205,0.49636173248291016,2.1027465005411585,-0.3245963454246521,-0.02135230414569378,0.0,4.829220771789551,0.0038639786653220654,0.0
1790.9333333333334,3.6082499027252197,1.6029199361801147,-0.004360578954219818,0.007525571156293154,-0.004362328909337521,0.8680683374404907,0.4963682293891907,2.1027294413950863,-0.3248465061187744,-0.009245486930012703,0.0,4.828854084014893,-0.0007165599963627756,0.0
1790.95,3.6082510948181152,1.6029192209243774,-0.004336997866630554,0.007390504702925682,-0.0043036192655563354,0.8680694103240967,0.49636924266815186,2.102729304722875,-0.32483333349227905,-0.019956842064857483,0.0,4.828871726989746,0.006843970622867346,0.0
1790.9666666666667,3.6082539558410645,1.6029114723205566,-0.004363298416137695,0.00757392356172204,-0.004390030167996883,0.8680639266967773,0.4963752031326294,2.102713164516307,-0.3250803053379059,-0.008286087773740292,0.0,4.828517913818359,0.001358739915303886,0.0
1790.9833333333333,3.608255386352539,1.6029107570648193,-0.004335187375545502,0.0073851305060088634,-0.004300753585994244,0.868066668510437,0.49637413024902344,2.1027180874780766,-0.3250714838504791,-0.022125244140625,0.0,4.828561782836914,0.007101466879248619,0.0
1791.0,3.608259677886963,1.6029025316238403,-0.004360504448413849,0.00752353947609663,-0.004361430183053017,0.8680618405342102,0.49637967348098755,2.1027031601681725,-0.3253224194049835,-0.008737119846045971,0.0,4.828207969665527,0.0020281579345464706,0.0
1791.0166666666667,3.6082603931427,1.6029020547866821,-0.004336997866630554,0.007391116116195917,-0.00430381391197443,0.8680635690689087,0.49637943506240845,2.1027057944799252,-0.3253229558467865,-0.021106397733092308,0.0,4.828237056732178,0.009072692133486271,0.0
1791.0333333333333,3.608264923095703,1.6028944253921509,-0.004363320767879486,0.007573212496936321,-0.004390313755720854,0.8680586814880371,0.49638432264328003,2.102692079223558,-0.32556861639022827,-0.008186692371964455,0.0,4.827887058258057,0.003806116757914424,0.0
1791.05,3.6082651615142822,1.602893352508545,-0.00433514267206192,0.007384610362350941,-0.004299886990338564,0.8680596947669983,0.49638622999191284,2.1026900498288237,-0.3255480229854584,-0.01969871297478676,0.0,4.827900409698486,0.00874113105237484,0.0
1791.0666666666666,3.608269214630127,1.6028858423233032,-0.004363834857940674,0.00757154356688261,-0.004389643669128418,0.8680549263954163,0.4963909983634949,2.102676829666049,-0.3258022665977478,-0.007719044107943773,0.0,4.827561378479004,0.005234920885413885,0.0
1791.0833333333333,3.6082711219787598,1.6028847694396973,-0.004335030913352966,0.007383918389678001,-0.00429992750287056,0.8680574893951416,0.4963901937007904,2.1026810671070195,-0.3257862627506256,-0.02285928651690483,0.0,4.827597141265869,0.008426803164184093,0.0
1791.1,3.608274459838867,1.6028773784637451,-0.0043638721108436584,0.007574017159640789,-0.004390770569443703,0.8680530190467834,0.4963943362236023,2.1026691788285214,-0.32604891061782837,-0.008078939281404018,0.0,4.827258586883545,0.0048885103315114975,0.0
1791.1166666666666,3.608275890350342,1.6028764247894287,-0.004334963858127594,0.007384066469967365,-0.004299769643694162,0.8680551052093506,0.4963942766189575,2.102671533539976,-0.3260381817817688,-0.021601460874080658,0.0,4.827291011810303,0.008820529095828533,0.0
1791.1333333333334,3.6082797050476074,1.6028690338134766,-0.004363887012004852,0.00757236871868372,-0.004390125162899494,0.8680504560470581,0.49639877676963806,2.102658865991652,-0.32629403471946716,-0.00696240458637476,0.0,4.826949119567871,0.006310211960226297,0.0
1791.15,3.608280658721924,1.602867841720581,-0.004335001111030579,0.007383373100310564,-0.004299412481486797,0.8680521845817566,0.49639928340911865,2.1026598429079315,-0.32627105712890625,-0.02146853879094124,0.0,4.8269734382629395,0.008574601262807846,0.0
1791.1666666666667,3.6082849502563477,1.602860689163208,-0.004363879561424255,0.0075729298405349255,-0.004390444606542587,0.8680475354194641,0.4964037239551544,2.102647248625591,-0.32653170824050903,-0.0077688670717179775,0.0,4.826635360717773,0.007235540077090263,0.0
1791.1833333333334,3.608285903930664,1.6028592586517334,-0.004334971308708191,0.007385010831058025,-0.004299917723983526,0.8680486679077148,0.49640533328056335,2.1026457794178337,-0.3265116810798645,-0.02056495100259781,0.0,4.826652526855469,0.009353384375572205,0.0
1791.2,3.6082897186279297,1.602851390838623,-0.004360586404800415,0.007522114552557468,-0.004360976628959179,0.8680447936058044,0.4964095950126648,2.1026343574101425,-0.3267678916454315,-0.00837746448814869,0.0,4.826315879821777,0.006570249330252409,0.0
1791.2166666666667,3.608290672302246,1.6028506755828857,-0.00433698296546936,0.0073919352144002914,-0.004303881898522377,0.8680464029312134,0.4964093565940857,2.102636716845285,-0.3267611861228943,-0.021856237202882767,0.0,4.826344966888428,0.011274399235844612,0.0
1791.2333333333333,3.608295202255249,1.6028430461883545,-0.004359878599643707,0.007521442137658596,-0.004361173138022423,0.868042528629303,0.49641358852386475,2.1026252038417796,-0.327016681432724,-0.008199827745556831,0.0,4.826009273529053,0.007198129780590534,0.0
1791.25,3.6082959175109863,1.6028422117233276,-0.0043372660875320435,0.007392993662506342,-0.0043042851611971855,0.8680431842803955,0.4964148998260498,2.1026238367331542,-0.3270011842250824,-0.020439309999346733,0.09324009716510773,4.826022148132324,0.012084064073860645,0.09324009716510773
1791.2666666666667,3.6082935333251953,1.602842926979065,-0.00435822457075119,0.0075327553786337376,-0.004364220425486565,0.8680381178855896,0.49642103910446167,2.102607782132908,-0.3269212245941162,-0.1464586704969406,0.18648019433021545,4.826001167297363,-0.008360139094293118,0.18648019433021545
1791.2833333333333,3.60827898979187,1.6028705835342407,-0.004340864717960358,0.007403507828712463,-0.004313409328460693,0.8680480122566223,0.4964062571525574,2.102643716026193,-0.32613399624824524,0.2032013088464737,0.279720276594162,4.8270111083984375,0.2740493416786194,0.279720276594162
1791.3,3.608241081237793,1.6029380559921265,-0.004355236887931824,0.007458713836967945,-0.004338761791586876,0.8680534958839417,0.4963955879211426,2.102667573832129,-0.3241141140460968,0.43355199694633484,0.3729603886604309,4.829198837280273,0.4193789064884186,0.3729603886604309
1791.3166666666666,3.6081674098968506,1.603061556816101,-0.004340745508670807,0.00741485133767128,-0.004291875753551722,0.8680464029312134,0.4964091181755066,2.102636758603993,-0.3199675679206848,0.6889753341674805,0.3729603886604309,4.833079814910889,0.5652860999107361,0.3729603886604309
1791.3333333333333,3.6080822944641113,1.6032073497772217,-0.004348263144493103,0.007431004196405411,-0.004314371384680271,0.8680424690246582,0.4964154362678528,2.1026219756168345,-0.3152655065059662,0.5900711417198181,0.559440553188324,4.837780475616455,0.5804429054260254,0.559440553188324
1791.35,3.607964038848877,1.6034090518951416,-0.004352666437625885,0.0074583617970347404,-0.004326436668634415,0.868040919303894,0.496417760848999,2.102616461511395,-0.3086707592010498,0.70222008228302,0.6526806354522705,4.84429407119751,0.7112423181533813,0.6526806354522705
1791.3666666666666,3.6078054904937744,1.6036784648895264,-0.004342295229434967,0.007416119799017906,-0.004304055590182543,0.8680394887924194,0.4964209198951721,2.102609431952013,-0.29991528391838074,0.8444598913192749,0.7459207773208618,4.853016376495361,0.8522348403930664,0.7459207773208618
1791.3833333333334,3.607618570327759,1.6039965152740479,-0.004344835877418518,0.007425447925925255,-0.004305583890527487,0.8680381178855896,0.49642324447631836,2.1026040472151086,-0.2895682752132416,0.9284572601318359,0.8391608595848083,4.863330364227295,0.9365146160125732,0.8391608595848083
1791.4,3.607404947280884,1.6043586730957031,-0.004350058734416962,0.007440356537699699,-0.004316943697631359,0.8680370450019836,0.4964250326156616,2.102600121541091,-0.2777981162071228,1.0276832580566406,0.9324009418487549,4.8750715255737305,1.0369348526000977,0.9324009418487549
1791.4166666666667,3.6071617603302,1.6047712564468384,-0.00434982031583786,0.007437329739332199,-0.004321746528148651,0.8680389523506165,0.4964214861392975,2.1026080870431327,-0.2644234597682953,1.1348252296447754,0.9324009418487549,4.888456344604492,1.137219786643982,0.9324009418487549
1791.4333333333334,3.606907367706299,1.605204463005066,-0.004346147179603577,0.007422254420816898,-0.0043133096769452095,0.8680346012115479,0.4964295029640198,2.1025899409628637,-0.25034111738204956,1.1611039638519287,1.118881106376648,4.902467727661133,1.1639295816421509,1.118881106376648
1791.45,3.6066181659698486,1.605695128440857,-0.004353918135166168,0.007460377179086208,-0.004331827163696289,0.8680309057235718,0.49643513560295105,2.1025763645392312,-0.2343684285879135,1.2725975513458252,1.2121212482452393,4.918362140655518,1.2771800756454468,1.2121212482452393
1791.4666666666667,3.6062912940979004,1.6062511205673218,-0.004343092441558838,0.00741526810452342,-0.004310021176934242,0.8680287599563599,0.49643969535827637,2.102566320899932,-0.21628324687480927,1.412084698677063,1.305361270904541,4.936385154724121,1.4192270040512085,1.305361270904541
1791.4833333333333,3.6059353351593018,1.6068553924560547,-0.00435185432434082,0.007444947026669979,-0.004326319321990013,0.8680264353752136,0.49644339084625244,2.102557775625195,-0.1966947466135025,1.50421941280365,1.3986014127731323,4.955924987792969,1.5064337253570557,1.3986014127731323
1791.5,3.6055526733398438,1.6075057983398438,-0.004349410533905029,0.007435529492795467,-0.004321232438087463,0.8680241703987122,0.4964473843574524,2.1025484653791087,-0.17553256452083588,1.603124737739563,1.3986014127731323,4.977020263671875,1.6058138608932495,1.3986014127731323
1791.5166666666667,3.605156898498535,1.6081788539886475,-0.004346370697021484,0.0074224756099283695,-0.004315529949963093,0.8680220246315002,0.49645131826400757,2.1025394749025854,-0.1536656618118286,1.6305553913116455,1.3986014127731323,4.998833656311035,1.6349257230758667,1.3986014127731323
1791.5333333333333,3.6047589778900146,1.6088547706604004,-0.004347160458564758,0.0074245017021894455,-0.0043166927061975,0.8680198192596436,0.49645519256591797,2.1025306085274944,-0.13174903392791748,1.6316825151443481,1.3986014127731323,5.020697116851807,1.6344441175460815,1.3986014127731323
1791.55,3.604362964630127,1.6095294952392578,-0.004346959292888641,0.007424161769449711,-0.004316550679504871,0.8680174350738525,0.49645939469337463,2.102520968809124,-0.10981746762990952,1.630735158920288,1.3986014127731323,5.042568206787109,1.6339505910873413,1.3986014127731323
1791.5666666666666,3.603965997695923,1.6102033853530884,-0.004346936941146851,0.007424875628203154,-0.004316119477152824,0.8680151700973511,0.496463418006897,2.1025117814654175,-0.08788546919822693,1.629897952079773,1.3986014127731323,5.0644450187683105,1.6352993249893188,1.3986014127731323
1791.5833333333333,3.6035685539245605,1.610878825187683,-0.004346981644630432,0.007422800175845623,-0.0043173013255000114,0.8680130243301392,0.4964669346809387,2.102503360890472,-0.06598297506570816,1.632246732711792,1.3986014127731323,5.08629846572876,1.6352150440216064,1.3986014127731323
1791.6,3.6031720638275146,1.6115537881851196,-0.004347369074821472,0.007423342205584049,-0.004318621009588242,0.8680109977722168,0.49647057056427,2.102495146747178,-0.04404490068554878,1.6316472291946411,1.3986014127731323,5.108180046081543,1.6355152130126953,1.3986014127731323
1791.6166666666666,3.6027750968933105,1.6122277975082397,-0.004346884787082672,0.007423480041325092,-0.004316141828894615,0.8680089116096497,0.4964742064476013,2.102486697311204,-0.022119242697954178,1.6301493644714355,1.3986014127731323,5.130053520202637,1.636104702949524,1.3986014127731323
1791.6333333333334,3.6023778915405273,1.6129037141799927,-0.004347115755081177,0.007425002753734589,-0.0043177055194973946,0.8680069446563721,0.4964776337146759,2.102478825022764,-0.00021088084031362087,1.6314282417297363,1.3986014127731323,5.151914596557617,1.6344043016433716,1.3986014127731323
1791.65,3.6019811630249023,1.6135780811309814,-0.004346713423728943,0.007423678413033485,-0.004315169993788004,0.8680046200752258,0.4964817762374878,2.1024693284295752,0.021719152107834816,1.6300721168518066,1.3986014127731323,5.173782825469971,1.6341065168380737,1.3986014127731323
1791.6666666666667,3.601583957672119,1.6142524480819702,-0.004346989095211029,0.007424670271575451,-0.0043167173862457275,0.8680024743080139,0.49648550152778625,2.1024607459806375,0.043654270470142365,1.6300609111785889,1.3986014127731323,5.195662975311279,1.6347171068191528,1.3986014127731323
1791.6833333333334,3.601186990737915,1.614927887916565,-0.004347003996372223,0.007423672825098038,-0.004317023791372776,0.8680002689361572,0.49648940563201904,2.1024518212500296,0.06556129455566406,1.6319024562835693,1.3986014127731323,5.21751594543457,1.6346827745437622,1.3986014127731323
1791.7,3.60079026222229,1.6156028509140015,-0.004346996545791626,0.007424314506351948,-0.004316779784858227,0.8679977655410767,0.4964936375617981,2.102441860842599,0.08749406784772873,1.6301929950714111,1.3986014127731323,5.239386558532715,1.6347978115081787,1.3986014127731323
1791.7166666666667,3.600393295288086,1.6162766218185425,-0.004346899688243866,0.0074221063405275345,-0.004316698759794235,0.8679959177970886,0.49649715423583984,2.1024341536134443,0.10942137241363525,1.630385160446167,1.3986014127731323,5.261261940002441,1.636178731918335,1.3986014127731323
1791.7333333333333,3.5999958515167236,1.6169524192810059,-0.004347056150436401,0.007423842325806618,-0.00431697815656662,0.8679938316345215,0.4965006113052368,2.102425930617307,0.13133051991462708,1.6317930221557617,1.3986014127731323,5.2831220626831055,1.634718656539917,1.3986014127731323
1791.75,3.5995984077453613,1.6176273822784424,-0.0043470486998558044,0.007423638831824064,-0.004316987469792366,0.8679914474487305,0.4965047240257263,2.1024163740196213,0.15326480567455292,1.6304209232330322,1.3986014127731323,5.304994583129883,1.633877158164978,1.3986014127731323
1791.7666666666667,3.599202871322632,1.618301510810852,-0.004346922039985657,0.007422790862619877,-0.004315950907766819,0.8679893612861633,0.49650853872299194,2.102407795512706,0.17519636452198029,1.6297937631607056,1.3986014127731323,5.326873302459717,1.6345038414001465,1.3986014127731323
1791.7833333333333,3.5988059043884277,1.6189771890640259,-0.004347100853919983,0.007424596697092056,-0.004317674785852432,0.8679872155189514,0.4965123236179352,2.1023991683544785,0.1971026211977005,1.6315783262252808,1.3986014127731323,5.348728656768799,1.634384274482727,1.3986014127731323
1791.8,3.5984089374542236,1.6196515560150146,-0.0043467506766319275,0.007423358503729105,-0.004315607715398073,0.8679847717285156,0.49651646614074707,2.1023893861657394,0.21903415024280548,1.630338430404663,1.3986014127731323,5.370593070983887,1.6343388557434082,1.3986014127731323
1791.8166666666666,3.5980122089385986,1.620326280593872,-0.00434710830450058,0.007424267008900642,-0.004317313898354769,0.8679828643798828,0.4965197741985321,2.102381768027834,0.2409682273864746,1.6296058893203735,1.3986014127731323,5.3924760818481445,1.6350901126861572,1.3986014127731323
1791.8333333333333,3.5976152420043945,1.6210020780563354,-0.004347003996372223,0.0074242218397557735,-0.004317496903240681,0.8679808378219604,0.49652332067489624,2.102373604965128,0.2628720700740814,1.631851315498352,1.3986014127731323,5.41433048248291,1.6347496509552002,1.3986014127731323
1791.85,3.5972185134887695,1.6216763257980347,-0.004346877336502075,0.007423649542033672,-0.004316180013120174,0.8679783940315247,0.49652761220932007,2.102363711465899,0.2848062813282013,1.6303526163101196,1.3986014127731323,5.4362006187438965,1.6343661546707153,1.3986014127731323
1791.8666666666666,3.5968220233917236,1.622351050376892,-0.00434710830450058,0.007423693779855967,-0.004317649640142918,0.8679763078689575,0.49653130769729614,2.102355298152805,0.30674004554748535,1.6305593252182007,1.3986014127731323,5.458078384399414,1.635659098625183,1.3986014127731323
1791.8833333333334,3.5964243412017822,1.6230266094207764,-0.004347056150436401,0.007424398325383663,-0.00431799003854394,0.8679741621017456,0.496535062789917,2.102346661591523,0.328646719455719,1.6315661668777466,1.3986014127731323,5.479933738708496,1.634488821029663,1.3986014127731323
1791.9,3.5960276126861572,1.623701572418213,-0.004347316920757294,0.007423647679388523,-0.0043191746808588505,0.8679719567298889,0.4965387284755707,2.102337967891902,0.3505815267562866,1.6315714120864868,1.3986014127731323,5.501808166503906,1.6352260112762451,1.3986014127731323
1791.9166666666667,3.5956320762634277,1.624375820159912,-0.004347153007984161,0.007423784583806992,-0.004318455699831247,0.8679699301719666,0.4965423345565796,2.1023297331051407,0.3725115954875946,1.6303766965866089,1.3986014127731323,5.523687839508057,1.6353577375411987,1.3986014127731323
1791.9333333333334,3.5952348709106445,1.6250513792037964,-0.004346974194049835,0.007423486560583115,-0.004317338578402996,0.8679677248001099,0.49654626846313477,2.10232075381198,0.3944152891635895,1.6319071054458618,1.3986014127731323,5.545541286468506,1.6348124742507935,1.3986014127731323
1791.95,3.5948386192321777,1.6257259845733643,-0.0043472424149513245,0.007423965260386467,-0.004318572580814362,0.867965579032898,0.4965500235557556,2.10231213642282,0.4163520336151123,1.6304047107696533,1.3986014127731323,5.567417621612549,1.6346986293792725,1.3986014127731323
1791.9666666666667,3.5944414138793945,1.6264005899429321,-0.004347220063209534,0.007423839066177607,-0.004318772815167904,0.8679636120796204,0.4965534806251526,2.102304200723108,0.43827980756759644,1.6312412023544312,1.3986014127731323,5.589291095733643,1.6369876861572266,1.3986014127731323
1791.9833333333333,3.5940442085266113,1.627076268196106,-0.00434691458940506,0.007423264905810356,-0.004317320883274078,0.8679615259170532,0.4965570569038391,2.102295824331864,0.46018368005752563,1.6319606304168701,1.3986014127731323,5.611145973205566,1.6350291967391968,1.3986014127731323
1792.0,3.5936484336853027,1.627751111984253,-0.004347167909145355,0.00742331612855196,-0.004318105988204479,0.8679592609405518,0.4965610206127167,2.102286714708517,0.48212045431137085,1.630460500717163,1.3986014127731323,5.633024215698242,1.6342355012893677,1.3986014127731323
1792.0166666666667,3.5932512283325195,1.6284252405166626,-0.004346936941146851,0.0074234940111637115,-0.004317106679081917,0.8679570555686951,0.4965648055076599,2.102277871429012,0.5040483474731445,1.6300989389419556,1.3986014127731323,5.6548967361450195,1.6363273859024048,1.3986014127731323
1792.0333333333333,3.5928537845611572,1.629101037979126,-0.004347123205661774,0.007423917297273874,-0.004318108782172203,0.867955207824707,0.4965682625770569,2.102270253052158,0.5259551405906677,1.631505012512207,1.3986014127731323,5.676756858825684,1.634535312652588,1.3986014127731323
1792.05,3.5924575328826904,1.629775881767273,-0.004346959292888641,0.0074235619977116585,-0.004317679908126593,0.8679529428482056,0.49657201766967773,2.1022612980964555,0.5478870272636414,1.6306540966033936,1.3986014127731323,5.698627471923828,1.6344490051269531,1.3986014127731323
1792.0666666666666,3.5920612812042236,1.6304501295089722,-0.0043471455574035645,0.007422605529427528,-0.004317748360335827,0.8679507970809937,0.4965757131576538,2.1022527009613263,0.5698211193084717,1.6302530765533447,1.3986014127731323,5.720505714416504,1.6353212594985962,1.3986014127731323
1792.0833333333333,3.5916638374328613,1.631125807762146,-0.004347026348114014,0.00742457527667284,-0.004318281076848507,0.8679487705230713,0.49657946825027466,2.102244371460568,0.5917259454727173,1.6317451000213623,1.3986014127731323,5.742359638214111,1.6346216201782227,1.3986014127731323
1792.1,3.5912673473358154,1.631800651550293,-0.004346765577793121,0.007424019742757082,-0.0043165069073438644,0.8679462671279907,0.4965837001800537,2.102234372362392,0.6136588454246521,1.6296907663345337,1.3986014127731323,5.764233589172363,1.6330769062042236,1.3986014127731323
1792.1166666666666,3.5908706188201904,1.632474660873413,-0.004346728324890137,0.007422793190926313,-0.0043168384581804276,0.8679441809654236,0.4965873956680298,2.102225928457784,0.6355880498886108,1.6295762062072754,1.3986014127731323,5.786106586456299,1.6349148750305176,1.3986014127731323
1792.1333333333334,3.5904736518859863,1.633150577545166,-0.004347093403339386,0.007423619274049997,-0.004317975137382746,0.8679421544075012,0.4965909719467163,2.1022177649134495,0.6574989557266235,1.631800889968872,1.3986014127731323,5.807967662811279,1.6345797777175903,1.3986014127731323
1792.15,3.5900769233703613,1.6338253021240234,-0.004347294569015503,0.007424162235110998,-0.00431955186650157,0.8679397106170654,0.49659526348114014,2.102207941830632,0.6794339418411255,1.6314998865127563,1.3986014127731323,5.82983922958374,1.635205864906311,1.3986014127731323
1792.1666666666667,3.5896809101104736,1.6344995498657227,-0.004346951842308044,0.007422284223139286,-0.004317327868193388,0.8679376244544983,0.49659889936447144,2.102199490321176,0.7013627290725708,1.6308507919311523,1.3986014127731323,5.851712226867676,1.6361466646194458,1.3986014127731323
1792.1833333333334,3.5892832279205322,1.6351754665374756,-0.00434710830450058,0.007422455586493015,-0.0043176026083528996,0.8679354786872864,0.4966026246547699,2.1021908767528297,0.7232721447944641,1.6316083669662476,1.3986014127731323,5.873570919036865,1.6345303058624268,1.3986014127731323
1792.2,3.5888864994049072,1.635849952697754,-0.004346907138824463,0.00742353405803442,-0.004317373037338257,0.8679332733154297,0.49660640954971313,2.1021820550247377,0.7452053427696228,1.6301743984222412,1.3986014127731323,5.895442962646484,1.6341286897659302,1.3986014127731323
1792.2166666666667,3.5884902477264404,1.6365249156951904,-0.004347272217273712,0.007422667928040028,-0.00431888597086072,0.8679314255714417,0.49660974740982056,2.102174547674142,0.7671374082565308,1.630894422531128,1.3986014127731323,5.917323589324951,1.6358121633529663,1.3986014127731323
1792.2333333333333,3.5880930423736572,1.6372007131576538,-0.0043469443917274475,0.0074232835322618484,-0.004317826591432095,0.8679291605949402,0.4966135621070862,2.102165530739826,0.7890406250953674,1.6318421363830566,1.3986014127731323,5.939174175262451,1.6347973346710205,1.3986014127731323
1792.25,3.5876965522766113,1.6378753185272217,-0.004346825182437897,0.007423287257552147,-0.004316666163504124,0.8679269552230835,0.49661749601364136,2.102156552451601,0.8109755516052246,1.6301428079605103,1.3986014127731323,5.96104621887207,1.6337906122207642,1.3986014127731323
1792.2666666666667,3.5873000621795654,1.638549566268921,-0.004347220063209534,0.007424372248351574,-0.004319298081099987,0.8679249286651611,0.4966210722923279,2.1021484238101853,0.8329098224639893,1.6301227807998657,1.3986014127731323,5.982929229736328,1.6353782415390015,1.3986014127731323
1792.2833333333333,3.5869028568267822,1.6392251253128052,-0.004346936941146851,0.0074233729392290115,-0.004318134393543005,0.867922842502594,0.49662476778030396,2.1021399476978346,0.8548110127449036,1.631910800933838,1.3986014127731323,6.004781723022461,1.634875774383545,1.3986014127731323
1792.3,3.5865066051483154,1.6399002075195312,-0.004346884787082672,0.007423190400004387,-0.004317333921790123,0.8679205775260925,0.49662870168685913,2.1021308283405533,0.8767451047897339,1.6305798292160034,1.3986014127731323,6.026653289794922,1.6340610980987549,1.3986014127731323
1792.3166666666666,3.5861101150512695,1.640574336051941,-0.004346974194049835,0.007423145230859518,-0.0043175905011594296,0.8679183721542358,0.4966323971748352,2.1021220914608016,0.898678719997406,1.6296015977859497,1.3986014127731323,6.048532962799072,1.635271430015564,1.3986014127731323
1792.3333333333333,3.5857131481170654,1.641250491142273,-0.004347115755081177,0.0074235303327441216,-0.004318707622587681,0.867916464805603,0.49663591384887695,2.102114275202067,0.9205843210220337,1.631447434425354,1.3986014127731323,6.070390701293945,1.6343847513198853,1.3986014127731323
1792.35,3.5853171348571777,1.6419250965118408,-0.004347026348114014,0.007424617651849985,-0.00431885477155447,0.867914080619812,0.49664002656936646,2.1021047286059193,0.9425181150436401,1.6303603649139404,1.3986014127731323,6.09226131439209,1.6346275806427002,1.3986014127731323
1792.3666666666666,3.5849204063415527,1.6425992250442505,-0.004346638917922974,0.007422962225973606,-0.004316008649766445,0.8679118156433105,0.4966438412666321,2.102095661943208,0.9644456505775452,1.6293628215789795,1.3986014127731323,6.114135265350342,1.63532555103302,1.3986014127731323
1792.3833333333334,3.5845234394073486,1.6432751417160034,-0.004347212612628937,0.0074242036789655685,-0.004319168161600828,0.8679099082946777,0.4966473877429962,2.1020878690923106,0.9863564968109131,1.6313197612762451,1.3986014127731323,6.135998725891113,1.6341811418533325,1.3986014127731323
1792.4,3.5841262340545654,1.6439499855041504,-0.004346892237663269,0.007421652786433697,-0.004317217506468296,0.867907702922821,0.4966513514518738,2.102078836004756,1.0082851648330688,1.6309425830841064,1.3986014127731323,6.157865047454834,1.6350826025009155,1.3986014127731323
1792.4166666666667,3.5837297439575195,1.6446245908737183,-0.004347391426563263,0.007424724753946066,-0.00432067783549428,0.8679056167602539,0.496654748916626,2.1020707437663293,1.0302224159240723,1.630170464515686,1.3986014127731323,6.179752349853516,1.6352773904800415,1.3986014127731323
1792.4333333333334,3.5833330154418945,1.6452999114990234,-0.004346825182437897,0.007422660477459431,-0.004319200292229652,0.867903470993042,0.4966585040092468,2.1020620553823215,1.0521180629730225,1.632380723953247,1.3986014127731323,6.201595783233643,1.6354328393936157,1.3986014127731323
1792.45,3.5829362869262695,1.6459752321243286,-0.004347003996372223,0.007422278635203838,-0.004318017512559891,0.8679012060165405,0.49666261672973633,2.102052769612552,1.0740547180175781,1.6309535503387451,1.3986014127731323,6.223475933074951,1.6350200176239014,1.3986014127731323
1792.4666666666667,3.582540273666382,1.6466494798660278,-0.004346892237663269,0.00742260180413723,-0.004317166283726692,0.8678992986679077,0.496665894985199,2.1020451189045137,1.095984935760498,1.6294119358062744,1.3986014127731323,6.24535608291626,1.6356128454208374,1.3986014127731323
1792.4833333333333,3.5821425914764404,1.6473251581192017,-0.00434701144695282,0.007422569207847118,-0.004319625906646252,0.8678972721099854,0.49666938185691833,2.102037060541025,1.1178869009017944,1.6319935321807861,1.3986014127731323,6.267209529876709,1.6350513696670532,1.3986014127731323
1792.5,3.581746816635132,1.6480004787445068,-0.0043469443917274475,0.007422374561429024,-0.004318149760365486,0.8678950667381287,0.49667325615882874,2.102028127233483,1.139822244644165,1.6308513879776,1.3986014127731323,-6.277283668518066,1.6338751316070557,1.3986014127731323
1792.5166666666667,3.581350564956665,1.6486742496490479,-0.004346869885921478,0.007422617636620998,-0.0043169474229216576,0.8678925633430481,0.4966776371002197,2.10201801428652,1.1617568731307983,1.629085659980774,1.3986014127731323,-6.25540828704834,1.6340547800064087,1.3986014127731323
1792.5333333333333,3.580953359603882,1.6493498086929321,-0.004347071051597595,0.007422632072120905,-0.004318652208894491,0.8678904175758362,0.4966813623905182,2.102009432753698,1.1836633682250977,1.6316698789596558,1.3986014127731323,-6.233551979064941,1.634416937828064,1.3986014127731323
1792.55,3.580557107925415,1.6500247716903687,-0.004347071051597595,0.007422964088618755,-0.004318880848586559,0.8678880333900452,0.4966855049133301,2.101999858892321,1.2055946588516235,1.6306177377700806,1.3986014127731323,-6.211679458618164,1.6342123746871948,1.3986014127731323
1792.5666666666666,3.5801608562469482,1.6506991386413574,-0.004346974194049835,0.007421945221722126,-0.004319501109421253,0.8678860664367676,0.4966890215873718,2.1019918773621002,1.2275229692459106,1.6309607028961182,1.3986014127731323,-6.189807415008545,1.635972499847412,1.3986014127731323
1792.5833333333333,3.579763889312744,1.6513748168945312,-0.004346974194049835,0.0074232486076653,-0.004318751394748688,0.8678838610649109,0.4966927766799927,2.1019830719028327,1.2494328022003174,1.6319257020950317,1.3986014127731323,-6.167949676513672,1.6347906589508057,1.3986014127731323
1792.6,3.5793673992156982,1.6520501375198364,-0.0043468475341796875,0.0074216932989656925,-0.004317167680710554,0.867881715297699,0.4966965913772583,2.101974331296178,1.2713638544082642,1.6304080486297607,1.3986014127731323,-6.146077632904053,1.6346416473388672,1.3986014127731323
1792.6166666666666,3.5789713859558105,1.6527246236801147,-0.004346951842308044,0.00742227490991354,-0.004317625425755978,0.8678794503211975,0.49670058488845825,2.101965191713805,1.2932980060577393,1.6297029256820679,1.3986014127731323,-6.1241960525512695,1.6346458196640015,1.3986014127731323
1792.6333333333334,3.5785744190216064,1.6534004211425781,-0.004347026348114014,0.007422157563269138,-0.004318339750170708,0.8678772449493408,0.49670425057411194,2.101956491573725,1.3152037858963013,1.6317484378814697,1.3986014127731323,-6.10234260559082,1.6345610618591309,1.3986014127731323
1792.65,3.5781779289245605,1.654075026512146,-0.004346884787082672,0.007420946843922138,-0.00431849667802453,0.8678749203681946,0.49670860171318054,2.1019468745650585,1.3371331691741943,1.6311156749725342,1.3986014127731323,-6.0804762840271,1.634852409362793,1.3986014127731323
1792.6666666666667,3.577782154083252,1.6547496318817139,-0.0043470486998558044,0.0074233305640518665,-0.004318978637456894,0.8678727746009827,0.4967121481895447,2.1019384334891984,1.3590704202651978,1.6303234100341797,1.3986014127731323,-6.058593273162842,1.6351027488708496,1.3986014127731323
1792.6833333333334,3.5773844718933105,1.6554253101348877,-0.004346996545791626,0.00742297014221549,-0.004318956285715103,0.867870569229126,0.4967160224914551,2.101929532428716,1.380976676940918,1.6318937540054321,1.3986014127731323,-6.036740303039551,1.634726643562317,1.3986014127731323
1792.7,3.576988697052002,1.6561005115509033,-0.004347182810306549,0.007421954534947872,-0.004319340921938419,0.8678684234619141,0.4967198371887207,2.1019208385103645,1.4029099941253662,1.63143789768219,1.3986014127731323,-6.01486349105835,1.6347005367279053,1.3986014127731323
1792.7166666666667,3.5765926837921143,1.656774640083313,-0.004347197711467743,0.007422339636832476,-0.004321196116507053,0.8678662776947021,0.496723473072052,2.10191234095678,1.4248380661010742,1.6310560703277588,1.3986014127731323,-5.992990016937256,1.6367114782333374,1.3986014127731323
1792.7333333333333,3.57619571685791,1.6574503183364868,-0.00434691458940506,0.007422893773764372,-0.004318979103118181,0.8678642511367798,0.49672701954841614,2.101904128359589,1.446743130683899,1.6319925785064697,1.3986014127731323,-5.971133232116699,1.6350328922271729,1.3986014127731323
1792.75,3.5757994651794434,1.6581252813339233,-0.004346899688243866,0.007422521710395813,-0.0043181199580430984,0.8678619861602783,0.4967309832572937,2.1018949815693255,1.4686781167984009,1.6305989027023315,1.3986014127731323,-5.9492597579956055,1.6340882778167725,1.3986014127731323
1792.7666666666667,3.5754029750823975,1.6588000059127808,-0.00434701144695282,0.007423385977745056,-0.0043188780546188354,0.867859959602356,0.4967345595359802,2.1018868108907416,1.4906119108200073,1.629565954208374,1.3986014127731323,-5.927381992340088,1.6350435018539429,1.3986014127731323
1792.7833333333333,3.5750060081481934,1.6594758033752441,-0.004346981644630432,0.007422264665365219,-0.004318928346037865,0.8678578734397888,0.49673813581466675,2.10187846724343,1.5125170946121216,1.631878137588501,1.3986014127731323,-5.905526161193848,1.6347514390945435,1.3986014127731323
1792.8,3.5746097564697266,1.6601507663726807,-0.00434710830450058,0.0074225496500730515,-0.00431936327368021,0.8678555488586426,0.49674224853515625,2.101869072983402,1.5344501733779907,1.6307991743087769,1.3986014127731323,-5.8836517333984375,1.6350104808807373,1.3986014127731323
1792.8166666666666,3.5742135047912598,1.6608250141143799,-0.0043466538190841675,0.007422576658427715,-0.0043170265853405,0.8678536415100098,0.496745765209198,2.1018611786570407,1.5563775300979614,1.629382610321045,1.3986014127731323,-5.861778736114502,1.6350295543670654,1.3986014127731323
1792.8333333333333,3.5738160610198975,1.6615010499954224,-0.004347100853919983,0.0074222758412361145,-0.004319110885262489,0.8678515553474426,0.4967491626739502,2.101853041490802,1.5782876014709473,1.6317055225372314,1.3986014127731323,-5.839916706085205,1.6345032453536987,1.3986014127731323
1792.85,3.573420286178589,1.6621760129928589,-0.004347100853919983,0.007422131486237049,-0.004319388885051012,0.8678494691848755,0.4967529773712158,2.1018444977339987,1.600219964981079,1.6309609413146973,1.3986014127731323,-5.818042755126953,1.6344016790390015,1.3986014127731323
1792.8666666666666,3.573023557662964,1.6628503799438477,-0.00434701144695282,0.0074219899252057076,-0.004320243839174509,0.8678470849990845,0.4967569410800934,2.101835093721618,1.6221455335617065,1.6306796073913574,1.3986014127731323,-5.796170711517334,1.6364890336990356,1.3986014127731323
1792.8833333333334,3.572627067565918,1.6635264158248901,-0.004346966743469238,0.007422158028930426,-0.0043189688585698605,0.8678451776504517,0.49676045775413513,2.101827223928409,1.6440529823303223,1.6319819688796997,1.3986014127731323,-5.774311065673828,1.63496994972229,1.3986014127731323
1792.9,3.5722298622131348,1.664201259613037,-0.004347100853919983,0.007422385737299919,-0.00431937538087368,0.8678426742553711,0.4967647194862366,2.101817252650209,1.6659883260726929,1.6308989524841309,1.3986014127731323,-5.752437114715576,1.635162591934204,1.3986014127731323
1792.9166666666667,3.5718343257904053,1.664875864982605,-0.004347093403339386,0.007421362679451704,-0.004320969805121422,0.8678408861160278,0.4967679977416992,2.1018099485345147,1.6879156827926636,1.6309993267059326,1.3986014127731323,-5.730560302734375,1.6362600326538086,1.3986014127731323
1792.9333333333334,3.5714375972747803,1.665551781654358,-0.0043470412492752075,0.007422821596264839,-0.00431988388299942,0.8678387403488159,0.4967716336250305,2.1018013901251003,1.7098244428634644,1.631674885749817,1.3986014127731323,-5.708702564239502,1.6346251964569092,1.3986014127731323
1792.95,3.5710408687591553,1.6662265062332153,-0.004346713423728943,0.007421857677400112,-0.004317538812756538,0.8678361773490906,0.4967762231826782,2.1017909154287304,1.7317557334899902,1.6304155588150024,1.3986014127731323,-5.686833381652832,1.634011149406433,1.3986014127731323
1792.9666666666667,3.5706448554992676,1.6669009923934937,-0.004347003996372223,0.007422922179102898,-0.004319142550230026,0.8678343892097473,0.49677926301956177,2.101783830317049,1.7536917924880981,1.6297565698623657,1.3986014127731323,-5.664952278137207,1.6350432634353638,1.3986014127731323
1792.9833333333333,3.5702481269836426,1.6675769090652466,-0.00434701144695282,0.007423184812068939,-0.004319766536355019,0.8678322434425354,0.49678289890289307,2.1017753051016204,1.7755968570709229,1.631780982017517,1.3986014127731323,-5.643097400665283,1.6346511840820312,1.3986014127731323
1793.0,3.5698516368865967,1.6682519912719727,-0.004347190260887146,0.007422844413667917,-0.004320664331316948,0.8678299188613892,0.496786892414093,2.1017660236976194,1.7975322008132935,1.6313973665237427,1.3986014127731323,-5.621223449707031,1.6349561214447021,1.3986014127731323
1793.0166666666667,3.569455862045288,1.6689263582229614,-0.004347190260887146,0.00742317084223032,-0.004320704843848944,0.8678280115127563,0.4967905282974243,2.1017580795558657,1.8194642066955566,1.6307374238967896,1.3986014127731323,-5.59934663772583,1.6361088752746582,1.3986014127731323
1793.0333333333333,3.5690581798553467,1.6696021556854248,-0.004346892237663269,0.007421253249049187,-0.004320219159126282,0.8678258061408997,0.49679410457611084,2.101749423949708,1.841363787651062,1.632290005683899,1.3986014127731323,-5.577497959136963,1.6353687047958374,1.3986014127731323
1793.05,3.568662405014038,1.6702769994735718,-0.004346773028373718,0.007421252317726612,-0.004317684099078178,0.8678236603736877,0.49679821729660034,2.1017404077586037,1.8633015155792236,1.6298002004623413,1.3986014127731323,-5.555617332458496,1.6327745914459229,1.3986014127731323
1793.0666666666666,3.5682663917541504,1.6709518432617188,-0.004346780478954315,0.007420405745506287,-0.004317116923630238,0.867821455001831,0.49680209159851074,2.1017314931326396,1.8852334022521973,1.6297553777694702,1.3986014127731323,-5.533742427825928,1.6343910694122314,1.3986014127731323
1793.0833333333333,3.5678699016571045,1.6716277599334717,-0.004347093403339386,0.0074219973757863045,-0.004319682717323303,0.8678191304206848,0.4968057870864868,2.1017225196792704,1.9071431159973145,1.631624698638916,1.3986014127731323,-5.511884689331055,1.6343520879745483,1.3986014127731323
1793.1,3.5674729347229004,1.6723030805587769,-0.004347003996372223,0.007422139868140221,-0.0043191080912947655,0.867816686630249,0.49681010842323303,2.1017126225340292,1.9290755987167358,1.6305396556854248,1.3986014127731323,-5.490015506744385,1.6343305110931396,1.3986014127731323
1793.1166666666666,3.567077398300171,1.6729772090911865,-0.0043469443917274475,0.007422054186463356,-0.004320169799029827,0.8678146004676819,0.49681389331817627,2.1017041233485365,1.9510056972503662,1.6301993131637573,1.3986014127731323,-5.468140125274658,1.6355376243591309,1.3986014127731323
1793.1333333333334,3.566680431365967,1.67365300655365,-0.004346996545791626,0.007422357797622681,-0.004319852218031883,0.86781245470047,0.49681755900382996,2.1016955512912934,1.9729132652282715,1.63188636302948,1.3986014127731323,-5.446281909942627,1.634768009185791,1.3986014127731323
1793.15,3.5662851333618164,1.674328327178955,-0.004346951842308044,0.007422073744237423,-0.004319160245358944,0.8678102493286133,0.4968212842941284,2.101686767455479,1.9948471784591675,1.6303740739822388,1.3986014127731323,-5.424408435821533,1.6336092948913574,1.3986014127731323
1793.1666666666667,3.5658884048461914,1.6750024557113647,-0.004346773028373718,0.007422090508043766,-0.004319405183196068,0.8678081035614014,0.4968251585960388,2.1016780234693484,2.0167765617370605,1.6298824548721313,1.3986014127731323,-5.402539253234863,1.6357218027114868,1.3986014127731323
1793.1833333333334,3.5654914379119873,1.6756784915924072,-0.0043470412492752075,0.007421637885272503,-0.004319590516388416,0.8678061962127686,0.4968286156654358,2.101670236655538,2.038686752319336,1.6318888664245605,1.3986014127731323,-5.38067626953125,1.6347661018371582,1.3986014127731323
1793.2,3.5650954246520996,1.6763532161712646,-0.004347197711467743,0.007421829272061586,-0.0043206727132201195,0.8678038120269775,0.49683260917663574,2.1016608136641746,2.060621500015259,1.631473422050476,1.3986014127731323,-5.3588032722473145,1.6349713802337646,1.3986014127731323
1793.2166666666667,3.564699411392212,1.6770282983779907,-0.004346929490566254,0.007421429269015789,-0.004319475963711739,0.8678015470504761,0.4968366324901581,2.101651607758243,2.0825488567352295,1.6307880878448486,1.3986014127731323,-5.336928844451904,1.6360875368118286,1.3986014127731323
1793.2333333333333,3.5643022060394287,1.6777043342590332,-0.00434710830450058,0.007422727532684803,-0.004320512525737286,0.8677994012832642,0.49684029817581177,2.101643070599911,2.104458808898926,1.631524920463562,1.3986014127731323,-5.315069675445557,1.6344587802886963,1.3986014127731323
1793.25,3.56390643119812,1.6783791780471802,-0.004347190260887146,0.007421902380883694,-0.004320908337831497,0.8677971363067627,0.49684423208236694,2.1016339771811516,2.1263930797576904,1.6314657926559448,1.2587412595748901,-5.293197154998779,1.6348024606704712,1.2587412595748901
1793.2666666666667,3.563535213470459,1.679012417793274,-0.004343099892139435,0.007406235672533512,-0.004313334822654724,0.867795467376709,0.4968474507331848,2.1016267535646738,2.146962881088257,1.5218055248260498,1.118881106376648,-5.272676467895508,1.5280369520187378,1.118881106376648
1793.2833333333333,3.563202381134033,1.6795785427093506,-0.004344001412391663,0.0074093276634812355,-0.0043136971071362495,0.8677937984466553,0.4968503713607788,2.1016200516355896,2.1653008460998535,1.3828567266464233,0.9790209531784058,-5.2543792724609375,1.3867919445037842,0.9790209531784058
1793.3,3.562913417816162,1.6800721883773804,-0.0043441131711006165,0.007407578639686108,-0.004316281992942095,0.8677918910980225,0.4968537986278534,2.1016123392737893,2.181328058242798,1.2428547143936157,0.8391608595848083,-5.2384033203125,1.2468578815460205,0.8391608595848083
1793.3166666666666,3.562666416168213,1.6804932355880737,-0.004343800246715546,0.007408790290355682,-0.004313268698751926,0.8677899241447449,0.496857225894928,2.1016043660758275,2.195025682449341,1.1001529693603516,0.8391608595848083,-5.224755764007568,1.1061455011367798,0.8391608595848083
1793.3333333333333,3.5624358654022217,1.680886149406433,-0.004347637295722961,0.0074236392974853516,-0.004320619627833366,0.8677877187728882,0.4968608021736145,2.10159595986494,2.2077395915985107,1.0704089403152466,0.559440553188324,-5.212093353271484,1.0740708112716675,0.559440553188324
1793.35,3.562258005142212,1.681190013885498,-0.004340618848800659,0.007394714746624231,-0.004309602081775665,0.8677859902381897,0.4968641996383667,2.101588295874885,2.217615842819214,0.8146892786026001,0.4195804297924042,-5.202269554138184,0.8201382160186768,0.4195804297924042
1793.3666666666666,3.562138319015503,1.681392788887024,-0.00434575229883194,0.007415718398988247,-0.004317107610404491,0.8677839040756226,0.4968677759170532,2.1015802167661777,2.2242298126220703,0.6711979508399963,0.279720276594162,-5.195703029632568,0.6788561940193176,0.279720276594162
1793.3833333333334,3.562060594558716,1.681525707244873,-0.00434354692697525,0.0074079022742807865,-0.004313462879508734,0.8677825331687927,0.4968700110912323,2.1015747222223897,2.228559970855713,0.5369471907615662,0.139860138297081,-5.191408157348633,0.5451828241348267,0.139860138297081
1793.4,3.5620243549346924,1.681588053703308,-0.0043443068861961365,0.007411533035337925,-0.004315288737416267,0.8677813410758972,0.4968718886375427,2.10157015984055,2.2305943965911865,0.3954285979270935,0.0,-5.189404010772705,0.4041694402694702,0.0
1793.4166666666667,3.562021493911743,1.6815917491912842,-0.004345044493675232,0.007411298342049122,-0.004316188860684633,0.8677806258201599,0.4968734383583069,2.1015670356576224,2.230747699737549,0.12397582828998566,0.0,-5.189273834228516,0.13123629987239838,0.0
1793.4333333333334,3.5620198249816895,1.6815935373306274,-0.004361897706985474,0.007508293725550175,-0.0043584443628787994,0.8677772283554077,0.4968774914741516,2.1015563890853692,2.2308528423309326,-0.0978538915514946,0.0,-5.189236164093018,-0.009705374017357826,0.0
1793.45,3.562025785446167,1.6815853118896484,-0.004350878298282623,0.007437697611749172,-0.0043326616287231445,0.8677821159362793,0.4968701899051666,2.101574086903046,2.230513334274292,0.2637828290462494,0.0,-5.189459323883057,0.25347813963890076,0.0
1793.4666666666667,3.562023401260376,1.6815861463546753,-0.004348888993263245,0.007426782511174679,-0.004317824728786945,0.867779016494751,0.4968758225440979,2.101561036442035,2.230644464492798,-0.014240535907447338,0.0,-5.1894073486328125,0.040873706340789795,0.0
1793.4833333333333,3.562026023864746,1.6815823316574097,-0.004360556602478027,0.007546200416982174,-0.0043889060616493225,0.8677788972854614,0.49687373638153076,2.101564705387296,2.2304470539093018,0.023740816861391068,0.0,-5.18958854675293,0.05698154866695404,0.0
1793.5,3.5620276927948,1.6815810203552246,-0.00433630496263504,0.00738703366369009,-0.004305374808609486,0.8677800297737122,0.4968748688697815,2.1015639462646383,2.2304797172546387,-0.030300702899694443,0.0,-5.189555644989014,0.02555699087679386,0.0
1793.5166666666667,3.5620310306549072,1.6815747022628784,-0.004363909363746643,0.007564350496977568,-0.0043931929394602776,0.867779552936554,0.4968721866607666,2.1015678786814553,2.230182647705078,0.007862737402319908,0.0,-5.189829349517822,0.03220465034246445,0.0
1793.5333333333333,3.5620319843292236,1.681573510169983,-0.004335299134254456,0.007383397780358791,-0.004303638823330402,0.8677805066108704,0.49687403440475464,2.1015658126173005,2.2302138805389404,-0.022459372878074646,0.0,-5.189803123474121,0.011310549452900887,0.0
1793.55,3.5620357990264893,1.6815659999847412,-0.004364088177680969,0.007570778951048851,-0.004397199489176273,0.867778480052948,0.4968740940093994,2.101563650370225,2.229926109313965,-0.009313588961958885,0.0,-5.190119743347168,0.017103301361203194,0.0
1793.5666666666666,3.5620360374450684,1.6815649271011353,-0.004335127770900726,0.007381303235888481,-0.004303314723074436,0.8677798509597778,0.49687522649765015,2.1015631156532852,2.2299437522888184,-0.022342624142766,0.0,-5.1900954246521,0.010811408050358295,0.0
1793.5833333333333,3.5620408058166504,1.681557059288025,-0.004364147782325745,0.007571378722786903,-0.00439768610522151,0.8677774667739868,0.4968757629394531,2.1015596737438678,2.2296559810638428,-0.010006001219153404,0.0,-5.190412521362305,0.017036952078342438,0.0
1793.6,3.5620415210723877,1.681556224822998,-0.004335060715675354,0.007382186595350504,-0.004303760826587677,0.8677791953086853,0.49687641859054565,2.1015604488616395,2.229663848876953,-0.022929981350898743,0.0,-5.190392971038818,0.012038267217576504,0.0
1793.6166666666666,3.5620462894439697,1.6815482378005981,-0.004364132881164551,0.007570844143629074,-0.004397103562951088,0.8677775263786316,0.49687570333480835,2.101559858901535,2.229369640350342,-0.009542188607156277,0.0,-5.190698623657227,0.018019935116171837,0.0
1793.6333333333334,3.5620479583740234,1.6815470457077026,-0.004335090517997742,0.007382899522781372,-0.004304131027311087,0.8677787780761719,0.4968770742416382,2.1015588448594325,2.2293784618377686,-0.022080261260271072,0.0,-5.1906890869140625,0.012200676836073399,0.0
1793.65,3.5620508193969727,1.681539535522461,-0.00436411052942276,0.007570157293230295,-0.004396330565214157,0.8677765727043152,0.49687719345092773,2.101556153373217,2.2290894985198975,-0.008348362520337105,0.0,-5.190999507904053,0.018248356878757477,0.0
1793.6666666666667,3.5620522499084473,1.681538701057434,-0.004335150122642517,0.007382189854979515,-0.00430396618321538,0.8677788972854614,0.49687689542770386,2.1015592921401423,2.229102611541748,-0.023737508803606033,0.0,-5.190964221954346,0.01119493879377842,0.0
1793.6833333333334,3.562055826187134,1.6815308332443237,-0.004364103078842163,0.007570857182145119,-0.004397090524435043,0.8677768707275391,0.4968767762184143,2.1015572827960622,2.2288107872009277,-0.009494638070464134,0.0,-5.191277503967285,0.016960684210062027,0.0
1793.7,3.5620572566986084,1.6815298795700073,-0.004335179924964905,0.007383372634649277,-0.004304580856114626,0.8677792549133301,0.49687638878822327,2.1015606469930335,2.228818655014038,-0.02409905008971691,0.0,-5.191244602203369,0.011283880099654198,0.0
1793.7166666666667,3.5620622634887695,1.6815215349197388,-0.004360802471637726,0.007521596737205982,-0.0043683890253305435,0.8677776455879211,0.4968765079975128,2.101558576666929,2.2285232543945312,-0.009886532090604305,0.0,-5.19155216217041,0.01651696488261223,0.0
1793.7333333333333,3.5620625019073486,1.6815204620361328,-0.004337109625339508,0.0073888711631298065,-0.004307107534259558,0.8677776455879211,0.496878981590271,2.1015544405635227,2.228532075881958,-0.020929569378495216,0.0,-5.191563129425049,0.013415124267339706,0.0
1793.75,3.5620663166046143,1.6815131902694702,-0.0043635293841362,0.007570002693682909,-0.004396082833409309,0.8677758574485779,0.49687856435775757,2.101553160838209,2.228240966796875,-0.010014859028160572,0.0,-5.191864013671875,0.017938993871212006,0.0
1793.7666666666667,3.562067985534668,1.6815117597579956,-0.004335373640060425,0.007382982410490513,-0.004304653964936733,0.867777943611145,0.49687859416007996,2.101555442851245,2.228261947631836,-0.023336391896009445,0.0,-5.191832065582275,0.011349637061357498,0.0
1793.7833333333333,3.5620718002319336,1.6815046072006226,-0.0043639689683914185,0.007571167312562466,-0.004397261887788773,0.8677761554718018,0.4968779683113098,2.1015544590133772,2.2279646396636963,-0.010120860300958157,0.0,-5.192136764526367,0.01715097762644291,0.0
1793.8,3.562072992324829,1.6815030574798584,-0.00433514267206192,0.0073830438777804375,-0.004304332658648491,0.8677775859832764,0.4968789517879486,2.1015542309006032,2.227980613708496,-0.022922039031982422,0.0,-5.1921162605285645,0.011166879907250404,0.0
1793.8166666666666,3.562077283859253,1.6814955472946167,-0.004360750317573547,0.00752107473090291,-0.0043679168447852135,0.8677763938903809,0.49687856435775757,2.101553638954403,2.227684259414673,-0.010524125769734383,0.0,-5.1924214363098145,0.017047561705112457,0.0
1793.8333333333333,3.5620779991149902,1.6814947128295898,-0.004337213933467865,0.0073893144726753235,-0.0043075839057564735,0.8677769899368286,0.49688026309013367,2.10155169399514,2.22770094871521,-0.02211623825132847,0.0,-5.192407608032227,0.011996280401945114,0.0
1793.85,3.562081813812256,1.6814874410629272,-0.004363484680652618,0.007570559624582529,-0.004396746400743723,0.867775022983551,0.4968799948692322,2.1015498429711426,2.2274107933044434,-0.009642000310122967,0.0,-5.192718029022217,0.017863141372799873,0.0
1793.8666666666666,3.5620830059051514,1.6814861297607422,-0.004335343837738037,0.0073826927691698074,-0.004304193891584873,0.8677766919136047,0.4968806505203247,2.1015505066512814,2.227433919906616,-0.023218119516968727,0.0,-5.192685604095459,0.010596069507300854,0.0
1793.8833333333334,3.562086820602417,1.6814786195755005,-0.004364006221294403,0.007571511901915073,-0.004397081211209297,0.8677745461463928,0.4968806505203247,2.1015480910092994,2.227140188217163,-0.010089327581226826,0.0,-5.193000316619873,0.017475716769695282,0.0
1793.9,3.5620884895324707,1.6814775466918945,-0.004335157573223114,0.007382557727396488,-0.004304194822907448,0.8677765727043152,0.4968808889389038,2.1015499996604703,2.227151393890381,-0.023301605135202408,0.0,-5.192976474761963,0.011382273398339748,0.0
1793.9166666666667,3.5620923042297363,1.6814699172973633,-0.004364080727100372,0.007571285590529442,-0.004397274926304817,0.8677747249603271,0.49688035249710083,2.101548801692935,2.226853370666504,-0.010005971416831017,0.0,-5.193282127380371,0.017230212688446045,0.0
1793.9333333333334,3.5620930194854736,1.6814689636230469,-0.004335083067417145,0.007381616160273552,-0.004303336143493652,0.8677762746810913,0.49688148498535156,2.1015487103318384,2.226869821548462,-0.02275826968252659,0.0,-5.193262577056885,0.01096194889396429,0.0
1793.95,3.5620970726013184,1.6814608573913574,-0.004364140331745148,0.007569178938865662,-0.004396192729473114,0.8677741289138794,0.4968816041946411,2.101546183106215,2.2265775203704834,-0.009970389306545258,0.0,-5.193576335906982,0.01749144122004509,0.0
1793.9666666666667,3.562098741531372,1.6814601421356201,-0.004335157573223114,0.00738238450139761,-0.0043044015765190125,0.8677762150764465,0.49688154458999634,2.101548536623765,2.2265830039978027,-0.023637790232896805,0.0,-5.193553924560547,0.012346446514129639,0.0
1793.9833333333333,3.5621025562286377,1.6814523935317993,-0.004364088177680969,0.0075703999027609825,-0.004396563861519098,0.8677744269371033,0.49688100814819336,2.1015474630776625,2.2262864112854004,-0.009494556114077568,0.0,-5.19386100769043,0.01779734343290329,0.0
1794.0,3.5621039867401123,1.6814512014389038,-0.004335187375545502,0.0073821041733026505,-0.004304013215005398,0.8677759766578674,0.4968820810317993,2.101547461516426,2.2263100147247314,-0.022785335779190063,0.0,-5.193843364715576,0.011083194985985756,0.0
1794.0166666666667,3.562107801437378,1.6814438104629517,-0.0043640583753585815,0.007570629008114338,-0.004396609961986542,0.8677739500999451,0.4968819320201874,2.1015454656362453,2.22601056098938,-0.009918699972331524,0.0,-5.194146633148193,0.017368558794260025,0.0
1794.0333333333333,3.5621085166931152,1.6814426183700562,-0.004335127770900726,0.007382407318800688,-0.004303772933781147,0.8677749037742615,0.49688372015953064,2.10154334482536,2.226029872894287,-0.022305693477392197,0.0,-5.194130897521973,0.010895752348005772,0.0
1794.05,3.562113046646118,1.681434988975525,-0.004364132881164551,0.00757033983245492,-0.004396815784275532,0.8677734136581421,0.496882826089859,2.1015433472511624,2.2257351875305176,-0.010307954624295235,-0.05431235581636429,-5.194439888000488,0.0172842126339674,0.05431235581636429
1794.0666666666666,3.5621132850646973,1.681433916091919,-0.004335328936576843,0.007386461831629276,-0.004299674183130264,0.8677756190299988,0.49688273668289185,2.1015459167586723,2.2257370948791504,0.004747520666569471,-0.10862471163272858,-5.194407939910889,-0.023917092010378838,0.10862471163272858
1794.0833333333333,3.5621225833892822,1.6814186573028564,-0.00436042994260788,0.007508299313485622,-0.00435780081897974,0.8678067922592163,0.4968258738517761,2.1016753725124944,2.2248001098632812,-0.05130154266953468,-0.16293705999851227,-5.194505214691162,0.014917382970452309,0.16293705999851227
1794.1,3.5621211528778076,1.6814241409301758,-0.004340164363384247,0.007402559742331505,-0.0043069152161479,0.8678590655326843,0.4967364966869354,2.101882522233305,2.2243001461029053,0.14517717063426971,-0.21724942326545715,-5.193636894226074,0.1304798126220703,0.21724942326545715
1794.1166666666666,3.5621254444122314,1.681414008140564,-0.004359506070613861,0.007484154775738716,-0.0043368153274059296,0.8679383397102356,0.49659645557403564,2.102204130760788,2.222956418991089,0.12630167603492737,-0.21724942326545715,-5.192886829376221,0.26505863666534424,0.21724942326545715
1794.1333333333334,3.5621232986450195,1.6814148426055908,-0.004344336688518524,0.00742158479988575,-0.004308764822781086,0.8680429458618164,0.49641478061676025,2.1026235732318694,2.2217023372650146,-0.46975278854370117,-0.32587411999702454,-5.19146203994751,0.2865019738674164,0.32587411999702454
1794.15,3.5621232986450195,1.6814128160476685,-0.004354365170001984,0.0074557033367455006,-0.004322468303143978,0.8682247400283813,0.49609625339508057,2.10335719031726,2.2193078994750977,0.02325962483882904,-0.3801864683628082,-5.189082622528076,-0.16803617775440216,0.3801864683628082
1794.1666666666667,3.5621206760406494,1.6814152002334595,-0.004350222647190094,0.007440867833793163,-0.0043167429976165295,0.8685058355331421,0.49560412764549255,2.1044907429115662,2.2151846885681152,0.08975765854120255,-0.4344988465309143,-5.185244560241699,0.5128426551818848,0.4344988465309143
1794.1833333333334,3.562117576599121,1.681418538093567,-0.004349164664745331,0.007437065243721008,-0.004307194612920284,0.8688491582870483,0.4950021505355835,2.1058767932286893,2.210892677307129,-0.8468444347381592,-0.488811194896698,-5.18054723739624,1.1893310546875,0.488811194896698
1794.2,3.5621163845062256,1.6814175844192505,-0.0043501779437065125,0.007446222007274628,-0.004302243702113628,0.8692415356636047,0.49431276321411133,2.1074633310265964,2.205855369567871,-1.0262664556503296,-0.5431235432624817,-5.175311088562012,0.6047337651252747,0.5431235432624817
1794.2166666666667,3.5621135234832764,1.6814228296279907,-0.004349216818809509,0.0074466317892074585,-0.004296554252505302,0.8697021007537842,0.493502140045166,2.1093281923426206,2.2000925540924072,-1.2245992422103882,-0.5431235432624817,-5.16965389251709,0.5995445251464844,0.5431235432624817
1794.2333333333333,3.5621087551116943,1.6814271211624146,-0.004345998167991638,0.00744271045550704,-0.004271883051842451,0.8702117800712585,0.49260300397872925,2.1113950791460785,2.1937167644500732,-1.4136544466018677,-0.6517482399940491,-5.162633419036865,-0.08026356250047684,0.6517482399940491
1794.25,3.5621025562286377,1.6814358234405518,-0.0043486058712005615,0.007453056983649731,-0.0042789713479578495,0.8707998394966125,0.4915623664855957,2.113785854294479,2.185922384262085,-0.7808409929275513,-0.7060605883598328,-5.154453754425049,1.3801946640014648,0.7060605883598328
1794.2666666666667,3.562101364135742,1.681434154510498,-0.0043490976095199585,0.007456198334693909,-0.004274613223969936,0.8714659810066223,0.49038049578666687,2.116499475576618,2.1770849227905273,0.22071345150470734,-0.7603729367256165,-5.145391941070557,1.194385290145874,0.7603729367256165
1794.2833333333333,3.5621023178100586,1.6814249753952026,-0.0043472424149513245,0.007463082671165466,-0.004250268451869488,0.872215211391449,0.4890468418598175,2.119558872283399,2.1669328212738037,-1.546088457107544,-0.8146852850914001,-5.135520935058594,0.6209229826927185,0.8146852850914001
1794.3,3.562095880508423,1.6814322471618652,-0.004347890615463257,0.007468667812645435,-0.004247178323566914,0.873008131980896,0.4876300096511841,2.122806455679806,2.156118869781494,-0.5586211681365967,-0.8689976930618286,-5.124531269073486,0.8456811308860779,0.8689976930618286
1794.3166666666666,3.562089443206787,1.6814379692077637,-0.00434623658657074,0.0074705155566334724,-0.004228937439620495,0.8738656640052795,0.4860915541648865,2.1263290411724443,2.1438724994659424,-0.171610027551651,-0.8689976930618286,-5.112306118011475,1.3720736503601074,0.8689976930618286
1794.3333333333333,3.5620837211608887,1.6814379692077637,-0.004346400499343872,0.007482530549168587,-0.004209724720567465,0.8747457265853882,0.4845060408115387,2.1299558313463156,2.1316394805908203,-0.8941171169281006,-0.977622389793396,-5.100249767303467,0.4157492518424988,0.977622389793396
1794.35,3.56207537651062,1.6814467906951904,-0.004345148801803589,0.007486408576369286,-0.004196985624730587,0.875707745552063,0.4827650189399719,2.133934206832283,2.1180620193481445,-0.5883745551109314,-1.0319347381591797,-5.0867390632629395,2.1807427406311035,1.0319347381591797
1794.3666666666666,3.5620696544647217,1.6814481019973755,-0.004348501563072205,0.007499556057155132,-0.004196911118924618,0.8767334222793579,0.4808996021747589,2.1381921713327925,2.1036159992218018,-0.8769164681434631,-1.0862470865249634,-5.07275915145874,1.4863440990447998,1.0862470865249634
1794.3833333333334,3.5620627403259277,1.6814512014389038,-0.0043444037437438965,0.007494802586734295,-0.004165703896433115,0.877838134765625,0.47888052463531494,2.1427953980190906,2.088935136795044,-1.7935880422592163,-1.140559434890747,-5.056951522827148,1.3650604486465454,1.140559434890747
1794.4,3.562056064605713,1.6814570426940918,-0.0043494850397109985,0.007526121102273464,-0.004159744828939438,0.8789849877357483,0.47677183151245117,2.1475964126211884,2.07267165184021,-0.986811637878418,-1.1948717832565308,-5.041219234466553,1.7451845407485962,1.1948717832565308
1794.4166666666667,3.562049388885498,1.6814578771591187,-0.004342511296272278,0.007507873699069023,-0.004124406725168228,0.880214273929596,0.474498987197876,2.1527644795427565,2.056471109390259,-1.9350448846817017,-1.1948717832565308,-5.023500442504883,1.789565920829773,1.1948717832565308
1794.4333333333334,3.5620481967926025,1.6814534664154053,-0.004349619150161743,0.007544519379734993,-0.004123196937143803,0.8814472556114197,0.4722040295600891,2.1579751443158277,2.0387918949127197,-0.8615038990974426,-1.3034964799880981,-5.0063605308532715,1.3145939111709595,1.3034964799880981
1794.45,3.5620436668395996,1.6814509630203247,-0.004342816770076752,0.007536989636719227,-0.0040786247700452805,0.8827716112136841,0.4697241485118866,2.163597950880495,2.020080089569092,-2.6036739349365234,-1.3034964799880981,-4.987371921539307,2.446465015411377,1.3034964799880981
1794.4666666666667,3.562039852142334,1.6814501285552979,-0.004347518086433411,0.00756144430488348,-0.004076370038092136,0.8840982913970947,0.4672219157218933,2.169262683676747,2.0010197162628174,-0.8708286285400391,-1.3034964799880981,-4.968423366546631,1.4871352910995483,1.3034964799880981
1794.4833333333333,3.562035322189331,1.6814473867416382,-0.004342883825302124,0.007558764889836311,-0.004039220977574587,0.8854638934135437,0.4646289348602295,2.175123910440825,1.981245994567871,-2.174309730529785,-1.3034964799880981,-4.948684215545654,2.5843913555145264,1.3034964799880981
1794.5,3.562030553817749,1.6814459562301636,-0.004347540438175201,0.0075816684402525425,-0.004033108241856098,0.8867823481559753,0.46210721135139465,2.1808154200807435,1.9620893001556396,-0.8750927448272705,-1.3034964799880981,-4.929705619812012,1.4851906299591064,1.3034964799880981
1794.5166666666667,3.562025308609009,1.681443452835083,-0.004342764616012573,0.007582928519695997,-0.003992022480815649,0.8881334066390991,0.4595056176185608,2.186678452565516,1.9423363208770752,-2.21572208404541,-1.3034964799880981,-4.909979343414307,2.643659830093384,1.3034964799880981
1794.5333333333333,3.5620203018188477,1.681442141532898,-0.004347547888755798,0.007607181556522846,-0.0039903647266328335,0.8894372582435608,0.45697641372680664,2.192369941607963,1.9231799840927124,-0.8730396628379822,-1.3034964799880981,-4.890990257263184,1.4871035814285278,1.3034964799880981
1794.55,3.5620157718658447,1.6814388036727905,-0.0043427422642707825,0.007606778759509325,-0.0039487420581281185,0.890773594379425,0.4543665647506714,2.1982342472651086,1.9034065008163452,-2.216613292694092,-1.3034964799880981,-4.871272563934326,2.6455869674682617,1.3034964799880981
1794.5666666666666,3.562011480331421,1.6814367771148682,-0.004347518086433411,0.007628763094544411,-0.003945766016840935,0.8920629024505615,0.4518294632434845,2.203926341590509,1.8842426538467407,-0.8733375668525696,-1.3034964799880981,-4.852287292480469,1.4870672225952148,1.3034964799880981
1794.5833333333333,3.562006711959839,1.6814336776733398,-0.004342779517173767,0.00762977683916688,-0.003904743120074272,0.8933840990066528,0.44921183586120605,2.209790687277958,1.8644638061523438,-2.214848041534424,-1.3034964799880981,-4.832574844360352,2.6468186378479004,1.3034964799880981
1794.6,3.562002658843994,1.6814312934875488,-0.004347510635852814,0.007651692256331444,-0.003901738440617919,0.894658625125885,0.44666776061058044,2.2154820856872135,1.8452941179275513,-0.8736231923103333,-1.3034964799880981,-4.813595294952393,1.4869496822357178,1.3034964799880981
1794.6166666666666,3.5619983673095703,1.6814278364181519,-0.004342757165431976,0.007651975378394127,-0.0038605707231909037,0.8959646821022034,0.4440425634384155,2.2213464189629177,1.8255095481872559,-2.214574098587036,-1.3034964799880981,-4.793888568878174,2.645766019821167,1.3034964799880981
1794.6333333333334,3.5619943141937256,1.68142569065094,-0.004347510635852814,0.007673811167478561,-0.0038574666250497103,0.8972243070602417,0.4414912164211273,2.227037345831696,1.8063347339630127,-0.8740203976631165,-1.3034964799880981,-4.7749152183532715,1.486660122871399,1.3034964799880981
1794.65,3.56199049949646,1.6814216375350952,-0.004342764616012573,0.007674916181713343,-0.0038166081067174673,0.8985152840614319,0.43885838985443115,2.2329020832627444,1.7865442037582397,-2.214031219482422,-1.3034964799880981,-4.755215644836426,2.6454567909240723,1.3034964799880981
1794.6666666666667,3.5619864463806152,1.681419014930725,-0.004347510635852814,0.0076954560354352,-0.0038127873558551073,0.8997604846954346,0.43629956245422363,2.238594039564746,1.7673627138137817,-0.8744010329246521,-1.3034964799880981,-4.73624849319458,1.4864943027496338,1.3034964799880981
1794.6833333333334,3.5619826316833496,1.6814152002334595,-0.004342779517173767,0.007696039043366909,-0.003771758871152997,0.9010360836982727,0.43365931510925293,2.2444584485832997,1.7475674152374268,-2.215367078781128,-1.3034964799880981,-4.716555595397949,2.6450304985046387,1.3034964799880981
1794.7,3.561978340148926,1.6814124584197998,-0.004347547888755798,0.0077183847315609455,-0.003768869210034609,0.902266263961792,0.4310934543609619,2.2501498144651917,1.7283810377120972,-0.874925971031189,-1.3034964799880981,-4.697593688964844,1.4861273765563965,1.3034964799880981
1794.7166666666667,3.5619747638702393,1.6814080476760864,-0.0043427422642707825,0.007717730477452278,-0.0037272574845701456,0.9035266041755676,0.42844611406326294,2.256013981976153,1.7085787057876587,-2.2161333560943604,-1.3034964799880981,-4.677905082702637,2.6437530517578125,1.3034964799880981
1794.7333333333333,3.5619711875915527,1.6814050674438477,-0.004347555339336395,0.007740471977740526,-0.003724485170096159,0.9047420024871826,0.42587345838546753,2.2617051875083645,1.689387559890747,-0.8756215572357178,-1.3034964799880981,-4.6589484214782715,1.4857240915298462,1.3034964799880981
1794.75,3.561967372894287,1.6814005374908447,-0.004342757165431976,0.007740096189081669,-0.0036830708850175142,0.9059868454933167,0.42321884632110596,2.2675689936105723,1.6695797443389893,-2.2196390628814697,-1.3034964799880981,-4.639266014099121,2.6424267292022705,1.3034964799880981
1794.7666666666667,3.5619637966156006,1.681397557258606,-0.004347540438175201,0.007761514745652676,-0.00367946014739573,0.9071875810623169,0.4206385016441345,2.273261501020309,1.6503814458847046,-0.8759827017784119,-1.3034964799880981,-4.6203155517578125,1.4856104850769043,1.3034964799880981
1794.7833333333333,3.5619611740112305,1.681392788887024,-0.004342757165431976,0.007760296110063791,-0.0036379091907292604,0.9084171652793884,0.417976975440979,2.279125251224252,1.6305676698684692,-2.2197556495666504,-1.3034964799880981,-4.600642681121826,2.6412065029144287,1.3034964799880981
1794.8,3.561958074569702,1.681389331817627,-0.004347547888755798,0.00778267253190279,-0.0036346963606774807,0.909602701663971,0.4153900742530823,2.28481677508933,1.6113643646240234,-0.8764849901199341,-1.3034964799880981,-4.581698417663574,1.485247015953064,1.3034964799880981
1794.8166666666666,3.561955213546753,1.6813846826553345,-0.004342749714851379,0.007780182175338268,-0.0035925740376114845,0.9108172059059143,0.4127209782600403,2.290681818340845,1.5915437936782837,-2.2211997509002686,-1.3034964799880981,-4.56203031539917,2.6389315128326416,1.3034964799880981
1794.8333333333333,3.5619521141052246,1.681381106376648,-0.00434759259223938,0.007803881540894508,-0.0035898250062018633,0.911987841129303,0.4101271629333496,2.296373636377212,1.5723350048065186,-0.8770855665206909,-1.3034964799880981,-4.543091297149658,1.4848493337631226,1.3034964799880981
1794.85,3.5619494915008545,1.6813757419586182,-0.0043427348136901855,0.007801282685250044,-0.003547755302861333,0.91318678855896,0.4074510335922241,2.3022385045822116,1.5525087118148804,-2.2240591049194336,-1.3034964799880981,-4.523430824279785,2.6361751556396484,1.3034964799880981
1794.8666666666666,3.5619468688964844,1.6813721656799316,-0.004347600042819977,0.00782395526766777,-0.003544369712471962,0.9143426418304443,0.4048501253128052,2.307931254549208,1.53329336643219,-0.8774892091751099,-1.3034964799880981,-4.504497528076172,1.4846230745315552,1.3034964799880981
1794.8833333333334,3.561944007873535,1.6813665628433228,-0.004342757165431976,0.007821111008524895,-0.003502402687445283,0.9155260920524597,0.40216726064682007,2.31379591412081,1.5134607553482056,-2.2247183322906494,-1.3034964799880981,-4.484842300415039,2.63462495803833,1.3034964799880981
1794.9,3.561941385269165,1.6813626289367676,-0.004347637295722961,0.007845045998692513,-0.003499530954286456,0.9166667461395264,0.39955997467041016,2.3194880395557247,1.4942399263381958,-0.878108024597168,-1.3034964799880981,-4.465915203094482,1.4841841459274292,1.3034964799880981
1794.9166666666667,3.561938762664795,1.6813569068908691,-0.00434277206659317,0.007842603139579296,-0.003457707352936268,0.9178348779678345,0.39687007665634155,2.3253534400137674,1.4744014739990234,-2.227604866027832,-1.3034964799880981,-4.446267604827881,2.6317784786224365,1.3034964799880981
1794.9333333333334,3.561936378479004,1.681352972984314,-0.0043476298451423645,0.007865800522267818,-0.0034544116351753473,0.9189606308937073,0.3942556083202362,2.331046750343679,1.4551734924316406,-0.8785730004310608,-1.3034964799880981,-4.427347183227539,1.4839458465576172,1.3034964799880981
1794.95,3.561934232711792,1.681347131729126,-0.00434277206659317,0.007861933670938015,-0.0034120946656912565,0.9201132655143738,0.3915587067604065,2.3369126552245465,1.435328722000122,-2.2301461696624756,-1.3034964799880981,-4.407703876495361,2.6291487216949463,1.3034964799880981
1794.9666666666667,3.561931848526001,1.6813429594039917,-0.0043476298451423645,0.007883540354669094,-0.0034081407357007265,0.9212239384651184,0.38893774151802063,2.342606097371611,1.416094422340393,-0.8788501024246216,-1.3034964799880981,-4.38878870010376,1.4838000535964966,1.3034964799880981
1794.9833333333333,3.561929702758789,1.6813371181488037,-0.004342816770076752,0.007881548255681992,-0.003366520395502448,0.922360897064209,0.3862342834472656,2.34847180180338,1.3962441682815552,-2.2302138805389404,-1.3034964799880981,-4.369152069091797,2.6270248889923096,1.3034964799880981
1795.0,3.5619277954101562,1.6813327074050903,-0.004347622394561768,0.00790365505963564,-0.003362711751833558,0.9234563708305359,0.3836069703102112,2.35416515091769,1.3770025968551636,-0.8793730139732361,-1.3034964799880981,-4.35024356842041,1.483446478843689,1.3034964799880981
1795.0166666666667,3.56192684173584,1.6813262701034546,-0.004342794418334961,0.007900673896074295,-0.003320834133774042,0.9245777726173401,0.3808968663215637,2.360031183158174,1.3571463823318481,-2.234233856201172,-1.3034964799880981,-4.330611705780029,2.623323917388916,1.3034964799880981
1795.0333333333333,3.561924934387207,1.6813215017318726,-0.004347652196884155,0.007922859862446785,-0.0033168410882353783,0.9256579875946045,0.3782637119293213,2.365723830243854,1.3378983736038208,-0.879779577255249,-1.3034964799880981,-4.311709880828857,1.4832370281219482,1.3034964799880981
1795.05,3.5619242191314697,1.6813149452209473,-0.004342816770076752,0.007920208387076855,-0.0032753823325037956,0.9267637133598328,0.3755471110343933,2.371589962694728,1.31803560256958,-2.2356555461883545,-1.3034964799880981,-4.292084693908691,2.619158983230591,1.3034964799880981
1795.0666666666666,3.561922788619995,1.6813100576400757,-0.004347667098045349,0.007942389696836472,-0.0032713660039007664,0.9278286099433899,0.3729077875614166,2.3772824036365665,1.2987810373306274,-0.8801295161247253,-1.3034964799880981,-4.273190021514893,1.4829583168029785,1.3034964799880981
1795.0833333333333,3.561922073364258,1.6813035011291504,-0.004342779517173767,0.007938127964735031,-0.003229167079553008,0.9289184808731079,0.3701847791671753,2.383148321892661,1.2789114713668823,-2.2369916439056396,-1.3034964799880981,-4.253569602966309,2.6150643825531006,1.3034964799880981
1795.1,3.561920404434204,1.6812986135482788,-0.004347667098045349,0.007960871793329716,-0.0032252224627882242,0.9299681782722473,0.36753934621810913,2.3888409162290793,1.2596510648727417,-0.880668580532074,-1.3034964799880981,-4.234681129455566,1.4825540781021118,1.3034964799880981
1795.1166666666666,3.5619194507598877,1.681291937828064,-0.0043428391218185425,0.007958387956023216,-0.0031839264556765556,0.9310424327850342,0.36481013894081116,2.394707067175762,1.2397764921188354,-2.239166736602783,-1.3034964799880981,-4.2150678634643555,2.612541675567627,1.3034964799880981
1795.1333333333334,3.5619187355041504,1.6812865734100342,-0.004347637295722961,0.007978729903697968,-0.003178919665515423,0.9320768713951111,0.3621586561203003,2.400399762466841,1.220508098602295,-0.8808307647705078,-1.3034964799880981,-4.196185111999512,1.4825483560562134,1.3034964799880981
1795.15,3.5619187355041504,1.6812795400619507,-0.0043428316712379456,0.007975957356393337,-0.0031376753468066454,0.9331350922584534,0.35942333936691284,2.4062653587519183,1.2006275653839111,-2.24109148979187,-1.3034964799880981,-4.176576614379883,2.6080315113067627,1.3034964799880981
1795.1666666666667,3.561918020248413,1.6812740564346313,-0.00434768944978714,0.007997987791895866,-0.003133074613288045,0.9341543912887573,0.3567654490470886,2.411959127558222,1.1813533306121826,-0.8814507126808167,-1.3034964799880981,-4.1577019691467285,1.4820911884307861,1.3034964799880981
1795.1833333333334,3.561917304992676,1.6812670230865479,-0.004342824220657349,0.007993103004992008,-0.003091147169470787,0.9351969361305237,0.3540244698524475,2.417824426358349,1.161466360092163,-2.245220184326172,-1.3034964799880981,-4.13809871673584,2.6038894653320312,1.3034964799880981
1795.2,3.5619168281555176,1.6812611818313599,-0.004347719252109528,0.008015365339815617,-0.0030866828747093678,0.9362006783485413,0.3513607382774353,2.4235178445201075,1.1421865224838257,-0.881791353225708,-1.3034964799880981,-4.119229316711426,1.4818276166915894,1.3034964799880981
1795.2166666666667,3.5619168281555176,1.6812540292739868,-0.0043428391218185425,0.008012404665350914,-0.0030454727821052074,0.9372273683547974,0.3486135005950928,2.4293835670416373,1.1222937107086182,-2.2475595474243164,-1.3034964799880981,-4.099630355834961,2.5992026329040527,1.3034964799880981
1795.2333333333333,3.5619170665740967,1.6812481880187988,-0.00434768944978714,0.008033568039536476,-0.0030404056888073683,0.9382157325744629,0.34594398736953735,2.4350770741279817,1.1030057668685913,-0.8820732831954956,-1.3034964799880981,-4.080767631530762,1.4816290140151978,1.3034964799880981
1795.25,3.561917781829834,1.6812405586242676,-0.0043428316712379456,0.00802847370505333,-0.0029987264424562454,0.939226508140564,0.34319108724594116,2.440942416951752,1.0831063985824585,-2.2499313354492188,-1.3034964799880981,-4.061175346374512,2.593614339828491,1.3034964799880981
1795.2666666666667,3.561917781829834,1.6812344789505005,-0.0043477863073349,0.00805165246129036,-0.002994012087583542,0.9401994943618774,0.34051603078842163,2.4466358904827716,1.06381356716156,-0.8826488256454468,-1.3034964799880981,-4.042319297790527,1.481203556060791,1.3034964799880981
1795.2833333333333,3.5619184970855713,1.6812267303466797,-0.004342854022979736,0.008045302703976631,-0.002951990580186248,0.9411944150924683,0.33775684237480164,2.452502067896944,1.0439083576202393,-2.253946542739868,-1.3034964799880981,-4.022731781005859,2.5890047550201416,1.3034964799880981
1795.3,3.5619184970855713,1.6812208890914917,-0.004347763955593109,0.008068856783211231,-0.0029476105701178312,0.9421517848968506,0.33507636189460754,2.4581950669319985,1.0246093273162842,-0.8827428817749023,-1.3034964799880981,-4.003880023956299,1.4811339378356934,1.3034964799880981
1795.3166666666666,3.5619194507598877,1.6812127828598022,-0.004342854022979736,0.008061989210546017,-0.002905336208641529,0.9431309103965759,0.3323112428188324,2.4640618820049722,1.0046970844268799,-2.2549757957458496,-1.3034964799880981,-3.984295606613159,2.581557512283325,1.3034964799880981
1795.3333333333333,3.561920404434204,1.681206226348877,-0.004347816109657288,0.008086176589131355,-0.0029010572470724583,0.9440726637840271,0.3296254277229309,2.4697544640003386,0.9853919744491577,-0.8832908272743225,-1.3034964799880981,-3.9654524326324463,1.480733036994934,1.3034964799880981
1795.35,3.561922073364258,1.6811984777450562,-0.004342824220657349,0.008079532533884048,-0.00285908579826355,0.9450355768203735,0.32685500383377075,2.4756204362992316,0.9654746651649475,-2.257850408554077,-1.3034964799880981,-3.945873498916626,2.5771443843841553,1.3034964799880981
1795.3666666666666,3.561922550201416,1.6811920404434204,-0.004347771406173706,0.00810173712670803,-0.002853821497410536,0.9459620118141174,0.32416343688964844,2.481313922418129,0.9461623430252075,-0.8834310173988342,-1.3034964799880981,-3.927037000656128,1.4806231260299683,1.3034964799880981
1795.3833333333334,3.5619242191314697,1.6811838150024414,-0.004342898726463318,0.008096856065094471,-0.002812567399814725,0.9469090104103088,0.32138732075691223,2.487180382615565,0.9262404441833496,-2.259667158126831,-1.3034964799880981,-3.9074623584747314,2.5734193325042725,1.3034964799880981
1795.4,3.5619263648986816,1.6811772584915161,-0.004347801208496094,0.008118783123791218,-0.0028071915730834007,0.9478198885917664,0.3186904788017273,2.492873843530206,0.9069214463233948,-0.8837015628814697,-1.3034964799880981,-3.8886311054229736,1.4804145097732544,1.3034964799880981
1795.4166666666667,3.5619280338287354,1.6811691522598267,-0.004342891275882721,0.008111823350191116,-0.002765415469184518,0.9487507343292236,0.31590911746025085,2.498739844819464,0.886993944644928,-2.2639734745025635,-1.3034964799880981,-3.8690602779388428,2.5670523643493652,1.3034964799880981
1795.4333333333334,3.561929941177368,1.6811624765396118,-0.004347853362560272,0.008134831674396992,-0.002760133473202586,0.9496458768844604,0.3132074475288391,2.5044324822570627,0.8676695823669434,-0.8839430809020996,-1.3034964799880981,-3.8502352237701416,1.480189323425293,1.3034964799880981
1795.45,3.5619313716888428,1.6811542510986328,-0.004342854022979736,0.008127252571284771,-0.002718348754569888,0.9505606293678284,0.31042057275772095,2.510298751181121,0.8477358222007751,-2.2659451961517334,-1.3034964799880981,-3.83066725730896,2.560127019882202,1.3034964799880981
1795.4666666666667,3.5619328022003174,1.6811474561691284,-0.00434788316488266,0.008151630870997906,-0.0027133754920214415,0.9514402151107788,0.30771368741989136,2.5159916633499186,0.8284062147140503,-0.8843696117401123,-1.3034964799880981,-3.8118486404418945,1.4797779321670532,1.3034964799880981
1795.4833333333333,3.5619354248046875,1.6811392307281494,-0.004342876374721527,0.008143730461597443,-0.002671767957508564,0.9523388743400574,0.30492180585861206,2.5218576229345193,0.8084672093391418,-2.2690770626068115,-1.3034964799880981,-3.792285919189453,2.55481219291687,1.3034964799880981
1795.5,3.5619373321533203,1.6811320781707764,-0.004347890615463257,0.008166272193193436,-0.0026658806018531322,0.9532027244567871,0.302209734916687,2.527550608198424,0.7891308665275574,-0.8843879699707031,-1.3034964799880981,-3.773472785949707,1.479786992073059,1.3034964799880981
1795.5166666666667,3.5619397163391113,1.6811237335205078,-0.004342906177043915,0.008157938718795776,-0.0026242223102599382,0.9540852904319763,0.29941248893737793,2.533417001739315,0.7691868543624878,-2.27104115486145,-1.3034964799880981,-3.7539124488830566,2.5484273433685303,1.3034964799880981
1795.5333333333333,3.5619421005249023,1.681117057800293,-0.0043479278683662415,0.008182407356798649,-0.0026188374031335115,0.9549333453178406,0.29669591784477234,2.539109128057351,0.7498455047607422,-0.8848210573196411,-1.3034964799880981,-3.735105037689209,1.4794151782989502,1.3034964799880981
1795.55,3.5619449615478516,1.6811084747314453,-0.004342906177043915,0.008174026384949684,-0.002577233361080289,0.9557996988296509,0.2938934862613678,2.544975677333632,0.7298969030380249,-2.274933099746704,-1.3034964799880981,-3.715548276901245,2.5426323413848877,1.3034964799880981
1795.5666666666666,3.56194806098938,1.6811015605926514,-0.004347912967205048,0.008195941336452961,-0.0025710309855639935,0.9566323757171631,0.2911713123321533,2.550669522464611,0.7105487585067749,-0.8847436904907227,-1.3034964799880981,-3.696746587753296,1.4793833494186401,1.3034964799880981
1795.5833333333333,3.561951160430908,1.6810927391052246,-0.0043429359793663025,0.008188258856534958,-0.002529767109081149,0.957482635974884,0.2883634567260742,2.556537016731718,0.6905952095985413,-2.2752890586853027,-1.3034964799880981,-3.677192449569702,2.5371131896972656,1.3034964799880981
1795.6,3.5619544982910156,1.6810855865478516,-0.0043479204177856445,0.008211813867092133,-0.0025239665992558002,0.9582995176315308,0.2856363356113434,2.5622310916420505,0.6712421178817749,-0.8850514888763428,-1.3034964799880981,-3.6583967208862305,1.4791069030761719,1.3034964799880981
1795.6166666666666,3.5619583129882812,1.6810766458511353,-0.004342928528785706,0.008203143253922462,-0.0024825434666126966,0.959133505821228,0.2828238606452942,2.56809813756159,0.6512835621833801,-2.278843879699707,-1.3034964799880981,-3.6388463973999023,2.5305094718933105,1.3034964799880981
1795.6333333333334,3.5619609355926514,1.6810694932937622,-0.004347957670688629,0.00822611153125763,-0.0024762393441051245,0.959934651851654,0.2800922691822052,2.5737919376729024,0.6319248676300049,-0.88508540391922,-1.3034964799880981,-3.620055675506592,1.4789625406265259,1.3034964799880981
1795.65,3.561964988708496,1.6810606718063354,-0.004343099892139435,0.00821673683822155,-0.002438749885186553,0.9607523679733276,0.2772752642631531,2.5796586568417936,0.6119744181632996,-2.306824207305908,-1.3034964799880981,-3.60050106048584,2.5104317665100098,1.3034964799880981
1795.6666666666667,3.5619683265686035,1.681053638458252,-0.004347942769527435,0.00824099313467741,-0.0024286662228405476,0.9615377187728882,0.27453848719596863,2.585353381276209,0.592605471611023,-0.8853561878204346,-1.3034964799880981,-3.581716775894165,1.4789795875549316,1.3034964799880981
1795.6833333333334,3.5619723796844482,1.6810446977615356,-0.004343077540397644,0.008231434971094131,-0.0023912994656711817,0.9623388648033142,0.2717171311378479,2.5912191396014155,0.5726478099822998,-2.30515193939209,-1.3034964799880981,-3.5621626377105713,2.501485586166382,1.3034964799880981
1795.7,3.5619759559631348,1.6810375452041626,-0.004347950220108032,0.008253993466496468,-0.0023806176614016294,0.9631086587905884,0.2689758241176605,2.596914336405049,0.5532732009887695,-0.8855615258216858,-1.3034964799880981,-3.5433855056762695,1.4787694215774536,1.3034964799880981
1795.7166666666667,3.5619804859161377,1.6810286045074463,-0.004343114793300629,0.008245785720646381,-0.0023438632488250732,0.9638934135437012,0.26615002751350403,2.602779770322672,0.533314049243927,-2.308096408843994,-1.3034964799880981,-3.523834705352783,2.4961166381835938,1.3034964799880981
1795.7333333333333,3.5619845390319824,1.6810212135314941,-0.004347957670688629,0.008268545381724834,-0.002333116950467229,0.9646472334861755,0.2634042799472809,2.6084748524714634,0.513934850692749,-0.8857206702232361,-1.3034964799880981,-3.505061149597168,1.478563904762268,1.3034964799880981
1795.75,3.5619893074035645,1.6810122728347778,-0.004343144595623016,0.00825808010995388,-0.0022957883775234222,0.9654159545898438,0.2605736255645752,2.614341353696999,0.4939713478088379,-2.3131113052368164,-1.3034964799880981,-3.4855105876922607,2.48810076713562,1.3034964799880981
1795.7666666666667,3.5619938373565674,1.6810046434402466,-0.004347972571849823,0.008280504494905472,-0.0022848742082715034,0.9661538004875183,0.257823646068573,2.6200361660846974,0.47458773851394653,-0.8856307864189148,-1.3034964799880981,-3.4667422771453857,1.4784878492355347,1.3034964799880981
1795.7833333333333,3.561998128890991,1.6809954643249512,-0.004343152046203613,0.008271321654319763,-0.002248065546154976,0.9669058918952942,0.25498881936073303,2.6259019310473057,0.45462024211883545,-2.312174081802368,-1.3034964799880981,-3.447193145751953,2.4819912910461426,1.3034964799880981
1795.8,3.562002420425415,1.6809879541397095,-0.004347994923591614,0.008293358609080315,-0.0022368181962519884,0.9676279425621033,0.25223469734191895,2.6315967754336897,0.4352317452430725,-0.8857753276824951,-1.3034964799880981,-3.42842960357666,1.4782649278640747,1.3034964799880981
1795.8166666666666,3.5620076656341553,1.6809791326522827,-0.004343174397945404,0.008284381590783596,-0.0022002551704645157,0.9683636426925659,0.24939560890197754,2.637462493761322,0.4152621030807495,-2.3156609535217285,-1.3034964799880981,-3.4088830947875977,2.4763267040252686,1.3034964799880981
1795.8333333333333,3.562012195587158,1.6809715032577515,-0.004347994923591614,0.008307303301990032,-0.0021890909411013126,0.9690697193145752,0.24663764238357544,2.643156801368222,0.395869642496109,-0.8855891823768616,-1.3034964799880981,-3.3901240825653076,1.4782038927078247,1.3034964799880981
1795.85,3.5620181560516357,1.6809626817703247,-0.004343174397945404,0.00829669926315546,-0.0021522974129766226,0.9697891473770142,0.24379408359527588,2.649023174696303,0.3758949637413025,-2.3158833980560303,-1.3034964799880981,-3.3705780506134033,2.4681692123413086,1.3034964799880981
1795.8666666666666,3.5620226860046387,1.680955171585083,-0.004348069429397583,0.008321051485836506,-0.002141272881999612,0.9704790711402893,0.2410324215888977,2.654716628537174,0.3564997911453247,-0.8858270049095154,-1.3034964799880981,-3.351823091506958,1.4778038263320923,1.3034964799880981
1795.8833333333334,3.5620276927948,1.6809461116790771,-0.0043431296944618225,0.008308728225529194,-0.0021042674779891968,0.9711818695068359,0.23818516731262207,2.660582025618787,0.3365219831466675,-2.3192901611328125,-1.3034964799880981,-3.332278251647949,2.461526870727539,1.3034964799880981
1795.9,3.5620334148406982,1.680938959121704,-0.004348069429397583,0.00833350233733654,-0.0020930450409650803,0.9718558192253113,0.23541945219039917,2.6662756717458818,0.31712374091148376,-0.885776162147522,-1.3034964799880981,-3.3135271072387695,1.4776484966278076,1.3034964799880981
1795.9166666666667,3.5620388984680176,1.6809296607971191,-0.004343189299106598,0.008321850560605526,-0.002056409139186144,0.9725423455238342,0.2325681746006012,2.6721413601470014,0.2971437871456146,-2.3211922645568848,-1.3034964799880981,-3.2939846515655518,2.4552700519561768,1.3034964799880981
1795.9333333333334,3.562044620513916,1.6809223890304565,-0.004348061978816986,0.008344712667167187,-0.0020446472335606813,0.9732003211975098,0.22979837656021118,2.677835427074026,0.2777412533760071,-0.885529100894928,-1.3034964799880981,-3.275238275527954,1.4777003526687622,1.3034964799880981
1795.95,3.5620505809783936,1.6809130907058716,-0.004343196749687195,0.008333227597177029,-0.002008219715207815,0.973870038986206,0.2269434928894043,2.6837001505657985,0.25775888562202454,-2.3208422660827637,-1.3034964799880981,-3.255695104598999,2.4497182369232178,1.3034964799880981
1795.9666666666667,3.562056064605713,1.680905818939209,-0.004348054528236389,0.00835588201880455,-0.0019962829537689686,0.9745121002197266,0.22416993975639343,2.6893943533057,0.23835332691669464,-0.8854426145553589,-1.3034964799880981,-3.2369513511657715,1.477583408355713,1.3034964799880981
1795.9833333333333,3.5620625019073486,1.6808969974517822,-0.004343248903751373,0.008344803936779499,-0.001959957182407379,0.9751655459403992,0.22131112217903137,2.695259586167831,0.21836937963962555,-2.3228564262390137,-1.3034964799880981,-3.2174086570739746,2.4433646202087402,1.3034964799880981
1796.0,3.562068462371826,1.6808892488479614,-0.004348061978816986,0.008366426452994347,-0.0019478399772197008,0.9757914543151855,0.21853390336036682,2.7009536410618376,0.1989605873823166,-0.8851885199546814,-1.3034964799880981,-3.1986682415008545,1.4775596857070923,1.3034964799880981
1796.0166666666667,3.562074661254883,1.6808801889419556,-0.0043432265520095825,0.008356092497706413,-0.001911729108542204,0.9764282703399658,0.21567144989967346,2.7068185932996185,0.17897553741931915,-2.3238437175750732,-1.3034964799880981,-3.1791253089904785,2.436199188232422,1.3034964799880981
1796.0333333333333,3.5620808601379395,1.680873155593872,-0.004348129034042358,0.008378943428397179,-0.0018994887359440327,0.9770382642745972,0.2128908634185791,2.7125124753700405,0.15956440567970276,-0.8851682543754578,-1.3034964799880981,-3.1603879928588867,1.477351188659668,1.3034964799880981
1796.05,3.562087297439575,1.6808640956878662,-0.004343248903751373,0.008366651833057404,-0.0018633243162184954,0.9776585698127747,0.2100244164466858,2.7183781137884324,0.13957761228084564,-2.3263542652130127,-1.3034964799880981,-3.1408448219299316,2.428741693496704,1.3034964799880981
1796.0666666666666,3.562093496322632,1.6808569431304932,-0.004348188638687134,0.00839137937873602,-0.001851255539804697,0.9782522916793823,0.20724067091941833,2.72407120026525,0.12016543000936508,-0.885099470615387,-1.3034964799880981,-3.122110605239868,1.4771727323532104,1.3034964799880981
1796.0833333333333,3.5621001720428467,1.6808478832244873,-0.004343241453170776,0.008376119658350945,-0.0018147253431379795,0.978856086730957,0.20437073707580566,2.7299368114483755,0.10017599910497665,-2.327904462814331,-1.3034964799880981,-3.1025664806365967,2.421053647994995,1.3034964799880981
1796.1,3.5621070861816406,1.6808407306671143,-0.004348151385784149,0.008400293067097664,-0.001802405808120966,0.9794335961341858,0.2015833854675293,2.735630156301557,0.08076273649930954,-0.8848584294319153,-1.3034964799880981,-3.083833932876587,1.477036714553833,1.3034964799880981
1796.1166666666666,3.5621142387390137,1.6808321475982666,-0.004343271255493164,0.008387085050344467,-0.0017663815524429083,0.9800207614898682,0.19871053099632263,2.741494805334687,0.060773443430662155,-2.3278708457946777,-1.3034964799880981,-3.0642895698547363,2.414898633956909,1.3034964799880981
1796.1333333333334,3.5621206760406494,1.6808247566223145,-0.004348196089267731,0.008410988375544548,-0.0017538147512823343,0.9805822372436523,0.19591975212097168,2.7471884940052385,0.041358254849910736,-0.88483065366745,-1.3034964799880981,-3.045560359954834,1.4768812656402588,1.3034964799880981
1796.15,3.5621278285980225,1.6808158159255981,-0.004343293607234955,0.00839783065021038,-0.0017180058639496565,0.9811527132987976,0.19304373860359192,2.753052718776451,0.021369215101003647,-2.3297226428985596,-1.3034964799880981,-3.0260157585144043,2.4108669757843018,1.3034964799880981
1796.1666666666667,3.562134027481079,1.6808089017868042,-0.00434817373752594,0.008421408012509346,-0.0017052474431693554,0.9816980361938477,0.19024991989135742,2.7587461015281507,0.0019528400152921677,-0.8843266367912292,-1.3034964799880981,-3.0072879791259766,1.476891279220581,1.3034964799880981
1796.1833333333334,3.562140941619873,1.6808000802993774,-0.004343278706073761,0.008407793939113617,-0.0016694962978363037,0.9822519421577454,0.18737074732780457,2.7646102254177145,-0.0180370956659317,-2.329929828643799,-1.3034964799880981,-2.9877402782440186,2.40309739112854,1.3034964799880981
1796.2,3.562147617340088,1.6807929277420044,-0.00434817373752594,0.008429724723100662,-0.001656229142099619,0.9827809929847717,0.18457454442977905,2.7703021487714263,-0.037454985082149506,-0.8840451240539551,-1.3034964799880981,-2.96901535987854,1.4769062995910645,1.3034964799880981
1796.2166666666667,3.562154769897461,1.6807845830917358,-0.004343308508396149,0.008416824042797089,-0.001620810478925705,0.983318030834198,0.18169251084327698,2.7761655026958545,-0.05744367837905884,-2.329535961151123,-1.3034964799880981,-2.9494667053222656,2.3986268043518066,1.3034964799880981
1796.2333333333333,3.5621612071990967,1.6807777881622314,-0.004348248243331909,0.008440721780061722,-0.0016076182946562767,0.9838311076164246,0.17889279127120972,2.781858571434511,-0.07686122506856918,-0.8839085698127747,-1.3034964799880981,-2.9307427406311035,1.4767154455184937,1.3034964799880981
1796.25,3.562168836593628,1.6807688474655151,-0.004343315958976746,0.008426801301538944,-0.0015721987001597881,0.9843515157699585,0.176007479429245,2.787722367432512,-0.0968489944934845,-2.3327109813690186,-1.3034964799880981,-2.9111926555633545,2.3925247192382812,1.3034964799880981
1796.2666666666667,3.562175750732422,1.6807622909545898,-0.0043482184410095215,0.008449055254459381,-0.0015587126836180687,0.9848483204841614,0.17320480942726135,2.793415400079342,-0.11626695841550827,-0.8834018707275391,-1.3034964799880981,-2.892470121383667,1.4767985343933105,1.3034964799880981
1796.2833333333333,3.562182903289795,1.6807539463043213,-0.0043433308601379395,0.008436101488769054,-0.0015235503669828176,0.9853519797325134,0.17031672596931458,2.7992787892591307,-0.13625402748584747,-2.330416202545166,-1.3034964799880981,-2.872918128967285,2.387723684310913,1.3034964799880981
1796.3,3.5621895790100098,1.680747389793396,-0.0043482109904289246,0.008458124473690987,-0.0015097309369593859,0.9858327507972717,0.1675107181072235,2.8049729440741915,-0.15567202866077423,-0.8830359578132629,-1.3034964799880981,-2.854196548461914,1.4767272472381592,1.3034964799880981
1796.3166666666666,3.562197685241699,1.6807390451431274,-0.0043433308601379395,0.008443395607173443,-0.0014743371866643429,0.9863197207450867,0.164620041847229,2.810835830921609,-0.17565779387950897,-2.331645965576172,-1.3034964799880981,-2.8346424102783203,2.3814141750335693,1.3034964799880981
1796.3333333333333,3.562204599380493,1.6807324886322021,-0.004348300397396088,0.008466945961117744,-0.001460839994251728,0.9867843389511108,0.16181161999702454,2.8165294701052144,-0.19507405161857605,-0.8826942443847656,-1.3034964799880981,-2.8159215450286865,1.4766805171966553,1.3034964799880981
1796.35,3.5622124671936035,1.6807242631912231,-0.004343360662460327,0.008451463654637337,-0.0014256827998906374,0.9872545599937439,0.1589183211326599,2.82239205284417,-0.21505914628505707,-2.330490827560425,-1.3034964799880981,-2.7963647842407227,2.375753402709961,1.3034964799880981
1796.3666666666666,3.5622191429138184,1.6807174682617188,-0.004348263144493103,0.008475212380290031,-0.0014118293765932322,0.9877026081085205,0.15610778331756592,2.8280843936229063,-0.23447401821613312,-0.882366955280304,-1.3034964799880981,-2.777644634246826,1.4765150547027588,1.3034964799880981
1796.3833333333334,3.5622267723083496,1.6807092428207397,-0.004343360662460327,0.0084596648812294,-0.0013768121134489775,0.988156259059906,0.15321171283721924,2.833947314344717,-0.2544567883014679,-2.330246925354004,-1.3034964799880981,-2.758085012435913,2.370413064956665,1.3034964799880981
1796.4,3.5622339248657227,1.6807026863098145,-0.004348292946815491,0.008482717908918858,-0.0013625703286379576,0.9885880947113037,0.15039855241775513,2.8396398327220687,-0.27387043833732605,-0.8820669054985046,-1.3034964799880981,-2.7393641471862793,1.4764735698699951,1.3034964799880981
1796.4166666666667,3.562241792678833,1.680694818496704,-0.004343345761299133,0.008468717336654663,-0.0013281030114740133,0.9890247583389282,0.14750021696090698,2.845501965661417,-0.29384878277778625,-2.3314075469970703,-1.3034964799880981,-2.719802141189575,2.367149829864502,1.3034964799880981
1796.4333333333334,3.562249183654785,1.6806886196136475,-0.004348292946815491,0.008490212261676788,-0.0013134891632944345,0.9894405007362366,0.14468488097190857,2.8511941063253152,-0.31326156854629517,-0.8814550638198853,-1.3034964799880981,-2.7010817527770996,1.4767147302627563,1.3034964799880981
1796.45,3.5622568130493164,1.6806803941726685,-0.004343375563621521,0.00847572647035122,-0.0012790230102837086,0.989860475063324,0.1417843997478485,2.8570556663113376,-0.3332374095916748,-2.3310186862945557,-1.3034964799880981,-2.6815149784088135,2.3614845275878906,1.3034964799880981
1796.4666666666667,3.5622637271881104,1.6806743144989014,-0.0043483152985572815,0.00849950686097145,-0.0012645991519093513,0.9902596473693848,0.13896670937538147,2.8627475658767008,-0.35264694690704346,-0.8810679316520691,-1.3034964799880981,-2.6627936363220215,1.4765625,1.3034964799880981
1796.4833333333333,3.5622715950012207,1.6806663274765015,-0.004343368113040924,0.008483228273689747,-0.001229909248650074,0.9906629920005798,0.1360635757446289,2.868609750066631,-0.3726212680339813,-2.3293144702911377,-1.3034964799880981,-2.643224000930786,2.3564298152923584,1.3034964799880981
1796.5,3.562278985977173,1.680660367012024,-0.004348345100879669,0.008507033810019493,-0.0012154777068644762,0.9910460114479065,0.1332436501979828,2.8743017148627397,-0.39202749729156494,-0.8806150555610657,-1.3034964799880981,-2.6245017051696777,1.476527452468872,1.3034964799880981
1796.5166666666667,3.5622870922088623,1.6806526184082031,-0.004343390464782715,0.008490370586514473,-0.001181005034595728,0.9914324283599854,0.13033831119537354,2.880163635620158,-0.41199812293052673,-2.3283073902130127,-1.3034964799880981,-2.6049273014068604,2.351541519165039,1.3034964799880981
1796.5333333333333,3.562293767929077,1.6806470155715942,-0.004348360002040863,0.00851408950984478,-0.001166114117950201,0.9917991757392883,0.12751659750938416,2.8858548902989853,-0.43140140175819397,-0.880169689655304,-1.3034964799880981,-2.5862035751342773,1.4764111042022705,1.3034964799880981
1796.55,3.5623016357421875,1.6806392669677734,-0.004343383014202118,0.008496878668665886,-0.001131800003349781,0.9921687245368958,0.12460958957672119,2.8917157640987856,-0.4513677954673767,-2.327930212020874,-1.3034964799880981,-2.5666255950927734,2.347963571548462,1.3034964799880981
1796.5666666666666,3.5623083114624023,1.680633306503296,-0.00434836745262146,0.008520424365997314,-0.0011169142089784145,0.9925191402435303,0.12178608775138855,2.8974064546504565,-0.4707673192024231,-0.8796123266220093,-1.3034964799880981,-2.547900676727295,1.476530909538269,1.3034964799880981
1796.5833333333333,3.5623157024383545,1.6806260347366333,-0.004343412816524506,0.008504113182425499,-0.0010829523671418428,0.9928719401359558,0.118877112865448,2.903267140498912,-0.4907291829586029,-2.3256256580352783,-1.3034964799880981,-2.5283186435699463,2.345303773880005,1.3034964799880981
1796.6,3.5623223781585693,1.6806201934814453,-0.004348352551460266,0.008526423946022987,-0.0010676709935069084,0.9932058453559875,0.11605209112167358,2.9089568022435772,-0.5101256966590881,-0.8788862228393555,-1.3034964799880981,-2.509591817855835,1.476715087890625,1.3034964799880981
1796.6166666666666,3.562330722808838,1.6806129217147827,-0.004343435168266296,0.00850958377122879,-0.001033636974170804,0.993541955947876,0.11314114928245544,2.9148175214649488,-0.5300831198692322,-2.323688507080078,-1.3034964799880981,-2.4900050163269043,2.3403279781341553,1.3034964799880981
1796.6333333333334,3.5623373985290527,1.680607557296753,-0.004348382353782654,0.008532479405403137,-0.0010183255653828382,0.993859589099884,0.11031386256217957,2.9205079636421787,-0.5494751334190369,-0.8784818649291992,-1.3034964799880981,-2.471275806427002,1.4766299724578857,1.3034964799880981
1796.65,3.562345027923584,1.6806000471115112,-0.004343435168266296,0.008515268564224243,-0.0009844661690294743,0.9941787719726562,0.1074017882347107,2.92636713325699,-0.5694278478622437,-2.321768045425415,-1.3034964799880981,-2.4516844749450684,2.3381714820861816,1.3034964799880981
1796.6666666666667,3.562351703643799,1.6805944442749023,-0.004348360002040863,0.008537458255887032,-0.0009689084254205227,0.9944800734519958,0.10457286238670349,2.932057286023151,-0.5888152122497559,-0.8778579831123352,-1.3034964799880981,-2.432952642440796,1.4768232107162476,1.3034964799880981
1796.6833333333334,3.5623586177825928,1.6805872917175293,-0.00434345006942749,0.008520067669451237,-0.0009351675398647785,0.9947823286056519,0.10165935754776001,2.9379156794882433,-0.6087623834609985,-2.320317506790161,-1.3034964799880981,-2.413356065750122,2.335268497467041,1.3034964799880981
1796.7,3.562366008758545,1.6805819272994995,-0.004348404705524445,0.008542342111468315,-0.0009195294696837664,0.9950672388076782,0.09882920980453491,2.9436048865275444,-0.6281448006629944,-0.8772710561752319,-1.3034964799880981,-2.3946218490600586,1.4768422842025757,1.3034964799880981
1796.7166666666667,3.562372922897339,1.680574893951416,-0.004343464970588684,0.008526901714503765,-0.0008860672824084759,0.9953526854515076,0.09591373801231384,2.949463825964408,-0.6480855345726013,-2.3183977603912354,-1.3034964799880981,-2.375019073486328,2.3329854011535645,1.3034964799880981
1796.7333333333333,3.5623791217803955,1.6805697679519653,-0.004348404705524445,0.008548837155103683,-0.0008701053448021412,0.995621383190155,0.09308212995529175,2.9551528363856896,-0.6674633026123047,-0.876734733581543,-1.3034964799880981,-2.3562815189361572,1.4769768714904785,1.3034964799880981
1796.75,3.5623867511749268,1.6805628538131714,-0.004343472421169281,0.008531736209988594,-0.0008368506096303463,0.9958899021148682,0.09016528725624084,2.9610112767898404,-0.6873982548713684,-2.3176064491271973,-1.3034964799880981,-2.336674213409424,2.3310463428497314,1.3034964799880981
1796.7666666666667,3.5623927116394043,1.6805574893951416,-0.004348382353782654,0.0085526704788208,-0.000820778077468276,0.9961421489715576,0.08733206987380981,2.966700439173214,-0.7067702412605286,-0.8759796619415283,-1.3034964799880981,-2.317932605743408,1.4771867990493774,1.3034964799880981
1796.7833333333333,3.5623998641967773,1.6805508136749268,-0.004343479871749878,0.008536646142601967,-0.0007876234594732523,0.9963938593864441,0.0844140350818634,2.9725582943727646,-0.7266987562179565,-2.3144094944000244,-1.3034964799880981,-2.2983198165893555,2.3287341594696045,1.3034964799880981
1796.8,3.562406301498413,1.6805458068847656,-0.004348404705524445,0.00855718832463026,-0.0007712822407484055,0.9966298341751099,0.0815792977809906,2.97824771639635,-0.7460655570030212,-0.8754463791847229,-1.3034964799880981,-2.2795748710632324,1.4772528409957886,1.3034964799880981
1796.8166666666666,3.562412738800049,1.6805391311645508,-0.004343509674072266,0.008541733957827091,-0.0007382545154541731,0.9968647360801697,0.07865989208221436,2.9841055253957935,-0.7659872174263,-2.312720775604248,-1.3034964799880981,-2.259956121444702,2.3280224800109863,1.3034964799880981
1796.8333333333333,3.5624194145202637,1.6805340051651,-0.004348404705524445,0.008561864495277405,-0.0007218359969556332,0.9970842599868774,0.07582411170005798,2.9897943719195927,-0.7853478193283081,-0.8746039867401123,-1.3034964799880981,-2.2412068843841553,1.4774600267410278,1.3034964799880981
1796.85,3.5624263286590576,1.6805278062820435,-0.004343502223491669,0.008545620366930962,-0.0006890248041599989,0.9973021149635315,0.07290342450141907,2.995652046043286,-0.8052641749382019,-2.3079917430877686,-1.3034964799880981,-2.2215819358825684,2.3273603916168213,1.3034964799880981
1796.8666666666666,3.562432050704956,1.6805230379104614,-0.004348441958427429,0.008567329496145248,-0.0006723013939335942,0.9975053071975708,0.0700666606426239,3.00134044502495,-0.8246177434921265,-0.874153733253479,-1.3034964799880981,-2.2028274536132812,1.4775129556655884,1.3034964799880981
1796.8833333333334,3.562438488006592,1.6805166006088257,-0.004343479871749878,0.008548971265554428,-0.0006396500393748283,0.997706413269043,0.06714418530464172,3.0071993134646804,-0.8445271849632263,-2.3072638511657715,-1.3034964799880981,-2.183197021484375,2.326277494430542,1.3034964799880981
1796.9,3.5624442100524902,1.6805119514465332,-0.004348397254943848,0.008569382131099701,-0.0006227131234481931,0.9978931546211243,0.06430575251579285,3.012888756559168,-0.8638738393783569,-0.873317539691925,-1.3034964799880981,-2.1644375324249268,1.4777929782867432,1.3034964799880981
1796.9166666666667,3.5624513626098633,1.6805057525634766,-0.004343494772911072,0.00855196826159954,-0.0005901711992919445,0.998077392578125,0.06138253211975098,3.0187469050313105,-0.8837766051292419,-2.3032631874084473,-1.3034964799880981,-2.144798994064331,2.325106382369995,1.3034964799880981
1796.9333333333334,3.5624561309814453,1.680500864982605,-0.004348427057266235,0.008574184030294418,-0.0005734320729970932,0.9982478022575378,0.05854368209838867,3.0244351623432406,-0.9031156301498413,-0.8727392554283142,-1.3034964799880981,-2.1260342597961426,1.4779151678085327,1.3034964799880981
1796.95,3.56246280670166,1.6804946660995483,-0.004343494772911072,0.008555062115192413,-0.0005407568532973528,0.9984152317047119,0.05561980605125427,3.0302926152472525,-0.9230127334594727,-2.298719644546509,-1.3034964799880981,-2.1063895225524902,2.3242368698120117,1.3034964799880981
1796.9666666666667,3.5624678134918213,1.6804901361465454,-0.004348419606685638,0.008577011525630951,-0.0005237971199676394,0.9985691905021667,0.052780210971832275,3.035980468495003,-0.9423440098762512,-0.8722395300865173,-1.3034964799880981,-2.087618827819824,1.4779877662658691,1.3034964799880981
1796.9833333333333,3.562474012374878,1.6804839372634888,-0.0043435171246528625,0.008558690547943115,-0.000491261132992804,0.9987196326255798,0.04985547065734863,3.04183778199154,-0.9622321128845215,-2.2980387210845947,-1.3034964799880981,-2.067967653274536,2.3245232105255127,1.3034964799880981
1797.0,3.562479257583618,1.6804795265197754,-0.004348419606685638,0.008579397574067116,-0.0004741116426885128,0.9988572001457214,0.04701480269432068,3.0475260948649887,-0.9815568327903748,-0.8713505864143372,-1.3034964799880981,-2.049191951751709,1.4783806800842285,1.3034964799880981
1797.0166666666667,3.5624847412109375,1.6804735660552979,-0.004343532025814056,0.00856107659637928,-0.00044197787065058947,0.9989907741546631,0.04408976435661316,3.053382381342949,-1.001438021659851,-2.293052911758423,-1.3034964799880981,-2.0295324325561523,2.324800729751587,1.3034964799880981
1797.0333333333333,3.5624892711639404,1.6804691553115845,-0.004348449409008026,0.008582532405853271,-0.0004246268654242158,0.9991119503974915,0.041248470544815063,3.0590704551331536,-1.0207542181015015,-0.87093585729599,-1.3034964799880981,-2.0107507705688477,1.4784198999404907,1.3034964799880981
1797.05,3.562495470046997,1.6804633140563965,-0.004343494772911072,0.008563525974750519,-0.0003924837801605463,0.9992286562919617,0.03832253813743591,3.064927085032562,-1.040627360343933,-2.291433811187744,-1.3034964799880981,-1.9910857677459717,2.3263564109802246,1.3034964799880981
1797.0666666666666,3.562499761581421,1.680458903312683,-0.004348434507846832,0.008584527298808098,-0.0003750059986487031,0.999333381652832,0.03548121452331543,3.070613906925179,-1.059936285018921,-0.8700734376907349,-1.3034964799880981,-1.9722979068756104,1.4788166284561157,1.3034964799880981
1797.0833333333333,3.5625054836273193,1.6804530620574951,-0.004343539476394653,0.008565342053771019,-0.0003430088981986046,0.9994332194328308,0.032554417848587036,3.0764710187330855,-1.0798027515411377,-2.287245273590088,-1.3034964799880981,-1.9526251554489136,2.326587677001953,1.3034964799880981
1797.1,3.562509536743164,1.6804486513137817,-0.004348427057266235,0.008586603216826916,-0.00032543553970754147,0.9995214939117432,0.02971285581588745,3.082157196832829,-1.0991034507751465,-0.8696995973587036,-1.3034964799880981,-1.933830738067627,1.4789800643920898,1.3034964799880981
1797.1166666666666,3.5625147819519043,1.6804429292678833,-0.0043435245752334595,0.008567721582949162,-0.00029361096676439047,0.999604344367981,0.02678591012954712,3.0880135389469814,-1.1189606189727783,-2.285963296890259,-1.3034964799880981,-1.9141510725021362,2.32956600189209,1.3034964799880981
1797.1333333333334,3.562518835067749,1.6804383993148804,-0.004348382353782654,0.008587561547756195,-0.00027584144845604897,0.9996763467788696,0.023943394422531128,3.0937007186438508,-1.1382534503936768,-0.8688398599624634,-1.3034964799880981,-1.8953490257263184,1.479363203048706,1.3034964799880981
1797.15,3.562523365020752,1.680432677268982,-0.004343539476394653,0.008569542318582535,-0.0002442245604470372,0.9997423887252808,0.021016091108322144,3.0995569312677116,-1.1581029891967773,-2.282179594039917,-1.3034964799880981,-1.8756616115570068,2.3315470218658447,1.3034964799880981
1797.1666666666667,3.562527656555176,1.6804286241531372,-0.004348404705524445,0.008589391596615314,-0.00022617739159613848,0.9997979402542114,0.0181732177734375,3.105244079661784,-1.1773881912231445,-0.8682087659835815,-1.3034964799880981,-1.8568527698516846,1.4797353744506836,1.3034964799880981
1797.1833333333334,3.5625317096710205,1.6804230213165283,-0.004343509674072266,0.008571650832891464,-0.00019478797912597656,0.9998469948768616,0.015245884656906128,3.1110996791372867,-1.1972296237945557,-2.2785732746124268,-1.3034964799880981,-1.837157964706421,2.3345224857330322,1.3034964799880981
1797.2,3.562535285949707,1.6804189682006836,-0.004348382353782654,0.008591118268668652,-0.00017669156659394503,0.9998860955238342,0.012402921915054321,3.116786458334776,-1.2165066003799438,-0.8675039410591125,-1.3034964799880981,-1.8183422088623047,1.4800374507904053,1.3034964799880981
1797.2166666666667,3.562539577484131,1.6804132461547852,-0.004343487322330475,0.008571024052798748,-0.00014536629896610975,0.9999182820320129,0.009474873542785645,3.1226430216504935,-1.2363414764404297,-2.275508403778076,-1.3034964799880981,-1.7986401319503784,2.335792303085327,1.3034964799880981
1797.2333333333333,3.562542676925659,1.68040931224823,-0.004348404705524445,0.008592063561081886,-0.00012713437899947166,0.9999410510063171,0.006631374359130859,3.128330522158433,-1.255609393119812,-0.8671726584434509,-1.3034964799880981,-1.7798163890838623,1.4802418947219849,1.3034964799880981
1797.25,3.562547206878662,1.6804035902023315,-0.004343502223491669,0.00857231393456459,-9.58264572545886e-05,0.9999563694000244,0.0037032365798950195,3.134186989562176,-1.275435209274292,-2.274548053741455,-1.3034964799880981,-1.7601072788238525,2.3396987915039062,1.3034964799880981
1797.2666666666667,3.562549591064453,1.6803994178771973,-0.004348360002040863,0.008592319674789906,-7.747940253466368e-05,0.9999626874923706,0.0008604526519775391,3.1398728889984406,-1.294695496559143,-0.8662014007568359,-1.3034964799880981,-1.7412757873535156,1.4808393716812134,1.3034964799880981
1797.2833333333333,3.5625531673431396,1.680393934249878,-0.0043435171246528625,0.008572368882596493,-4.6333298087120056e-05,0.9999610781669617,-0.0020676255226135254,-3.137456148742042,-1.3145147562026978,-2.2692959308624268,-1.3034964799880981,-1.7215584516525269,2.3422229290008545,1.3034964799880981
1797.3,3.562556028366089,1.6803900003433228,-0.004348404705524445,0.00859398115426302,-2.7865171432495117e-05,0.9999510049819946,-0.004910320043563843,-3.1317704066397356,-1.3337657451629639,-0.8659884333610535,-1.3034964799880981,-1.7027190923690796,1.4809093475341797,1.3034964799880981
1797.3166666666666,3.5625598430633545,1.680384635925293,-0.004343479871749878,0.008572535589337349,3.2421667128801346e-06,0.9999324083328247,-0.00783810019493103,-3.125914614029745,-1.3535771369934082,-2.2694127559661865,-1.3034964799880981,-1.6829954385757446,2.3467884063720703,1.3034964799880981
1797.3333333333333,3.5625619888305664,1.6803803443908691,-0.004348374903202057,0.008592981845140457,2.180121373385191e-05,0.999906063079834,-0.010681390762329102,-3.1202274762073414,-1.3728199005126953,-0.8652616143226624,-1.3034964799880981,-1.664147138595581,1.481413722038269,1.3034964799880981
1797.35,3.562565326690674,1.680375099182129,-0.004343532025814056,0.008572839200496674,5.2680145017802715e-05,0.9998707175254822,-0.013609260320663452,-3.114371201379335,-1.392624020576477,-2.2649097442626953,-1.3034964799880981,-1.6444166898727417,2.352815866470337,1.3034964799880981
1797.3666666666666,3.562567710876465,1.6803710460662842,-0.004348352551460266,0.008591427467763424,7.120706140995026e-05,0.9998277425765991,-0.016452550888061523,-3.108683647647466,-1.4118592739105225,-0.8645493388175964,-1.3034964799880981,-1.6255607604980469,1.482020616531372,1.3034964799880981
1797.3833333333334,3.562570095062256,1.6803656816482544,-0.004343487322330475,0.008572562597692013,0.00010205910075455904,0.9997754096984863,-0.019379496574401855,-3.102828706201777,-1.4316556453704834,-2.261160135269165,-1.3034964799880981,-1.6058226823806763,2.3566348552703857,1.3034964799880981
1797.4,3.5625715255737305,1.6803618669509888,-0.0043483152985572815,0.008590782061219215,0.00012080592568963766,0.99971604347229,-0.022222816944122314,-3.097140503456779,-1.4508837461471558,-0.8640730977058411,-1.3034964799880981,-1.5869596004486084,1.48233962059021,1.3034964799880981
1797.4166666666667,3.5625743865966797,1.6803563833236694,-0.004343509674072266,0.008571695536375046,0.0001515774056315422,0.9996469020843506,-0.025150150060653687,-3.091284098266099,-1.4706722497940063,-2.2583370208740234,-1.3034964799880981,-1.567213535308838,2.361288070678711,1.3034964799880981
1797.4333333333334,3.5625762939453125,1.6803525686264038,-0.004348292946815491,0.008589524775743484,0.00017035170458257198,0.9995711445808411,-0.02799275517463684,-3.085596545782095,-1.4898922443389893,-0.863603949546814,-1.3034964799880981,-1.5483423471450806,1.4827717542648315,1.3034964799880981
1797.45,3.5625789165496826,1.680346965789795,-0.0043435245752334595,0.008570963516831398,0.00020109175238758326,0.9994851350784302,-0.030919551849365234,-3.079740325808316,-1.5096744298934937,-2.2542057037353516,-1.3034964799880981,-1.528590440750122,2.367563009262085,1.3034964799880981
1797.4666666666667,3.562580108642578,1.6803431510925293,-0.004348278045654297,0.008589445613324642,0.00021987291984260082,0.9993929266929626,-0.03376138210296631,-3.0740533417096403,-1.5288864374160767,-0.8629547357559204,-1.3034964799880981,-1.5097109079360962,1.4832398891448975,1.3034964799880981
1797.4833333333333,3.562582492828369,1.68033766746521,-0.0043435171246528625,0.008568834513425827,0.000250496668741107,0.9992900490760803,-0.03668785095214844,-3.06819669439107,-1.5486631393432617,-2.249305009841919,-1.3034964799880981,-1.4899522066116333,2.372380256652832,1.3034964799880981
1797.5,3.5625834465026855,1.6803334951400757,-0.004348285496234894,0.008588527329266071,0.0002695252187550068,0.9991814494132996,-0.03952959179878235,-3.062508737492115,-1.567866563796997,-0.862846314907074,-1.3034964799880981,-1.4710640907287598,1.4833632707595825,1.3034964799880981
1797.5166666666667,3.5625855922698975,1.6803280115127563,-0.004343494772911072,0.008567031472921371,0.00030000379774719477,0.9990615844726562,-0.04245594143867493,-3.0566510258920223,-1.58763587474823,-2.2494800090789795,-1.3034964799880981,-1.4512991905212402,2.378720283508301,1.3034964799880981
1797.5333333333333,3.5625863075256348,1.680323839187622,-0.004348292946815491,0.008587226271629333,0.00031916238367557526,0.998936653137207,-0.04529634118080139,-3.0509644145199104,-1.6068311929702759,-0.8624088764190674,-1.3034964799880981,-1.432402491569519,1.483784556388855,1.3034964799880981
1797.55,3.5625877380371094,1.6803185939788818,-0.00434345006942749,0.008565994910895824,0.0003494434058666229,0.9987998008728027,-0.04822136461734772,-3.045107839026219,-1.6265943050384521,-2.248304605484009,-1.3034964799880981,-1.4126312732696533,2.384793281555176,1.3034964799880981
1797.5666666666666,3.562589168548584,1.6803146600723267,-0.004348263144493103,0.00858411192893982,0.00036864890716969967,0.9986585378646851,-0.051061153411865234,-3.0394209286728118,-1.6457839012145996,-0.861885130405426,-1.3034964799880981,-1.3937263488769531,1.4843522310256958,1.3034964799880981
1797.5833333333333,3.5625903606414795,1.6803094148635864,-0.004343435168266296,0.008563107810914516,0.00039876147639006376,0.9985048174858093,-0.05398586392402649,-3.0335633097735135,-1.6655408143997192,-2.244520425796509,-1.3034964799880981,-1.3739488124847412,2.3914694786071777,1.3034964799880981
1797.6,3.562591075897217,1.6803052425384521,-0.004348233342170715,0.008581912145018578,0.000418085022829473,0.9983471632003784,-0.056825026869773865,-3.02787593089858,-1.684722900390625,-0.8616163730621338,-1.3034964799880981,-1.3550359010696411,1.4848216772079468,1.3034964799880981
1797.6166666666666,3.562592029571533,1.6802998781204224,-0.004343442618846893,0.008560014888644218,0.00044820993207395077,0.998176634311676,-0.059748709201812744,-3.022018520884364,-1.7044740915298462,-2.242800235748291,-1.3034964799880981,-1.335252285003662,2.3973963260650635,1.3034964799880981
1797.6333333333334,3.5625925064086914,1.6802955865859985,-0.004348225891590118,0.008579745888710022,0.0004676514072343707,0.9980024695396423,-0.06258687376976013,-3.0163311806923905,-1.7236485481262207,-0.8611757755279541,-1.3034964799880981,-1.316331386566162,1.4851974248886108,1.3034964799880981
1797.65,3.5625932216644287,1.6802901029586792,-0.004343435168266296,0.008557913824915886,0.0004975632764399052,0.9978151917457581,-0.06550948321819305,-3.010473896430861,-1.7433947324752808,-2.2385711669921875,-1.3034964799880981,-1.2965421676635742,2.403622627258301,1.3034964799880981
1797.6666666666667,3.562593698501587,1.680285930633545,-0.004348188638687134,0.00857667438685894,0.0005170380463823676,0.9976246356964111,-0.0683467835187912,-3.0047861770776496,-1.7625631093978882,-0.8609870076179504,-1.3034964799880981,-1.2776137590408325,1.4855420589447021,1.3034964799880981
1797.6833333333334,3.562594175338745,1.6802805662155151,-0.004343390464782715,0.008554736152291298,0.000546896131709218,0.9974202513694763,-0.07126867771148682,-2.99892797797999,-1.7823026180267334,-2.2382733821868896,-1.3034964799880981,-1.2578190565109253,2.4101314544677734,1.3034964799880981
1797.7,3.562594413757324,1.6802760362625122,-0.004348188638687134,0.008573494851589203,0.0005665718344971538,0.9972134232521057,-0.07410523295402527,-2.993239509364349,-1.801464557647705,-0.8607176542282104,-1.3034964799880981,-1.2388826608657837,1.4859943389892578,1.3034964799880981
1797.7166666666667,3.5625956058502197,1.6802706718444824,-0.004343412816524506,0.008551119826734066,0.000596298836171627,0.9969922304153442,-0.07702599465847015,-2.9873811448173426,-1.8211995363235474,-2.236198663711548,-1.3034964799880981,-1.2190830707550049,2.416940689086914,1.3034964799880981
1797.7333333333333,3.5625948905944824,1.6802663803100586,-0.0043481141328811646,0.00856915395706892,0.0006159894401207566,0.9967688322067261,-0.07986186444759369,-2.9816914884553474,-1.8403555154800415,-0.8605375289916992,-1.3034964799880981,-1.2001389265060425,1.4864312410354614,1.3034964799880981
1797.75,3.5625956058502197,1.6802610158920288,-0.004343383014202118,0.008547401055693626,0.0006455747643485665,0.9965307116508484,-0.0827813595533371,-2.9758329731140534,-1.8600846529006958,-2.235276699066162,-1.3034964799880981,-1.1803340911865234,2.424201726913452,1.3034964799880981
1797.7666666666667,3.5625953674316406,1.6802566051483154,-0.0043481215834617615,0.008566251955926418,0.000665533822029829,0.9962912201881409,-0.0856158584356308,-2.9701435245691927,-1.8792352676391602,-0.8604074120521545,-1.3034964799880981,-1.1613825559616089,1.4867687225341797,1.3034964799880981
1797.7833333333333,3.562595844268799,1.6802510023117065,-0.004343375563621521,0.008544140495359898,0.0006949254311621189,0.9960362911224365,-0.08853393793106079,-2.9642850163280134,-1.898959994316101,-2.234149932861328,-1.3034964799880981,-1.1415741443634033,2.431725025177002,1.3034964799880981
1797.8,3.562594175338745,1.6802468299865723,-0.004348069429397583,0.008561033755540848,0.0007146773859858513,0.9957802295684814,-0.09136688709259033,-2.958595688298651,-1.9181056022644043,-0.8602744936943054,-1.3034964799880981,-1.122615933418274,1.4871749877929688,1.3034964799880981
1797.8166666666666,3.562594413757324,1.6802414655685425,-0.004343375563621521,0.008540797978639603,0.0007443925132974982,0.9955084323883057,-0.09428347647190094,-2.95273711640259,-1.9378249645233154,-2.233611583709717,-1.3034964799880981,-1.10280179977417,2.438105583190918,1.3034964799880981
1797.8333333333333,3.562593698501587,1.6802369356155396,-0.004348061978816986,0.008557736873626709,0.0007642990676686168,0.9952360987663269,-0.09711475670337677,-2.947048114370987,-1.9569653272628784,-0.8604017496109009,-1.3034964799880981,-1.0838366746902466,1.4873729944229126,1.3034964799880981
1797.85,3.562593698501587,1.6802314519882202,-0.004343360662460327,0.008536156266927719,0.000793703249655664,0.9949475526809692,-0.10003016889095306,-2.9411887284462384,-1.9766803979873657,-2.233940839767456,-1.3034964799880981,-1.064020037651062,2.446126937866211,1.3034964799880981
1797.8666666666666,3.5625927448272705,1.6802268028259277,-0.004348009824752808,0.008552897721529007,0.0008135464740917087,0.9946586489677429,-0.10286025702953339,-2.935498754997037,-1.9958164691925049,-0.8603776097297668,-1.3034964799880981,-1.0450481176376343,1.4877045154571533,1.3034964799880981
1797.8833333333334,3.5625925064086914,1.6802209615707397,-0.004343338310718536,0.00853145681321621,0.0008430046727880836,0.994353175163269,-0.1057741791009903,-2.929638875565452,-2.01552677154541,-2.2340211868286133,-1.3034964799880981,-1.0252270698547363,2.452573299407959,1.3034964799880981
1797.9,3.562591314315796,1.6802159547805786,-0.00434798002243042,0.008547969162464142,0.0008628946961835027,0.9940480589866638,-0.10860243439674377,-2.923949204887041,-2.034658670425415,-0.8605221509933472,-1.3034964799880981,-1.0062484741210938,1.4880170822143555,1.3034964799880981
1797.9166666666667,3.562591075897217,1.6802105903625488,-0.0043433308601379395,0.008525297045707703,0.000892114476300776,0.9937258362770081,-0.11151441931724548,-2.9180896117020567,-2.054365396499634,-2.2354447841644287,-1.3034964799880981,-0.986424446105957,2.459372043609619,1.3034964799880981
1797.9333333333334,3.5625898838043213,1.6802054643630981,-0.0043480247259140015,0.008544135838747025,0.0009124638745561242,0.9934044480323792,-0.11434093117713928,-2.9123998620038343,-2.0734920501708984,-0.8608967661857605,-1.3034964799880981,-0.9674395322799683,1.4880229234695435,1.3034964799880981
1797.95,3.562589645385742,1.6801997423171997,-0.004343293607234955,0.008520646020770073,0.0009414007654413581,0.9930652379989624,-0.11725156009197235,-2.906539076232906,-2.0931949615478516,-2.237701177597046,-1.3034964799880981,-0.9476134777069092,2.4671945571899414,1.3034964799880981
1797.9666666666667,3.5625879764556885,1.6801949739456177,-0.0043479278683662415,0.008536603301763535,0.0009614186128601432,0.9927273988723755,-0.12007632851600647,-2.900848912066558,-2.1123175621032715,-0.8608793020248413,-1.3034964799880981,-0.9286224246025085,1.4884636402130127,1.3034964799880981
1797.9833333333333,3.5625882148742676,1.6801892518997192,-0.004343293607234955,0.008514678105711937,0.0009905736660584807,0.9923713803291321,-0.1229853481054306,-2.8949873629069542,-2.1320178508758545,-2.2370219230651855,-1.3034964799880981,-0.9087938070297241,2.476255416870117,1.3034964799880981
1798.0,3.5625863075256348,1.6801841259002686,-0.004347898066043854,0.008530784398317337,0.001010678126476705,0.9920172691345215,-0.12580880522727966,-2.889295903844281,-2.1511380672454834,-0.8610255718231201,-1.3034964799880981,-0.8897976279258728,1.4886484146118164,1.3034964799880981
1798.0166666666667,3.5625858306884766,1.680178165435791,-0.004343293607234955,0.008508894592523575,0.001039661467075348,0.9916444420814514,-0.12871602177619934,-2.8834337681575515,-2.17083477973938,-2.238600492477417,-1.3034964799880981,-0.8699668645858765,2.48279070854187,1.3034964799880981
1798.0333333333333,3.562584638595581,1.680173397064209,-0.004347875714302063,0.008524296805262566,0.0010597256477922201,0.9912739992141724,-0.1315375119447708,-2.877742045897528,-2.1899526119232178,-0.8611955046653748,-1.3034964799880981,-0.8509652614593506,1.4889227151870728,1.3034964799880981
1798.05,3.562584400177002,1.6801674365997314,-0.004343263804912567,0.008502596989274025,0.0010888001415878534,0.9908843040466309,-0.1344424933195114,-2.8718799162515896,-2.209645986557007,-2.2384533882141113,-1.3034964799880981,-0.8311326503753662,2.4898526668548584,1.3034964799880981
1798.0666666666666,3.562582015991211,1.6801625490188599,-0.004347816109657288,0.008518459275364876,0.0011090016923844814,0.9904974699020386,-0.1372617781162262,-2.866188151544133,-2.2287607192993164,-0.8616257905960083,-1.3034964799880981,-0.8121260404586792,1.4889936447143555,1.3034964799880981
1798.0833333333333,3.5625815391540527,1.6801564693450928,-0.004343248903751373,0.008495488204061985,0.0011377852642908692,0.99009108543396,-0.14016476273536682,-2.86032550875919,-2.248453378677368,-2.2402994632720947,-1.3034964799880981,-0.7922928333282471,2.4975528717041016,1.3034964799880981
1798.1,3.5625803470611572,1.6801512241363525,-0.004347853362560272,0.008512403815984726,0.0011582355946302414,0.989687979221344,-0.14298193156719208,-2.854633440711586,-2.2675650119781494,-0.8618461489677429,-1.3034964799880981,-0.7732815146446228,1.4891293048858643,1.3034964799880981
1798.1166666666666,3.56257963180542,1.680145263671875,-0.004343092441558838,0.008488941937685013,0.0011905244318768382,0.9892647862434387,-0.145882710814476,-2.8487704644891325,-2.2872684001922607,-2.21394944190979,-1.3034964799880981,-0.7534535527229309,2.516456365585327,1.3034964799880981
1798.1333333333334,3.562577247619629,1.6801401376724243,-0.004347838461399078,0.008505638688802719,0.0012071235105395317,0.9888454079627991,-0.14869734644889832,-2.8430786215321264,-2.306373357772827,-0.861428439617157,-1.3034964799880981,-0.7344370484352112,1.4895243644714355,1.3034964799880981
1798.15,3.5625767707824707,1.6801339387893677,-0.004343055188655853,0.008481498807668686,0.0012394358636811376,0.9884052872657776,-0.151595801115036,-2.837215172621739,-2.3260738849639893,-2.213895559310913,-1.3034964799880981,-0.7146092653274536,2.5243468284606934,1.3034964799880981
1798.1666666666667,3.562575578689575,1.680128574371338,-0.004347778856754303,0.008497080765664577,0.0012558744056150317,0.9879698157310486,-0.15440776944160461,-2.8315238376828646,-2.34517502784729,-0.8617128133773804,-1.3034964799880981,-0.6955891251564026,1.489634394645691,1.3034964799880981
1798.1833333333334,3.562575340270996,1.6801224946975708,-0.004343047738075256,0.008473500609397888,0.0012884101597592235,0.98751300573349,-0.1573035567998886,-2.825660583156414,-2.364872455596924,-2.215296506881714,-1.3034964799880981,-0.6757606267929077,2.5300333499908447,1.3034964799880981
1798.2,3.5625743865966797,1.680117130279541,-0.004347763955593109,0.008488738909363747,0.0013048052787780762,0.9870612025260925,-0.16011349856853485,-2.8199681543009865,-2.3839735984802246,-0.862112283706665,-1.2491841316223145,-0.6567375063896179,1.4896955490112305,1.2491841316223145
1798.2166666666667,3.5625741481781006,1.6801114082336426,-0.004343122243881226,0.00846690870821476,0.0013368164654821157,0.9865995645523071,-0.1629343181848526,-2.81425139017353,-2.402928590774536,-2.6202011108398438,-1.2491841316223145,-0.637588381767273,2.7786123752593994,1.2491841316223145
1798.2333333333333,3.5625739097595215,1.6801072359085083,-0.004347510635852814,0.00848076306283474,0.0013549388386309147,0.9861537218093872,-0.16561158001422882,-2.8088229055457026,-2.421191692352295,-0.8035423159599304,-1.140559434890747,-0.6193970441818237,1.4406973123550415,1.140559434890747
1798.25,3.5625743865966797,1.6801016330718994,-0.0043437182903289795,0.008461127057671547,0.0013801425229758024,0.9857105016708374,-0.1682298332452774,-2.803511747123131,-2.43829607963562,-3.3233258724212646,-1.0862470865249634,-0.6018177270889282,2.8790574073791504,1.0862470865249634
1798.2666666666667,3.562570571899414,1.6800981760025024,-0.004347100853919983,0.008473489433526993,0.0013998610666021705,0.9853144288063049,-0.17053328454494476,-2.7988369875511263,-2.453911066055298,-0.6851699352264404,-1.0319347381591797,-0.5859901309013367,1.2689943313598633,1.0319347381591797
1798.2833333333333,3.562570333480835,1.6800930500030518,-0.0043446943163871765,0.008459467440843582,0.0014220322482287884,0.9849131107330322,-0.1728365123271942,-2.794161026182969,-2.468968391418457,-2.9058406352996826,-0.977622389793396,-0.5704984664916992,2.5163769721984863,0.977622389793396
1798.3,3.5625672340393066,1.6800898313522339,-0.004348129034042358,0.008470917120575905,0.0014343318762257695,0.9845524430274963,-0.17487910389900208,-2.790012410321367,-2.482750654220581,-0.6532194018363953,-0.9233100414276123,-0.5564537048339844,1.1158115863800049,0.9233100414276123
1798.3166666666666,3.5625672340393066,1.68008553981781,-0.00434529036283493,0.008454281836748123,0.0014599375426769257,0.9841884970664978,-0.1769159436225891,-2.785874177519387,-2.496079921722412,-2.3852384090423584,-0.9233100414276123,-0.5427379608154297,1.874186635017395,0.9233100414276123
1798.3333333333333,3.56256103515625,1.680081844329834,-0.004349134862422943,0.008470438420772552,0.0014654588885605335,0.9838501811027527,-0.17878736555576324,-2.7820703341190645,-2.5086851119995117,-0.6481040120124817,-0.8146852850914001,-0.5298290252685547,1.014549732208252,0.8146852850914001
1798.35,3.562558650970459,1.6800775527954102,-0.004345633089542389,0.008450096473097801,0.0014919743407517672,0.9835193157196045,-0.1805989146232605,-2.7783873515511908,-2.520498037338257,-1.8611364364624023,-0.7603729367256165,-0.5175706744194031,0.43174082040786743,0.7603729367256165
1798.3666666666666,3.5625522136688232,1.6800745725631714,-0.004347518086433411,0.008455770090222359,0.0014971218770369887,0.9832237958908081,-0.18220075964927673,-2.775129322723343,-2.5308642387390137,-1.4352997541427612,-0.7060605883598328,-0.506628692150116,0.7737219333648682,0.7060605883598328
1798.3833333333334,3.5625462532043457,1.680071234703064,-0.004348665475845337,0.00846029818058014,0.0015107213985174894,0.9829490184783936,-0.18367743492126465,-2.7721252093582947,-2.5404269695281982,-0.8714351058006287,-0.6517482399940491,-0.4965362548828125,0.852781355381012,0.6517482399940491
1798.4,3.5625436305999756,1.6800682544708252,-0.004347994923591614,0.008454868569970131,0.001526223379187286,0.9826951622962952,-0.18503063917160034,-2.7693715286178837,-2.5492331981658936,-1.2079319953918457,-0.5974358916282654,-0.4873349666595459,0.35731005668640137,0.5974358916282654
1798.4166666666667,3.5625340938568115,1.6800638437271118,-0.004347696900367737,0.008451038971543312,0.0015364695573225617,0.9824642539024353,-0.1862529218196869,-2.7668836362058182,-2.5570192337036133,-1.080742359161377,-0.5974358916282654,-0.4788554012775421,0.18268634378910065,0.5974358916282654
1798.4333333333334,3.56252384185791,1.6800576448440552,-0.004348002374172211,0.008449953980743885,0.0015543026383966208,0.9822432994842529,-0.18741413950920105,-2.764519513078733,-2.5648934841156006,-0.22629880905151367,-0.488811194896698,-0.47073671221733093,0.7910236120223999,0.488811194896698
1798.45,3.5625219345092773,1.6800554990768433,-0.004347473382949829,0.008446451276540756,0.0015548993833363056,0.982063889503479,-0.18835271894931793,-2.7626082561896412,-2.5709519386291504,-1.1406569480895996,-0.4344988465309143,-0.46367475390434265,0.5963526964187622,0.4344988465309143
1798.4666666666667,3.56252121925354,1.6800541877746582,-0.0043505653738975525,0.008457669988274574,0.0015713879838585854,0.9819101691246033,-0.18915164470672607,-2.760981132518096,-2.576090097427368,-0.9620294570922852,-0.3801864683628082,-0.45826539397239685,0.14164608716964722,0.3801864683628082
1798.4833333333333,3.562513828277588,1.6800510883331299,-0.004348985850811005,0.008450126275420189,0.001572529785335064,0.9817754626274109,-0.18984955549240112,-2.7595593845085467,-2.580392837524414,-0.7875359058380127,-0.32587411999702454,-0.4533655047416687,0.5569183826446533,0.32587411999702454
1798.5,3.562507390975952,1.6800483465194702,-0.0043508559465408325,0.008456873707473278,0.0015775281935930252,0.9816704392433167,-0.1903919279575348,-2.7584544866620546,-2.5837392807006836,-0.485927015542984,-0.27156177163124084,-0.4500129818916321,0.5351021885871887,0.27156177163124084
1798.5166666666667,3.5625009536743164,1.6800450086593628,-0.004348970949649811,0.008445247076451778,0.0015919605502858758,0.9815824031829834,-0.19084544479846954,-2.7575306679215066,-2.5864884853363037,0.07845751941204071,-0.27156177163124084,-0.4467472434043884,0.41997599601745605,0.27156177163124084
1798.5333333333333,3.562498092651367,1.680043339729309,-0.004352688789367676,0.008463602513074875,0.0015900074504315853,0.9815141558647156,-0.19119560718536377,-2.756817030285425,-2.589219093322754,0.23656272888183594,-0.16293705999851227,-0.4443151652812958,0.3981773257255554,0.16293705999851227
1798.55,3.562494993209839,1.6800413131713867,-0.004351101815700531,0.00845499150454998,0.0015922455349937081,0.9814756512641907,-0.19139353930950165,-2.7564137688913366,-2.5904123783111572,0.13638384640216827,-0.10862470418214798,-0.4428725242614746,-0.47857868671417236,0.10862470418214798
1798.5666666666666,3.5624914169311523,1.6800403594970703,-0.004353031516075134,0.008463399484753609,0.0015907729975879192,0.9814572334289551,-0.1914878487586975,-2.756221547236825,-2.590928792953491,0.168876051902771,-0.05431235209107399,-0.442149817943573,0.20387998223304749,0.05431235209107399
1798.5833333333333,3.5624887943267822,1.6800388097763062,-0.004356183111667633,0.008483892306685448,0.00159626139793545,0.981456995010376,-0.19148793816566467,-2.756221277203328,-2.5908374786376953,-0.017449097707867622,0.0,-0.4420541524887085,-0.0160742849111557,0.0
1798.6,3.5625038146972656,1.6800448894500732,-0.004354760050773621,0.008572939783334732,0.0016088085249066353,0.9814589619636536,-0.19147378206253052,-2.7562497285261274,-2.5911920070648193,0.015176425687968731,0.0,-0.4426112174987793,-0.010603377595543861,0.0
1798.6166666666666,3.562504529953003,1.6800458431243896,-0.004338473081588745,0.008414235897362232,0.0015659640775993466,0.9814596772193909,-0.19147704541683197,-2.7562433496631584,-2.5912117958068848,0.03449496626853943,0.0,-0.4425850212574005,-0.037620626389980316,0.0
1798.6333333333334,3.5625152587890625,1.680048942565918,-0.004363015294075012,0.008616403676569462,0.0016222575213760138,0.9814631342887878,-0.19145020842552185,-2.7562976692135055,-2.591397285461426,-0.0013429896207526326,0.0,-0.4431267976760864,-0.014542238786816597,0.0
1798.65,3.562516450881958,1.6800503730773926,-0.004335418343544006,0.008402070961892605,0.001562924706377089,0.9814640283584595,-0.1914559006690979,-2.7562866047926606,-2.591425657272339,0.040921345353126526,0.0,-0.4430796802043915,-0.03945407643914223,0.0
1798.6666666666667,3.5625269412994385,1.6800538301467896,-0.004364117980003357,0.00861428678035736,0.001622218289412558,0.9814673662185669,-0.19142842292785645,-2.7563420398286995,-2.5916028022766113,-0.0032618266995996237,0.0,-0.44362398982048035,-0.0129164420068264,0.0
1798.6833333333334,3.562527894973755,1.6800552606582642,-0.004335090517997742,0.008402079343795776,0.0015625942032784224,0.9814683198928833,-0.19143365323543549,-2.7563318834521002,-2.591632127761841,0.04074665158987045,0.0,-0.44358304142951965,-0.0383576825261116,0.0
1798.7,3.5625381469726562,1.680058479309082,-0.004360906779766083,0.008558224886655807,0.0016117014456540346,0.9814718961715698,-0.19140762090682983,-2.7563846015498568,-2.5918149948120117,-0.0024421161506325006,0.0,-0.4441167712211609,-0.007326741237193346,0.0
1798.7166666666667,3.5625386238098145,1.680059552192688,-0.004336878657341003,0.008407210931181908,0.0015639924677088857,0.9814723134040833,-0.1914130002260208,-2.7563739735570203,-2.591829299926758,0.03945837542414665,0.0,-0.44405388832092285,-0.03798473998904228,0.0
1798.7333333333333,3.562549352645874,1.680063009262085,-0.004363693296909332,0.008615568280220032,0.0016219287645071745,0.9814751744270325,-0.19138839840888977,-2.756423607732564,-2.5920181274414062,-0.0038809534162282944,0.0,-0.4445708096027374,-0.005723654292523861,0.0
1798.75,3.5625500679016113,1.6800646781921387,-0.0043351054191589355,0.008402472361922264,0.0015631862916052341,0.9814761281013489,-0.1913936585187912,-2.756413409735958,-2.592053174972534,0.03856051340699196,0.0,-0.4445382356643677,-0.03408879414200783,0.0
1798.7666666666667,3.562560796737671,1.6800676584243774,-0.004360899329185486,0.008557725697755814,0.0016113133169710636,0.9814791083335876,-0.19137084484100342,-2.756459584704533,-2.59224796295166,-0.002813188126310706,0.0,-0.4450322091579437,-0.0008645775960758328,0.0
1798.7833333333333,3.562561273574829,1.680068850517273,-0.00433678925037384,0.008406911045312881,0.0015638865297660232,0.9814795851707458,-0.1913754940032959,-2.7564503573108126,-2.592271327972412,0.03777594491839409,0.0,-0.444989949464798,-0.03306274861097336,0.0
1798.8,3.5625715255737305,1.6800718307495117,-0.004363715648651123,0.008614806458353996,0.0016215518116950989,0.9814819097518921,-0.19135373830795288,-2.756494206753644,-2.5924625396728516,-0.003690075594931841,0.0,-0.44547489285469055,-0.00025531183928251266,0.0
1798.8166666666666,3.5625722408294678,1.6800731420516968,-0.004335068166255951,0.008401194587349892,0.0015627035172656178,0.9814828038215637,-0.19135954976081848,-2.756482935166041,-2.5924980640411377,0.03706233948469162,0.0,-0.4454323947429657,-0.03195687755942345,0.0
1798.8333333333333,3.5625815391540527,1.680076241493225,-0.004364192485809326,0.008613590151071548,0.0016213078051805496,0.9814848303794861,-0.1913386881351471,-2.7565248540672944,-2.592693567276001,-0.004095711279660463,0.0,-0.4459046423435211,0.0028343196026980877,0.0
1798.85,3.562582492828369,1.6800775527954102,-0.004334956407546997,0.008401190862059593,0.001563004101626575,0.9814860224723816,-0.19134314358234406,-2.756516396839612,-2.592698574066162,0.03717832639813423,0.0,-0.44585347175598145,-0.03314881771802902,0.0
1798.8666666666666,3.5625927448272705,1.680080771446228,-0.004360944032669067,0.008557694032788277,0.001610462204553187,0.9814884662628174,-0.1913231611251831,-2.756556812085915,-2.592902660369873,-0.003537759417667985,0.0,-0.4463251233100891,0.00584033690392971,0.0
1798.8833333333334,3.562593460083008,1.680082082748413,-0.004336662590503693,0.008406933397054672,0.0015642378712072968,0.9814889430999756,-0.19132769107818604,-2.7565478230609726,-2.592930316925049,0.03546779230237007,0.0,-0.44628646969795227,-0.029917020350694656,0.0
1798.9,3.5626027584075928,1.6800848245620728,-0.0043637752532958984,0.008613483980298042,0.0016207899898290634,0.9814906716346741,-0.19130927324295044,-2.756584908451002,-2.593134641647339,-0.003987650852650404,0.0,-0.446737140417099,0.006951166782528162,0.0
1798.9166666666667,3.5626039505004883,1.6800862550735474,-0.004334993660449982,0.008400944992899895,0.0015634245937690139,0.98149174451828,-0.19131365418434143,-2.75657646948929,-2.5931551456451416,0.03540194779634476,0.0,-0.44669318199157715,-0.02985735982656479,0.0
1798.9333333333334,3.562613010406494,1.680088996887207,-0.004364222288131714,0.008614281192421913,0.0016208367887884378,0.9814931750297546,-0.19129613041877747,-2.7566116298194676,-2.5933642387390137,-0.004357552155852318,0.0,-0.4471375048160553,0.008485078811645508,0.0
1798.95,3.5626142024993896,1.6800901889801025,-0.004334859549999237,0.008400626480579376,0.0015632472932338715,0.9814943075180054,-0.19130060076713562,-2.7566030873789478,-2.593374729156494,0.03475978970527649,0.0,-0.4470968544483185,-0.029671022668480873,0.0
1798.9666666666667,3.5626232624053955,1.6800931692123413,-0.004364266991615295,0.008613985031843185,0.0016204470302909613,0.9814956188201904,-0.19128383696079254,-2.7566367277456987,-2.5935895442962646,-0.004550794139504433,0.0,-0.44753459095954895,0.010444281622767448,0.0
1798.9833333333333,3.56262469291687,1.6800944805145264,-0.004334844648838043,0.008400950580835342,0.0015633380971848965,0.9814966320991516,-0.19128860533237457,-2.7566275199663117,-2.593611717224121,0.03413645550608635,0.0,-0.4474848508834839,-0.028989240527153015,0.0
1799.0,3.562633752822876,1.6800978183746338,-0.0043609291315078735,0.008556592278182507,0.0016095502069219947,0.9814982414245605,-0.19127289950847626,-2.756659194941249,-2.5938284397125244,-0.003808329114690423,0.09324009716510773,-0.4479205012321472,0.013232728466391563,0.09324009716510773
1799.0166666666667,3.5626230239868164,1.6800934076309204,-0.004337526857852936,0.00841053668409586,0.0015655087772756815,0.9814988374710083,-0.19127655029296875,-2.7566519917945884,-2.5934832096099854,0.10129529982805252,0.09324009716510773,-0.44752079248428345,0.12398026138544083,0.09324009716510773
1799.0333333333333,3.562619924545288,1.6800912618637085,-0.004358790814876556,0.008495583198964596,0.0015926312189549208,0.9814987778663635,-0.19127342104911804,-2.756658357429325,-2.5933611392974854,0.05385656654834747,0.279720276594162,-0.44743892550468445,0.11490236967802048,0.279720276594162
1799.05,3.5625767707824707,1.6800742149353027,-0.004352055490016937,0.008481170982122421,0.0015833483776077628,0.9814956784248352,-0.19128960371017456,-2.7566252297265024,-2.5921592712402344,0.260342001914978,0.3729603886604309,-0.44603124260902405,0.2997902035713196,0.3729603886604309
1799.0666666666666,3.5624449253082275,1.6800215244293213,-0.004342854022979736,0.008430799469351768,0.0015700318617746234,0.9814939498901367,-0.19130152463912964,-2.7566012152519725,-2.5883145332336426,0.5638945698738098,0.46620047092437744,-0.44200822710990906,0.5571659207344055,0.46620047092437744
1799.0833333333333,3.562260150909424,1.6799464225769043,-0.004352584481239319,0.008465890772640705,0.0015897332923486829,0.9814945459365845,-0.19129595160484314,-2.756612481457418,-2.5827364921569824,0.6567938327789307,0.559440553188324,-0.4364990293979645,0.6653060913085938,0.559440553188324
1799.1,3.5620243549346924,1.6798510551452637,-0.004350423812866211,0.008457381278276443,0.001583919394761324,0.98149573802948,-0.19129084050655365,-2.7566229864954277,-2.5755627155303955,0.7614375352859497,0.6526806354522705,-0.42939457297325134,0.7638729214668274,0.6526806354522705
1799.1166666666666,3.561734676361084,1.6797336339950562,-0.004350572824478149,0.008459404110908508,0.0015844263834878802,0.9814968109130859,-0.19128477573394775,-2.7566352385403294,-2.5667922496795654,0.8560727834701538,0.6526806354522705,-0.42069655656814575,0.8598650693893433,0.6526806354522705
1799.1333333333334,3.5614233016967773,1.6796077489852905,-0.004346959292888641,0.008440248668193817,0.0015794758219271898,0.9814978241920471,-0.19128058850765228,-2.7566438468776915,-2.5573692321777344,0.8814389109611511,0.8391608595848083,-0.41133150458335876,0.8881921172142029,0.8391608595848083
1799.15,3.5610499382019043,1.679456353187561,-0.0043548643589019775,0.008481915108859539,0.0015906424960121512,0.9814983010292053,-0.19127635657787323,-2.756652405523645,-2.5460705757141113,0.9911725521087646,0.9324009418487549,-0.40008363127708435,0.9969853758811951,0.9324009418487549
1799.1666666666667,3.560607671737671,1.679276943206787,-0.004344046115875244,0.008434606716036797,0.0015777687076479197,0.9814992547035217,-0.19127339124679565,-2.7566584977899975,-2.5326550006866455,1.1340044736862183,1.0256410837173462,-0.3867155909538269,1.1414414644241333,1.0256410837173462
1799.1833333333334,3.5601131916046143,1.6790765523910522,-0.004351690411567688,0.00846316758543253,0.0015881123254075646,0.9814998507499695,-0.19126953184604645,-2.7566664583375626,-2.5177433490753174,1.2228751182556152,1.118881106376648,-0.3718535304069519,1.2260812520980835,1.118881106376648
1799.2,3.559567451477051,1.6788556575775146,-0.0043496787548065186,0.008454415015876293,0.001585959573276341,0.9815007448196411,-0.19126474857330322,-2.756676098659032,-2.5012357234954834,1.322567343711853,1.2121212482452393,-0.35540771484375,1.3266513347625732,1.2121212482452393
1799.2166666666667,3.558969020843506,1.6786130666732788,-0.004349842667579651,0.008454138413071632,0.0015863267472013831,0.9815016388893127,-0.19126030802726746,-2.756685185819204,-2.483140230178833,1.4163178205490112,1.2121212482452393,-0.33737021684646606,1.4209485054016113,1.2121212482452393
1799.2333333333333,3.5583479404449463,1.678361415863037,-0.004346586763858795,0.008440245874226093,0.001581637654453516,0.9815025925636292,-0.19125613570213318,-2.7566937204603317,-2.4644014835357666,1.4443788528442383,1.3986014127731323,-0.3186854422092438,1.4473838806152344,1.3986014127731323
1799.25,3.5576655864715576,1.6780850887298584,-0.004354320466518402,0.008481239899992943,0.0015910804504528642,0.9815031886100769,-0.1912512183189392,-2.756703626999117,-2.4437739849090576,1.551300048828125,1.3986014127731323,-0.2981261909008026,1.5537300109863281,1.3986014127731323
1799.2666666666667,3.55694317817688,1.6777927875518799,-0.004340052604675293,0.008418412879109383,0.0015750597231090069,0.9815044403076172,-0.19124732911586761,-2.7567116320921645,-2.4219202995300293,1.6211707592010498,1.3986014127731323,-0.27632927894592285,1.6267372369766235,1.3986014127731323
1799.2833333333333,3.5562174320220947,1.677498698234558,-0.004349172115325928,0.008448982611298561,0.0015854592202231288,0.9815050363540649,-0.19124352931976318,-2.756719490696038,-2.400048017501831,1.6250306367874146,1.3986014127731323,-0.2545052766799927,1.6277861595153809,1.3986014127731323
1799.3,3.5554935932159424,1.6772053241729736,-0.0043464526534080505,0.008440854027867317,0.0015809738542884588,0.9815058708190918,-0.19123902916908264,-2.7567285090817264,-2.37815523147583,1.6316914558410645,1.3986014127731323,-0.23267513513565063,1.6353684663772583,1.3986014127731323
1799.3166666666666,3.5547678470611572,1.6769118309020996,-0.004347085952758789,0.008440484292805195,0.001582063501700759,0.9815066456794739,-0.19123491644859314,-2.756736879054449,-2.356212854385376,1.630741834640503,1.3986014127731323,-0.2107868641614914,1.6353590488433838,1.3986014127731323
1799.3333333333333,3.5540413856506348,1.6766176223754883,-0.004346981644630432,0.008439985103905201,0.001582078286446631,0.9815074801445007,-0.1912308782339096,-2.756745160441911,-2.3343067169189453,1.6319228410720825,1.3986014127731323,-0.18893323838710785,1.6347699165344238,1.3986014127731323
1799.35,3.5533158779144287,1.6763237714767456,-0.0043471381068229675,0.008440645411610603,0.0015817501116544008,0.9815083146095276,-0.19122633337974548,-2.7567543609951946,-2.3123703002929688,1.630932092666626,1.3986014127731323,-0.16705934703350067,1.6346306800842285,1.3986014127731323
1799.3666666666666,3.552591323852539,1.6760298013687134,-0.0043470486998558044,0.008440074510872364,0.0015802806010469794,0.9815090894699097,-0.19122245907783508,-2.756762250442949,-2.2904434204101562,1.6306431293487549,1.3986014127731323,-0.14518624544143677,1.6364938020706177,1.3986014127731323
1799.3833333333334,3.5518646240234375,1.6757354736328125,-0.004346981644630432,0.008441245183348656,0.0015821392880752683,0.981509804725647,-0.1912187933921814,-2.7567697586400373,-2.2685370445251465,1.6318244934082031,1.3986014127731323,-0.12332703173160553,1.634824275970459,1.3986014127731323
1799.4,3.5511393547058105,1.6754417419433594,-0.004346981644630432,0.008440546691417694,0.0015822830609977245,0.9815106987953186,-0.1912144422531128,-2.756778677978691,-2.246603012084961,1.6305855512619019,1.3986014127731323,-0.10145387798547745,1.6344424486160278,1.3986014127731323
1799.4166666666667,3.550414800643921,1.675148367881775,-0.004347063601016998,0.008440704084932804,0.001581931603141129,0.9815114140510559,-0.19121034443378448,-2.7567869297621974,-2.2246711254119873,1.630591869354248,1.3986014127731323,-0.07957536727190018,1.6353603601455688,1.3986014127731323
1799.4333333333334,3.5496881008148193,1.6748539209365845,-0.004346966743469238,0.008440950885415077,0.0015807220479473472,0.9815123081207275,-0.19120627641677856,-2.7567953122976165,-2.202768087387085,1.6321746110916138,1.3986014127731323,-0.05772526189684868,1.6351244449615479,1.3986014127731323
1799.45,3.5489628314971924,1.6745604276657104,-0.004346996545791626,0.008439887315034866,0.0015818357933312654,0.9815130829811096,-0.19120219349861145,-2.756803626545426,-2.1808300018310547,1.629746675491333,1.3986014127731323,-0.03584592044353485,1.6340471506118774,1.3986014127731323
1799.4666666666667,3.5482378005981445,1.6742665767669678,-0.004347100853919983,0.008440672419965267,0.0015816441737115383,0.9815139174461365,-0.19119775295257568,-2.7568126402192497,-2.158900499343872,1.6305712461471558,1.3986014127731323,-0.013967202045023441,1.6352041959762573,1.3986014127731323
1799.4833333333333,3.547511339187622,1.673972487449646,-0.004346974194049835,0.00844058021903038,0.0015817672247067094,0.9815146327018738,-0.19119369983673096,-2.7568208185353043,-2.136995553970337,1.6318439245224,1.3986014127731323,0.007885749451816082,1.6347061395645142,1.3986014127731323
1799.5,3.546785831451416,1.6736786365509033,-0.004347085952758789,0.008441509678959846,0.001581918797455728,0.9815155863761902,-0.19118914008140564,-2.75683018922315,-2.115058183670044,1.630810260772705,1.3986014127731323,0.029757503420114517,1.63423752784729,1.3986014127731323
1799.5166666666667,3.5460612773895264,1.6733849048614502,-0.004347093403339386,0.008440244011580944,0.0015812895726412535,0.9815165400505066,-0.19118481874465942,-2.756839105541969,-2.0931272506713867,1.630487322807312,1.3986014127731323,0.051634855568408966,1.635888934135437,1.3986014127731323
1799.5333333333333,3.545335054397583,1.6730908155441284,-0.0043469443917274475,0.008440402336418629,0.0015803681453689933,0.9815172553062439,-0.1911810040473938,-2.7568468319395016,-2.0712273120880127,1.6321277618408203,1.3986014127731323,0.07348624616861343,1.6351919174194336,1.3986014127731323
1799.55,3.544609308242798,1.6727969646453857,-0.00434720516204834,0.008441288024187088,0.0015808080788701773,0.9815180897712708,-0.1911761462688446,-2.7568566166454525,-2.049290418624878,1.6307891607284546,1.3986014127731323,0.09536632895469666,1.6349271535873413,1.3986014127731323
1799.5666666666666,3.54388427734375,1.6725034713745117,-0.004347003996372223,0.008441093377768993,0.0015814801445230842,0.9815188050270081,-0.1911725252866745,-2.756864018233996,-2.0273609161376953,1.6305315494537354,1.3986014127731323,0.11724234372377396,1.6356720924377441,1.3986014127731323
1799.5833333333333,3.5431578159332275,1.6722091436386108,-0.00434710830450058,0.008442355319857597,0.0015816286904737353,0.9815195798873901,-0.19116857647895813,-2.756872077961192,-2.005453586578369,1.6315115690231323,1.3986014127731323,0.13909879326820374,1.6344143152236938,1.3986014127731323
1799.6,3.5424323081970215,1.6719154119491577,-0.004346959292888641,0.008440853096544743,0.0015816475497558713,0.981520414352417,-0.19116413593292236,-2.756881088844328,-1.9835206270217896,1.6313703060150146,1.3986014127731323,0.16096755862236023,1.6342917680740356,1.3986014127731323
1799.6166666666666,3.5417068004608154,1.6716222763061523,-0.004347003996372223,0.008441613987088203,0.0015817075036466122,0.9815213680267334,-0.19115933775901794,-2.756890891361911,-1.9615874290466309,1.6308014392852783,1.3986014127731323,0.1828458309173584,1.6350866556167603,1.3986014127731323
1799.6333333333334,3.540980339050293,1.6713279485702515,-0.004346989095211029,0.008439989760518074,0.0015814470825716853,0.9815222024917603,-0.19115521013736725,-2.756899327414441,-1.9396800994873047,1.6319955587387085,1.3986014127731323,0.20469941198825836,1.6348010301589966,1.3986014127731323
1799.65,3.5402543544769287,1.671034336090088,-0.0043470412492752075,0.008440462872385979,0.0015798734966665506,0.9815231561660767,-0.19115042686462402,-2.7569090725603544,-1.9177501201629639,1.6313830614089966,1.3986014127731323,0.22657020390033722,1.6350092887878418,1.3986014127731323
1799.6666666666667,3.539529323577881,1.6707409620285034,-0.004347167909145355,0.008441135287284851,0.0015806496376171708,0.981523871421814,-0.19114625453948975,-2.756917481999612,-1.8958125114440918,1.6306434869766235,1.3986014127731323,0.24845275282859802,1.635536551475525,1.3986014127731323
1799.6833333333334,3.5388031005859375,1.6704468727111816,-0.004347056150436401,0.008441410958766937,0.0015810620971024036,0.9815247058868408,-0.19114229083061218,-2.7569256374930005,-1.8739079236984253,1.6315374374389648,1.3986014127731323,0.2703057527542114,1.6344788074493408,1.3986014127731323
1799.7,3.5380771160125732,1.6701531410217285,-0.00434672087430954,0.008439959026873112,0.0015821304405108094,0.9815255403518677,-0.19113773107528687,-2.756934884480986,-1.851975917816162,1.630627989768982,1.3986014127731323,0.29217398166656494,1.6337697505950928,1.3986014127731323
1799.7166666666667,3.5373520851135254,1.669859766960144,-0.004347071051597595,0.008440711535513401,0.0015814929502084851,0.9815264344215393,-0.19113335013389587,-2.756943848485735,-1.8300384283065796,1.6297073364257812,1.3986014127731323,0.31405583024024963,1.6342544555664062,1.3986014127731323
1799.7333333333333,3.536625623703003,1.6695656776428223,-0.004347003996372223,0.008441313169896603,0.0015813432401046157,0.9815272092819214,-0.19112929701805115,-2.756952090848913,-1.8081331253051758,1.6317752599716187,1.3986014127731323,0.335908442735672,1.634549856185913,1.3986014127731323
1799.75,3.535900115966797,1.6692720651626587,-0.004347220063209534,0.008441902697086334,0.0015803813003003597,0.981528103351593,-0.19112451374530792,-2.756961780754148,-1.7862001657485962,1.631539225578308,1.3986014127731323,0.3577822148799896,1.6351455450057983,1.3986014127731323
1799.7666666666667,3.5351758003234863,1.6689785718917847,-0.00434701144695282,0.008441291749477386,0.0015796705847606063,0.9815289974212646,-0.19112065434455872,-2.756969790329877,-1.7642719745635986,1.6311343908309937,1.3986014127731323,0.37965261936187744,1.6362674236297607,1.3986014127731323
1799.7833333333333,3.5344491004943848,1.668684482574463,-0.004346929490566254,0.008440736681222916,0.0015810655895620584,0.9815296530723572,-0.19111669063568115,-2.756977761080914,-1.7423624992370605,1.6320223808288574,1.3986014127731323,0.4015107750892639,1.6349157094955444,1.3986014127731323
1799.8,3.5337235927581787,1.6683905124664307,-0.004347130656242371,0.008441402576863766,0.001580866053700447,0.9815306067466736,-0.19111180305480957,-2.756987721527941,-1.7204266786575317,1.630536437034607,1.3986014127731323,0.42338696122169495,1.6340930461883545,1.3986014127731323
1799.8166666666666,3.5329983234405518,1.6680974960327148,-0.004347056150436401,0.008441629819571972,0.0015811030752956867,0.9815315008163452,-0.19110766053199768,-2.7569962659313276,-1.6984961032867432,1.6304913759231567,1.3986014127731323,0.44526395201683044,1.6351110935211182,1.3986014127731323
1799.8333333333333,3.5322718620300293,1.6678035259246826,-0.004346929490566254,0.008440127596259117,0.0015796928200870752,0.9815322756767273,-0.19110353291034698,-2.757004615087495,-1.6765940189361572,1.6322582960128784,1.3986014127731323,0.4671128988265991,1.6351923942565918,1.3986014127731323
1799.85,3.531546115875244,1.6675102710723877,-0.004346966743469238,0.008440320380032063,0.0015809625620022416,0.9815331697463989,-0.19109906256198883,-2.7570137746459635,-1.6546565294265747,1.6308990716934204,1.3986014127731323,0.4889895021915436,1.634335994720459,1.3986014127731323
1799.8666666666666,3.530820846557617,1.6672165393829346,-0.004347063601016998,0.008441459387540817,0.0015813498757779598,0.9815338253974915,-0.19109511375427246,-2.757021705163254,-1.6327223777770996,1.6294867992401123,1.3986014127731323,0.5108678340911865,1.6354327201843262,1.3986014127731323
1799.8833333333334,3.530094623565674,1.666922688484192,-0.004346922039985657,0.008439162746071815,0.001579387579113245,0.9815347194671631,-0.19109144806861877,-2.7570293347557993,-1.6108232736587524,1.63228440284729,1.3986014127731323,0.5327195525169373,1.6353354454040527,1.3986014127731323
1799.9,3.5293684005737305,1.6666289567947388,-0.00434710830450058,0.008441542275249958,0.0015804916620254517,0.9815353751182556,-0.19108709692955017,-2.757038014077642,-1.5888872146606445,1.6308856010437012,1.3986014127731323,0.5545984506607056,1.635164499282837,1.3986014127731323
1799.9166666666667,3.528644323348999,1.6663355827331543,-0.0043470486998558044,0.008441096171736717,0.00158073625061661,0.9815361499786377,-0.19108349084854126,-2.7570454470350034,-1.566955327987671,1.6303035020828247,1.3986014127731323,0.5764766931533813,1.6355477571487427,1.3986014127731323
1799.9333333333334,3.5279178619384766,1.6660411357879639,-0.004347018897533417,0.008440827019512653,0.001580830430611968,0.9815370440483093,-0.19107960164546967,-2.7570535264479674,-1.5450501441955566,1.6318248510360718,1.3986014127731323,0.5983310341835022,1.6347277164459229,1.3986014127731323
1799.95,3.5271918773651123,1.6657480001449585,-0.0043471455574035645,0.008441758342087269,0.0015804468421265483,0.9815376996994019,-0.1910753846168518,-2.757061930690247,-1.523118495941162,1.6310086250305176,1.3986014127731323,0.6202075481414795,1.634855031967163,1.3986014127731323
1799.9666666666667,3.5264670848846436,1.6654547452926636,-0.004346922039985657,0.008441589772701263,0.0015800759429112077,0.9815384149551392,-0.19107158482074738,-2.7570696392761223,-1.501192331314087,1.630245327949524,1.3986014127731323,0.6420817971229553,1.636081576347351,1.3986014127731323
1799.9833333333333,3.525740623474121,1.6651606559753418,-0.004346996545791626,0.00844043679535389,0.0015805528964847326,0.981539249420166,-0.19106794893741608,-2.7570771953054254,-1.479284644126892,1.6319565773010254,1.3986014127731323,0.6639418601989746,1.6349021196365356,1.3986014127731323
1800.0,3.525014877319336,1.6648668050765991,-0.0043470412492752075,0.008440992794930935,0.0015807711752131581,0.9815402030944824,-0.19106313586235046,-2.7570870275411394,-1.4573512077331543,1.6308988332748413,1.3986014127731323,0.6858157515525818,1.6344406604766846,1.3986014127731323
1800.0166666666667,3.524289608001709,1.6645739078521729,-0.004346981644630432,0.008441107347607613,0.0015806560404598713,0.981540858745575,-0.19105935096740723,-2.7570946478064475,-1.4354220628738403,1.6303398609161377,1.3986014127731323,0.7076944708824158,1.6355698108673096,1.3986014127731323
1800.0333333333333,3.5235631465911865,1.6642799377441406,-0.004346996545791626,0.008441846817731857,0.0015807674499228597,0.9815415143966675,-0.1910555064678192,-2.7571023824832968,-1.4135156869888306,1.6317771673202515,1.3986014127731323,0.7295513153076172,1.6346771717071533,1.3986014127731323
1800.05,3.5228376388549805,1.663986325263977,-0.00434701144695282,0.008441106416285038,0.0015806150622665882,0.9815425276756287,-0.19105100631713867,-2.757111701427165,-1.3915836811065674,1.6306087970733643,1.3986014127731323,0.7514243125915527,1.634938359260559,1.3986014127731323
1800.0666666666666,3.5221121311187744,1.663692831993103,-0.004347063601016998,0.008441830053925514,0.0015806036535650492,0.9815431833267212,-0.19104740023612976,-2.7571189999401824,-1.369651436805725,1.6303964853286743,1.3986014127731323,0.7733026146888733,1.6356287002563477,1.3986014127731323
1800.0833333333333,3.521385669708252,1.6633988618850708,-0.004346981644630432,0.008439923636615276,0.0015804118011146784,0.9815439581871033,-0.19104349613189697,-2.757126963262107,-1.3477463722229004,1.631986141204834,1.3986014127731323,0.7951565980911255,1.6348903179168701,1.3986014127731323
1800.1,3.520660161972046,1.6631053686141968,-0.004346899688243866,0.008439751341938972,0.001580991200171411,0.9815449118614197,-0.19103851914405823,-2.7571370982923673,-1.3258105516433716,1.6307917833328247,1.3986014127731323,0.8170285224914551,1.633605718612671,1.3986014127731323
1800.1166666666666,3.519934892654419,1.6628124713897705,-0.004346907138824463,0.008440006524324417,0.0015795669751241803,0.9815456867218018,-0.19103433191776276,-2.757145561068105,-1.3038791418075562,1.630514144897461,1.3986014127731323,0.8388994932174683,1.6354405879974365,1.3986014127731323
1800.1333333333334,3.5192079544067383,1.6625186204910278,-0.004346996545791626,0.008440113626420498,0.0015800027176737785,0.9815465211868286,-0.1910303831100464,-2.757153689669866,-1.2819688320159912,1.631894826889038,1.3986014127731323,0.8607582449913025,1.6347079277038574,1.3986014127731323
1800.15,3.5184824466705322,1.6622248888015747,-0.004347413778305054,0.008443120867013931,0.001579340430907905,0.9815473556518555,-0.19102546572685242,-2.757163569873647,-1.2600306272506714,1.6308727264404297,1.3986014127731323,0.8826346397399902,1.6346937417984009,1.3986014127731323
1800.1666666666667,3.5177576541900635,1.6619316339492798,-0.004346936941146851,0.008440928533673286,0.0015804274007678032,0.9815483689308167,-0.1910213828086853,-2.7571721475852446,-1.238105297088623,1.6307837963104248,1.3986014127731323,0.9045058488845825,1.635662317276001,1.3986014127731323
1800.1833333333334,3.517031192779541,1.6616376638412476,-0.004346974194049835,0.008442215621471405,0.0015794490464031696,0.9815489649772644,-0.1910172998905182,-2.7571802316382863,-1.2162001132965088,1.6321289539337158,1.3986014127731323,0.9263585209846497,1.6350737810134888,1.3986014127731323
1800.2,3.516305446624756,1.6613439321517944,-0.004346922039985657,0.008440894074738026,0.0015806901501491666,0.9815499782562256,-0.191012442111969,-2.757190225021523,-1.1942638158798218,1.631302833557129,1.3986014127731323,0.9482324719429016,1.634125828742981,1.3986014127731323
1800.2166666666667,3.515580415725708,1.6610510349273682,-0.004347033798694611,0.008442169055342674,0.001579017611220479,0.9815508723258972,-0.19100800156593323,-2.75719928078446,-1.1723320484161377,1.6309953927993774,1.3986014127731323,0.9701071977615356,1.6355286836624146,1.3986014127731323
1800.2333333333333,3.5148539543151855,1.6607574224472046,-0.004346929490566254,0.008441043086349964,0.001580165815539658,0.9815515875816345,-0.19100387394428253,-2.757207610835775,-1.150423288345337,1.632070541381836,1.3986014127731323,0.991963267326355,1.6348906755447388,1.3986014127731323
1800.25,3.5141279697418213,1.660463809967041,-0.004346892237663269,0.008441463112831116,0.0015809054020792246,0.9815524816513062,-0.19099968671798706,-2.757216246524336,-1.1284911632537842,1.6304402351379395,1.3986014127731323,1.013834834098816,1.6349022388458252,1.3986014127731323
1800.2666666666667,3.5134029388427734,1.660170078277588,-0.004347130656242371,0.008441376499831676,0.0015784534625709057,0.981553316116333,-0.1909952610731125,-2.757225190517259,-1.1065605878829956,1.631047010421753,1.3986014127731323,1.03571355342865,1.6361825466156006,1.3986014127731323
1800.2833333333333,3.512676477432251,1.6598763465881348,-0.0043469443917274475,0.008441039361059666,0.0015801630215719342,0.9815542101860046,-0.1909913569688797,-2.7572333261664004,-1.084653615951538,1.6320059299468994,1.3986014127731323,1.0575695037841797,1.634929895401001,1.3986014127731323
1800.3,3.5119502544403076,1.6595832109451294,-0.004347063601016998,0.008441632613539696,0.0015785678988322616,0.9815549850463867,-0.19098642468452454,-2.7572431431323636,-1.062720537185669,1.6318289041519165,1.3986014127731323,1.0794386863708496,1.6348623037338257,1.3986014127731323
1800.3166666666666,3.511225700378418,1.6592895984649658,-0.004346996545791626,0.00844227522611618,0.0015803605783730745,0.9815558195114136,-0.19098220765590668,-2.7572517860969397,-1.0407851934432983,1.6295198202133179,1.3986014127731323,1.1013195514678955,1.6361676454544067,1.3986014127731323
1800.3333333333333,3.5104987621307373,1.6589956283569336,-0.004346989095211029,0.008441450074315071,0.001580110634677112,0.9815565943717957,-0.19097886979579926,-2.757258721073842,-1.0188837051391602,1.6317840814590454,1.3986014127731323,1.1231776475906372,1.6348786354064941,1.3986014127731323
1800.35,3.5097737312316895,1.6587024927139282,-0.004347197711467743,0.008441368117928505,0.0015776961809024215,0.9815573692321777,-0.19097444415092468,-2.75726759918507,-0.9969514012336731,1.6310588121414185,1.3986014127731323,1.1450515985488892,1.6356260776519775,1.3986014127731323
1800.3666666666666,3.5090487003326416,1.658408761024475,-0.004347153007984161,0.008441584184765816,0.0015790410107001662,0.9815581440925598,-0.19097056984901428,-2.7572755423898183,-0.9750204682350159,1.630788803100586,1.3986014127731323,1.166931390762329,1.6359204053878784,1.3986014127731323
1800.3833333333334,3.508321523666382,1.6581151485443115,-0.004346936941146851,0.008440832607448101,0.0015797592932358384,0.9815589785575867,-0.1909666210412979,-2.7572836737407678,-0.953115701675415,1.6319360733032227,1.3986014127731323,1.1887850761413574,1.6348611116409302,1.3986014127731323
1800.4,3.507596254348755,1.6578212976455688,-0.004347123205661774,0.008441219106316566,0.0015792895574122667,0.9815598726272583,-0.19096162915229797,-2.7572937522835606,-0.9311757683753967,1.6307817697525024,1.3986014127731323,1.2106595039367676,1.634089708328247,1.3986014127731323
1800.4166666666667,3.506871223449707,1.6575285196304321,-0.004347018897533417,0.008441577665507793,0.0015797377564013004,0.9815605878829956,-0.19095772504806519,-2.757301667390276,-0.9092465043067932,1.6298381090164185,1.3986014127731323,1.2325356006622314,1.6351739168167114,1.3986014127731323
1800.4333333333334,3.5061452388763428,1.657235026359558,-0.004347003996372223,0.008442812599241734,0.0015801016706973314,0.9815613627433777,-0.19095391035079956,-2.757309487460706,-0.8873419165611267,1.6317583322525024,1.3986014127731323,1.2543909549713135,1.6346468925476074,1.3986014127731323
1800.45,3.5054187774658203,1.6569410562515259,-0.004347212612628937,0.008442990481853485,0.0015790966572239995,0.9815621972084045,-0.19094949960708618,-2.7573184313453103,-0.8654106855392456,1.631536841392517,1.3986014127731323,1.2762631177902222,1.6360044479370117,1.3986014127731323
1800.4666666666667,3.5046937465667725,1.6566479206085205,-0.004347056150436401,0.008440741337835789,0.0015775844221934676,0.9815630912780762,-0.19094562530517578,-2.7573264491939145,-0.8434821963310242,1.6311817169189453,1.3986014127731323,1.2981399297714233,1.63628351688385,1.3986014127731323
1800.4833333333333,3.50396728515625,1.6563540697097778,-0.004347018897533417,0.008440409786999226,0.0015793221537023783,0.9815637469291687,-0.1909416764974594,-2.75733440030045,-0.8215729594230652,1.631709098815918,1.3986014127731323,1.319997787475586,1.6346404552459717,1.3986014127731323
1800.5,3.5032413005828857,1.6560606956481934,-0.004346966743469238,0.008440309204161167,0.0015782522968947887,0.9815647006034851,-0.19093716144561768,-2.7573436653866272,-0.7996451258659363,1.6311534643173218,1.3986014127731323,1.3418664932250977,1.635480284690857,1.3986014127731323
1800.5166666666667,3.502516031265259,1.6557673215866089,-0.00434710830450058,0.008441341109573841,0.001579218776896596,0.9815654158592224,-0.19093315303325653,-2.7573517817491235,-0.7777100801467896,1.6301469802856445,1.3986014127731323,1.3637535572052002,1.6357426643371582,1.3986014127731323
1800.5333333333333,3.5017895698547363,1.6554734706878662,-0.0043469443917274475,0.008440900593996048,0.001579548348672688,0.9815661311149597,-0.19092939794063568,-2.7573594212304595,-0.755807638168335,1.6318402290344238,1.3986014127731323,1.3856076002120972,1.6348252296447754,1.3986014127731323
1800.55,3.501063823699951,1.6551800966262817,-0.00434701144695282,0.00844122376292944,0.001579805975779891,0.9815670251846313,-0.1909249871969223,-2.757368455017897,-0.7338740229606628,1.6306943893432617,1.3986014127731323,1.4074811935424805,1.6344596147537231,1.3986014127731323
1800.5666666666666,3.5003390312194824,1.6548871994018555,-0.0043468475341796875,0.008441153913736343,0.0015790783800184727,0.9815678596496582,-0.19092072546482086,-2.757377132039591,-0.7119458913803101,1.630417823791504,1.3986014127731323,1.4293556213378906,1.6353434324264526,1.3986014127731323
1800.5833333333333,3.499612808227539,1.6545932292938232,-0.004346989095211029,0.008440759964287281,0.0015791732585057616,0.9815685749053955,-0.1909167468547821,-2.757385174329971,-0.6900358200073242,1.6319302320480347,1.3986014127731323,1.4512149095535278,1.6347267627716064,1.3986014127731323
1800.6,3.498886823654175,1.6543002128601074,-0.004347033798694611,0.008441559039056301,0.0015789534663781524,0.9815694689750671,-0.1909124255180359,-2.7573940382009754,-0.668106734752655,1.6312907934188843,1.3986014127731323,1.4730874300003052,1.6353453397750854,1.3986014127731323
1800.6166666666666,3.4981610774993896,1.654007077217102,-0.0043469443917274475,0.0084419259801507,0.0015796582447364926,0.981570303440094,-0.19090834259986877,-2.7574024168633198,-0.6461759209632874,1.6307331323623657,1.3986014127731323,1.4949653148651123,1.6355105638504028,1.3986014127731323
1800.6333333333334,3.497434616088867,1.653713345527649,-0.004347026348114014,0.008442145772278309,0.001579459523782134,0.9815711379051208,-0.19090428948402405,-2.7574107245724644,-0.6242669224739075,1.6318943500518799,1.3986014127731323,1.5168222188949585,1.6347253322601318,1.3986014127731323
1800.65,3.496708631515503,1.653419852256775,-0.00434720516204834,0.008441897109150887,0.0015783298294991255,0.9815719723701477,-0.19089952111244202,-2.7574203161331856,-0.6023337244987488,1.6316394805908203,1.3986014127731323,1.538696527481079,1.6352479457855225,1.3986014127731323
1800.6666666666667,3.495983123779297,1.6531270742416382,-0.004347078502178192,0.008441023528575897,0.0015770428581163287,0.981572687625885,-0.19089584052562714,-2.757427789693844,-0.5804047584533691,1.6313735246658325,1.3986014127731323,1.560568928718567,1.636438250541687,1.3986014127731323
1800.6833333333334,3.4952564239501953,1.6528334617614746,-0.004346959292888641,0.008441380225121975,0.0015793147031217813,0.9815734624862671,-0.19089186191558838,-2.757435940116829,-0.5584964156150818,1.6319862604141235,1.3986014127731323,1.582425832748413,1.6349108219146729,1.3986014127731323
1800.7,3.49453067779541,1.6525399684906006,-0.00434691458940506,0.008439709432423115,0.0015779194654896855,0.981574296951294,-0.19088762998580933,-2.757444546281275,-0.5365655422210693,1.6306151151657104,1.3986014127731323,1.6042953729629517,1.6354634761810303,1.3986014127731323
1800.7166666666667,3.4938056468963623,1.6522468328475952,-0.004347100853919983,0.008441179059445858,0.0015789931640028954,0.981575071811676,-0.19088375568389893,-2.7574524885182528,-0.5146298408508301,1.6299235820770264,1.3986014127731323,1.6261807680130005,1.6348059177398682,1.3986014127731323
1800.7333333333333,3.4930789470672607,1.6519532203674316,-0.004346966743469238,0.008441091515123844,0.0015789186581969261,0.9815758466720581,-0.1908797323703766,-2.7574606767712955,-0.4927248954772949,1.6318409442901611,1.3986014127731323,1.6480334997177124,1.634667158126831,1.3986014127731323
1800.75,3.4923534393310547,1.6516597270965576,-0.004347085952758789,0.00844183936715126,0.0015790548641234636,0.9815768599510193,-0.190874844789505,-2.757470711017341,-0.4707906246185303,1.6304770708084106,1.3986014127731323,1.6699069738388062,1.6341986656188965,1.3986014127731323
1800.7666666666667,3.4916281700134277,1.6513670682907104,-0.00434701144695282,0.008441786281764507,0.00157761515583843,0.9815775752067566,-0.19087111949920654,-2.757478265669607,-0.44886305928230286,1.6311068534851074,1.3986014127731323,1.6917786598205566,1.6360385417938232,1.3986014127731323
1800.7833333333333,3.490900993347168,1.6510732173919678,-0.004347085952758789,0.008442983031272888,0.0015790688339620829,0.9815782904624939,-0.19086714088916779,-2.757486337274528,-0.42695194482803345,1.6316444873809814,1.3986014127731323,1.7136383056640625,1.6345269680023193,1.3986014127731323
1800.8,3.490175485610962,1.6507800817489624,-0.00434701144695282,0.008442188613116741,0.0015789343742653728,0.981579065322876,-0.19086307287216187,-2.757494603807295,-0.40501898527145386,1.6305491924285889,1.3986014127731323,1.735511064529419,1.6349068880081177,1.3986014127731323
1800.8166666666666,3.489450216293335,1.650486946105957,-0.004346951842308044,0.008440360426902771,0.001579214003868401,0.9815798401832581,-0.19085901975631714,-2.7575028476632246,-0.38308843970298767,1.6297986507415771,1.3986014127731323,1.7573901414871216,1.634838581085205,1.3986014127731323
1800.8333333333333,3.4887239933013916,1.6501933336257935,-0.004347026348114014,0.008440766483545303,0.0015786781441420317,0.9815806150436401,-0.19085507094860077,-2.757510893496932,-0.3611815571784973,1.6317552328109741,1.3986014127731323,1.7792459726333618,1.6345642805099487,1.3986014127731323
1800.85,3.487997531890869,1.6499000787734985,-0.004347220063209534,0.008442244492471218,0.001577872666530311,0.9815816283226013,-0.19085028767585754,-2.757520723111298,-0.3392486274242401,1.6321845054626465,1.3986014127731323,1.8011163473129272,1.6349413394927979,1.3986014127731323
1800.8666666666666,3.487272024154663,1.6496069431304932,-0.004347167909145355,0.008442339487373829,0.0015781960682943463,0.9815823435783386,-0.19084617495536804,-2.7575290153281724,-0.31731370091438293,1.6306836605072021,1.3986014127731323,1.8229936361312866,1.6361854076385498,1.3986014127731323
1800.8833333333334,3.4865458011627197,1.64931321144104,-0.00434691458940506,0.008441036567091942,0.0015786258736625314,0.9815830588340759,-0.19084233045578003,-2.757536817111626,-0.2954106330871582,1.6319087743759155,1.3986014127731323,1.8448477983474731,1.6349143981933594,1.3986014127731323
1800.9,3.4858195781707764,1.6490199565887451,-0.00434691458940506,0.00844203308224678,0.0015795774525031447,0.9815839529037476,-0.19083791971206665,-2.757545865658781,-0.27347731590270996,1.6303746700286865,1.3986014127731323,1.8667211532592773,1.6337065696716309,1.3986014127731323
1800.9166666666667,3.4850950241088867,1.6487271785736084,-0.004346884787082672,0.008440932258963585,0.0015780060784891248,0.9815847873687744,-0.19083356857299805,-2.757554687501549,-0.2515470087528229,1.6305006742477417,1.3986014127731323,1.8885960578918457,1.6351821422576904,1.3986014127731323
1800.9333333333334,3.484368085861206,1.6484334468841553,-0.004347018897533417,0.008440675213932991,0.0015783789567649364,0.9815856218338013,-0.1908295452594757,-2.7575629500796657,-0.22963689267635345,1.6319020986557007,1.3986014127731323,1.910454511642456,1.634689211845398,1.3986014127731323
1800.95,3.483642101287842,1.64814031124115,-0.0043471455574035645,0.008442457765340805,0.0015781241236254573,0.9815864562988281,-0.19082476198673248,-2.757572590798162,-0.2077028602361679,1.6311975717544556,1.3986014127731323,1.9323285818099976,1.6346726417541504,1.3986014127731323
1800.9666666666667,3.482917070388794,1.6478474140167236,-0.004347227513790131,0.00844249315559864,0.0015775705687701702,0.981587290763855,-0.19082102179527283,-2.757580322149304,-0.18577122688293457,1.6307042837142944,1.3986014127731323,1.9542068243026733,1.6362731456756592,1.3986014127731323
1800.9833333333333,3.4821906089782715,1.6475536823272705,-0.004346922039985657,0.008440935984253883,0.0015786089934408665,0.9815879464149475,-0.1908172219991684,-2.757587986259423,-0.16386966407299042,1.6318985223770142,1.3986014127731323,1.976059913635254,1.6349433660507202,1.3986014127731323
1801.0,3.4814651012420654,1.647260308265686,-0.004347056150436401,0.008442798629403114,0.0015787269221618772,0.9815888404846191,-0.19081290066242218,-2.757596859634688,-0.1419345736503601,1.6309033632278442,1.2587412595748901,1.9979345798492432,1.634499430656433,1.2587412595748901
1801.0166666666667,3.4807839393615723,1.6469858884811401,-0.004343107342720032,0.008425974287092686,0.001571724540553987,0.9815896153450012,-0.1908092498779297,-2.7576041963093463,-0.12136805802583694,1.523107886314392,1.2587412595748901,2.0184524059295654,1.528411865234375,1.2587412595748901
1801.0333333333333,3.480130195617676,1.6467218399047852,-0.004347622394561768,0.008442901074886322,0.00157927384134382,0.9815902709960938,-0.1908053755760193,-2.7576121673166853,-0.10166497528553009,1.4920741319656372,0.9790209531784058,2.0381057262420654,1.4951742887496948,0.9790209531784058
1801.05,3.479572057723999,1.6464961767196655,-0.004340268671512604,0.00841265544295311,0.0015688531566411257,0.9815912842750549,-0.19080176949501038,-2.757619588446848,-0.08479978144168854,1.2367687225341797,0.8391608595848083,2.0549230575561523,1.2424051761627197,0.8391608595848083
1801.0666666666666,3.4791219234466553,1.6463143825531006,-0.004345469176769257,0.00843455083668232,0.0015749720623716712,0.9815916419029236,-0.19079840183258057,-2.757626292657268,-0.07119572162628174,1.09396231174469,0.6993007063865662,2.068485975265503,1.100882887840271,0.6993007063865662
1801.0833333333333,3.478745698928833,1.646162509918213,-0.004343397915363312,0.008425775915384293,0.0015737286303192377,0.9815923571586609,-0.19079512357711792,-2.7576330118096126,-0.05987633392214775,0.9620203375816345,0.559440553188324,2.0797641277313232,0.9666293859481812,0.559440553188324
1801.1,3.478447198867798,1.6460415124893188,-0.0043441131711006165,0.008428097702562809,0.0015749972080811858,0.9815930724143982,-0.19079172611236572,-2.757640025585239,-0.05083158612251282,0.8184906244277954,0.4195804297924042,2.088752508163452,0.8244113922119141,0.4195804297924042
1801.1166666666666,3.4782252311706543,1.6459521055221558,-0.004343986511230469,0.008427451364696026,0.0015743507537990808,0.9815937280654907,-0.19078803062438965,-2.757647472224089,-0.044134244322776794,0.6784418225288391,0.4195804297924042,2.095405340194702,0.6841198205947876,0.4195804297924042
1801.1333333333334,3.4780361652374268,1.6458759307861328,-0.004347912967205048,0.008443888276815414,0.0015787511365488172,0.9815942645072937,-0.1907845437526703,-2.7576545467356026,-0.03839951008558273,0.6446245908737183,0.139860138297081,2.1010944843292236,0.6527355313301086,0.139860138297081
1801.15,3.4779417514801025,1.645837664604187,-0.004340380430221558,0.008414003998041153,0.0015700827352702618,0.9815950393676758,-0.19078272581100464,-2.7576584787200304,-0.03553968667984009,0.3911532759666443,0.0,2.103924512863159,0.4011673033237457,0.0
1801.1666666666667,3.4779391288757324,1.645836591720581,-0.004346497356891632,0.008436007425189018,0.0015783504350110888,0.9815949201583862,-0.19078198075294495,-2.757659914890047,-0.03540727496147156,0.09844836592674255,0.0,2.1040475368499756,0.10614508390426636,0.0
1801.1833333333334,3.477938413619995,1.6458357572555542,-0.004361376166343689,0.008543681353330612,0.0015980511670932174,0.9815942645072937,-0.1907801777124405,-2.7576631392379904,-0.035393185913562775,-0.005041610449552536,0.0,2.104050874710083,0.019924240186810493,0.0
1801.2,3.477935314178467,1.6458353996276855,-0.0043460652232170105,0.008438952267169952,0.001571208005771041,0.9815942049026489,-0.1907854825258255,-2.757652620769891,-0.03532705083489418,-0.10704688727855682,0.0,2.1041839122772217,-0.14677341282367706,0.0
1801.2166666666667,3.477963924407959,1.6458460092544556,-0.004359260201454163,0.008733535185456276,0.0016380430897697806,0.9815959930419922,-0.19076237082481384,-2.7576987961154606,-0.036093536764383316,-0.014041129499673843,0.0,2.103120803833008,-0.006191665306687355,0.0
1801.2333333333333,3.4779648780822754,1.6458474397659302,-0.004336699843406677,0.008405535481870174,0.001560450647957623,0.9815975427627563,-0.19076985120773315,-2.7576845165120276,-0.036092355847358704,-0.01937844790518284,0.0,2.1032121181488037,-0.12480330467224121,0.0
1801.25,3.477982759475708,1.6458536386489868,-0.004362933337688446,0.008669918403029442,0.0016288842307403684,0.9816008806228638,-0.19074022769927979,-2.7577442060673376,-0.036506813019514084,-0.010072593577206135,0.0,2.102409839630127,0.005141373258084059,0.0
1801.2666666666667,3.4779837131500244,1.6458550691604614,-0.004334889352321625,0.008400659076869488,0.001558201853185892,0.9816020727157593,-0.19074684381484985,-2.7577314085815847,-0.03652526065707207,0.020766036584973335,0.0,2.102475643157959,-0.06367433071136475,0.0
1801.2833333333333,3.4779956340789795,1.6458591222763062,-0.004364088177680969,0.008629774674773216,0.0016208544839173555,0.981603741645813,-0.19072720408439636,-2.7577708432156367,-0.03680470585823059,-0.00728367455303669,0.0,2.1019365787506104,0.015375681221485138,0.0
1801.3,3.477996826171875,1.6458605527877808,-0.004334695637226105,0.008401081897318363,0.0015592377167195082,0.9816049337387085,-0.1907319724559784,-2.7577616986658904,-0.03682111203670502,0.036447834223508835,0.0,2.101992607116699,-0.03597194701433182,0.0
1801.3166666666666,3.478006601333618,1.6458632946014404,-0.0043608397245407104,0.00855870172381401,0.0016056704334914684,0.9816064238548279,-0.19071704149246216,-2.757791849747144,-0.037050213664770126,-0.005606486462056637,0.0,2.101550817489624,0.02007177844643593,0.0
1801.3333333333333,3.4780075550079346,1.6458641290664673,-0.004336610436439514,0.008408372290432453,0.0015606333035975695,0.9816067814826965,-0.19072218239307404,-2.7577816324315028,-0.03706921264529228,0.033537209033966064,0.0,2.1016106605529785,-0.028506474569439888,0.0
1801.35,3.478015899658203,1.6458675861358643,-0.004363536834716797,0.008613154292106628,0.0016153804026544094,0.9816073775291443,-0.19070932269096375,-2.7578073088285344,-0.037299979478120804,-0.005781142041087151,0.0,2.1012003421783447,0.02067309059202671,0.0
1801.3666666666666,3.4780166149139404,1.6458687782287598,-0.004334889352321625,0.008401382714509964,0.0015597922028973699,0.9816085696220398,-0.1907130479812622,-2.7578002245832782,-0.03730754554271698,0.03331175073981285,0.0,2.101247787475586,-0.027075881138443947,0.0
1801.3833333333334,3.4780256748199463,1.6458712816238403,-0.004364117980003357,0.00861294474452734,0.0016152155585587025,0.9816091060638428,-0.19070087373256683,-2.757824618258791,-0.03754451498389244,-0.00528021389618516,0.0,2.100848913192749,0.022153321653604507,0.0
1801.4,3.478027105331421,1.645872712135315,-0.004334673285484314,0.00840054452419281,0.0015594810247421265,0.981610119342804,-0.1907052993774414,-2.757816054762697,-0.03755194693803787,0.03274993970990181,0.0,2.100898265838623,-0.026896389201283455,0.0
1801.4166666666667,3.4780354499816895,1.6458754539489746,-0.004364147782325745,0.008612673729658127,0.0016150805167853832,0.9816104173660278,-0.1906936764717102,-2.7578391832448745,-0.03779162839055061,-0.005768381990492344,0.0,2.1005029678344727,0.022527839988470078,0.0
1801.4333333333334,3.478036880493164,1.645876407623291,-0.004334636032581329,0.008400020189583302,0.0015595225850120187,0.9816116094589233,-0.19069749116897583,-2.7578319341797184,-0.037801507860422134,0.032438818365335464,0.0,2.100545883178711,-0.026210753247141838,0.0
1801.45,3.4780454635620117,1.6458793878555298,-0.0043641552329063416,0.008611958473920822,0.0016146230045706034,0.9816117882728577,-0.19068637490272522,-2.757853997484694,-0.03804408758878708,-0.0060583860613405704,0.0,2.1001572608947754,0.023101653903722763,0.0
1801.4666666666667,3.4780466556549072,1.6458804607391357,-0.004334673285484314,0.008401677943766117,0.0015599695034325123,0.9816129803657532,-0.19069039821624756,-2.757846391847364,-0.03805532306432724,0.03179134428501129,0.0,2.1001994609832764,-0.02583196386694908,0.0
1801.4833333333333,3.4780547618865967,1.645883321762085,-0.004364125430583954,0.008613127283751965,0.0016151020536199212,0.9816131591796875,-0.1906798928976059,-2.7578673424316653,-0.03829984739422798,-0.0060694776475429535,0.0,2.0998129844665527,0.02380446344614029,0.0
1801.5,3.4780561923980713,1.645884394645691,-0.004334740340709686,0.0084005668759346,0.0015593910356983542,0.9816142916679382,-0.19068381190299988,-2.7578598341737113,-0.03829937055706978,0.031961966305971146,0.0,2.0998647212982178,-0.02681625261902809,0.0
1801.5166666666667,3.478065013885498,1.6458871364593506,-0.004364132881164551,0.00861278735101223,0.001615066546946764,0.9816145300865173,-0.19067299365997314,-2.757881433093415,-0.038544781506061554,-0.006688043940812349,0.0,2.099478006362915,0.024384526535868645,0.0
1801.5333333333333,3.4780662059783936,1.6458884477615356,-0.004334643483161926,0.008399935439229012,0.001557733048684895,0.981615424156189,-0.19067779183387756,-2.7578720279600133,-0.03856250271201134,0.027385368943214417,0.0,2.09952712059021,-0.025995466858148575,0.0
1801.55,3.4780752658843994,1.645891547203064,-0.00436430424451828,0.008610927499830723,0.0016155357006937265,0.981615424156189,-0.19066831469535828,-2.7578909535767315,-0.03881575167179108,-0.004692400339990854,0.0,2.09914493560791,0.025834325700998306,0.0
1801.5666666666666,3.478076696395874,1.645892858505249,-0.00433465838432312,0.00840040110051632,0.001559731550514698,0.9816165566444397,-0.1906719207763672,-2.7578840191447402,-0.038837652653455734,0.03141926974058151,0.0,2.0991744995117188,-0.024573707953095436,0.0
1801.5833333333333,3.4780850410461426,1.6458953619003296,-0.004364125430583954,0.00861239805817604,0.0016145451227203012,0.9816163778305054,-0.19066277146339417,-2.757902097378961,-0.039084695279598236,-0.005999968387186527,0.0,2.0987935066223145,0.025829004123806953,0.0
1801.6,3.478086471557617,1.6458966732025146,-0.004334673285484314,0.008400635793805122,0.0015594694996252656,0.9816175103187561,-0.19066715240478516,-2.757893761841773,-0.03910345584154129,0.030931564047932625,0.0,2.098848581314087,-0.025402791798114777,0.0
1801.6166666666666,3.478095054626465,1.6458994150161743,-0.004364140331745148,0.008612295612692833,0.001614534528926015,0.9816173911094666,-0.1906578540802002,-2.7579121815370606,-0.03935204818844795,-0.006670700386166573,0.0,2.0984675884246826,0.02636219561100006,0.0
1801.6333333333334,3.4780967235565186,1.6459007263183594,-0.004334636032581329,0.0083994809538126,0.0015594435390084982,0.9816184639930725,-0.19066226482391357,-2.7579037218168128,-0.03936620056629181,0.030229829251766205,0.0,2.0985119342803955,-0.025095701217651367,0.0
1801.65,3.47810435295105,1.6459035873413086,-0.00436411052942276,0.008611846715211868,0.0016142121748998761,0.9816182851791382,-0.1906532645225525,-2.7579215289584202,-0.03962169587612152,-0.006840362213551998,0.0,2.098137617111206,0.026831695809960365,0.0
1801.6666666666667,3.4781055450439453,1.645904302597046,-0.004334673285484314,0.008400581777095795,0.0015599337639287114,0.981619656085968,-0.19065654277801514,-2.7579154831160744,-0.03961564600467682,0.030490752309560776,0.0,2.098186492919922,-0.026249602437019348,0.0
1801.6833333333334,3.4781150817871094,1.6459077596664429,-0.0043608397245407104,0.008555840700864792,0.0016039906768128276,0.9816200733184814,-0.19064724445343018,-2.757934131880877,-0.03987259045243263,-0.006537844426929951,0.0,2.0978076457977295,0.02722867764532566,0.0
1801.7,3.478116512298584,1.6459085941314697,-0.004336565732955933,0.008408008143305779,0.0015614483272656798,0.981620728969574,-0.1906507909297943,-2.7579272023002144,-0.03989319130778313,0.02962554059922695,0.0,2.0978362560272217,-0.023851614445447922,0.0
1801.7166666666667,3.4781248569488525,1.6459118127822876,-0.004360206425189972,0.008556034415960312,0.0016034056898206472,0.9816209077835083,-0.1906428337097168,-2.757943084362115,-0.04015452787280083,-0.006574522703886032,0.0,2.0974655151367188,0.02842535823583603,0.0
1801.7333333333333,3.4781253337860107,1.6459122896194458,-0.004336796700954437,0.008408095687627792,0.0015613819705322385,0.9816215634346008,-0.19064608216285706,-2.7579367065467655,-0.040157102048397064,0.029274627566337585,0.0,2.0975096225738525,-0.024953261017799377,0.0
1801.75,3.4781343936920166,1.6459156274795532,-0.004363492131233215,0.008612539619207382,0.0016142589738592505,0.9816212058067322,-0.19063815474510193,-2.757952304114859,-0.04041794314980507,-0.007257097400724888,0.0,2.097139358520508,0.02795528620481491,0.0
1801.7666666666667,3.478135585784912,1.6459169387817383,-0.0043348148465156555,0.008399602957069874,0.0015597132733091712,0.9816225171089172,-0.19064153730869293,-2.7579459918782483,-0.04042981192469597,0.02936503477394581,0.0,2.0971782207489014,-0.02441221848130226,0.0
1801.7833333333333,3.478144884109497,1.6459195613861084,-0.004364095628261566,0.008612796664237976,0.001614494831301272,0.9816221594810486,-0.190633624792099,-2.7579616219924548,-0.04069042205810547,-0.00728769414126873,0.0,2.096810817718506,0.028328321874141693,0.0
1801.8,3.4781460762023926,1.6459208726882935,-0.004334598779678345,0.008400429040193558,0.0015595139702782035,0.9816231727600098,-0.19063809514045715,-2.757952990086526,-0.04072362929582596,0.028645411133766174,-0.05431235581636429,2.0968403816223145,-0.022652752697467804,0.05431235581636429
1801.8166666666666,3.4781577587127686,1.6459251642227173,-0.004360780119895935,0.008545680902898312,0.001602635020390153,0.981617271900177,-0.19066107273101807,-2.7579057712481654,-0.04125256836414337,-0.01618306152522564,-0.05431235581636429,2.096614360809326,0.02055433951318264,0.05431235581636429
1801.8333333333333,3.4781575202941895,1.645925521850586,-0.004337094724178314,0.008407007902860641,0.0015673814341425896,0.9816179275512695,-0.1906650960445404,-2.7578981321046823,-0.04127045348286629,0.05041501671075821,-0.16293705999851227,2.0966639518737793,-0.047418225556612015,0.16293705999851227
1801.85,3.4781761169433594,1.6459323167800903,-0.004362970590591431,0.008586547337472439,0.0016096511390060186,0.981594443321228,-0.19077757000923157,-2.7576684260933475,-0.04258165508508682,-0.06326592713594437,-0.21724942326545715,2.096849203109741,0.08883441239595413,0.21724942326545715
1801.8666666666666,3.478173017501831,1.6459308862686157,-0.004338063299655914,0.008411331102252007,0.001565858256071806,0.9815513491630554,-0.19100725650787354,-2.7572008435532593,-0.043928153812885284,0.13950206339359283,-0.27156177163124084,2.0985586643218994,0.26419058442115784,0.27156177163124084
1801.8833333333334,3.478177309036255,1.6459321975708008,-0.004357226192951202,0.008483503013849258,0.0015907136257737875,0.9814951419830322,-0.1912917047739029,-2.7566209461244795,-0.04596225172281265,-0.4405346214771271,-0.32587411999702454,2.100309371948242,0.5691995024681091,0.32587411999702454
1801.9,3.4781785011291504,1.6459318399429321,-0.004349991679191589,0.008451584726572037,0.0015989046078175306,0.9814143776893616,-0.19170770049095154,-2.7557736774497537,-0.04868738725781441,0.059437092393636703,-0.3801864683628082,2.1031203269958496,0.428499698638916,0.3801864683628082
1801.9166666666667,3.478175640106201,1.6459295749664307,-0.004351727664470673,0.008456571958959103,0.0015976546565070748,0.981310248374939,-0.1922398805618286,-2.7546889878585703,-0.052685413509607315,0.14301671087741852,-0.3801864683628082,2.1067798137664795,-0.1064373031258583,0.3801864683628082
1801.9333333333334,3.478168249130249,1.6459262371063232,-0.0043486133217811584,0.008443321101367474,0.0015967412618920207,0.9811844825744629,-0.19288066029548645,-2.7533827627287217,-0.05665059760212898,-0.7193546295166016,-0.488811194896698,2.111295223236084,0.5443854331970215,0.488811194896698
1801.95,3.478163242340088,1.6459242105484009,-0.004350610077381134,0.008452193811535835,0.0016049271216616035,0.981035053730011,-0.19363878667354584,-2.751837271124809,-0.06143663823604584,-0.8936938643455505,-0.5431235432624817,2.116117238998413,0.49332869052886963,0.5431235432624817
1801.9666666666667,3.478161573410034,1.645922064781189,-0.004346095025539398,0.008427838794887066,0.0016194425988942385,0.9808463454246521,-0.19459375739097595,-2.7498905712867123,-0.06754449009895325,-1.314278483390808,-0.5974358916282654,2.12266206741333,-0.045463159680366516,0.5974358916282654
1801.9833333333333,3.4781510829925537,1.6459165811538696,-0.004349254071712494,0.008444161154329777,0.0016220004763454199,0.9806281924247742,-0.19568908214569092,-2.747656583777346,-0.07496452331542969,-0.3065924346446991,-0.6517482399940491,2.130338191986084,1.2312003374099731,0.6517482399940491
1802.0,3.4781477451324463,1.6459121704101562,-0.004348687827587128,0.008439352735877037,0.0016305522294715047,0.9803898930549622,-0.19687947630882263,-2.7452284309056645,-0.08329568058252335,-0.2605445384979248,-0.7060605883598328,2.1384847164154053,1.3657357692718506,0.7060605883598328
1802.0166666666667,3.4781460762023926,1.6459081172943115,-0.004347987473011017,0.008432818576693535,0.0016398141160607338,0.9801231622695923,-0.19820356369018555,-2.742526982221286,-0.09196893870830536,0.1466652750968933,-0.7060605883598328,2.147496461868286,1.4532110691070557,0.7060605883598328
1802.0333333333333,3.4781546592712402,1.6459077596664429,-0.004348665475845337,0.00843221414834261,0.0016558743081986904,0.9798365831375122,-0.19961555302143097,-2.7396454080045567,-0.10152704268693924,-1.268778920173645,-0.8146852850914001,2.156797409057617,1.4044297933578491,0.8146852850914001
1802.05,3.4781525135040283,1.6459041833877563,-0.0043500736355781555,0.008439452387392521,0.00166329147759825,0.9795277714729309,-0.20112505555152893,-2.736563627449473,-0.1120302602648735,-0.3948623239994049,-0.8689976930618286,2.1671817302703857,0.8284294605255127,0.8689976930618286
1802.0666666666666,3.47814679145813,1.645898461341858,-0.00434613972902298,0.008418692275881767,0.001679892186075449,0.979173481464386,-0.20284360647201538,-2.7330542099287998,-0.12424244731664658,-0.1461777538061142,-0.9233100414276123,2.1792683601379395,1.536857008934021,0.9233100414276123
1802.0833333333333,3.478144407272339,1.6458920240402222,-0.004346691071987152,0.008415618911385536,0.0016985397087410092,0.9787878394126892,-0.20469608902931213,-2.729269679239574,-0.13683395087718964,-1.1800836324691772,-0.977622389793396,2.191887855529785,0.985994279384613,0.977622389793396
1802.1,3.4781417846679688,1.6458873748779297,-0.0043464526534080505,0.008411148563027382,0.0017124777659773827,0.9783698916435242,-0.20668452978134155,-2.7252056938944222,-0.1496300995349884,-1.2547285556793213,-1.0319347381591797,2.2057642936706543,1.568454384803772,1.0319347381591797
1802.1166666666666,3.4781508445739746,1.6458874940872192,-0.00434836745262146,0.008417487144470215,0.0017259814776480198,0.9779216647148132,-0.20879492163658142,-2.7208905319848604,-0.16358929872512817,-1.6175998449325562,-1.0319347381591797,2.2201716899871826,0.9708256125450134,1.0319347381591797
1802.1333333333334,3.478151798248291,1.6458851099014282,-0.0043477863073349,0.008411560207605362,0.001747493981383741,0.9774531126022339,-0.21097801625728607,-2.716424874081799,-0.17854702472686768,-1.1375259160995483,-1.140559434890747,2.2352194786071777,0.6150807738304138,1.140559434890747
1802.15,3.4781484603881836,1.645879864692688,-0.004344470798969269,0.0083919707685709,0.0017722552875056863,0.9769431948661804,-0.21332690119743347,-2.7116175625287235,-0.19397173821926117,-3.0315001010894775,-1.1948717832565308,2.251399517059326,2.4073214530944824,1.1948717832565308
1802.1666666666667,3.4781432151794434,1.6458746194839478,-0.0043471455574035645,0.00839973334223032,0.001785176806151867,0.9764102101325989,-0.21575310826301575,-2.706649123576749,-0.21054096519947052,-0.7836335301399231,-1.2491841316223145,2.2683398723602295,1.360966444015503,1.2491841316223145
1802.1833333333334,3.4781436920166016,1.6458691358566284,-0.004343762993812561,0.008380619809031487,0.0018117051804438233,0.9758174419403076,-0.21841853857040405,-2.701187859188591,-0.22828879952430725,-3.215250015258789,-1.3034964799880981,2.2866480350494385,2.655592441558838,1.3034964799880981
1802.2,3.4781386852264404,1.6458641290664673,-0.004346288740634918,0.008386623114347458,0.0018335541244596243,0.9752134680747986,-0.2210991531610489,-2.695691958314366,-0.24677976965904236,-0.835300624370575,-1.3034964799880981,2.3053464889526367,1.4984108209609985,1.3034964799880981
1802.2166666666667,3.4781382083892822,1.645857810974121,-0.004343241453170776,0.008368942886590958,0.0018571959808468819,0.9745646715164185,-0.22394229471683502,-2.6898593606048546,-0.26638874411582947,-2.1546056270599365,-1.3034964799880981,2.3250961303710938,2.496704339981079,1.3034964799880981
1802.2333333333333,3.4781370162963867,1.6458523273468018,-0.004347637295722961,0.008382031694054604,0.00187698844820261,0.9739234447479248,-0.22671416401863098,-2.684168878750735,-0.2854960262775421,-0.8712469339370728,-1.3034964799880981,2.3440966606140137,1.4859516620635986,1.3034964799880981
1802.25,3.478137493133545,1.6458462476730347,-0.004342794418334961,0.00835498608648777,0.0019080281490460038,0.9732547402381897,-0.22956834733486176,-2.678305863609941,-0.305184543132782,-2.211367130279541,-1.3034964799880981,2.3638947010040283,2.597865343093872,1.3034964799880981
1802.2666666666667,3.4781365394592285,1.6458406448364258,-0.004347585141658783,0.008369611576199532,0.0019253742648288608,0.9725974202156067,-0.23233726620674133,-2.672613829590967,-0.3242897093296051,-0.8673073053359985,-1.3034964799880981,2.3829257488250732,1.4893579483032227,1.3034964799880981
1802.2833333333333,3.4781370162963867,1.6458345651626587,-0.00434286892414093,0.008344803005456924,0.001956609543412924,0.9719118475914001,-0.23518900573253632,-2.666747763486454,-0.3440016806125641,-2.215711832046509,-1.3034964799880981,2.4027185440063477,2.612513303756714,1.3034964799880981
1802.3,3.4781365394592285,1.6458289623260498,-0.004347525537014008,0.008359159342944622,0.0019736974500119686,0.9712383151054382,-0.23795461654663086,-2.6610544962701983,-0.36311301589012146,-0.8677754402160645,-1.3034964799880981,2.421750545501709,1.4894658327102661,1.3034964799880981
1802.3166666666666,3.478137254714966,1.6458231210708618,-0.004342846572399139,0.008332669734954834,0.002004551701247692,0.9705361723899841,-0.24080292880535126,-2.655187280084472,-0.3828304708003998,-2.216785430908203,-1.3034964799880981,2.4415388107299805,2.619234561920166,1.3034964799880981
1802.3333333333333,3.4781363010406494,1.6458176374435425,-0.004347488284111023,0.008346784859895706,0.0020216431003063917,0.9698464274406433,-0.2435653805732727,-2.6494923434009467,-0.40194422006607056,-0.8681495785713196,-1.3034964799880981,2.4605700969696045,1.489314317703247,1.3034964799880981
1802.35,3.4781367778778076,1.645811676979065,-0.004342846572399139,0.008321482688188553,0.0020528272725641727,0.9691278338432312,-0.24640947580337524,-2.6436253326490102,-0.4216647446155548,-2.2169864177703857,-1.3034964799880981,2.4803528785705566,2.6231374740600586,1.3034964799880981
1802.3666666666666,3.4781367778778076,1.6458059549331665,-0.004347510635852814,0.008335883729159832,0.0020700504537671804,0.9684222936630249,-0.24916774034500122,-2.6379308911763686,-0.4407818913459778,-0.8686298727989197,-1.3034964799880981,2.4993810653686523,1.4891554117202759,1.3034964799880981
1802.3833333333334,3.478137493133545,1.645800232887268,-0.004342794418334961,0.00830923393368721,0.0021009021438658237,0.96768718957901,-0.25200745463371277,-2.632064057771186,-0.4605066478252411,-2.217794418334961,-1.3034964799880981,2.5191586017608643,2.626328468322754,1.3034964799880981
1802.4,3.478137493133545,1.6457951068878174,-0.004347518086433411,0.008323341608047485,0.0021180249750614166,0.966965913772583,-0.2547611594200134,-2.626370633996039,-0.47962695360183716,-0.8690841794013977,-1.3034964799880981,2.538184642791748,1.489076018333435,1.3034964799880981
1802.4166666666667,3.4781389236450195,1.6457891464233398,-0.004342801868915558,0.0082978755235672,0.0021491835359483957,0.9662143588066101,-0.2575969696044922,-2.6205030803503537,-0.4993545413017273,-2.2177376747131348,-1.3034964799880981,2.5579564571380615,2.6307218074798584,1.3034964799880981
1802.4333333333334,3.4781389236450195,1.645783543586731,-0.004347458481788635,0.008310317061841488,0.0021659163758158684,0.9654769897460938,-0.2603468596935272,-2.614808698171244,-0.5184792280197144,-0.8693276047706604,-1.3034964799880981,2.576979160308838,1.4890025854110718,1.3034964799880981
1802.45,3.478140354156494,1.6457778215408325,-0.004342824220657349,0.008284821175038815,0.0021968758665025234,0.9647091627120972,-0.2631782591342926,-2.6089413368336314,-0.5382115840911865,-2.2153401374816895,-1.3034964799880981,2.596745491027832,2.6342339515686035,1.3034964799880981
1802.4666666666667,3.4781408309936523,1.6457728147506714,-0.004347488284111023,0.00829883199185133,0.0022140941582620144,0.963955819606781,-0.265923410654068,-2.603247547713455,-0.5573392510414124,-0.8698470592498779,-1.3034964799880981,2.6157658100128174,1.4887678623199463,1.3034964799880981
1802.4833333333333,3.478142738342285,1.645767092704773,-0.004342801868915558,0.008271604776382446,0.002244621515274048,0.9631718397140503,-0.26875007152557373,-2.597380898668962,-0.5770764946937561,-2.2164034843444824,-1.3034964799880981,2.635526657104492,2.6358799934387207,1.3034964799880981
1802.5,3.478142499923706,1.6457618474960327,-0.004347510635852814,0.008286535739898682,0.0022622093092650175,0.9624026417732239,-0.27149075269699097,-2.5916872324762803,-0.5962074398994446,-0.8703853487968445,-1.3034964799880981,2.654543161392212,1.4884710311889648,1.3034964799880981
1802.5166666666667,3.478144407272339,1.6457566022872925,-0.004342764616012573,0.008258254267275333,0.0022922989446669817,0.9616021513938904,-0.27431315183639526,-2.5858197692116187,-0.6159495711326599,-2.2166974544525146,-1.3034964799880981,2.6742982864379883,2.638364315032959,1.3034964799880981
1802.5333333333333,3.478144645690918,1.6457513570785522,-0.004347510635852814,0.008272363804280758,0.002309658331796527,0.960817277431488,-0.27704918384552,-2.580126588628001,-0.6350842714309692,-0.8707317113876343,-1.3034964799880981,2.6933116912841797,1.4883387088775635,1.3034964799880981
1802.55,3.478147268295288,1.645745873451233,-0.004342794418334961,0.008246060460805893,0.0023402967490255833,0.9600005149841309,-0.2798669636249542,-2.5742591045080583,-0.6548303365707397,-2.2151403427124023,-1.3034964799880981,2.713062047958374,2.6413347721099854,1.3034964799880981
1802.5666666666666,3.4781479835510254,1.6457408666610718,-0.0043474361300468445,0.00825861282646656,0.002357297111302614,0.9591996669769287,-0.2825988531112671,-2.568564925104612,-0.6739705801010132,-0.8711258769035339,-1.3034964799880981,2.7320706844329834,1.4882471561431885,1.3034964799880981
1802.5833333333333,3.4781501293182373,1.6457359790802002,-0.004342786967754364,0.008231617510318756,0.002387744141742587,0.9583665728569031,-0.28541186451911926,-2.5626973479695896,-0.6937206983566284,-2.2160773277282715,-1.3034964799880981,2.7518150806427,2.6425673961639404,1.3034964799880981
1802.6,3.4781510829925537,1.6457312107086182,-0.004347480833530426,0.008245936594903469,0.0024052453227341175,0.9575499892234802,-0.2881390154361725,-2.557003354868989,-0.7128643989562988,-0.8715531826019287,-1.3034964799880981,2.7708194255828857,1.4879767894744873,1.3034964799880981
1802.6166666666666,3.4781529903411865,1.645725965499878,-0.004342764616012573,0.008217530325055122,0.002435138914734125,0.95670086145401,-0.29094672203063965,-2.5511368195651984,-0.7326211929321289,-2.215526580810547,-1.3034964799880981,2.790557622909546,2.6423544883728027,1.3034964799880981
1802.6333333333334,3.4781534671783447,1.6457210779190063,-0.004347518086433411,0.008230999112129211,0.002452508546411991,0.9558687210083008,-0.2936687767505646,-2.545443663834326,-0.7517695426940918,-0.8720242381095886,-1.3034964799880981,2.809558153152466,1.4877578020095825,1.3034964799880981
1802.65,3.478156089782715,1.6457159519195557,-0.004342757165431976,0.008203991688787937,0.002482794690877199,0.9550032615661621,-0.2964710593223572,-2.5395776909703986,-0.771530270576477,-2.214710235595703,-1.3034964799880981,2.8292899131774902,2.645331859588623,1.3034964799880981
1802.6666666666667,3.478156805038452,1.6457115411758423,-0.004347473382949829,0.00821621809154749,0.0024998553562909365,0.954155445098877,-0.29918843507766724,-2.5338843184356388,-0.7906842231750488,-0.8724233508110046,-1.3034964799880981,2.848284959793091,1.4876142740249634,1.3034964799880981
1802.6833333333334,3.4781599044799805,1.6457064151763916,-0.004342779517173767,0.008188559673726559,0.0025298246182501316,0.9532737731933594,-0.30198609828948975,-2.5280176151418416,-0.8104495406150818,-2.2159388065338135,-1.3034964799880981,2.8680107593536377,2.6468148231506348,1.3034964799880981
1802.7,3.478160858154297,1.6457021236419678,-0.004347503185272217,0.008202636614441872,0.0025476766750216484,0.9524099826812744,-0.30469876527786255,-2.5223234178602785,-0.8296076059341431,-0.8728593587875366,-1.3034964799880981,2.8870015144348145,1.487290859222412,1.3034964799880981
1802.7166666666667,3.478163957595825,1.6456973552703857,-0.00434277206659317,0.00817319005727768,0.002576992381364107,0.951512336730957,-0.3074911832809448,-2.51645716873894,-0.8493801951408386,-2.2161006927490234,-1.3034964799880981,2.9067211151123047,2.645949602127075,1.3034964799880981
1802.7333333333333,3.478165626525879,1.6456929445266724,-0.004347488284111023,0.00818667933344841,0.002594542223960161,0.9506329298019409,-0.31019845604896545,-2.5107635938815753,-0.8685431480407715,-0.8731909394264221,-1.3034964799880981,2.925706624984741,1.487163782119751,1.3034964799880981
1802.75,3.4781689643859863,1.6456884145736694,-0.004342786967754364,0.008158889599144459,0.002624381333589554,0.9497191309928894,-0.3129856288433075,-2.5048973328472814,-0.8883204460144043,-2.214846134185791,-1.3034964799880981,2.9454197883605957,2.6461939811706543,1.3034964799880981
1802.7666666666667,3.4781713485717773,1.6456842422485352,-0.004347518086433411,0.0081727784126997,0.0026421835646033287,0.9488242268562317,-0.31568774580955505,-2.4992040430209017,-0.907489001750946,-0.8737390637397766,-1.3034964799880981,2.964400291442871,1.4868918657302856,1.3034964799880981
1802.7833333333333,3.4781744480133057,1.6456800699234009,-0.004342749714851379,0.00814288854598999,0.002671190071851015,0.9478944540023804,-0.31846925616264343,-2.4933384814803303,-0.9272728562355042,-2.2157299518585205,-1.3034964799880981,2.9841067790985107,2.6469101905822754,1.3034964799880981
1802.8,3.4781758785247803,1.6456758975982666,-0.004347518086433411,0.008156564086675644,0.002689006272703409,0.9469839334487915,-0.32116618752479553,-2.4876451175777663,-0.9464462399482727,-0.8740018606185913,-1.3034964799880981,3.0030829906463623,1.4867494106292725,1.3034964799880981
1802.8166666666666,3.478179693222046,1.6456719636917114,-0.0043427422642707825,0.008127542212605476,0.0027183257043361664,0.9460378885269165,-0.3239424526691437,-2.4817789268460713,-0.9662354588508606,-2.215320110321045,-1.3034964799880981,3.0227837562561035,2.645496129989624,1.3034964799880981
1802.8333333333333,3.4781816005706787,1.6456680297851562,-0.0043475329875946045,0.00814085640013218,0.002736116759479046,0.9451117515563965,-0.32663431763648987,-2.4760851199265437,-0.9854145050048828,-0.8744543790817261,-1.3034964799880981,3.041752815246582,1.486496925354004,1.3034964799880981
1802.85,3.4781854152679443,1.6456639766693115,-0.004342757165431976,0.008111710660159588,0.0027654513251036406,0.9441496133804321,-0.32940542697906494,-2.47021828564723,-1.0052094459533691,-2.2163448333740234,-1.3034964799880981,3.061447858810425,2.644782781600952,1.3034964799880981
1802.8666666666666,3.4781882762908936,1.6456600427627563,-0.004347547888755798,0.008125541731715202,0.0027832980267703533,0.9432080388069153,-0.33209162950515747,-2.4645250676836836,-1.024394154548645,-0.8748999834060669,-1.3034964799880981,3.080411911010742,1.4862067699432373,1.3034964799880981
1802.8833333333334,3.4781928062438965,1.645656704902649,-0.004342749714851379,0.008095603436231613,0.002812193240970373,0.9422300457954407,-0.33485692739486694,-2.45865879498472,-1.0441954135894775,-2.216163396835327,-1.3034964799880981,3.1000990867614746,2.6443557739257812,1.3034964799880981
1802.9,3.4781956672668457,1.6456533670425415,-0.004347577691078186,0.008109458722174168,0.0028301039710640907,0.9412729144096375,-0.33753761649131775,-2.4529655307316087,-1.0633853673934937,-0.8754962086677551,-1.3034964799880981,3.1190571784973145,1.4857969284057617,1.3034964799880981
1802.9166666666667,3.4781999588012695,1.645649790763855,-0.004342757165431976,0.008079467341303825,0.002859048079699278,0.940278947353363,-0.3402968645095825,-2.4470997570287354,-1.0831924676895142,-2.218545913696289,-1.3034964799880981,3.1387383937835693,2.643517255783081,1.3034964799880981
1802.9333333333334,3.478203296661377,1.6456464529037476,-0.004347547888755798,0.008093023672699928,0.002876980695873499,0.939306378364563,-0.3429720997810364,-2.44140638830741,-1.102388620376587,-0.875946044921875,-1.3034964799880981,3.15769100189209,1.485599398612976,1.3034964799880981
1802.95,3.47820782661438,1.6456431150436401,-0.004342749714851379,0.008061875589191914,0.002905228640884161,0.9382965564727783,-0.3457256257534027,-2.435540644463218,-1.1222015619277954,-2.2207705974578857,-1.3034964799880981,3.1773667335510254,2.640521287918091,1.3034964799880981
1802.9666666666667,3.4782114028930664,1.6456396579742432,-0.004347577691078186,0.008076178841292858,0.00292354472912848,0.9373084306716919,-0.34839487075805664,-2.429847535462159,-1.1414034366607666,-0.8764433860778809,-1.3034964799880981,3.19631290435791,1.4852344989776611,1.3034964799880981
1802.9833333333333,3.4782156944274902,1.6456364393234253,-0.0043427348136901855,0.008047251030802727,0.002952647628262639,0.9362828135490417,-0.3511423170566559,-2.4239822955147186,-1.1612223386764526,-2.2199578285217285,-1.3034964799880981,3.2159812450408936,2.640253782272339,1.3034964799880981
1803.0,3.4782192707061768,1.6456336975097656,-0.004347577691078186,0.008059674873948097,0.002970355097204447,0.9352794289588928,-0.3538060188293457,-2.4182891573986303,-1.1804317235946655,-0.8768607378005981,-1.3034964799880981,3.2349209785461426,1.485073447227478,1.3034964799880981
1803.0166666666667,3.478224277496338,1.645630955696106,-0.004342749714851379,0.008028197102248669,0.002998452167958021,0.9342377781867981,-0.3565478026866913,-2.4124231211675267,-1.200256586074829,-2.2231569290161133,-1.3034964799880981,3.2545838356018066,2.637079954147339,1.3034964799880981
1803.0333333333333,3.4782280921936035,1.6456280946731567,-0.004347585141658783,0.008042056113481522,0.0030168478842824697,0.9332187175750732,-0.35920587182044983,-2.4067291260084325,-1.219470739364624,-0.8773695230484009,-1.3034964799880981,3.2735178470611572,1.484686017036438,1.3034964799880981
1803.05,3.478233814239502,1.645625114440918,-0.0043427348136901855,0.008010337129235268,0.0030445996671915054,0.9321613311767578,-0.3619416058063507,-2.4008632473201974,-1.2393022775650024,-2.2245092391967773,-1.3034964799880981,3.2931745052337646,2.634333848953247,1.3034964799880981
1803.0666666666666,3.4782378673553467,1.6456222534179688,-0.004347644746303558,0.00802554376423359,0.003063653828576207,0.9311272501945496,-0.3645933270454407,-2.3951704832164458,-1.2585217952728271,-0.8780093193054199,-1.3034964799880981,3.312102794647217,1.4842792749404907,1.3034964799880981
1803.0833333333333,3.478243350982666,1.6456198692321777,-0.0043427422642707825,0.007993991486728191,0.0030913730151951313,0.9300540089607239,-0.3673226237297058,-2.3893048688841607,-1.2783594131469727,-2.2266407012939453,-1.3034964799880981,3.3317530155181885,2.63191556930542,1.3034964799880981
1803.1,3.478247880935669,1.6456174850463867,-0.004347600042819977,0.008008083328604698,0.0031101044733077288,0.9290045499801636,-0.3699685037136078,-2.383611708221691,-1.2975859642028809,-0.8784658312797546,-1.3034964799880981,3.350675582885742,1.4839692115783691,1.3034964799880981
1803.1166666666666,3.4782533645629883,1.6456153392791748,-0.00434277206659317,0.007975615561008453,0.0031373787205666304,0.9279157519340515,-0.3726915121078491,-2.3777465397191304,-1.317430019378662,-2.2292580604553223,-1.3034964799880981,3.370319366455078,2.6299633979797363,1.3034964799880981
1803.1333333333334,3.4782581329345703,1.645613431930542,-0.004347659647464752,0.0079891262575984,0.003155855229124427,0.9268510341644287,-0.37533116340637207,-2.37205356197939,-1.3366628885269165,-0.8788009881973267,-1.3034964799880981,3.389234781265259,1.4837945699691772,1.3034964799880981
1803.15,3.4782638549804688,1.6456114053726196,-0.004342749714851379,0.00795750878751278,0.0031834691762924194,0.9257463812828064,-0.3780476748943329,-2.3661883412347176,-1.3565126657485962,-2.229677677154541,-1.3034964799880981,3.408872365951538,2.6273293495178223,1.3034964799880981
1803.1666666666667,3.4782683849334717,1.6456094980239868,-0.004347659647464752,0.00797087512910366,0.0032019810751080513,0.9246664643287659,-0.38068124651908875,-2.36049528482282,-1.3757524490356445,-0.8793165683746338,-1.3034964799880981,3.427781105041504,1.483434796333313,1.3034964799880981
1803.1833333333334,3.4782745838165283,1.645607590675354,-0.004342757165431976,0.007939627394080162,0.0032296483404934406,0.9235460758209229,-0.38339149951934814,-2.3546297319494482,-1.3956079483032227,-2.2329838275909424,-1.3034964799880981,3.447413206100464,2.624035596847534,1.3034964799880981
1803.2,3.4782798290252686,1.6456060409545898,-0.004347622394561768,0.007951078936457634,0.0032476093620061874,0.9224509596824646,-0.38601863384246826,-2.3489368592840734,-1.4148554801940918,-0.8794931769371033,-1.3034964799880981,3.466315269470215,1.48335599899292,1.3034964799880981
1803.2166666666667,3.478286027908325,1.6456043720245361,-0.004342786967754364,0.007920274510979652,0.003275221213698387,0.9213151931762695,-0.38872218132019043,-2.3430721059764434,-1.4347167015075684,-2.233278512954712,-1.3034964799880981,3.4859423637390137,2.620401382446289,1.3034964799880981
1803.2333333333333,3.4782912731170654,1.6456029415130615,-0.004347674548625946,0.007933320477604866,0.003293897258117795,0.9202049374580383,-0.3913426995277405,-2.3373796181230384,-1.4539700746536255,-0.880142867565155,-1.3034964799880981,3.5048372745513916,1.4829440116882324,1.3034964799880981
1803.25,3.4782979488372803,1.645601749420166,-0.004342801868915558,0.007900782860815525,0.003320821328088641,0.9190534949302673,-0.39403975009918213,-2.331514554679033,-1.473838210105896,-2.2371535301208496,-1.3034964799880981,3.5244579315185547,2.6166908740997314,1.3034964799880981
1803.2666666666667,3.4783031940460205,1.645600438117981,-0.004347674548625946,0.00791393592953682,0.003339692484587431,0.9179280996322632,-0.3966537117958069,-2.3258221604227196,-1.4930973052978516,-0.8805815577507019,-1.3034964799880981,3.5433475971221924,1.4826158285140991,1.3034964799880981
1803.2833333333333,3.4783098697662354,1.6455994844436646,-0.004342801868915558,0.00788111798465252,0.003366208868101239,0.9167609810829163,-0.39934423565864563,-2.31995664171898,-1.5129715204238892,-2.2398171424865723,-1.3034964799880981,3.562962532043457,2.61283540725708,1.3034964799880981
1803.3,3.4783153533935547,1.6455985307693481,-0.004347667098045349,0.007894366979598999,0.0033852923661470413,0.9156205654144287,-0.4019516110420227,-2.3142644409259674,-1.5322372913360596,-0.8809469938278198,-1.3034964799880981,3.58184552192688,1.4823824167251587,1.3034964799880981
1803.3166666666666,3.4783225059509277,1.6455979347229004,-0.004342801868915558,0.007861582562327385,0.0034117354080080986,0.9144378900527954,-0.40463533997535706,-2.3083988708039875,-1.5521177053451538,-2.2419919967651367,-1.3034964799880981,3.6014556884765625,2.6077721118927,1.3034964799880981
1803.3333333333333,3.4783272743225098,1.6455973386764526,-0.004347719252109528,0.007874628528952599,0.003430815413594246,0.9132825136184692,-0.4072362184524536,-2.3027066903778515,-1.571390151977539,-0.8812868595123291,-1.3034964799880981,3.6203322410583496,1.4821672439575195,1.3034964799880981
1803.35,3.4783341884613037,1.6455973386764526,-0.004342801868915558,0.007843725383281708,0.003457969520241022,0.9120842814445496,-0.4099128246307373,-2.2968412963992226,-1.5912760496139526,-2.2422895431518555,-1.3034964799880981,3.6399357318878174,2.604802131652832,1.3034964799880981
1803.3666666666666,3.478339910507202,1.6455968618392944,-0.004347667098045349,0.007854674011468887,0.0034762443974614143,0.9109137058258057,-0.4125073254108429,-2.291148263511263,-1.6105560064315796,-0.8816238045692444,-1.3034964799880981,3.6588051319122314,1.481974482536316,1.3034964799880981
1803.3833333333334,3.478347063064575,1.6455966234207153,-0.004342824220657349,0.007821507751941681,0.0035023479722440243,0.9097002744674683,-0.4151770770549774,-2.285283250277502,-1.6304478645324707,-2.2467668056488037,-1.3034964799880981,3.6784048080444336,2.599726915359497,1.3034964799880981
1803.4,3.478353261947632,1.6455967426300049,-0.004347756505012512,0.007834793999791145,0.003521844744682312,0.9085146188735962,-0.4177647531032562,-2.279590041360871,-1.6497327089309692,-0.8821681141853333,-1.3034964799880981,3.697268009185791,1.4815630912780762,1.3034964799880981
1803.4166666666667,3.478360652923584,1.645596981048584,-0.004342816770076752,0.007801670581102371,0.003547780215740204,0.907285749912262,-0.4204273521900177,-2.273725079105356,-1.6696313619613647,-2.2499938011169434,-1.3034964799880981,3.7168619632720947,2.59488582611084,1.3034964799880981
1803.4333333333334,3.4783668518066406,1.645597219467163,-0.004347741603851318,0.007813794538378716,0.0035667861811816692,0.9060851335525513,-0.4230080842971802,-2.2680318511912017,-1.6889235973358154,-0.8822887539863586,-1.3034964799880981,3.7357192039489746,1.4814373254776,1.3034964799880981
1803.45,3.478374481201172,1.6455978155136108,-0.004342861473560333,0.007781940512359142,0.0035933060571551323,0.9048408269882202,-0.42566370964050293,-2.2621665533520074,-1.7088278532028198,-2.250140905380249,-1.3034964799880981,3.7553086280822754,2.589433193206787,1.3034964799880981
1803.4666666666667,3.4783802032470703,1.645598292350769,-0.004347719252109528,0.007792577147483826,0.0036116812843829393,0.9036253094673157,-0.4282376766204834,-2.2564730399512127,-1.7281277179718018,-0.8827081322669983,-1.3034964799880981,3.7741587162017822,1.481210708618164,1.3034964799880981
1803.4833333333333,3.4783880710601807,1.645599126815796,-0.0043428316712379456,0.0077600022777915,0.003637650515884161,0.902365505695343,-0.43088608980178833,-2.2506073212105324,-1.7480360269546509,-2.254981517791748,-1.3034964799880981,3.7937443256378174,2.584582805633545,1.3034964799880981
1803.5,3.4783945083618164,1.6455998420715332,-0.004347778856754303,0.007772822864353657,0.003657302353531122,0.901135265827179,-0.43345266580581665,-2.244914509947248,-1.767340898513794,-0.8831176161766052,-1.3034964799880981,3.812588930130005,1.4808722734451294,1.3034964799880981
1803.5166666666667,3.478402614593506,1.6456010341644287,-0.004342816770076752,0.007738316897302866,0.003682107897475362,0.8998602032661438,-0.4360939860343933,-2.239048559800249,-1.7872573137283325,-2.257983922958374,-1.3034964799880981,3.8321685791015625,2.578598976135254,1.3034964799880981
1803.5333333333333,3.4784085750579834,1.6456018686294556,-0.0043478310108184814,0.0077524250373244286,0.0037025478668510914,0.8986152410507202,-0.4386533498764038,-2.2333560428495502,-1.8065671920776367,-0.8835138082504272,-1.3034964799880981,3.8510074615478516,1.48049795627594,1.3034964799880981
1803.55,3.478416919708252,1.6456032991409302,-0.0043428391218185425,0.0077179428189992905,0.0037272535264492035,0.8973249197006226,-0.4412872791290283,-2.2274900373624185,-1.8264892101287842,-2.260263681411743,-1.3034964799880981,3.8705837726593018,2.573166847229004,1.3034964799880981
1803.5666666666666,3.4784231185913086,1.6456042528152466,-0.004347793757915497,0.007730443496257067,0.003747173584997654,0.8960649967193604,-0.44383955001831055,-2.2217969051409128,-1.8458064794540405,-0.8835973143577576,-1.3034964799880981,3.889415979385376,1.480453372001648,1.3034964799880981
1803.5833333333333,3.478431463241577,1.6456061601638794,-0.0043428316712379456,0.007695870473980904,0.0037716575898230076,0.8947594165802002,-0.4464660882949829,-2.2159306464012856,-1.8657341003417969,-2.2617311477661133,-1.3034964799880981,3.9089882373809814,2.5677099227905273,1.3034964799880981
1803.6,3.478438138961792,1.645607590675354,-0.004347860813140869,0.007708644960075617,0.0037917629815638065,0.893484890460968,-0.44901102781295776,-2.2102378205168964,-1.8850572109222412,-0.8839321136474609,-1.3034964799880981,3.9278149604797363,1.4801878929138184,1.3034964799880981
1803.6166666666666,3.4784464836120605,1.6456096172332764,-0.00434286892414093,0.007674568332731724,0.003816437441855669,0.8921641707420349,-0.45162999629974365,-2.2043715971693367,-1.9049897193908691,-2.2647364139556885,-1.3034964799880981,3.9473819732666016,2.5625550746917725,1.3034964799880981
1803.6333333333334,3.4784531593322754,1.6456116437911987,-0.004347838461399078,0.007686756085604429,0.003836360527202487,0.8908748030662537,-0.45416751503944397,-2.198678415823477,-1.9243192672729492,-0.8840469717979431,-1.3034964799880981,3.9662020206451416,1.480074405670166,1.3034964799880981
1803.65,3.478461503982544,1.6456139087677002,-0.004342876374721527,0.007652548141777515,0.0038607665337622166,0.8895388245582581,-0.45677894353866577,-2.1928117085126764,-1.9442572593688965,-2.2666573524475098,-1.3034964799880981,3.985767126083374,2.55604887008667,1.3034964799880981
1803.6666666666667,3.478468179702759,1.645615816116333,-0.004347875714302063,0.007663960102945566,0.0038805915974080563,0.8882350325584412,-0.45930901169776917,-2.1871189949875824,-1.9635933637619019,-0.8843507170677185,-1.3034964799880981,4.004581451416016,1.4798301458358765,1.3034964799880981
1803.6833333333334,3.4784770011901855,1.6456186771392822,-0.004342883825302124,0.007629252038896084,0.003904404118657112,0.8868840336799622,-0.46191248297691345,-2.1812525942316836,-1.9835361242294312,-2.2700655460357666,-1.3034964799880981,4.024142265319824,2.5505120754241943,1.3034964799880981
1803.7,3.4784839153289795,1.6456210613250732,-0.004347890615463257,0.007641647942364216,0.003924869466573,0.8855655789375305,-0.4644349217414856,-2.1755598049139686,-2.0028767585754395,-0.8846229314804077,-1.3034964799880981,4.042950630187988,1.4795989990234375,1.3034964799880981
1803.7166666666667,3.478492259979248,1.645624041557312,-0.004342891275882721,0.007606686092913151,0.003948538098484278,0.8841995000839233,-0.46703052520751953,-2.169693286342401,-2.02282452583313,-2.273841142654419,-1.3034964799880981,4.062509059906006,2.543281316757202,1.3034964799880981
1803.7333333333333,3.478499174118042,1.6456267833709717,-0.004347905516624451,0.007618672214448452,0.003969051409512758,0.8828664422035217,-0.46954548358917236,-2.164000203489944,-2.042171001434326,-0.8848079442977905,-1.3034964799880981,4.08131217956543,1.4793710708618164,1.3034964799880981
1803.75,3.4785075187683105,1.6456298828125,-0.004342891275882721,0.00758331548422575,0.0039922865107655525,0.8814855813980103,-0.4721331000328064,-2.1581341990664167,-2.0621230602264404,-2.2757821083068848,-1.3034964799880981,4.100866794586182,2.5373220443725586,1.3034964799880981
1803.7666666666667,3.4785146713256836,1.6456326246261597,-0.004347972571849823,0.007596767041832209,0.004013648256659508,0.8801377415657043,-0.47464054822921753,-2.1524402636407545,-2.081475019454956,-0.8850594162940979,-1.3034964799880981,4.119663715362549,1.4790592193603516,1.3034964799880981
1803.7833333333333,3.4785234928131104,1.6456363201141357,-0.004342898726463318,0.007561160251498222,0.004036667291074991,0.8787419199943542,-0.47722017765045166,-2.1465741556422713,-2.1014320850372314,-2.2786688804626465,-1.3034964799880981,4.139214992523193,2.530726671218872,1.3034964799880981
1803.8,3.478529930114746,1.6456395387649536,-0.0043479278683662415,0.007573028560727835,0.004057284910231829,0.8773797750473022,-0.47971948981285095,-2.1408808862062187,-2.1207895278930664,-0.8851267695426941,-1.3034964799880981,4.158006191253662,1.4790053367614746,1.3034964799880981
1803.8166666666666,3.478539228439331,1.6456432342529297,-0.004342958331108093,0.0075378865003585815,0.0040804678574204445,0.8759689927101135,-0.482291042804718,-2.1350145741073954,-2.140751838684082,-2.2808291912078857,-1.3034964799880981,4.177554607391357,2.5249505043029785,1.3034964799880981
1803.8333333333333,3.478545904159546,1.6456464529037476,-0.004347957670688629,0.007548953406512737,0.0041008321568369865,0.8745923042297363,-0.4847828447818756,-2.1293206218206513,-2.1601152420043945,-0.8851156830787659,-1.3034964799880981,4.196341514587402,1.4788950681686401,1.3034964799880981
1803.85,3.4785549640655518,1.6456505060195923,-0.004342943429946899,0.0075135258957743645,0.004123622551560402,0.8731669187545776,-0.4873458743095398,-2.12345518744998,-2.1800825595855713,-2.2819206714630127,-1.3034964799880981,4.215887546539307,2.5185372829437256,1.3034964799880981
1803.8666666666666,3.478562355041504,1.6456542015075684,-0.004347957670688629,0.00752483494579792,0.004144266713410616,0.8717758655548096,-0.4898295998573303,-2.1177613487279974,-2.1994495391845703,-0.8852112889289856,-1.3034964799880981,4.234669208526611,1.4787120819091797,1.3034964799880981
1803.8833333333334,3.4785714149475098,1.6456584930419922,-0.004343114793300629,0.0074927834793925285,0.004164685495197773,0.8703356385231018,-0.49238428473472595,-2.111895810712751,-2.219406843185425,-2.3099021911621094,-1.3034964799880981,4.254220008850098,2.4993369579315186,1.3034964799880981
1803.9,3.478578805923462,1.645662784576416,-0.004347942769527435,0.007501936051994562,0.004188705701380968,0.8689300417900085,-0.49486035108566284,-2.1062011356839108,-2.2387855052948,-0.8855059146881104,-1.3034964799880981,4.272994518280029,1.4787343740463257,1.3034964799880981
1803.9166666666667,3.4785878658294678,1.645667552947998,-0.004343092441558838,0.007467661518603563,0.00420736987143755,0.867475152015686,-0.4974067211151123,-2.100335705544576,-2.2587499618530273,-2.310882568359375,-1.3034964799880981,4.292545318603516,2.4888458251953125,1.3034964799880981
1803.9333333333334,3.478595495223999,1.6456718444824219,-0.004347935318946838,0.007475800812244415,0.004230962600558996,0.8660551309585571,-0.4998745918273926,-2.0946407038897963,-2.2781336307525635,-0.8856770396232605,-1.3034964799880981,4.311313629150391,1.4784516096115112,1.3034964799880981
1803.95,3.478604316711426,1.645676612854004,-0.0043431296944618225,0.007442902773618698,0.004250187426805496,0.8645856976509094,-0.5024123191833496,-2.088775837290388,-2.298100471496582,-2.3122310638427734,-1.3034964799880981,4.330862045288086,2.4831933975219727,1.3034964799880981
1803.9666666666667,3.478611707687378,1.645681381225586,-0.0043480172753334045,0.007452645804733038,0.004274966195225716,0.863151490688324,-0.5048719048500061,-2.083081034640896,-2.3174867630004883,-0.8858495354652405,-1.3034964799880981,4.3496270179748535,1.4782054424285889,1.3034964799880981
1803.9833333333333,3.478621006011963,1.645686388015747,-0.004343114793300629,0.007418408058583736,0.004293214529752731,0.8616672158241272,-0.5074013471603394,-2.0772154365358646,-2.3374574184417725,-2.3156075477600098,-1.3034964799880981,4.369173526763916,2.476003885269165,1.3034964799880981
1804.0,3.478628396987915,1.64569091796875,-0.004348032176494598,0.0074280849657952785,0.004318217746913433,0.8602191209793091,-0.5098521709442139,-2.0715217644405524,-2.3568480014801025,-0.8857274651527405,-1.3034964799880981,4.38793420791626,1.4780871868133545,1.3034964799880981
1804.0166666666667,3.478637456893921,1.6456964015960693,-0.004343144595623016,0.007394242566078901,0.004336669109761715,0.8587202429771423,-0.5123729109764099,-2.0656562220847174,-2.3768224716186523,-2.3158915042877197,-1.3034964799880981,4.4074788093566895,2.4689981937408447,1.3034964799880981
1804.0333333333333,3.478644847869873,1.645701289176941,-0.0043480247259140015,0.007402766961604357,0.004361057188361883,0.8572579026222229,-0.5148155689239502,-2.0599620665437586,-2.3962175846099854,-0.8857772350311279,-1.3034964799880981,4.426233768463135,1.4779397249221802,1.3034964799880981
1804.05,3.478653907775879,1.6457070112228394,-0.004343144595623016,0.007368127815425396,0.0043786694295704365,0.8557443618774414,-0.5173277854919434,-2.054096060189395,-2.416193962097168,-2.319157838821411,-1.3034964799880981,4.445777416229248,2.4627721309661865,1.3034964799880981
1804.0666666666666,3.478661298751831,1.6457123756408691,-0.004348047077655792,0.007377546280622482,0.004403935745358467,0.854267954826355,-0.519761860370636,-2.048402068737343,-2.435591459274292,-0.8857134580612183,-1.3034964799880981,4.464529037475586,1.477770447731018,1.3034964799880981
1804.0833333333333,3.478670358657837,1.6457178592681885,-0.00434315949678421,0.0073432414792478085,0.004421621095389128,0.8527400493621826,-0.5222650170326233,-2.0425366131606393,-2.455570936203003,-2.3202872276306152,-1.3034964799880981,4.484072208404541,2.456002950668335,1.3034964799880981
1804.1,3.478677272796631,1.6457231044769287,-0.004348054528236389,0.007351255044341087,0.004446190316230059,0.851249635219574,-0.5246906280517578,-2.036842608749477,-2.474972724914551,-0.8855783343315125,-1.3034964799880981,4.50282096862793,1.4777307510375977,1.3034964799880981
1804.1166666666666,3.4786863327026367,1.6457293033599854,-0.004343189299106598,0.0073169078677892685,0.004463516175746918,0.8497074246406555,-0.5271847248077393,-2.0309776436675224,-2.4949545860290527,-2.3219406604766846,-1.3034964799880981,4.522364616394043,2.449216604232788,1.3034964799880981
1804.1333333333334,3.4786934852600098,1.6457349061965942,-0.004348069429397583,0.007325549144297838,0.00448866281658411,0.8482027649879456,-0.5296018123626709,-2.0252829082358605,-2.514359951019287,-0.8855823874473572,-1.3034964799880981,4.541107177734375,1.4774727821350098,1.3034964799880981
1804.15,3.4787020683288574,1.6457412242889404,-0.004343189299106598,0.007291669957339764,0.0045061842538416386,0.8466463685035706,-0.5320868492126465,-2.0194185568699186,-2.534343719482422,-2.323019504547119,-1.3034964799880981,4.560650825500488,2.443774461746216,1.3034964799880981
1804.1666666666667,3.4787094593048096,1.6457468271255493,-0.004348091781139374,0.007298597134649754,0.004530409816652536,0.845128059387207,-0.5344949960708618,-2.013724707233581,-2.5537519454956055,-0.8853410482406616,-1.3034964799880981,4.579392910003662,1.4774830341339111,1.3034964799880981
1804.1833333333334,3.4787182807922363,1.6457535028457642,-0.004343219101428986,0.007264954037964344,0.004548092372715473,0.8435570597648621,-0.5369712114334106,-2.0078595179004775,-2.5737361907958984,-2.324519157409668,-1.3034964799880981,4.598937511444092,2.43774676322937,1.3034964799880981
1804.2,3.4787259101867676,1.6457595825195312,-0.0043481141328811646,0.007273062597960234,0.004573087673634291,0.8420247435569763,-0.5393705368041992,-2.002165396931816,-2.593146324157715,-0.8852156400680542,-1.3034964799880981,4.617673397064209,1.4773831367492676,1.3034964799880981
1804.2166666666667,3.4787349700927734,1.6457661390304565,-0.004343196749687195,0.00723860040307045,0.004589994437992573,0.8404390811920166,-0.5418381094932556,-1.9962988717018286,-2.613133430480957,-2.3255774974823,-1.3034964799880981,4.637217044830322,2.4303414821624756,1.3034964799880981
1804.2333333333333,3.4787418842315674,1.6457722187042236,-0.004348143935203552,0.007246796507388353,0.00461541349068284,0.8388933539390564,-0.5442279577255249,-1.9906062878119806,-2.6325454711914062,-0.8850734233856201,-1.3034964799880981,4.655951499938965,1.477217674255371,1.3034964799880981
1804.25,3.4787509441375732,1.6457788944244385,-0.00434325635433197,0.007212058175355196,0.004631762858480215,0.8372936844825745,-0.5466862320899963,-1.9847404128525319,-2.652534008026123,-2.326706886291504,-1.3034964799880981,4.675495147705078,2.423197031021118,1.3034964799880981
1804.2666666666667,3.4787580966949463,1.6457853317260742,-0.00434817373752594,0.007220429368317127,0.0046574887819588184,0.8357338309288025,-0.549067497253418,-1.979046682045079,-2.6719472408294678,-0.8848782181739807,-1.3034964799880981,4.694226264953613,1.477120280265808,1.3034964799880981
1804.2833333333333,3.4787676334381104,1.6457922458648682,-0.004343219101428986,0.007185302209109068,0.004673480987548828,0.8341202139854431,-0.551516056060791,-1.973181700650414,-2.691937208175659,-2.3276381492614746,-1.3034964799880981,4.713771820068359,2.416360855102539,1.3034964799880981
1804.3,3.4787745475769043,1.645798683166504,-0.004348188638687134,0.007193628698587418,0.004699396900832653,0.8325467109680176,-0.5538880825042725,-1.9674883202357307,-2.7113521099090576,-0.8847238421440125,-1.3034964799880981,4.7325005531311035,1.4769423007965088,1.3034964799880981
1804.3166666666666,3.47878360748291,1.6458057165145874,-0.0043432265520095825,0.007158224005252123,0.004715020768344402,0.8309190273284912,-0.5563271045684814,-1.9616235922544922,-2.7313425540924072,-2.328207015991211,-1.3034964799880981,4.752043724060059,2.410494327545166,1.3034964799880981
1804.3333333333333,3.478790521621704,1.6458123922348022,-0.004348158836364746,0.007165791466832161,0.004740613978356123,0.8293318748474121,-0.5586901903152466,-1.9559301650007404,-2.750758647918701,-0.8843464255332947,-1.3034964799880981,4.7707719802856445,1.4769492149353027,1.3034964799880981
1804.35,3.4787991046905518,1.6458194255828857,-0.00434325635433197,0.007130523212254047,0.004755941219627857,0.8276903033256531,-0.5611194372177124,-1.9500661159429498,-2.77074933052063,-2.3279128074645996,-1.3034964799880981,4.790316581726074,2.404675245285034,1.3034964799880981
1804.3666666666666,3.478806257247925,1.6458261013031006,-0.004348166286945343,0.007137891370803118,0.004781673662364483,0.8260896801948547,-0.563473105430603,-1.9443732380221266,-2.7901666164398193,-0.8840524554252625,-1.3034964799880981,4.809041976928711,1.476901888847351,1.3034964799880981
1804.3833333333334,3.4788146018981934,1.6458333730697632,-0.004343286156654358,0.0071028489619493484,0.004797159694135189,0.8244339823722839,-0.5658933520317078,-1.9385085748390853,-2.8101563453674316,-2.328411102294922,-1.3034964799880981,4.828588962554932,2.3985440731048584,1.3034964799880981
1804.4,3.4788219928741455,1.6458401679992676,-0.004348225891590118,0.007110529113560915,0.004823195282369852,0.822819709777832,-0.5682375431060791,-1.9328156175618296,-2.8295738697052,-0.8838294744491577,-1.3034964799880981,4.847313404083252,1.4767146110534668,1.3034964799880981
1804.4166666666667,3.478830575942993,1.6458473205566406,-0.004343293607234955,0.007075623609125614,0.004838565364480019,0.8211501836776733,-0.5706479549407959,-1.926951437282377,-2.8495631217956543,-2.3296618461608887,-1.3034964799880981,4.866862773895264,2.3926241397857666,1.3034964799880981
1804.4333333333334,3.478837013244629,1.6458542346954346,-0.004348225891590118,0.0070826648734509945,0.004864371847361326,0.8195222616195679,-0.572982907295227,-1.9212580491606006,-2.8689804077148438,-0.8834360241889954,-1.3034964799880981,4.885585784912109,1.4767762422561646,1.3034964799880981
1804.45,3.4788455963134766,1.6458617448806763,-0.004343286156654358,0.0070474110543727875,0.004879251588135958,0.8178388476371765,-0.5753834247589111,-1.9153940119904602,-2.8889684677124023,-2.329293966293335,-1.3034964799880981,4.905137538909912,2.3870351314544678,1.3034964799880981
1804.4666666666667,3.478851795196533,1.6458686590194702,-0.004348233342170715,0.007055121473968029,0.004905859008431435,0.816197395324707,-0.5777091383934021,-1.9097003550786775,-2.9083852767944336,-0.8832124471664429,-1.3034964799880981,4.923858165740967,1.4766008853912354,1.3034964799880981
1804.4833333333333,3.478860378265381,1.6458762884140015,-0.004343286156654358,0.007018843665719032,0.004919939674437046,0.8145005106925964,-0.5800994038581848,-1.9038375659718747,-2.928372383117676,-2.330259084701538,-1.3034964799880981,4.943411350250244,2.3811120986938477,1.3034964799880981
1804.5,3.478867292404175,1.645883321762085,-0.004348263144493103,0.007026040926575661,0.004946187138557434,0.8128455877304077,-0.5824158191680908,-1.8981436188496366,-2.9477882385253906,-0.8827140927314758,-1.3034964799880981,4.962132930755615,1.4766565561294556,1.3034964799880981
1804.5166666666667,3.478875160217285,1.6458910703659058,-0.0043433308601379395,0.00699049886316061,0.004960386548191309,0.8111347556114197,-0.5847963094711304,-1.8922803603541631,-2.967773914337158,-2.328366756439209,-1.3034964799880981,4.981689453125,2.3762247562408447,1.3034964799880981
1804.5333333333333,3.4788818359375,1.6458978652954102,-0.0043482705950737,0.006997212767601013,0.004986666142940521,0.8094667792320251,-0.5871027708053589,-1.886587415159443,-2.987189292907715,-0.8825612664222717,-1.3034964799880981,5.0004096031188965,1.4764924049377441,1.3034964799880981
1804.55,3.4788901805877686,1.6459057331085205,-0.004343315958976746,0.006961533799767494,0.0050005861558020115,0.8077424168586731,-0.5894731283187866,-1.8807247886975678,-3.007171154022217,-2.331406593322754,-1.3034964799880981,5.019969463348389,2.3715333938598633,1.3034964799880981
1804.5666666666666,3.478896379470825,1.645912528038025,-0.004348278045654297,0.006968006957322359,0.005026988685131073,0.806061327457428,-0.5917696952819824,-1.8750324563257679,-3.026585102081299,-0.8820142149925232,-1.3034964799880981,5.03869104385376,1.476591944694519,1.3034964799880981
1804.5833333333333,3.4789044857025146,1.6459206342697144,-0.004343338310718536,0.006932695396244526,0.005040883086621761,0.8043233752250671,-0.5941299200057983,-1.8691701048281912,-3.046564817428589,-2.3301756381988525,-1.3034964799880981,5.058255195617676,2.366394519805908,1.3034964799880981
1804.6,3.4789106845855713,1.6459275484085083,-0.004348292946815491,0.006939645856618881,0.005067731253802776,0.8026290535926819,-0.596416711807251,-1.863477817546857,-3.0659773349761963,-0.8815295696258545,-1.3034964799880981,5.076974868774414,1.4765609502792358,1.3034964799880981
1804.6166666666666,3.4789185523986816,1.6459351778030396,-0.00434335321187973,0.006904071196913719,0.0050814393907785416,0.8008776307106018,-0.598766565322876,-1.857615969837746,-3.08595609664917,-2.3279976844787598,-1.3034964799880981,5.096539497375488,2.361037015914917,1.3034964799880981
1804.6333333333334,3.4789247512817383,1.645942211151123,-0.004348292946815491,0.0069097112864255905,0.00510756578296423,0.7991703152656555,-0.6010432243347168,-1.8519243144667863,-3.1053659915924072,-0.881154477596283,-1.3034964799880981,5.115260601043701,1.4765492677688599,1.3034964799880981
1804.65,3.4789326190948486,1.6459500789642334,-0.004343360662460327,0.006874188780784607,0.005120910704135895,0.7974056005477905,-0.6033828258514404,-1.8460631976459636,-3.125340461730957,-2.328420639038086,-1.3034964799880981,5.134829521179199,2.3573954105377197,1.3034964799880981
1804.6666666666667,3.478938341140747,1.645957350730896,-0.004348307847976685,0.006879968568682671,0.005147213116288185,0.7956850528717041,-0.6056495904922485,-1.8403712436142654,-3.144747495651245,-0.8805165886878967,-1.3034964799880981,5.153550624847412,1.4766433238983154,1.3034964799880981
1804.6833333333334,3.4789459705352783,1.6459649801254272,-0.004343360662460327,0.0068441214971244335,0.005160083062946796,0.7939068078994751,-0.6079789400100708,-1.8345100039450688,-3.1647191047668457,-2.3261501789093018,-1.3034964799880981,5.173124313354492,2.3518285751342773,1.3034964799880981
1804.7,3.4789516925811768,1.6459721326828003,-0.004348307847976685,0.006849223282188177,0.005186442751437426,0.792173445224762,-0.6102354526519775,-1.8288188487466595,-3.1841232776641846,-0.880321204662323,-1.3034964799880981,5.1918463706970215,1.476450800895691,1.3034964799880981
1804.7166666666667,3.478959083557129,1.645979881286621,-0.004343368113040924,0.006815027445554733,0.005200226791203022,0.7903819680213928,-0.6125543117523193,-1.8229582418497212,-3.2040886878967285,-2.327216625213623,-1.3034964799880981,5.211423397064209,2.3501899242401123,1.3034964799880981
1804.7333333333333,3.4789650440216064,1.645986557006836,-0.004348300397396088,0.006818924564868212,0.005225741304457188,0.7886357307434082,-0.6148006319999695,-1.8172674767845634,-3.2234911918640137,-0.8794692754745483,-1.3034964799880981,5.2301483154296875,1.4767498970031738,1.3034964799880981
1804.75,3.4789721965789795,1.6459944248199463,-0.0043434277176856995,0.006784716621041298,0.00523952953517437,0.7868310809135437,-0.6171088218688965,-1.8114075078423517,-3.2434544563293457,-2.3235769271850586,-1.3034964799880981,5.249729156494141,2.3467650413513184,1.3034964799880981
1804.7666666666667,3.478978157043457,1.6460018157958984,-0.004348345100879669,0.006790555082261562,0.0052667660638689995,0.7850722670555115,-0.6193444132804871,-1.8057180264934778,-3.262852668762207,-0.8791121244430542,-1.3034964799880981,5.26845645904541,1.4766123294830322,1.3034964799880981
1804.7833333333333,3.478985548019409,1.6460093259811401,-0.004343375563621521,0.0067535871639847755,0.005277940537780523,0.7832540273666382,-0.6216425895690918,-1.7998570286263489,-3.2828118801116943,-2.324678421020508,-1.3034964799880981,5.288043022155762,2.3414852619171143,1.3034964799880981
1804.8,3.478991746902466,1.646016240119934,-0.004348374903202057,0.0067588211968541145,0.005304962396621704,0.7814820408821106,-0.6238685250282288,-1.7941665463427974,-3.302204132080078,-0.8787084817886353,-1.3034964799880981,5.3067708015441895,1.4766000509262085,1.3034964799880981
1804.8166666666666,3.4789984226226807,1.6460238695144653,-0.004343435168266296,0.006723913364112377,0.005317810922861099,0.7796510457992554,-0.6261555552482605,-1.788307157165996,-3.3221566677093506,-2.3241946697235107,-1.3034964799880981,5.32636022567749,2.339731454849243,1.3034964799880981
1804.8333333333333,3.4790048599243164,1.6460309028625488,-0.00434836745262146,0.006727735977619886,0.005343570839613676,0.7778662443161011,-0.6283711194992065,-1.7826167036378535,-3.3415467739105225,-0.8776471614837646,-1.3034964799880981,5.345091342926025,1.4770256280899048,1.3034964799880981
1804.85,3.4790117740631104,1.6460384130477905,-0.004343435168266296,0.006693217903375626,0.00535651994869113,0.77602219581604,-0.6306473016738892,-1.776757741251354,-3.361495018005371,-2.3176515102386475,-1.3034964799880981,5.364686965942383,2.335366725921631,1.3034964799880981
1804.8666666666666,3.4790172576904297,1.6460449695587158,-0.004348360002040863,0.006696742959320545,0.005382377654314041,0.7742249369621277,-0.6328521966934204,-1.7710682436466765,-3.3808796405792236,-0.8773587346076965,-1.3034964799880981,5.383419036865234,1.4768786430358887,1.3034964799880981
1804.8833333333334,3.4790241718292236,1.6460522413253784,-0.004343472421169281,0.006662195548415184,0.005395215004682541,0.7723675966262817,-0.635117769241333,-1.7652087606442501,-3.4008209705352783,-2.3172783851623535,-1.3034964799880981,5.403019905090332,2.3344287872314453,1.3034964799880981
1804.9,3.479029417037964,1.6460590362548828,-0.004348374903202057,0.006666066125035286,0.005421612411737442,0.7705579996109009,-0.6373118162155151,-1.759520415459201,-3.4201998710632324,-0.8767426013946533,-1.3034964799880981,5.421756744384766,1.4769912958145142,1.3034964799880981
1804.9166666666667,3.4790360927581787,1.646066427230835,-0.0043434277176856995,0.00662989541888237,0.0054326290264725685,0.7686878442764282,-0.6395665407180786,-1.75366156982373,-3.440135955810547,-2.3174493312835693,-1.3034964799880981,5.44136381149292,2.330881357192993,1.3034964799880981
1804.9333333333334,3.4790422916412354,1.6460728645324707,-0.0043484121561050415,0.006634894292801619,0.0054603382013738155,0.7668655514717102,-0.6417502164840698,-1.747973064402761,-3.459508180618286,-0.8763571381568909,-1.3034964799880981,5.460103988647461,1.4769001007080078,1.3034964799880981
1804.95,3.479048728942871,1.6460798978805542,-0.0043434202671051025,0.006598495412617922,0.005470987409353256,0.7649825811386108,-0.6439938545227051,-1.7421147615502164,-3.479438066482544,-2.3176164627075195,-1.3034964799880981,5.479716777801514,2.329303503036499,1.3034964799880981
1804.9666666666667,3.4790539741516113,1.6460860967636108,-0.0043484121561050415,0.006603407673537731,0.005498652346432209,0.7631474137306213,-0.6461672186851501,-1.7364253601691972,-3.498804807662964,-0.8754019737243652,-1.3034964799880981,5.498462677001953,1.4772100448608398,1.3034964799880981
1804.9833333333333,3.4790608882904053,1.6460930109024048,-0.004343457520008087,0.0065673827193677425,0.005509378854185343,0.7612513303756714,-0.6484003067016602,-1.7305664451802871,-3.518730401992798,-2.3113627433776855,-1.3034964799880981,5.518081188201904,2.3268861770629883,1.3034964799880981
1805.0,3.479065418243408,1.6460992097854614,-0.004348434507846832,0.006572159938514233,0.005537241231650114,0.7594037652015686,-0.6505628824234009,-1.7248774237789168,-3.5380897521972656,-0.8750808835029602,-1.3034964799880981,5.536830425262451,1.4771807193756104,1.3034964799880981
1805.0166666666667,3.479071855545044,1.646106243133545,-0.0043434202671051025,0.006534823682159185,0.005546712316572666,0.7574945688247681,-0.652785062789917,-1.7190177615988207,-3.5580081939697266,-2.311657190322876,-1.3034964799880981,5.556454181671143,2.325672149658203,1.3034964799880981
1805.0333333333333,3.479076862335205,1.6461122035980225,-0.0043484121561050415,0.0065387580543756485,0.005574150942265987,0.755634605884552,-0.6549370288848877,-1.7133288717245778,-3.577361822128296,-0.8742353916168213,-1.3034964799880981,5.575209140777588,1.4774272441864014,1.3034964799880981
1805.05,3.479083299636841,1.6461189985275269,-0.004343494772911072,0.006503443233668804,0.005585046019405127,0.7537129521369934,-0.6571478843688965,-1.707470266964245,-3.597273588180542,-2.306838035583496,-1.3034964799880981,5.594839572906494,2.3258795738220215,1.3034964799880981
1805.0666666666666,3.4790878295898438,1.6461246013641357,-0.004348427057266235,0.006507077720016241,0.005612416658550501,0.7518407106399536,-0.659288763999939,-1.7017817614332111,-3.616621732711792,-0.8736523985862732,-1.3034964799880981,5.6135969161987305,1.4776140451431274,1.3034964799880981
1805.0833333333333,3.4790937900543213,1.646131157875061,-0.00434345006942749,0.0064706942066550255,0.0056220716796815395,0.7499064803123474,-0.6614882946014404,-1.6959236045283328,-3.636526107788086,-2.3052687644958496,-1.3034964799880981,5.63323450088501,2.3248677253723145,1.3034964799880981
1805.1,3.479098081588745,1.6461364030838013,-0.004348441958427429,0.006474676076322794,0.0056500681675970554,0.7480220794677734,-0.6636180877685547,-1.6902356332604296,-3.6558663845062256,-0.8729450106620789,-1.3034964799880981,5.651998519897461,1.477771520614624,1.3034964799880981
1805.1166666666666,3.4791042804718018,1.6461423635482788,-0.004343472421169281,0.0064389267936348915,0.0056601352989673615,0.7460753917694092,-0.6658061146736145,-1.684378128594228,-3.675764322280884,-2.3011207580566406,-1.3034964799880981,5.671640396118164,2.3250701427459717,1.3034964799880981
1805.1333333333334,3.479109287261963,1.6461479663848877,-0.004348397254943848,0.006441617384552956,0.005687035154551268,0.7441787719726562,-0.667925238609314,-1.6786902132085202,-3.6950974464416504,-0.8721232414245605,-1.3034964799880981,5.690410137176514,1.4781439304351807,1.3034964799880981
1805.15,3.4791150093078613,1.6461540460586548,-0.004343509674072266,0.0064059533178806305,0.005697198212146759,0.7422196865081787,-0.6701018810272217,-1.6728332987710999,-3.7149877548217773,-2.2965288162231445,-1.3034964799880981,5.710061550140381,2.324460744857788,1.3034964799880981
1805.1666666666667,3.4791200160980225,1.6461591720581055,-0.004348382353782654,0.006407836452126503,0.00572329293936491,0.7403107285499573,-0.6722098588943481,-1.6671450012726197,-3.7343149185180664,-0.8715673089027405,-1.3034964799880981,5.728835105895996,1.478289008140564,1.3034964799880981
1805.1833333333334,3.4791252613067627,1.646164894104004,-0.0043435245752334595,0.006372231990098953,0.005733369383960962,0.7383392453193665,-0.674375057220459,-1.6612884815327928,-3.7541961669921875,-2.294840097427368,-1.3034964799880981,5.748493671417236,2.325221061706543,1.3034964799880981
1805.2,3.4791297912597656,1.646169662475586,-0.0043484121561050415,0.00637481827288866,0.005760439671576023,0.7364183664321899,-0.6764718294143677,-1.6556008338478516,-3.7735142707824707,-0.8709233403205872,-1.3034964799880981,5.767273902893066,1.4785194396972656,1.3034964799880981
1805.2166666666667,3.479135751724243,1.646175503730774,-0.0043435245752334595,0.006339315790683031,0.005770264193415642,0.7344344854354858,-0.6786255240440369,-1.649744513149702,-3.793389320373535,-2.291344404220581,-1.3034964799880981,5.786938190460205,2.3263111114501953,1.3034964799880981
1805.2333333333333,3.479139566421509,1.6461799144744873,-0.004348419606685638,0.006342565640807152,0.005798114463686943,0.7325013279914856,-0.6807112693786621,-1.644056287237949,-3.812699794769287,-0.870292603969574,-1.3034964799880981,5.805725574493408,1.4786920547485352,1.3034964799880981
1805.25,3.4791457653045654,1.646185278892517,-0.0043435245752334595,0.006306503899395466,0.005807261914014816,0.7305051684379578,-0.6828534603118896,-1.638200294718591,-3.832566738128662,-2.2882816791534424,-1.3034964799880981,5.82539701461792,2.326585054397583,1.3034964799880981
1805.2666666666667,3.47914981842041,1.64618980884552,-0.004348404705524445,0.006308632902801037,0.005834435112774372,0.7285605669021606,-0.6849274635314941,-1.6325136904332322,-3.8518686294555664,-0.8697581887245178,-1.3034964799880981,5.8441901206970215,1.4789719581604004,1.3034964799880981
1805.2833333333333,3.4791555404663086,1.6461950540542603,-0.004343479871749878,0.006271912716329098,0.005842746235430241,0.72655189037323,-0.6870580911636353,-1.626657155332545,-3.8717267513275146,-2.2867963314056396,-1.3034964799880981,5.863868713378906,2.328707695007324,1.3034964799880981
1805.3,3.4791598320007324,1.646199107170105,-0.0043484121561050415,0.006274014711380005,0.005870098248124123,0.7245951890945435,-0.6891211271286011,-1.620970075133805,-3.8910205364227295,-0.8689083456993103,-1.3034964799880981,5.882667064666748,1.4793319702148438,1.3034964799880981
1805.3166666666666,3.479165554046631,1.646203875541687,-0.004343494772911072,0.0062382277101278305,0.005879095755517483,0.7225745320320129,-0.6912398338317871,-1.615114382156476,-3.910872459411621,-2.281426191329956,-1.3034964799880981,5.902352809906006,2.3305230140686035,1.3034964799880981
1805.3333333333333,3.4791698455810547,1.6462079286575317,-0.0043484121561050415,0.006240879651159048,0.005906939972192049,0.7206060290336609,-0.6932914853096008,-1.6094275211547455,-3.9301578998565674,-0.8685358166694641,-1.3034964799880981,5.921160697937012,1.4794883728027344,1.3034964799880981
1805.35,3.479175567626953,1.6462125778198242,-0.004343472421169281,0.006204430013895035,0.005915151443332434,0.7185730338096619,-0.6953985691070557,-1.6035714027437844,-3.9500010013580322,-2.280824899673462,-1.3034964799880981,5.940853118896484,2.3334343433380127,1.3034964799880981
1805.3666666666666,3.479179859161377,1.6462160348892212,-0.004348382353782654,0.006206505931913853,0.005942883901298046,0.71659255027771,-0.6974389553070068,-1.5978840457595584,-3.969278335571289,-0.8676464557647705,-1.3034964799880981,5.959667682647705,1.4799476861953735,1.3034964799880981
1805.3833333333334,3.4791855812072754,1.646220326423645,-0.004343472421169281,0.006170237436890602,0.00595078943297267,0.7145472764968872,-0.69953453540802,-1.592027489190557,-3.989114761352539,-2.2760214805603027,-1.3034964799880981,5.979367733001709,2.335103988647461,1.3034964799880981
1805.4,3.4791901111602783,1.6462236642837524,-0.004348397254943848,0.006172066554427147,0.005978410132229328,0.7125550508499146,-0.7015634775161743,-1.586340133981744,-4.008383750915527,-0.8672535419464111,-1.3034964799880981,5.998190879821777,1.4801616668701172,1.3034964799880981
1805.4166666666667,3.4791953563690186,1.6462278366088867,-0.0043435171246528625,0.006135269533842802,0.005985809490084648,0.7104978561401367,-0.703647255897522,-1.5804839674156235,-4.0282111167907715,-2.2746901512145996,-1.3034964799880981,6.0178985595703125,2.339033365249634,1.3034964799880981
1805.4333333333334,3.479199171066284,1.6462308168411255,-0.00434836745262146,0.00613674521446228,0.006013268139213324,0.7084944248199463,-0.7056640386581421,-1.5747979473981835,-4.047471523284912,-0.8664209842681885,-1.3034964799880981,6.036729335784912,1.4806742668151855,1.3034964799880981
1805.45,3.4792046546936035,1.6462346315383911,-0.004343509674072266,0.006101485341787338,0.006021981127560139,0.7064250707626343,-0.7077358961105347,-1.568941342756972,-4.067290782928467,-2.2703051567077637,-1.3034964799880981,6.056445121765137,2.343090057373047,1.3034964799880981
1805.4666666666667,3.4792091846466064,1.6462376117706299,-0.004348337650299072,0.006102057173848152,0.006048547104001045,0.7044100761413574,-0.7097412347793579,-1.5632554226225681,-4.086545467376709,-0.8659502863883972,-1.3034964799880981,6.075282096862793,1.481003761291504,1.3034964799880981
1805.4833333333333,3.4792144298553467,1.646241545677185,-0.004343494772911072,0.006066162139177322,0.006056709215044975,0.702329158782959,-0.7118006944656372,-1.557399818908925,-4.106357097625732,-2.269958257675171,-1.3034964799880981,6.095004558563232,2.3465487957000732,1.3034964799880981
1805.5,3.4792182445526123,1.6462445259094238,-0.004348374903202057,0.006067599169909954,0.006084281485527754,0.700302243232727,-0.7137947678565979,-1.5517128522508452,-4.125600814819336,-0.8652840256690979,-1.3034964799880981,6.113851070404053,1.4813880920410156,1.3034964799880981
1805.5166666666667,3.4792239665985107,1.6462481021881104,-0.004343509674072266,0.006031425204128027,0.006091950926929712,0.6982091069221497,-0.715842604637146,-1.545856215962237,-4.145406723022461,-2.2653398513793945,-1.3034964799880981,6.133580207824707,2.3506391048431396,1.3034964799880981
1805.5333333333333,3.4792280197143555,1.6462502479553223,-0.004348360002040863,0.006032818462699652,0.006119638681411743,0.6961703896522522,-0.7178250551223755,-1.5401683348711666,-4.16464376449585,-0.8648809790611267,-1.3034964799880981,6.152435302734375,1.481716275215149,1.3034964799880981
1805.55,3.479233741760254,1.646253228187561,-0.004343494772911072,0.005996054038405418,0.006126700434833765,0.6940659284591675,-0.7198604345321655,-1.534312973802845,-4.184442520141602,-2.2630374431610107,-1.3034964799880981,6.172170639038086,2.355288505554199,1.3034964799880981
1805.5666666666666,3.4792377948760986,1.6462552547454834,-0.004348330199718475,0.00599698256701231,0.00615402776747942,0.6920157074928284,-0.7218313217163086,-1.5286248270006089,-4.203671455383301,-0.8641895651817322,-1.3034964799880981,6.191033840179443,1.4821901321411133,1.3034964799880981
1805.5833333333333,3.479243040084839,1.6462582349777222,-0.004343479871749878,0.005961091257631779,0.0061615328304469585,0.6898991465568542,-0.7238547205924988,-1.5227684010925435,-4.223463535308838,-2.2581238746643066,-1.3034964799880981,6.2107768058776855,2.360872983932495,1.3034964799880981
1805.6,3.4792470932006836,1.6462597846984863,-0.004348307847976685,0.005961161106824875,0.006188203580677509,0.6878378391265869,-0.7258135676383972,-1.5170809486237207,-4.242684841156006,-0.8637388348579407,-1.3034964799880981,6.229646682739258,1.4825963973999023,1.3034964799880981
1805.6166666666666,3.479252576828003,1.6462624073028564,-0.004343464970588684,0.005924908444285393,0.0061953021213412285,0.685709536075592,-0.7278246879577637,-1.511224237787876,-4.2624688148498535,-2.2554755210876465,-1.3034964799880981,6.249397277832031,2.3666343688964844,1.3034964799880981
1805.6333333333334,3.4792563915252686,1.6462639570236206,-0.0043483152985572815,0.005925384350121021,0.006222653668373823,0.6836369633674622,-0.7297717332839966,-1.5055368315319737,-4.281680107116699,-0.8632239103317261,-1.3034964799880981,6.268277168273926,1.4830069541931152,1.3034964799880981
1805.65,3.4792611598968506,1.6462663412094116,-0.004343472421169281,0.005889323074370623,0.006229599472135305,0.6814969778060913,-0.7317706942558289,-1.4996798278761205,-4.301457405090332,-2.2527332305908203,-1.3034964799880981,-6.278337001800537,2.371978759765625,1.3034964799880981
1805.6666666666667,3.4792654514312744,1.6462676525115967,-0.004348263144493103,0.005889073945581913,0.0062563479878008366,0.6794132590293884,-0.7337055206298828,-1.4939925487727397,-4.320662975311279,-0.8628501892089844,-1.3034964799880981,-6.259450912475586,1.483428716659546,1.3034964799880981
1805.6833333333334,3.4792706966400146,1.646269679069519,-0.004343442618846893,0.005852372385561466,0.006262777838855982,0.6772614121437073,-0.7356925010681152,-1.4881345708859988,-4.340433120727539,-2.2508232593536377,-1.3034964799880981,-6.239686965942383,2.3780019283294678,1.3034964799880981
1805.7,3.4792752265930176,1.6462706327438354,-0.004348278045654297,0.005853042937815189,0.0062904986552894115,0.6751663684844971,-0.7376153469085693,-1.4824467858152455,-4.3596296310424805,-0.8624650835990906,-1.3034964799880981,-6.220792293548584,1.4837785959243774,1.3034964799880981
1805.7166666666667,3.4792802333831787,1.6462726593017578,-0.00434345006942749,0.0058164396323263645,0.0062966179102659225,0.6730033755302429,-0.7395896911621094,-1.4765895955743666,-4.379393100738525,-2.248532772064209,-1.3034964799880981,-6.201021671295166,2.3839211463928223,1.3034964799880981
1805.7333333333333,3.4792842864990234,1.646273136138916,-0.004348248243331909,0.005817268043756485,0.0063248383812606335,0.6708974242210388,-0.7415003180503845,-1.4709022519829151,-4.398582935333252,-0.8620102405548096,-1.3034964799880981,-6.182117938995361,1.484204649925232,1.3034964799880981
1805.75,3.4792897701263428,1.6462746858596802,-0.0043434277176856995,0.005779673811048269,0.006329783238470554,0.6687229871749878,-0.7434622049331665,-1.46504481273291,-4.418342590332031,-2.2453577518463135,-1.3034964799880981,-6.162341594696045,2.3894753456115723,1.3034964799880981
1805.7666666666667,3.4792933464050293,1.6462750434875488,-0.004348248243331909,0.005780261009931564,0.0063577741384506226,0.6666057109832764,-0.7453608512878418,-1.4593565620635267,-4.437525272369385,-0.8618021011352539,-1.3034964799880981,-6.143429279327393,1.4845703840255737,1.3034964799880981
1805.7833333333333,3.4792988300323486,1.6462763547897339,-0.004343405365943909,0.00574358319863677,0.00636355159804225,0.6644201278686523,-0.7473101019859314,-1.4534995414424716,-4.457276344299316,-2.2445099353790283,-1.3034964799880981,-6.123648166656494,2.3963351249694824,1.3034964799880981
1805.8,3.4793035984039307,1.646276593208313,-0.004348203539848328,0.005743539426475763,0.006391070783138275,0.6622923612594604,-0.7491961717605591,-1.4478124501889897,-4.476452350616455,-0.8613566160202026,-1.3034964799880981,-6.104727745056152,1.48505699634552,1.3034964799880981
1805.8166666666666,3.47930908203125,1.646277666091919,-0.0043434202671051025,0.0057072751224040985,0.006397198420017958,0.6600954532623291,-0.7511327266693115,-1.4419551246147986,-4.4961981773376465,-2.241567850112915,-1.3034964799880981,-6.084938049316406,2.4025959968566895,1.3034964799880981
1805.8333333333333,3.479313373565674,1.6462777853012085,-0.004348158836364746,0.005705545656383038,0.006422954611480236,0.6579564213752747,-0.7530068755149841,-1.4362668991020229,-4.515368461608887,-0.8609012961387634,-1.3034964799880981,-6.066011428833008,1.4856045246124268,1.3034964799880981
1805.85,3.479318857192993,1.646278738975525,-0.0043434277176856995,0.0056701479479670525,0.006429740227758884,0.6557482481002808,-0.7549310326576233,-1.4304093060164274,-4.535109043121338,-2.2380826473236084,-1.3034964799880981,-6.046217918395996,2.4095330238342285,1.3034964799880981
1805.8666666666666,3.479322910308838,1.6462786197662354,-0.004348136484622955,0.005668670404702425,0.006455988623201847,0.6535981297492981,-0.7567930221557617,-1.424720284712066,-4.554272651672363,-0.86081463098526,-1.3034964799880981,-6.027284622192383,1.4859710931777954,1.3034964799880981
1805.8833333333334,3.4793283939361572,1.6462794542312622,-0.004343405365943909,0.0056319949217140675,0.006461415905505419,0.6513786911964417,-0.7587043642997742,-1.4188621175483598,-4.574007511138916,-2.238116979598999,-1.3034964799880981,-6.007486820220947,2.416321277618408,1.3034964799880981
1805.9,3.479332208633423,1.646278977394104,-0.004348129034042358,0.005631141364574432,0.006488474551588297,0.6492176055908203,-0.7605541944503784,-1.4131724632968172,-4.593163013458252,-0.8605161309242249,-1.3034964799880981,-5.98854398727417,1.4863282442092896,1.3034964799880981
1805.9166666666667,3.479337453842163,1.6462796926498413,-0.004343368113040924,0.005594704765826464,0.006493875291198492,0.6469867825508118,-0.762453019618988,-1.4073132888762834,-4.612894535064697,-2.235610246658325,-1.3034964799880981,-5.968739986419678,2.422999858856201,1.3034964799880981
1805.9333333333334,3.479341983795166,1.6462790966033936,-0.004348099231719971,0.005593462847173214,0.006520720664411783,0.6448149681091309,-0.7642903923988342,-1.4016234084108559,-4.632047176361084,-0.8604124784469604,-1.3034964799880981,-5.949789524078369,1.4867017269134521,1.3034964799880981
1805.95,3.4793479442596436,1.6462793350219727,-0.004343397915363312,0.005557993892580271,0.006527248304337263,0.6425734758377075,-0.766176164150238,-1.3957649549678035,-4.651771068572998,-2.2353875637054443,-1.2491841316223145,-5.929981708526611,2.430187463760376,1.2491841316223145
1805.9666666666667,3.4793524742126465,1.6462785005569458,-0.004348166286945343,0.005557071417570114,0.006553146056830883,0.6404480934143066,-0.7679533958435059,-1.3902235098153153,-4.670356750488281,-0.8219508528709412,-1.1948717832565308,-5.911567687988281,1.4330171346664429,1.1948717832565308
1805.9833333333333,3.4793574810028076,1.6462793350219727,-0.004343666136264801,0.005521564744412899,0.006558933760970831,0.6383436918258667,-0.7697036266326904,-1.3847490503786946,-4.688203811645508,-3.1477715969085693,-1.140559434890747,-5.89337158203125,2.7997629642486572,1.140559434890747
1806.0,3.479360580444336,1.6462767124176025,-0.004347220063209534,0.005516833625733852,0.006582258269190788,0.6364331245422363,-0.7712841033935547,-1.3797899138287408,-4.704817295074463,-0.7108286023139954,-1.0862470865249634,-5.876664638519287,1.332098126411438,1.0862470865249634
1806.0166666666667,3.479365348815918,1.646277666091919,-0.004344582557678223,0.005489739589393139,0.006589533761143684,0.6345244646072388,-0.7728551626205444,-1.3748455417423862,-4.720784664154053,-3.1209285259246826,-1.0862470865249634,-5.860325336456299,2.668304443359375,1.0862470865249634
1806.0333333333333,3.479368209838867,1.646275281906128,-0.004347681999206543,0.0054877642542123795,0.006609675008803606,0.6327625513076782,-0.7742981910705566,-1.3702904096044055,-4.736051082611084,-0.6976401209831238,-0.977622389793396,-5.844882011413574,1.238937497138977,0.977622389793396
1806.05,3.47937273979187,1.646275520324707,-0.0043450891971588135,0.0054611098021268845,0.006615546997636557,0.6310212016105652,-0.7757181525230408,-1.3657965772494098,-4.750556468963623,-2.417534589767456,-0.9233100414276123,-5.830029010772705,2.3935189247131348,0.9233100414276123
1806.0666666666666,3.479374408721924,1.646274447441101,-0.004349157214164734,0.005466660484671593,0.006633255630731583,0.62950199842453,-0.7769513726234436,-1.3618828758967139,-4.763607978820801,-0.6361367106437683,-0.8689976930618286,-5.81689453125,1.0331207513809204,0.8689976930618286
1806.0833333333333,3.479377508163452,1.6462748050689697,-0.004345923662185669,0.005434518679976463,0.006641036830842495,0.6279975175857544,-0.7781679630279541,-1.358013125100328,-4.776111125946045,-2.0233843326568604,-0.8146852850914001,-5.804104328155518,0.9221095442771912,0.8146852850914001
1806.1,3.4793803691864014,1.6462645530700684,-0.004348978400230408,0.005442429333925247,0.006652792915701866,0.6266475915908813,-0.7792553305625916,-1.3545460187367162,-4.787417888641357,-0.6628091931343079,-0.7603729367256165,-5.79228401184082,0.7281320095062256,0.7603729367256165
1806.1166666666666,3.4793829917907715,1.6462631225585938,-0.004346571862697601,0.005414782091975212,0.006662000901997089,0.6253583431243896,-0.7802904844284058,-1.3512393836119827,-4.79806661605835,-1.6024670600891113,-0.7603729367256165,-5.781309127807617,0.16691216826438904,0.7603729367256165
1806.1333333333334,3.4793851375579834,1.6462563276290894,-0.0043464526534080505,0.005408335477113724,0.006664854008704424,0.624127209186554,-0.7812756299972534,-1.348085665472857,-4.808102130889893,-1.4629446268081665,-0.6517482399940491,-5.770709037780762,0.7800082564353943,0.6517482399940491
1806.15,3.4793875217437744,1.6462496519088745,-0.004349216818809509,0.0054093338549137115,0.006680446211248636,0.6230261921882629,-0.7821537852287292,-1.345268859430129,-4.817048072814941,-0.9162766337394714,-0.5974358916282654,-5.761233806610107,0.7037334442138672,0.5974358916282654
1806.1666666666667,3.4793894290924072,1.6462455987930298,-0.004348151385784149,0.0053945379331707954,0.006686046253889799,0.6220461130142212,-0.7829333543777466,-1.3427639649038188,-4.825046062469482,-1.0347603559494019,-0.5431235432624817,-5.75285005569458,0.23583512008190155,0.5431235432624817
1806.1833333333334,3.4793930053710938,1.646235704421997,-0.004348337650299072,0.005384265445172787,0.006698019802570343,0.6211802959442139,-0.7836204767227173,-1.3405533614305944,-4.832425117492676,-0.18853412568569183,-0.488811194896698,-5.745293140411377,0.7513415813446045,0.488811194896698
1806.2,3.479396343231201,1.6462335586547852,-0.0043485090136528015,0.005380875431001186,0.006700442638248205,0.6204593181610107,-0.7841916084289551,-1.3387138860816448,-4.838675022125244,-0.2167789340019226,-0.4344988465309143,-5.738597869873047,0.8070637583732605,0.4344988465309143
1806.2166666666667,3.4793972969055176,1.6462355852127075,-0.004350632429122925,0.005381321534514427,0.006711552385240793,0.6198168992996216,-0.7846992015838623,-1.3370760566256132,-4.843990802764893,-0.8658190965652466,-0.4344988465309143,-5.733270645141602,0.6033806800842285,0.4344988465309143
1806.2333333333333,3.4793989658355713,1.6462284326553345,-0.004350028932094574,0.005370098631829023,0.00671714823693037,0.6192121505737305,-0.7851765155792236,-1.3355352310529809,-4.848753929138184,-0.8090213537216187,-0.32587411999702454,-5.728574275970459,0.4872482419013977,0.32587411999702454
1806.25,3.479400157928467,1.646224856376648,-0.004346951842308044,0.005356095731258392,0.006709937006235123,0.6187031865119934,-0.7855778932571411,-1.3342389839985613,-4.852802753448486,-0.6062089204788208,-0.27156177163124084,-5.724185466766357,0.15006402134895325,0.27156177163124084
1806.2666666666667,3.4794015884399414,1.6462206840515137,-0.004351288080215454,0.005366871133446693,0.006726064253598452,0.6183260679244995,-0.785874605178833,-1.3332792921773757,-4.855784893035889,-0.3415784537792206,-0.21724940836429596,-5.720920085906982,0.43974173069000244,0.21724940836429596
1806.2833333333333,3.4794023036956787,1.6462180614471436,-0.004351258277893066,0.005363358650356531,0.006729709915816784,0.6180799007415771,-0.7860680818557739,-1.3326528983290942,-4.857735633850098,0.11278315633535385,-0.16293705999851227,-5.718747138977051,-0.19751696288585663,0.16293705999851227
1806.3,3.479402542114258,1.6462150812149048,-0.004351630806922913,0.005364794284105301,0.006729647517204285,0.617913007736206,-0.7861993312835693,-1.3322282839148734,-4.8590312004089355,-0.3271923065185547,-0.10862470418214798,-5.717281818389893,0.3030100464820862,0.10862470418214798
1806.3166666666666,3.479403495788574,1.646212100982666,-0.004353374242782593,0.005365461111068726,0.0067391288466751575,0.6178553700447083,-0.7862445116043091,-1.3320818416178262,-4.859439849853516,0.18151643872261047,-0.10862470418214798,-5.716679096221924,0.14511314034461975,0.10862470418214798
1806.3333333333333,3.4794020652770996,1.6462137699127197,-0.004356719553470612,0.005388231948018074,0.006753508932888508,0.6178059577941895,-0.786283016204834,-1.3319563170799316,-4.859922885894775,0.2164943814277649,0.0,-5.716348171234131,0.1748417466878891,0.0
1806.35,3.479403257369995,1.6462111473083496,-0.004347667098045349,0.005360064562410116,0.006712442263960838,0.6178067922592163,-0.786283016204834,-1.331957750901023,-4.8597822189331055,-0.018170883879065514,0.0,-5.716246604919434,-0.07028404623270035,0.0
1806.3666666666666,3.4793992042541504,1.6462295055389404,-0.004359602928161621,0.005498800426721573,0.0068977149203419685,0.6178227066993713,-0.7862679362297058,-1.3320014597851844,-4.8602190017700195,0.01281170267611742,0.0,-5.716963768005371,-0.002967600245028734,0.0
1806.3833333333334,3.479398012161255,1.6462312936782837,-0.004335716366767883,0.005338490009307861,0.00667460635304451,0.6178202033042908,-0.7862729430198669,-1.3319911816089138,-4.860241413116455,0.06556142121553421,0.0,-5.716914176940918,-0.06856025010347366,0.0
1806.4,3.479395866394043,1.6462429761886597,-0.004363790154457092,0.00546710379421711,0.006861375644803047,0.6178435683250427,-0.7862520217895508,-1.3320538948253726,-4.8604302406311035,0.00977297406643629,0.0,-5.717519760131836,0.004984715953469276,0.0
1806.4166666666667,3.4793946743011475,1.6462446451187134,-0.004334703087806702,0.005336822010576725,0.006672092713415623,0.6178416013717651,-0.7862560749053955,-1.33204554591788,-4.860456943511963,0.06564367562532425,0.0,-5.717471599578857,-0.045953795313835144,0.0
1806.4333333333334,3.479393243789673,1.6462541818618774,-0.004364326596260071,0.005462207831442356,0.006853543221950531,0.6178585886955261,-0.7862403392791748,-1.3320919682308965,-4.860630512237549,0.011423791758716106,0.0,-5.717972755432129,0.012635774910449982,0.0
1806.45,3.4793925285339355,1.6462557315826416,-0.004334613680839539,0.005337153561413288,0.006671844515949488,0.6178566813468933,-0.7862441539764404,-1.3320838803941526,-4.860648155212402,0.06076020747423172,0.0,-5.717922687530518,-0.04043431952595711,0.0
1806.4666666666667,3.4793903827667236,1.6462652683258057,-0.004360988736152649,0.0054262299090623856,0.006806704215705395,0.6178712844848633,-0.7862310409545898,-1.3321234573725915,-4.860840797424316,0.012644846923649311,0.0,-5.718394756317139,0.017124559730291367,0.0
1806.4833333333333,3.4793901443481445,1.6462665796279907,-0.004336521029472351,0.005341023206710815,0.0066765048541128635,0.6178696751594543,-0.7862339615821838,-1.332117038292407,-4.860851287841797,0.05852431431412697,0.0,-5.718344688415527,-0.038929153233766556,0.0
1806.5,3.4793875217437744,1.6462756395339966,-0.004363581538200378,0.00546239921823144,0.006852773949503899,0.6178833842277527,-0.786220908164978,-1.3321550444173773,-4.861055374145508,0.011860629543662071,0.0,-5.718798637390137,0.016269005835056305,0.0
1806.5166666666667,3.479387044906616,1.6462773084640503,-0.004334710538387299,0.00533679872751236,0.006672749295830727,0.6178828477859497,-0.7862237691879272,-1.3321505211296338,-4.86106538772583,0.05777600035071373,0.0,-5.718755722045898,-0.0380810871720314,0.0
1806.5333333333333,3.4793851375579834,1.646286129951477,-0.004364192485809326,0.005461519584059715,0.006851792335510254,0.6178955435752869,-0.7862112522125244,-1.3321859281610315,-4.861258506774902,0.01206832006573677,0.0,-5.719208717346191,0.019307680428028107,0.0
1806.55,3.479384422302246,1.6462876796722412,-0.004334636032581329,0.005337396636605263,0.006672275252640247,0.6178948283195496,-0.7862143516540527,-1.3321809860967517,-4.861265182495117,0.05652875825762749,0.0,-5.7191643714904785,-0.03697197511792183,0.0
1806.5666666666666,3.4793829917907715,1.6462972164154053,-0.004360899329185486,0.005426380783319473,0.006806910037994385,0.6179070472717285,-0.7862030267715454,-1.3322144698692429,-4.86146879196167,0.012639187276363373,0.0,-5.719606399536133,0.02103060483932495,0.0
1806.5833333333333,3.479382038116455,1.6462982892990112,-0.0043364763259887695,0.005341617856174707,0.006677054800093174,0.6179043650627136,-0.786206841468811,-1.3322053421185762,-4.861490249633789,0.055974043905735016,0.0,-5.719544887542725,-0.0369034968316555,0.0
1806.6,3.4793808460235596,1.6463072299957275,-0.004363581538200378,0.0054624336771667,0.006852364167571068,0.6179158091545105,-0.7861953973770142,-1.3322375171472538,-4.861700057983398,0.011559586971998215,0.0,-5.719980239868164,0.021634653210639954,0.0
1806.6166666666666,3.479379415512085,1.6463086605072021,-0.00433475524187088,0.005337356589734554,0.006671765353530645,0.6179125905036926,-0.7862004041671753,-1.3322261656646892,-4.861724853515625,0.05523756518959999,0.0,-5.7199177742004395,-0.03636010363698006,0.0
1806.6333333333334,3.479377269744873,1.6463176012039185,-0.004364214837551117,0.005462525878101587,0.006851934362202883,0.6179232001304626,-0.7861895561218262,-1.332256300496475,-4.861934661865234,0.011332105845212936,0.0,-5.720344543457031,0.022424399852752686,0.0
1806.65,3.479377269744873,1.6463189125061035,-0.004334665834903717,0.005337389651685953,0.00667171087116003,0.6179230809211731,-0.7861921787261963,-1.3322528584659583,-4.861935615539551,0.05260469764471054,0.0,-5.720315933227539,-0.03400909900665283,0.0
1806.6666666666667,3.4793753623962402,1.6463278532028198,-0.004364080727100372,0.005462911911308765,0.006852259393781424,0.6179328560829163,-0.7861820459365845,-1.3322808961340307,-4.862159252166748,0.011318882927298546,0.0,-5.720718860626221,0.02423689141869545,0.0
1806.6833333333334,3.479374647140503,1.6463295221328735,-0.004334650933742523,0.005337121896445751,0.006670971401035786,0.6179313063621521,-0.7861856818199158,-1.3322737590579832,-4.862163066864014,0.052284788340330124,0.0,-5.720676422119141,-0.03414948657155037,0.0
1806.7,3.479372501373291,1.6463377475738525,-0.004364266991615295,0.005462889559566975,0.0068511939607560635,0.6179398894309998,-0.786176323890686,-1.3322987078283945,-4.862385272979736,0.011147258803248405,0.0,-5.721078395843506,0.024639207869768143,0.0
1806.7166666666667,3.479372262954712,1.6463392972946167,-0.004334583878517151,0.005337569862604141,0.006672117859125137,0.6179388165473938,-0.786179780960083,-1.3322928919396924,-4.862390995025635,0.05226828530430794,0.0,-5.7210259437561035,-0.03448116406798363,0.0
1806.7333333333333,3.479369640350342,1.646348476409912,-0.004360884428024292,0.005426587536931038,0.006805361248552799,0.6179482936859131,-0.7861704230308533,-1.3323193139443064,-4.862610340118408,0.011766011826694012,0.0,-5.721435546875,0.026830416172742844,0.0
1806.75,3.4793701171875,1.6463496685028076,-0.004336550831794739,0.005341746844351292,0.0066771963611245155,0.6179484128952026,-0.786172091960907,-1.3323173695502302,-4.862604141235352,0.050937116146087646,0.09324009716510773,-5.721412181854248,-0.03278685733675957,0.09324009716510773
1806.7666666666667,3.4793710708618164,1.6463475227355957,-0.004361845552921295,0.0054721045307815075,0.0068633947521448135,0.6179515719413757,-0.7861670851707458,-1.3323286776000487,-4.862525939941406,-0.12425445020198822,0.18648019433021545,-5.721409797668457,-0.07673149555921555,0.18648019433021545
1806.7833333333333,3.4793782234191895,1.6463172435760498,-0.004338793456554413,0.005348803475499153,0.0066827102564275265,0.6179407238960266,-0.7861782312393188,-1.3322979424942065,-4.861749649047852,0.25581786036491394,0.279720276594162,-5.720423221588135,0.3110761344432831,0.279720276594162
1806.8,3.479395627975464,1.6462435722351074,-0.0043551623821258545,0.005373398307710886,0.006750150118023157,0.6179282069206238,-0.7861871719360352,-1.332267347476442,-4.859738826751709,0.4271867275238037,0.3729603886604309,-5.718228340148926,0.4640766680240631,0.3729603886604309
1806.8166666666666,3.4794301986694336,1.646102786064148,-0.004344426095485687,0.005351873114705086,0.006708396598696709,0.6179253458976746,-0.7861897945404053,-1.332259259985033,-4.855727672576904,0.5645659565925598,0.3729603886604309,-5.714150428771973,0.5865455865859985,0.3729603886604309
1806.8333333333333,3.479468822479248,1.6459393501281738,-0.004349075257778168,0.005362991243600845,0.006718950346112251,0.6179233193397522,-0.7861914038658142,-1.3322543224701153,-4.851054668426514,0.5898147225379944,0.559440553188324,-5.70944356918335,0.6046247482299805,0.559440553188324
1806.85,3.4795243740081787,1.6457116603851318,-0.004354394972324371,0.005379722453653812,0.006746998988091946,0.6179229021072388,-0.7861913442611694,-1.3322537574765403,-4.844483375549316,0.6985369920730591,0.6526806354522705,-5.7028679847717285,0.7141218185424805,0.6526806354522705
1806.8666666666666,3.4795982837677,1.6454085111618042,-0.004343785345554352,0.005352034233510494,0.006706300191581249,0.6179227828979492,-0.7861919403076172,-1.332252727945007,-4.835755825042725,0.848490834236145,0.7459207773208618,-5.6941304206848145,0.8636391758918762,0.7459207773208618
1806.8833333333334,3.4796855449676514,1.645052194595337,-0.0043519362807273865,0.005368059501051903,0.006733519025146961,0.6179217100143433,-0.7861924171447754,-1.3322504825764951,-4.825518608093262,0.936080276966095,0.8391608595848083,-5.683882713317871,0.9503148794174194,0.8391608595848083
1806.9,3.4797847270965576,1.6446423530578613,-0.004350237548351288,0.005366429686546326,0.006726762745529413,0.6179208755493164,-0.7861932516098022,-1.3322482573480292,-4.813712120056152,1.037394404411316,0.9324009418487549,-5.67206335067749,1.050537109375,0.9324009418487549
1806.9166666666667,3.47989821434021,1.6441768407821655,-0.004350453615188599,0.0053661884739995,0.006725871004164219,0.6179282069206238,-0.7861875295639038,-1.3322669005575625,-4.800281047821045,1.1356046199798584,0.9324009418487549,-5.658703327178955,1.1430608034133911,0.9324009418487549
1806.9333333333334,3.4800164699554443,1.6436880826950073,-0.004346951842308044,0.005358025431632996,0.006712300702929497,0.6179276704788208,-0.786188006401062,-1.3322652577798209,-4.786215782165527,1.1631773710250854,1.118881106376648,-5.644663333892822,1.1699103116989136,1.118881106376648
1806.95,3.480151414871216,1.6431348323822021,-0.0043545737862586975,0.005379948765039444,0.0067469277419149876,0.6179290413856506,-0.7861864566802979,-1.3322693558695773,-4.770266056060791,1.2697349786758423,1.2121212482452393,-5.628746032714844,1.2741546630859375,1.2121212482452393
1806.9666666666667,3.4803030490875244,1.6425080299377441,-0.004343703389167786,0.0053520044311881065,0.006704841274768114,0.6179312467575073,-0.7861852049827576,-1.3322742024421121,-4.752193927764893,1.416593074798584,1.305361270904541,-5.610707759857178,1.4219979047775269,1.305361270904541
1806.9833333333333,3.48046875,1.6418274641036987,-0.004351697862148285,0.0053662145510315895,0.006731639616191387,0.6179341077804565,-0.7861827611923218,-1.3322820111468183,-4.732614040374756,1.5039221048355103,1.3986014127731323,-5.591179370880127,1.5065138339996338,1.3986014127731323
1807.0,3.480646848678589,1.6410932540893555,-0.004349514842033386,0.005362192168831825,0.0067258006893098354,0.6179380416870117,-0.7861796021461487,-1.3322918748179389,-4.711446285247803,1.6032042503356934,1.3986014127731323,-5.570076942443848,1.6061055660247803,1.3986014127731323
1807.0166666666667,3.4808318614959717,1.6403356790542603,-0.004346147179603577,0.005353140644729137,0.006710947956889868,0.6179418563842773,-0.7861769199371338,-1.3323013507034467,-4.689580917358398,1.6306612491607666,1.3986014127731323,-5.54827356338501,1.635416865348816,1.3986014127731323
1807.0333333333333,3.4810171127319336,1.6395734548568726,-0.004347287118434906,0.00535586616024375,0.006714251823723316,0.6179449558258057,-0.7861744165420532,-1.332309285727366,-4.667656898498535,1.6313836574554443,1.3986014127731323,-5.526402950286865,1.6341286897659302,1.3986014127731323
1807.05,3.481201410293579,1.6388128995895386,-0.004346899688243866,0.005354843568056822,0.006713594309985638,0.6179484724998474,-0.786171555519104,-1.3323181921651288,-4.645727157592773,1.630930781364441,1.3986014127731323,-5.504536151885986,1.6344192028045654,1.3986014127731323
1807.0666666666666,3.481386423110962,1.6380529403686523,-0.004347115755081177,0.005355514585971832,0.00671399524435401,0.6179521083831787,-0.7861687541007996,-1.3323274662686466,-4.62379264831543,1.6301552057266235,1.3986014127731323,-5.4826579093933105,1.635840654373169,1.3986014127731323
1807.0833333333333,3.481572151184082,1.6372915506362915,-0.004346974194049835,0.005355214700102806,0.006713843904435635,0.6179549694061279,-0.7861665487289429,-1.3323347552908267,-4.601890563964844,1.631818175315857,1.3986014127731323,-5.4608025550842285,1.6348040103912354,1.3986014127731323
1807.1,3.4817562103271484,1.6365303993225098,-0.004347324371337891,0.005356877110898495,0.006713350769132376,0.6179583072662354,-0.786163866519928,-1.3323432134333972,-4.579956531524658,1.631937026977539,1.3986014127731323,-5.438924789428711,1.6349798440933228,1.3986014127731323
1807.1166666666666,3.4819416999816895,1.6357706785202026,-0.004347033798694611,0.005356381647288799,0.006712779868394136,0.6179617643356323,-0.7861613035202026,-1.3323520420785844,-4.558030128479004,1.6306298971176147,1.3986014127731323,-5.417055606842041,1.6366995573043823,1.3986014127731323
1807.1333333333334,3.482126474380493,1.6350089311599731,-0.004346966743469238,0.0053558023646473885,0.006714357063174248,0.617964506149292,-0.7861591577529907,-1.3323590595615555,-4.536121845245361,1.6318774223327637,1.3986014127731323,-5.395196437835693,1.634904384613037,1.3986014127731323
1807.15,3.482311964035034,1.6342482566833496,-0.004347130656242371,0.005355635657906532,0.0067133232951164246,0.6179686784744263,-0.7861558198928833,-1.33236963400416,-4.514186859130859,1.6313533782958984,1.3986014127731323,-5.373322010040283,1.6350092887878418,1.3986014127731323
1807.1666666666667,3.4824962615966797,1.6334881782531738,-0.004346966743469238,0.005355200730264187,0.006713611073791981,0.6179715394973755,-0.7861534953117371,-1.3323768991492333,-4.492255210876465,1.6302212476730347,1.3986014127731323,-5.351442337036133,1.635409951210022,1.3986014127731323
1807.1833333333334,3.4826815128326416,1.6327265501022339,-0.00434701144695282,0.005355511792004108,0.0067138043232262135,0.617974579334259,-0.7861511707305908,-1.332384655704231,-4.470348358154297,1.631789207458496,1.3986014127731323,-5.329586982727051,1.6346824169158936,1.3986014127731323
1807.2,3.4828662872314453,1.6319656372070312,-0.004347063601016998,0.00535504799336195,0.006712425500154495,0.6179785132408142,-0.7861480712890625,-1.3323946313878225,-4.448415756225586,1.631069540977478,1.3986014127731323,-5.307712554931641,1.6347482204437256,1.3986014127731323
1807.2166666666667,3.483050584793091,1.6312059164047241,-0.00434710830450058,0.005355780944228172,0.0067138345912098885,0.6179813742637634,-0.7861459255218506,-1.33240197154274,-4.426482677459717,1.6295994520187378,1.3986014127731323,-5.28583288192749,1.6350600719451904,1.3986014127731323
1807.2333333333333,3.4832355976104736,1.6304441690444946,-0.004346974194049835,0.005355484783649445,0.006713674869388342,0.6179841756820679,-0.7861435413360596,-1.3324090430920326,-4.4045796394348145,1.63182532787323,1.3986014127731323,-5.263979911804199,1.6347343921661377,1.3986014127731323
1807.25,3.483419895172119,1.629683494567871,-0.004347376525402069,0.005356830079108477,0.006712786387652159,0.617987871170044,-0.7861406803131104,-1.3324184330006634,-4.382644176483154,1.6317062377929688,1.3986014127731323,-5.2421040534973145,1.6352046728134155,1.3986014127731323
1807.2666666666667,3.483605146408081,1.6289238929748535,-0.004346884787082672,0.005355724133551121,0.006712268106639385,0.6179913878440857,-0.7861378788948059,-1.332427360866908,-4.360719203948975,1.6308259963989258,1.3986014127731323,-5.220237731933594,1.636109709739685,1.3986014127731323
1807.2833333333333,3.483790159225464,1.6281620264053345,-0.00434701144695282,0.005355635657906532,0.006713632494211197,0.6179944276809692,-0.7861354947090149,-1.3324351290781487,-4.338809490203857,1.6318912506103516,1.3986014127731323,-5.198378086090088,1.634758472442627,1.3986014127731323
1807.3,3.4839749336242676,1.6274014711380005,-0.0043471381068229675,0.005355919245630503,0.006713031325489283,0.6179978847503662,-0.7861328721046448,-1.332443937519247,-4.316874027252197,1.6309818029403687,1.3986014127731323,-5.176504611968994,1.6347990036010742,1.3986014127731323
1807.3166666666666,3.4841599464416504,1.6266416311264038,-0.004347018897533417,0.005356125067919493,0.006713795475661755,0.6180011630058289,-0.7861303091049194,-1.3324522998357031,-4.294943809509277,1.6303296089172363,1.3986014127731323,-5.154626369476318,1.6356645822525024,1.3986014127731323
1807.3333333333333,3.484344959259033,1.6258801221847534,-0.004347063601016998,0.005355882458388805,0.006713477894663811,0.6180040836334229,-0.786128044128418,-1.3324597331243542,-4.273038864135742,1.6316111087799072,1.3986014127731323,-5.132770538330078,1.634556770324707,1.3986014127731323
1807.35,3.484529495239258,1.6251195669174194,-0.004347294569015503,0.005358941853046417,0.006713410373777151,0.6180078387260437,-0.7861249446868896,-1.332469232923328,-4.251107215881348,1.6320929527282715,1.3986014127731323,-5.110900402069092,1.6358466148376465,1.3986014127731323
1807.3666666666666,3.4847147464752197,1.6243594884872437,-0.004346892237663269,0.005354901775717735,0.006712389178574085,0.6180112957954407,-0.7861223220825195,-1.3324780453152867,-4.229177474975586,1.6309081315994263,1.3986014127731323,-5.089025497436523,1.6363359689712524,1.3986014127731323
1807.3833333333334,3.4848995208740234,1.6235979795455933,-0.004347018897533417,0.005355109926313162,0.00671245576813817,0.6180142164230347,-0.7861200571060181,-1.3324854863217581,-4.207268714904785,1.6318674087524414,1.3986014127731323,-5.067167282104492,1.6347885131835938,1.3986014127731323
1807.4,3.4850845336914062,1.6228370666503906,-0.0043471455574035645,0.005355751141905785,0.006712443195283413,0.6180179119110107,-0.7861170768737793,-1.3324948646643435,-4.185335159301758,1.6311241388320923,1.3986014127731323,-5.045293807983398,1.6353994607925415,1.3986014127731323
1807.4166666666667,3.48526930809021,1.6220769882202148,-0.004347003996372223,0.005354877561330795,0.006712108850479126,0.6180210113525391,-0.7861146926879883,-1.332502760911526,-4.163405895233154,1.6303330659866333,1.3986014127731323,-5.023414611816406,1.6357883214950562,1.3986014127731323
1807.4333333333334,3.4854540824890137,1.6213154792785645,-0.004347033798694611,0.0053561534732580185,0.006713791750371456,0.6180238127708435,-0.7861124873161316,-1.3325099234508684,-4.141499996185303,1.6316850185394287,1.3986014127731323,-5.001558303833008,1.6346237659454346,1.3986014127731323
1807.45,3.4856390953063965,1.6205549240112305,-0.004347003996372223,0.0053556677885353565,0.006712928414344788,0.6180276870727539,-0.7861093282699585,-1.332519729238255,-4.119567394256592,1.6312400102615356,1.3986014127731323,-4.979686737060547,1.634793758392334,1.3986014127731323
1807.4666666666667,3.485823154449463,1.6197949647903442,-0.004347003996372223,0.005356929264962673,0.006712818518280983,0.6180309057235718,-0.7861068844795227,-1.3325279373696857,-4.0976386070251465,1.6307814121246338,1.3986014127731323,-4.957813739776611,1.636348009109497,1.3986014127731323
1807.4833333333333,3.4860081672668457,1.6190330982208252,-0.004346951842308044,0.005355683155357838,0.006712988018989563,0.6180338263511658,-0.7861046195030212,-1.3325353855895237,-4.075729846954346,1.6320037841796875,1.3986014127731323,-4.935953617095947,1.6349425315856934,1.3986014127731323
1807.5,3.4861927032470703,1.6182724237442017,-0.004347003996372223,0.005356489215046167,0.0067141116596758366,0.6180372834205627,-0.7861018776893616,-1.3325441986660405,-4.0537943840026855,1.6306735277175903,1.3986014127731323,-4.914078712463379,1.634209156036377,1.3986014127731323
1807.5166666666667,3.486377239227295,1.6175121068954468,-0.004347115755081177,0.005357595160603523,0.00671205623075366,0.6180408000946045,-0.7860990762710571,-1.332553083841426,-4.031865119934082,1.6313194036483765,1.3986014127731323,-4.892206192016602,1.636427640914917,1.3986014127731323
1807.5333333333333,3.486562490463257,1.616750717163086,-0.004346899688243866,0.005355299450457096,0.006712384056299925,0.618043839931488,-0.7860966920852661,-1.3325608350885527,-4.009958744049072,1.6320726871490479,1.3986014127731323,-4.870349884033203,1.6350120306015015,1.3986014127731323
1807.55,3.4867470264434814,1.6159898042678833,-0.004346989095211029,0.005355600733309984,0.006713231559842825,0.6180475354194641,-0.7860939502716064,-1.332570304685733,-3.988025665283203,1.6304984092712402,1.3986014127731323,-4.84847354888916,1.633811354637146,1.3986014127731323
1807.5666666666666,3.486931085586548,1.615229606628418,-0.004346966743469238,0.005356824956834316,0.006712303031235933,0.6180506348609924,-0.7860913872718811,-1.3325781283990061,-3.966097593307495,1.6310756206512451,1.3986014127731323,-4.826600551605225,1.6354646682739258,1.3986014127731323
1807.5833333333333,3.4871158599853516,1.6144678592681885,-0.004346989095211029,0.005356050096452236,0.006713166832923889,0.6180538535118103,-0.7860888838768005,-1.3325863487703309,-3.9441871643066406,1.6319676637649536,1.3986014127731323,-4.804744243621826,1.6347508430480957,1.3986014127731323
1807.6,3.4873011112213135,1.613707184791565,-0.004346713423728943,0.005353965796530247,0.006712776608765125,0.6180576682090759,-0.786085844039917,-1.3325960405912876,-3.922255039215088,1.630113959312439,1.3986014127731323,-4.782875061035156,1.6342265605926514,1.3986014127731323
1807.6166666666666,3.4874846935272217,1.6129469871520996,-0.004347100853919983,0.005357367917895317,0.006712235976010561,0.6180605888366699,-0.7860835790634155,-1.332603457590791,-3.900324821472168,1.6305078268051147,1.3986014127731323,-4.760993003845215,1.6356078386306763,1.3986014127731323
1807.6333333333334,3.487670421600342,1.6121852397918701,-0.0043469443917274475,0.005356624722480774,0.00671364925801754,0.6180635094642639,-0.7860812544822693,-1.332610916415019,-3.878418207168579,1.631905436515808,1.3986014127731323,-4.739137649536133,1.6348097324371338,1.3986014127731323
1807.65,3.4878549575805664,1.6114245653152466,-0.004346862435340881,0.0053555285558104515,0.006713108625262976,0.6180671453475952,-0.7860783338546753,-1.332620140452954,-3.8564863204956055,1.6307052373886108,1.3986014127731323,-4.7172627449035645,1.63385009765625,1.3986014127731323
1807.6666666666667,3.4880383014678955,1.6106644868850708,-0.004347078502178192,0.00535732414573431,0.006712065543979406,0.6180704832077026,-0.7860758304595947,-1.3326286385693378,-3.8345565795898438,1.630940318107605,1.3986014127731323,-4.695385932922363,1.6353892087936401,1.3986014127731323
1807.6833333333334,3.488222599029541,1.6099029779434204,-0.004346974194049835,0.005356342997401953,0.0067131961695849895,0.6180736422538757,-0.7860733270645142,-1.3326367007495112,-3.812648057937622,1.6319594383239746,1.3986014127731323,-4.6735310554504395,1.6347886323928833,1.3986014127731323
1807.7,3.488408088684082,1.6091421842575073,-0.004347115755081177,0.005357244051992893,0.006711314897984266,0.6180776357650757,-0.7860701084136963,-1.3326467920578489,-3.790717124938965,1.6317198276519775,1.3986014127731323,-4.651662826538086,1.6359243392944336,1.3986014127731323
1807.7166666666667,3.4885919094085693,1.6083821058273315,-0.004346966743469238,0.00535565335303545,0.006711857859045267,0.6180805563926697,-0.7860678434371948,-1.332654250591954,-3.7687838077545166,1.6306557655334473,1.3986014127731323,-4.6297783851623535,1.6354968547821045,1.3986014127731323
1807.7333333333333,3.488776206970215,1.6076202392578125,-0.004347085952758789,0.00535627081990242,0.006712206639349461,0.618083655834198,-0.7860654592514038,-1.332662158815725,-3.746875524520874,1.631552815437317,1.3986014127731323,-4.607922077178955,1.6344106197357178,1.3986014127731323
1807.75,3.488961696624756,1.606859803199768,-0.004346735775470734,0.005353877320885658,0.006711963564157486,0.6180877685546875,-0.7860621809959412,-1.3326726125769888,-3.724944591522217,1.6301623582839966,1.3986014127731323,-4.586053371429443,1.634118914604187,1.3986014127731323
1807.7666666666667,3.4891459941864014,1.606099247932434,-0.004347085952758789,0.005356318317353725,0.006712779402732849,0.6180904507637024,-0.7860601544380188,-1.3326794730640208,-3.7030105590820312,1.6297180652618408,1.3986014127731323,-4.564167499542236,1.6350475549697876,1.3986014127731323
1807.7833333333333,3.489330291748047,1.6053377389907837,-0.004346996545791626,0.005356349516659975,0.006712609436362982,0.6180932521820068,-0.7860578894615173,-1.3326865791097025,-3.6811065673828125,1.631781816482544,1.3986014127731323,-4.542314529418945,1.6346932649612427,1.3986014127731323
1807.8,3.4895153045654297,1.604576826095581,-0.004346698522567749,0.005354369059205055,0.006712591275572777,0.6180970072746277,-0.7860549092292786,-1.3326961318927812,-3.659175157546997,1.6301289796829224,1.3986014127731323,-4.52044677734375,1.6341384649276733,1.3986014127731323
1807.8166666666666,3.4896998405456543,1.6038167476654053,-0.004347316920757294,0.005357697140425444,0.00671344343572855,0.6181004047393799,-0.7860522270202637,-1.3327047833232581,-3.637237548828125,1.6297235488891602,1.3986014127731323,-4.498559474945068,1.6349595785140991,1.3986014127731323
1807.8333333333333,3.4898841381073,1.603055477142334,-0.004346884787082672,0.005357187241315842,0.006711869966238737,0.6181035041809082,-0.7860499024391174,-1.3327126673828398,-3.6153411865234375,1.6322109699249268,1.3986014127731323,-4.476711750030518,1.6352436542510986,1.3986014127731323
1807.85,3.490069627761841,1.6022943258285522,-0.004347100853919983,0.005356758367270231,0.006712228525429964,0.618107259273529,-0.7860468626022339,-1.3327222068719289,-3.593402624130249,1.6312363147735596,1.3986014127731323,-4.454835891723633,1.6354190111160278,1.3986014127731323
1807.8666666666666,3.490253448486328,1.6015342473983765,-0.0043472424149513245,0.005357588641345501,0.0067123533226549625,0.6181102395057678,-0.7860444784164429,-1.3327297787315662,-3.571470260620117,1.6303975582122803,1.3986014127731323,-4.432951927185059,1.6353169679641724,1.3986014127731323
1807.8833333333334,3.4904379844665527,1.6007728576660156,-0.004346884787082672,0.005357180722057819,0.006711442489176989,0.6181133389472961,-0.7860420942306519,-1.3327376608026649,-3.549571990966797,1.632240891456604,1.3986014127731323,-4.411104679107666,1.6352511644363403,1.3986014127731323
1807.9,3.4906225204467773,1.600012183189392,-0.004347085952758789,0.005356437060981989,0.006712050177156925,0.6181170344352722,-0.7860392332077026,-1.3327470940774178,-3.5276334285736084,1.6304579973220825,1.3986014127731323,-4.389226913452148,1.6345405578613281,1.3986014127731323
1807.9166666666667,3.490807294845581,1.5992515087127686,-0.004347153007984161,0.005357543937861919,0.006712626665830612,0.618120014667511,-0.7860367298126221,-1.332754641044651,-3.5057027339935303,1.63080894947052,1.3986014127731323,-4.367349624633789,1.6361758708953857,1.3986014127731323
1807.9333333333334,3.4909920692443848,1.598489761352539,-0.004346959292888641,0.005357041954994202,0.006713005714118481,0.6181229948997498,-0.7860345840454102,-1.332762292746409,-3.4837987422943115,1.6318707466125488,1.3986014127731323,-4.345494270324707,1.6348568201065063,1.3986014127731323
1807.95,3.4911766052246094,1.5977293252944946,-0.004346981644630432,0.00535607198253274,0.006712295580655336,0.618126630783081,-0.7860316038131714,-1.332771495699463,-3.4618632793426514,1.6302074193954468,1.3986014127731323,-4.3236212730407715,1.634021520614624,1.3986014127731323
1807.9666666666667,3.491361618041992,1.5969693660736084,-0.00434672087430954,0.005354905501008034,0.006712501868605614,0.6181299090385437,-0.7860289812088013,-1.3327798331602596,-3.4399330615997314,1.6298331022262573,1.3986014127731323,-4.301745414733887,1.6344668865203857,1.3986014127731323
1807.9833333333333,3.491546630859375,1.5962073802947998,-0.004347100853919983,0.005357225891202688,0.0067128464579582214,0.6181331872940063,-0.7860264778137207,-1.3327881976284692,-3.4180235862731934,1.6316732168197632,1.3986014127731323,-4.2798871994018555,1.6343910694122314,1.3986014127731323
1808.0,3.4917304515838623,1.595447063446045,-0.004347026348114014,0.0053563895635306835,0.006711479276418686,0.6181366443634033,-0.786023736000061,-1.3327969582847272,-3.3960912227630615,1.6306253671646118,1.3986014127731323,-4.258014678955078,1.6339442729949951,1.3986014127731323
1808.0166666666667,3.491915225982666,1.59468674659729,-0.0043469443917274475,0.005355766974389553,0.006711661349982023,0.6181397438049316,-0.7860212326049805,-1.3328048322958885,-3.3741610050201416,1.6303457021713257,1.3986014127731323,-4.236140251159668,1.6360183954238892,1.3986014127731323
1808.0333333333333,3.4920992851257324,1.5939249992370605,-0.0043469443917274475,0.005356920883059502,0.006710465531796217,0.6181427836418152,-0.7860188484191895,-1.3328125376563023,-3.3522584438323975,1.6321654319763184,1.3986014127731323,-4.214285850524902,1.6352152824401855,1.3986014127731323
1808.05,3.4922847747802734,1.5931645631790161,-0.004347018897533417,0.005356381181627512,0.006712161470204592,0.6181463599205017,-0.786016047000885,-1.3328216829701978,-3.330317974090576,1.6300725936889648,1.3986014127731323,-4.192411422729492,1.6344050168991089,1.3986014127731323
1808.0666666666666,3.4924681186676025,1.5924042463302612,-0.004347063601016998,0.0053573413752019405,0.006712171249091625,0.61814945936203,-0.7860136032104492,-1.3328295653813265,-3.308389663696289,1.6311503648757935,1.3986014127731323,-4.170531272888184,1.635094165802002,1.3986014127731323
1808.0833333333333,3.492652654647827,1.5916423797607422,-0.004346981644630432,0.0053568994626402855,0.006712390575557947,0.6181527376174927,-0.7860110998153687,-1.3328379358390563,-3.2864816188812256,1.6319133043289185,1.3986014127731323,-4.148678779602051,1.6346940994262695,1.3986014127731323
1808.1,3.4928369522094727,1.5908819437026978,-0.004346713423728943,0.005355025641620159,0.00671240733936429,0.6181565523147583,-0.7860080599784851,-1.332847637776428,-3.2645490169525146,1.6299840211868286,1.3986014127731323,-4.1268086433410645,1.6338043212890625,1.3986014127731323
1808.1166666666666,3.4930217266082764,1.590121865272522,-0.004346936941146851,0.005356167443096638,0.006712441332638264,0.6181599497795105,-0.7860053777694702,-1.3328562774861894,-3.2426154613494873,1.6296709775924683,1.3986014127731323,-4.1049275398254395,1.6351441144943237,1.3986014127731323
1808.1333333333334,3.49320650100708,1.5893601179122925,-0.004347033798694611,0.005356788635253906,0.006711700931191444,0.6181629300117493,-0.7860031127929688,-1.3328638648580737,-3.2207095623016357,1.6317440271377563,1.3986014127731323,-4.083071708679199,1.6346321105957031,1.3986014127731323
1808.15,3.4933905601501465,1.5885992050170898,-0.004347153007984161,0.00535773579031229,0.006712146103382111,0.6181667447090149,-0.78600013256073,-1.3328735854588816,-3.19877552986145,1.6307650804519653,1.3986014127731323,-4.061197757720947,1.634123682975769,1.3986014127731323
1808.1666666666667,3.49357533454895,1.5878394842147827,-0.004346966743469238,0.005356576759368181,0.006711776368319988,0.6181701421737671,-0.7859973907470703,-1.3328822056723602,-3.1768436431884766,1.630529522895813,1.3986014127731323,-4.0393218994140625,1.6353086233139038,1.3986014127731323
1808.1833333333334,3.493759870529175,1.5870776176452637,-0.00434701144695282,0.005356671288609505,0.006711625959724188,0.618173360824585,-0.7859948873519897,-1.3328904005877549,-3.1549370288848877,1.6318442821502686,1.3986014127731323,-4.017467498779297,1.6346919536590576,1.3986014127731323
1808.2,3.4939441680908203,1.5863169431686401,-0.004346713423728943,0.005355184897780418,0.0067122504115104675,0.6181769371032715,-0.7859920263290405,-1.3328995066213503,-3.1330056190490723,1.629752278327942,1.3986014127731323,-3.9955954551696777,1.6337511539459229,1.3986014127731323
1808.2166666666667,3.494128465652466,1.5855568647384644,-0.004347160458564758,0.005357607267796993,0.006712980102747679,0.6181801557540894,-0.78598952293396,-1.3329077149857698,-3.111069440841675,1.629814863204956,1.3986014127731323,-3.9737138748168945,1.6351847648620605,1.3986014127731323
1808.2333333333333,3.4943137168884277,1.5847952365875244,-0.004346966743469238,0.0053568389266729355,0.006711751688271761,0.6181830167770386,-0.7859872579574585,-1.3329149647562117,-3.089167356491089,1.6319069862365723,1.3986014127731323,-3.9518611431121826,1.6348364353179932,1.3986014127731323
1808.25,3.494497776031494,1.5840344429016113,-0.004346810281276703,0.005355522967875004,0.006711389869451523,0.6181864142417908,-0.7859845161437988,-1.332923585829395,-3.067234754562378,1.6300530433654785,1.3986014127731323,-3.929985761642456,1.6329580545425415,1.3986014127731323
1808.2666666666667,3.4946815967559814,1.583274483680725,-0.00434701144695282,0.005355913192033768,0.00671079196035862,0.6181900501251221,-0.7859816551208496,-1.332932822604629,-3.0453009605407715,1.6301941871643066,1.3986014127731323,-3.908107042312622,1.6345754861831665,1.3986014127731323
1808.2833333333333,3.4948668479919434,1.5825128555297852,-0.0043470412492752075,0.005357538349926472,0.0067124925553798676,0.6181932091712952,-0.7859792709350586,-1.3329409258994938,-3.0233943462371826,1.6316628456115723,1.3986014127731323,-3.886254072189331,1.6344609260559082,1.3986014127731323
1808.3,3.4950509071350098,1.5817524194717407,-0.00434672087430954,0.005355130881071091,0.00671102711930871,0.6181965470314026,-0.7859766483306885,-1.3329493939137207,-3.001465082168579,1.6302965879440308,1.3986014127731323,-3.8643810749053955,1.633520483970642,1.3986014127731323
1808.3166666666666,3.495234251022339,1.5809922218322754,-0.004346840083599091,0.005356805399060249,0.0067112804390490055,0.6182002425193787,-0.7859737873077393,-1.3329588121445102,-2.9795353412628174,1.6304188966751099,1.3986014127731323,-3.8425064086914062,1.6347047090530396,1.3986014127731323
1808.3333333333333,3.49541974067688,1.580230474472046,-0.004347056150436401,0.005357435904443264,0.006711918395012617,0.6182034611701965,-0.7859712243080139,-1.3329670068836634,-2.957623243331909,1.6318742036819458,1.3986014127731323,-3.8206467628479004,1.6345677375793457,1.3986014127731323
1808.35,3.495603322982788,1.5794692039489746,-0.004347324371337891,0.005359562113881111,0.006711684633046389,0.6182066798210144,-0.7859686017036438,-1.3329751590146526,-2.9356915950775146,1.6319864988327026,1.3986014127731323,-3.798769474029541,1.6348750591278076,1.3986014127731323
1808.3666666666666,3.495786666870117,1.5787094831466675,-0.0043470412492752075,0.005358120426535606,0.006712215021252632,0.6182098388671875,-0.785966157913208,-1.3329832272264177,-2.9137611389160156,1.630574107170105,1.3986014127731323,-3.776895046234131,1.6357190608978271,1.3986014127731323
1808.3833333333334,3.495971918106079,1.5779476165771484,-0.004346959292888641,0.005357370711863041,0.006712063681334257,0.618212878704071,-0.785963773727417,-1.3329909638917423,-2.8918561935424805,1.6319085359573364,1.3986014127731323,-3.7550415992736816,1.634843349456787,1.3986014127731323
1808.4,3.496155261993408,1.5771868228912354,-0.004346884787082672,0.0053565544076263905,0.006711424794048071,0.6182165145874023,-0.7859609127044678,-1.3330002038176265,-2.8699238300323486,1.6305807828903198,1.3986014127731323,-3.733165740966797,1.6337542533874512,1.3986014127731323
1808.4166666666667,3.496340036392212,1.5764271020889282,-0.004347071051597595,0.005357063841074705,0.006711234338581562,0.6182199716567993,-0.7859582901000977,-1.333009023586162,-2.8479883670806885,1.629895806312561,1.3986014127731323,-3.7112886905670166,1.6352709531784058,1.3986014127731323
1808.4333333333334,3.496525287628174,1.5756654739379883,-0.004347085952758789,0.0053574517369270325,0.00671146996319294,0.6182228326797485,-0.7859559655189514,-1.3330162872062048,-2.8260836601257324,1.6314983367919922,1.3986014127731323,-3.6894333362579346,1.6344350576400757,1.3986014127731323
1808.45,3.496708631515503,1.5749049186706543,-0.004346996545791626,0.005358354188501835,0.006710304878652096,0.6182265877723694,-0.7859530448913574,-1.3330258227348697,-2.804155111312866,1.6315587759017944,1.3986014127731323,-3.6675643920898438,1.6347620487213135,1.3986014127731323
1808.4666666666667,3.4968931674957275,1.5741443634033203,-0.00434701144695282,0.005357373971492052,0.006711872294545174,0.6182300448417664,-0.7859503030776978,-1.3330346540298939,-2.7822189331054688,1.6307095289230347,1.3986014127731323,-3.645686388015747,1.6356477737426758,1.3986014127731323
1808.4833333333333,3.4970779418945312,1.57338285446167,-0.004347018897533417,0.00535815954208374,0.006712668109685183,0.6182332038879395,-0.7859477996826172,-1.333042704324945,-2.760310649871826,1.6318024396896362,1.3986014127731323,-3.623830556869507,1.6346758604049683,1.3986014127731323
1808.5,3.4972617626190186,1.5726217031478882,-0.004346832633018494,0.005356340203434229,0.006711392197757959,0.6182368993759155,-0.785944938659668,-1.333052097979788,-2.7383813858032227,1.630670428276062,1.3986014127731323,-3.601958990097046,1.6345936059951782,1.3986014127731323
1808.5166666666667,3.497446298599243,1.5718618631362915,-0.00434710830450058,0.00535791227594018,0.006712370552122593,0.6182399988174438,-0.7859424948692322,-1.333060002174662,-2.716445207595825,1.6297248601913452,1.3986014127731323,-3.580076217651367,1.635379672050476,1.3986014127731323
1808.5333333333333,3.4976303577423096,1.5711002349853516,-0.0043469443917274475,0.005356765352189541,0.006710479501634836,0.6182428002357483,-0.7859401702880859,-1.3330670553612642,-2.6945438385009766,1.6319135427474976,1.3986014127731323,-3.5582220554351807,1.6348755359649658,1.3986014127731323
1808.55,3.4978156089782715,1.5703392028808594,-0.004347175359725952,0.005358320660889149,0.006712083239108324,0.6182466149330139,-0.7859373092651367,-1.3330768370222714,-2.672607898712158,1.630597710609436,1.3986014127731323,-3.536348581314087,1.6352185010910034,1.3986014127731323
1808.5666666666666,3.4979991912841797,1.5695794820785522,-0.004346661269664764,0.0053558191284537315,0.006711310241371393,0.6182494163513184,-0.7859350442886353,-1.3330839382615478,-2.6506829261779785,1.6293184757232666,1.3986014127731323,-3.5144689083099365,1.6349070072174072,1.3986014127731323
1808.5833333333333,3.498183488845825,1.5688178539276123,-0.004347130656242371,0.005358151160180569,0.006711892317980528,0.6182523369789124,-0.7859328389167786,-1.3330914042328552,-2.628774881362915,1.6316043138504028,1.3986014127731323,-3.4926085472106934,1.6344388723373413,1.3986014127731323
1808.6,3.49836802482605,1.5680571794509888,-0.004346445202827454,0.005354195833206177,0.006711512338370085,0.618256151676178,-0.785929799079895,-1.3331011045960006,-2.606847047805786,1.6292656660079956,1.3986014127731323,-3.47074294090271,1.6331820487976074,1.3986014127731323
1808.6166666666666,3.4985525608062744,1.5672965049743652,-0.004346929490566254,0.005356611683964729,0.006712234579026699,0.6182594895362854,-0.7859271764755249,-1.3331096095854875,-2.5849084854125977,1.6295132637023926,1.3986014127731323,-3.4488606452941895,1.6341829299926758,1.3986014127731323
1808.6333333333334,3.498737096786499,1.5665347576141357,-0.004347063601016998,0.005358457565307617,0.0067120511084795,0.6182627081871033,-0.7859246134757996,-1.333117781726926,-2.5630009174346924,1.6317110061645508,1.3986014127731323,-3.42700457572937,1.6344654560089111,1.3986014127731323
1808.65,3.4989216327667236,1.5657739639282227,-0.004346765577793121,0.005355748813599348,0.006711137015372515,0.6182663440704346,-0.7859218120574951,-1.333127039069899,-2.5410704612731934,1.6297496557235718,1.3986014127731323,-3.4051342010498047,1.633750081062317,1.3986014127731323
1808.6666666666667,3.4991049766540527,1.5650140047073364,-0.00434710830450058,0.005358241032809019,0.0067093027755618095,0.6182694435119629,-0.7859193086624146,-1.333134857001672,-2.519139289855957,1.6306898593902588,1.3986014127731323,-3.383253335952759,1.635364055633545,1.3986014127731323
1808.6833333333334,3.4992902278900146,1.5642523765563965,-0.004347063601016998,0.005358434282243252,0.006711876951158047,0.618272602558136,-0.785916805267334,-1.3331429514725817,-2.4972310066223145,1.631561279296875,1.3986014127731323,-3.3613972663879395,1.6344366073608398,1.3986014127731323
1808.7,3.4994735717773438,1.5634914636611938,-0.004347324371337891,0.00535995839163661,0.0067114136181771755,0.618276059627533,-0.7859141230583191,-1.3331517448450276,-2.4752981662750244,1.6319034099578857,1.3986014127731323,-3.3395206928253174,1.6352365016937256,1.3986014127731323
1808.7166666666667,3.4996583461761475,1.562731385231018,-0.004347153007984161,0.005360291805118322,0.006710568908601999,0.6182792782783508,-0.785911500453949,-1.3331598890003782,-2.4533705711364746,1.6316068172454834,1.3986014127731323,-3.3176510334014893,1.6370759010314941,1.3986014127731323
1808.7333333333333,3.499842643737793,1.5619696378707886,-0.004346996545791626,0.00535857817158103,0.00671210465952754,0.6182821989059448,-0.7859091758728027,-1.3331673558007755,-2.431462526321411,1.63176429271698,1.3986014127731323,-3.295792818069458,1.6347941160202026,1.3986014127731323
1808.75,3.5000271797180176,1.5612088441848755,-0.004347085952758789,0.005359454546123743,0.006710190325975418,0.6182859539985657,-0.785906195640564,-1.3331768570950555,-2.4095308780670166,1.6317111253738403,1.2587412595748901,-3.27392315864563,1.6357002258300781,1.2587412595748901
1808.7666666666667,3.500199556350708,1.5604956150054932,-0.004343286156654358,0.005350160412490368,0.006696406751871109,0.6182888150215149,-0.7859041690826416,-1.3331839085891999,-2.3889548778533936,1.522346019744873,1.118881106376648,-3.2533955574035645,1.528279185295105,1.118881106376648
1808.7833333333333,3.500354290008545,1.5598572492599487,-0.004343904554843903,0.005350036546587944,0.006699891295284033,0.6182913184165955,-0.7859021425247192,-1.3331903455530616,-2.370619058609009,1.3829818964004517,0.9790209531784058,-3.235102653503418,1.386967658996582,0.9790209531784058
1808.8,3.500488519668579,1.559301733970642,-0.004343569278717041,0.00534917414188385,0.006698416545987129,0.6182946562767029,-0.7858994007110596,-1.3331987748392902,-2.3545925617218018,1.2409147024154663,0.8391608595848083,-3.2191286087036133,1.2456028461456299,0.8391608595848083
1808.8166666666666,3.5006039142608643,1.5588269233703613,-0.004343748092651367,0.005348546896129847,0.006700095254927874,0.6182975769042969,-0.7858973741531372,-1.3332063283941096,-2.340893507003784,1.098341941833496,0.8391608595848083,-3.2054765224456787,1.1049809455871582,0.8391608595848083
1808.8333333333333,3.500710964202881,1.5583844184875488,-0.00434768944978714,0.0053594764322042465,0.0067131370306015015,0.6183003783226013,-0.7858949899673462,-1.3332136784071797,-2.3281800746917725,1.0702584981918335,0.559440553188324,-3.192810297012329,1.073854923248291,0.559440553188324
1808.85,3.5007944107055664,1.5580419301986694,-0.0043402910232543945,0.005342590622603893,0.006686128210276365,0.6183037757873535,-0.7858926057815552,-1.3332218269404008,-2.3183093070983887,0.8152482509613037,0.4195804297924042,-3.182990789413452,0.8207821846008301,0.4195804297924042
1808.8666666666666,3.5008492469787598,1.5578128099441528,-0.004345916211605072,0.005355256609618664,0.006705158390104771,0.6183061003684998,-0.7858904004096985,-1.3332280411625494,-2.3116888999938965,0.6715579628944397,0.279720276594162,-3.176414728164673,0.6780081987380981,0.279720276594162
1808.8833333333334,3.5008857250213623,1.5576634407043457,-0.004343599081039429,0.0053500821813941,0.006698509678244591,0.6183088421821594,-0.7858884334564209,-1.3332349344662768,-2.3073549270629883,0.5370596647262573,0.139860138297081,-3.1721274852752686,0.5456752777099609,0.139860138297081
1808.9,3.5009028911590576,1.5575932264328003,-0.004344359040260315,0.005351440981030464,0.006700396072119474,0.6183103322982788,-0.7858872413635254,-1.3332387612925398,-2.3053247928619385,0.39604899287223816,0.0,-3.170121431350708,0.40439939498901367,0.0
1808.9166666666667,3.500903367996216,1.5575891733169556,-0.004344664514064789,0.005350323393940926,0.006701005157083273,0.6183097958564758,-0.785887598991394,-1.3332373951129255,-2.305182933807373,0.12208177149295807,0.0,-3.1699678897857666,0.12782515585422516,0.0
1808.9333333333334,3.500904083251953,1.557586908340454,-0.00436168909072876,0.005419271998107433,0.006784099154174328,0.6183081865310669,-0.7858877182006836,-1.3332347143959924,-2.3051505088806152,-0.0158078595995903,0.0,-3.169929027557373,-0.052392151206731796,0.0
1808.95,3.500901222229004,1.5575971603393555,-0.0043511539697647095,0.005374950356781483,0.006724487990140915,0.6183183789253235,-0.7858805656433105,-1.333259634035508,-2.305382251739502,0.2871365249156952,0.0,-3.170313596725464,0.34248918294906616,0.0
1808.9666666666667,3.500901460647583,1.5575952529907227,-0.0043487995862960815,0.005354676395654678,0.0067165871150791645,0.6183176636695862,-0.7858811616897583,-1.3332577009502367,-2.3052873611450195,0.037655118852853775,0.0,-3.170212984085083,0.05060899257659912,0.0
1808.9833333333333,3.5009007453918457,1.557600975036621,-0.004360079765319824,0.005453959107398987,0.0068265520967543125,0.6183199286460876,-0.7858778834342957,-1.3332653292986996,-2.3054628372192383,0.03377750515937805,0.0,-3.1704351902008057,0.03512217476963997,0.0
1809.0,3.5009005069732666,1.5576021671295166,-0.0043359845876693726,0.005343300756067038,0.006673794239759445,0.6183192133903503,-0.7858805656433105,-1.3332608561135533,-2.3054709434509277,0.049092136323451996,0.0,-3.1703927516937256,-0.025796040892601013,0.0
1809.0166666666667,3.5008981227874756,1.5576107501983643,-0.004363730549812317,0.005465508438646793,0.006848146673291922,0.618327260017395,-0.7858718633651733,-1.3332843967623458,-2.305691957473755,0.013904735445976257,0.0,-3.1707916259765625,0.023777009919285774,0.0
1809.0333333333333,3.5008978843688965,1.5576121807098389,-0.004334695637226105,0.00534064881503582,0.006670000962913036,0.6183269619941711,-0.7858744859695435,-1.3332805015464728,-2.3056955337524414,0.05309457704424858,0.0,-3.1707475185394287,-0.03407815471291542,0.0
1809.05,3.5008952617645264,1.5576214790344238,-0.004360757768154144,0.005429182201623917,0.006803028751164675,0.6183366179466248,-0.7858651876449585,-1.333307448993962,-2.3059165477752686,0.012670320458710194,0.0,-3.171159267425537,0.025344688445329666,0.0
1809.0666666666666,3.5008955001831055,1.5576227903366089,-0.004336424171924591,0.005343920551240444,0.006674776319414377,0.6183364987373352,-0.785866916179657,-1.3333048561893444,-2.305915355682373,0.05200304836034775,0.0,-3.1711230278015137,-0.03339805826544762,0.0
1809.0833333333333,3.5008931159973145,1.5576311349868774,-0.004363603889942169,0.005466468632221222,0.006849221885204315,0.6183460354804993,-0.7858569622039795,-1.3333321688603637,-2.30613112449646,0.012411958537995815,0.0,-3.171536922454834,0.02472553960978985,0.0
1809.1,3.5008926391601562,1.5576328039169312,-0.0043347179889678955,0.005340093746781349,0.006668410263955593,0.6183454990386963,-0.7858598232269287,-1.333327622976296,-2.306126594543457,0.051735859364271164,0.0,-3.171495199203491,-0.033549074083566666,0.0
1809.1166666666666,3.5008909702301025,1.5576411485671997,-0.004364013671875,0.00546526163816452,0.0068482449278235435,0.6183544993400574,-0.7858504056930542,-1.3333537214998503,-2.30635142326355,0.011730431579053402,0.0,-3.1718950271606445,0.02644442580640316,0.0
1809.1333333333334,3.5008904933929443,1.5576426982879639,-0.004334583878517151,0.005340345203876495,0.006668922957032919,0.618353009223938,-0.785853922367096,-1.333346751429376,-2.3063554763793945,0.05062107741832733,0.0,-3.171844244003296,-0.03302016481757164,0.0
1809.15,3.5008885860443115,1.5576510429382324,-0.0043640583753585815,0.005465312860906124,0.006848018150776625,0.6183618307113647,-0.7858446836471558,-1.3333723894275369,-2.3065786361694336,0.011658266186714172,0.0,-3.1722404956817627,0.026749923825263977,0.0
1809.1666666666667,3.500887870788574,1.5576525926589966,-0.004334643483161926,0.005341119132936001,0.006669433321803808,0.6183606386184692,-0.7858479022979736,-1.333366174387837,-2.306580066680908,0.049581535160541534,0.0,-3.172197103500366,-0.032106511294841766,0.0
1809.1833333333334,3.5008857250213623,1.5576616525650024,-0.004360772669315338,0.00543002737686038,0.006803183816373348,0.6183692216873169,-0.7858395576477051,-1.3333904401565353,-2.3068084716796875,0.012220277450978756,0.0,-3.172589063644409,0.028606288135051727,0.0
1809.2,3.500885486602783,1.557662844657898,-0.004336543381214142,0.0053446535021066666,0.006674156524240971,0.6183687448501587,-0.7858416438102722,-1.3333869410271082,-2.3068082332611084,0.04953678697347641,0.0,-3.172555923461914,-0.031629130244255066,0.0
1809.2166666666667,3.5008840560913086,1.5576708316802979,-0.004363492131233215,0.005466018803417683,0.006848147604614496,0.6183755397796631,-0.7858338356018066,-1.3334072655999885,-2.3070437908172607,0.011245297268033028,0.0,-3.172942638397217,0.028366291895508766,0.0
1809.2333333333333,3.500883102416992,1.557672381401062,-0.004334859549999237,0.005341837182641029,0.006669855210930109,0.6183732748031616,-0.7858380079269409,-1.3333983581371005,-2.307042360305786,0.04946507140994072,0.0,-3.172874927520752,-0.03301816061139107,0.0
1809.25,3.500880718231201,1.557680606842041,-0.004363924264907837,0.005465798545628786,0.006848963443189859,0.6183810830116272,-0.7858294248580933,-1.3334213807863378,-2.3072779178619385,0.0108971381559968,0.0,-3.1732571125030518,0.02842995710670948,0.0
1809.2666666666667,3.500880002975464,1.5576823949813843,-0.004334628582000732,0.005339686758816242,0.006668433081358671,0.6183825135231018,-0.7858307361602783,-1.3334218459285307,-2.3072597980499268,0.04699729010462761,0.0,-3.1732375621795654,-0.030244620516896248,0.0
1809.2833333333333,3.50087833404541,1.5576907396316528,-0.004364080727100372,0.0054650381207466125,0.006846987642347813,0.6183881759643555,-0.7858239412307739,-1.3334394177927438,-2.307500123977661,0.010977710597217083,0.0,-3.1736042499542236,0.03003557026386261,0.0
1809.3,3.50087833404541,1.5576921701431274,-0.004334375262260437,0.005338332150131464,0.006668170914053917,0.6183892488479614,-0.7858255505561829,-1.3334390205930502,-2.307502269744873,0.04631641134619713,0.0,-3.1735775470733643,-0.029378516599535942,0.0
1809.3166666666666,3.5008764266967773,1.5577006340026855,-0.0043641626834869385,0.005464659072458744,0.006845992524176836,0.6183946132659912,-0.7858188152313232,-1.3334557624370027,-2.3077340126037598,0.01122212689369917,0.0,-3.173949956893921,0.030460979789495468,0.0
1809.3333333333333,3.50087571144104,1.5577023029327393,-0.004334576427936554,0.005340289790183306,0.006668583489954472,0.6183938384056091,-0.7858219146728516,-1.3334506988112864,-2.30773663520813,0.046964943408966064,0.0,-3.1739039421081543,-0.030268410220742226,0.0
1809.35,3.500873565673828,1.5577101707458496,-0.004364237189292908,0.0054669370874762535,0.006848160643130541,0.618399441242218,-0.7858151197433472,-1.3334681261956953,-2.3079750537872314,0.010936664417386055,0.0,-3.174274444580078,0.03089911676943302,0.0
1809.3666666666666,3.500872850418091,1.5577117204666138,-0.004334509372711182,0.005339827388525009,0.006667739246040583,0.6183996200561523,-0.7858172655105591,-1.3334653676355976,-2.3079724311828613,0.046431057155132294,0.0,-3.1742324829101562,-0.030185922980308533,0.0
1809.3833333333334,3.5008723735809326,1.5577200651168823,-0.0043641626834869385,0.0054655009880661964,0.006847410462796688,0.618404746055603,-0.7858109474182129,-1.3334816159556693,-2.3082118034362793,0.01052728109061718,0.0,-3.1745998859405518,0.031555935740470886,0.0
1809.4,3.500871181488037,1.557721495628357,-0.004334583878517151,0.005341045558452606,0.0066683851182460785,0.6184015870094299,-0.7858157753944397,-1.333470402248669,-2.308232307434082,0.047088462859392166,0.0,-3.174525260925293,-0.03114371746778488,0.0
1809.4166666666667,3.500868797302246,1.5577298402786255,-0.004364117980003357,0.005466381087899208,0.006847812328487635,0.6184068918228149,-0.7858091592788696,-1.3334870555621363,-2.308471918106079,0.010241574607789516,0.0,-3.174894332885742,0.03156975284218788,0.0
1809.4333333333334,3.500868797302246,1.5577316284179688,-0.004334501922130585,0.005339308641850948,0.00666718278080225,0.6184072494506836,-0.7858114242553711,-1.333484822787332,-2.3084731101989746,0.04487045109272003,0.0,-3.174862861633301,-0.02888597920536995,0.0
1809.45,3.500866413116455,1.5577396154403687,-0.0043641552329063416,0.005466299131512642,0.006846795789897442,0.6184121370315552,-0.7858049869537354,-1.333500369325441,-2.308716297149658,0.010552951134741306,0.0,-3.175222158432007,0.031917594373226166,0.0
1809.4666666666667,3.500866413116455,1.5577411651611328,-0.004334449768066406,0.005339478608220816,0.006667957175523043,0.6184123754501343,-0.7858072519302368,-1.3334978475399055,-2.3087158203125,0.04519600421190262,0.0,-3.1751818656921387,-0.029353851452469826,0.0
1809.4833333333333,3.5008647441864014,1.5577492713928223,-0.0043640658259391785,0.005465180613100529,0.00684603163972497,0.6184173226356506,-0.7858010530471802,-1.3335135965578413,-2.308959484100342,0.010159919038414955,0.0,-3.1755428314208984,0.03272130340337753,0.0
1809.5,3.500863552093506,1.5577508211135864,-0.004334576427936554,0.005340286530554295,0.00666804239153862,0.6184156537055969,-0.7858047485351562,-1.333506213540859,-2.3089630603790283,0.04510015249252319,0.0,-3.1754868030548096,-0.029780151322484016,0.0
1809.5166666666667,3.5008623600006104,1.5577589273452759,-0.0043640658259391785,0.0054654814302921295,0.006847260985523462,0.6184206008911133,-0.7857984304428101,-1.333521957144207,-2.3092041015625,0.01013870444148779,0.0,-3.175849437713623,0.03294277936220169,0.0
1809.5333333333333,3.500861167907715,1.5577603578567505,-0.0043345168232917786,0.005340582225471735,0.006668687332421541,0.6184189915657043,-0.7858021855354309,-1.3335147423118838,-2.3092174530029297,0.04486498236656189,0.0,-3.175795078277588,-0.02927934005856514,0.0
1809.55,3.5008597373962402,1.5577690601348877,-0.0043609365820884705,0.005429472774267197,0.006800515577197075,0.6184229850769043,-0.7857972383499146,-1.3335272196332522,-2.3094632625579834,0.010105667635798454,-0.05431235581636429,-3.1761538982391357,0.03396423161029816,0.05431235581636429
1809.5666666666666,3.500858783721924,1.5577701330184937,-0.004336617887020111,0.005342923104763031,0.006676544435322285,0.6184225082397461,-0.7857992649078369,-1.3335238258057753,-2.3094732761383057,0.050514139235019684,-0.10862471163272858,-3.1760945320129395,-0.04383314028382301,0.10862471163272858
1809.5833333333333,3.5008559226989746,1.5577839612960815,-0.004363581538200378,0.005451398901641369,0.006828709505498409,0.6183658838272095,-0.7858417630195618,-1.3333823646381302,-2.3103718757629395,-0.009619850665330887,-0.16293705999851227,-3.1760802268981934,0.060161128640174866,0.16293705999851227
1809.6,3.5008578300476074,1.5577789545059204,-0.004337966442108154,0.005344585981220007,0.006680305581539869,0.6182606220245361,-0.7859265208244324,-1.3331118473015608,-2.3110733032226562,0.14563687145709991,-0.21724942326545715,-3.1749908924102783,0.16434326767921448,0.21724942326545715
1809.6166666666666,3.5008556842803955,1.5577876567840576,-0.0043601393699646,0.005397073458880186,0.0067603918723762035,0.6180961728096008,-0.786054790019989,-1.3326947773848714,-2.3126933574676514,0.16211681067943573,-0.21724942326545715,-3.173894166946411,0.30972549319267273,0.21724942326545715
1809.6333333333334,3.50085711479187,1.5577877759933472,-0.004344232380390167,0.005346221849322319,0.0067100562155246735,0.6179072260856628,-0.7862041592597961,-1.332213254787651,-2.314180612564087,-0.3295491635799408,-0.32587411999702454,-3.1722559928894043,0.08179246634244919,0.32587411999702454
1809.65,3.500857353210449,1.5577878952026367,-0.004353836178779602,0.00536511093378067,0.006742706056684256,0.617583155632019,-0.786458432674408,-1.3313895522504196,-2.31687331199646,0.0827646404504776,-0.3801864683628082,-3.1695492267608643,0.4252769947052002,0.3801864683628082
1809.6666666666667,3.500858783721924,1.557787299156189,-0.004350923001766205,0.005354848690330982,0.006735270377248526,0.6171475648880005,-0.7868003845214844,-1.3302818671009435,-2.32096529006958,0.12405049055814743,-0.4344988465309143,-3.165851593017578,-0.09200695902109146,0.4344988465309143
1809.6833333333334,3.5008602142333984,1.5577811002731323,-0.004348777234554291,0.005347780883312225,0.006727193016558886,0.6165671348571777,-0.7872553467750549,-1.3288066074984608,-2.32553768157959,-0.7722529768943787,-0.488811194896698,-3.1608076095581055,0.5894186496734619,0.488811194896698
1809.7,3.500864267349243,1.557773470878601,-0.004351116716861725,0.005343767814338207,0.0067425318993628025,0.6159102916717529,-0.7877691984176636,-1.3271386713205529,-2.3309755325317383,-0.30283117294311523,-0.5431235432624817,-3.155581474304199,0.42409178614616394,0.5431235432624817
1809.7166666666667,3.500868797302246,1.5577659606933594,-0.004347681999206543,0.0053298696875572205,0.006737519055604935,0.615109384059906,-0.7883949279785156,-1.3251059602236102,-2.3377511501312256,-0.3007866442203522,-0.5431235432624817,-3.148653507232666,0.7208189368247986,0.5431235432624817
1809.7333333333333,3.5008692741394043,1.5577657222747803,-0.004347816109657288,0.005325601436197758,0.006737901363521814,0.6143265962600708,-0.7890051007270813,-1.3231208481446184,-2.3442251682281494,-1.046937346458435,-0.6517482399940491,-3.1414363384246826,0.6501081585884094,0.6517482399940491
1809.75,3.5008716583251953,1.557763934135437,-0.0043504685163497925,0.005324764642864466,0.006758943200111389,0.6134068965911865,-0.7897201776504517,-1.3207908955528835,-2.3522748947143555,-0.21327489614486694,-0.7060605883598328,-3.1336944103240967,0.17888860404491425,0.7060605883598328
1809.7666666666667,3.50087571144104,1.5577545166015625,-0.004345402121543884,0.005303113721311092,0.006747005973011255,0.6123161315917969,-0.7905664443969727,-1.31802962559077,-2.3614633083343506,-0.6474050879478455,-0.7603729367256165,-3.1242778301239014,1.584126353263855,0.7603729367256165
1809.7833333333333,3.5008797645568848,1.5577529668807983,-0.0043503716588020325,0.0053076473996043205,0.0067680045031011105,0.611139178276062,-0.7914764285087585,-1.315054041899064,-2.371678590774536,-0.31409111618995667,-0.8146852850914001,-3.114391803741455,0.626745343208313,0.8146852850914001
1809.8,3.5008838176727295,1.5577460527420044,-0.004345543682575226,0.005282723810523748,0.006764540448784828,0.6098362803459167,-0.7924808859825134,-1.3117636108313195,-2.38291597366333,-0.5049377083778381,-0.8689976930618286,-3.1033010482788086,1.8789788484573364,0.8689976930618286
1809.8166666666666,3.5008881092071533,1.557742953300476,-0.004349656403064728,0.005284904036670923,0.006781983654946089,0.6084524393081665,-0.7935436964035034,-1.308273614167117,-2.3948285579681396,-0.5335634350776672,-0.8689976930618286,-3.0919015407562256,1.0012627840042114,0.8689976930618286
1809.8333333333333,3.5008928775787354,1.5577373504638672,-0.004345349967479706,0.005255122669041157,0.0067808483727276325,0.6069939136505127,-0.7946600317955017,-1.30460006813031,-2.406534433364868,-2.1401355266571045,-0.977622389793396,-3.0795834064483643,1.918555736541748,0.977622389793396
1809.85,3.5008959770202637,1.5577330589294434,-0.0043495818972587585,0.005264752544462681,0.006797881796956062,0.6054776906967163,-0.7958158254623413,-1.300786872697009,-2.419243812561035,-0.76683509349823,-1.0319347381591797,-3.06659197807312,1.0128952264785767,1.0319347381591797
1809.8666666666666,3.500901222229004,1.5577296018600464,-0.004345729947090149,0.005227519664913416,0.006808341946452856,0.6037485599517822,-0.7971286773681641,-1.2964450407598092,-2.433946132659912,-0.960713803768158,-1.0862470865249634,-3.0521180629730225,1.336387276649475,1.0862470865249634
1809.8833333333334,3.500906229019165,1.5577269792556763,-0.00434507429599762,0.0052129593677818775,0.00681079737842083,0.6019275188446045,-0.7985045909881592,-1.2918797290997392,-2.4482531547546387,-2.763374090194702,-1.140559434890747,-3.0364670753479004,1.6403135061264038,1.140559434890747
1809.9,3.500908851623535,1.5577247142791748,-0.004348918795585632,0.005214470438659191,0.006834004074335098,0.6000138521194458,-0.7999434471130371,-1.2870910648421416,-2.4642484188079834,-0.7793943285942078,-1.1948717832565308,-3.02036190032959,1.2800920009613037,1.1948717832565308
1809.9166666666667,3.500913619995117,1.5577245950698853,-0.004344061017036438,0.00517386756837368,0.006836325395852327,0.5979309678077698,-0.8015016317367554,-1.2818884185149075,-2.481013298034668,-3.268339157104492,-1.1948717832565308,-3.0031280517578125,2.8956868648529053,1.1948717832565308
1809.9333333333334,3.5009169578552246,1.55772066116333,-0.004346691071987152,0.005168643780052662,0.006856156047433615,0.595911979675293,-0.8030038475990295,-1.276855226893367,-2.4979684352874756,-0.7367360591888428,-1.3034964799880981,-2.9860079288482666,1.3818832635879517,1.3034964799880981
1809.95,3.500922918319702,1.5577200651168823,-0.004343822598457336,0.0051401956006884575,0.006861954927444458,0.5936524868011475,-0.804675817489624,-1.2712333554903088,-2.5168192386627197,-2.2702736854553223,-1.3034964799880981,-2.966909408569336,2.265145778656006,1.3034964799880981
1809.9666666666667,3.500927448272705,1.5577183961868286,-0.004348069429397583,0.005138644017279148,0.0068866172805428505,0.5913679003715515,-0.8063560724258423,-1.2655610903545915,-2.535886287689209,-0.8705536127090454,-1.3034964799880981,-2.947986364364624,1.4823355674743652,1.3034964799880981
1809.9833333333333,3.5009331703186035,1.5577175617218018,-0.004343077540397644,0.005100086331367493,0.0068875825963914394,0.5890048146247864,-0.8080839514732361,-1.2597060251794212,-2.5555355548858643,-2.2318954467773438,-1.3034964799880981,-2.928157329559326,2.481236457824707,1.3034964799880981
1810.0,3.500938653945923,1.5577154159545898,-0.0043478235602378845,0.005096975713968277,0.006913714110851288,0.5867031812667847,-0.8097564578056335,-1.2540155510735407,-2.574636936187744,-0.8632658123970032,-1.3034964799880981,-2.909144639968872,1.4887542724609375,1.3034964799880981
1810.0166666666667,3.5009446144104004,1.557714819908142,-0.004343152046203613,0.005061191041022539,0.006918314378708601,0.5843267440795898,-0.8114732503890991,-1.2481521888825815,-2.5943195819854736,-2.2364776134490967,-1.3034964799880981,-2.8893096446990967,2.516698122024536,1.3034964799880981
1810.0333333333333,3.5009496212005615,1.5577131509780884,-0.004347719252109528,0.005056862719357014,0.006942771840840578,0.5820143222808838,-0.8131331205368042,-1.2424587614398146,-2.6134254932403564,-0.8632150292396545,-1.3034964799880981,-2.8702878952026367,1.4894298315048218,1.3034964799880981
1810.05,3.5009562969207764,1.5577126741409302,-0.004343174397945404,0.005021492950618267,0.006947987712919712,0.5796279907226562,-0.8148361444473267,-1.2365953749546899,-2.6331095695495605,-2.241569757461548,-1.3034964799880981,-2.8504536151885986,2.528870105743408,1.3034964799880981
1810.0666666666666,3.5009615421295166,1.5577107667922974,-0.004347696900367737,0.005017424933612347,0.006972916889935732,0.5773062109947205,-0.8164824843406677,-1.2309024336578798,-2.652214288711548,-0.8635005950927734,-1.3034964799880981,-2.8314268589019775,1.4896140098571777,1.3034964799880981
1810.0833333333333,3.500967502593994,1.55771005153656,-0.004343122243881226,0.004980593919754028,0.006975986063480377,0.5749094486236572,-0.8181720972061157,-1.2250374534151747,-2.6719000339508057,-2.242772340774536,-1.3034964799880981,-2.811593532562256,2.535926103591919,1.3034964799880981
1810.1,3.5009732246398926,1.5577086210250854,-0.004347681999206543,0.004976524971425533,0.007001113146543503,0.5725781917572021,-0.8198050856590271,-1.2193445486125103,-2.6910030841827393,-0.8636842370033264,-1.3034964799880981,-2.792564630508423,1.489775538444519,1.3034964799880981
1810.1166666666666,3.50097918510437,1.5577081441879272,-0.004343122243881226,0.004939529113471508,0.007003814447671175,0.5701718330383301,-0.8214807510375977,-1.2134798847937658,-2.7106895446777344,-2.240882158279419,-1.3034964799880981,-2.7727320194244385,2.541126012802124,1.3034964799880981
1810.1333333333334,3.5009846687316895,1.557706594467163,-0.004347681999206543,0.004936017096042633,0.007029620464891195,0.5678314566612244,-0.8231000304222107,-1.2077876614686853,-2.7297933101654053,-0.8642804026603699,-1.3034964799880981,-2.7537009716033936,1.4896360635757446,1.3034964799880981
1810.15,3.500990629196167,1.5577058792114258,-0.004343107342720032,0.004899375140666962,0.007032754365354776,0.5654152631759644,-0.8247618079185486,-1.2019225088205463,-2.7494797706604004,-2.242293357849121,-1.3034964799880981,-2.733870029449463,2.5484535694122314,1.3034964799880981
1810.1666666666667,3.5009958744049072,1.557703971862793,-0.004347652196884155,0.004895756486803293,0.0070583936758339405,0.5630655884742737,-0.8263675570487976,-1.1962303439397255,-2.768583059310913,-0.8645296692848206,-1.3034964799880981,-2.7148373126983643,1.489837646484375,1.3034964799880981
1810.1833333333334,3.5010018348693848,1.5577037334442139,-0.004343107342720032,0.004859366454184055,0.007061833515763283,0.5606394410133362,-0.8280156850814819,-1.1903642874508438,-2.788270950317383,-2.2410223484039307,-1.3034964799880981,-2.6950085163116455,2.55381178855896,1.3034964799880981
1810.2,3.501006841659546,1.5577021837234497,-0.00434759259223938,0.0048543112352490425,0.007085643708705902,0.558279812335968,-0.8296083211898804,-1.1846703737770905,-2.8073763847351074,-0.864906370639801,-1.3034964799880981,-2.6759753227233887,1.489884614944458,1.3034964799880981
1810.2166666666667,3.5010130405426025,1.5577017068862915,-0.004343092441558838,0.004818174056708813,0.0070892577059566975,0.5558439493179321,-0.8312424421310425,-1.1788037244418565,-2.827064037322998,-2.240804433822632,-1.3034964799880981,-2.656148672103882,2.560758113861084,1.3034964799880981
1810.2333333333333,3.5010182857513428,1.5577001571655273,-0.004347607493400574,0.0048133619129657745,0.007113713305443525,0.5534750819206238,-0.8328214287757874,-1.1731096362417046,-2.8461689949035645,-0.8652946949005127,-1.3034964799880981,-2.6371140480041504,1.4898608922958374,1.3034964799880981
1810.25,3.5010244846343994,1.5576997995376587,-0.004343055188655853,0.004777534399181604,0.007117548957467079,0.5510302186012268,-0.8344411849975586,-1.1672439694359966,-2.865859270095825,-2.240394353866577,-1.3034964799880981,-2.6172900199890137,2.5668880939483643,1.3034964799880981
1810.2666666666667,3.501030206680298,1.5576986074447632,-0.0043475329875946045,0.004771583713591099,0.007140215020626783,0.548652172088623,-0.8360065221786499,-1.1615496295299987,-2.8849666118621826,-0.865669310092926,-1.3034964799880981,-2.5982558727264404,1.4899128675460815,1.3034964799880981
1810.2833333333333,3.5010361671447754,1.5576984882354736,-0.004342950880527496,0.004732365719974041,0.007145811337977648,0.5461980700492859,-0.8376121520996094,-1.1556842613740164,-2.9046688079833984,-2.215179204940796,-1.3034964799880981,-2.5784401893615723,2.586108922958374,1.3034964799880981
1810.3,3.501042127609253,1.557697057723999,-0.004347577691078186,0.004731009714305401,0.007168415002524853,0.5438117384910583,-0.8391631841659546,-1.1499915868614614,-2.9237706661224365,-0.8655633926391602,-1.3034964799880981,-2.55940318107605,1.4898889064788818,1.3034964799880981
1810.3166666666666,3.5010478496551514,1.5576967000961304,-0.004342913627624512,0.004691561684012413,0.007173934485763311,0.5413489937782288,-0.8407541513442993,-1.144127607344164,-2.943474054336548,-2.216763734817505,-1.3034964799880981,-2.53959321975708,2.5928120613098145,1.3034964799880981
1810.3333333333333,3.501053810119629,1.5576953887939453,-0.004347540438175201,0.004689246416091919,0.007195002865046263,0.5389536023139954,-0.8422915935516357,-1.1384346393516218,-2.9625778198242188,-0.8657947778701782,-1.3034964799880981,-2.520557165145874,1.4899592399597168,1.3034964799880981
1810.35,3.5010600090026855,1.5576955080032349,-0.004342921078205109,0.004649549722671509,0.007200123276561499,0.5364810824394226,-0.8438688516616821,-1.1325692507162488,-2.982283592224121,-2.2152979373931885,-1.3034964799880981,-2.500750780105591,2.5988729000091553,1.3034964799880981
1810.3666666666666,3.501065969467163,1.5576941967010498,-0.004347555339336395,0.00464826263487339,0.007222975138574839,0.5340763926506042,-0.8453925848007202,-1.1268751853481498,-3.001387357711792,-0.8662605285644531,-1.3034964799880981,-2.4817142486572266,1.4898072481155396,1.3034964799880981
1810.3833333333334,3.5010721683502197,1.5576943159103394,-0.004342876374721527,0.004607378505170345,0.007225797511637211,0.5315943360328674,-0.8469557762145996,-1.1210086483288093,-3.0210964679718018,-2.215935707092285,-1.3034964799880981,-2.4619126319885254,2.603186845779419,1.3034964799880981
1810.4,3.501077175140381,1.5576931238174438,-0.004347585141658783,0.004606697242707014,0.007250146009027958,0.5291810035705566,-0.8484654426574707,-1.115314876152706,-3.040201187133789,-0.8668689727783203,-1.3034964799880981,-2.4428768157958984,1.489575743675232,1.3034964799880981
1810.4166666666667,3.5010833740234375,1.557693600654602,-0.004342876374721527,0.004565935116261244,0.00725291995331645,0.5266901254653931,-0.8500142097473145,-1.1094487735576826,-3.059912919998169,-2.2171056270599365,-1.3034964799880981,-2.423079252243042,2.6080050468444824,1.3034964799880981
1810.4333333333334,3.501088857650757,1.5576926469802856,-0.0043475329875946045,0.0045645032078027725,0.007276054471731186,0.5242685079574585,-0.8515095710754395,-1.1037558801535874,-3.0790205001831055,-0.8671415448188782,-1.3034964799880981,-2.4040448665618896,1.4895919561386108,1.3034964799880981
1810.45,3.5010945796966553,1.5576931238174438,-0.004342861473560333,0.0045240470208227634,0.0072793918661773205,0.5217689275741577,-0.8530437350273132,-1.097890251471777,-3.0987353324890137,-2.2153737545013428,-1.3034964799880981,-2.384251832962036,2.6133604049682617,1.3034964799880981
1810.4666666666667,3.5010998249053955,1.557692527770996,-0.004347488284111023,0.0045218090526759624,0.007301187142729759,0.5193389058113098,-0.8545251488685608,-1.0921978886758368,-3.1178464889526367,-0.867584764957428,-1.3034964799880981,-2.3652191162109375,1.489527702331543,1.3034964799880981
1810.4833333333333,3.501105785369873,1.5576931238174438,-0.00434286892414093,0.004481964278966188,0.0073056588880717754,0.5168300867080688,-0.8560450077056885,-1.0863312757656187,-3.1375629901885986,-2.2159950733184814,-1.3034964799880981,-2.3454301357269287,2.618626832962036,1.3034964799880981
1810.5,3.5011112689971924,1.557692527770996,-0.004347510635852814,0.004480213858187199,0.007328248582780361,0.5143908858299255,-0.8575128316879272,-1.080637432406173,-3.1566760540008545,-0.8680158257484436,-1.3034964799880981,-2.3263988494873047,1.489350438117981,1.3034964799880981
1810.5166666666667,3.501116991043091,1.5576931238174438,-0.004342854022979736,0.004439698997884989,0.00733145559206605,0.5118736624717712,-0.859018087387085,-1.0747716524113948,-3.1763975620269775,-2.2161805629730225,-1.3034964799880981,-2.3066155910491943,2.6222023963928223,1.3034964799880981
1810.5333333333333,3.5011227130889893,1.5576930046081543,-0.004347510635852814,0.004437980707734823,0.007354176603257656,0.5094257593154907,-0.8604716062545776,-1.069077043342003,-3.195513963699341,-0.8684175610542297,-1.3034964799880981,-2.2875866889953613,1.4892630577087402,1.3034964799880981
1810.55,3.501128673553467,1.5576939582824707,-0.004342809319496155,0.004396825097501278,0.007356235757470131,0.5068994760513306,-0.8619624972343445,-1.0632103027613808,-3.215238332748413,-2.2165744304656982,-1.3034964799880981,-2.267808198928833,2.625201463699341,1.3034964799880981
1810.5666666666666,3.501133918762207,1.5576938390731812,-0.004347510635852814,0.004394915886223316,0.007378813810646534,0.5044435858726501,-0.8634019494056702,-1.0575167220918136,-3.2343568801879883,-0.8689051866531372,-1.3034964799880981,-2.2487809658050537,1.4890812635421753,1.3034964799880981
1810.5833333333333,3.5011401176452637,1.557694911956787,-0.004342824220657349,0.004354831296950579,0.007382786832749844,0.5019083619117737,-0.8648782968521118,-1.0516491106673493,-3.254085063934326,-2.2156245708465576,-1.3034964799880981,-2.2290077209472656,2.6296260356903076,1.3034964799880981
1810.6,3.501145124435425,1.5576947927474976,-0.004347480833530426,0.00435158796608448,0.007402894552797079,0.4994438588619232,-0.8663037419319153,-1.0459547275486296,-3.2732093334198,-0.8692170977592468,-1.3034964799880981,-2.2099850177764893,1.4890562295913696,1.3034964799880981
1810.6166666666666,3.5011508464813232,1.557695984840393,-0.004342824220657349,0.004311813972890377,0.0074071516282856464,0.4969002604484558,-0.8677651882171631,-1.040087320080532,-3.292940139770508,-2.2156918048858643,-1.3034964799880981,-2.1902167797088623,2.6330678462982178,1.3034964799880981
1810.6333333333334,3.5011563301086426,1.5576961040496826,-0.004347465932369232,0.004309525713324547,0.007429030258208513,0.49442777037620544,-0.8691762685775757,-1.0343934671001362,-3.3120675086975098,-0.8696832060813904,-1.3034964799880981,-2.1711959838867188,1.4888404607772827,1.3034964799880981
1810.65,3.501161813735962,1.5576976537704468,-0.004342786967754364,0.004268859513103962,0.0074315001256763935,0.49187615513801575,-0.8706228733062744,-1.0285269819007883,-3.3318047523498535,-2.214956045150757,-1.3034964799880981,-2.1514334678649902,2.635002374649048,1.3034964799880981
1810.6666666666667,3.5011675357818604,1.557698130607605,-0.004347503185272217,0.004266712814569473,0.0074541158974170685,0.4893956482410431,-0.8720195889472961,-1.0228333691276785,-3.350935220718384,-0.8701041340827942,-1.3034964799880981,-2.132416009902954,1.4886102676391602,1.3034964799880981
1810.6833333333334,3.5011727809906006,1.5576997995376587,-0.004342786967754364,0.00422564335167408,0.007455870043486357,0.486835241317749,-0.8734517097473145,-1.0169658079832113,-3.3706772327423096,-2.214200258255005,-1.3034964799880981,-2.112659215927124,2.6375203132629395,1.3034964799880981
1810.7,3.501178026199341,1.557700276374817,-0.004347480833530426,0.004223716910928488,0.007478692568838596,0.48434650897979736,-0.8748339414596558,-1.011271636632568,-3.3898112773895264,-0.8705261945724487,-1.3034964799880981,-2.0936458110809326,1.488407015800476,1.3034964799880981
1810.7166666666667,3.501183271408081,1.5577020645141602,-0.004342764616012573,0.0041822935454547405,0.007479658350348473,0.48177769780158997,-0.8762515783309937,-1.0054038116654602,-3.4095571041107178,-2.214289903640747,-1.3034964799880981,-2.073894500732422,2.6387135982513428,1.3034964799880981
1810.7333333333333,3.501188039779663,1.5577027797698975,-0.0043475329875946045,0.004181143827736378,0.0075044184923172,0.4792812764644623,-0.877619206905365,-0.9997102409383091,-3.428694725036621,-0.8711769580841064,-1.3034964799880981,-2.054884910583496,1.4881080389022827,1.3034964799880981
1810.75,3.501193046569824,1.557705044746399,-0.0043427348136901855,0.004139246419072151,0.007504453882575035,0.476704478263855,-0.8790217638015747,-0.9938427180359628,-3.448446273803711,-2.215635299682617,-1.3034964799880981,-2.035140037536621,2.640770435333252,1.3034964799880981
1810.7666666666667,3.5011982917785645,1.5577059984207153,-0.004347488284111023,0.004136793315410614,0.007526598405092955,0.4741998314857483,-0.8803752660751343,-0.9881483518638009,-3.4675891399383545,-0.8715422749519348,-1.3034964799880981,-2.016134023666382,1.4879443645477295,1.3034964799880981
1810.7833333333333,3.5012035369873047,1.5577081441879272,-0.004342786967754364,0.004096475429832935,0.007529452443122864,0.471615731716156,-0.8817625641822815,-0.9822826464283133,-3.4873440265655518,-2.215517044067383,-1.3034964799880981,-1.9963948726654053,2.643418550491333,1.3034964799880981
1810.8,3.501208543777466,1.5577094554901123,-0.004347473382949829,0.00409357063472271,0.007550869137048721,0.4691033959388733,-0.8831014633178711,-0.9765884494055226,-3.5064918994903564,-0.8718574643135071,-1.3034964799880981,-1.9773937463760376,1.4878970384597778,1.3034964799880981
1810.8166666666666,3.501213550567627,1.557712197303772,-0.004342749714851379,0.00405201967805624,0.007551292888820171,0.46651121973991394,-0.8844736814498901,-0.9707223876955061,-3.5262532234191895,-2.2152671813964844,-1.3034964799880981,-1.9576603174209595,2.6440622806549072,1.3034964799880981
1810.8333333333333,3.50121808052063,1.557713270187378,-0.00434749573469162,0.004049551207572222,0.007573673967272043,0.46399155259132385,-0.8857979774475098,-0.9650291019010625,-3.5454046726226807,-0.8722339868545532,-1.3034964799880981,-1.9386636018753052,1.487634301185608,1.3034964799880981
1810.85,3.501222610473633,1.5577162504196167,-0.00434277206659317,0.004008594900369644,0.007574995048344135,0.46139106154441833,-0.8871554732322693,-0.9591621275643591,-3.5651707649230957,-2.2137207984924316,-1.3034964799880981,-1.9189369678497314,2.6452581882476807,1.3034964799880981
1810.8666666666666,3.501227378845215,1.5577178001403809,-0.004347518086433411,0.0040059080347418785,0.00759729091078043,0.45886316895484924,-0.888465404510498,-0.9534674099151179,-3.5843276977539062,-0.8726964592933655,-1.3034964799880981,-1.8999453783035278,1.4874074459075928,1.3034964799880981
1810.8833333333334,3.501232385635376,1.5577208995819092,-0.004342749714851379,0.003965210169553757,0.007599077187478542,0.4562547206878662,-0.8898078203201294,-0.9476000478223164,-3.604097604751587,-2.2142200469970703,-1.3034964799880981,-1.8802242279052734,2.645977735519409,1.3034964799880981
1810.9,3.501236915588379,1.5577226877212524,-0.004347480833530426,0.003962009679526091,0.007620370015501976,0.4537196159362793,-0.8911030888557434,-0.9419061003835619,-3.623260259628296,-0.8730802536010742,-1.3034964799880981,-1.8612382411956787,1.4872119426727295,1.3034964799880981
1810.9166666666667,3.5012409687042236,1.5577259063720703,-0.0043427348136901855,0.003920248243957758,0.007619821932166815,0.4511038362979889,-0.892430305480957,-0.9360396216353077,-3.643038272857666,-2.2147488594055176,-1.3034964799880981,-1.8415238857269287,2.6457300186157227,1.3034964799880981
1810.9333333333334,3.5012452602386475,1.5577280521392822,-0.004347518086433411,0.003917792811989784,0.007642977871000767,0.44856134057044983,-0.8937107920646667,-0.9303457797439709,-3.6622047424316406,-0.8735236525535583,-1.3034964799880981,-1.822542428970337,1.48690927028656,1.3034964799880981
1810.95,3.5012495517730713,1.5577313899993896,-0.004342749714851379,0.003876965492963791,0.0076440442353487015,0.4459376931190491,-0.8950228691101074,-0.9244787297953,-3.6819870471954346,-2.213858127593994,-1.3034964799880981,-1.802834391593933,2.6464076042175293,1.3034964799880981
1810.9666666666667,3.501253366470337,1.5577335357666016,-0.004347503185272217,0.003873838111758232,0.007665771059691906,0.44338807463645935,-0.8962886333465576,-0.9187854527354988,-3.701160430908203,-0.8737639784812927,-1.3034964799880981,-1.7838585376739502,1.4868329763412476,1.3034964799880981
1810.9833333333333,3.5012574195861816,1.557737112045288,-0.0043427422642707825,0.003832548391073942,0.007665940560400486,0.44075700640678406,-0.8975855112075806,-0.9129186865168235,-3.720949649810791,-2.213308095932007,-1.3034964799880981,-1.7641565799713135,2.6454010009765625,1.3034964799880981
1811.0,3.5012617111206055,1.5577396154403687,-0.004347503185272217,0.0038294903934001923,0.007687824312597513,0.43819984793663025,-0.8988363742828369,-0.9072246690365176,-3.7401278018951416,-0.8741917610168457,-1.3034964799880981,-1.74518620967865,1.4866197109222412,1.3034964799880981
1811.0166666666667,3.501265525817871,1.5577436685562134,-0.004342727363109589,0.0037877270951867104,0.007687161676585674,0.4355613589286804,-0.9001182317733765,-0.9013580884422175,-3.7599220275878906,-2.2139320373535156,-1.3034964799880981,-1.7254908084869385,2.644644260406494,1.3034964799880981
1811.0333333333333,3.5012688636779785,1.5577465295791626,-0.004347510635852814,0.003784632310271263,0.007709093391895294,0.4329972565174103,-0.901354193687439,-0.8956646235842873,-3.7791054248809814,-0.8746991753578186,-1.3034964799880981,-1.7065263986587524,1.486295223236084,1.3034964799880981
1811.05,3.5012729167938232,1.5577505826950073,-0.0043427348136901855,0.003743399865925312,0.007709149271249771,0.43035128712654114,-0.902620792388916,-0.8897977763120574,-3.798905372619629,-2.2153804302215576,-1.3034964799880981,-1.6868367195129395,2.643465280532837,1.3034964799880981
1811.0666666666666,3.501277208328247,1.557753324508667,-0.004347540438175201,0.0037401821464300156,0.007731103803962469,0.4277799725532532,-0.9038419723510742,-0.884104071887376,-3.8180954456329346,-0.8751980066299438,-1.3034964799880981,-1.667878270149231,1.4860048294067383,1.3034964799880981
1811.0833333333333,3.5012810230255127,1.5577576160430908,-0.004342749714851379,0.003698932006955147,0.007731155026704073,0.4251270890235901,-0.9050930738449097,-0.8782380235928923,-3.8379006385803223,-2.2166647911071777,-1.3034964799880981,-1.648195505142212,2.642500638961792,1.3034964799880981
1811.1,3.501284599304199,1.55776047706604,-0.004347555339336395,0.0036959555000066757,0.007753594778478146,0.4225486218929291,-0.9062995314598083,-0.8725440755917083,-3.85709547996521,-0.8757917881011963,-1.3034964799880981,-1.6292425394058228,1.4856281280517578,1.3034964799880981
1811.1166666666666,3.5012881755828857,1.5577648878097534,-0.0043427348136901855,0.0036540860310196877,0.007751978002488613,0.4198884069919586,-0.907535195350647,-0.8666776054364557,-3.8769075870513916,-2.2191336154937744,-1.3034964799880981,-1.6095662117004395,2.640721082687378,1.3034964799880981
1811.1333333333334,3.501291513442993,1.5577681064605713,-0.004347555339336395,0.003650862257927656,0.0077743688598275185,0.4173029661178589,-0.9087268114089966,-0.8609835969132376,-3.896108627319336,-0.876365602016449,-1.3034964799880981,-1.5906188488006592,1.4853103160858154,1.3034964799880981
1811.15,3.5012943744659424,1.5577729940414429,-0.004342757165431976,0.003609522245824337,0.007773744873702526,0.41463565826416016,-0.9099470973014832,-0.8551171681407707,-3.915926218032837,-2.2203054428100586,-1.3034964799880981,-1.5709493160247803,2.640241861343384,1.3034964799880981
1811.1666666666667,3.5012969970703125,1.5577763319015503,-0.004347570240497589,0.0036061564460396767,0.007795840036123991,0.41204357147216797,-0.9111236929893494,-0.8494236082304673,-3.935133934020996,-0.8767545223236084,-1.3034964799880981,-1.5520081520080566,1.4851120710372925,1.3034964799880981
1811.1833333333334,3.501300096511841,1.5577812194824219,-0.004342749714851379,0.003564151469618082,0.007793443277478218,0.4093691408634186,-0.9123285412788391,-0.8435568801142899,-3.954958200454712,-2.221815824508667,-1.3034964799880981,-1.5323445796966553,2.637871026992798,1.3034964799880981
1811.2,3.501302719116211,1.5577846765518188,-0.004347585141658783,0.0035607581958174706,0.007816051132977009,0.40676990151405334,-0.9134902358055115,-0.8378624222345354,-3.9741711616516113,-0.8773225545883179,-1.3034964799880981,-1.5134093761444092,1.4847190380096436,1.3034964799880981
1811.2166666666667,3.501305341720581,1.5577900409698486,-0.004342749714851379,0.0035193748772144318,0.007814951241016388,0.4040885269641876,-0.9146795868873596,-0.831995649751268,-3.9940004348754883,-2.224351644515991,-1.3034964799880981,-1.4937520027160645,2.635512351989746,1.3034964799880981
1811.2333333333333,3.501307964324951,1.5577937364578247,-0.004347600042819977,0.003515955526381731,0.00783766619861126,0.40148264169692993,-0.9158263206481934,-0.8263013010563452,-4.013221740722656,-0.8778116703033447,-1.3034964799880981,-1.4748231172561646,1.4844365119934082,1.3034964799880981
1811.25,3.501310110092163,1.5577993392944336,-0.004342757165431976,0.0034743091091513634,0.007835350930690765,0.3987942337989807,-0.9170002937316895,-0.8204341011533599,-4.033059120178223,-2.225889205932617,-1.3034964799880981,-1.4551721811294556,2.632859468460083,1.3034964799880981
1811.2666666666667,3.501312494277954,1.5578033924102783,-0.004347585141658783,0.003470146097242832,0.00785645842552185,0.39618152379989624,-0.9181320071220398,-0.8147391853655002,-4.052285194396973,-0.8781572580337524,-1.3034964799880981,-1.4362499713897705,1.4842138290405273,1.3034964799880981
1811.2833333333333,3.501314640045166,1.5578089952468872,-0.004342786967754364,0.0034290561452507973,0.007855654694139957,0.39348578453063965,-0.9192907810211182,-0.8088707891553332,-4.072126388549805,-2.2266876697540283,-1.3034964799880981,-1.4166048765182495,2.631659746170044,1.3034964799880981
1811.3,3.501316785812378,1.557813286781311,-0.004347585141658783,0.0034247906878590584,0.007876490242779255,0.39086613059043884,-0.9204075336456299,-0.8031748885527864,-4.0913591384887695,-0.8785708546638489,-1.3034964799880981,-1.397688865661621,1.4839990139007568,1.3034964799880981
1811.3166666666666,3.5013186931610107,1.5578192472457886,-0.004342764616012573,0.0033835405483841896,0.007875191979110241,0.3881639242172241,-0.9215503931045532,-0.7973067725553974,-4.111207008361816,-2.2294065952301025,-1.3034964799880981,-1.3780498504638672,2.628203868865967,1.3034964799880981
1811.3333333333333,3.5013203620910645,1.557823896408081,-0.004347577691078186,0.00337881688028574,0.007895269431173801,0.38553789258003235,-0.922652006149292,-0.7916109613234583,-4.130448341369629,-0.8791271448135376,-1.3034964799880981,-1.3591407537460327,1.48365318775177,1.3034964799880981
1811.35,3.5013222694396973,1.5578299760818481,-0.004342779517173767,0.003337498288601637,0.007893513888120651,0.3828295171260834,-0.9237791299819946,-0.7857437354355343,-4.150301456451416,-2.232327461242676,-1.3034964799880981,-1.3395074605941772,2.6254446506500244,1.3034964799880981
1811.3666666666666,3.5013232231140137,1.5578346252441406,-0.004347667098045349,0.0033337674103677273,0.007916107773780823,0.3801974952220917,-0.9248654246330261,-0.7800486903681911,-4.169548511505127,-0.8796299695968628,-1.3034964799880981,-1.320603847503662,1.4833393096923828,1.3034964799880981
1811.3833333333334,3.5013246536254883,1.5578408241271973,-0.004342764616012573,0.003291575238108635,0.007911954075098038,0.377482533454895,-0.9259771108627319,-0.7741812919602944,-4.189410209655762,-2.234308958053589,-1.3034964799880981,-1.300977110862732,2.620901346206665,1.3034964799880981
1811.4,3.501326084136963,1.5578455924987793,-0.004347704350948334,0.0032880790531635284,0.007936026901006699,0.3748444616794586,-0.9270479083061218,-0.7684865678915046,-4.20866060256958,-0.8801132440567017,-1.3034964799880981,-1.2820796966552734,1.4829177856445312,1.3034964799880981
1811.4166666666667,3.5013275146484375,1.5578523874282837,-0.0043427422642707825,0.0032461192458868027,0.00793176144361496,0.3721226751804352,-0.9281439781188965,-0.7626181693707613,-4.228528022766113,-2.2364091873168945,-1.3034964799880981,-1.2624586820602417,2.6173222064971924,1.3034964799880981
1811.4333333333334,3.501328706741333,1.5578570365905762,-0.004347674548625946,0.003241931088268757,0.007954107597470284,0.36947837471961975,-0.9291995763778687,-0.7569232675321867,-4.247786521911621,-0.8804266452789307,-1.3034964799880981,-1.2435678243637085,1.482718825340271,1.3034964799880981
1811.45,3.5013301372528076,1.5578638315200806,-0.004342779517173767,0.0032006623223423958,0.007951541803777218,0.36675071716308594,-0.9302796721458435,-0.7510557698407377,-4.267660140991211,-2.2384166717529297,-1.3034964799880981,-1.2239514589309692,2.6135950088500977,1.3034964799880981
1811.4666666666667,3.501330852508545,1.5578689575195312,-0.004347652196884155,0.003195679746568203,0.007972362451255322,0.3641003966331482,-0.9313199520111084,-0.7453609339964966,-4.286925792694092,-0.8808527588844299,-1.3034964799880981,-1.2050676345825195,1.482546091079712,1.3034964799880981
1811.4833333333333,3.5013318061828613,1.5578759908676147,-0.004342824220657349,0.0031544463708996773,0.007969601079821587,0.36136651039123535,-0.9323843717575073,-0.7394934259610639,-4.3068037033081055,-2.2412161827087402,-1.3034964799880981,-1.1854571104049683,2.6105024814605713,1.3034964799880981
1811.5,3.5013325214385986,1.557881236076355,-0.004347696900367737,0.0031500589102506638,0.007991649210453033,0.35871008038520813,-0.9334094524383545,-0.7337983501315307,-4.326074600219727,-0.8811812400817871,-1.3034964799880981,-1.1665797233581543,1.4822957515716553,1.3034964799880981
1811.5166666666667,3.501332998275757,1.5578886270523071,-0.004342794418334961,0.0031078336760401726,0.007986501790583134,0.3559701144695282,-0.9344580173492432,-0.7279308668263327,-4.345959663391113,-2.243710994720459,-1.3034964799880981,-1.1469742059707642,2.6041176319122314,1.3034964799880981
1811.5333333333333,3.501333475112915,1.557893991470337,-0.00434768944978714,0.0031031458638608456,0.008008253760635853,0.3533080518245697,-0.935467541217804,-0.722236274176162,-4.365238189697266,-0.8815574049949646,-1.3034964799880981,-1.1281030178070068,1.4819804430007935,1.3034964799880981
1811.55,3.501333236694336,1.5579012632369995,-0.004342854022979736,0.003061877563595772,0.008004835806787014,0.35056251287460327,-0.9365001320838928,-0.7163697839050569,-4.385128974914551,-2.2448856830596924,-1.3034964799880981,-1.108502984046936,2.6003053188323975,1.3034964799880981
1811.5666666666666,3.501333713531494,1.557906985282898,-0.004347696900367737,0.0030570905655622482,0.00802688580006361,0.3478943705558777,-0.9374942779541016,-0.7106745389740748,-4.404415130615234,-0.8819583654403687,-1.3034964799880981,-1.0896387100219727,1.4816901683807373,1.3034964799880981
1811.5833333333333,3.501332998275757,1.55791437625885,-0.004342861473560333,0.0030158963054418564,0.00802360288798809,0.3451424241065979,-0.9385111331939697,-0.7048070077206706,-4.424311637878418,-2.247861385345459,-1.3034964799880981,-1.070043921470642,2.5962042808532715,1.3034964799880981
1811.6,3.501332998275757,1.5579203367233276,-0.004347704350948334,0.0030107051134109497,0.00804467499256134,0.3424686789512634,-0.9394899010658264,-0.6991120187007137,-4.443604469299316,-0.8822778463363647,-1.3034964799880981,-1.051185965538025,1.481471061706543,1.3034964799880981
1811.6166666666666,3.5013322830200195,1.5579279661178589,-0.004342846572399139,0.0029691611416637897,0.008039883337914944,0.33971112966537476,-0.94049072265625,-0.6932449468496751,-4.463507175445557,-2.2513039112091064,-1.3034964799880981,-1.0315953493118286,2.590719699859619,1.3034964799880981
1811.6333333333334,3.5013318061828613,1.557934045791626,-0.004347756505012512,0.0029643597081303596,0.00806255079805851,0.337031751871109,-0.9414541125297546,-0.6875499835296511,-4.482804775238037,-0.8826865553855896,-1.3034964799880981,-1.012743592262268,1.481184720993042,1.3034964799880981
1811.65,3.501330852508545,1.5579416751861572,-0.004342824220657349,0.002922214101999998,0.008055981248617172,0.3342680335044861,-0.9424390196800232,-0.6816819268847742,-4.502714157104492,-2.2542755603790283,-1.3034964799880981,-0.9931581020355225,2.5845284461975098,1.3034964799880981
1811.6666666666667,3.5013303756713867,1.5579477548599243,-0.0043477863073349,0.002917572855949402,0.008079374209046364,0.3315833508968353,-0.9433867335319519,-0.67598739007889,-4.5220160484313965,-0.8831242322921753,-1.3034964799880981,-0.9743124842643738,1.480796217918396,1.3034964799880981
1811.6833333333334,3.5013294219970703,1.5579557418823242,-0.0043428391218185425,0.0028755459934473038,0.008072352036833763,0.3288140296936035,-0.9443557858467102,-0.6701195061185918,-4.541932106018066,-2.257739305496216,-1.3034964799880981,-0.9547314643859863,2.5790953636169434,1.3034964799880981
1811.7,3.501328706741333,1.5579617023468018,-0.004347801208496094,0.002870720811188221,0.008095965720713139,0.32612383365631104,-0.9452879428863525,-0.6644247814927992,-4.561240196228027,-0.8832911849021912,-1.3034964799880981,-0.9358917474746704,1.4806870222091675,1.3034964799880981
1811.7166666666667,3.5013275146484375,1.5579699277877808,-0.004342861473560333,0.0028291214257478714,0.008089774288237095,0.32334911823272705,-0.9462409019470215,-0.6585572442737984,-4.581161022186279,-2.2586240768432617,-1.3034964799880981,-0.9163150191307068,2.5737686157226562,1.3034964799880981
1811.7333333333333,3.5013267993927,1.5579763650894165,-0.004347808659076691,0.00282405037432909,0.008113003335893154,0.32065364718437195,-0.9471575021743774,-0.6528626796461812,-4.600477695465088,-0.8836928009986877,-1.3034964799880981,-0.8974818587303162,1.4804139137268066,1.3034964799880981
1811.75,3.5013248920440674,1.557984709739685,-0.00434286892414093,0.002782371360808611,0.008106222376227379,0.31787338852882385,-0.9480944871902466,-0.6469949958722585,-4.620403289794922,-2.2620952129364014,-1.3034964799880981,-0.8779094815254211,2.569035053253174,1.3034964799880981
1811.7666666666667,3.501323699951172,1.5579910278320312,-0.0043478310108184814,0.0027769673615694046,0.008128776215016842,0.3151724636554718,-0.9489954710006714,-0.6412999603601349,-4.6397247314453125,-0.883830726146698,-1.3034964799880981,-0.8590823411941528,1.480312466621399,1.3034964799880981
1811.7833333333333,3.501321792602539,1.5579991340637207,-0.004342883825302124,0.002735496498644352,0.008122317492961884,0.3123868703842163,-0.9499163031578064,-0.6354323305163208,-4.659655570983887,-2.2641727924346924,-1.3034964799880981,-0.8395137786865234,2.563596248626709,1.3034964799880981
1811.8,3.501319408416748,1.5580058097839355,-0.0043478235602378845,0.0027299276553094387,0.008144893683493137,0.3096808195114136,-0.9508017301559448,-0.6297374205183413,-4.678985118865967,-0.8840620517730713,-1.3034964799880981,-0.820692777633667,1.4800297021865845,1.3034964799880981
1811.8166666666666,3.501317024230957,1.5580140352249146,-0.004342988133430481,0.0026917830109596252,0.008136403746902943,0.30689018964767456,-0.9517062306404114,-0.6238701579992276,-4.698910713195801,-2.2934670448303223,-1.3034964799880981,-0.8011210560798645,2.543461322784424,1.3034964799880981
1811.8333333333333,3.501315116882324,1.5580209493637085,-0.004347845911979675,0.0026825182139873505,0.008160407654941082,0.30417874455451965,-0.9525762796401978,-0.6181747320824873,-4.718250274658203,-0.8845441341400146,-1.3034964799880981,-0.7823074460029602,1.4800000190734863,1.3034964799880981
1811.85,3.501312017440796,1.5580294132232666,-0.004342928528785706,0.0026414822787046432,0.008153896778821945,0.30138230323791504,-0.9534648656845093,-0.6123062400236456,-4.738194942474365,-2.2661449909210205,-1.3034964799880981,-0.762744665145874,2.5489001274108887,1.3034964799880981
1811.8666666666666,3.501310110092163,1.55803644657135,-0.004347868263721466,0.0026358431205153465,0.008176684379577637,0.29866644740104675,-0.9543188810348511,-0.6066118688490548,-4.757535934448242,-0.8846374750137329,-1.3034964799880981,-0.7439364790916443,1.479485034942627,1.3034964799880981
1811.8833333333334,3.501307249069214,1.5580449104309082,-0.004342921078205109,0.0025942418724298477,0.00816881749778986,0.29586511850357056,-0.9551913142204285,-0.6007438395718778,-4.777482509613037,-2.272104263305664,-1.3034964799880981,-0.7243781089782715,2.544492721557617,1.3034964799880981
1811.9,3.5013043880462646,1.5580519437789917,-0.004347875714302063,0.0025880937464535236,0.008190799504518509,0.2931438684463501,-0.9560297131538391,-0.595048384871128,-4.796828746795654,-0.8846530914306641,-1.3034964799880981,-0.7055748105049133,1.4794679880142212,1.3034964799880981
1811.9166666666667,3.5013012886047363,1.5580602884292603,-0.004342913627624512,0.0025471365079283714,0.008184201084077358,0.29033711552619934,-0.9568859338760376,-0.5891794126788076,-4.816780090332031,-2.27429461479187,-1.3034964799880981,-0.6860194802284241,2.538761854171753,1.3034964799880981
1811.9333333333334,3.501298666000366,1.5580675601959229,-0.004347890615463257,0.0025410810485482216,0.008207026869058609,0.28761088848114014,-0.9577087163925171,-0.5834836422806245,-4.836131572723389,-0.8850101828575134,-1.3034964799880981,-0.6672216057777405,1.4791641235351562,1.3034964799880981
1811.95,3.5012950897216797,1.5580763816833496,-0.004342928528785706,0.002499702852219343,0.008198640309274197,0.2847994267940521,-0.9585487842559814,-0.5776151349278705,-4.856088638305664,-2.278733253479004,-1.3034964799880981,-0.6476697325706482,2.532130479812622,1.3034964799880981
1811.9666666666667,3.5012924671173096,1.5580835342407227,-0.0043479278683662415,0.002493293024599552,0.00822110753506422,0.28206896781921387,-0.9593556523323059,-0.5719203652156528,-4.875446319580078,-0.8849641680717468,-1.3034964799880981,-0.6288772225379944,1.4790608882904053,1.3034964799880981
1811.9833333333333,3.501288890838623,1.5580925941467285,-0.004343055188655853,0.002455619163811207,0.008211393840610981,0.27925312519073486,-0.9601792097091675,-0.5660526296967533,-4.895395278930664,-2.3057363033294678,-1.3034964799880981,-0.6093207001686096,2.5119831562042236,1.3034964799880981
1812.0,3.5012853145599365,1.5580995082855225,-0.004347942769527435,0.002445693127810955,0.008236202411353588,0.27651748061180115,-0.9609704613685608,-0.5603567685573774,-4.914761543273926,-0.885473370552063,-1.3034964799880981,-0.5905348062515259,1.4789848327636719,1.3034964799880981
1812.0166666666667,3.5012810230255127,1.5581085681915283,-0.004343092441558838,0.0024083303287625313,0.008226531557738781,0.2736968696117401,-0.9617778062820435,-0.5544889528234288,-4.934717178344727,-2.30611252784729,-1.3034964799880981,-0.5709803104400635,2.5033493041992188,1.3034964799880981
1812.0333333333333,3.5012776851654053,1.5581159591674805,-0.004347935318946838,0.0023978622630238533,0.008249527774751186,0.27095669507980347,-0.9625532031059265,-0.5487930600370864,-4.954090595245361,-0.88555508852005,-1.3034964799880981,-0.5522005558013916,1.4788111448287964,1.3034964799880981
1812.05,3.5012731552124023,1.5581247806549072,-0.004343084990978241,0.002360604703426361,0.008239754475653172,0.26813143491744995,-0.963344156742096,-0.5429251502348866,-4.974050998687744,-2.3081765174865723,-1.3034964799880981,-0.5326482653617859,2.4977855682373047,1.3034964799880981
1812.0666666666666,3.5012691020965576,1.558132290840149,-0.0043479278683662415,0.002349895890802145,0.008262326940894127,0.2653864026069641,-0.9641037583351135,-0.5372283575025759,-4.9934282302856445,-0.8855566382408142,-1.3034964799880981,-0.5138733983039856,1.478721022605896,1.3034964799880981
1812.0833333333333,3.5012645721435547,1.5581412315368652,-0.004343137145042419,0.0023128879256546497,0.0082535520195961,0.2625572979450226,-0.9648784399032593,-0.5313619944408685,-5.013391494750977,-2.3094072341918945,-1.3034964799880981,-0.49432268738746643,2.4912290573120117,1.3034964799880981
1812.1,3.5012598037719727,1.5581485033035278,-0.0043479278683662415,0.002301969099789858,0.008275717496871948,0.25980764627456665,-0.9656221270561218,-0.525664585377012,-5.032774448394775,-0.8855865597724915,-1.3034964799880981,-0.47555309534072876,1.4785046577453613,1.3034964799880981
1812.1166666666666,3.501255512237549,1.5581576824188232,-0.004343122243881226,0.0022650957107543945,0.008266264572739601,0.25697407126426697,-0.96638023853302,-0.5197980375552375,-5.05273962020874,-2.311267375946045,-1.3034964799880981,-0.4560040831565857,2.4847323894500732,1.3034964799880981
1812.1333333333334,3.501250743865967,1.5581650733947754,-0.004347994923591614,0.002254257909953594,0.008289971388876438,0.25422045588493347,-0.9671081304550171,-0.5141013343056207,-5.072125434875488,-0.885674238204956,-1.3034964799880981,-0.437238872051239,1.4783329963684082,1.3034964799880981
1812.15,3.5012459754943848,1.5581742525100708,-0.004343114793300629,0.0022173472680151463,0.008279761299490929,0.2513819634914398,-0.9678499698638916,-0.5082335665510542,-5.092095851898193,-2.3136510848999023,-1.3034964799880981,-0.417691707611084,2.477144956588745,1.3034964799880981
1812.1666666666667,3.5012412071228027,1.5581814050674438,-0.004347987473011017,0.002206093166023493,0.008302816189825535,0.24862444400787354,-0.9685618877410889,-0.5025374050674354,-5.111485958099365,-0.885696530342102,-1.3034964799880981,-0.3989311456680298,1.4781427383422852,1.3034964799880981
1812.1833333333334,3.5012357234954834,1.5581905841827393,-0.004343152046203613,0.0021689217537641525,0.008290587924420834,0.24578168988227844,-0.9692873954772949,-0.49666961759940526,-5.131459712982178,-2.316267967224121,-1.3034964799880981,-0.3793850839138031,2.4704368114471436,1.3034964799880981
1812.2,3.5012307167053223,1.5581976175308228,-0.004348084330558777,0.0021582231856882572,0.00831589661538601,0.243020161986351,-0.9699832797050476,-0.4909735727846547,-5.150852680206299,-0.8858014941215515,-1.3034964799880981,-0.36062803864479065,1.477906584739685,1.3034964799880981
1812.2166666666667,3.5012247562408447,1.5582066774368286,-0.004343166947364807,0.002121137920767069,0.00830377172678709,0.2401733249425888,-0.9706922173500061,-0.48510587548360906,-5.170830726623535,-2.3182637691497803,-1.3034964799880981,-0.34108346700668335,2.463411569595337,1.3034964799880981
1812.2333333333333,3.5012195110321045,1.5582139492034912,-0.004348047077655792,0.0021098721772432327,0.00832746084779501,0.23740817606449127,-0.9713720083236694,-0.47941054043425624,-5.190229415893555,-0.8857350945472717,-1.3034964799880981,-0.322331041097641,1.4777437448501587,1.3034964799880981
1812.25,3.501213550567627,1.558223009109497,-0.004343181848526001,0.002073371782898903,0.0083168875426054,0.23455782234668732,-0.9720644354820251,-0.4735439943065584,-5.210206508636475,-2.3200321197509766,-1.3034964799880981,-0.30278703570365906,2.4576644897460938,1.3034964799880981
1812.2666666666667,3.5012078285217285,1.5582304000854492,-0.004348061978816986,0.002061734441667795,0.008339779451489449,0.2317887842655182,-0.9727282524108887,-0.4678486518649156,-5.229608535766602,-0.8855260014533997,-1.3034964799880981,-0.2840387225151062,1.4777910709381104,1.3034964799880981
1812.2833333333333,3.501202344894409,1.558239459991455,-0.004343211650848389,0.0020252689719200134,0.008328971453011036,0.22893419861793518,-0.9734041690826416,-0.46198150083121947,-5.249589920043945,-2.3206143379211426,-1.3034964799880981,-0.2644948661327362,2.4507272243499756,1.3034964799880981
1812.3,3.5011966228485107,1.5582467317581177,-0.004348039627075195,0.0020132213830947876,0.008350919932126999,0.2261609137058258,-0.9740519523620605,-0.45628516918862605,-5.268993854522705,-0.8855092525482178,-1.3034964799880981,-0.24575042724609375,1.4775933027267456,1.3034964799880981
1812.3166666666666,3.501190662384033,1.558255672454834,-0.004343211650848389,0.00197687279433012,0.008339907042682171,0.22330226004123688,-0.9747115969657898,-0.4504176713606095,-5.288976669311523,-2.323681116104126,-1.3034964799880981,-0.22620701789855957,2.4445912837982178,1.3034964799880981
1812.3333333333333,3.5011847019195557,1.5582630634307861,-0.004348106682300568,0.0019649844616651535,0.0083633903414011,0.2205251157283783,-0.9753434658050537,-0.444721064495892,-5.308385372161865,-0.8854148983955383,-1.3034964799880981,-0.20746546983718872,1.477505087852478,1.3034964799880981
1812.35,3.501178503036499,1.5582717657089233,-0.004343248903751373,0.0019290256313979626,0.008353041484951973,0.21766290068626404,-0.9759863615036011,-0.43885392293588643,-5.328369617462158,-2.323906660079956,-1.3034964799880981,-0.18792268633842468,2.4387290477752686,1.3034964799880981
1812.3666666666666,3.5011727809906006,1.5582789182662964,-0.00434807687997818,0.0019167698919773102,0.008375507779419422,0.2148825079202652,-0.9766020178794861,-0.4331580184358304,-5.347780704498291,-0.8851863145828247,-1.3034964799880981,-0.1691845953464508,1.4774105548858643,1.3034964799880981
1812.3833333333334,3.501166820526123,1.5582879781723022,-0.004343241453170776,0.001880377996712923,0.00836278311908245,0.21201640367507935,-0.977228581905365,-0.427290480598977,-5.367766380310059,-2.3254904747009277,-1.3034964799880981,-0.1496412605047226,2.431335687637329,1.3034964799880981
1812.4,3.5011608600616455,1.5582950115203857,-0.004348129034042358,0.001868181861937046,0.008386258967220783,0.2092330902814865,-0.9778279662132263,-0.4215957753536691,-5.387178421020508,-0.8851062655448914,-1.3034964799880981,-0.13090573251247406,1.4772497415542603,1.3034964799880981
1812.4166666666667,3.5011537075042725,1.5583040714263916,-0.0043432265520095825,0.001832042820751667,0.00837351568043232,0.20636430382728577,-0.9784376621246338,-0.41573001924953323,-5.40716552734375,-2.326537609100342,-1.3034964799880981,-0.11136214435100555,2.424837827682495,1.3034964799880981
1812.4333333333334,3.501147985458374,1.5583112239837646,-0.004348143935203552,0.0018196008168160915,0.008396502584218979,0.203578382730484,-0.9790209531784058,-0.41003703522600565,-5.426578521728516,-0.8848716616630554,-1.3034964799880981,-0.09262966364622116,1.4771084785461426,1.3034964799880981
1812.45,3.501140832901001,1.5583200454711914,-0.0043432265520095825,0.0017835702747106552,0.008383354172110558,0.20070618391036987,-0.9796139001846313,-0.40417135056783027,-5.446566581726074,-2.327092409133911,-1.3034964799880981,-0.07308533787727356,2.4181039333343506,1.3034964799880981
1812.4666666666667,3.5011346340179443,1.558327317237854,-0.00434817373752594,0.0017710463143885136,0.008407535962760448,0.19791670143604279,-0.980181097984314,-0.3984778834596589,-5.4659810066223145,-0.8847219347953796,-1.3034964799880981,-0.05435509234666824,1.476976990699768,1.3034964799880981
1812.4833333333333,3.501127243041992,1.5583363771438599,-0.004343241453170776,0.0017348621040582657,0.008393589407205582,0.19504143297672272,-0.980757474899292,-0.3926128661852384,-5.4859700202941895,-2.3278086185455322,-1.3034964799880981,-0.034810278564691544,2.411994695663452,1.3034964799880981
1812.5,3.5011210441589355,1.558343529701233,-0.004348188638687134,0.0017222599126398563,0.008417152799665928,0.19224856793880463,-0.98130863904953,-0.3869191086638428,-5.5053863525390625,-0.8844545483589172,-1.3034964799880981,-0.016082046553492546,1.4769411087036133,1.3034964799880981
1812.5166666666667,3.5011138916015625,1.5583522319793701,-0.00434325635433197,0.001686320174485445,0.008402733132243156,0.1893703043460846,-0.981868326663971,-0.38105467003239474,-5.525376319885254,-2.329180955886841,-1.3034964799880981,0.003464252920821309,2.405571937561035,1.3034964799880981
1812.5333333333333,3.5011069774627686,1.5583595037460327,-0.004348225891590118,0.0016737133264541626,0.008427553810179234,0.18657442927360535,-0.9824032783508301,-0.3753611694977101,-5.544792175292969,-0.8841854333877563,-1.3034964799880981,0.022190598770976067,1.4768179655075073,1.3034964799880981
1812.55,3.5010998249053955,1.5583683252334595,-0.004343278706073761,0.0016378848813474178,0.008412744849920273,0.18369288742542267,-0.9829463362693787,-0.3694965400704368,-5.564782619476318,-2.32901668548584,-1.3034964799880981,0.04173843190073967,2.398488998413086,1.3034964799880981
1812.5666666666666,3.5010931491851807,1.5583751201629639,-0.004348225891590118,0.0016246032901108265,0.008436057716608047,0.180894672870636,-0.9834649562835693,-0.36380445657286486,-5.58419942855835,-0.8840534687042236,-1.3034964799880981,0.06046265363693237,1.4766405820846558,1.3034964799880981
1812.5833333333333,3.5010855197906494,1.5583837032318115,-0.004343278706073761,0.0015892665833234787,0.008422723971307278,0.17801032960414886,-0.9839912056922913,-0.3579403899175274,-5.604186534881592,-2.33129620552063,-1.3034964799880981,0.08001164346933365,2.3953940868377686,1.3034964799880981
1812.6,3.5010788440704346,1.5583903789520264,-0.004348248243331909,0.0015760399401187897,0.008447051979601383,0.17520849406719208,-0.9844939112663269,-0.35224699717287744,-5.6236042976379395,-0.8835347890853882,-1.3034964799880981,0.09873498231172562,1.4767392873764038,1.3034964799880981
1812.6166666666666,3.501070976257324,1.5583990812301636,-0.004343308508396149,0.0015406450256705284,0.008432195521891117,0.17232094705104828,-0.9850035905838013,-0.346382517188388,-5.643593788146973,-2.330986738204956,-1.3034964799880981,0.11828617751598358,2.388059377670288,1.3034964799880981
1812.6333333333334,3.501063823699951,1.5584055185317993,-0.004348233342170715,0.001527230255305767,0.008456137962639332,0.1695161908864975,-0.9854898452758789,-0.3406889089628236,-5.663010597229004,-0.8833531737327576,-1.3034964799880981,0.137008398771286,1.4766042232513428,1.3034964799880981
1812.65,3.5010569095611572,1.5584138631820679,-0.0043433308601379395,0.001491796225309372,0.008441125974059105,0.1666262447834015,-0.9859828948974609,-0.3348254904560163,-5.682995796203613,-2.332982063293457,-1.3034964799880981,0.15656176209449768,2.382761240005493,1.3034964799880981
1812.6666666666667,3.501049757003784,1.5584204196929932,-0.004348240792751312,0.0014780187048017979,0.008463798090815544,0.16381876170635223,-0.9864530563354492,-0.32913199165586143,-5.702413082122803,-0.8829191327095032,-1.3034964799880981,0.17528319358825684,1.4766308069229126,1.3034964799880981
1812.6833333333334,3.501041889190674,1.5584286451339722,-0.0043433308601379395,0.0014428426511585712,0.008448117412626743,0.16092607378959656,-0.9869292974472046,-0.32326865534011423,-5.722397327423096,-2.3322014808654785,-1.3034964799880981,0.19483894109725952,2.378155469894409,1.3034964799880981
1812.7,3.501035451889038,1.558435082435608,-0.004348292946815491,0.0014292760752141476,0.00847328919917345,0.15811558067798615,-0.987383246421814,-0.3175744715981415,-5.7418131828308105,-0.8824591636657715,-1.3034964799880981,0.21356026828289032,1.4765543937683105,1.3034964799880981
1812.7166666666667,3.501027822494507,1.5584431886672974,-0.004343345761299133,0.0013942155055701733,0.008458280935883522,0.15522027015686035,-0.9878427386283875,-0.3117113016857152,-5.7617974281311035,-2.3289992809295654,-1.3034964799880981,0.23311874270439148,2.3721160888671875,1.3034964799880981
1812.7333333333333,3.501020669937134,1.5584497451782227,-0.004348263144493103,0.0013799513690173626,0.008480130694806576,0.15240804851055145,-0.9882802963256836,-0.30601881471761855,-5.7812113761901855,-0.8821234703063965,-1.3034964799880981,0.25183889269828796,1.4765260219573975,1.3034964799880981
1812.75,3.5010128021240234,1.558457851409912,-0.004343360662460327,0.0013453108258545399,0.008466042578220367,0.1495101898908615,-0.9887230396270752,-0.3001557646976076,-5.801190376281738,-2.3298819065093994,-1.3034964799880981,0.271400511264801,2.369138717651367,1.3034964799880981
1812.7666666666667,3.5010054111480713,1.5584642887115479,-0.004348263144493103,0.0013309027999639511,0.008488166145980358,0.1466955691576004,-0.9891443252563477,-0.2944634468570363,-5.82060432434082,-0.8816019892692566,-1.3034964799880981,0.29012107849121094,1.4766485691070557,1.3034964799880981
1812.7833333333333,3.500997304916382,1.5584723949432373,-0.00434335321187973,0.0012962697073817253,0.008472784422338009,0.14379550516605377,-0.9895702600479126,-0.2886010008771237,-5.840582847595215,-2.3298733234405518,-1.3034964799880981,0.3096857964992523,2.363964557647705,1.3034964799880981
1812.8,3.500990152359009,1.5584784746170044,-0.004348322749137878,0.0012817266397178173,0.008495897985994816,0.14097853004932404,-0.9899753332138062,-0.28290877452279617,-5.8599934577941895,-0.8812854290008545,-1.3034964799880981,0.3284071385860443,1.4764643907546997,1.3034964799880981
1812.8166666666666,3.5009825229644775,1.5584861040115356,-0.004343368113040924,0.0012473482638597488,0.008481155149638653,0.13807626068592072,-0.9903844594955444,-0.27704674468561186,-5.879967212677002,-2.3311991691589355,-1.3034964799880981,0.347975492477417,2.3592517375946045,1.3034964799880981
1812.8333333333333,3.5009748935699463,1.5584921836853027,-0.0043483152985572815,0.0012326431460678577,0.008503158576786518,0.1352570801973343,-0.9907733201980591,-0.2713547097183202,-5.8993754386901855,-0.8806120753288269,-1.3034964799880981,0.36669740080833435,1.4767028093338013,1.3034964799880981
1812.85,3.500966787338257,1.558500051498413,-0.004343383014202118,0.0011981907300651073,0.008486852049827576,0.13235259056091309,-0.9911656379699707,-0.2654928588361463,-5.919346332550049,-2.3275020122528076,-1.3034964799880981,0.38626980781555176,2.3543710708618164,1.3034964799880981
1812.8666666666666,3.500959873199463,1.5585061311721802,-0.0043483152985572815,0.001183264423161745,0.008509306237101555,0.12953133881092072,-0.9915380477905273,-0.25980105009303645,-5.938750743865967,-0.8803526759147644,-1.3034964799880981,0.4049929976463318,1.476491093635559,1.3034964799880981
1812.8833333333334,3.5009520053863525,1.5585135221481323,-0.0043434202671051025,0.0011490732431411743,0.008494325913488865,0.12662461400032043,-0.9919136166572571,-0.25393918105335295,-5.958718776702881,-2.328209161758423,-1.3034964799880981,0.42456865310668945,2.35174298286438,1.3034964799880981
1812.9,3.5009443759918213,1.5585193634033203,-0.004348360002040863,0.0011342312209308147,0.008517765440046787,0.1238013207912445,-0.99226975440979,-0.24824751304735412,-5.978119373321533,-0.879575252532959,-1.3034964799880981,0.4432934522628784,1.476644515991211,1.3034964799880981
1812.9166666666667,3.500936269760132,1.5585269927978516,-0.004343383014202118,0.0011001108214259148,0.008500467985868454,0.12089270353317261,-0.9926285743713379,-0.24238610983342773,-5.998083591461182,-2.324793815612793,-1.3034964799880981,0.46287375688552856,2.346275806427002,1.3034964799880981
1812.9333333333334,3.500929355621338,1.558532953262329,-0.00434836745262146,0.001084890216588974,0.008523663505911827,0.11806830763816833,-0.9929683208465576,-0.23669627994595568,-6.017482280731201,-0.8793041110038757,-1.3034964799880981,0.48160019516944885,1.4765403270721436,1.3034964799880981
1812.95,3.5009214878082275,1.5585401058197021,-0.004343405365943909,0.0010508662089705467,0.008507037535309792,0.11515817046165466,-0.9933100938796997,-0.23083585357118216,-6.037440776824951,-2.325549602508545,-1.3034964799880981,0.5011845827102661,2.3437747955322266,1.3034964799880981
1812.9666666666667,3.5009145736694336,1.5585459470748901,-0.004348382353782654,0.0010355734266340733,0.008529771119356155,0.11233124136924744,-0.9936336874961853,-0.2251447966793335,-6.0568342208862305,-0.8785467743873596,-1.3034964799880981,0.5199132561683655,1.4766902923583984,1.3034964799880981
1812.9833333333333,3.500906467437744,1.5585534572601318,-0.0043434202671051025,0.0010017398744821548,0.008512417785823345,0.10941947996616364,-0.9939586520195007,-0.21928498268194416,-6.076789379119873,-2.322812795639038,-1.3034964799880981,0.5395029187202454,2.339501142501831,1.3034964799880981
1813.0,3.5009000301361084,1.5585590600967407,-0.004348389804363251,0.0009862822480499744,0.008534977212548256,0.10659101605415344,-0.9942657947540283,-0.21359448211807272,-6.09617805480957,-0.8779893517494202,-1.3034964799880981,0.5582337975502014,1.4767823219299316,1.3034964799880981
1813.0166666666667,3.500892162322998,1.5585658550262451,-0.004343479871749878,0.0009525995701551437,0.008519777096807957,0.10367752611637115,-0.9945740699768066,-0.2077349107026278,-6.1161274909973145,-2.319309711456299,-1.3034964799880981,0.5778286457061768,2.336634635925293,1.3034964799880981
1813.0333333333333,3.500885248184204,1.5585713386535645,-0.004348330199718475,0.0009368197061121464,0.008540544658899307,0.10084762424230576,-0.9948647022247314,-0.20204495583946047,-6.135513782501221,-0.877525269985199,-1.3034964799880981,0.5965614318847656,1.4768435955047607,1.3034964799880981
1813.05,3.5008773803710938,1.5585784912109375,-0.004343457520008087,0.0009034080430865288,0.008525729179382324,0.09793222695589066,-0.9951561689376831,-0.19618503010528593,-6.155455589294434,-2.3208372592926025,-1.3034964799880981,0.6161618828773499,2.3347983360290527,1.3034964799880981
1813.0666666666666,3.500870943069458,1.5585838556289673,-0.004348360002040863,0.0008874200284481049,0.008546590805053711,0.0951010212302208,-0.9954304695129395,-0.1904957472472782,-6.174836158752441,-0.8767399191856384,-1.3034964799880981,0.6348983645439148,1.4770652055740356,1.3034964799880981
1813.0833333333333,3.500864028930664,1.5585907697677612,-0.0043434202671051025,0.0008540810085833073,0.00852867029607296,0.09218434244394302,-0.9957050085067749,-0.18463650522932828,-6.194774627685547,-2.317591905593872,-1.3034964799880981,0.6545042395591736,2.331550359725952,1.3034964799880981
1813.1,3.500857353210449,1.5585960149765015,-0.004348397254943848,0.0008380357176065445,0.00855178851634264,0.08935140073299408,-0.9959630370140076,-0.17894684502008298,-6.214146137237549,-0.8762781023979187,-1.3034964799880981,0.6732446551322937,1.4769331216812134,1.3034964799880981
1813.1166666666666,3.500849962234497,1.5586028099060059,-0.00434345006942749,0.0008048126474022865,0.008534458465874195,0.0864332914352417,-0.9962207078933716,-0.17308781682145752,-6.234079360961914,-2.315412998199463,-1.3034964799880981,0.6928555369377136,2.329437017440796,1.3034964799880981
1813.1333333333334,3.5008435249328613,1.558608055114746,-0.004348427057266235,0.0007886113598942757,0.008556175976991653,0.08359881490468979,-0.9964624047279358,-0.16739797043548743,-6.253448009490967,-0.8757336735725403,-1.3034964799880981,0.7115997672080994,1.4771473407745361,1.3034964799880981
1813.15,3.5008363723754883,1.55861496925354,-0.004343464970588684,0.0007555568590760231,0.008538803085684776,0.08067965507507324,-0.9967031478881836,-0.1615397148376146,-6.273371696472168,-2.3141846656799316,-1.3034964799880981,0.7312160730361938,2.3292934894561768,1.3034964799880981
1813.1666666666667,3.5008301734924316,1.5586200952529907,-0.004348389804363251,0.000739166047424078,0.008560406044125557,0.07784382998943329,-0.9969284534454346,-0.15584986567361858,6.2736382484436035,-0.8748308420181274,-1.3034964799880981,0.7499648332595825,1.4773991107940674,1.3034964799880981
1813.1833333333334,3.5008230209350586,1.558626413345337,-0.004343479871749878,0.0007063220255076885,0.008543627336621284,0.07492320239543915,-0.9971523880958557,-0.1499913647411381,6.253718376159668,-2.309598684310913,-1.3034964799880981,0.769587516784668,2.3272316455841064,1.3034964799880981
1813.2,3.500817060470581,1.5586313009262085,-0.004348382353782654,0.0006896178238093853,0.008564766496419907,0.07208634912967682,-0.9973613023757935,-0.14430197031827724,6.234362602233887,-0.8743024468421936,-1.3034964799880981,0.7883400321006775,1.477433681488037,1.3034964799880981
1813.2166666666667,3.500810146331787,1.5586379766464233,-0.004343487322330475,0.0006568911485373974,0.00854669138789177,0.06916426122188568,-0.9975684881210327,-0.13844304586403372,6.214450359344482,-2.3078348636627197,-1.3034964799880981,0.8079692125320435,2.326385021209717,1.3034964799880981
1813.2333333333333,3.5008046627044678,1.5586426258087158,-0.0043484121561050415,0.0006400598213076591,0.008568101562559605,0.0663260668516159,-0.9977610111236572,-0.13275328494929606,6.1951003074646,-0.8735805749893188,-1.3034964799880981,0.8267267942428589,1.477620244026184,1.3034964799880981
1813.25,3.500798225402832,1.558648943901062,-0.004343487322330475,0.0006074998527765274,0.008551081642508507,0.06340275704860687,-0.9979511499404907,-0.12689418952269232,6.175196647644043,-2.304044246673584,-1.3034964799880981,0.8463624715805054,2.3253848552703857,1.3034964799880981
1813.2666666666667,3.5007927417755127,1.5586535930633545,-0.0043484121561050415,0.0005906634032726288,0.00857241079211235,0.06056381016969681,-0.9981274008750916,-0.12120506934566148,6.155855655670166,-0.872892439365387,-1.3034964799880981,0.8651247024536133,1.4778270721435547,1.3034964799880981
1813.2833333333333,3.500786542892456,1.5586597919464111,-0.004343457520008087,0.0005580750294029713,0.008553491905331612,0.057639967650175095,-0.9983006119728088,-0.1153470050084354,6.135956287384033,-2.3003768920898438,-1.3034964799880981,0.8847673535346985,2.3238577842712402,1.3034964799880981
1813.3,3.5007810592651367,1.558664321899414,-0.004348434507846832,0.0005410155281424522,0.008575026877224445,0.05479998141527176,-0.9984603524208069,-0.10965773325635958,6.116621494293213,-0.8725275993347168,-1.3034964799880981,0.9035354256629944,1.477884292602539,1.3034964799880981
1813.3166666666666,3.50077486038208,1.5586704015731812,-0.0043435171246528625,0.0005086655728518963,0.008557953871786594,0.05187556892633438,-0.9986167550086975,-0.10380044804732036,6.096731662750244,-2.300136089324951,-1.3034964799880981,0.9231842756271362,2.3253486156463623,1.3034964799880981
1813.3333333333333,3.50076961517334,1.558674931526184,-0.004348397254943848,0.0004914929158985615,0.0085775600746274,0.04903469234704971,-0.9987601041793823,-0.09811114134348424,6.077403545379639,-0.8717162013053894,-1.3034964799880981,0.9419577717781067,1.4782648086547852,1.3034964799880981
1813.35,3.5007638931274414,1.558680772781372,-0.004343494772911072,0.00045932503417134285,0.008559886366128922,0.046109169721603394,-0.9988995790481567,-0.0922533357342572,6.057522773742676,-2.2963690757751465,-1.3034964799880981,0.9616133570671082,2.327104091644287,1.3034964799880981
1813.3666666666666,3.500758647918701,1.5586851835250854,-0.004348389804363251,0.0004418794997036457,0.008581101894378662,0.04326782003045082,-0.9990265369415283,-0.08656465328790991,6.038203716278076,-0.8709316849708557,-1.3034964799880981,0.9803933501243591,1.4785101413726807,1.3034964799880981
1813.3833333333334,3.5007529258728027,1.558691382408142,-0.004343494772911072,0.0004097805358469486,0.008562286384403706,0.04034191742539406,-0.9991490840911865,-0.08070759898580954,6.018326282501221,-2.291741132736206,-1.3034964799880981,1.0000559091567993,2.327157497406006,1.3034964799880981
1813.4,3.5007483959198,1.5586955547332764,-0.004348434507846832,0.0003923955373466015,0.008584348484873772,0.03750002756714821,-0.9992597103118896,-0.07501921164264415,5.999014854431152,-0.8703495860099792,-1.3034964799880981,1.018842101097107,1.4786293506622314,1.3034964799880981
1813.4166666666667,3.5007424354553223,1.5587013959884644,-0.004343479871749878,0.0003603203222155571,0.008564967662096024,0.034573256969451904,-0.9993653297424316,-0.06916173721249581,5.979146480560303,-2.2892611026763916,-1.3034964799880981,1.0385127067565918,2.3260562419891357,1.3034964799880981
1813.4333333333334,3.5007383823394775,1.5587058067321777,-0.004348419606685638,0.00034277234226465225,0.008586608804762363,0.03173166885972023,-0.9994593858718872,-0.06347512601389209,5.95984411239624,-0.8698872923851013,-1.3034964799880981,1.057304859161377,1.478867769241333,1.3034964799880981
1813.45,3.5007333755493164,1.5587116479873657,-0.004343502223491669,0.00031081028282642365,0.008566745556890965,0.02880432829260826,-0.9995482563972473,-0.05761764446645495,5.9399847984313965,-2.2872157096862793,-1.3034964799880981,1.0769823789596558,2.328500270843506,1.3034964799880981
1813.4666666666667,3.5007288455963135,1.5587159395217896,-0.004348419606685638,0.00029313890263438225,0.008588404394686222,0.025961969047784805,-0.9996259808540344,-0.05193048584707689,5.920690059661865,-0.8691171407699585,-1.3034964799880981,1.0957821607589722,1.4792289733886719,1.3034964799880981
1813.4833333333333,3.5007240772247314,1.5587214231491089,-0.004343472421169281,0.00026147300377488136,0.008568277582526207,0.023034388199448586,-0.9996978640556335,-0.046073443914761675,5.90083646774292,-2.2835757732391357,-1.3034964799880981,1.115466833114624,2.329832077026367,1.3034964799880981
1813.5,3.5007200241088867,1.5587255954742432,-0.004348397254943848,0.00024352967739105225,0.00858885608613491,0.020191315561532974,-0.9997591972351074,-0.04038566202586373,5.8815484046936035,-0.8686168789863586,-1.3034964799880981,1.1342735290527344,1.4794557094573975,1.3034964799880981
1813.5166666666667,3.5007152557373047,1.558731198310852,-0.004343494772911072,0.00021201558411121368,0.008570020087063313,0.017263581976294518,-0.9998140931129456,-0.03452904579474234,5.861703395843506,-2.2816884517669678,-1.3034964799880981,1.1539654731750488,2.3335320949554443,1.3034964799880981
1813.5333333333333,3.500711679458618,1.5587353706359863,-0.0043484121561050415,0.00019385619089007378,0.008591725490987301,0.014419947750866413,-0.999859094619751,-0.028840757974285335,5.84242582321167,-0.8679283261299133,-1.3034964799880981,1.1727794408798218,1.479828953742981,1.3034964799880981
1813.55,3.5007071495056152,1.5587409734725952,-0.004343479871749878,0.00016251252964138985,0.008569806814193726,0.011491677723824978,-0.9998971819877625,-0.02298360702394457,5.8225860595703125,-2.279324769973755,-1.3034964799880981,1.192478060722351,2.3354709148406982,1.3034964799880981
1813.5666666666666,3.5007035732269287,1.55874502658844,-0.004348404705524445,0.0001443503424525261,0.00859103910624981,0.008648132905364037,-0.9999256730079651,-0.01729591582826564,5.803316116333008,-0.867272138595581,-1.3034964799880981,1.211300015449524,1.480149745941162,1.3034964799880981
1813.5833333333333,3.5007002353668213,1.5587505102157593,-0.004343494772911072,0.00011301832273602486,0.008571891114115715,0.005719710607081652,-0.9999468922615051,-0.01143880673103566,5.783487319946289,-2.274815320968628,-1.3034964799880981,1.2310059070587158,2.339599370956421,1.3034964799880981
1813.6,3.500696897506714,1.5587544441223145,-0.00434836745262146,9.474065154790878e-05,0.008592220954596996,0.002876526676118374,-0.9999588131904602,-0.005752069405907958,5.764224529266357,-0.8666034936904907,-1.3034964799880981,1.2498347759246826,1.4805768728256226,1.3034964799880981
1813.6166666666666,3.500692844390869,1.5587598085403442,-0.004343494772911072,6.350083276629448e-05,0.008571385405957699,-5.201424937695265e-05,-0.9999632239341736,0.00010512870072604442,5.744402885437012,-2.273291826248169,-1.3034964799880981,1.2695485353469849,2.3415944576263428,1.3034964799880981
1813.6333333333334,3.500690221786499,1.5587637424468994,-0.004348374903202057,4.51928935945034e-05,0.008592608384788036,-0.002895049750804901,-0.999958872795105,0.005791525569435432,5.7251482009887695,-0.866100013256073,-1.3034964799880981,1.2883855104446411,1.480827808380127,1.3034964799880981
1813.65,3.5006864070892334,1.5587692260742188,-0.004343487322330475,1.409929245710373e-05,0.00857233814895153,-0.005823325831443071,-0.9999462366104126,0.011648242446324427,5.7053351402282715,-2.270021677017212,-1.3034964799880981,1.3081064224243164,2.3463292121887207,1.3034964799880981
1813.6666666666667,3.5006840229034424,1.5587732791900635,-0.004348382353782654,-4.411209374666214e-06,0.008592692203819752,-0.008666804060339928,-0.9999255537986755,0.017335669817926568,5.686087608337402,-0.8654769659042358,-1.3034964799880981,1.326951265335083,1.481323003768921,1.3034964799880981
1813.6833333333334,3.500680685043335,1.5587786436080933,-0.0043435171246528625,-3.541400656104088e-05,0.008572563529014587,-0.011595111340284348,-0.9998959898948669,0.023192691029064284,5.666282653808594,-2.26826548576355,-1.3034964799880981,1.3466801643371582,2.3493800163269043,1.3034964799880981
1813.7,3.500678539276123,1.5587824583053589,-0.004348330199718475,-5.4040923714637756e-05,0.008592242375016212,-0.014438795857131481,-0.9998587369918823,0.028880862135687246,5.6470441818237305,-0.8648839592933655,-1.2491841316223145,1.3655329942703247,1.4817252159118652,1.2491841316223145
1813.7166666666667,3.5006754398345947,1.5587880611419678,-0.004343554377555847,-8.453754708170891e-05,0.008571364916861057,-0.017293330281972885,-0.9998136758804321,0.03459074655120403,5.628076076507568,-2.8271143436431885,-1.2491841316223145,1.384618878364563,2.559457778930664,1.2491841316223145
1813.7333333333333,3.500674247741699,1.5587910413742065,-0.004347644746303558,-0.00010479427874088287,0.008587884716689587,-0.020003171637654305,-0.999763011932373,0.04001163825576107,5.6097798347473145,-0.7936594486236572,-1.140559434890747,1.4027291536331177,1.4387866258621216,1.140559434890747
1813.75,3.5006704330444336,1.5587964057922363,-0.004344142973423004,-0.00013202521950006485,0.008573108352720737,-0.02265571616590023,-0.9997066259384155,0.045318046140541926,5.592583656311035,-3.32084584236145,-1.0862470865249634,1.4201632738113403,2.865250825881958,1.0862470865249634
1813.7666666666667,3.5006699562072754,1.5587985515594482,-0.004347294569015503,-0.00014936784282326698,0.008586251176893711,-0.02499247156083584,-0.9996507167816162,0.049993111415446594,5.576869010925293,-0.6869129538536072,-1.0319347381591797,1.4358810186386108,1.2630668878555298,1.0319347381591797
1813.7833333333333,3.500666618347168,1.5588029623031616,-0.00434519350528717,-0.00017325486987829208,0.008576963096857071,-0.027329007163643837,-0.9995896816253662,0.054667883010364154,5.561680316925049,-2.8468053340911865,-0.977622389793396,1.4512290954589844,2.505157232284546,0.977622389793396
1813.8,3.5006661415100098,1.5588045120239258,-0.004348419606685638,-0.00018397439271211624,0.008590832352638245,-0.029404018074274063,-0.9995306730270386,0.05881986687920453,5.547776699066162,-0.6519774198532104,-0.9233100414276123,1.4651614427566528,1.1033706665039062,0.9233100414276123
1813.8166666666666,3.500663995742798,1.5588083267211914,-0.004345700144767761,-0.00021198950707912445,0.008579145185649395,-0.03147118538618088,-0.9994677305221558,0.06295607672952787,5.534327030181885,-2.387432098388672,-0.9233100414276123,1.478742241859436,2.052626132965088,0.9233100414276123
1813.8333333333333,3.500664472579956,1.5588096380233765,-0.004349365830421448,-0.0002153855748474598,0.008593994192779064,-0.0333629809319973,-0.9994063377380371,0.06674204339318687,5.521618366241455,-0.6381268501281738,-0.8146852850914001,1.4914791584014893,0.9914445281028748,0.8146852850914001
1813.85,3.5006635189056396,1.5588127374649048,-0.004345983266830444,-0.00024402188137173653,0.00857766717672348,-0.03520236164331436,-0.9993432760238647,0.07042285733449831,5.5096869468688965,-1.8594640493392944,-0.7603729367256165,1.5035991668701172,0.6006536483764648,0.7603729367256165
1813.8666666666666,3.5006723403930664,1.5588139295578003,-0.004348680377006531,-0.00024629454128444195,0.008588963188230991,-0.03682144731283188,-0.9992848634719849,0.07366346784285095,5.499352931976318,-1.1555074453353882,-0.7060605883598328,1.5146870613098145,0.5399206876754761,0.7060605883598328
1813.8833333333334,3.500675916671753,1.558815360069275,-0.004347361624240875,-0.0002654485870152712,0.00858425721526146,-0.03833838552236557,-0.9992278814315796,0.07669949245704667,5.489622116088867,-1.3256945610046387,-0.6517482399940491,1.5248136520385742,0.6982831954956055,0.6517482399940491
1813.9,3.5006814002990723,1.5588170289993286,-0.004348620772361755,-0.0002738356124609709,0.008587462827563286,-0.03969518840312958,-0.9991748332977295,0.07941532489112678,5.480963230133057,-1.0917997360229492,-0.5974358916282654,1.5339211225509644,0.7052311301231384,0.5974358916282654
1813.9166666666667,3.500684976577759,1.5588184595108032,-0.004348538815975189,-0.00028615398332476616,0.008588552474975586,-0.04092961922287941,-0.999125063419342,0.08188626323775683,5.473042011260986,-0.9191030263900757,-0.5974358916282654,1.5421708822250366,0.8012893795967102,0.5974358916282654
1813.9333333333334,3.5006871223449707,1.558821201324463,-0.004349112510681152,-0.00029958016239106655,0.008590525016188622,-0.04209937900304794,-0.9990764856338501,0.08422783809251101,5.465159893035889,-0.4346993565559387,-0.488811194896698,1.5499566793441772,1.098311185836792,0.488811194896698
1813.95,3.5006866455078125,1.558822512626648,-0.004349365830421448,-0.0003031836822628975,0.008590571582317352,-0.04311368241906166,-0.9990332126617432,0.08625845109134611,5.458568572998047,-0.8906040787696838,-0.4344988465309143,1.5566385984420776,0.9838027358055115,0.4344988465309143
1813.9666666666667,3.5006868839263916,1.5588232278823853,-0.004349797964096069,-0.00031555979512631893,0.008592785336077213,-0.043955136090517044,-0.9989964962005615,0.0879429316061878,5.453116416931152,-0.6704026460647583,-0.3801864683628082,1.5622085332870483,0.1963500827550888,0.3801864683628082
1813.9833333333333,3.500690221786499,1.5588241815567017,-0.004348725080490112,-0.000323903514072299,0.008588571101427078,-0.04468676447868347,-0.9989641308784485,0.08940764559462455,5.44845724105835,-0.5186053514480591,-0.32587411999702454,1.5671358108520508,0.5533792972564697,0.32587411999702454
1814.0,3.500694751739502,1.5588247776031494,-0.004350893199443817,-0.00032972218468785286,0.008596844971179962,-0.04526063799858093,-0.9989381432533264,0.09055658970033167,5.444819927215576,-0.2943120300769806,-0.27156177163124084,1.570598840713501,0.4152393341064453,0.27156177163124084
1814.0166666666667,3.5006980895996094,1.5588256120681763,-0.004348985850811005,-0.00033596460707485676,0.008589625358581543,-0.04574153944849968,-0.9989162683486938,0.09151937474070221,5.441765308380127,0.13221609592437744,-0.27156177163124084,1.5738694667816162,0.44741347432136536,0.27156177163124084
1814.0333333333333,3.5006980895996094,1.5588266849517822,-0.0043517351150512695,-0.0003391264472156763,0.008600587025284767,-0.04613263159990311,-0.9988982677459717,0.09230244429829984,5.4388346672058105,0.19172899425029755,-0.16293705999851227,1.5764273405075073,-0.015774033963680267,0.16293705999851227
1814.05,3.500701427459717,1.5588270425796509,-0.004350289702415466,-0.00033773062750697136,0.00859321653842926,-0.0463838167488575,-0.9988865256309509,0.09280540412615998,5.437250137329102,0.2012546956539154,-0.10862470418214798,1.5781692266464233,0.3284665048122406,0.10862470418214798
1814.0666666666666,3.500701904296875,1.55882728099823,-0.004353806376457214,-0.00034256046637892723,0.008611347526311874,-0.04648175463080406,-0.998881995677948,0.09300147814059362,5.436624050140381,0.24400290846824646,-0.05431235209107399,1.578832745552063,0.17509444057941437,0.05431235209107399
1814.0833333333333,3.500704288482666,1.5588276386260986,-0.004355907440185547,-0.00033931084908545017,0.008626660332083702,-0.04648098722100258,-0.9988817572593689,0.09300001053061888,5.4367170333862305,0.0020966497249901295,0.0,1.5789034366607666,0.05472389608621597,0.0
1814.1,3.500685930252075,1.558825969696045,-0.004354149103164673,-0.0003414764069020748,0.00871073454618454,-0.0464782677590847,-0.9988812804222107,0.09299468562643365,5.436233997344971,0.028633203357458115,0.0,1.578342080116272,0.006418668199330568,0.0
1814.1166666666666,3.5006842613220215,1.5588252544403076,-0.004338309168815613,-0.0003273806069046259,0.008551585488021374,-0.04648098349571228,-0.998882532119751,0.09300008914939588,5.436230659484863,0.04338354989886284,0.0,1.5783830881118774,-0.0384320393204689,0.0
1814.1333333333334,3.500675678253174,1.558824896812439,-0.004362471401691437,-0.00034762825816869736,0.00875538308173418,-0.04646478593349457,-0.9988815188407898,0.09296766092383488,5.43602180480957,0.030362138524651527,0.0,1.5779526233673096,0.018154766410589218,0.0
1814.15,3.500673770904541,1.5588245391845703,-0.004334889352321625,-0.00032681808806955814,0.008537828922271729,-0.046466633677482605,-0.9988832473754883,0.09297133459549209,5.436028480529785,0.0416206419467926,0.0,1.577992558479309,-0.034605663269758224,0.0
1814.1666666666667,3.5006654262542725,1.558824062347412,-0.004363641142845154,-0.0003478783182799816,0.008751542307436466,-0.04645204916596413,-0.9988821744918823,0.09294214858388275,5.435816287994385,0.03048919327557087,0.0,1.5775845050811768,0.019044304266572,0.0
1814.1833333333334,3.5006630420684814,1.558823585510254,-0.004334688186645508,-0.0003262525424361229,0.008538428694009781,-0.04645475000143051,-0.998883843421936,0.09294755407883498,5.435819149017334,0.04086417704820633,0.0,1.5776277780532837,-0.03378022462129593,0.0
1814.2,3.500655174255371,1.5588228702545166,-0.0043604373931884766,-0.0003447167109698057,0.008696937933564186,-0.04644063860177994,-0.9988831877708435,0.09291926058033641,5.435607433319092,0.03108661249279976,0.0,1.5772217512130737,0.020960036665201187,0.0
1814.2166666666667,3.5006537437438965,1.5588228702545166,-0.0043363869190216064,-0.00032690074294805527,0.00854456052184105,-0.046441782265901566,-0.9988843202590942,0.09292158049659642,5.435617446899414,0.038377899676561356,0.0,1.577269434928894,-0.03256932273507118,0.0
1814.2333333333333,3.5006461143493652,1.5588219165802002,-0.004363402724266052,-0.0003466361667960882,0.008754906244575977,-0.046429239213466644,-0.9988831877708435,0.09289650003265666,5.435402870178223,0.030898993834853172,0.0,1.5768632888793945,0.021092891693115234,0.0
1814.25,3.5006442070007324,1.5588217973709106,-0.004334747791290283,-0.0003261938691139221,0.008538046851754189,-0.046430427581071854,-0.998884916305542,0.09289884602956228,5.435428142547607,0.04015304148197174,0.0,1.5769200325012207,-0.033929064869880676,0.0
1814.2666666666667,3.500635862350464,1.5588210821151733,-0.0043636709451675415,-0.0003475004341453314,0.00875336118042469,-0.04641712084412575,-0.9988836646080017,0.09287220733488148,5.435213088989258,0.029786089435219765,0.0,1.5765273571014404,0.021473173052072525,0.0
1814.2833333333333,3.5006344318389893,1.558821201324463,-0.004334591329097748,-0.0003261393867433071,0.008536064065992832,-0.04641829431056976,-0.998885452747345,0.09287454403056057,5.435223579406738,0.03807508200407028,0.0,1.5765634775161743,-0.03131791204214096,0.0
1814.3,3.5006263256073,1.558820128440857,-0.004363812506198883,-0.00034669460728764534,0.008753066882491112,-0.046406909823417664,-0.9988842606544495,0.09285178544461795,5.4350056648254395,0.03026600182056427,0.0,1.576175332069397,0.022937240079045296,0.0
1814.3166666666666,3.500624895095825,1.558820128440857,-0.004334546625614166,-0.0003259414806962013,0.008536460809409618,-0.0464082807302475,-0.998885989189148,0.0928545040105505,5.43502140045166,0.03823268413543701,0.0,1.5762258768081665,-0.03182493895292282,0.0
1814.3333333333333,3.5006165504455566,1.55881929397583,-0.004363887012004852,-0.0003463232424110174,0.008752550929784775,-0.04639716446399689,-0.9988846778869629,0.09283227333679403,5.434803009033203,0.03014170005917549,0.0,1.5758379697799683,0.023894816637039185,0.0
1814.35,3.500614643096924,1.5588189363479614,-0.0043345242738723755,-0.00032601901330053806,0.008536502718925476,-0.0463985912501812,-0.9988864660263062,0.0928351032835934,5.434803485870361,0.037366729229688644,0.0,1.5758841037750244,-0.030652130022644997,0.0
1814.3666666666666,3.5006067752838135,1.5588188171386719,-0.004363715648651123,-0.00034722103737294674,0.008752254769206047,-0.04638761281967163,-0.9988850355148315,0.09281312290266967,5.434579372406006,0.029943179339170456,0.0,1.5755032300949097,0.023911738768219948,0.0
1814.3833333333334,3.500605344772339,1.5588178634643555,-0.004334554076194763,-0.00032604020088911057,0.008536537177860737,-0.046390362083911896,-0.9988868236541748,0.0928186228596413,5.4345879554748535,0.037398017942905426,0.0,1.5755560398101807,-0.03099868632853031,0.0
1814.4,3.500598430633545,1.558817744255066,-0.004363946616649628,-0.00034629437141120434,0.008752486668527126,-0.046379998326301575,-0.9988853931427002,0.09279789287204877,5.434360980987549,0.029483135789632797,0.0,1.5751806497573853,0.024683507159352303,0.0
1814.4166666666667,3.5005970001220703,1.5588173866271973,-0.004334792494773865,-0.0003252921160310507,0.008538257330656052,-0.04638224095106125,-0.9988871812820435,0.09280237655827482,5.434399127960205,0.03784254565834999,0.0,1.5752609968185425,-0.03266012296080589,0.0
1814.4333333333334,3.5005884170532227,1.5588170289993286,-0.004363678395748138,-0.0003467483911663294,0.008753430098295212,-0.04637131467461586,-0.9988858699798584,0.09278050616049625,5.434172630310059,0.02920452691614628,0.0,1.5748872756958008,0.0254799947142601,0.0
1814.45,3.500586748123169,1.5588164329528809,-0.004334509372711182,-0.0003257165662944317,0.008535361848771572,-0.04637403041124344,-0.9988875985145569,0.09278592481380366,5.434173107147217,0.03627623990178108,0.0,1.574936032295227,-0.02978609874844551,0.0
1814.4666666666667,3.5005788803100586,1.5588157176971436,-0.0043639615178108215,-0.0003458606079220772,0.008752797730267048,-0.046364471316337585,-0.998886227607727,0.09276682068083703,5.4339470863342285,0.029777221381664276,0.0,1.5745608806610107,0.026221157982945442,0.0
1814.4833333333333,3.500577449798584,1.558815598487854,-0.004334531724452972,-0.0003255570773035288,0.008537872694432735,-0.046366047114133835,-0.9988879561424255,0.09276994710520103,5.433950901031494,0.035575903952121735,0.0,1.574608564376831,-0.02922634221613407,0.0
1814.5,3.500568151473999,1.5588147640228271,-0.004360407590866089,-0.00034411833621561527,0.008696004748344421,-0.04635652154684067,-0.9988870620727539,0.09275083087945392,5.433720111846924,0.030107727274298668,0.0,1.5742361545562744,0.02659127674996853,0.0
1814.5166666666667,3.5005667209625244,1.5588147640228271,-0.0043363869190216064,-0.00032613729126751423,0.00854421779513359,-0.04635769873857498,-0.9988882541656494,0.0927532283829426,5.433718204498291,0.03338306024670601,0.0,1.5742695331573486,-0.02751760743558407,0.0
1814.5333333333333,3.500558376312256,1.5588140487670898,-0.004363171756267548,-0.0003465251065790653,0.008753438480198383,-0.046348873525857925,-0.9988869428634644,0.09273557718469178,5.433476448059082,0.02944251149892807,0.0,1.57390296459198,0.02614440768957138,0.0
1814.55,3.5005569458007812,1.5588135719299316,-0.004334643483161926,-0.0003259677905589342,0.008537685498595238,-0.04635077714920044,-0.9988886713981628,0.09273936410830574,5.433475494384766,0.033996857702732086,0.0,1.5739352703094482,-0.02752966620028019,0.0
1814.5666666666666,3.50054931640625,1.5588127374649048,-0.004363730549812317,-0.0003465630579739809,0.008753262460231781,-0.04634237289428711,-0.9988871812820435,0.09272255349257116,5.433239936828613,0.029508067294955254,0.0,1.5735734701156616,0.027083447203040123,0.0
1814.5833333333333,3.500547170639038,1.5588127374649048,-0.004334531724452972,-0.0003265680279582739,0.008537345565855503,-0.04634245112538338,-0.9988890886306763,0.09272268411425946,5.4332685470581055,0.033787451684474945,0.0,1.5736204385757446,-0.028193999081850052,0.0
1814.6,3.5005393028259277,1.5588120222091675,-0.004360593855381012,-0.00034330482594668865,0.008695508353412151,-0.046334415674209595,-0.9988880753517151,0.09270657823268853,5.4330315589904785,0.029881227761507034,0.0,1.5732619762420654,0.02820114605128765,0.0
1814.6166666666666,3.5005381107330322,1.5588116645812988,-0.004336424171924591,-0.00032553356140851974,0.008543800562620163,-0.04633571207523346,-0.9988893270492554,0.0927092170149702,5.433045864105225,0.03241657838225365,0.0,1.573309063911438,-0.027198508381843567,0.0
1814.6333333333334,3.500530481338501,1.5588113069534302,-0.004363216459751129,-0.00034629181027412415,0.008754288777709007,-0.046328071504831314,-0.9988878965377808,0.09269392879484908,5.432801246643066,0.028951436281204224,0.0,1.572949767112732,0.027726732194423676,0.0
1814.65,3.5005288124084473,1.5588105916976929,-0.004334703087806702,-0.00032587070018053055,0.008536852896213531,-0.04632988199591637,-0.9988896250724792,0.09269752238602634,5.432827472686768,0.03350644186139107,0.0,1.5730087757110596,-0.02834799699485302,0.0
1814.6666666666667,3.5005204677581787,1.5588104724884033,-0.004363752901554108,-0.0003465190529823303,0.008751741610467434,-0.046321894973516464,-0.9988881945610046,0.09268155163947618,5.432589530944824,0.028803113847970963,0.0,1.5726566314697266,0.02857362851500511,0.0
1814.6833333333334,3.500518798828125,1.5588098764419556,-0.0043345168232917786,-0.0003255933988839388,0.008536788634955883,-0.04632386565208435,-0.9988899230957031,0.0926854817521421,5.432584285736084,0.03241557255387306,0.0,1.5726962089538574,-0.026057906448841095,0.0
1814.7,3.500511646270752,1.5588096380233765,-0.00436372309923172,-0.0003463283646851778,0.008753282949328423,-0.04631691798567772,-0.9988882541656494,0.09267157728405494,5.432343006134033,0.02901603654026985,0.0,1.5723443031311035,0.028048286214470863,0.0
1814.7166666666667,3.5005099773406982,1.5588093996047974,-0.004334479570388794,-0.0003260737285017967,0.00853698793798685,-0.046318940818309784,-0.9988901615142822,0.09267561368014321,5.432363510131836,0.03389083594083786,0.0,1.5724133253097534,-0.02855272963643074,0.0
1814.7333333333333,3.500502109527588,1.5588085651397705,-0.004363857209682465,-0.00034603732638061047,0.00875173881649971,-0.04631111025810242,-0.9988886713981628,0.09265996279580505,5.432133197784424,0.02832544595003128,0.0,1.5720574855804443,0.02821703627705574,0.0
1814.75,3.500500440597534,1.5588082075119019,-0.004334591329097748,-0.0003252027090638876,0.008536912500858307,-0.04631218686699867,-0.9988905191421509,0.09266210850686597,5.4321441650390625,0.032016679644584656,0.0,1.5720986127853394,-0.02614453062415123,0.0
1814.7666666666667,3.500492572784424,1.5588074922561646,-0.004363879561424255,-0.0003455711994320154,0.008753842674195766,-0.04630572348833084,-0.9988889098167419,0.09264918889328157,5.43189811706543,0.028731120750308037,0.0,1.571753740310669,0.029163001105189323,0.0
1814.7833333333333,3.500490665435791,1.5588074922561646,-0.004334457218647003,-0.00032549561001360416,0.008536607958376408,-0.046305980533361435,-0.9988906979560852,0.09264966535656463,5.431908130645752,0.03073902241885662,0.0,1.5717787742614746,-0.0248336810618639,0.0
1814.8,3.500483274459839,1.5588067770004272,-0.004363797605037689,-0.0003457933198660612,0.00875280424952507,-0.04629943147301674,-0.9988892078399658,0.09263658396506146,5.4316606521606445,0.02852003276348114,0.0,1.571438193321228,0.028882471844553947,0.0
1814.8166666666666,3.500481605529785,1.5588066577911377,-0.004334539175033569,-0.00032554310746490955,0.008536284789443016,-0.04630010947585106,-0.9988909959793091,0.09263791011398821,5.431689262390137,0.03179793432354927,0.0,1.5714908838272095,-0.026693405583500862,0.0
1814.8333333333333,3.5004734992980957,1.55880606174469,-0.0043637678027153015,-0.0003458873834460974,0.008750973269343376,-0.046294327825307846,-0.9988894462585449,0.0926263584003894,5.4314446449279785,0.028542285785079002,0.0,1.5711486339569092,0.03003137744963169,0.0
1814.85,3.500471591949463,1.5588057041168213,-0.004334501922130585,-0.00032544927671551704,0.008537756279110909,-0.04629599675536156,-0.9988911747932434,0.09262967914272525,5.431435585021973,0.03061854839324951,0.0,1.5711826086044312,-0.024360639974474907,0.0
1814.8666666666666,3.5004632472991943,1.558804988861084,-0.004360422492027283,-0.0003436396364122629,0.008696481585502625,-0.046290237456560135,-0.9988900423049927,0.09261810600375735,5.431185245513916,0.028913352638483047,0.0,1.5708385705947876,0.030210591852664948,0.0
1814.8833333333334,3.500462770462036,1.5588046312332153,-0.004336468875408173,-0.00032539921812713146,0.00854475423693657,-0.04629174619913101,-0.9988913536071777,0.09262118472965383,5.431197166442871,0.03015543706715107,0.0,1.570881724357605,-0.02525234967470169,0.0
1814.9,3.500453472137451,1.5588040351867676,-0.0043631792068481445,-0.0003461875021457672,0.008754045702517033,-0.046285830438137054,-0.9988897442817688,0.09260933720152233,5.430943012237549,0.02825670689344406,0.0,1.5705357789993286,0.029578760266304016,0.0
1814.9166666666667,3.5004520416259766,1.5588037967681885,-0.004334673285484314,-0.0003254928160458803,0.008538653142750263,-0.04628705233335495,-0.9988916516304016,0.09261177639654121,5.430938720703125,0.030341753736138344,0.0,1.5705682039260864,-0.024423742666840553,0.0
1814.9333333333334,3.5004444122314453,1.5588032007217407,-0.004363678395748138,-0.0003457707352936268,0.008752753026783466,-0.046281542629003525,-0.9988900423049927,0.09260076452356807,5.430688381195068,0.02812105603516102,0.0,1.5702298879623413,0.03011869452893734,0.0
1814.95,3.5004427433013916,1.558802843093872,-0.004334628582000732,-0.0003252415917813778,0.008537809364497662,-0.04628291353583336,-0.9988918304443359,0.09260348997122982,5.430704593658447,0.03064315766096115,0.0,1.5702776908874512,-0.02537073940038681,0.0
1814.9666666666667,3.5004351139068604,1.5588023662567139,-0.00436381995677948,-0.0003452638629823923,0.008751905523240566,-0.04627719894051552,-0.9988902807235718,0.09259207692820812,5.430459022521973,0.027899863198399544,0.0,1.5699362754821777,0.030196966603398323,0.0
1814.9833333333333,3.5004334449768066,1.5588018894195557,-0.004334554076194763,-0.00032526603899896145,0.008537453599274158,-0.046278681606054306,-0.9988920092582703,0.09259501320441972,5.430478096008301,0.03067670576274395,0.0,1.5699936151504517,-0.025706643238663673,0.0
1815.0,3.5004255771636963,1.558801531791687,-0.004360422492027283,-0.00034316442906856537,0.008694951422512531,-0.04627297818660736,-0.9988909363746643,0.09258355956391755,5.430229663848877,0.0289369598031044,0.0,1.5696520805358887,0.031485188752412796,0.0
1815.0166666666667,3.5004234313964844,1.5588010549545288,-0.004336468875408173,-0.00032540084794163704,0.008544150739908218,-0.04627442732453346,-0.9988921284675598,0.09258650192827374,5.430246829986572,0.02964942529797554,0.0,1.5697064399719238,-0.025108059868216515,0.0
1815.0333333333333,3.5004165172576904,1.558800458908081,-0.004363194108009338,-0.00034564430825412273,0.008755025453865528,-0.04626956582069397,-0.9988904595375061,0.09257677777002493,5.429986953735352,0.02805258147418499,0.0,1.5693668127059937,0.030881550163030624,0.0
1815.05,3.5004148483276367,1.558800220489502,-0.004334665834903717,-0.0003255605697631836,0.008538153022527695,-0.04627012088894844,-0.9988923072814941,0.0925778591955834,5.43000602722168,0.029662877321243286,0.0,1.5694098472595215,-0.024595044553279877,0.0
1815.0666666666666,3.5004067420959473,1.5587997436523438,-0.0043638721108436584,-0.0003451595548540354,0.008752086199820042,-0.04626530408859253,-0.9988908767700195,0.09256826540215597,5.429752349853516,0.027750682085752487,0.0,1.5690792798995972,0.030840447172522545,0.0
1815.0833333333333,3.5004043579101562,1.558799386024475,-0.004334338009357452,-0.0003258264623582363,0.00853575300425291,-0.04626648128032684,-0.9988925457000732,0.09257056727056683,5.429759502410889,0.0296418946236372,0.0,1.569120168685913,-0.024122752249240875,0.0
1815.1,3.5003976821899414,1.5587986707687378,-0.004363946616649628,-0.00034494930878281593,0.008752187713980675,-0.04626176133751869,-0.9988909959793091,0.09256117127679465,5.429506301879883,0.028186360374093056,0.0,1.5687865018844604,0.03134690970182419,0.0
1815.1166666666666,3.5003960132598877,1.558798909187317,-0.004334442317485809,-0.0003254201728850603,0.008536219596862793,-0.046261951327323914,-0.9988927245140076,0.09256150188218738,5.429528713226318,0.028970111161470413,0.0,1.5688287019729614,-0.023860706016421318,0.0
1815.1333333333334,3.5003879070281982,1.558797836303711,-0.004363805055618286,-0.00034543988294899464,0.00875171460211277,-0.04625755175948143,-0.9988911747932434,0.09255273088300106,5.429269313812256,0.02774224244058132,0.0,1.5685032606124878,0.03125574067234993,0.0
1815.15,3.5003864765167236,1.5587977170944214,-0.004334554076194763,-0.00032482785172760487,0.008536885492503643,-0.04625829681754112,-0.9988930225372314,0.09255420783489571,5.429278373718262,0.028286417946219444,0.0,1.568526268005371,-0.022620737552642822,0.0
1815.1666666666667,3.5003786087036133,1.558797001838684,-0.0043638721108436584,-0.00034492509439587593,0.008753404021263123,-0.04625416174530983,-0.9988912343978882,0.09254594711644798,5.429016590118408,0.027719520032405853,0.0,1.568200707435608,0.031219420954585075,0.0
1815.1833333333334,3.5003771781921387,1.5587968826293945,-0.004334568977355957,-0.000324789434671402,0.008537068963050842,-0.046255167573690414,-0.9988930821418762,0.09254793520885943,5.429040431976318,0.0290598813444376,0.0,1.5682462453842163,-0.024295512586832047,0.0
1815.2,3.500369071960449,1.5587961673736572,-0.004363887012004852,-0.0003448869101703167,0.008753346279263496,-0.046250853687524796,-0.9988914132118225,0.09253932603027257,5.4287824630737305,0.02728714607656002,0.0,1.5679214000701904,0.031653840094804764,0.0
1815.2166666666667,3.5003671646118164,1.5587959289550781,-0.0043344199657440186,-0.0003252208698540926,0.008535882458090782,-0.04625173285603523,-0.9988932609558105,0.09254104916985985,5.428791522979736,0.028520768508315086,0.0,1.567956566810608,-0.023203007876873016,0.0
1815.2333333333333,3.5003597736358643,1.5587955713272095,-0.004363894462585449,-0.0003449313808232546,0.00875156745314598,-0.046247486025094986,-0.9988915920257568,0.09253257951384358,5.4285359382629395,0.027672329917550087,0.0,1.5676277875900269,0.03164536878466606,0.0
1815.25,3.5003576278686523,1.5587948560714722,-0.004334479570388794,-0.0003252795431762934,0.008538142777979374,-0.04624979570508003,-0.9988933801651001,0.09253717768310409,5.428544998168945,0.029231291264295578,0.0,1.5676802396774292,-0.024182716384530067,0.0
1815.2666666666667,3.500349760055542,1.558794617652893,-0.004360534250736237,-0.00034261983819305897,0.008696464821696281,-0.04624512046575546,-0.9988921880722046,0.09252778779901115,5.428287506103516,0.028022250160574913,0.0,1.5673496723175049,0.03240090236067772,0.0
1815.2833333333333,3.5003480911254883,1.5587941408157349,-0.0043363794684410095,-0.00032522273249924183,0.008543827570974827,-0.04624670371413231,-0.9988934397697449,0.09253099393403919,5.428293704986572,0.02802562341094017,0.0,1.5673956871032715,-0.023343468084931374,0.0
1815.3,3.500340461730957,1.558793544769287,-0.004363268613815308,-0.0003451583907008171,0.008754536509513855,-0.04624280333518982,-0.9988917708396912,0.09252320313385225,5.428032875061035,0.02697405219078064,0.0,1.567063331604004,0.031283389776945114,0.0
1815.3166666666666,3.5003387928009033,1.5587931871414185,-0.004334501922130585,-0.0003256977070122957,0.008535562083125114,-0.04624370485544205,-0.998893678188324,0.09252496949542616,5.428041934967041,0.028576361015439034,0.0,1.567104697227478,-0.023434866219758987,0.0
1815.3333333333333,3.500330924987793,1.5587927103042603,-0.004363842308521271,-0.0003453269600868225,0.00875211600214243,-0.046239905059337616,-0.9988920092582703,0.0925174002023347,5.42778205871582,0.027359919622540474,0.0,1.566780686378479,0.03173941373825073,0.0
1815.35,3.5003294944763184,1.5587924718856812,-0.004334509372711182,-0.0003246166743338108,0.008536599576473236,-0.04624122008681297,-0.9988937377929688,0.09252000996742821,5.427789688110352,0.02777172066271305,0.0,1.5668129920959473,-0.022280197590589523,0.0
1815.3666666666666,3.500321388244629,1.5587917566299438,-0.0043637752532958984,-0.000345239182934165,0.008752687834203243,-0.04623764380812645,-0.9988920092582703,0.09251286568275871,5.427524566650391,0.027238240465521812,0.0,1.5664931535720825,0.03213712200522423,0.0
1815.3833333333334,3.500319719314575,1.5587916374206543,-0.004334509372711182,-0.0003250536974519491,0.008536203764379025,-0.046238675713539124,-0.9988938570022583,0.09251490692241984,5.427534103393555,0.027968939393758774,0.0,1.5665340423583984,-0.02289079688489437,0.0
1815.4,3.500312089920044,1.5587910413742065,-0.00436381995677948,-0.0003449777141213417,0.008751766756176949,-0.046235229820013046,-0.9988922476768494,0.09250804585896634,5.427276134490967,0.02743963897228241,0.0,1.566208839416504,0.032020095735788345,0.0
1815.4166666666667,3.5003104209899902,1.5587905645370483,-0.004334568977355957,-0.0003247740678489208,0.008537417277693748,-0.04623689502477646,-0.9988939166069031,0.09251134703753552,5.427286148071289,0.028133226558566093,0.0,1.5662531852722168,-0.023105831816792488,0.0
1815.4333333333334,3.50030255317688,1.5587902069091797,-0.004363782703876495,-0.00034515419974923134,0.008753222413361073,-0.046233054250478745,-0.9988921880722046,0.0925036754297937,5.427023887634277,0.02716081216931343,0.0,1.5659310817718506,0.03220953047275543,0.0
1815.45,3.5003011226654053,1.5587897300720215,-0.004334479570388794,-0.0003250902518630028,0.008536770939826965,-0.04623480141162872,-0.9988939762115479,0.09250714443709084,5.427034854888916,0.028164949268102646,0.0,1.5659780502319336,-0.02322707138955593,0.0
1815.4666666666667,3.500293493270874,1.5587891340255737,-0.0043639615178108215,-0.0003449080977588892,0.008752426132559776,-0.046230971813201904,-0.9988924860954285,0.0924995264465446,5.426777362823486,0.02679438702762127,0.0,1.5656555891036987,0.032092027366161346,0.0
1815.4833333333333,3.5002920627593994,1.5587891340255737,-0.004334449768066406,-0.00032517523504793644,0.008536862209439278,-0.04623134434223175,-0.998894214630127,0.09250022814324109,5.426800727844238,0.027569472789764404,0.0,1.5656989812850952,-0.02291838452219963,0.0
1815.5,3.5002846717834473,1.5587884187698364,-0.004363909363746643,-0.00034459237940609455,0.008752209134399891,-0.04622843861579895,-0.9988924264907837,0.0924944427123826,5.426540374755859,0.027042653411626816,0.0,1.5653791427612305,0.032632045447826385,0.0
1815.5166666666667,3.5002827644348145,1.5587884187698364,-0.004334554076194763,-0.0003249365836381912,0.0085367476567626,-0.04622961953282356,-0.9988943338394165,0.09249678185069077,5.4265642166137695,0.02839401736855507,0.0,1.565443992614746,-0.02402956597507,0.0
1815.5333333333333,3.5002758502960205,1.5587875843048096,-0.004363663494586945,-0.0003453593235462904,0.008752839639782906,-0.04622616246342659,-0.9988924860954285,0.09248986903631295,5.426305770874023,0.02715584635734558,0.0,1.565120816230774,0.032861944288015366,0.0
1815.55,3.500274419784546,1.5587873458862305,-0.004334531724452972,-0.0003250415902584791,0.008536281064152718,-0.0462273508310318,-0.9988943934440613,0.09249223195891401,5.426332473754883,0.027866747230291367,0.0,1.5651799440383911,-0.02349962294101715,0.0
1815.5666666666666,3.5002665519714355,1.5587866306304932,-0.004364103078842163,-0.00034659262746572495,0.008749308064579964,-0.046223875135183334,-0.998892605304718,0.09248525970610623,5.426076412200928,0.027000097557902336,0.0,1.5648584365844727,0.03279507905244827,0.0
1815.5833333333333,3.500265121459961,1.558786392211914,-0.004334382712841034,-0.0003238096833229065,0.008537081070244312,-0.0462249256670475,-0.9988945126533508,0.09248739950350575,5.426085472106934,0.02697206288576126,0.0,1.5648984909057617,-0.023272588849067688,0.0
1815.6,3.5002567768096924,1.5587856769561768,-0.004360750317573547,-0.00034366617910563946,0.00869459193199873,-0.04622169956564903,-0.9988933205604553,0.09248087212702147,5.425820350646973,0.027620239183306694,0.0,1.5645761489868164,0.03364943340420723,0.0
1815.6166666666666,3.500256061553955,1.5587855577468872,-0.00433620810508728,-0.0003260467201471329,0.008542588911950588,-0.04622206464409828,-0.9988946318626404,0.09248164525662983,5.425840854644775,0.02691045217216015,0.0,1.5646253824234009,-0.022822467610239983,0.0
1815.6333333333334,3.5002479553222656,1.5587852001190186,-0.004363425076007843,-0.0003447984345257282,0.008752070367336273,-0.046219613403081894,-0.9988929629325867,0.09247677920926488,5.425571441650391,0.026891199871897697,0.0,1.5643010139465332,0.033072881400585175,0.0
1815.65,3.500246286392212,1.5587847232818604,-0.004334695637226105,-0.0003246827982366085,0.00853788387030363,-0.04622163623571396,-0.9988946914672852,0.09248080249532634,5.4255852699279785,0.02744576334953308,0.0,1.564353108406067,-0.02279493398964405,0.0
1815.6666666666667,3.5002384185791016,1.5587842464447021,-0.00436381995677948,-0.0003445935435593128,0.008753429166972637,-0.0462183952331543,-0.9988929629325867,0.09247434182595081,5.425321578979492,0.02687980607151985,0.0,1.5640339851379395,0.032980553805828094,0.0
1815.6833333333334,3.500236988067627,1.5587835311889648,-0.0043343305587768555,-0.0003254080656915903,0.008536608889698982,-0.04622001573443413,-0.9988946914672852,0.09247753523843316,5.4253249168396,0.027435876429080963,0.0,1.5640805959701538,-0.02248544432222843,0.0
1815.7,3.5002288818359375,1.5587831735610962,-0.0043606236577034,-0.0003421963192522526,0.008693719282746315,-0.04621724784374237,-0.9988936185836792,0.09247198986368024,5.425059795379639,0.027171187102794647,0.0,1.5637617111206055,0.03362158313393593,0.0
1815.7166666666667,3.500227212905884,1.558782935142517,-0.004336342215538025,-0.00032560573890805244,0.008544092997908592,-0.04621793329715729,-0.9988948106765747,0.09247338295322569,5.42509126663208,0.026417190209031105,0.0,1.5638105869293213,-0.02264999784529209,0.0
1815.7333333333333,3.50022029876709,1.5587823390960693,-0.004363328218460083,-0.00034479470923542976,0.008753280155360699,-0.04621582850813866,-0.9988930225372314,0.09246919296053224,5.424816131591797,0.026680098846554756,0.0,1.5634936094284058,0.03327355161309242,0.0
1815.75,3.5002195835113525,1.5587821006774902,-0.004334576427936554,-0.00032563298009335995,0.008536911569535732,-0.04621631279587746,-0.9988949298858643,0.09247012373636486,5.424839496612549,0.027240809053182602,0.0,1.5635510683059692,-0.023022932931780815,0.0
1815.7666666666667,3.500211000442505,1.558781623840332,-0.004363760352134705,-0.0003450235817581415,0.008749684318900108,-0.046213824301958084,-0.9988930821418762,0.09246516360632354,5.424577236175537,0.026907021179795265,0.0,1.563233494758606,0.03308926522731781,0.0
1815.7833333333333,3.500209331512451,1.558781385421753,-0.004334680736064911,-0.00032467558048665524,0.00853780284523964,-0.04621528834104538,-0.998894989490509,0.09246809204736002,5.424587249755859,0.027004128322005272,0.0,1.5632820129394531,-0.02218446135520935,0.0
1815.8,3.500201463699341,1.558780550956726,-0.004363782703876495,-0.000344511354342103,0.008751992136240005,-0.04621288180351257,-0.9988932013511658,0.09246329813835898,5.424322605133057,0.02673586644232273,0.0,1.5629624128341675,0.032906413078308105,0.0
1815.8166666666666,3.500199794769287,1.558780312538147,-0.004334479570388794,-0.0003250129520893097,0.008537538349628448,-0.046213313937187195,-0.9988950490951538,0.09246412926106853,5.4243340492248535,0.02658877708017826,0.0,1.5629979372024536,-0.02164478413760662,0.0
1815.8333333333333,3.5001916885375977,1.5587797164916992,-0.004360519349575043,-0.00034233415499329567,0.00869552418589592,-0.046210989356040955,-0.9988937973976135,0.09245945006189144,5.424065589904785,0.027261925861239433,0.0,1.5626815557479858,0.03394744172692299,0.0
1815.85,3.500190258026123,1.5587797164916992,-0.004336342215538025,-0.00032540084794163704,0.008543913252651691,-0.04621179401874542,-0.9988951683044434,0.09246109972297899,5.424078941345215,0.026420481503009796,0.0,1.5627241134643555,-0.022108783945441246,0.0
1815.8666666666666,3.500182628631592,1.5587786436080933,-0.004363313317298889,-0.00034464034251868725,0.008753271773457527,-0.04620945453643799,-0.9988932013511658,0.09245642190042455,5.423807621002197,0.02595948427915573,0.0,1.562403917312622,0.03286221623420715,0.0
1815.8833333333334,3.500180959701538,1.5587787628173828,-0.004334501922130585,-0.0003257205244153738,0.008537273854017258,-0.046209514141082764,-0.9988951683044434,0.09245650280598125,5.423823833465576,0.02626754157245159,0.0,1.5624412298202515,-0.02167939394712448,0.0
1815.9,3.500173807144165,1.5587778091430664,-0.004363782703876495,-0.0003450217191129923,0.008750581182539463,-0.04620738700032234,-0.9988934993743896,0.09245228705886521,5.42355489730835,0.026449382305145264,0.0,1.5621296167373657,0.033481888473033905,0.0
1815.9166666666667,3.500171184539795,1.558777928352356,-0.004334472119808197,-0.0003253158647567034,0.008536048233509064,-0.046207256615161896,-0.9988952875137329,0.09245198760192487,5.423586845397949,0.025779904797673225,0.0,1.562170386314392,-0.021520497277379036,0.0
1815.9333333333334,3.500164031982422,1.5587774515151978,-0.004363849759101868,-0.0003444312606006861,0.008752049878239632,-0.046205222606658936,-0.9988936185836792,0.09244796893145321,5.42332124710083,0.026612525805830956,0.0,1.561858057975769,0.03334258496761322,0.0
1815.95,3.500162363052368,1.558777093887329,-0.004334539175033569,-0.00032462761737406254,0.008537523448467255,-0.046207208186388016,-0.9988952875137329,0.09245190582278812,5.42332649230957,0.026724865660071373,0.0,1.5619087219238281,-0.02191266231238842,0.0
1815.9666666666667,3.500154733657837,1.5587761402130127,-0.00436033308506012,-0.0003428589552640915,0.008695400319993496,-0.04620448499917984,-0.9988939762115479,0.0924464053212285,5.4230570793151855,0.026653647422790527,0.0,1.5615935325622559,0.03420946002006531,0.0
1815.9833333333333,3.5001533031463623,1.5587762594223022,-0.004336513578891754,-0.00032519223168492317,0.008544922806322575,-0.0462045855820179,-0.9988953471183777,0.0924466576986443,5.4230828285217285,0.025632048025727272,0.0,1.5616384744644165,-0.021928930655121803,0.0
1816.0,3.50014591217041,1.5587754249572754,-0.004363290965557098,-0.0003443225286900997,0.008754614740610123,-0.04620278254151344,-0.9988936185836792,0.09244308106203711,5.422814846038818,0.025876810774207115,0.0,1.5613181591033936,0.03324592486023903,0.0
1816.0166666666667,3.5001440048217773,1.5587751865386963,-0.004334576427936554,-0.0003252082969993353,0.00853724591434002,-0.046203531324863434,-0.998895525932312,0.09244453915055205,5.422831058502197,0.026323016732931137,0.0,1.561367392539978,-0.02207261137664318,0.0
1816.0333333333333,3.5001370906829834,1.5587750673294067,-0.00436381995677948,-0.00034483568742871284,0.008752305991947651,-0.04620134085416794,-0.9988937377929688,0.0924401842805472,5.422563552856445,0.02620675414800644,0.0,1.5610564947128296,0.03362201526761055,0.0
1816.05,3.5001349449157715,1.5587741136550903,-0.004334576427936554,-0.0003246779087930918,0.008537760004401207,-0.04620404914021492,-0.9988954663276672,0.09244558302823545,5.422576904296875,0.02739252895116806,0.0,1.561126708984375,-0.023140376433730125,0.0
1816.0666666666666,3.500127077102661,1.5587738752365112,-0.00436042994260788,-0.00034233927726745605,0.008695080876350403,-0.046201448887586594,-0.998894214630127,0.09244034312544687,5.422316551208496,0.027109408751130104,0.0,1.560805320739746,0.034412775188684464,0.0
1816.0833333333333,3.5001261234283447,1.5587736368179321,-0.004336312413215637,-0.00032548350282013416,0.008543016389012337,-0.04620255157351494,-0.9988955855369568,0.09244258843151044,5.42232084274292,0.026090240105986595,0.0,1.560849666595459,-0.021643677726387978,0.0
1816.1,3.5001180171966553,1.5587726831436157,-0.004363447427749634,-0.0003441970329731703,0.008753027766942978,-0.04620075598359108,-0.9988937377929688,0.09243902363629597,5.422048568725586,0.02617534250020981,0.0,1.5605281591415405,0.033420074731111526,0.0
1816.1166666666666,3.5001156330108643,1.5587726831436157,-0.004334606230258942,-0.00032485462725162506,0.008536936715245247,-0.046200793236494064,-0.998895525932312,0.09243905010399071,5.422063827514648,0.02595062367618084,0.0,1.5605717897415161,-0.021503403782844543,0.0
1816.1333333333334,3.500108242034912,1.5587718486785889,-0.004363618791103363,-0.0003451497759670019,0.008752333000302315,-0.04619903862476349,-0.9988937973976135,0.09243556464887817,5.421796798706055,0.026200799271464348,0.0,1.5602593421936035,0.03381418436765671,0.0
1816.15,3.5001068115234375,1.5587716102600098,-0.004334457218647003,-0.00032520247623324394,0.008536030538380146,-0.04619903117418289,-0.9988956451416016,0.09243551711218324,5.421806812286377,0.025101281702518463,0.0,1.560286521911621,-0.020176749676465988,0.0
1816.1666666666667,3.500098705291748,1.5587711334228516,-0.004363834857940674,-0.00034460844472050667,0.008750624023377895,-0.046197257936000824,-0.9988939762115479,0.09243201301706531,5.421535968780518,0.026563378050923347,0.0,1.559975028038025,0.033625051379203796,0.0
1816.1833333333334,3.5000972747802734,1.5587708950042725,-0.004334442317485809,-0.00032488186843693256,0.008537317626178265,-0.046198081225156784,-0.9988957047462463,0.0924336250923475,5.421546936035156,0.02577114664018154,0.0,1.5600084066390991,-0.02090257965028286,0.0
1816.2,3.500089168548584,1.5587701797485352,-0.004360377788543701,-0.00034270319156348705,0.008694391697645187,-0.04619593173265457,-0.9988945126533508,0.09242929166453835,5.421270370483398,0.0265686996281147,0.0,1.5597007274627686,0.034300513565540314,0.0
1816.2166666666667,3.5000882148742676,1.5587702989578247,-0.004336319863796234,-0.0003257563803344965,0.008543459698557854,-0.046196408569812775,-0.9988958239555359,0.09243028020395182,5.421287536621094,0.025253254920244217,0.0,1.559738039970398,-0.021087391301989555,0.0
1816.2333333333333,3.500079870223999,1.5587694644927979,-0.004363447427749634,-0.0003441453445702791,0.008751767687499523,-0.04619529843330383,-0.9988940358161926,0.09242809750058298,5.421014785766602,0.026034841313958168,0.0,1.5594205856323242,0.03341763839125633,0.0
1816.25,3.5000782012939453,1.5587689876556396,-0.004334628582000732,-0.00032482552342116833,0.008538121357560158,-0.04619668424129486,-0.9988957643508911,0.09243083034362236,5.42102575302124,0.026248373091220856,0.0,1.5594695806503296,-0.02178247459232807,0.0
1816.2666666666667,3.5000696182250977,1.558768391609192,-0.004360377788543701,-0.00034260540269315243,0.008696147240698338,-0.04619477316737175,-0.9988945126533508,0.09242697299599602,5.4207539558410645,0.0268253181129694,0.0,1.559156894683838,0.034695882350206375,0.0
1816.2833333333333,3.5000686645507812,1.5587682723999023,-0.004336349666118622,-0.00032528978772461414,0.00854429043829441,-0.046195581555366516,-0.9988958835601807,0.09242863621300855,5.420751571655273,0.02549077197909355,0.0,1.559187650680542,-0.0206263680011034,0.0
1816.3,3.5000603199005127,1.5587676763534546,-0.00436333566904068,-0.0003444850444793701,0.008753635920584202,-0.04619407281279564,-0.9988939762115479,0.09242563149265896,5.420474529266357,0.02587176486849785,0.0,1.5588712692260742,0.033754244446754456,0.0
1816.3166666666666,3.50005841255188,1.5587674379348755,-0.004334591329097748,-0.0003247351851314306,0.008535909466445446,-0.04619516059756279,-0.9988958239555359,0.0924277744606895,5.42048454284668,0.02555493637919426,0.0,1.5589114427566528,-0.021074505522847176,0.0
1816.3333333333333,3.5000510215759277,1.5587667226791382,-0.004363656044006348,-0.0003450619988143444,0.008752160705626011,-0.04619322717189789,-0.9988940358161926,0.09242392628151588,5.420213222503662,0.026242701336741447,0.0,1.5586035251617432,0.03387552499771118,0.0
1816.35,3.500049352645874,1.5587663650512695,-0.004334583878517151,-0.00032470072619616985,0.00853695347905159,-0.04619447514414787,-0.9988958835601807,0.09242640770740933,5.420227527618408,0.025424251332879066,0.0,1.5586440563201904,-0.020860975608229637,0.0
1816.3666666666666,3.500041961669922,1.5587660074234009,-0.004363894462585449,-0.00034419260919094086,0.008752848021686077,-0.046192556619644165,-0.9988941550254822,0.09242260860964843,5.419960021972656,0.025959525257349014,0.0,1.558332920074463,0.0336214117705822,0.0
1816.3833333333334,3.500040054321289,1.5587655305862427,-0.004334479570388794,-0.0003247882705181837,0.008537757210433483,-0.04619450494647026,-0.9988960027694702,0.09242647900240623,5.4199700355529785,0.026208631694316864,0.0,1.558387041091919,-0.021860826760530472,0.0
1816.4,3.5000321865081787,1.5587650537490845,-0.004360571503639221,-0.0003417632542550564,0.00869492907077074,-0.046192485839128494,-0.9988946318626404,0.09242240567093674,5.419702529907227,0.02654159441590309,0.0,1.558072805404663,0.034462377429008484,0.0
1816.4166666666667,3.500030994415283,1.5587648153305054,-0.004336319863796234,-0.000325268367305398,0.008544119074940681,-0.04619376361370087,-0.9988960027694702,0.09242499921217366,5.419712543487549,0.02559932880103588,0.0,1.5581210851669312,-0.021548938006162643,0.0
1816.4333333333334,3.5000228881835938,1.5587642192840576,-0.004363209009170532,-0.00034520914778113365,0.008753519505262375,-0.046192243695259094,-0.9988940358161926,0.09242195370723848,5.41943359375,0.025981685146689415,0.0,1.5578079223632812,0.03362918272614479,0.0
1816.45,3.500021457672119,1.5587639808654785,-0.00433465838432312,-0.00032509886659681797,0.00853829924017191,-0.04619333893060684,-0.9988960027694702,0.09242413533740645,5.419438362121582,0.025489162653684616,0.0,1.5578421354293823,-0.020608963444828987,0.0
1816.4666666666667,3.5000128746032715,1.558763027191162,-0.004360318183898926,-0.00034240446984767914,0.008695033378899097,-0.04619170352816582,-0.9988946318626404,0.09242082502973878,5.419163227081299,0.02637527883052826,0.0,1.5575319528579712,0.03438848257064819,0.0
1816.4833333333333,3.500011682510376,1.558763027191162,-0.004336439073085785,-0.00032551796175539494,0.008544652722775936,-0.04619155451655388,-0.9988959431648254,0.0924205580183293,5.41918420791626,0.02472197264432907,0.0,1.557563066482544,-0.02066938765347004,0.0
1816.5,3.5000035762786865,1.5587621927261353,-0.004363253712654114,-0.00034466502256691456,0.008753476664423943,-0.046190641820430756,-0.9988940954208374,0.09241875421165947,5.418900489807129,0.02578173764050007,0.0,1.5572540760040283,0.03377465158700943,0.0
1816.5166666666667,3.500002145767212,1.5587623119354248,-0.004334568977355957,-0.0003251517191529274,0.008537007495760918,-0.04619107022881508,-0.9988960027694702,0.09241957880125452,5.418910980224609,0.02532886154949665,0.0,1.5572906732559204,-0.020696941763162613,0.0
1816.5333333333333,3.4999940395355225,1.5587612390518188,-0.004363842308521271,-0.00034457468427717686,0.00875172857195139,-0.04618953913450241,-0.9988943338394165,0.09241656059859167,5.418642044067383,0.02566872350871563,0.0,1.5569825172424316,0.033652108162641525,0.0
1816.55,3.4999923706054688,1.5587611198425293,-0.004334509372711182,-0.0003246178384870291,0.008536387234926224,-0.046189796179533005,-0.9988961219787598,0.09241704077198483,5.4186553955078125,0.024846138432621956,0.0,1.5570094585418701,-0.020131299272179604,0.0
1816.5666666666666,3.4999847412109375,1.5587607622146606,-0.004363805055618286,-0.00034468830563127995,0.008752637542784214,-0.046188317239284515,-0.9988943338394165,0.09241410904992886,5.418381690979004,0.025937490165233612,0.0,1.5567039251327515,0.0337563082575798,0.0
1816.5833333333333,3.499983549118042,1.5587602853775024,-0.004334487020969391,-0.00032474519684910774,0.008536399342119694,-0.04618988558650017,-0.9988961219787598,0.09241721804185421,5.418385982513428,0.025804413482546806,0.0,1.5567480325698853,-0.021131712943315506,0.0
1816.6,3.4999754428863525,1.5587595701217651,-0.00436391681432724,-0.00034457771107554436,0.008751965127885342,-0.04618822783231735,-0.9988943934440613,0.09241393534420984,5.418118000030518,0.025978004559874535,0.0,1.5564370155334473,0.03403358906507492,0.0
1816.6166666666666,3.499974012374878,1.5587594509124756,-0.004334487020969391,-0.0003246560227125883,0.00853659026324749,-0.04618866741657257,-0.9988962411880493,0.0924147866110499,5.4181413650512695,0.02514144778251648,0.0,1.5564824342727661,-0.021093737334012985,0.0
1816.6333333333334,3.4999661445617676,1.5587588548660278,-0.004364088177680969,-0.00034626666456460953,0.008750490844249725,-0.04618703946471214,-0.9988943338394165,0.0924115120695251,5.417872905731201,0.02622200921177864,0.0,1.5561749935150146,0.034060124307870865,0.0
1816.65,3.499964714050293,1.5587584972381592,-0.004334449768066406,-0.00032309815287590027,0.008537114597856998,-0.046188510954380035,-0.9988961815834045,0.09241449497230433,5.417886257171631,0.02531944215297699,0.0,1.556221604347229,-0.022251125425100327,0.0
1816.6666666666667,3.4999570846557617,1.5587581396102905,-0.004364013671875,-0.0003464620094746351,0.00875125639140606,-0.046186499297618866,-0.998894453048706,0.09241043766578094,5.4176106452941895,0.02618274837732315,0.0,1.5559139251708984,0.034131310880184174,0.0
1816.6833333333334,3.499955892562866,1.5587579011917114,-0.0043344274163246155,-0.00032327137887477875,0.008536865003407001,-0.04618806019425392,-0.9988961815834045,0.09241358690112836,5.417623043060303,0.025317635387182236,0.0,1.5559613704681396,-0.022276071831583977,0.0
