t,left_q,left_v,right_q,right_v
1771.133333333,2.020967483520508,0.008419177494943142,-2.3796889781951904,0.014782172627747059
1771.15,2.0210068225860596,-0.049729831516742706,-2.3796799182891846,0.04243208467960358
1771.166666666,2.020669460296631,0.00786074809730053,-2.379981517791748,0.014070059172809124
1771.183333333,2.0207033157348633,-0.04855315387248993,-2.379971742630005,0.04254179447889328
1771.216666666,2.020404100418091,-0.050492554903030396,-2.380253553390503,0.04297444224357605
1771.233333333,2.0200634002685547,0.008280964568257332,-2.380556344985962,0.014933371916413307
1771.25,2.020122766494751,-0.050358884036540985,-2.3805410861968994,0.04080536589026451
1771.266666666,2.019782066345215,0.008082771673798561,-2.3808488845825195,0.013560106046497822
1771.283333333,2.019824743270874,-0.04908163845539093,-2.3808302879333496,0.040669478476047516
1771.316666666,2.0195369720458984,-0.05006818473339081,-2.381122350692749,0.04110083729028702
1771.333333333,2.0192031860351562,0.008859165944159031,-2.3814358711242676,0.013845431618392467
1771.35,2.019233465194702,-0.05085300654172897,-2.381418466567993,0.042452793568372726
1771.366666666,2.0188968181610107,0.008607110939919949,-2.3817286491394043,0.014182843267917633
1771.383333333,2.0189261436462402,-0.05154736712574959,-2.3817033767700195,0.04281619191169739
1771.416666666,2.018627405166626,-0.0509309247136116,-2.381983757019043,0.04097989946603775
1771.433333333,2.0182902812957764,0.00861366931349039,-2.382296085357666,0.013427741825580597
1771.45,2.0183138847351074,-0.0503440722823143,-2.3822827339172363,0.042654167860746384
1771.466666666,2.017981767654419,0.00855093915015459,-2.3825929164886475,0.013867948204278946
1771.483333333,2.018022060394287,-0.051182497292757034,-2.3825743198394775,0.042214252054691315
1771.516666666,2.0177109241485596,-0.0504334531724453,-2.3828608989715576,0.042114704847335815
1771.533333333,2.017378330230713,0.00860519614070654,-2.383173704147339,0.01356989610940218
1771.55,2.0174026489257812,-0.04769105091691017,-2.383162260055542,0.041989922523498535
1771.566666666,2.0170769691467285,0.00836352538317442,-2.383471965789795,0.013853193260729313
1771.583333333,2.01713228225708,-0.04970365762710571,-2.383451461791992,0.04003132879734039
1771.616666666,2.0168185234069824,-0.051525652408599854,-2.383742094039917,0.04275580495595932
1771.633333333,2.016479730606079,0.008939458057284355,-2.384052038192749,0.01422759611159563
1771.65,2.0165185928344727,-0.050607357174158096,-2.3840320110321045,0.04152682051062584
1771.666666666,2.016181230545044,0.008776314556598663,-2.3843414783477783,0.013300350867211819
1771.683333333,2.0162103176116943,-0.049558866769075394,-2.384338140487671,0.04257937893271446
1771.716666666,2.0159242153167725,-0.049474649131298065,-2.3846306800842285,0.04072100296616554
1771.733333333,2.015592575073242,0.008365288376808167,-2.3849430084228516,0.012722434476017952
1771.75,2.0156259536743164,-0.0516648069024086,-2.384913206100464,0.0409998893737793
1771.766666666,2.015289783477783,0.008999530225992203,-2.3852295875549316,0.012947122566401958
1771.783333333,2.0153379440307617,-0.0515960194170475,-2.385202646255493,0.03991827741265297
1771.816666666,2.0150458812713623,-0.05209260806441307,-2.3854918479919434,0.03989247605204582
1771.833333333,2.0147039890289307,0.008482920937240124,-2.385805130004883,0.012470695190131664
1771.85,2.0147435665130615,-0.0512101911008358,-2.385784149169922,0.04039711505174637
1771.866666666,2.0144057273864746,0.00878844317048788,-2.3861019611358643,0.013106385245919228
1771.883333333,2.014435291290283,-0.04969323053956032,-2.3860933780670166,0.04168698191642761
1771.916666666,2.0141584873199463,-0.05066991224884987,-2.386383533477783,0.03982401639223099
1771.933333333,2.0138192176818848,0.008397412486374378,-2.3866968154907227,0.012638220563530922
1771.95,2.0138654708862305,-0.05139642953872681,-2.3866775035858154,0.04033990949392319
1771.966666666,2.0135226249694824,0.00849481113255024,-2.3869900703430176,0.01329842396080494
1771.983333333,2.013559579849243,-0.05077741667628288,-2.386972665786743,0.04123428836464882
1772.016666666,2.0132715702056885,-0.050642214715480804,-2.387263059616089,0.03990071639418602
1772.033333333,2.0129361152648926,0.00883801281452179,-2.387580633163452,0.012458370067179203
1772.05,2.012991189956665,-0.05093779042363167,-2.3875572681427,0.0388062559068203
1772.066666666,2.012653350830078,0.0086012938991189,-2.387878179550171,0.01229126937687397
1772.083333333,2.0127041339874268,-0.048795271664857864,-2.387863874435425,0.0389917716383934
1772.116666666,2.012385368347168,-0.04822581633925438,-2.3881750106811523,0.04358797147870064
1772.133333333,2.012049913406372,0.008219159208238125,-2.38847017288208,0.014257182367146015
1772.15,2.0120880603790283,-0.05050952732563019,-2.3884494304656982,0.042468998581171036
1772.166666666,2.011751890182495,0.008470009081065655,-2.3887572288513184,0.013303239829838276
1772.183333333,2.011774778366089,-0.015200940892100334,-2.3887221813201904,0.01019596029073
1772.216666666,2.010826349258423,0.02561715617775917,-2.388615369796753,-0.04799160733819008
1772.233333333,2.009207248687744,-0.033164579421281815,-2.3883845806121826,0.07522314786911011
1772.25,2.0077831745147705,-0.7068914175033569,-2.3867290019989014,0.48480215668678284
1772.266666666,2.005197286605835,0.025454048067331314,-2.384329319000244,0.3867044448852539
1772.283333333,2.001391649246216,-0.4637655019760132,-2.3809704780578613,0.964698851108551
1772.316666666,1.9923667907714844,-0.9197844862937927,-2.371673345565796,0.39025506377220154
1772.333333333,1.9867607355117798,-1.2302055358886719,-2.365647077560425,0.6561369895935059
1772.35,1.9802874326705933,-1.461503028869629,-2.358945369720459,1.0696595907211304
1772.366666666,1.97275972366333,-1.700216293334961,-2.3509716987609863,0.7674197554588318
1772.383333333,1.9642454385757446,-1.0129607915878296,-2.3425605297088623,1.395596981048584
1772.416666666,1.943113923072815,-0.30230042338371277,-2.321951150894165,1.6949248313903809
1772.433333333,1.9313346147537231,-0.45352035760879517,-2.3106887340545654,0.5548188090324402
1772.45,1.918594479560852,-1.2920997142791748,-2.297883987426758,2.1308465003967285
1772.466666666,1.904989242553711,-0.8725922107696533,-2.284605026245117,1.0586963891983032
1772.483333333,1.8900928497314453,-0.7724549174308777,-2.270181179046631,0.9904490113258362
1772.516666666,1.8586474657058716,-0.963510274887085,-2.2394790649414062,1.736656904220581
1772.533333333,1.8426923751831055,-2.395869493484497,-2.222245454788208,1.0546574592590332
1772.55,1.8247466087341309,-0.9485352039337158,-2.204463481903076,1.392496109008789
1772.566666666,1.805757999420166,-2.579916000366211,-2.1852080821990967,2.303945779800415
1772.583333333,1.7865755558013916,-0.8815152645111084,-2.166353464126587,1.480930209159851
1772.616666666,1.7475167512893677,-0.8812770843505859,-2.127786874771118,1.481461763381958
1772.633333333,1.7276867628097534,-2.230417490005493,-2.1081433296203613,2.627021074295044
1772.65,1.708454966545105,-0.8788909912109375,-2.089228630065918,1.483689546585083
1772.666666666,1.6886053085327148,-2.230211019515991,-2.069591760635376,2.627088785171509
1772.683333333,1.6693651676177979,-0.8792999982833862,-2.050682783126831,1.4834833145141602
1772.716666666,1.630262017250061,-0.879632830619812,-2.012148380279541,1.483306884765625
1772.733333333,1.6104005575180054,-2.2334072589874268,-1.9925222396850586,2.6206612586975098
1772.75,1.5911461114883423,-0.8800595998764038,-1.9736273288726807,1.4830634593963623
1772.766666666,1.5712790489196777,-2.236234188079834,-1.9540067911148071,2.6176846027374268
1772.783333333,1.5520193576812744,-0.8804598450660706,-1.9351180791854858,1.4826772212982178
1772.816666666,1.5128785371780396,-0.8810325860977173,-1.8966200351715088,1.4822707176208496
1772.833333333,1.492997407913208,-2.2419631481170654,-1.877010464668274,2.6077892780303955
1772.85,1.4737255573272705,-0.8813754916191101,-1.8581340312957764,1.4820550680160522
1772.866666666,1.4538379907608032,-2.2436890602111816,-1.8385306596755981,2.6037354469299316
1772.883333333,1.4345587491989136,-0.881621778011322,-1.8196606636047363,1.481939435005188
1772.916666666,1.3953800201416016,-0.8821078538894653,-1.7811981439590454,1.4815524816513062
1772.933333333,1.3754808902740479,-2.2483439445495605,-1.7616043090820312,2.5941710472106934
1772.95,1.3561891317367554,-0.882392942905426,-1.7427476644515991,1.4812922477722168
1772.966666666,1.3362839221954346,-2.2513620853424072,-1.7231584787368774,2.5885469913482666
1772.983333333,1.3169852495193481,-0.8828272223472595,-1.704308032989502,1.4810621738433838
1773.016666666,1.2777695655822754,-0.8830249309539795,-1.665879487991333,1.4808988571166992
1773.033333333,1.2578532695770264,-2.2566044330596924,-1.6462986469268799,2.577676773071289
1773.05,1.238542079925537,-0.8834070563316345,-1.6274607181549072,1.4805980920791626
1773.066666666,1.2186217308044434,-2.259478807449341,-1.6078850030899048,2.5737643241882324
1773.083333333,1.1993029117584229,-0.8834941983222961,-1.589053750038147,1.4805097579956055
1773.116666666,1.160051703453064,-0.883955717086792,-1.5506556034088135,1.480186104774475
1773.133333333,1.140118956565857,-2.265615463256836,-1.5310879945755005,2.5621275901794434
1773.15,1.120789647102356,-0.8840615153312683,-1.5122679471969604,1.480062484741211
1773.166666666,1.1008520126342773,-2.266159772872925,-1.492703914642334,2.5567853450775146
1773.183333333,1.081515908241272,-0.8843542337417603,-1.4738900661468506,1.4798239469528198
1773.216666666,1.0422325134277344,-0.8845717906951904,-1.4355207681655884,1.4795238971710205
1773.233333333,1.0222829580307007,-2.2715916633605957,-1.4159635305404663,2.5427334308624268
1773.25,1.002936840057373,-0.8847842812538147,-1.3971611261367798,1.47929048538208
1773.266666666,0.9829822778701782,-2.274667263031006,-1.377606749534607,2.5355706214904785
1773.283333333,0.9636303782463074,-0.8848797082901001,-1.3588099479675293,1.4791592359542847
1773.316666666,0.9243143796920776,-0.8850253224372864,-1.3204673528671265,1.4790478944778442
1773.333333333,0.9043532609939575,-2.2795262336730957,-1.300918698310852,2.525207042694092
1773.35,0.8849894404411316,-0.8851063847541809,-1.282132863998413,1.478927731513977
1773.366666666,0.8650227785110474,-2.28257155418396,-1.2625864744186401,2.517343044281006
1773.383333333,0.8456552028656006,-0.8852983117103577,-1.2438050508499146,1.4785913228988647
1773.416666666,0.8063181042671204,-0.8854991793632507,-1.2054799795150757,1.4787310361862183
1773.433333333,0.786354660987854,-2.3097434043884277,-1.1859301328659058,2.490203619003296
1773.45,0.7669713497161865,-0.885646402835846,-1.1671611070632935,1.4784446954727173
1773.466666666,0.7469926476478577,-2.285982847213745,-1.1476188898086548,2.496715545654297
1773.483333333,0.727610170841217,-0.8855830430984497,-1.1288535594940186,1.4780713319778442
1773.516666666,0.6882450580596924,-0.8854327201843262,-1.0905513763427734,1.477992057800293
1773.533333333,0.668271541595459,-2.3188414573669434,-1.0710065364837646,2.470501184463501
1773.55,0.6488769054412842,-0.8856666684150696,-1.0522503852844238,1.4780290126800537
1773.566666666,0.6288994550704956,-2.3180694580078125,-1.0327061414718628,2.4628701210021973
1773.583333333,0.6095009446144104,-0.8856552839279175,-1.0139541625976562,1.4777882099151611
1773.616666666,0.5701195597648621,-0.8855555057525635,-0.9756625890731812,1.4777357578277588
1773.633333333,0.5501381158828735,-2.322004556655884,-0.9561189413070679,2.4495084285736084
1773.65,0.5307336449623108,-0.8855042457580566,-0.9373743534088135,1.4775372743606567
1773.666666666,0.5107494592666626,-2.3229405879974365,-0.9178308248519897,2.4416587352752686
1773.683333333,0.49134179949760437,-0.8853680491447449,-0.8990902304649353,1.477434515953064
1773.716666666,0.4519462585449219,-0.8852593898773193,-0.8608096241950989,1.4772902727127075
1773.733333333,0.43195873498916626,-2.3256752490997314,-0.8412666320800781,2.429750680923462
1773.75,0.41254714131355286,-0.885042667388916,-0.8225311636924744,1.4772109985351562
1773.766666666,0.3925590217113495,-2.3253278732299805,-0.8029871582984924,2.4236130714416504
1773.783333333,0.3731449842453003,-0.8849443197250366,-0.78425532579422,1.4770171642303467
1773.816666666,0.3337404429912567,-0.8845546841621399,-0.7459814548492432,1.4770781993865967
1773.833333333,0.31375086307525635,-2.3274755477905273,-0.7264356017112732,2.410576820373535
1773.85,0.29433444142341614,-0.8843882083892822,-0.7077085375785828,1.4768950939178467
1773.866666666,0.27434462308883667,-2.3285903930664062,-0.6881617307662964,2.4037768840789795
1773.883333333,0.25492751598358154,-0.8840765953063965,-0.6694363355636597,1.4768658876419067
1773.916666666,0.2155206799507141,-0.8839191198348999,-0.6311637163162231,1.4766676425933838
1773.933333333,0.1955324411392212,-2.3310697078704834,-0.6116141676902771,2.3929269313812256
1773.95,0.17611493170261383,-0.8834000825881958,-0.5928912162780762,1.476801872253418
1773.966666666,0.15612705051898956,-2.3286659717559814,-0.5733392238616943,2.38761305809021
1773.983333333,0.13670900464057922,-0.8831984996795654,-0.5546180009841919,1.4766671657562256
1774.016666666,0.09730739891529083,-0.8828054070472717,-0.5163421034812927,1.4766308069229126
1774.033333333,0.07732249796390533,-2.3302204608917236,-0.49678540229797363,2.376760482788086
1774.05,0.057907212525606155,-0.8825268745422363,-0.47806474566459656,1.476521372795105
1774.066666666,0.037924475967884064,-2.332155704498291,-0.4585052728652954,2.3707902431488037
1774.083333333,0.01851176843047142,-0.8821358680725098,-0.43978413939476013,1.4764255285263062
1774.116666666,-0.020880630239844322,-0.881657600402832,-0.40150102972984314,1.4765228033065796
1774.133333333,-0.040857650339603424,-2.3305604457855225,-0.38193559646606445,2.3626229763031006
1774.15,-0.06026703119277954,-0.8810924291610718,-0.3632139563560486,1.4765326976776123
1774.166666666,-0.08024182915687561,-2.3287220001220703,-0.34364446997642517,2.3569037914276123
1774.183333333,-0.09964802861213684,-0.8808527588844299,-0.32492193579673767,1.47638738155365
1774.216666666,-0.13902193307876587,-0.880207896232605,-0.28662532567977905,1.4765323400497437
1774.233333333,-0.15898939967155457,-2.3274288177490234,-0.2670480012893677,2.3478801250457764
1774.25,-0.17838992178440094,-0.8797208070755005,-0.2483232468366623,1.4765281677246094
1774.266666666,-0.1983514279127121,-2.326007843017578,-0.22874198853969574,2.3462276458740234
1774.283333333,-0.21774901449680328,-0.8790105581283569,-0.21001562476158142,1.4767062664031982
1774.316666666,-0.25709977746009827,-0.8785719871520996,-0.1717006117105484,1.4766478538513184
1774.333333333,-0.27705246210098267,-2.3238284587860107,-0.15210981667041779,2.3385825157165527
1774.35,-0.29644066095352173,-0.8779239058494568,-0.13337844610214233,1.47677743434906
1774.366666666,-0.31638798117637634,-2.3205878734588623,-0.11378248780965805,2.336190700531006
1774.383333333,-0.3357714116573334,-0.8773989677429199,-0.0950484499335289,1.4767886400222778
1774.416666666,-0.37509167194366455,-0.8768021464347839,-0.05670958012342453,1.4768997430801392
1774.433333333,-0.39502856135368347,-2.317654609680176,-0.03710345923900604,2.3312036991119385
1774.45,-0.4144000709056854,-0.8762959241867065,-0.018361562862992287,1.4769726991653442
1774.466666666,-0.4343299865722656,-2.315937042236328,0.0012500924058258533,2.3303332328796387
1774.483333333,-0.4536966383457184,-0.8753141760826111,0.019995134323835373,1.477248191833496
1774.516666666,-0.49298104643821716,-0.8750075101852417,0.058363139629364014,1.4771870374679565
1774.533333333,-0.5128984451293945,-2.3105649948120117,0.07798727601766586,2.3257369995117188
1774.55,-0.532252311706543,-0.874254584312439,0.0967409536242485,1.4774364233016968
1774.566666666,-0.552161693572998,-2.30721378326416,0.11637149006128311,2.32673716545105
1774.583333333,-0.5715098977088928,-0.8734274506568909,0.1351298689842224,1.4777815341949463
1774.616666666,-0.6107534170150757,-0.8729103207588196,0.17353081703186035,1.477831244468689
1774.633333333,-0.6306505799293518,-2.301671266555786,0.19317446649074554,2.324225902557373
1774.65,-0.6499824523925781,-0.8724208474159241,0.21194414794445038,1.4779090881347656
1774.666666666,-0.6698716878890991,-2.2989108562469482,0.2315942347049713,2.325699806213379
1774.683333333,-0.6891972422599792,-0.8714790344238281,0.2503693997859955,1.4783049821853638
1774.716666666,-0.7283968925476074,-0.8710602521896362,0.2888079583644867,1.4785027503967285
1774.733333333,-0.7482699155807495,-2.2930703163146973,0.3084721863269806,2.3284289836883545
1774.75,-0.7675794959068298,-0.8701192736625671,0.32726019620895386,1.4788540601730347
1774.766666666,-0.7874476313591003,-2.2874443531036377,0.3469320237636566,2.326812267303467
1774.783333333,-0.8067495822906494,-0.8697255253791809,0.36572566628456116,1.4789726734161377
1774.816666666,-0.845902681350708,-0.8690959811210632,0.4042052924633026,1.4792875051498413
1774.833333333,-0.8657533526420593,-2.2835047245025635,0.4238913357257843,2.3313076496124268
1774.85,-0.8850389122962952,-0.8682870864868164,0.4426994323730469,1.4796526432037354
1774.866666666,-0.9048830270767212,-2.2788479328155518,0.46239298582077026,2.33280086517334
1774.883333333,-0.924159586429596,-0.8678883910179138,0.4812084436416626,1.4798504114151
1774.916666666,-0.9632645845413208,-0.8672087788581848,0.5197317600250244,1.4802591800689697
1774.933333333,-0.9830911755561829,-2.2755799293518066,0.539439857006073,2.3399572372436523
1774.95,-1.0023512840270996,-0.8665170669555664,0.5582709312438965,1.4806045293807983
1774.966666666,-1.0221717357635498,-2.270972728729248,0.5779858827590942,2.344179153442383
1774.983333333,-1.0414249897003174,-0.8659246563911438,0.596824586391449,1.4810084104537964
1775.016666666,-1.0804802179336548,-0.8651571869850159,0.6353939771652222,1.4814282655715942
1775.033333333,-1.1002875566482544,-2.2634854316711426,0.6551239490509033,2.349186420440674
1775.05,-1.1195237636566162,-0.8649941682815552,0.6739783883094788,1.481623888015747
1775.066666666,-1.1393197774887085,-2.2632577419281006,0.6937150955200195,2.356457233428955
1775.083333333,-1.1585485935211182,-0.8640636205673218,0.7125778198242188,1.4823271036148071
1775.116666666,-1.1975597143173218,-0.8637703657150269,0.7511925101280212,1.4825263023376465
1775.133333333,-1.2173432111740112,-2.2554831504821777,0.7709430456161499,2.366243362426758
1775.15,-1.2365556955337524,-0.8632637858390808,0.7898218631744385,1.4830083847045898
1775.166666666,-1.2563320398330688,-2.2527852058410645,0.8095791935920715,2.37231183052063
1775.183333333,-1.2755368947982788,-0.8629269003868103,0.8284666538238525,1.4833792448043823
1775.216666666,-1.3145033121109009,-0.8622427582740784,0.867125928401947,1.483961820602417
1775.233333333,-1.3342676162719727,-2.2464098930358887,0.8868964314460754,2.38421368598938
1775.25,-1.3534574508666992,-0.861987292766571,0.905799925327301,1.4842454195022583
1775.266666666,-1.3732155561447144,-2.244534730911255,0.925576388835907,2.389784812927246
1775.283333333,-1.392398476600647,-0.8617754578590393,0.9444881081581116,1.4846901893615723
1775.316666666,-1.4313246011734009,-0.861380398273468,0.9831905961036682,1.4851512908935547
1775.333333333,-1.451070785522461,-2.2417051792144775,1.002978801727295,2.4032034873962402
1775.35,-1.4702397584915161,-0.861234188079834,1.021907091140747,1.485493779182434
1775.366666666,-1.4899803400039673,-2.2404937744140625,1.0417006015777588,2.410438060760498
1775.383333333,-1.5091432332992554,-0.8606353402137756,1.060636043548584,1.4860498905181885
1775.416666666,-1.548035979270935,-0.8607221245765686,1.0993781089782715,1.486318826675415
1775.433333333,-1.5677648782730103,-2.237071990966797,1.1191821098327637,2.423849582672119
1775.45,-1.5869169235229492,-0.8602280616760254,1.1381319761276245,1.486856460571289
1775.466666666,-1.606643557548523,-2.2331326007843018,1.1579405069351196,2.4297235012054443
1775.483333333,-1.6257890462875366,-0.8604109287261963,1.1768980026245117,1.4870432615280151
1775.516666666,-1.6646502017974854,-0.8603734970092773,1.2156745195388794,1.487384557723999
1775.533333333,-1.684364914894104,-2.234318971633911,1.235491156578064,2.4456489086151123
1775.55,-1.7035021781921387,-0.8603425621986389,1.2544615268707275,1.487737774848938
1775.566666666,-1.723212718963623,-2.234485387802124,1.2742823362350464,2.4518237113952637
1775.583333333,-1.7423453330993652,-0.8605332374572754,1.293259620666504,1.4879056215286255
1775.616666666,-1.78118097782135,-0.8606574535369873,1.3320668935775757,1.4881784915924072
1775.633333333,-1.8008837699890137,-2.236093044281006,1.3518935441970825,2.467067003250122
1775.65,-1.8200085163116455,-0.8607807159423828,1.3708831071853638,1.4884374141693115
1775.666666666,-1.839707851409912,-2.2370893955230713,1.3907121419906616,2.4744441509246826
1775.683333333,-1.8588284254074097,-0.8610585331916809,1.4097071886062622,1.4886130094528198
1775.716666666,-1.8976415395736694,-0.8615034818649292,1.4485387802124023,1.4886106252670288
1775.733333333,-1.9173357486724854,-2.2417924404144287,1.4683703184127808,2.489067554473877
1775.75,-1.9364506006240845,-0.8615940809249878,1.4873768091201782,1.4889469146728516
1775.766666666,-1.956142544746399,-2.2398841381073,1.5072100162506104,2.498260736465454
1775.783333333,-1.9752544164657593,-0.8619299530982971,1.5262209177017212,1.4890724420547485
1775.816666666,-2.014061689376831,-0.8615849018096924,1.565064787864685,1.4894170761108398
1775.833333333,-2.0337612628936768,-2.217512607574463,1.5848920345306396,2.5243241786956787
1775.85,-2.052863836288452,-0.861840009689331,1.603912115097046,1.4895424842834473
1775.866666666,-2.0725629329681396,-2.216766357421875,1.6237397193908691,2.5300793647766113
1775.883333333,-2.091662883758545,-0.862270176410675,1.6427628993988037,1.4895645380020142
1775.916666666,-2.130460500717163,-0.8625892400741577,1.6816166639328003,1.4897403717041016
1775.933333333,-2.1501572132110596,-2.217069625854492,1.7014436721801758,2.544168472290039
1775.95,-2.1692566871643066,-0.8630147576332092,1.7204726934432983,1.4897902011871338
1775.966666666,-2.1889524459838867,-2.2176241874694824,1.7402985095977783,2.5520315170288086
1775.983333333,-2.2080516815185547,-0.8632601499557495,1.7593295574188232,1.4899307489395142
1776.016666666,-2.2468481063842773,-0.8636770248413086,1.7981868982315063,1.4899269342422485
1776.033333333,-2.2665438652038574,-2.217313528060913,1.8180103302001953,2.5640366077423096
1776.05,-2.2856433391571045,-0.8639883399009705,1.8370442390441895,1.4900232553482056
1776.066666666,-2.3053417205810547,-2.216547966003418,1.8568655252456665,2.570011854171753
1776.083333333,-2.3244404792785645,-0.8643450140953064,1.8759009838104248,1.490006923675537
1776.116666666,-2.363238573074341,-0.8648486137390137,1.9147557020187378,1.4899160861968994
1776.133333333,-2.382939100265503,-2.216615915298462,1.9345712661743164,2.582770824432373
1776.15,-2.402038812637329,-0.8651934862136841,1.9536081552505493,1.4899533987045288
1776.166666666,-2.4217402935028076,-2.2163443565368652,1.97342050075531,2.588954210281372
1776.183333333,-2.440842866897583,-0.8656929731369019,1.9924571514129639,1.4898931980133057
1776.216666666,-2.4796483516693115,-0.8661502003669739,2.0313034057617188,1.4897665977478027
1776.233333333,-2.4993553161621094,-2.2179160118103027,2.051107406616211,2.6002933979034424
1776.25,-2.518460273742676,-0.8665037155151367,2.070143938064575,1.489757776260376
1776.266666666,-2.5381693840026855,-2.21688175201416,2.08994460105896,2.6059627532958984
1776.283333333,-2.5572755336761475,-0.866981565952301,2.108980178833008,1.4896241426467896
1776.316666666,-2.5960965156555176,-0.8674008846282959,2.147810459136963,1.4895364046096802
1776.333333333,-2.6158111095428467,-2.2173449993133545,2.167602777481079,2.615438938140869
1776.35,-2.6343624591827393,-0.8299579620361328,2.1860902309417725,1.436024785041809
1776.366666666,-2.652207374572754,-3.1422066688537598,2.204237222671509,2.9912285804748535
1776.383333333,-2.6688058376312256,-0.7249075174331665,2.220899820327759,1.333383321762085
1776.416666666,-2.700015068054199,-0.7048901319503784,2.252699375152588,1.240381121635437
1776.433333333,-2.714498281478882,-2.4439423084259033,2.2675750255584717,2.407163619995117
1776.45,-2.7275359630584717,-0.6546570062637329,2.280717372894287,1.0320539474487305
1776.466666666,-2.740029811859131,-2.039616107940674,2.2935168743133545,0.8518825769424438
1776.483333333,-2.751302719116211,-0.7369289398193359,2.3054018020629883,0.6627536416053772
1776.516666666,-2.7717983722686768,-1.4337022304534912,2.3270115852355957,0.8043195605278015
1776.533333333,-2.7807109355926514,-0.7683014273643494,2.3365588188171387,0.7579212188720703
1776.55,-2.7887444496154785,-1.0697335004806519,2.3449313640594482,0.18666377663612366
1776.566666666,-2.795539379119873,-1.478040099143982,2.3524837493896484,0.709781289100647
1776.583333333,-2.801081418991089,-1.1588327884674072,2.3579459190368652,1.5298771858215332
1776.616666666,-2.81089448928833,-0.9765280485153198,2.369163751602173,0.5952867865562439
1776.633333333,-2.814406633377075,-0.6026169061660767,2.3729074001312256,-0.08220687508583069
1776.65,-2.8171331882476807,0.057770274579524994,2.37609601020813,0.4478943645954132
1776.666666666,-2.8193109035491943,0.03231007978320122,2.3780336380004883,0.3513159155845642
1776.683333333,-2.8203353881835938,0.15353356301784515,2.3791964054107666,0.2704215943813324
1776.716666666,-2.8211557865142822,0.08337251842021942,2.379732370376587,0.10777874290943146
1776.733333333,-2.821094036102295,-0.044938672333955765,2.3797523975372314,-0.009584045968949795
1776.75,-2.8214054107666016,-0.004745699930936098,2.3793320655822754,-0.004268019460141659
1776.766666666,-2.8213865756988525,-0.031417958438396454,2.3793740272521973,0.0027186311781406403
1776.783333333,-2.821659564971924,-0.006108416710048914,2.378999948501587,-0.000870229268912226
1776.816666666,-2.8218917846679688,-0.008751647546887398,2.378659963607788,-0.0006142939673736691
1776.833333333,-2.8218860626220703,-0.025505445897579193,2.3787102699279785,0.007738063111901283
1776.85,-2.822136163711548,-0.0077776554971933365,2.3783459663391113,0.0017579755512997508
1776.866666666,-2.8221259117126465,-0.02302107959985733,2.378368854522705,0.009204311296343803
1776.883333333,-2.8223788738250732,-0.008614771068096161,2.3780221939086914,0.0018015261739492416
1776.916666666,-2.8226234912872314,-0.008070467971265316,2.3777034282684326,0.0035561448894441128
1776.933333333,-2.822613477706909,-0.023523857817053795,2.3777356147766113,0.01057188306003809
1776.95,-2.8228673934936523,-0.006925366818904877,2.377392530441284,0.004884101450443268
1776.966666666,-2.822866678237915,-0.025239793583750725,2.377441883087158,0.010765845887362957
1776.983333333,-2.823119640350342,-0.0063102650456130505,2.3770923614501953,0.005501323379576206
1777.016666666,-2.8233706951141357,-0.006405938416719437,2.376781702041626,0.007412741892039776
1777.033333333,-2.823359966278076,-0.022630911320447922,2.3767898082733154,0.012331333011388779
1777.05,-2.8236172199249268,-0.004834273364394903,2.376458168029785,0.009412297047674656
1777.066666666,-2.823608160018921,-0.024041909724473953,2.3764848709106445,0.01211146917194128
1777.083333333,-2.8238706588745117,-0.005878945346921682,2.3761544227600098,0.008338307961821556
1777.116666666,-2.824126720428467,-0.008090627379715443,2.375871181488037,0.00603165477514267
1777.133333333,-2.8241090774536133,-0.02247513085603714,2.3758795261383057,0.012670290656387806
1777.15,-2.8243660926818848,-0.007986198179423809,2.3755486011505127,0.006880151107907295
1777.166666666,-2.82435941696167,-0.022792890667915344,2.3755621910095215,0.013633663766086102
1777.183333333,-2.824620008468628,-0.008006584830582142,2.375237464904785,0.007710096891969442
1777.216666666,-2.824876308441162,-0.007434760220348835,2.3749301433563232,0.009213820099830627
1777.233333333,-2.824861526489258,-0.024370498955249786,2.374967575073242,0.012896349653601646
1777.25,-2.825129985809326,-0.005784884560853243,2.374643325805664,0.010672961361706257
1777.266666666,-2.8251125812530518,-0.024464644491672516,2.3746719360351562,0.012643205001950264
1777.283333333,-2.825378894805908,-0.005726786330342293,2.3743414878845215,0.01118558831512928
1777.316666666,-2.8256335258483887,-0.003350169863551855,2.374033212661743,0.01400771364569664
1777.333333333,-2.8256187438964844,-0.024171339347958565,2.3740556240081787,0.013409987092018127
1777.35,-2.8258931636810303,-0.005213634576648474,2.3737406730651855,0.012284615077078342
1777.366666666,-2.825870990753174,-0.02264159545302391,2.3737454414367676,0.013289338909089565
1777.383333333,-2.826139450073242,-0.008246637880802155,2.3734257221221924,0.009727335534989834
1777.416666666,-2.826392889022827,-0.006364884320646524,2.373119354248047,0.012646189890801907
1777.433333333,-2.8263790607452393,-0.023320451378822327,2.3731331825256348,0.015024551190435886
1777.45,-2.8266513347625732,-0.0023462059907615185,2.3728206157684326,0.01677626557648182
1777.466666666,-2.8266384601593018,-0.025382641702890396,2.372854471206665,0.014024721458554268
1777.483333333,-2.826911449432373,-0.00423434516415,2.372532367706299,0.014313113875687122
1777.516666666,-2.8271665573120117,-0.005437391344457865,2.3722426891326904,0.013456287793815136
1777.533333333,-2.827143430709839,-0.025241214781999588,2.372265100479126,0.013693138025701046
1777.55,-2.8274223804473877,-0.007842464372515678,2.3719482421875,0.011323495768010616
1777.566666666,-2.8274033069610596,-0.024624282494187355,2.371973752975464,0.014634030871093273
1777.583333333,-2.827684164047241,-0.008349918760359287,2.3716633319854736,0.011712290346622467
1777.616666666,-2.8279366493225098,-0.002933328505605459,2.371356964111328,0.017767824232578278
1777.633333333,-2.827911853790283,-0.02521759457886219,2.371375322341919,0.01448972150683403
1777.65,-2.8281967639923096,-0.005140034947544336,2.3710649013519287,0.015948371961712837
1777.666666666,-2.8281824588775635,-0.026350995525717735,2.3711013793945312,0.014386448077857494
1777.683333333,-2.8284637928009033,-0.004455915652215481,2.3707823753356934,0.01568758301436901
1777.716666666,-2.8287267684936523,-0.002689917804673314,2.370490312576294,0.01828826777637005
1777.733333333,-2.8287158012390137,-0.025542400777339935,2.3705172538757324,0.014864753000438213
1777.75,-2.8289976119995117,-0.007694436237215996,2.370201587677002,0.013299087062478065
1777.766666666,-2.828986883163452,-0.024907615035772324,2.370227575302124,0.0159907266497612
1777.783333333,-2.829265594482422,-0.006627457682043314,2.3699169158935547,0.014317596331238747
1777.816666666,-2.8295352458953857,-0.003016834380105138,2.3696396350860596,0.017611894756555557
1777.833333333,-2.829533100128174,-0.023833144456148148,2.3696460723876953,0.01653444766998291
1777.85,-2.829660654067993,-0.05341596156358719,2.3691492080688477,-0.01801747828722
1777.866666666,-2.829514265060425,-0.013932810164988041,2.3691461086273193,0.03424105793237686
1777.883333333,-2.8293025493621826,0.07684313505887985,2.3678512573242188,-0.009997141547501087
1777.916666666,-2.8268258571624756,0.26357126235961914,2.3648273944854736,0.08563046157360077
1777.933333333,-2.824631690979004,1.278800368309021,2.3621649742126465,-0.23774991929531097
1777.95,-2.8213937282562256,0.4797259271144867,2.3583266735076904,-0.0470086932182312
1777.966666666,-2.8172430992126465,1.5805743932724,2.3534996509552,0.07770554721355438
1777.983333333,-2.81223726272583,0.5948150157928467,2.347841739654541,-0.5081942677497864
1778.016666666,-2.8003225326538086,0.6480907797813416,2.334782838821411,-0.6306530237197876
1778.033333333,-2.7922260761260986,1.0882086753845215,2.3270230293273926,-0.5950727462768555
1778.05,-2.7838189601898193,1.7270691394805908,2.3178551197052,0.5042423009872437
1778.066666666,-2.7744579315185547,2.006648540496826,2.307339906692505,-0.08461670577526093
1778.083333333,-2.7643306255340576,1.8652818202972412,2.296170711517334,-0.09780780971050262
1778.116666666,-2.7413442134857178,2.9004297256469727,2.271028995513916,1.190791368484497
1778.133333333,-2.729051113128662,2.9105162620544434,2.2568342685699463,-1.7106093168258667
1778.15,-2.715153455734253,0.8810822367668152,2.2425477504730225,-0.6871874928474426
1778.166666666,-2.6994717121124268,1.5566489696502686,2.2262754440307617,-0.589396595954895
1778.183333333,-2.683232545852661,1.6944042444229126,2.2100770473480225,-1.278424859046936
1778.216666666,-2.6497812271118164,1.3919130563735962,2.175581693649292,-1.0480808019638062
1778.233333333,-2.631605625152588,3.1445178985595703,2.155942678451538,-1.7273586988449097
1778.25,-2.6126747131347656,1.327926516532898,2.136449098587036,-0.1253349483013153
1778.266666666,-2.5926594734191895,1.2630915641784668,2.1174793243408203,-1.0350475311279297
1778.283333333,-2.573686122894287,2.92465877532959,2.0975382328033447,-2.782346725463867
1778.316666666,-2.5348055362701416,1.3251975774765015,2.0585992336273193,0.33181753754615784
1778.333333333,-2.5159389972686768,1.5476423501968384,2.037538766860962,0.08278781175613403
1778.35,-2.495702028274536,1.289477825164795,2.01888370513916,-1.2579164505004883
1778.366666666,-2.477170467376709,3.5966644287109375,1.998364806175232,-2.2996175289154053
1778.383333333,-2.4582443237304688,1.320184350013733,1.9787036180496216,-0.3799760341644287
1778.416666666,-2.4193623065948486,1.3758293390274048,1.9379032850265503,0.13841672241687775
1778.433333333,-2.3991212844848633,1.2579941749572754,1.9192167520523071,-1.6648640632629395
1778.45,-2.3802621364593506,2.162355422973633,1.8987078666687012,-1.917621374130249
1778.466666666,-2.361175775527954,1.3434183597564697,1.878961443901062,-0.29922324419021606
1778.483333333,-2.3412177562713623,1.730092167854309,1.8593297004699707,-0.2870159149169922
1778.516666666,-2.3031537532806396,1.3243881464004517,1.819417953491211,-0.7310971021652222
1778.533333333,-2.2839584350585938,3.3558409214019775,1.7999331951141357,-2.7406277656555176
1778.55,-2.2649354934692383,1.3163342475891113,1.780639410018921,-0.17356516420841217
1778.566666666,-2.2450027465820312,1.2612532377243042,1.761813759803772,-1.0123292207717896
1778.583333333,-2.2260265350341797,2.963068962097168,1.7416819334030151,-2.7392029762268066
1778.616666666,-2.1871535778045654,1.4156252145767212,1.702829360961914,0.039646148681640625
1778.633333333,-2.1679787635803223,0.45906972885131836,1.6819353103637695,-0.8327671885490417
1778.65,-2.147742748260498,1.2856943607330322,1.6636465787887573,-1.4183433055877686
1778.666666666,-2.129082441329956,2.7701027393341064,1.6432850360870361,-2.3431241512298584
1778.683333333,-2.1100339889526367,1.3240572214126587,1.6236573457717896,-0.3685428500175476
1778.716666666,-2.0708768367767334,0.43268176913261414,1.5828872919082642,-0.6297270655632019
1778.733333333,-2.0504982471466064,1.2479288578033447,1.564550518989563,-1.2820007801055908
1778.75,-2.0315399169921875,3.089353084564209,1.5442768335342407,-2.7565977573394775
1778.766666666,-2.012664794921875,1.3154953718185425,1.5248209238052368,-0.4030328691005707
1778.783333333,-1.9926913976669312,1.378613829612732,1.5049704313278198,0.3593362867832184
1778.816666666,-1.95317542552948,1.2323329448699951,1.4655101299285889,-1.5623159408569336
1778.833333333,-1.9340851306915283,2.1658787727355957,1.4452941417694092,-2.2011971473693848
1778.85,-1.9150744676589966,1.3631212711334229,1.425625205039978,-0.8422422409057617
1778.866666666,-1.895725965499878,3.2011892795562744,1.4062182903289795,-2.757913112640381
1778.883333333,-1.8767050504684448,1.3153830766677856,1.3869264125823975,-0.2266397923231125
1778.916666666,-1.8377059698104858,2.8163466453552246,1.347638726234436,-2.1046369075775146
1778.933333333,-1.818841576576233,1.3677505254745483,1.3283535242080688,-0.7097133994102478
1778.95,-1.7994201183319092,3.0076756477355957,1.3085981607437134,-2.735288381576538
1778.966666666,-1.7804186344146729,1.3533791303634644,1.289504051208496,-0.47799864411354065
1778.983333333,-1.760727882385254,2.3285648822784424,1.2698599100112915,-1.2254977226257324
1779.016666666,-1.7226482629776,1.6144943237304688,1.2307262420654297,-0.8146133422851562
1779.033333333,-1.7035406827926636,3.003131866455078,1.2111315727233887,-2.2971818447113037
1779.05,-1.6845488548278809,1.3251749277114868,1.1917515993118286,-0.19211089611053467
1779.066666666,-1.6645076274871826,1.2753709554672241,1.172698736190796,-0.5817446708679199
1779.083333333,-1.6456146240234375,3.1522746086120605,1.1527471542358398,-2.8006041049957275
1779.116666666,-1.6065713167190552,1.2715476751327515,1.1141382455825806,-0.11513502150774002
1779.133333333,-1.5875933170318604,2.2458865642547607,1.0935779809951782,-1.279650330543518
1779.15,-1.5683742761611938,1.3976258039474487,1.073549509048462,-0.643345296382904
1779.166666666,-1.5490516424179077,3.2423694133758545,1.0540920495986938,-2.714721441268921
1779.183333333,-1.5299720764160156,1.3419989347457886,1.0349736213684082,-0.3297678530216217
1779.216666666,-1.4906038045883179,1.9135873317718506,0.9946209192276001,-0.9150779247283936
1779.233333333,-1.472561001777649,2.9790143966674805,0.9748357534408569,-1.12744140625
1779.25,-1.4533861875534058,1.529143214225769,0.9563583135604858,-1.7269831895828247
1779.266666666,-1.4342231750488281,1.8976504802703857,0.9360405802726746,-1.313998818397522
1779.283333333,-1.414778470993042,1.560987114906311,0.917343258857727,-1.5454803705215454
1779.316666666,-1.3764293193817139,1.5477055311203003,0.8786358833312988,-1.50490403175354
1779.333333333,-1.3573731184005737,1.9684761762619019,0.8585715889930725,-1.4425305128097534
1779.35,-1.3380346298217773,1.4461643695831299,0.8395242691040039,-0.8351607918739319
1779.366666666,-1.3188889026641846,3.5482559204101562,0.8195796012878418,-1.7529046535491943
1779.383333333,-1.3000240325927734,1.3123078346252441,0.8000739812850952,-0.12750303745269775
1779.416666666,-1.261319637298584,3.4147183895111084,0.7611821889877319,-2.345414876937866
1779.433333333,-1.2423475980758667,1.324179768562317,0.7416955828666687,-0.32641395926475525
1779.45,-1.2222434282302856,1.309388518333435,0.7221540808677673,0.35095033049583435
1779.466666666,-1.2032721042633057,1.5559828281402588,0.7011915445327759,0.2038840353488922
1779.483333333,-1.1829289197921753,1.293379545211792,0.6826439499855042,-1.535660743713379
1779.516666666,-1.1450846195220947,1.4561715126037598,0.6431131362915039,-0.8851341009140015
1779.533333333,-1.1255606412887573,3.21804141998291,0.6234936714172363,-2.74747371673584
1779.55,-1.1064642667770386,1.3298412561416626,0.6042847633361816,-0.17554859817028046
1779.566666666,-1.0863596200942993,1.2865136861801147,0.5853589177131653,-0.6185863018035889
1779.583333333,-1.0673273801803589,3.1326653957366943,0.5653167366981506,-2.7972521781921387
1779.616666666,-1.02811598777771,1.2838767766952515,0.5272241234779358,-0.8179827332496643
1779.633333333,-1.0090385675430298,3.1060125827789307,0.5071849226951599,-2.7780797481536865
1779.65,-0.9899626970291138,1.3330802917480469,0.48793840408325195,-0.16722357273101807
1779.666666666,-0.9698219895362854,1.293965220451355,0.46899744868278503,-0.5881693959236145
1779.683333333,-0.9508010149002075,3.1960887908935547,0.4490310549736023,-2.797783613204956
1779.716666666,-0.9115083813667297,1.2866711616516113,0.4107077121734619,-0.19514557719230652
1779.733333333,-0.89237380027771,2.9356465339660645,0.39053595066070557,-1.7285407781600952
1779.75,-0.8733274936676025,1.450132131576538,0.3713844120502472,-0.9876179695129395
1779.766666666,-0.8537641167640686,2.95064377784729,0.3517245352268219,-2.7475383281707764
1779.783333333,-0.8346114754676819,1.330893635749817,0.3325490653514862,-0.16219624876976013
1779.816666666,-0.7953327298164368,3.1502835750579834,0.2936927378177643,-2.7949092388153076
1779.833333333,-0.7761865258216858,1.3330180644989014,0.2744602859020233,-0.15338419377803802
1779.85,-0.7560107111930847,1.2938947677612305,0.255636990070343,-0.7205823659896851
1779.866666666,-0.7369095683097839,3.1767849922180176,0.2356407642364502,-2.7933218479156494
1779.883333333,-0.717756450176239,1.3322752714157104,0.2164148986339569,-0.15652471780776978
1779.916666666,-0.6784440875053406,3.1506991386413574,0.1775922328233719,-2.793943166732788
1779.933333333,-0.6592785716056824,1.3376412391662598,0.15839794278144836,-0.17499490082263947
1779.95,-0.6390626430511475,1.301124095916748,0.13945272564888,-0.4613318145275116
1779.966666666,-0.6199764013290405,3.2221555709838867,0.11949215829372406,-2.7961833477020264
1779.983333333,-0.6007529497146606,1.335892915725708,0.10027532279491425,-0.21540521085262299
1780.016666666,-0.5613179206848145,2.3801233768463135,0.06090449169278145,-1.2496126890182495
1780.033333333,-0.5419490933418274,1.3919789791107178,0.04103993996977806,-0.269064337015152
1780.05,-0.5220083594322205,2.226508855819702,0.02160053886473179,-0.9551268219947815
1780.066666666,-0.5026290416717529,1.4540356397628784,0.0029848928097635508,-1.5016387701034546
1780.083333333,-0.4831903874874115,1.5754966735839844,-0.016615908592939377,-1.2772966623306274
1780.116666666,-0.44522517919540405,1.595453143119812,-0.05497711896896362,-1.581054449081421
1780.133333333,-0.4256802797317505,1.5891997814178467,-0.0749419778585434,-0.7623523473739624
1780.15,-0.40668198466300964,3.932544708251953,-0.09466691315174103,-1.7316346168518066
1780.166666666,-0.38757559657096863,1.3308281898498535,-0.11393574625253677,-0.31768640875816345
1780.183333333,-0.36729973554611206,1.2795953750610352,-0.1333772987127304,0.5702713131904602
1780.216666666,-0.3275829553604126,1.0063248872756958,-0.1728336662054062,-2.4370689392089844
1780.233333333,-0.3081251084804535,1.5028971433639526,-0.19197873771190643,-1.445017695426941
1780.25,-0.2889225482940674,2.1249308586120605,-0.21196401119232178,-1.6893246173858643
1780.266666666,-0.26943641901016235,1.3945451974868774,-0.23125861585140228,-0.1183570846915245
1780.283333333,-0.24913141131401062,1.4953685998916626,-0.250606894493103,-0.17406266927719116
1780.316666666,-0.2100468873977661,2.7142274379730225,-0.29066771268844604,-1.5984686613082886
1780.333333333,-0.19092026352882385,1.5322896242141724,-0.3091806173324585,-1.4948005676269531
1780.35,-0.17152145504951477,1.9921298027038574,-0.32923781871795654,-1.3924674987792969
1780.366666666,-0.15200527012348175,1.4504905939102173,-0.34865403175354004,-0.457238107919693
1780.383333333,-0.13235081732273102,3.0622448921203613,-0.36783745884895325,-2.69852352142334
1780.416666666,-0.09341288357973099,3.1796228885650635,-0.40597036480903625,-2.7231388092041016
1780.433333333,-0.07412184774875641,1.384806513786316,-0.42481738328933716,-0.45867568254470825
1780.45,-0.05419623479247093,2.5532617568969727,-0.44414207339286804,-1.5368778705596924
1780.466666666,-0.034997258335351944,1.5395644903182983,-0.46265190839767456,-1.7184525728225708
1780.483333333,-0.015571038238704205,1.7416784763336182,-0.4827742874622345,-1.1204333305358887
1780.516666666,0.023204827681183815,1.8916733264923096,-0.5214320421218872,-1.1530249118804932
1780.533333333,0.04298669472336769,1.6193886995315552,-0.5397422313690186,-1.9976904392242432
1780.55,0.062380265444517136,1.3915104866027832,-0.5593530535697937,-0.844696581363678
1780.566666666,0.08184461295604706,3.5642614364624023,-0.5784670114517212,-2.647897243499756
1780.583333333,0.10104711353778839,1.3556678295135498,-0.5973576307296753,-0.3462981879711151
1780.616666666,0.1409468650817871,0.39100974798202515,-0.6375898718833923,-0.587109386920929
1780.633333333,0.16125395894050598,1.297792911529541,-0.6557239890098572,-2.11537766456604
1780.65,0.1805671751499176,1.521003246307373,-0.6746452450752258,-1.614327073097229
1780.666666666,0.1999000906944275,1.7190020084381104,-0.694598913192749,-0.9779565334320068
1780.683333333,0.21912376582622528,2.5185012817382812,-0.7139816880226135,-1.8088464736938477
1780.716666666,0.2589583992958069,1.5374526977539062,-0.7527375817298889,0.1299075186252594
1780.733333333,0.2786114811897278,-0.51755291223526,-0.7734304070472717,-0.4897395074367523
1780.75,0.2989763021469116,0.6738060712814331,-0.7919213771820068,-2.6664059162139893
1780.766666666,0.31882479786872864,1.4860382080078125,-0.8114519715309143,-0.8639112710952759
1780.783333333,0.3378879129886627,4.1204376220703125,-0.8313181400299072,-1.764589786529541
1780.816666666,0.3773232400417328,1.2754449844360352,-0.8700588941574097,0.6479596495628357
1780.833333333,0.3964146375656128,1.7564092874526978,-0.8908728361129761,0.5029144883155823
1780.85,0.4169161021709442,1.2815982103347778,-0.9097618460655212,-1.4468121528625488
1780.866666666,0.4364035427570343,2.012782573699951,-0.9284625053405762,-1.7385525703430176
1780.883333333,0.4553910195827484,1.3543967008590698,-0.9483450055122375,-0.24833674728870392
1780.916666666,0.4949047565460205,2.0275118350982666,-0.9863589406013489,-2.941145181655884
1780.933333333,0.5140668153762817,1.325026512145996,-1.0060222148895264,-0.2682052254676819
1780.95,0.5344105362892151,1.3696026802062988,-1.0253002643585205,0.06969909369945526
1780.966666666,0.5535629391670227,1.4407551288604736,-1.0458855628967285,-0.9372257590293884
1780.983333333,0.572695791721344,4.203596591949463,-1.065737009048462,-1.020568609237671
1781.016666666,0.6122220158576965,1.342815637588501,-1.1048283576965332,0.6764942407608032
1781.033333333,0.630705714225769,2.5094521045684814,-1.1255587339401245,0.2888277471065521
1781.05,0.6503489017486572,3.222168445587158,-1.1455117464065552,-1.5405367612838745
1781.066666666,0.6693810224533081,1.3403761386871338,-1.164884090423584,-0.16146425902843475
1781.083333333,0.6896600723266602,1.308113932609558,-1.1838115453720093,-0.5846357941627502
1781.116666666,0.7280126810073853,1.3396492004394531,-1.2226786613464355,-0.3875330984592438
1781.133333333,0.7483184337615967,1.376009225845337,-1.242440104484558,0.6482260227203369
1781.15,0.7667772769927979,2.335695505142212,-1.263122797012329,0.09339460730552673
1781.166666666,0.786345362663269,3.528374195098877,-1.2830164432525635,-1.4958280324935913
1781.183333333,0.8053751587867737,1.33091139793396,-1.3023489713668823,-0.32600921392440796
1781.216666666,0.8448110222816467,1.0536340475082397,-1.342629313468933,-0.5892321467399597
1781.233333333,0.8653560280799866,1.2447295188903809,-1.3619914054870605,0.9494819641113281
1781.25,0.8849137425422668,0.8028031587600708,-1.382615327835083,0.16704510152339935
1781.266666666,0.9046208262443542,1.3423019647598267,-1.4030979871749878,0.5229310989379883
1781.283333333,0.925126314163208,0.5136004686355591,-1.4223129749298096,-1.4586336612701416
1781.316666666,0.9639329314231873,1.3356990814208984,-1.4610216617584229,-0.23172150552272797
1781.333333333,0.9841898083686829,1.3011873960494995,-1.480041742324829,-0.14699286222457886
1781.35,1.0033525228500366,2.6465566158294678,-1.5001981258392334,-1.5884965658187866
1781.366666666,1.022653579711914,1.3671320676803589,-1.5199426412582397,-0.023368768393993378
1781.383333333,1.0429366827011108,1.2814913988113403,-1.53887939453125,-1.0831615924835205
1781.416666666,1.0813735723495483,1.397091031074524,-1.5775325298309326,-0.843933641910553
1781.433333333,1.1007912158966064,3.419111728668213,-1.5966339111328125,-2.736453056335449
1781.45,1.1199791431427002,1.3294918537139893,-1.6157000064849854,-0.20876361429691315
1781.466666666,1.1401760578155518,1.2972090244293213,-1.634590744972229,-0.417047381401062
1781.483333333,1.159324288368225,3.0541293621063232,-1.6546474695205688,-2.310357093811035
1781.516666666,1.198343276977539,2.391294479370117,-1.6932786703109741,-1.2829062938690186
1781.533333333,1.2174681425094604,1.583409070968628,-1.7118459939956665,-1.7106924057006836
1781.55,1.2368324995040894,1.5249583721160889,-1.7319978475570679,-0.6713072657585144
1781.566666666,1.2561691999435425,3.4756131172180176,-1.7513134479522705,-2.625549793243408
1781.583333333,1.2753138542175293,1.3400088548660278,-1.7703709602355957,-0.2912989854812622
1781.616666666,1.3146417140960693,0.9037391543388367,-1.8105645179748535,-0.7525408267974854
1781.633333333,1.3351516723632812,1.2368085384368896,-1.8299190998077393,0.9562689661979675
1781.65,1.354491114616394,1.1074752807617188,-1.850793480873108,0.4669564962387085
1781.666666666,1.373335838317871,2.611027240753174,-1.871412754058838,0.39576485753059387
1781.683333333,1.3930931091308594,2.937767505645752,-1.891242504119873,-2.0738093852996826
1781.716666666,1.431825876235962,2.931997776031494,-1.9299544095993042,-2.6826834678649902
1781.733333333,1.4509555101394653,1.3884522914886475,-1.9487892389297485,-0.73182612657547
1781.75,1.4703811407089233,3.3995840549468994,-1.9683045148849487,-2.7476489543914795
1781.766666666,1.489528775215149,1.3360785245895386,-1.9874001741409302,-0.265152245759964
1781.783333333,1.5096913576126099,1.3445249795913696,-2.006659746170044,0.009629434905946255
1781.816666666,1.5474048852920532,2.392397403717041,-2.047020673751831,-1.012458324432373
1781.833333333,1.5672403573989868,1.6131285429000854,-2.065404176712036,-1.6929004192352295
1781.85,1.5865389108657837,1.622298240661621,-2.085566520690918,-1.0175316333770752
1781.866666666,1.6058313846588135,2.29542875289917,-2.1049718856811523,-2.1616227626800537
1781.883333333,1.6250569820404053,1.345156192779541,-2.1243181228637695,-0.5672522187232971
1781.916666666,1.66384756565094,1.495516061782837,-2.162433385848999,-1.4580169916152954
1781.933333333,1.683064341545105,2.138314723968506,-2.1826322078704834,-1.803078293800354
1781.95,1.7023903131484985,1.3733805418014526,-2.202092170715332,-0.25483670830726624
1781.966666666,1.7224688529968262,1.7742552757263184,-2.2215678691864014,-0.36266735196113586
1781.983333333,1.741814374923706,1.939653754234314,-2.241180181503296,-3.0981850624084473
1782.016666666,1.7795076370239258,1.4097832441329956,-2.2784154415130615,-0.056645527482032776
1782.033333333,1.7960841655731201,2.9726762771606445,-2.296372652053833,-2.4598536491394043
1782.05,1.8119879961013794,1.1799122095108032,-2.3125481605529785,-0.491150826215744
1782.066666666,1.8269448280334473,3.5158939361572266,-2.32800030708313,-2.0209968090057373
1782.083333333,1.8407682180404663,1.0346022844314575,-2.3422067165374756,-0.302201509475708
1782.116666666,1.8665663003921509,0.8293578624725342,-2.3692376613616943,-0.6172937750816345
1782.133333333,1.8781898021697998,2.89823842048645,-2.381941080093384,-0.8585095405578613
1782.15,1.888775110244751,0.7263862490653992,-2.3928048610687256,-0.11675050109624863
1782.166666666,1.8983769416809082,2.4618489742279053,-2.4032814502716064,-0.048212189227342606
1782.183333333,1.9068952798843384,1.463767409324646,-2.412734031677246,0.3386099934577942
1782.216666666,1.9221323728561401,1.3584237098693848,-2.430026054382324,-0.1866501122713089
1782.233333333,1.9284476041793823,0.6976956725120544,-2.436387300491333,-0.4716477394104004
1782.25,1.9339993000030518,0.5829648971557617,-2.4425535202026367,-0.4906880259513855
1782.266666666,1.9383411407470703,1.9867103099822998,-2.4470393657684326,-0.29393550753593445
1782.283333333,1.941375970840454,0.4559975862503052,-2.4506938457489014,-0.009920642711222172
1782.316666666,1.9461570978164673,1.5732274055480957,-2.45611572265625,0.05799160152673721
1782.333333333,1.9471299648284912,0.26844489574432373,-2.457462787628174,-0.09217032045125961
1782.35,1.9475878477096558,0.13227351009845734,-2.457866668701172,0.11507434397935867
1782.366666666,1.947691559791565,-0.07419655472040176,-2.4578278064727783,0.009340019896626472
1782.383333333,1.947162389755249,-0.015404226258397102,-2.458155870437622,0.03330571949481964
1782.416666666,1.9467353820800781,0.005863593891263008,-2.4583871364593506,0.04606940597295761
1782.433333333,1.9467782974243164,-0.05561544746160507,-2.4583849906921387,0.051358360797166824
1782.45,1.946305751800537,0.008776804432272911,-2.458629608154297,0.0454585924744606
1782.466666666,1.9463300704956055,-0.05691155046224594,-2.4586122035980225,0.04984484985470772
1782.483333333,1.945862889289856,0.012368972413241863,-2.4588639736175537,0.045828163623809814
1782.516666666,1.9454582929611206,0.00441239308565855,-2.4591174125671387,0.03768787905573845
1782.533333333,1.9454814195632935,-0.054562609642744064,-2.4591164588928223,0.05002421885728836
1782.55,1.9450348615646362,0.011101395823061466,-2.459368944168091,0.04209953173995018
1782.566666666,1.9450573921203613,-0.0533851683139801,-2.4593710899353027,0.05085933208465576
1782.583333333,1.944618582725525,-0.0023690490052103996,-2.4596214294433594,0.028978876769542694
1782.616666666,1.944230079650879,0.01253072451800108,-2.4598755836486816,0.04065142944455147
1782.633333333,1.9442623853683472,-0.052005402743816376,-2.4598639011383057,0.0503997802734375
1782.65,1.9438419342041016,-0.0002916450030170381,-2.4601216316223145,0.027958301827311516
1782.666666666,1.9438886642456055,-0.050141140818595886,-2.4601051807403564,0.04911566525697708
1782.683333333,1.9434781074523926,0.007449659984558821,-2.4603676795959473,0.03475567325949669
1782.716666666,1.9431227445602417,0.012661444023251534,-2.460618019104004,0.03769360110163689
1782.733333333,1.9431527853012085,-0.05106889829039574,-2.4606144428253174,0.04997793212532997
1782.75,1.9427510499954224,0.015348738059401512,-2.46087908744812,0.03938224911689758
1782.766666666,1.942793607711792,-0.051790814846754074,-2.460866689682007,0.04876549914479256
1782.783333333,1.9423871040344238,0.013940270990133286,-2.4611282348632812,0.03742872178554535
1782.816666666,1.9420421123504639,0.0023957588709890842,-2.461392641067505,0.02577245980501175
1782.833333333,1.9420721530914307,-0.048946578055620193,-2.4613864421844482,0.05055680871009827
1782.85,1.9416837692260742,0.013177462853491306,-2.4616458415985107,0.035658515989780426
1782.866666666,1.9417129755020142,-0.05017204210162163,-2.461637496948242,0.051038093864917755
1782.883333333,1.9413241147994995,0.01772068440914154,-2.46189546585083,0.03885694220662117
1782.916666666,1.9409890174865723,0.016163555905222893,-2.462162971496582,0.036167558282613754
1782.933333333,1.9410252571105957,-0.04946935549378395,-2.4621591567993164,0.04890664294362068
1782.95,1.9406417608261108,0.01617264188826084,-2.4624269008636475,0.036631979048252106
1782.966666666,1.9406945705413818,-0.050515804439783096,-2.4624171257019043,0.04780419543385506
1782.983333333,1.9403131008148193,0.015651505440473557,-2.4626898765563965,0.03438292443752289
1783.016666666,1.9399669170379639,0.016250919550657272,-2.462949275970459,0.034259602427482605
1783.033333333,1.940019130706787,-0.05011587217450142,-2.4629368782043457,0.04690046235918999
1783.05,1.939650058746338,0.013952030800282955,-2.4632184505462646,0.031235167756676674
1783.066666666,1.9396744966506958,-0.050041649490594864,-2.463205337524414,0.04881318658590317
1783.083333333,1.9393047094345093,0.017364999279379845,-2.4634809494018555,0.03470901399850845
1783.116666666,1.9389753341674805,0.005351471249014139,-2.463744640350342,0.02314872480928898
1783.133333333,1.9390027523040771,-0.047341905534267426,-2.463732957839966,0.049092840403318405
1783.15,1.938646912574768,0.013505020178854465,-2.4640042781829834,0.030029674991965294
1783.166666666,1.9386866092681885,-0.049103543162345886,-2.463991165161133,0.048223838210105896
1783.183333333,1.9383244514465332,0.016058603301644325,-2.464268684387207,0.03241634741425514
1783.216666666,1.938010573387146,0.014474823139607906,-2.4645371437072754,0.029907584190368652
1783.233333333,1.938037395477295,-0.04934103414416313,-2.464533805847168,0.04873363673686981
1783.25,1.9376758337020874,0.01735483855009079,-2.4648079872131348,0.033046215772628784
1783.266666666,1.9377189874649048,-0.04949863627552986,-2.4647974967956543,0.04723209887742996
1783.283333333,1.9373611211776733,0.014840241521596909,-2.4650797843933105,0.029987694695591927
1783.316666666,1.9370349645614624,0.0065602753311395645,-2.4653444290161133,0.021148938685655594
1783.333333333,1.9370728731155396,-0.046580761671066284,-2.465334892272949,0.04691300168633461
1783.35,1.936725378036499,0.011225768364965916,-2.4656145572662354,0.026228848844766617
1783.366666666,1.9367417097091675,-0.04871680587530136,-2.465604543685913,0.04952845349907875
1783.383333333,1.9363924264907837,0.01820627972483635,-2.465879201889038,0.03173976391553879
1783.416666666,1.9360835552215576,0.014999931678175926,-2.466153383255005,0.02807822823524475
1783.433333333,1.9361112117767334,-0.04892155900597572,-2.466155529022217,0.04823737218976021
1783.45,1.9357587099075317,0.018185485154390335,-2.466430425643921,0.03139595314860344
1783.466666666,1.9357925653457642,-0.0503854975104332,-2.4664134979248047,0.04721260070800781
1783.483333333,1.935441493988037,0.0148018142208457,-2.466698408126831,0.026922006160020828
1783.516666666,1.935989499092102,0.10984445363283157,-2.4662303924560547,0.14502114057540894
1783.533333333,1.9373924732208252,0.26049044728279114,-2.464822769165039,0.24668708443641663
1783.55,1.941357970237732,0.5749515295028687,-2.460991144180298,0.5288008451461792
1783.566666666,1.9470709562301636,0.6610239744186401,-2.4555978775024414,0.6552205085754395
1783.583333333,1.9542874097824097,0.7649322152137756,-2.448550224304199,0.7530267238616943
1783.616666666,1.9725664854049683,0.882846474647522,-2.4305639266967773,0.8783560991287231
1783.633333333,1.9838992357254028,0.9963966608047485,-2.4193570613861084,0.9928112030029297
1783.65,1.997341275215149,1.1335935592651367,-2.4060192108154297,1.1337529420852661
1783.666666666,2.0122873783111572,1.2235238552093506,-2.391148567199707,1.2252168655395508
1783.683333333,2.0287892818450928,1.3222144842147827,-2.3747141361236572,1.3266479969024658
1783.716666666,2.065614700317383,1.4447311162948608,-2.3379969596862793,1.447912335395813
1783.733333333,2.0862526893615723,1.5532492399215698,-2.317429542541504,1.5558443069458008
1783.75,2.1080989837646484,1.6210609674453735,-2.2956418991088867,1.6262422800064087
1783.766666666,2.130054235458374,1.6132714748382568,-2.2737364768981934,1.6160486936569214
1783.783333333,2.151898145675659,1.625392198562622,-2.251948833465576,1.6290501356124878
1783.816666666,2.195719003677368,1.6316452026367188,-2.208235263824463,1.6345152854919434
1783.833333333,2.217651128768921,1.6316759586334229,-2.186366319656372,1.6346359252929688
1783.85,2.2395853996276855,1.6312801837921143,-2.1644880771636963,1.636321783065796
1783.866666666,2.2614901065826416,1.6316556930541992,-2.142634153366089,1.6346614360809326
1783.883333333,2.2834224700927734,1.6312265396118164,-2.1207656860351562,1.6348106861114502
1783.916666666,2.3272616863250732,1.6320687532424927,-2.077033042907715,1.635031819343567
1783.933333333,2.3491997718811035,1.6310672760009766,-2.055154800415039,1.6345112323760986
1783.95,2.3711283206939697,1.631111741065979,-2.0332815647125244,1.6362512111663818
1783.966666666,2.393033981323242,1.6318646669387817,-2.0114264488220215,1.6348192691802979
1783.983333333,2.4149672985076904,1.6315925121307373,-1.9895533323287964,1.6346814632415771
1784.016666666,2.4588048458099365,1.632064700126648,-1.9458227157592773,1.6350198984146118
1784.033333333,2.4807376861572266,1.6304054260253906,-1.9239484071731567,1.6346102952957153
1784.05,2.5026674270629883,1.630139708518982,-1.902068853378296,1.6350864171981812
1784.066666666,2.5245766639709473,1.6318480968475342,-1.880211353302002,1.6346644163131714
1784.083333333,2.5465102195739746,1.6310045719146729,-1.8583390712738037,1.6346908807754517
1784.116666666,2.5903468132019043,1.6320436000823975,-1.814607858657837,1.6349680423736572
1784.133333333,2.612281084060669,1.6302181482315063,-1.7927358150482178,1.6340945959091187
1784.15,2.6342132091522217,1.6302639245986938,-1.7708557844161987,1.6348423957824707
1784.166666666,2.656121015548706,1.6314603090286255,-1.7489994764328003,1.634273648262024
1784.183333333,2.678053379058838,1.6310926675796509,-1.7271283864974976,1.634093165397644
1784.216666666,2.7218921184539795,1.6318110227584839,-1.6833975315093994,1.6347049474716187
1784.233333333,2.743828773498535,1.6312944889068604,-1.6615209579467773,1.6342880725860596
1784.25,2.7657575607299805,1.6315507888793945,-1.6396489143371582,1.6362563371658325
1784.266666666,2.787663698196411,1.631998062133789,-1.617795705795288,1.634933352470398
1784.283333333,2.8095998764038086,1.6295256614685059,-1.5959196090698242,1.6336458921432495
1784.316666666,2.853433132171631,1.6319042444229126,-1.552187442779541,1.634820818901062
1784.333333333,2.8753669261932373,1.6300830841064453,-1.5303107500076294,1.634212851524353
1784.35,2.89729642868042,1.630524754524231,-1.5084322690963745,1.635182499885559
1784.366666666,2.9192023277282715,1.6318976879119873,-1.4865788221359253,1.634742259979248
1784.383333333,2.941129446029663,1.6303153038024902,-1.4647108316421509,1.6343973875045776
1784.416666666,2.9849681854248047,1.6320104598999023,-1.4209744930267334,1.6350589990615845
1784.433333333,3.006906270980835,1.6314772367477417,-1.3990988731384277,1.6340898275375366
1784.45,3.0288405418395996,1.630165934562683,-1.377221941947937,1.635356068611145
1784.466666666,3.0507419109344482,1.632203459739685,-1.3553717136383057,1.6351912021636963
1784.483333333,3.072680711746216,1.6321083307266235,-1.333495020866394,1.6350648403167725
1784.516666666,3.1165194511413574,1.6320514678955078,-1.289767861366272,1.6350231170654297
1784.533333333,3.138457775115967,1.6317009925842285,-1.26789128780365,1.6345398426055908
1784.55,3.1603879928588867,1.6312166452407837,-1.2460172176361084,1.6362547874450684
1784.566666666,3.1822924613952637,1.632008671760559,-1.2241637706756592,1.6349796056747437
1784.583333333,3.204231023788452,1.6310627460479736,-1.2022892236709595,1.6345707178115845
1784.616666666,3.2480688095092773,1.6315679550170898,-1.1585572957992554,1.6344020366668701
1784.633333333,3.270000696182251,1.630609154701233,-1.1366878747940063,1.6339669227600098
1784.65,3.291933536529541,1.6296249628067017,-1.1148111820220947,1.634680986404419
1784.666666666,3.3138375282287598,1.6321501731872559,-1.0929584503173828,1.635037899017334
1784.683333333,3.3357746601104736,1.6315503120422363,-1.0710846185684204,1.634599208831787
1784.716666666,3.379610538482666,1.6321945190429688,-1.027355670928955,1.635231375694275
1784.733333333,3.4015488624572754,1.6318540573120117,-1.0054751634597778,1.6350702047348022
1784.75,3.423478841781616,1.6306562423706055,-0.9836030006408691,1.6359639167785645
1784.766666666,3.4453811645507812,1.6321568489074707,-0.961751401424408,1.6351832151412964
1784.783333333,3.467320442199707,1.6311280727386475,-0.9398733973503113,1.6339731216430664
1784.816666666,3.511157274246216,1.631840705871582,-0.8961431980133057,1.6347702741622925
1784.833333333,3.5330913066864014,1.6310752630233765,-0.8742695450782776,1.6340603828430176
1784.85,3.5550243854522705,1.6303722858428955,-0.8523926734924316,1.6354488134384155
1784.866666666,3.5769290924072266,1.631787896156311,-0.8305390477180481,1.6346999406814575
1784.883333333,3.5988612174987793,1.630998969078064,-0.8086652755737305,1.6351637840270996
1784.916666666,3.64269757270813,1.6318129301071167,-0.7649310231208801,1.634745478630066
1784.933333333,3.664630174636841,1.6312206983566284,-0.743060290813446,1.6343225240707397
1784.95,3.686567544937134,1.6298080682754517,-0.721179187297821,1.635154128074646
1784.966666666,3.7084662914276123,1.632103443145752,-0.6993299126625061,1.6351145505905151
1784.983333333,3.7304043769836426,1.6315099000930786,-0.6774552464485168,1.634607195854187
1785.016666666,3.7742443084716797,1.6317909955978394,-0.6337221264839172,1.634670615196228
1785.033333333,3.796180009841919,1.6307367086410522,-0.6118491888046265,1.634140133857727
1785.05,3.8181076049804688,1.6303597688674927,-0.5899791121482849,1.6352908611297607
1785.066666666,3.8400187492370605,1.6319199800491333,-0.5681187510490417,1.6346944570541382
1785.083333333,3.8619511127471924,1.6300199031829834,-0.5462449193000793,1.6345970630645752
1785.116666666,3.9057843685150146,1.6321871280670166,-0.502513587474823,1.6350557804107666
1785.133333333,3.9277193546295166,1.6303019523620605,-0.480638325214386,1.634920597076416
1785.15,3.9496519565582275,1.6299028396606445,-0.45875537395477295,1.6350053548812866
1785.166666666,3.971557140350342,1.6317918300628662,-0.4369017779827118,1.634669303894043
1785.183333333,3.9934940338134766,1.6309688091278076,-0.41502803564071655,1.6344423294067383
1785.216666666,4.037331581115723,1.6317846775054932,-0.37129756808280945,1.6346259117126465
1785.233333333,4.059262275695801,1.6304781436920166,-0.34942376613616943,1.6349433660507202
1785.25,4.081194877624512,1.630618929862976,-0.32754331827163696,1.635668396949768
1785.266666666,4.103095531463623,1.6322383880615234,-0.30569517612457275,1.6352624893188477
1785.283333333,4.1250319480896,1.6313985586166382,-0.2838158905506134,1.634830117225647
1785.316666666,4.168864727020264,1.6320284605026245,-0.24008624255657196,1.6349515914916992
1785.333333333,4.190801620483398,1.6305606365203857,-0.2182101458311081,1.6341711282730103
1785.35,4.212735652923584,1.6304967403411865,-0.19632920622825623,1.6354174613952637
1785.366666666,4.234636306762695,1.6319949626922607,-0.17448072135448456,1.6349600553512573
1785.383333333,4.256573677062988,1.6303765773773193,-0.1526016741991043,1.6348286867141724
1785.416666666,4.300406455993652,1.6320576667785645,-0.10887206345796585,1.6349750757217407
1785.433333333,4.3223395347595215,1.6310069561004639,-0.0870032086968422,1.6346943378448486
1785.45,4.344274997711182,1.630198359489441,-0.06512309610843658,1.6353468894958496
1785.466666666,4.366184234619141,1.63179612159729,-0.04326467216014862,1.634634256362915
1785.483333333,4.388116836547852,1.6305701732635498,-0.021393299102783203,1.6341501474380493
1785.516666666,4.428389072418213,1.49166738986969,0.018783370032906532,1.4947664737701416
1785.533333333,4.445252895355225,1.236946940422058,0.035595737397670746,1.2423211336135864
1785.55,4.458859920501709,1.093997597694397,0.04916166514158249,1.099602460861206
1785.566666666,4.470181465148926,0.9620424509048462,0.06043781340122223,0.9664029479026794
1785.583333333,4.479225158691406,0.818778932094574,0.0694284439086914,0.8243622183799744
1785.616666666,4.491648197174072,0.6454803347587585,0.08176349103450775,0.6524017453193665
1785.633333333,4.494516372680664,0.3908486068248749,0.08459379523992538,0.4002717137336731
1785.65,4.494623184204102,0.10245823860168457,0.08471877127885818,0.10914111882448196
1785.666666666,4.494703769683838,-0.04890049621462822,0.08465836197137833,0.06411319971084595
1785.683333333,4.494718551635742,-0.1268080174922943,0.08478381484746933,-0.09578465670347214
1785.716666666,4.493902206420898,-0.1143912672996521,0.08396803587675095,-0.02839396521449089
1785.733333333,4.493236064910889,-0.006635005120187998,0.08344264328479767,0.013749844394624233
1785.75,4.493292331695557,-0.08404860645532608,0.08348006755113602,0.013077154755592346
1785.766666666,4.492770671844482,-0.002654014155268669,0.08309844881296158,0.019136521965265274
1785.783333333,4.492815017700195,-0.06156284362077713,0.08311280608177185,0.036335065960884094
1785.816666666,4.492432117462158,-0.055984821170568466,0.08282715082168579,0.04508884996175766
1785.833333333,4.492032051086426,0.003953080624341965,0.08254500478506088,0.02772807888686657
1785.85,4.492067813873291,-0.051573242992162704,0.08254588395357132,0.04853963851928711
1785.866666666,4.491687297821045,0.01209956780076027,0.0822712704539299,0.03515404462814331
1785.883333333,4.491742134094238,-0.05248203128576279,0.08228814601898193,0.0473872534930706
1785.916666666,4.491408824920654,-0.051814742386341095,0.08202362060546875,0.047430746257305145
1785.933333333,4.491027355194092,0.010463203303515911,0.08174987137317657,0.0334785133600235
1785.95,4.491069793701172,-0.051781993359327316,0.08175200968980789,0.04924531653523445
1785.966666666,4.490695953369141,0.013265361078083515,0.08147921413183212,0.03477488085627556
1785.983333333,4.490724086761475,-0.052012935280799866,0.08148961514234543,0.050012581050395966
1786.016666666,4.490386962890625,-0.05185060203075409,0.0812278613448143,0.04972982779145241
1786.033333333,4.490015506744385,0.013186566531658173,0.08095530420541763,0.0346379391849041
1786.05,4.490052223205566,-0.05165541172027588,0.08096719533205032,0.049112752079963684
1786.066666666,4.489684581756592,0.013089350424706936,0.08069277554750443,0.03339936584234238
1786.083333333,4.489726543426514,-0.05210340768098831,0.08071274310350418,0.048101264983415604
1786.116666666,4.4893975257873535,-0.04871194064617157,0.08043898642063141,0.048405177891254425
1786.133333333,4.489040851593018,0.008758530020713806,0.08016277849674225,0.029488634318113327
1786.15,4.489096641540527,-0.05067649483680725,0.0801830142736435,0.04681362584233284
1786.166666666,4.488733291625977,0.01451204251497984,0.07990454137325287,0.03281022608280182
1786.183333333,4.488777160644531,-0.05101006478071213,0.0799161046743393,0.0466710664331913
1786.216666666,4.488464832305908,-0.052405934780836105,0.07965565472841263,0.046591807156801224
1786.233333333,4.488100051879883,0.00887859333306551,0.07936987280845642,0.027575260028243065
1786.25,4.488152027130127,-0.0513179674744606,0.07938185334205627,0.04615475609898567
1786.266666666,4.487792491912842,0.009617653675377369,0.07909518480300903,0.027532801032066345
1786.283333333,4.487833023071289,-0.0509101003408432,0.07909706979990005,0.047748614102602005
1786.316666666,4.487167835235596,-0.030847670510411263,0.07894723117351532,-0.000982790719717741
1786.333333333,4.485692024230957,-0.023031219840049744,0.07907450199127197,0.07276232540607452
1786.35,4.484728813171387,0.12792402505874634,0.08032328635454178,0.18671174347400665
1786.366666666,4.483105659484863,-0.6583030819892883,0.08155213296413422,0.5584783554077148
1786.383333333,4.480492115020752,0.025598818436264992,0.08414435386657715,0.44429758191108704
1786.416666666,4.472466945648193,-0.7368807792663574,0.09199277311563492,0.5261076092720032
1786.433333333,4.467707633972168,-1.0005450248718262,0.09702730923891068,0.42382287979125977
1786.45,4.461844444274902,-1.2862342596054077,0.10334329307079315,0.6667727828025818
1786.466666666,4.4553542137146,-1.466942310333252,0.110172800719738,1.0001914501190186
1786.483333333,4.447817802429199,-1.7059599161148071,0.11819712817668915,0.7693715691566467
1786.516666666,4.429565906524658,-0.3549691140651703,0.13624875247478485,0.591696560382843
1786.533333333,4.418471813201904,-0.15378744900226593,0.1469845175743103,1.858203411102295
1786.55,4.406676769256592,-0.98206627368927,0.15850743651390076,0.8863738775253296
1786.566666666,4.394567489624023,-2.244871139526367,0.1714068353176117,1.5273857116699219
1786.583333333,4.381733417510986,-1.4428788423538208,0.18490718305110931,0.8450446724891663
1786.616666666,4.353218078613281,-1.477087378501892,0.21440255641937256,0.8652264475822449
1786.633333333,4.337116241455078,-2.101004123687744,0.23042060434818268,1.3106003999710083
1786.65,4.320901870727539,-1.9672287702560425,0.2478204369544983,0.9721490144729614
1786.666666666,4.302399635314941,-1.056779384613037,0.2657565176486969,1.359639048576355
1786.683333333,4.283694267272949,-2.6853771209716797,0.2849920392036438,2.2911267280578613
1786.716666666,4.2447638511657715,-2.1609408855438232,0.3234957754611969,2.5639548301696777
1786.733333333,4.225536823272705,-0.8818461298942566,0.34239739179611206,1.4806808233261108
1786.75,4.205713272094727,-2.2293081283569336,0.36204203963279724,2.6263368129730225
1786.766666666,4.186482906341553,-0.8789567947387695,0.380957692861557,1.483581781387329
1786.783333333,4.166633129119873,-2.230529308319092,0.400595098733902,2.62758469581604
1786.816666666,4.127538681030273,-2.232402801513672,0.439136803150177,2.6250927448272705
1786.833333333,4.108292579650879,-0.8796298503875732,0.4580398201942444,1.4833168983459473
1786.85,4.088430881500244,-2.2345778942108154,0.47766685485839844,2.6211369037628174
1786.866666666,4.069177150726318,-0.8800997138023376,0.49656298756599426,1.4829895496368408
1786.883333333,4.049310207366943,-2.2370433807373047,0.5161840319633484,2.616776943206787
1786.916666666,4.0101776123046875,-2.2387077808380127,0.554689347743988,2.612966537475586
1786.933333333,3.9909133911132812,-0.8809919357299805,0.573573112487793,1.4823788404464722
1786.95,3.9710335731506348,-2.242020606994629,0.5931829214096069,2.6086041927337646
1786.966666666,3.9517619609832764,-0.881350040435791,0.6120601296424866,1.4821289777755737
1786.983333333,3.9318759441375732,-2.2438583374023438,0.6316645741462708,2.604701519012451
1787.016666666,3.8927066326141357,-2.2477269172668457,0.6701357364654541,2.599233388900757
1787.033333333,3.8734216690063477,-0.8821631073951721,0.6889999508857727,1.4815834760665894
1787.05,3.853525400161743,-2.249843120574951,0.7085943222045898,2.595670700073242
1787.066666666,3.8342323303222656,-0.882218599319458,0.7274518609046936,1.4815962314605713
1787.083333333,3.8143293857574463,-2.250699043273926,0.7470422983169556,2.5911028385162354
1787.116666666,3.7751200199127197,-2.252486228942871,0.7854788899421692,2.5843465328216553
1787.133333333,3.7558155059814453,-0.8830618262290955,0.8043232560157776,1.4809048175811768
1787.15,3.735901355743408,-2.2564167976379395,0.8239037990570068,2.5806097984313965
1787.166666666,3.7165908813476562,-0.8833286762237549,0.8427425622940063,1.4807285070419312
1787.183333333,3.696669816970825,-2.260222911834717,0.8623189330101013,2.5736422538757324
1787.216666666,3.657428503036499,-2.2630345821380615,0.9007241725921631,2.5684986114501953
1787.233333333,3.6381053924560547,-0.8837856650352478,0.9195507764816284,1.480309009552002
1787.25,3.6181728839874268,-2.263592004776001,0.9391192197799683,2.5624115467071533
1787.266666666,3.598843812942505,-0.88422691822052,0.957939624786377,1.4799692630767822
1787.283333333,3.5789060592651367,-2.269399642944336,0.9775050282478333,2.555042266845703
1787.316666666,3.5396299362182617,-2.26998233795166,1.0158812999725342,2.549611806869507
1787.333333333,3.520289659500122,-0.8846781253814697,1.0346901416778564,1.4794774055480957
1787.35,3.50034236907959,-2.2737066745758057,1.0542482137680054,2.5437819957733154
1787.366666666,3.480996608734131,-0.8849005103111267,1.0730515718460083,1.4792406558990479
1787.383333333,3.4610559940338135,-2.302001476287842,1.092612624168396,2.524216651916504
1787.416666666,3.421752452850342,-2.30010986328125,1.1309696435928345,2.515495538711548
1787.433333333,3.4023900032043457,-0.8855166435241699,1.1497591733932495,1.4789881706237793
1787.45,3.382439613342285,-2.3043341636657715,1.1693159341812134,2.509650707244873
1787.466666666,3.363072633743286,-0.8856647610664368,1.1881011724472046,1.4788082838058472
1787.483333333,3.343104839324951,-2.2811472415924072,1.2076482772827148,2.516974449157715
1787.516666666,3.3037805557250977,-2.310985565185547,1.2459807395935059,2.4991767406463623
1787.533333333,3.284402847290039,-0.8854533433914185,1.2647554874420166,1.4787359237670898
1787.55,3.2644386291503906,-2.309448719024658,1.284306526184082,2.489586353302002
1787.566666666,3.245056629180908,-0.8859819769859314,1.3030762672424316,1.4782296419143677
1787.583333333,3.225090503692627,-2.3149235248565674,1.3226243257522583,2.4835989475250244
1787.616666666,3.1857340335845947,-2.3152220249176025,1.3609366416931152,2.4774668216705322
1787.633333333,3.1663429737091064,-0.8858056664466858,1.3796968460083008,1.4780659675598145
1787.65,3.1463701725006104,-2.3173952102661133,1.3992424011230469,2.471208333969116
1787.666666666,3.1269750595092773,-0.8857234120368958,1.4179984331130981,1.4779601097106934
1787.683333333,3.106998920440674,-2.318725109100342,1.4375429153442383,2.464557647705078
1787.716666666,3.0676214694976807,-2.3197391033172607,1.4758392572402954,2.4583394527435303
1787.733333333,3.048219680786133,-0.8855152726173401,1.4945873022079468,1.477779507637024
1787.75,3.028238534927368,-2.3209218978881836,1.5141305923461914,2.451739549636841
1787.766666666,3.008833408355713,-0.8855985403060913,1.5328752994537354,1.477564811706543
1787.783333333,2.9888510704040527,-2.3254058361053467,1.5524182319641113,2.4454288482666016
1787.816666666,2.9494574069976807,-2.323539972305298,1.5907022953033447,2.437934398651123
1787.833333333,2.9300451278686523,-0.8852278590202332,1.6094398498535156,1.477441668510437
1787.85,2.910059690475464,-2.326258420944214,1.6289829015731812,2.43282151222229
1787.866666666,2.8906476497650146,-0.8851433396339417,1.6477184295654297,1.4772284030914307
1787.883333333,2.8706607818603516,-2.3286705017089844,1.6672618389129639,2.425459861755371
1787.916666666,2.8312582969665527,-2.3256237506866455,1.705539584159851,2.418532609939575
1787.933333333,2.811842918395996,-0.88471519947052,1.724269151687622,1.476975917816162
1787.95,2.791853666305542,-2.3288393020629883,1.7438145875930786,2.411458969116211
1787.966666666,2.772437572479248,-0.8842453360557556,1.7625421285629272,1.4770152568817139
1787.983333333,2.7524471282958984,-2.326735019683838,1.7820888757705688,2.404675245285034
1788.016666666,2.713043689727783,-2.3330185413360596,1.8203619718551636,2.402045488357544
1788.033333333,2.6936254501342773,-0.8837313055992126,1.8390865325927734,1.4769220352172852
1788.05,2.6736364364624023,-2.3309226036071777,1.858635663986206,2.3953824043273926
1788.066666666,2.6542184352874756,-0.8834637403488159,1.8773587942123413,1.476792335510254
1788.083333333,2.634230852127075,-2.3305888175964355,1.896910548210144,2.3885560035705566
1788.116666666,2.5948266983032227,-2.331587553024292,1.9351861476898193,2.382443904876709
1788.133333333,2.575411081314087,-0.8827546834945679,1.9539073705673218,1.4766732454299927
1788.15,2.555424690246582,-2.3287336826324463,1.9734641313552856,2.377274513244629
1788.166666666,2.5360097885131836,-0.8827332854270935,1.9921849966049194,1.4763929843902588
1788.183333333,2.5160272121429443,-2.3332154750823975,2.0117435455322266,2.373469352722168
1788.216666666,2.4766316413879395,-2.3292205333709717,2.0500268936157227,2.367326498031616
1788.233333333,2.4572198390960693,-0.8818241953849792,2.0687477588653564,1.476454734802246
1788.25,2.4372429847717285,-2.3312437534332275,2.088312864303589,2.3635168075561523
1788.266666666,2.417832612991333,-0.8810880780220032,2.10703444480896,1.4765793085098267
1788.283333333,2.397857189178467,-2.328280448913574,2.1266026496887207,2.3578991889953613
1788.316666666,2.358477830886841,-2.3289690017700195,2.1648969650268555,2.353393316268921
1788.333333333,2.339073896408081,-0.8802413940429688,2.183619976043701,1.476507306098938
1788.35,2.319106101989746,-2.326955795288086,2.2031965255737305,2.3493611812591553
1788.366666666,2.2997043132781982,-0.8798792958259583,2.221920967102051,1.4764779806137085
1788.383333333,2.2797417640686035,-2.327979803085327,2.241502046585083,2.3467414379119873
1788.416666666,2.2403862476348877,-2.324725389480591,2.2798147201538086,2.343289613723755
1788.433333333,2.220992088317871,-0.8785834312438965,2.2985432147979736,1.476742148399353
1788.45,2.2010393142700195,-2.323711395263672,2.318133592605591,2.3401122093200684
1788.466666666,2.181650161743164,-0.8777598738670349,2.336864948272705,1.4768624305725098
1788.483333333,2.1616992950439453,-2.3171627521514893,2.3564600944519043,2.335641622543335
1788.516666666,2.122373580932617,-2.3195228576660156,2.3947935104370117,2.334052085876465
1788.533333333,2.1029951572418213,-0.8767456412315369,2.413530111312866,1.4769489765167236
1788.55,2.083057403564453,-2.3158371448516846,2.433135747909546,2.3317818641662598
1788.566666666,2.063683271408081,-0.876335859298706,2.451875925064087,1.4769734144210815
1788.583333333,2.0437541007995605,-2.3167049884796143,2.471486806869507,2.3306119441986084
1788.616666666,2.0044615268707275,-2.3131651878356934,2.5098488330841064,2.328345537185669
1788.633333333,1.9851007461547852,-0.8750222325325012,2.528597593307495,1.4772289991378784
1788.65,1.9651819467544556,-2.3107097148895264,2.5482211112976074,2.326234817504883
1788.666666666,1.9458283185958862,-0.874352216720581,2.566974639892578,1.4774186611175537
1788.683333333,1.9259161949157715,-2.306788921356201,2.5866048336029053,2.3252053260803223
1788.716666666,1.8866643905639648,-2.3054425716400146,2.624998092651367,2.3263089656829834
1788.733333333,1.8673232793807983,-0.872908890247345,2.64376163482666,1.4778172969818115
1788.75,1.8474245071411133,-2.3013803958892822,2.6634037494659424,2.3243637084960938
1788.766666666,1.8280906677246094,-0.8723137378692627,2.6821725368499756,1.4780045747756958
1788.783333333,1.808200478553772,-2.298419713973999,2.70182204246521,2.3244218826293945
1788.816666666,1.7689915895462036,-2.2950527667999268,2.740253448486328,2.3253579139709473
1788.833333333,1.7496730089187622,-0.871189296245575,2.7590339183807373,1.4783540964126587
1788.85,1.7297980785369873,-2.2943263053894043,2.7786970138549805,2.3264174461364746
1788.866666666,1.710487961769104,-0.8702381253242493,2.797483444213867,1.4787598848342896
1788.883333333,1.6906185150146484,-2.2880859375,2.8171541690826416,2.3260889053344727
1788.916666666,1.6514556407928467,-2.2855801582336426,2.8556246757507324,2.3279054164886475
1788.933333333,1.632161021232605,-0.8691765666007996,2.874424934387207,1.4791866540908813
1788.95,1.6123101711273193,-2.2829606533050537,2.8941102027893066,2.3320870399475098
1788.966666666,1.5930225849151611,-0.8683285713195801,2.9129161834716797,1.479689121246338
1788.983333333,1.5731781721115112,-2.279778480529785,2.9326090812683105,2.3333916664123535
1789.016666666,1.5340616703033447,-2.275552749633789,2.971123695373535,2.3344626426696777
1789.033333333,1.514791488647461,-0.8673974275588989,2.989945650100708,1.4801313877105713
1789.05,1.494964361190796,-2.2758893966674805,3.0096518993377686,2.339221239089966
1789.066666666,1.4757018089294434,-0.8663787245750427,3.028480291366577,1.4807143211364746
1789.083333333,1.4558804035186768,-2.269608974456787,3.0481951236724854,2.3428897857666016
1789.116666666,1.4168140888214111,-2.269148349761963,3.086754322052002,2.3467891216278076
1789.133333333,1.397567629814148,-0.8654057383537292,3.105599880218506,1.4814345836639404
1789.15,1.3777631521224976,-2.2676548957824707,3.12532901763916,2.350987195968628
1789.166666666,1.3585256338119507,-0.8647957444190979,3.1441824436187744,1.4817509651184082
1789.183333333,1.3387272357940674,-2.263244390487671,3.1639182567596436,2.3548974990844727
1789.216666666,1.299706220626831,-2.2577059268951416,3.2025232315063477,2.3604371547698975
1789.233333333,1.2804838418960571,-0.8638467192649841,3.2213923931121826,1.4825549125671387
1789.25,1.2607005834579468,-2.2569730281829834,3.241142511367798,2.366641044616699
1789.266666666,1.2414867877960205,-0.8631417155265808,3.2600202560424805,1.4830429553985596
1789.283333333,1.2217081785202026,-2.2518417835235596,3.2797768115997314,2.3707194328308105
1789.316666666,1.182732105255127,-2.2517881393432617,3.318425416946411,2.377629280090332
1789.333333333,1.163534164428711,-0.8623110055923462,3.3373193740844727,1.4838463068008423
1789.35,1.1437684297561646,-2.2469253540039062,3.357089042663574,2.382600784301758
1789.366666666,1.1245768070220947,-0.8620312213897705,3.375991106033325,1.4842816591262817
1789.383333333,1.104819416999817,-2.245180368423462,3.3957669734954834,2.3897006511688232
1789.416666666,1.0658822059631348,-2.243583917617798,3.4344592094421387,2.3957457542419434
1789.433333333,1.0467056035995483,-0.8613342642784119,3.453378438949585,1.4850913286209106
1789.45,1.0269606113433838,-2.2407660484313965,3.473165988922119,2.404050588607788
1789.466666666,1.007790207862854,-0.8609344363212585,3.4920918941497803,1.4855831861495972
1789.483333333,0.9880484342575073,-2.238724708557129,3.511884927749634,2.408022165298462
1789.516666666,0.949148952960968,-2.236752986907959,3.5506174564361572,2.4154467582702637
1789.533333333,0.9299904108047485,-0.8606210947036743,3.56955885887146,1.486315131187439
1789.55,0.9102611541748047,-2.2364888191223145,3.5893614292144775,2.4232678413391113
1789.566666666,0.8911078572273254,-0.8601725697517395,3.6083099842071533,1.4868842363357544
1789.583333333,0.8713828325271606,-2.23309588432312,3.6281192302703857,2.4305849075317383
1789.616666666,0.8325145244598389,-2.2334444522857666,3.6668877601623535,2.4369771480560303
1789.633333333,0.8133723139762878,-0.8603269457817078,3.6858510971069336,1.4873411655426025
1789.65,0.7936566472053528,-2.2345826625823975,3.7056665420532227,2.444117307662964
1789.666666666,0.7745192646980286,-0.8603653907775879,3.7246365547180176,1.4876614809036255
1789.683333333,0.7548080682754517,-2.2345879077911377,3.7444562911987305,2.45036244392395
1789.716666666,0.7159686088562012,-2.2363240718841553,3.783255100250244,2.4587442874908447
1789.733333333,0.6968404054641724,-0.860598623752594,3.8022382259368896,1.4880532026290894
1789.75,0.67713463306427,-2.2348685264587402,3.822063446044922,2.4660050868988037
1789.766666666,0.658009946346283,-0.8608009219169617,3.8410532474517822,1.4883707761764526
1789.783333333,0.6383094787597656,-2.237459421157837,3.860881805419922,2.4733188152313232
1789.816666666,0.5994911193847656,-2.238631248474121,3.8997063636779785,2.47998046875
1789.833333333,0.5803729891777039,-0.8612743020057678,3.9187066555023193,1.4887974262237549
1789.85,0.5606796741485596,-2.240234613418579,3.9385385513305664,2.487704038619995
1789.866666666,0.5415639281272888,-0.8616019487380981,3.9575438499450684,1.488968849182129
1789.883333333,0.5218726396560669,-2.2412240505218506,3.977377414703369,2.4956138134002686
1789.916666666,0.48306983709335327,-2.2408761978149414,4.01622200012207,2.5019826889038086
1789.933333333,0.4639587998390198,-0.8620490431785583,4.0352349281311035,1.4893132448196411
1789.95,0.44426998496055603,-2.2401247024536133,4.0550713539123535,2.510119676589966
1789.966666666,0.42516154050827026,-0.8624187111854553,4.074088096618652,1.4893866777420044
1789.983333333,0.40547412633895874,-2.2418811321258545,4.093923568725586,2.515033721923828
1790.016666666,0.36666789650917053,-2.21673846244812,4.132774353027344,2.5350799560546875
1790.033333333,0.3475678265094757,-0.8623668551445007,4.151798248291016,1.4897816181182861
1790.05,0.32787027955055237,-2.21553897857666,4.171626567840576,2.541837215423584
1790.066666666,0.30877119302749634,-0.862797200679779,4.190654754638672,1.48977530002594
1790.083333333,0.2890735864639282,-2.215268850326538,4.210480690002441,2.5493102073669434
1790.116666666,0.25029027462005615,-2.2421936988830566,4.249342918395996,2.54345440864563
1790.133333333,0.2311858832836151,-0.8641674518585205,4.268373489379883,1.4898754358291626
1790.15,0.21149995923042297,-2.2414398193359375,4.288204669952393,2.549373149871826
1790.166666666,0.19239561259746552,-0.8645532727241516,4.307236671447754,1.489830732345581
1790.183333333,0.17270803451538086,-2.240781307220459,4.3270649909973145,2.555501699447632
1790.216666666,0.13391463458538055,-2.240635395050049,4.365922927856445,2.5610787868499756
1790.233333333,0.11481024324893951,-0.8653741478919983,4.384957790374756,1.489823818206787
1790.25,0.09510815143585205,-2.2138030529022217,4.4047746658325195,2.5822694301605225
1790.266666666,0.07600853592157364,-0.8651845455169678,4.423812389373779,1.489843487739563
1790.283333333,0.056305788457393646,-2.2166008949279785,4.443624496459961,2.586881160736084
1790.316666666,0.017499757930636406,-2.2146997451782227,4.482471942901611,2.593226671218872
1790.333333333,-0.0016028346726670861,-0.8660098910331726,4.5015082359313965,1.4897772073745728
1790.35,-0.021309785544872284,-2.2167603969573975,4.5213141441345215,2.5984253883361816
1790.366666666,-0.04041370749473572,-0.8664070963859558,4.540350914001465,1.4897290468215942
1790.383333333,-0.0601227730512619,-2.216566562652588,4.560152053833008,2.6039953231811523
1790.416666666,-0.09894045442342758,-2.217177629470825,4.59898567199707,2.60900616645813
1790.433333333,-0.11804932355880737,-0.8673297762870789,4.618020057678223,1.489555835723877
1790.45,-0.1370231956243515,-2.6197867393493652,4.637110710144043,2.8882176876068115
1790.466666666,-0.15473736822605133,-0.7770219445228577,4.6547064781188965,1.3856537342071533
1790.483333333,-0.1715879589319229,-3.317636251449585,4.671965599060059,2.839306592941284
1790.516666666,-0.2027423083782196,-3.0715339183807373,4.703734397888184,2.626950740814209
1790.533333333,-0.21683651208877563,-0.6367079019546509,4.718062400817871,1.1403422355651855
1790.55,-0.23025228083133698,-2.4665310382843018,4.731832027435303,2.2141165733337402
1790.566666666,-0.24228999018669128,-0.6468958258628845,4.74409294128418,0.9581450819969177
1790.583333333,-0.25409725308418274,-1.4354474544525146,4.756000995635986,-0.2320840209722519
1790.616666666,-0.27424848079681396,-0.9056910276412964,4.777552127838135,0.7152942419052124
1790.633333333,-0.28357169032096863,-1.2172987461090088,4.787069320678711,1.0190033912658691
1790.65,-0.29133808612823486,-0.9355148077011108,4.79522705078125,0.686741292476654
1790.666666666,-0.29821494221687317,-1.4689544439315796,4.802621364593506,0.7087867856025696
1790.683333333,-0.30379199981689453,-1.188762903213501,4.80814266204834,0.7530480027198792
1790.716666666,-0.3138449192047119,-0.9791370034217834,4.819425106048584,0.5935881733894348
1790.733333333,-0.3173755705356598,-0.6077588796615601,4.823098659515381,0.05728200078010559
1790.75,-0.32008692622184753,0.05823103338479996,4.826301574707031,0.44677287340164185
1790.766666666,-0.3222697079181671,0.047937631607055664,4.828235149383545,0.35160666704177856
1790.783333333,-0.32328909635543823,0.154201939702034,4.829394340515137,0.27024295926094055
1790.816666666,-0.32409268617630005,0.09469566494226456,4.829936981201172,0.11532507091760635
1790.833333333,-0.32403361797332764,-0.051206041127443314,4.829980373382568,-0.015566169284284115
1790.85,-0.32436060905456543,-0.004042559769004583,4.829539775848389,-0.0061042290180921555
1790.866666666,-0.3243403136730194,-0.029272573068737984,4.82957649230957,-0.0006179718184284866
1790.883333333,-0.32460930943489075,-0.006335272453725338,4.8291916847229,-0.0013618501834571362
1790.916666666,-0.3248465061187744,-0.009245486930012703,4.828854084014893,-0.0007165599963627756
1790.933333333,-0.32483333349227905,-0.019956842064857483,4.828871726989746,0.006843970622867346
1790.95,-0.3250803053379059,-0.008286087773740292,4.828517913818359,0.001358739915303886
1790.966666666,-0.3250714838504791,-0.022125244140625,4.828561782836914,0.007101466879248619
1790.983333333,-0.3253224194049835,-0.008737119846045971,4.828207969665527,0.0020281579345464706
1791.016666666,-0.32556861639022827,-0.008186692371964455,4.827887058258057,0.003806116757914424
1791.033333333,-0.3255480229854584,-0.01969871297478676,4.827900409698486,0.00874113105237484
1791.05,-0.3258022665977478,-0.007719044107943773,4.827561378479004,0.005234920885413885
1791.066666666,-0.3257862627506256,-0.02285928651690483,4.827597141265869,0.008426803164184093
1791.083333333,-0.32604891061782837,-0.008078939281404018,4.827258586883545,0.0048885103315114975
1791.116666666,-0.32629403471946716,-0.00696240458637476,4.826949119567871,0.006310211960226297
1791.133333333,-0.32627105712890625,-0.02146853879094124,4.8269734382629395,0.008574601262807846
1791.15,-0.32653170824050903,-0.0077688670717179775,4.826635360717773,0.007235540077090263
1791.166666666,-0.3265116810798645,-0.02056495100259781,4.826652526855469,0.009353384375572205
1791.183333333,-0.3267678916454315,-0.00837746448814869,4.826315879821777,0.006570249330252409
1791.216666666,-0.327016681432724,-0.008199827745556831,4.826009273529053,0.007198129780590534
1791.233333333,-0.3270011842250824,-0.020439309999346733,4.826022148132324,0.012084064073860645
1791.25,-0.3269212245941162,-0.1464586704969406,4.826001167297363,-0.008360139094293118
1791.266666666,-0.32613399624824524,0.2032013088464737,4.8270111083984375,0.2740493416786194
1791.283333333,-0.3241141140460968,0.43355199694633484,4.829198837280273,0.4193789064884186
1791.316666666,-0.3152655065059662,0.5900711417198181,4.837780475616455,0.5804429054260254
1791.333333333,-0.3086707592010498,0.70222008228302,4.84429407119751,0.7112423181533813
1791.35,-0.29991528391838074,0.8444598913192749,4.853016376495361,0.8522348403930664
1791.366666666,-0.2895682752132416,0.9284572601318359,4.863330364227295,0.9365146160125732
1791.383333333,-0.2777981162071228,1.0276832580566406,4.8750715255737305,1.0369348526000977
1791.416666666,-0.25034111738204956,1.1611039638519287,4.902467727661133,1.1639295816421509
1791.433333333,-0.2343684285879135,1.2725975513458252,4.918362140655518,1.2771800756454468
1791.45,-0.21628324687480927,1.412084698677063,4.936385154724121,1.4192270040512085
1791.466666666,-0.1966947466135025,1.50421941280365,4.955924987792969,1.5064337253570557
1791.483333333,-0.17553256452083588,1.603124737739563,4.977020263671875,1.6058138608932495
1791.516666666,-0.13174903392791748,1.6316825151443481,5.020697116851807,1.6344441175460815
1791.533333333,-0.10981746762990952,1.630735158920288,5.042568206787109,1.6339505910873413
1791.55,-0.08788546919822693,1.629897952079773,5.0644450187683105,1.6352993249893188
1791.566666666,-0.06598297506570816,1.632246732711792,5.08629846572876,1.6352150440216064
1791.583333333,-0.04404490068554878,1.6316472291946411,5.108180046081543,1.6355152130126953
1791.616666666,-0.00021088084031362087,1.6314282417297363,5.151914596557617,1.6344043016433716
1791.633333333,0.021719152107834816,1.6300721168518066,5.173782825469971,1.6341065168380737
1791.65,0.043654270470142365,1.6300609111785889,5.195662975311279,1.6347171068191528
1791.666666666,0.06556129455566406,1.6319024562835693,5.21751594543457,1.6346827745437622
1791.683333333,0.08749406784772873,1.6301929950714111,5.239386558532715,1.6347978115081787
1791.716666666,0.13133051991462708,1.6317930221557617,5.2831220626831055,1.634718656539917
1791.733333333,0.15326480567455292,1.6304209232330322,5.304994583129883,1.633877158164978
1791.75,0.17519636452198029,1.6297937631607056,5.326873302459717,1.6345038414001465
1791.766666666,0.1971026211977005,1.6315783262252808,5.348728656768799,1.634384274482727
1791.783333333,0.21903415024280548,1.630338430404663,5.370593070983887,1.6343388557434082
1791.816666666,0.2628720700740814,1.631851315498352,5.41433048248291,1.6347496509552002
1791.833333333,0.2848062813282013,1.6303526163101196,5.4362006187438965,1.6343661546707153
1791.85,0.30674004554748535,1.6305593252182007,5.458078384399414,1.635659098625183
1791.866666666,0.328646719455719,1.6315661668777466,5.479933738708496,1.634488821029663
1791.883333333,0.3505815267562866,1.6315714120864868,5.501808166503906,1.6352260112762451
1791.916666666,0.3944152891635895,1.6319071054458618,5.545541286468506,1.6348124742507935
1791.933333333,0.4163520336151123,1.6304047107696533,5.567417621612549,1.6346986293792725
1791.95,0.43827980756759644,1.6312412023544312,5.589291095733643,1.6369876861572266
1791.966666666,0.46018368005752563,1.6319606304168701,5.611145973205566,1.6350291967391968
1791.983333333,0.48212045431137085,1.630460500717163,5.633024215698242,1.6342355012893677
1792.016666666,0.5259551405906677,1.631505012512207,5.676756858825684,1.634535312652588
1792.033333333,0.5478870272636414,1.6306540966033936,5.698627471923828,1.6344490051269531
1792.05,0.5698211193084717,1.6302530765533447,5.720505714416504,1.6353212594985962
1792.066666666,0.5917259454727173,1.6317451000213623,5.742359638214111,1.6346216201782227
1792.083333333,0.6136588454246521,1.6296907663345337,5.764233589172363,1.6330769062042236
1792.116666666,0.6574989557266235,1.631800889968872,5.807967662811279,1.6345797777175903
1792.133333333,0.6794339418411255,1.6314998865127563,5.82983922958374,1.635205864906311
1792.15,0.7013627290725708,1.6308507919311523,5.851712226867676,1.6361466646194458
1792.166666666,0.7232721447944641,1.6316083669662476,5.873570919036865,1.6345303058624268
1792.183333333,0.7452053427696228,1.6301743984222412,5.895442962646484,1.6341286897659302
1792.216666666,0.7890406250953674,1.6318421363830566,5.939174175262451,1.6347973346710205
1792.233333333,0.8109755516052246,1.6301428079605103,5.96104621887207,1.6337906122207642
1792.25,0.8329098224639893,1.6301227807998657,5.982929229736328,1.6353782415390015
1792.266666666,0.8548110127449036,1.631910800933838,6.004781723022461,1.634875774383545
1792.283333333,0.8767451047897339,1.6305798292160034,6.026653289794922,1.6340610980987549
1792.316666666,0.9205843210220337,1.631447434425354,6.070390701293945,1.6343847513198853
1792.333333333,0.9425181150436401,1.6303603649139404,6.09226131439209,1.6346275806427002
1792.35,0.9644456505775452,1.6293628215789795,6.114135265350342,1.63532555103302
1792.366666666,0.9863564968109131,1.6313197612762451,6.135998725891113,1.6341811418533325
1792.383333333,1.0082851648330688,1.6309425830841064,6.157865047454834,1.6350826025009155
1792.416666666,1.0521180629730225,1.632380723953247,6.201595783233643,1.6354328393936157
1792.433333333,1.0740547180175781,1.6309535503387451,6.223475933074951,1.6350200176239014
1792.45,1.095984935760498,1.6294119358062744,6.24535608291626,1.6356128454208374
1792.466666666,1.1178869009017944,1.6319935321807861,6.267209529876709,1.6350513696670532
1792.483333333,1.139822244644165,1.6308513879776,-6.277283668518066,1.6338751316070557
1792.516666666,1.1836633682250977,1.6316698789596558,-6.233551979064941,1.634416937828064
1792.533333333,1.2055946588516235,1.6306177377700806,-6.211679458618164,1.6342123746871948
1792.55,1.2275229692459106,1.6309607028961182,-6.189807415008545,1.635972499847412
1792.566666666,1.2494328022003174,1.6319257020950317,-6.167949676513672,1.6347906589508057
1792.583333333,1.2713638544082642,1.6304080486297607,-6.146077632904053,1.6346416473388672
1792.616666666,1.3152037858963013,1.6317484378814697,-6.10234260559082,1.6345610618591309
1792.633333333,1.3371331691741943,1.6311156749725342,-6.0804762840271,1.634852409362793
1792.65,1.3590704202651978,1.6303234100341797,-6.058593273162842,1.6351027488708496
1792.666666666,1.380976676940918,1.6318937540054321,-6.036740303039551,1.634726643562317
1792.683333333,1.4029099941253662,1.63143789768219,-6.01486349105835,1.6347005367279053
1792.716666666,1.446743130683899,1.6319925785064697,-5.971133232116699,1.6350328922271729
1792.733333333,1.4686781167984009,1.6305989027023315,-5.9492597579956055,1.6340882778167725
1792.75,1.4906119108200073,1.629565954208374,-5.927381992340088,1.6350435018539429
1792.766666666,1.5125170946121216,1.631878137588501,-5.905526161193848,1.6347514390945435
1792.783333333,1.5344501733779907,1.6307991743087769,-5.8836517333984375,1.6350104808807373
1792.816666666,1.5782876014709473,1.6317055225372314,-5.839916706085205,1.6345032453536987
1792.833333333,1.600219964981079,1.6309609413146973,-5.818042755126953,1.6344016790390015
1792.85,1.6221455335617065,1.6306796073913574,-5.796170711517334,1.6364890336990356
1792.866666666,1.6440529823303223,1.6319819688796997,-5.774311065673828,1.63496994972229
1792.883333333,1.6659883260726929,1.6308989524841309,-5.752437114715576,1.635162591934204
1792.916666666,1.7098244428634644,1.631674885749817,-5.708702564239502,1.6346251964569092
1792.933333333,1.7317557334899902,1.6304155588150024,-5.686833381652832,1.634011149406433
1792.95,1.7536917924880981,1.6297565698623657,-5.664952278137207,1.6350432634353638
1792.966666666,1.7755968570709229,1.631780982017517,-5.643097400665283,1.6346511840820312
1792.983333333,1.7975322008132935,1.6313973665237427,-5.621223449707031,1.6349561214447021
1793.016666666,1.841363787651062,1.632290005683899,-5.577497959136963,1.6353687047958374
1793.033333333,1.8633015155792236,1.6298002004623413,-5.555617332458496,1.6327745914459229
1793.05,1.8852334022521973,1.6297553777694702,-5.533742427825928,1.6343910694122314
1793.066666666,1.9071431159973145,1.631624698638916,-5.511884689331055,1.6343520879745483
1793.083333333,1.9290755987167358,1.6305396556854248,-5.490015506744385,1.6343305110931396
1793.116666666,1.9729132652282715,1.63188636302948,-5.446281909942627,1.634768009185791
1793.133333333,1.9948471784591675,1.6303740739822388,-5.424408435821533,1.6336092948913574
1793.15,2.0167765617370605,1.6298824548721313,-5.402539253234863,1.6357218027114868
1793.166666666,2.038686752319336,1.6318888664245605,-5.38067626953125,1.6347661018371582
1793.183333333,2.060621500015259,1.631473422050476,-5.3588032722473145,1.6349713802337646
1793.216666666,2.104458808898926,1.631524920463562,-5.315069675445557,1.6344587802886963
1793.233333333,2.1263930797576904,1.6314657926559448,-5.293197154998779,1.6348024606704712
1793.25,2.146962881088257,1.5218055248260498,-5.272676467895508,1.5280369520187378
1793.266666666,2.1653008460998535,1.3828567266464233,-5.2543792724609375,1.3867919445037842
1793.283333333,2.181328058242798,1.2428547143936157,-5.2384033203125,1.2468578815460205
1793.316666666,2.2077395915985107,1.0704089403152466,-5.212093353271484,1.0740708112716675
1793.333333333,2.217615842819214,0.8146892786026001,-5.202269554138184,0.8201382160186768
1793.35,2.2242298126220703,0.6711979508399963,-5.195703029632568,0.6788561940193176
1793.366666666,2.228559970855713,0.5369471907615662,-5.191408157348633,0.5451828241348267
1793.383333333,2.2305943965911865,0.3954285979270935,-5.189404010772705,0.4041694402694702
1793.416666666,2.2308528423309326,-0.0978538915514946,-5.189236164093018,-0.009705374017357826
1793.433333333,2.230513334274292,0.2637828290462494,-5.189459323883057,0.25347813963890076
1793.45,2.230644464492798,-0.014240535907447338,-5.1894073486328125,0.040873706340789795
1793.466666666,2.2304470539093018,0.023740816861391068,-5.18958854675293,0.05698154866695404
1793.483333333,2.2304797172546387,-0.030300702899694443,-5.189555644989014,0.02555699087679386
1793.516666666,2.2302138805389404,-0.022459372878074646,-5.189803123474121,0.011310549452900887
1793.533333333,2.229926109313965,-0.009313588961958885,-5.190119743347168,0.017103301361203194
1793.55,2.2299437522888184,-0.022342624142766,-5.1900954246521,0.010811408050358295
1793.566666666,2.2296559810638428,-0.010006001219153404,-5.190412521362305,0.017036952078342438
1793.583333333,2.229663848876953,-0.022929981350898743,-5.190392971038818,0.012038267217576504
1793.616666666,2.2293784618377686,-0.022080261260271072,-5.1906890869140625,0.012200676836073399
1793.633333333,2.2290894985198975,-0.008348362520337105,-5.190999507904053,0.018248356878757477
1793.65,2.229102611541748,-0.023737508803606033,-5.190964221954346,0.01119493879377842
1793.666666666,2.2288107872009277,-0.009494638070464134,-5.191277503967285,0.016960684210062027
1793.683333333,2.228818655014038,-0.02409905008971691,-5.191244602203369,0.011283880099654198
1793.716666666,2.228532075881958,-0.020929569378495216,-5.191563129425049,0.013415124267339706
1793.733333333,2.228240966796875,-0.010014859028160572,-5.191864013671875,0.017938993871212006
1793.75,2.228261947631836,-0.023336391896009445,-5.191832065582275,0.011349637061357498
1793.766666666,2.2279646396636963,-0.010120860300958157,-5.192136764526367,0.01715097762644291
1793.783333333,2.227980613708496,-0.022922039031982422,-5.1921162605285645,0.011166879907250404
1793.816666666,2.22770094871521,-0.02211623825132847,-5.192407608032227,0.011996280401945114
1793.833333333,2.2274107933044434,-0.009642000310122967,-5.192718029022217,0.017863141372799873
1793.85,2.227433919906616,-0.023218119516968727,-5.192685604095459,0.010596069507300854
1793.866666666,2.227140188217163,-0.010089327581226826,-5.193000316619873,0.017475716769695282
1793.883333333,2.227151393890381,-0.023301605135202408,-5.192976474761963,0.011382273398339748
1793.916666666,2.226869821548462,-0.02275826968252659,-5.193262577056885,0.01096194889396429
1793.933333333,2.2265775203704834,-0.009970389306545258,-5.193576335906982,0.01749144122004509
1793.95,2.2265830039978027,-0.023637790232896805,-5.193553924560547,0.012346446514129639
1793.966666666,2.2262864112854004,-0.009494556114077568,-5.19386100769043,0.01779734343290329
1793.983333333,2.2263100147247314,-0.022785335779190063,-5.193843364715576,0.011083194985985756
1794.016666666,2.226029872894287,-0.022305693477392197,-5.194130897521973,0.010895752348005772
1794.033333333,2.2257351875305176,-0.010307954624295235,-5.194439888000488,0.0172842126339674
1794.05,2.2257370948791504,0.004747520666569471,-5.194407939910889,-0.023917092010378838
1794.066666666,2.2248001098632812,-0.05130154266953468,-5.194505214691162,0.014917382970452309
1794.083333333,2.2243001461029053,0.14517717063426971,-5.193636894226074,0.1304798126220703
1794.116666666,2.2217023372650146,-0.46975278854370117,-5.19146203994751,0.2865019738674164
1794.133333333,2.2193078994750977,0.02325962483882904,-5.189082622528076,-0.16803617775440216
1794.15,2.2151846885681152,0.08975765854120255,-5.185244560241699,0.5128426551818848
1794.166666666,2.210892677307129,-0.8468444347381592,-5.18054723739624,1.1893310546875
1794.183333333,2.205855369567871,-1.0262664556503296,-5.175311088562012,0.6047337651252747
1794.216666666,2.1937167644500732,-1.4136544466018677,-5.162633419036865,-0.08026356250047684
1794.233333333,2.185922384262085,-0.7808409929275513,-5.154453754425049,1.3801946640014648
1794.25,2.1770849227905273,0.22071345150470734,-5.145391941070557,1.194385290145874
1794.266666666,2.1669328212738037,-1.546088457107544,-5.135520935058594,0.6209229826927185
1794.283333333,2.156118869781494,-0.5586211681365967,-5.124531269073486,0.8456811308860779
1794.316666666,2.1316394805908203,-0.8941171169281006,-5.100249767303467,0.4157492518424988
1794.333333333,2.1180620193481445,-0.5883745551109314,-5.0867390632629395,2.1807427406311035
1794.35,2.1036159992218018,-0.8769164681434631,-5.07275915145874,1.4863440990447998
1794.366666666,2.088935136795044,-1.7935880422592163,-5.056951522827148,1.3650604486465454
1794.383333333,2.07267165184021,-0.986811637878418,-5.041219234466553,1.7451845407485962
1794.416666666,2.0387918949127197,-0.8615038990974426,-5.0063605308532715,1.3145939111709595
1794.433333333,2.020080089569092,-2.6036739349365234,-4.987371921539307,2.446465015411377
1794.45,2.0010197162628174,-0.8708286285400391,-4.968423366546631,1.4871352910995483
1794.466666666,1.981245994567871,-2.174309730529785,-4.948684215545654,2.5843913555145264
1794.483333333,1.9620893001556396,-0.8750927448272705,-4.929705619812012,1.4851906299591064
1794.516666666,1.9231799840927124,-0.8730396628379822,-4.890990257263184,1.4871035814285278
1794.533333333,1.9034065008163452,-2.216613292694092,-4.871272563934326,2.6455869674682617
1794.55,1.8842426538467407,-0.8733375668525696,-4.852287292480469,1.4870672225952148
1794.566666666,1.8644638061523438,-2.214848041534424,-4.832574844360352,2.6468186378479004
1794.583333333,1.8452941179275513,-0.8736231923103333,-4.813595294952393,1.4869496822357178
1794.616666666,1.8063347339630127,-0.8740203976631165,-4.7749152183532715,1.486660122871399
1794.633333333,1.7865442037582397,-2.214031219482422,-4.755215644836426,2.6454567909240723
1794.65,1.7673627138137817,-0.8744010329246521,-4.73624849319458,1.4864943027496338
1794.666666666,1.7475674152374268,-2.215367078781128,-4.716555595397949,2.6450304985046387
1794.683333333,1.7283810377120972,-0.874925971031189,-4.697593688964844,1.4861273765563965
1794.716666666,1.689387559890747,-0.8756215572357178,-4.6589484214782715,1.4857240915298462
1794.733333333,1.6695797443389893,-2.2196390628814697,-4.639266014099121,2.6424267292022705
1794.75,1.6503814458847046,-0.8759827017784119,-4.6203155517578125,1.4856104850769043
1794.766666666,1.6305676698684692,-2.2197556495666504,-4.600642681121826,2.6412065029144287
1794.783333333,1.6113643646240234,-0.8764849901199341,-4.581698417663574,1.485247015953064
1794.816666666,1.5723350048065186,-0.8770855665206909,-4.543091297149658,1.4848493337631226
1794.833333333,1.5525087118148804,-2.2240591049194336,-4.523430824279785,2.6361751556396484
1794.85,1.53329336643219,-0.8774892091751099,-4.504497528076172,1.4846230745315552
1794.866666666,1.5134607553482056,-2.2247183322906494,-4.484842300415039,2.63462495803833
1794.883333333,1.4942399263381958,-0.878108024597168,-4.465915203094482,1.4841841459274292
1794.916666666,1.4551734924316406,-0.8785730004310608,-4.427347183227539,1.4839458465576172
1794.933333333,1.435328722000122,-2.2301461696624756,-4.407703876495361,2.6291487216949463
1794.95,1.416094422340393,-0.8788501024246216,-4.38878870010376,1.4838000535964966
1794.966666666,1.3962441682815552,-2.2302138805389404,-4.369152069091797,2.6270248889923096
1794.983333333,1.3770025968551636,-0.8793730139732361,-4.35024356842041,1.483446478843689
1795.016666666,1.3378983736038208,-0.879779577255249,-4.311709880828857,1.4832370281219482
1795.033333333,1.31803560256958,-2.2356555461883545,-4.292084693908691,2.619158983230591
1795.05,1.2987810373306274,-0.8801295161247253,-4.273190021514893,1.4829583168029785
1795.066666666,1.2789114713668823,-2.2369916439056396,-4.253569602966309,2.6150643825531006
1795.083333333,1.2596510648727417,-0.880668580532074,-4.234681129455566,1.4825540781021118
1795.116666666,1.220508098602295,-0.8808307647705078,-4.196185111999512,1.4825483560562134
1795.133333333,1.2006275653839111,-2.24109148979187,-4.176576614379883,2.6080315113067627
1795.15,1.1813533306121826,-0.8814507126808167,-4.1577019691467285,1.4820911884307861
1795.166666666,1.161466360092163,-2.245220184326172,-4.13809871673584,2.6038894653320312
1795.183333333,1.1421865224838257,-0.881791353225708,-4.119229316711426,1.4818276166915894
1795.216666666,1.1030057668685913,-0.8820732831954956,-4.080767631530762,1.4816290140151978
1795.233333333,1.0831063985824585,-2.2499313354492188,-4.061175346374512,2.593614339828491
1795.25,1.06381356716156,-0.8826488256454468,-4.042319297790527,1.481203556060791
1795.266666666,1.0439083576202393,-2.253946542739868,-4.022731781005859,2.5890047550201416
1795.283333333,1.0246093273162842,-0.8827428817749023,-4.003880023956299,1.4811339378356934
1795.316666666,0.9853919744491577,-0.8832908272743225,-3.9654524326324463,1.480733036994934
1795.333333333,0.9654746651649475,-2.257850408554077,-3.945873498916626,2.5771443843841553
1795.35,0.9461623430252075,-0.8834310173988342,-3.927037000656128,1.4806231260299683
1795.366666666,0.9262404441833496,-2.259667158126831,-3.9074623584747314,2.5734193325042725
1795.383333333,0.9069214463233948,-0.8837015628814697,-3.8886311054229736,1.4804145097732544
1795.416666666,0.8676695823669434,-0.8839430809020996,-3.8502352237701416,1.480189323425293
1795.433333333,0.8477358222007751,-2.2659451961517334,-3.83066725730896,2.560127019882202
1795.45,0.8284062147140503,-0.8843696117401123,-3.8118486404418945,1.4797779321670532
1795.466666666,0.8084672093391418,-2.2690770626068115,-3.792285919189453,2.55481219291687
1795.483333333,0.7891308665275574,-0.8843879699707031,-3.773472785949707,1.479786992073059
1795.516666666,0.7498455047607422,-0.8848210573196411,-3.735105037689209,1.4794151782989502
1795.533333333,0.7298969030380249,-2.274933099746704,-3.715548276901245,2.5426323413848877
1795.55,0.7105487585067749,-0.8847436904907227,-3.696746587753296,1.4793833494186401
1795.566666666,0.6905952095985413,-2.2752890586853027,-3.677192449569702,2.5371131896972656
1795.583333333,0.6712421178817749,-0.8850514888763428,-3.6583967208862305,1.4791069030761719
1795.616666666,0.6319248676300049,-0.88508540391922,-3.620055675506592,1.4789625406265259
1795.633333333,0.6119744181632996,-2.306824207305908,-3.60050106048584,2.5104317665100098
1795.65,0.592605471611023,-0.8853561878204346,-3.581716775894165,1.4789795875549316
1795.666666666,0.5726478099822998,-2.30515193939209,-3.5621626377105713,2.501485586166382
1795.683333333,0.5532732009887695,-0.8855615258216858,-3.5433855056762695,1.4787694215774536
1795.716666666,0.513934850692749,-0.8857206702232361,-3.505061149597168,1.478563904762268
1795.733333333,0.4939713478088379,-2.3131113052368164,-3.4855105876922607,2.48810076713562
1795.75,0.47458773851394653,-0.8856307864189148,-3.4667422771453857,1.4784878492355347
1795.766666666,0.45462024211883545,-2.312174081802368,-3.447193145751953,2.4819912910461426
1795.783333333,0.4352317452430725,-0.8857753276824951,-3.42842960357666,1.4782649278640747
1795.816666666,0.395869642496109,-0.8855891823768616,-3.3901240825653076,1.4782038927078247
1795.833333333,0.3758949637413025,-2.3158833980560303,-3.3705780506134033,2.4681692123413086
1795.85,0.3564997911453247,-0.8858270049095154,-3.351823091506958,1.4778038263320923
1795.866666666,0.3365219831466675,-2.3192901611328125,-3.332278251647949,2.461526870727539
1795.883333333,0.31712374091148376,-0.885776162147522,-3.3135271072387695,1.4776484966278076
1795.916666666,0.2777412533760071,-0.885529100894928,-3.275238275527954,1.4777003526687622
1795.933333333,0.25775888562202454,-2.3208422660827637,-3.255695104598999,2.4497182369232178
1795.95,0.23835332691669464,-0.8854426145553589,-3.2369513511657715,1.477583408355713
1795.966666666,0.21836937963962555,-2.3228564262390137,-3.2174086570739746,2.4433646202087402
1795.983333333,0.1989605873823166,-0.8851885199546814,-3.1986682415008545,1.4775596857070923
1796.016666666,0.15956440567970276,-0.8851682543754578,-3.1603879928588867,1.477351188659668
1796.033333333,0.13957761228084564,-2.3263542652130127,-3.1408448219299316,2.428741693496704
1796.05,0.12016543000936508,-0.885099470615387,-3.122110605239868,1.4771727323532104
1796.066666666,0.10017599910497665,-2.327904462814331,-3.1025664806365967,2.421053647994995
1796.083333333,0.08076273649930954,-0.8848584294319153,-3.083833932876587,1.477036714553833
1796.116666666,0.041358254849910736,-0.88483065366745,-3.045560359954834,1.4768812656402588
1796.133333333,0.021369215101003647,-2.3297226428985596,-3.0260157585144043,2.4108669757843018
1796.15,0.0019528400152921677,-0.8843266367912292,-3.0072879791259766,1.476891279220581
1796.166666666,-0.0180370956659317,-2.329929828643799,-2.9877402782440186,2.40309739112854
1796.183333333,-0.037454985082149506,-0.8840451240539551,-2.96901535987854,1.4769062995910645
1796.216666666,-0.07686122506856918,-0.8839085698127747,-2.9307427406311035,1.4767154455184937
1796.233333333,-0.0968489944934845,-2.3327109813690186,-2.9111926555633545,2.3925247192382812
1796.25,-0.11626695841550827,-0.8834018707275391,-2.892470121383667,1.4767985343933105
1796.266666666,-0.13625402748584747,-2.330416202545166,-2.872918128967285,2.387723684310913
1796.283333333,-0.15567202866077423,-0.8830359578132629,-2.854196548461914,1.4767272472381592
1796.316666666,-0.19507405161857605,-0.8826942443847656,-2.8159215450286865,1.4766805171966553
1796.333333333,-0.21505914628505707,-2.330490827560425,-2.7963647842407227,2.375753402709961
1796.35,-0.23447401821613312,-0.882366955280304,-2.777644634246826,1.4765150547027588
1796.366666666,-0.2544567883014679,-2.330246925354004,-2.758085012435913,2.370413064956665
1796.383333333,-0.27387043833732605,-0.8820669054985046,-2.7393641471862793,1.4764735698699951
1796.416666666,-0.31326156854629517,-0.8814550638198853,-2.7010817527770996,1.4767147302627563
1796.433333333,-0.3332374095916748,-2.3310186862945557,-2.6815149784088135,2.3614845275878906
1796.45,-0.35264694690704346,-0.8810679316520691,-2.6627936363220215,1.4765625
1796.466666666,-0.3726212680339813,-2.3293144702911377,-2.643224000930786,2.3564298152923584
1796.483333333,-0.39202749729156494,-0.8806150555610657,-2.6245017051696777,1.476527452468872
1796.516666666,-0.43140140175819397,-0.880169689655304,-2.5862035751342773,1.4764111042022705
1796.533333333,-0.4513677954673767,-2.327930212020874,-2.5666255950927734,2.347963571548462
1796.55,-0.4707673192024231,-0.8796123266220093,-2.547900676727295,1.476530909538269
1796.566666666,-0.4907291829586029,-2.3256256580352783,-2.5283186435699463,2.345303773880005
1796.583333333,-0.5101256966590881,-0.8788862228393555,-2.509591817855835,1.476715087890625
1796.616666666,-0.5494751334190369,-0.8784818649291992,-2.471275806427002,1.4766299724578857
1796.633333333,-0.5694278478622437,-2.321768045425415,-2.4516844749450684,2.3381714820861816
1796.65,-0.5888152122497559,-0.8778579831123352,-2.432952642440796,1.4768232107162476
1796.666666666,-0.6087623834609985,-2.320317506790161,-2.413356065750122,2.335268497467041
1796.683333333,-0.6281448006629944,-0.8772710561752319,-2.3946218490600586,1.4768422842025757
1796.716666666,-0.6674633026123047,-0.876734733581543,-2.3562815189361572,1.4769768714904785
1796.733333333,-0.6873982548713684,-2.3176064491271973,-2.336674213409424,2.3310463428497314
1796.75,-0.7067702412605286,-0.8759796619415283,-2.317932605743408,1.4771867990493774
1796.766666666,-0.7266987562179565,-2.3144094944000244,-2.2983198165893555,2.3287341594696045
1796.783333333,-0.7460655570030212,-0.8754463791847229,-2.2795748710632324,1.4772528409957886
1796.816666666,-0.7853478193283081,-0.8746039867401123,-2.2412068843841553,1.4774600267410278
1796.833333333,-0.8052641749382019,-2.3079917430877686,-2.2215819358825684,2.3273603916168213
1796.85,-0.8246177434921265,-0.874153733253479,-2.2028274536132812,1.4775129556655884
1796.866666666,-0.8445271849632263,-2.3072638511657715,-2.183197021484375,2.326277494430542
1796.883333333,-0.8638738393783569,-0.873317539691925,-2.1644375324249268,1.4777929782867432
1796.916666666,-0.9031156301498413,-0.8727392554283142,-2.1260342597961426,1.4779151678085327
1796.933333333,-0.9230127334594727,-2.298719644546509,-2.1063895225524902,2.3242368698120117
1796.95,-0.9423440098762512,-0.8722395300865173,-2.087618827819824,1.4779877662658691
1796.966666666,-0.9622321128845215,-2.2980387210845947,-2.067967653274536,2.3245232105255127
1796.983333333,-0.9815568327903748,-0.8713505864143372,-2.049191951751709,1.4783806800842285
1797.016666666,-1.0207542181015015,-0.87093585729599,-2.0107507705688477,1.4784198999404907
1797.033333333,-1.040627360343933,-2.291433811187744,-1.9910857677459717,2.3263564109802246
1797.05,-1.059936285018921,-0.8700734376907349,-1.9722979068756104,1.4788166284561157
1797.066666666,-1.0798027515411377,-2.287245273590088,-1.9526251554489136,2.326587677001953
1797.083333333,-1.0991034507751465,-0.8696995973587036,-1.933830738067627,1.4789800643920898
1797.116666666,-1.1382534503936768,-0.8688398599624634,-1.8953490257263184,1.479363203048706
1797.133333333,-1.1581029891967773,-2.282179594039917,-1.8756616115570068,2.3315470218658447
1797.15,-1.1773881912231445,-0.8682087659835815,-1.8568527698516846,1.4797353744506836
1797.166666666,-1.1972296237945557,-2.2785732746124268,-1.837157964706421,2.3345224857330322
1797.183333333,-1.2165066003799438,-0.8675039410591125,-1.8183422088623047,1.4800374507904053
1797.216666666,-1.255609393119812,-0.8671726584434509,-1.7798163890838623,1.4802418947219849
1797.233333333,-1.275435209274292,-2.274548053741455,-1.7601072788238525,2.3396987915039062
1797.25,-1.294695496559143,-0.8662014007568359,-1.7412757873535156,1.4808393716812134
1797.266666666,-1.3145147562026978,-2.2692959308624268,-1.7215584516525269,2.3422229290008545
1797.283333333,-1.3337657451629639,-0.8659884333610535,-1.7027190923690796,1.4809093475341797
1797.316666666,-1.3728199005126953,-0.8652616143226624,-1.664147138595581,1.481413722038269
1797.333333333,-1.392624020576477,-2.2649097442626953,-1.6444166898727417,2.352815866470337
1797.35,-1.4118592739105225,-0.8645493388175964,-1.6255607604980469,1.482020616531372
1797.366666666,-1.4316556453704834,-2.261160135269165,-1.6058226823806763,2.3566348552703857
1797.383333333,-1.4508837461471558,-0.8640730977058411,-1.5869596004486084,1.48233962059021
1797.416666666,-1.4898922443389893,-0.863603949546814,-1.5483423471450806,1.4827717542648315
1797.433333333,-1.5096744298934937,-2.2542057037353516,-1.528590440750122,2.367563009262085
1797.45,-1.5288864374160767,-0.8629547357559204,-1.5097109079360962,1.4832398891448975
1797.466666666,-1.5486631393432617,-2.249305009841919,-1.4899522066116333,2.372380256652832
1797.483333333,-1.567866563796997,-0.862846314907074,-1.4710640907287598,1.4833632707595825
1797.516666666,-1.6068311929702759,-0.8624088764190674,-1.432402491569519,1.483784556388855
1797.533333333,-1.6265943050384521,-2.248304605484009,-1.4126312732696533,2.384793281555176
1797.55,-1.6457839012145996,-0.861885130405426,-1.3937263488769531,1.4843522310256958
1797.566666666,-1.6655408143997192,-2.244520425796509,-1.3739488124847412,2.3914694786071777
1797.583333333,-1.684722900390625,-0.8616163730621338,-1.3550359010696411,1.4848216772079468
1797.616666666,-1.7236485481262207,-0.8611757755279541,-1.316331386566162,1.4851974248886108
1797.633333333,-1.7433947324752808,-2.2385711669921875,-1.2965421676635742,2.403622627258301
1797.65,-1.7625631093978882,-0.8609870076179504,-1.2776137590408325,1.4855420589447021
1797.666666666,-1.7823026180267334,-2.2382733821868896,-1.2578190565109253,2.4101314544677734
1797.683333333,-1.801464557647705,-0.8607176542282104,-1.2388826608657837,1.4859943389892578
1797.716666666,-1.8403555154800415,-0.8605375289916992,-1.2001389265060425,1.4864312410354614
1797.733333333,-1.8600846529006958,-2.235276699066162,-1.1803340911865234,2.424201726913452
1797.75,-1.8792352676391602,-0.8604074120521545,-1.1613825559616089,1.4867687225341797
1797.766666666,-1.898959994316101,-2.234149932861328,-1.1415741443634033,2.431725025177002
1797.783333333,-1.9181056022644043,-0.8602744936943054,-1.122615933418274,1.4871749877929688
1797.816666666,-1.9569653272628784,-0.8604017496109009,-1.0838366746902466,1.4873729944229126
1797.833333333,-1.9766803979873657,-2.233940839767456,-1.064020037651062,2.446126937866211
1797.85,-1.9958164691925049,-0.8603776097297668,-1.0450481176376343,1.4877045154571533
1797.866666666,-2.01552677154541,-2.2340211868286133,-1.0252270698547363,2.452573299407959
1797.883333333,-2.034658670425415,-0.8605221509933472,-1.0062484741210938,1.4880170822143555
1797.916666666,-2.0734920501708984,-0.8608967661857605,-0.9674395322799683,1.4880229234695435
1797.933333333,-2.0931949615478516,-2.237701177597046,-0.9476134777069092,2.4671945571899414
1797.95,-2.1123175621032715,-0.8608793020248413,-0.9286224246025085,1.4884636402130127
1797.966666666,-2.1320178508758545,-2.2370219230651855,-0.9087938070297241,2.476255416870117
1797.983333333,-2.1511380672454834,-0.8610255718231201,-0.8897976279258728,1.4886484146118164
1798.016666666,-2.1899526119232178,-0.8611955046653748,-0.8509652614593506,1.4889227151870728
1798.033333333,-2.209645986557007,-2.2384533882141113,-0.8311326503753662,2.4898526668548584
1798.05,-2.2287607192993164,-0.8616257905960083,-0.8121260404586792,1.4889936447143555
1798.066666666,-2.248453378677368,-2.2402994632720947,-0.7922928333282471,2.4975528717041016
1798.083333333,-2.2675650119781494,-0.8618461489677429,-0.7732815146446228,1.4891293048858643
1798.116666666,-2.306373357772827,-0.861428439617157,-0.7344370484352112,1.4895243644714355
1798.133333333,-2.3260738849639893,-2.213895559310913,-0.7146092653274536,2.5243468284606934
1798.15,-2.34517502784729,-0.8617128133773804,-0.6955891251564026,1.489634394645691
1798.166666666,-2.364872455596924,-2.215296506881714,-0.6757606267929077,2.5300333499908447
1798.183333333,-2.3839735984802246,-0.862112283706665,-0.6567375063896179,1.4896955490112305
1798.216666666,-2.421191692352295,-0.8035423159599304,-0.6193970441818237,1.4406973123550415
1798.233333333,-2.43829607963562,-3.3233258724212646,-0.6018177270889282,2.8790574073791504
1798.25,-2.453911066055298,-0.6851699352264404,-0.5859901309013367,1.2689943313598633
1798.266666666,-2.468968391418457,-2.9058406352996826,-0.5704984664916992,2.5163769721984863
1798.283333333,-2.482750654220581,-0.6532194018363953,-0.5564537048339844,1.1158115863800049
1798.316666666,-2.5086851119995117,-0.6481040120124817,-0.5298290252685547,1.014549732208252
1798.333333333,-2.520498037338257,-1.8611364364624023,-0.5175706744194031,0.43174082040786743
1798.35,-2.5308642387390137,-1.4352997541427612,-0.506628692150116,0.7737219333648682
1798.366666666,-2.5404269695281982,-0.8714351058006287,-0.4965362548828125,0.852781355381012
1798.383333333,-2.5492331981658936,-1.2079319953918457,-0.4873349666595459,0.35731005668640137
1798.416666666,-2.5648934841156006,-0.22629880905151367,-0.47073671221733093,0.7910236120223999
1798.433333333,-2.5709519386291504,-1.1406569480895996,-0.46367475390434265,0.5963526964187622
1798.45,-2.576090097427368,-0.9620294570922852,-0.45826539397239685,0.14164608716964722
1798.466666666,-2.580392837524414,-0.7875359058380127,-0.4533655047416687,0.5569183826446533
1798.483333333,-2.5837392807006836,-0.485927015542984,-0.4500129818916321,0.5351021885871887
1798.516666666,-2.589219093322754,0.23656272888183594,-0.4443151652812958,0.3981773257255554
1798.533333333,-2.5904123783111572,0.13638384640216827,-0.4428725242614746,-0.47857868671417236
1798.55,-2.590928792953491,0.168876051902771,-0.442149817943573,0.20387998223304749
1798.566666666,-2.5908374786376953,-0.017449097707867622,-0.4420541524887085,-0.0160742849111557
1798.583333333,-2.5911920070648193,0.015176425687968731,-0.4426112174987793,-0.010603377595543861
1798.616666666,-2.591397285461426,-0.0013429896207526326,-0.4431267976760864,-0.014542238786816597
1798.633333333,-2.591425657272339,0.040921345353126526,-0.4430796802043915,-0.03945407643914223
1798.65,-2.5916028022766113,-0.0032618266995996237,-0.44362398982048035,-0.0129164420068264
1798.666666666,-2.591632127761841,0.04074665158987045,-0.44358304142951965,-0.0383576825261116
1798.683333333,-2.5918149948120117,-0.0024421161506325006,-0.4441167712211609,-0.007326741237193346
1798.716666666,-2.5920181274414062,-0.0038809534162282944,-0.4445708096027374,-0.005723654292523861
1798.733333333,-2.592053174972534,0.03856051340699196,-0.4445382356643677,-0.03408879414200783
1798.75,-2.59224796295166,-0.002813188126310706,-0.4450322091579437,-0.0008645775960758328
1798.766666666,-2.592271327972412,0.03777594491839409,-0.444989949464798,-0.03306274861097336
1798.783333333,-2.5924625396728516,-0.003690075594931841,-0.44547489285469055,-0.00025531183928251266
1798.816666666,-2.592693567276001,-0.004095711279660463,-0.4459046423435211,0.0028343196026980877
1798.833333333,-2.592698574066162,0.03717832639813423,-0.44585347175598145,-0.03314881771802902
1798.85,-2.592902660369873,-0.003537759417667985,-0.4463251233100891,0.00584033690392971
1798.866666666,-2.592930316925049,0.03546779230237007,-0.44628646969795227,-0.029917020350694656
1798.883333333,-2.593134641647339,-0.003987650852650404,-0.446737140417099,0.006951166782528162
1798.916666666,-2.5933642387390137,-0.004357552155852318,-0.4471375048160553,0.008485078811645508
1798.933333333,-2.593374729156494,0.03475978970527649,-0.4470968544483185,-0.029671022668480873
1798.95,-2.5935895442962646,-0.004550794139504433,-0.44753459095954895,0.010444281622767448
1798.966666666,-2.593611717224121,0.03413645550608635,-0.4474848508834839,-0.028989240527153015
1798.983333333,-2.5938284397125244,-0.003808329114690423,-0.4479205012321472,0.013232728466391563
1799.016666666,-2.5933611392974854,0.05385656654834747,-0.44743892550468445,0.11490236967802048
1799.033333333,-2.5921592712402344,0.260342001914978,-0.44603124260902405,0.2997902035713196
1799.05,-2.5883145332336426,0.5638945698738098,-0.44200822710990906,0.5571659207344055
1799.066666666,-2.5827364921569824,0.6567938327789307,-0.4364990293979645,0.6653060913085938
1799.083333333,-2.5755627155303955,0.7614375352859497,-0.42939457297325134,0.7638729214668274
1799.116666666,-2.5573692321777344,0.8814389109611511,-0.41133150458335876,0.8881921172142029
1799.133333333,-2.5460705757141113,0.9911725521087646,-0.40008363127708435,0.9969853758811951
1799.15,-2.5326550006866455,1.1340044736862183,-0.3867155909538269,1.1414414644241333
1799.166666666,-2.5177433490753174,1.2228751182556152,-0.3718535304069519,1.2260812520980835
1799.183333333,-2.5012357234954834,1.322567343711853,-0.35540771484375,1.3266513347625732
1799.216666666,-2.4644014835357666,1.4443788528442383,-0.3186854422092438,1.4473838806152344
1799.233333333,-2.4437739849090576,1.551300048828125,-0.2981261909008026,1.5537300109863281
1799.25,-2.4219202995300293,1.6211707592010498,-0.27632927894592285,1.6267372369766235
1799.266666666,-2.400048017501831,1.6250306367874146,-0.2545052766799927,1.6277861595153809
1799.283333333,-2.37815523147583,1.6316914558410645,-0.23267513513565063,1.6353684663772583
1799.316666666,-2.3343067169189453,1.6319228410720825,-0.18893323838710785,1.6347699165344238
1799.333333333,-2.3123703002929688,1.630932092666626,-0.16705934703350067,1.6346306800842285
1799.35,-2.2904434204101562,1.6306431293487549,-0.14518624544143677,1.6364938020706177
1799.366666666,-2.2685370445251465,1.6318244934082031,-0.12332703173160553,1.634824275970459
1799.383333333,-2.246603012084961,1.6305855512619019,-0.10145387798547745,1.6344424486160278
1799.416666666,-2.202768087387085,1.6321746110916138,-0.05772526189684868,1.6351244449615479
1799.433333333,-2.1808300018310547,1.629746675491333,-0.03584592044353485,1.6340471506118774
1799.45,-2.158900499343872,1.6305712461471558,-0.013967202045023441,1.6352041959762573
1799.466666666,-2.136995553970337,1.6318439245224,0.007885749451816082,1.6347061395645142
1799.483333333,-2.115058183670044,1.630810260772705,0.029757503420114517,1.63423752784729
1799.516666666,-2.0712273120880127,1.6321277618408203,0.07348624616861343,1.6351919174194336
1799.533333333,-2.049290418624878,1.6307891607284546,0.09536632895469666,1.6349271535873413
1799.55,-2.0273609161376953,1.6305315494537354,0.11724234372377396,1.6356720924377441
1799.566666666,-2.005453586578369,1.6315115690231323,0.13909879326820374,1.6344143152236938
1799.583333333,-1.9835206270217896,1.6313703060150146,0.16096755862236023,1.6342917680740356
1799.616666666,-1.9396800994873047,1.6319955587387085,0.20469941198825836,1.6348010301589966
1799.633333333,-1.9177501201629639,1.6313830614089966,0.22657020390033722,1.6350092887878418
1799.65,-1.8958125114440918,1.6306434869766235,0.24845275282859802,1.635536551475525
1799.666666666,-1.8739079236984253,1.6315374374389648,0.2703057527542114,1.6344788074493408
1799.683333333,-1.851975917816162,1.630627989768982,0.29217398166656494,1.6337697505950928
1799.716666666,-1.8081331253051758,1.6317752599716187,0.335908442735672,1.634549856185913
1799.733333333,-1.7862001657485962,1.631539225578308,0.3577822148799896,1.6351455450057983
1799.75,-1.7642719745635986,1.6311343908309937,0.37965261936187744,1.6362674236297607
1799.766666666,-1.7423624992370605,1.6320223808288574,0.4015107750892639,1.6349157094955444
1799.783333333,-1.7204266786575317,1.630536437034607,0.42338696122169495,1.6340930461883545
1799.816666666,-1.6765940189361572,1.6322582960128784,0.4671128988265991,1.6351923942565918
1799.833333333,-1.6546565294265747,1.6308990716934204,0.4889895021915436,1.634335994720459
1799.85,-1.6327223777770996,1.6294867992401123,0.5108678340911865,1.6354327201843262
1799.866666666,-1.6108232736587524,1.63228440284729,0.5327195525169373,1.6353354454040527
1799.883333333,-1.5888872146606445,1.6308856010437012,0.5545984506607056,1.635164499282837
1799.916666666,-1.5450501441955566,1.6318248510360718,0.5983310341835022,1.6347277164459229
1799.933333333,-1.523118495941162,1.6310086250305176,0.6202075481414795,1.634855031967163
1799.95,-1.501192331314087,1.630245327949524,0.6420817971229553,1.636081576347351
1799.966666666,-1.479284644126892,1.6319565773010254,0.6639418601989746,1.6349021196365356
1799.983333333,-1.4573512077331543,1.6308988332748413,0.6858157515525818,1.6344406604766846
1800.016666666,-1.4135156869888306,1.6317771673202515,0.7295513153076172,1.6346771717071533
1800.033333333,-1.3915836811065674,1.6306087970733643,0.7514243125915527,1.634938359260559
1800.05,-1.369651436805725,1.6303964853286743,0.7733026146888733,1.6356287002563477
1800.066666666,-1.3477463722229004,1.631986141204834,0.7951565980911255,1.6348903179168701
1800.083333333,-1.3258105516433716,1.6307917833328247,0.8170285224914551,1.633605718612671
1800.116666666,-1.2819688320159912,1.631894826889038,0.8607582449913025,1.6347079277038574
1800.133333333,-1.2600306272506714,1.6308727264404297,0.8826346397399902,1.6346937417984009
1800.15,-1.238105297088623,1.6307837963104248,0.9045058488845825,1.635662317276001
1800.166666666,-1.2162001132965088,1.6321289539337158,0.9263585209846497,1.6350737810134888
1800.183333333,-1.1942638158798218,1.631302833557129,0.9482324719429016,1.634125828742981
1800.216666666,-1.150423288345337,1.632070541381836,0.991963267326355,1.6348906755447388
1800.233333333,-1.1284911632537842,1.6304402351379395,1.013834834098816,1.6349022388458252
1800.25,-1.1065605878829956,1.631047010421753,1.03571355342865,1.6361825466156006
1800.266666666,-1.084653615951538,1.6320059299468994,1.0575695037841797,1.634929895401001
1800.283333333,-1.062720537185669,1.6318289041519165,1.0794386863708496,1.6348623037338257
1800.316666666,-1.0188837051391602,1.6317840814590454,1.1231776475906372,1.6348786354064941
1800.333333333,-0.9969514012336731,1.6310588121414185,1.1450515985488892,1.6356260776519775
1800.35,-0.9750204682350159,1.630788803100586,1.166931390762329,1.6359204053878784
1800.366666666,-0.953115701675415,1.6319360733032227,1.1887850761413574,1.6348611116409302
1800.383333333,-0.9311757683753967,1.6307817697525024,1.2106595039367676,1.634089708328247
1800.416666666,-0.8873419165611267,1.6317583322525024,1.2543909549713135,1.6346468925476074
1800.433333333,-0.8654106855392456,1.631536841392517,1.2762631177902222,1.6360044479370117
1800.45,-0.8434821963310242,1.6311817169189453,1.2981399297714233,1.63628351688385
1800.466666666,-0.8215729594230652,1.631709098815918,1.319997787475586,1.6346404552459717
1800.483333333,-0.7996451258659363,1.6311534643173218,1.3418664932250977,1.635480284690857
1800.516666666,-0.755807638168335,1.6318402290344238,1.3856076002120972,1.6348252296447754
1800.533333333,-0.7338740229606628,1.6306943893432617,1.4074811935424805,1.6344596147537231
1800.55,-0.7119458913803101,1.630417823791504,1.4293556213378906,1.6353434324264526
1800.566666666,-0.6900358200073242,1.6319302320480347,1.4512149095535278,1.6347267627716064
1800.583333333,-0.668106734752655,1.6312907934188843,1.4730874300003052,1.6353453397750854
1800.616666666,-0.6242669224739075,1.6318943500518799,1.5168222188949585,1.6347253322601318
1800.633333333,-0.6023337244987488,1.6316394805908203,1.538696527481079,1.6352479457855225
1800.65,-0.5804047584533691,1.6313735246658325,1.560568928718567,1.636438250541687
1800.666666666,-0.5584964156150818,1.6319862604141235,1.582425832748413,1.6349108219146729
1800.683333333,-0.5365655422210693,1.6306151151657104,1.6042953729629517,1.6354634761810303
1800.716666666,-0.4927248954772949,1.6318409442901611,1.6480334997177124,1.634667158126831
1800.733333333,-0.4707906246185303,1.6304770708084106,1.6699069738388062,1.6341986656188965
1800.75,-0.44886305928230286,1.6311068534851074,1.6917786598205566,1.6360385417938232
1800.766666666,-0.42695194482803345,1.6316444873809814,1.7136383056640625,1.6345269680023193
1800.783333333,-0.40501898527145386,1.6305491924285889,1.735511064529419,1.6349068880081177
1800.816666666,-0.3611815571784973,1.6317552328109741,1.7792459726333618,1.6345642805099487
1800.833333333,-0.3392486274242401,1.6321845054626465,1.8011163473129272,1.6349413394927979
1800.85,-0.31731370091438293,1.6306836605072021,1.8229936361312866,1.6361854076385498
1800.866666666,-0.2954106330871582,1.6319087743759155,1.8448477983474731,1.6349143981933594
1800.883333333,-0.27347731590270996,1.6303746700286865,1.8667211532592773,1.6337065696716309
1800.916666666,-0.22963689267635345,1.6319020986557007,1.910454511642456,1.634689211845398
1800.933333333,-0.2077028602361679,1.6311975717544556,1.9323285818099976,1.6346726417541504
1800.95,-0.18577122688293457,1.6307042837142944,1.9542068243026733,1.6362731456756592
1800.966666666,-0.16386966407299042,1.6318985223770142,1.976059913635254,1.6349433660507202
1800.983333333,-0.1419345736503601,1.6309033632278442,1.9979345798492432,1.634499430656433
1801.016666666,-0.10166497528553009,1.4920741319656372,2.0381057262420654,1.4951742887496948
1801.033333333,-0.08479978144168854,1.2367687225341797,2.0549230575561523,1.2424051761627197
1801.05,-0.07119572162628174,1.09396231174469,2.068485975265503,1.100882887840271
1801.066666666,-0.05987633392214775,0.9620203375816345,2.0797641277313232,0.9666293859481812
1801.083333333,-0.05083158612251282,0.8184906244277954,2.088752508163452,0.8244113922119141
1801.116666666,-0.03839951008558273,0.6446245908737183,2.1010944843292236,0.6527355313301086
1801.133333333,-0.03553968667984009,0.3911532759666443,2.103924512863159,0.4011673033237457
1801.15,-0.03540727496147156,0.09844836592674255,2.1040475368499756,0.10614508390426636
1801.166666666,-0.035393185913562775,-0.005041610449552536,2.104050874710083,0.019924240186810493
1801.183333333,-0.03532705083489418,-0.10704688727855682,2.1041839122772217,-0.14677341282367706
1801.216666666,-0.036092355847358704,-0.01937844790518284,2.1032121181488037,-0.12480330467224121
1801.233333333,-0.036506813019514084,-0.010072593577206135,2.102409839630127,0.005141373258084059
1801.25,-0.03652526065707207,0.020766036584973335,2.102475643157959,-0.06367433071136475
1801.266666666,-0.03680470585823059,-0.00728367455303669,2.1019365787506104,0.015375681221485138
1801.283333333,-0.03682111203670502,0.036447834223508835,2.101992607116699,-0.03597194701433182
1801.316666666,-0.03706921264529228,0.033537209033966064,2.1016106605529785,-0.028506474569439888
1801.333333333,-0.037299979478120804,-0.005781142041087151,2.1012003421783447,0.02067309059202671
1801.35,-0.03730754554271698,0.03331175073981285,2.101247787475586,-0.027075881138443947
1801.366666666,-0.03754451498389244,-0.00528021389618516,2.100848913192749,0.022153321653604507
1801.383333333,-0.03755194693803787,0.03274993970990181,2.100898265838623,-0.026896389201283455
1801.416666666,-0.037801507860422134,0.032438818365335464,2.100545883178711,-0.026210753247141838
1801.433333333,-0.03804408758878708,-0.0060583860613405704,2.1001572608947754,0.023101653903722763
1801.45,-0.03805532306432724,0.03179134428501129,2.1001994609832764,-0.02583196386694908
1801.466666666,-0.03829984739422798,-0.0060694776475429535,2.0998129844665527,0.02380446344614029
1801.483333333,-0.03829937055706978,0.031961966305971146,2.0998647212982178,-0.02681625261902809
1801.516666666,-0.03856250271201134,0.027385368943214417,2.09952712059021,-0.025995466858148575
1801.533333333,-0.03881575167179108,-0.004692400339990854,2.09914493560791,0.025834325700998306
1801.55,-0.038837652653455734,0.03141926974058151,2.0991744995117188,-0.024573707953095436
1801.566666666,-0.039084695279598236,-0.005999968387186527,2.0987935066223145,0.025829004123806953
1801.583333333,-0.03910345584154129,0.030931564047932625,2.098848581314087,-0.025402791798114777
1801.616666666,-0.03936620056629181,0.030229829251766205,2.0985119342803955,-0.025095701217651367
1801.633333333,-0.03962169587612152,-0.006840362213551998,2.098137617111206,0.026831695809960365
1801.65,-0.03961564600467682,0.030490752309560776,2.098186492919922,-0.026249602437019348
1801.666666666,-0.03987259045243263,-0.006537844426929951,2.0978076457977295,0.02722867764532566
1801.683333333,-0.03989319130778313,0.02962554059922695,2.0978362560272217,-0.023851614445447922
1801.716666666,-0.040157102048397064,0.029274627566337585,2.0975096225738525,-0.024953261017799377
1801.733333333,-0.04041794314980507,-0.007257097400724888,2.097139358520508,0.02795528620481491
1801.75,-0.04042981192469597,0.02936503477394581,2.0971782207489014,-0.02441221848130226
1801.766666666,-0.04069042205810547,-0.00728769414126873,2.096810817718506,0.028328321874141693
1801.783333333,-0.04072362929582596,0.028645411133766174,2.0968403816223145,-0.022652752697467804
1801.816666666,-0.04127045348286629,0.05041501671075821,2.0966639518737793,-0.047418225556612015
1801.833333333,-0.04258165508508682,-0.06326592713594437,2.096849203109741,0.08883441239595413
1801.85,-0.043928153812885284,0.13950206339359283,2.0985586643218994,0.26419058442115784
1801.866666666,-0.04596225172281265,-0.4405346214771271,2.100309371948242,0.5691995024681091
1801.883333333,-0.04868738725781441,0.059437092393636703,2.1031203269958496,0.428499698638916
1801.916666666,-0.05665059760212898,-0.7193546295166016,2.111295223236084,0.5443854331970215
1801.933333333,-0.06143663823604584,-0.8936938643455505,2.116117238998413,0.49332869052886963
1801.95,-0.06754449009895325,-1.314278483390808,2.12266206741333,-0.045463159680366516
1801.966666666,-0.07496452331542969,-0.3065924346446991,2.130338191986084,1.2312003374099731
1801.983333333,-0.08329568058252335,-0.2605445384979248,2.1384847164154053,1.3657357692718506
1802.016666666,-0.10152704268693924,-1.268778920173645,2.156797409057617,1.4044297933578491
1802.033333333,-0.1120302602648735,-0.3948623239994049,2.1671817302703857,0.8284294605255127
1802.05,-0.12424244731664658,-0.1461777538061142,2.1792683601379395,1.536857008934021
1802.066666666,-0.13683395087718964,-1.1800836324691772,2.191887855529785,0.985994279384613
1802.083333333,-0.1496300995349884,-1.2547285556793213,2.2057642936706543,1.568454384803772
1802.116666666,-0.17854702472686768,-1.1375259160995483,2.2352194786071777,0.6150807738304138
1802.133333333,-0.19397173821926117,-3.0315001010894775,2.251399517059326,2.4073214530944824
1802.15,-0.21054096519947052,-0.7836335301399231,2.2683398723602295,1.360966444015503
1802.166666666,-0.22828879952430725,-3.215250015258789,2.2866480350494385,2.655592441558838
1802.183333333,-0.24677976965904236,-0.835300624370575,2.3053464889526367,1.4984108209609985
1802.216666666,-0.2854960262775421,-0.8712469339370728,2.3440966606140137,1.4859516620635986
1802.233333333,-0.305184543132782,-2.211367130279541,2.3638947010040283,2.597865343093872
1802.25,-0.3242897093296051,-0.8673073053359985,2.3829257488250732,1.4893579483032227
1802.266666666,-0.3440016806125641,-2.215711832046509,2.4027185440063477,2.612513303756714
1802.283333333,-0.36311301589012146,-0.8677754402160645,2.421750545501709,1.4894658327102661
1802.316666666,-0.40194422006607056,-0.8681495785713196,2.4605700969696045,1.489314317703247
1802.333333333,-0.4216647446155548,-2.2169864177703857,2.4803528785705566,2.6231374740600586
1802.35,-0.4407818913459778,-0.8686298727989197,2.4993810653686523,1.4891554117202759
1802.366666666,-0.4605066478252411,-2.217794418334961,2.5191586017608643,2.626328468322754
1802.383333333,-0.47962695360183716,-0.8690841794013977,2.538184642791748,1.489076018333435
1802.416666666,-0.5184792280197144,-0.8693276047706604,2.576979160308838,1.4890025854110718
1802.433333333,-0.5382115840911865,-2.2153401374816895,2.596745491027832,2.6342339515686035
1802.45,-0.5573392510414124,-0.8698470592498779,2.6157658100128174,1.4887678623199463
1802.466666666,-0.5770764946937561,-2.2164034843444824,2.635526657104492,2.6358799934387207
1802.483333333,-0.5962074398994446,-0.8703853487968445,2.654543161392212,1.4884710311889648
1802.516666666,-0.6350842714309692,-0.8707317113876343,2.6933116912841797,1.4883387088775635
1802.533333333,-0.6548303365707397,-2.2151403427124023,2.713062047958374,2.6413347721099854
1802.55,-0.6739705801010132,-0.8711258769035339,2.7320706844329834,1.4882471561431885
1802.566666666,-0.6937206983566284,-2.2160773277282715,2.7518150806427,2.6425673961639404
1802.583333333,-0.7128643989562988,-0.8715531826019287,2.7708194255828857,1.4879767894744873
1802.616666666,-0.7517695426940918,-0.8720242381095886,2.809558153152466,1.4877578020095825
1802.633333333,-0.771530270576477,-2.214710235595703,2.8292899131774902,2.645331859588623
1802.65,-0.7906842231750488,-0.8724233508110046,2.848284959793091,1.4876142740249634
1802.666666666,-0.8104495406150818,-2.2159388065338135,2.8680107593536377,2.6468148231506348
1802.683333333,-0.8296076059341431,-0.8728593587875366,2.8870015144348145,1.487290859222412
1802.716666666,-0.8685431480407715,-0.8731909394264221,2.925706624984741,1.487163782119751
1802.733333333,-0.8883204460144043,-2.214846134185791,2.9454197883605957,2.6461939811706543
1802.75,-0.907489001750946,-0.8737390637397766,2.964400291442871,1.4868918657302856
1802.766666666,-0.9272728562355042,-2.2157299518585205,2.9841067790985107,2.6469101905822754
1802.783333333,-0.9464462399482727,-0.8740018606185913,3.0030829906463623,1.4867494106292725
1802.816666666,-0.9854145050048828,-0.8744543790817261,3.041752815246582,1.486496925354004
1802.833333333,-1.0052094459533691,-2.2163448333740234,3.061447858810425,2.644782781600952
1802.85,-1.024394154548645,-0.8748999834060669,3.080411911010742,1.4862067699432373
1802.866666666,-1.0441954135894775,-2.216163396835327,3.1000990867614746,2.6443557739257812
1802.883333333,-1.0633853673934937,-0.8754962086677551,3.1190571784973145,1.4857969284057617
1802.916666666,-1.102388620376587,-0.875946044921875,3.15769100189209,1.485599398612976
1802.933333333,-1.1222015619277954,-2.2207705974578857,3.1773667335510254,2.640521287918091
1802.95,-1.1414034366607666,-0.8764433860778809,3.19631290435791,1.4852344989776611
1802.966666666,-1.1612223386764526,-2.2199578285217285,3.2159812450408936,2.640253782272339
1802.983333333,-1.1804317235946655,-0.8768607378005981,3.2349209785461426,1.485073447227478
1803.016666666,-1.219470739364624,-0.8773695230484009,3.2735178470611572,1.484686017036438
1803.033333333,-1.2393022775650024,-2.2245092391967773,3.2931745052337646,2.634333848953247
1803.05,-1.2585217952728271,-0.8780093193054199,3.312102794647217,1.4842792749404907
1803.066666666,-1.2783594131469727,-2.2266407012939453,3.3317530155181885,2.63191556930542
1803.083333333,-1.2975859642028809,-0.8784658312797546,3.350675582885742,1.4839692115783691
1803.116666666,-1.3366628885269165,-0.8788009881973267,3.389234781265259,1.4837945699691772
1803.133333333,-1.3565126657485962,-2.229677677154541,3.408872365951538,2.6273293495178223
1803.15,-1.3757524490356445,-0.8793165683746338,3.427781105041504,1.483434796333313
1803.166666666,-1.3956079483032227,-2.2329838275909424,3.447413206100464,2.624035596847534
1803.183333333,-1.4148554801940918,-0.8794931769371033,3.466315269470215,1.48335599899292
1803.216666666,-1.4539700746536255,-0.880142867565155,3.5048372745513916,1.4829440116882324
1803.233333333,-1.473838210105896,-2.2371535301208496,3.5244579315185547,2.6166908740997314
1803.25,-1.4930973052978516,-0.8805815577507019,3.5433475971221924,1.4826158285140991
1803.266666666,-1.5129715204238892,-2.2398171424865723,3.562962532043457,2.61283540725708
1803.283333333,-1.5322372913360596,-0.8809469938278198,3.58184552192688,1.4823824167251587
1803.316666666,-1.571390151977539,-0.8812868595123291,3.6203322410583496,1.4821672439575195
1803.333333333,-1.5912760496139526,-2.2422895431518555,3.6399357318878174,2.604802131652832
1803.35,-1.6105560064315796,-0.8816238045692444,3.6588051319122314,1.481974482536316
1803.366666666,-1.6304478645324707,-2.2467668056488037,3.6784048080444336,2.599726915359497
1803.383333333,-1.6497327089309692,-0.8821681141853333,3.697268009185791,1.4815630912780762
1803.416666666,-1.6889235973358154,-0.8822887539863586,3.7357192039489746,1.4814373254776
1803.433333333,-1.7088278532028198,-2.250140905380249,3.7553086280822754,2.589433193206787
1803.45,-1.7281277179718018,-0.8827081322669983,3.7741587162017822,1.481210708618164
1803.466666666,-1.7480360269546509,-2.254981517791748,3.7937443256378174,2.584582805633545
1803.483333333,-1.767340898513794,-0.8831176161766052,3.812588930130005,1.4808722734451294
1803.516666666,-1.8065671920776367,-0.8835138082504272,3.8510074615478516,1.48049795627594
1803.533333333,-1.8264892101287842,-2.260263681411743,3.8705837726593018,2.573166847229004
1803.55,-1.8458064794540405,-0.8835973143577576,3.889415979385376,1.480453372001648
1803.566666666,-1.8657341003417969,-2.2617311477661133,3.9089882373809814,2.5677099227905273
1803.583333333,-1.8850572109222412,-0.8839321136474609,3.9278149604797363,1.4801878929138184
1803.616666666,-1.9243192672729492,-0.8840469717979431,3.9662020206451416,1.480074405670166
1803.633333333,-1.9442572593688965,-2.2666573524475098,3.985767126083374,2.55604887008667
1803.65,-1.9635933637619019,-0.8843507170677185,4.004581451416016,1.4798301458358765
1803.666666666,-1.9835361242294312,-2.2700655460357666,4.024142265319824,2.5505120754241943
1803.683333333,-2.0028767585754395,-0.8846229314804077,4.042950630187988,1.4795989990234375
1803.716666666,-2.042171001434326,-0.8848079442977905,4.08131217956543,1.4793710708618164
1803.733333333,-2.0621230602264404,-2.2757821083068848,4.100866794586182,2.5373220443725586
1803.75,-2.081475019454956,-0.8850594162940979,4.119663715362549,1.4790592193603516
1803.766666666,-2.1014320850372314,-2.2786688804626465,4.139214992523193,2.530726671218872
1803.783333333,-2.1207895278930664,-0.8851267695426941,4.158006191253662,1.4790053367614746
1803.816666666,-2.1601152420043945,-0.8851156830787659,4.196341514587402,1.4788950681686401
1803.833333333,-2.1800825595855713,-2.2819206714630127,4.215887546539307,2.5185372829437256
1803.85,-2.1994495391845703,-0.8852112889289856,4.234669208526611,1.4787120819091797
1803.866666666,-2.219406843185425,-2.3099021911621094,4.254220008850098,2.4993369579315186
1803.883333333,-2.2387855052948,-0.8855059146881104,4.272994518280029,1.4787343740463257
1803.916666666,-2.2781336307525635,-0.8856770396232605,4.311313629150391,1.4784516096115112
1803.933333333,-2.298100471496582,-2.3122310638427734,4.330862045288086,2.4831933975219727
1803.95,-2.3174867630004883,-0.8858495354652405,4.3496270179748535,1.4782054424285889
1803.966666666,-2.3374574184417725,-2.3156075477600098,4.369173526763916,2.476003885269165
1803.983333333,-2.3568480014801025,-0.8857274651527405,4.38793420791626,1.4780871868133545
1804.016666666,-2.3962175846099854,-0.8857772350311279,4.426233768463135,1.4779397249221802
1804.033333333,-2.416193962097168,-2.319157838821411,4.445777416229248,2.4627721309661865
1804.05,-2.435591459274292,-0.8857134580612183,4.464529037475586,1.477770447731018
1804.066666666,-2.455570936203003,-2.3202872276306152,4.484072208404541,2.456002950668335
1804.083333333,-2.474972724914551,-0.8855783343315125,4.50282096862793,1.4777307510375977
1804.116666666,-2.514359951019287,-0.8855823874473572,4.541107177734375,1.4774727821350098
1804.133333333,-2.534343719482422,-2.323019504547119,4.560650825500488,2.443774461746216
1804.15,-2.5537519454956055,-0.8853410482406616,4.579392910003662,1.4774830341339111
1804.166666666,-2.5737361907958984,-2.324519157409668,4.598937511444092,2.43774676322937
1804.183333333,-2.593146324157715,-0.8852156400680542,4.617673397064209,1.4773831367492676
1804.216666666,-2.6325454711914062,-0.8850734233856201,4.655951499938965,1.477217674255371
1804.233333333,-2.652534008026123,-2.326706886291504,4.675495147705078,2.423197031021118
1804.25,-2.6719472408294678,-0.8848782181739807,4.694226264953613,1.477120280265808
1804.266666666,-2.691937208175659,-2.3276381492614746,4.713771820068359,2.416360855102539
1804.283333333,-2.7113521099090576,-0.8847238421440125,4.7325005531311035,1.4769423007965088
1804.316666666,-2.750758647918701,-0.8843464255332947,4.7707719802856445,1.4769492149353027
1804.333333333,-2.77074933052063,-2.3279128074645996,4.790316581726074,2.404675245285034
1804.35,-2.7901666164398193,-0.8840524554252625,4.809041976928711,1.476901888847351
1804.366666666,-2.8101563453674316,-2.328411102294922,4.828588962554932,2.3985440731048584
1804.383333333,-2.8295738697052,-0.8838294744491577,4.847313404083252,1.4767146110534668
1804.416666666,-2.8689804077148438,-0.8834360241889954,4.885585784912109,1.4767762422561646
1804.433333333,-2.8889684677124023,-2.329293966293335,4.905137538909912,2.3870351314544678
1804.45,-2.9083852767944336,-0.8832124471664429,4.923858165740967,1.4766008853912354
1804.466666666,-2.928372383117676,-2.330259084701538,4.943411350250244,2.3811120986938477
1804.483333333,-2.9477882385253906,-0.8827140927314758,4.962132930755615,1.4766565561294556
1804.516666666,-2.987189292907715,-0.8825612664222717,5.0004096031188965,1.4764924049377441
1804.533333333,-3.007171154022217,-2.331406593322754,5.019969463348389,2.3715333938598633
1804.55,-3.026585102081299,-0.8820142149925232,5.03869104385376,1.476591944694519
1804.566666666,-3.046564817428589,-2.3301756381988525,5.058255195617676,2.366394519805908
1804.583333333,-3.0659773349761963,-0.8815295696258545,5.076974868774414,1.4765609502792358
1804.616666666,-3.1053659915924072,-0.881154477596283,5.115260601043701,1.4765492677688599
1804.633333333,-3.125340461730957,-2.328420639038086,5.134829521179199,2.3573954105377197
1804.65,-3.144747495651245,-0.8805165886878967,5.153550624847412,1.4766433238983154
1804.666666666,-3.1647191047668457,-2.3261501789093018,5.173124313354492,2.3518285751342773
1804.683333333,-3.1841232776641846,-0.880321204662323,5.1918463706970215,1.476450800895691
1804.716666666,-3.2234911918640137,-0.8794692754745483,5.2301483154296875,1.4767498970031738
1804.733333333,-3.2434544563293457,-2.3235769271850586,5.249729156494141,2.3467650413513184
1804.75,-3.262852668762207,-0.8791121244430542,5.26845645904541,1.4766123294830322
1804.766666666,-3.2828118801116943,-2.324678421020508,5.288043022155762,2.3414852619171143
1804.783333333,-3.302204132080078,-0.8787084817886353,5.3067708015441895,1.4766000509262085
1804.816666666,-3.3415467739105225,-0.8776471614837646,5.345091342926025,1.4770256280899048
1804.833333333,-3.361495018005371,-2.3176515102386475,5.364686965942383,2.335366725921631
1804.85,-3.3808796405792236,-0.8773587346076965,5.383419036865234,1.4768786430358887
1804.866666666,-3.4008209705352783,-2.3172783851623535,5.403019905090332,2.3344287872314453
1804.883333333,-3.4201998710632324,-0.8767426013946533,5.421756744384766,1.4769912958145142
1804.916666666,-3.459508180618286,-0.8763571381568909,5.460103988647461,1.4769001007080078
1804.933333333,-3.479438066482544,-2.3176164627075195,5.479716777801514,2.329303503036499
1804.95,-3.498804807662964,-0.8754019737243652,5.498462677001953,1.4772100448608398
1804.966666666,-3.518730401992798,-2.3113627433776855,5.518081188201904,2.3268861770629883
1804.983333333,-3.5380897521972656,-0.8750808835029602,5.536830425262451,1.4771807193756104
1805.016666666,-3.577361822128296,-0.8742353916168213,5.575209140777588,1.4774272441864014
1805.033333333,-3.597273588180542,-2.306838035583496,5.594839572906494,2.3258795738220215
1805.05,-3.616621732711792,-0.8736523985862732,5.6135969161987305,1.4776140451431274
1805.066666666,-3.636526107788086,-2.3052687644958496,5.63323450088501,2.3248677253723145
1805.083333333,-3.6558663845062256,-0.8729450106620789,5.651998519897461,1.477771520614624
1805.116666666,-3.6950974464416504,-0.8721232414245605,5.690410137176514,1.4781439304351807
1805.133333333,-3.7149877548217773,-2.2965288162231445,5.710061550140381,2.324460744857788
1805.15,-3.7343149185180664,-0.8715673089027405,5.728835105895996,1.478289008140564
1805.166666666,-3.7541961669921875,-2.294840097427368,5.748493671417236,2.325221061706543
1805.183333333,-3.7735142707824707,-0.8709233403205872,5.767273902893066,1.4785194396972656
1805.216666666,-3.812699794769287,-0.870292603969574,5.805725574493408,1.4786920547485352
1805.233333333,-3.832566738128662,-2.2882816791534424,5.82539701461792,2.326585054397583
1805.25,-3.8518686294555664,-0.8697581887245178,5.8441901206970215,1.4789719581604004
1805.266666666,-3.8717267513275146,-2.2867963314056396,5.863868713378906,2.328707695007324
1805.283333333,-3.8910205364227295,-0.8689083456993103,5.882667064666748,1.4793319702148438
1805.316666666,-3.9301578998565674,-0.8685358166694641,5.921160697937012,1.4794883728027344
1805.333333333,-3.9500010013580322,-2.280824899673462,5.940853118896484,2.3334343433380127
1805.35,-3.969278335571289,-0.8676464557647705,5.959667682647705,1.4799476861953735
1805.366666666,-3.989114761352539,-2.2760214805603027,5.979367733001709,2.335103988647461
1805.383333333,-4.008383750915527,-0.8672535419464111,5.998190879821777,1.4801616668701172
1805.416666666,-4.047471523284912,-0.8664209842681885,6.036729335784912,1.4806742668151855
1805.433333333,-4.067290782928467,-2.2703051567077637,6.056445121765137,2.343090057373047
1805.45,-4.086545467376709,-0.8659502863883972,6.075282096862793,1.481003761291504
1805.466666666,-4.106357097625732,-2.269958257675171,6.095004558563232,2.3465487957000732
1805.483333333,-4.125600814819336,-0.8652840256690979,6.113851070404053,1.4813880920410156
1805.516666666,-4.16464376449585,-0.8648809790611267,6.152435302734375,1.481716275215149
1805.533333333,-4.184442520141602,-2.2630374431610107,6.172170639038086,2.355288505554199
1805.55,-4.203671455383301,-0.8641895651817322,6.191033840179443,1.4821901321411133
1805.566666666,-4.223463535308838,-2.2581238746643066,6.2107768058776855,2.360872983932495
1805.583333333,-4.242684841156006,-0.8637388348579407,6.229646682739258,1.4825963973999023
1805.616666666,-4.281680107116699,-0.8632239103317261,6.268277168273926,1.4830069541931152
1805.633333333,-4.301457405090332,-2.2527332305908203,-6.278337001800537,2.371978759765625
1805.65,-4.320662975311279,-0.8628501892089844,-6.259450912475586,1.483428716659546
1805.666666666,-4.340433120727539,-2.2508232593536377,-6.239686965942383,2.3780019283294678
1805.683333333,-4.3596296310424805,-0.8624650835990906,-6.220792293548584,1.4837785959243774
1805.716666666,-4.398582935333252,-0.8620102405548096,-6.182117938995361,1.484204649925232
1805.733333333,-4.418342590332031,-2.2453577518463135,-6.162341594696045,2.3894753456115723
1805.75,-4.437525272369385,-0.8618021011352539,-6.143429279327393,1.4845703840255737
1805.766666666,-4.457276344299316,-2.2445099353790283,-6.123648166656494,2.3963351249694824
1805.783333333,-4.476452350616455,-0.8613566160202026,-6.104727745056152,1.48505699634552
1805.816666666,-4.515368461608887,-0.8609012961387634,-6.066011428833008,1.4856045246124268
1805.833333333,-4.535109043121338,-2.2380826473236084,-6.046217918395996,2.4095330238342285
1805.85,-4.554272651672363,-0.86081463098526,-6.027284622192383,1.4859710931777954
1805.866666666,-4.574007511138916,-2.238116979598999,-6.007486820220947,2.416321277618408
1805.883333333,-4.593163013458252,-0.8605161309242249,-5.98854398727417,1.4863282442092896
1805.916666666,-4.632047176361084,-0.8604124784469604,-5.949789524078369,1.4867017269134521
1805.933333333,-4.651771068572998,-2.2353875637054443,-5.929981708526611,2.430187463760376
1805.95,-4.670356750488281,-0.8219508528709412,-5.911567687988281,1.4330171346664429
1805.966666666,-4.688203811645508,-3.1477715969085693,-5.89337158203125,2.7997629642486572
1805.983333333,-4.704817295074463,-0.7108286023139954,-5.876664638519287,1.332098126411438
1806.016666666,-4.736051082611084,-0.6976401209831238,-5.844882011413574,1.238937497138977
1806.033333333,-4.750556468963623,-2.417534589767456,-5.830029010772705,2.3935189247131348
1806.05,-4.763607978820801,-0.6361367106437683,-5.81689453125,1.0331207513809204
1806.066666666,-4.776111125946045,-2.0233843326568604,-5.804104328155518,0.9221095442771912
1806.083333333,-4.787417888641357,-0.6628091931343079,-5.79228401184082,0.7281320095062256
1806.116666666,-4.808102130889893,-1.4629446268081665,-5.770709037780762,0.7800082564353943
1806.133333333,-4.817048072814941,-0.9162766337394714,-5.761233806610107,0.7037334442138672
1806.15,-4.825046062469482,-1.0347603559494019,-5.75285005569458,0.23583512008190155
1806.166666666,-4.832425117492676,-0.18853412568569183,-5.745293140411377,0.7513415813446045
1806.183333333,-4.838675022125244,-0.2167789340019226,-5.738597869873047,0.8070637583732605
1806.216666666,-4.848753929138184,-0.8090213537216187,-5.728574275970459,0.4872482419013977
1806.233333333,-4.852802753448486,-0.6062089204788208,-5.724185466766357,0.15006402134895325
1806.25,-4.855784893035889,-0.3415784537792206,-5.720920085906982,0.43974173069000244
1806.266666666,-4.857735633850098,0.11278315633535385,-5.718747138977051,-0.19751696288585663
1806.283333333,-4.8590312004089355,-0.3271923065185547,-5.717281818389893,0.3030100464820862
1806.316666666,-4.859922885894775,0.2164943814277649,-5.716348171234131,0.1748417466878891
1806.333333333,-4.8597822189331055,-0.018170883879065514,-5.716246604919434,-0.07028404623270035
1806.35,-4.8602190017700195,0.01281170267611742,-5.716963768005371,-0.002967600245028734
1806.366666666,-4.860241413116455,0.06556142121553421,-5.716914176940918,-0.06856025010347366
1806.383333333,-4.8604302406311035,0.00977297406643629,-5.717519760131836,0.004984715953469276
1806.416666666,-4.860630512237549,0.011423791758716106,-5.717972755432129,0.012635774910449982
1806.433333333,-4.860648155212402,0.06076020747423172,-5.717922687530518,-0.04043431952595711
1806.45,-4.860840797424316,0.012644846923649311,-5.718394756317139,0.017124559730291367
1806.466666666,-4.860851287841797,0.05852431431412697,-5.718344688415527,-0.038929153233766556
1806.483333333,-4.861055374145508,0.011860629543662071,-5.718798637390137,0.016269005835056305
1806.516666666,-4.861258506774902,0.01206832006573677,-5.719208717346191,0.019307680428028107
1806.533333333,-4.861265182495117,0.05652875825762749,-5.7191643714904785,-0.03697197511792183
1806.55,-4.86146879196167,0.012639187276363373,-5.719606399536133,0.02103060483932495
1806.566666666,-4.861490249633789,0.055974043905735016,-5.719544887542725,-0.0369034968316555
1806.583333333,-4.861700057983398,0.011559586971998215,-5.719980239868164,0.021634653210639954
1806.616666666,-4.861934661865234,0.011332105845212936,-5.720344543457031,0.022424399852752686
1806.633333333,-4.861935615539551,0.05260469764471054,-5.720315933227539,-0.03400909900665283
1806.65,-4.862159252166748,0.011318882927298546,-5.720718860626221,0.02423689141869545
1806.666666666,-4.862163066864014,0.052284788340330124,-5.720676422119141,-0.03414948657155037
1806.683333333,-4.862385272979736,0.011147258803248405,-5.721078395843506,0.024639207869768143
1806.716666666,-4.862610340118408,0.011766011826694012,-5.721435546875,0.026830416172742844
1806.733333333,-4.862604141235352,0.050937116146087646,-5.721412181854248,-0.03278685733675957
1806.75,-4.862525939941406,-0.12425445020198822,-5.721409797668457,-0.07673149555921555
1806.766666666,-4.861749649047852,0.25581786036491394,-5.720423221588135,0.3110761344432831
1806.783333333,-4.859738826751709,0.4271867275238037,-5.718228340148926,0.4640766680240631
1806.816666666,-4.851054668426514,0.5898147225379944,-5.70944356918335,0.6046247482299805
1806.833333333,-4.844483375549316,0.6985369920730591,-5.7028679847717285,0.7141218185424805
1806.85,-4.835755825042725,0.848490834236145,-5.6941304206848145,0.8636391758918762
1806.866666666,-4.825518608093262,0.936080276966095,-5.683882713317871,0.9503148794174194
1806.883333333,-4.813712120056152,1.037394404411316,-5.67206335067749,1.050537109375
1806.916666666,-4.786215782165527,1.1631773710250854,-5.644663333892822,1.1699103116989136
1806.933333333,-4.770266056060791,1.2697349786758423,-5.628746032714844,1.2741546630859375
1806.95,-4.752193927764893,1.416593074798584,-5.610707759857178,1.4219979047775269
1806.966666666,-4.732614040374756,1.5039221048355103,-5.591179370880127,1.5065138339996338
1806.983333333,-4.711446285247803,1.6032042503356934,-5.570076942443848,1.6061055660247803
1807.016666666,-4.667656898498535,1.6313836574554443,-5.526402950286865,1.6341286897659302
1807.033333333,-4.645727157592773,1.630930781364441,-5.504536151885986,1.6344192028045654
1807.05,-4.62379264831543,1.6301552057266235,-5.4826579093933105,1.635840654373169
1807.066666666,-4.601890563964844,1.631818175315857,-5.4608025550842285,1.6348040103912354
1807.083333333,-4.579956531524658,1.631937026977539,-5.438924789428711,1.6349798440933228
1807.116666666,-4.536121845245361,1.6318774223327637,-5.395196437835693,1.634904384613037
1807.133333333,-4.514186859130859,1.6313533782958984,-5.373322010040283,1.6350092887878418
1807.15,-4.492255210876465,1.6302212476730347,-5.351442337036133,1.635409951210022
1807.166666666,-4.470348358154297,1.631789207458496,-5.329586982727051,1.6346824169158936
1807.183333333,-4.448415756225586,1.631069540977478,-5.307712554931641,1.6347482204437256
1807.216666666,-4.4045796394348145,1.63182532787323,-5.263979911804199,1.6347343921661377
1807.233333333,-4.382644176483154,1.6317062377929688,-5.2421040534973145,1.6352046728134155
1807.25,-4.360719203948975,1.6308259963989258,-5.220237731933594,1.636109709739685
1807.266666666,-4.338809490203857,1.6318912506103516,-5.198378086090088,1.634758472442627
1807.283333333,-4.316874027252197,1.6309818029403687,-5.176504611968994,1.6347990036010742
1807.316666666,-4.273038864135742,1.6316111087799072,-5.132770538330078,1.634556770324707
1807.333333333,-4.251107215881348,1.6320929527282715,-5.110900402069092,1.6358466148376465
1807.35,-4.229177474975586,1.6309081315994263,-5.089025497436523,1.6363359689712524
1807.366666666,-4.207268714904785,1.6318674087524414,-5.067167282104492,1.6347885131835938
1807.383333333,-4.185335159301758,1.6311241388320923,-5.045293807983398,1.6353994607925415
1807.416666666,-4.141499996185303,1.6316850185394287,-5.001558303833008,1.6346237659454346
1807.433333333,-4.119567394256592,1.6312400102615356,-4.979686737060547,1.634793758392334
1807.45,-4.0976386070251465,1.6307814121246338,-4.957813739776611,1.636348009109497
1807.466666666,-4.075729846954346,1.6320037841796875,-4.935953617095947,1.6349425315856934
1807.483333333,-4.0537943840026855,1.6306735277175903,-4.914078712463379,1.634209156036377
1807.516666666,-4.009958744049072,1.6320726871490479,-4.870349884033203,1.6350120306015015
1807.533333333,-3.988025665283203,1.6304984092712402,-4.84847354888916,1.633811354637146
1807.55,-3.966097593307495,1.6310756206512451,-4.826600551605225,1.6354646682739258
1807.566666666,-3.9441871643066406,1.6319676637649536,-4.804744243621826,1.6347508430480957
1807.583333333,-3.922255039215088,1.630113959312439,-4.782875061035156,1.6342265605926514
1807.616666666,-3.878418207168579,1.631905436515808,-4.739137649536133,1.6348097324371338
1807.633333333,-3.8564863204956055,1.6307052373886108,-4.7172627449035645,1.63385009765625
1807.65,-3.8345565795898438,1.630940318107605,-4.695385932922363,1.6353892087936401
1807.666666666,-3.812648057937622,1.6319594383239746,-4.6735310554504395,1.6347886323928833
1807.683333333,-3.790717124938965,1.6317198276519775,-4.651662826538086,1.6359243392944336
1807.716666666,-3.746875524520874,1.631552815437317,-4.607922077178955,1.6344106197357178
1807.733333333,-3.724944591522217,1.6301623582839966,-4.586053371429443,1.634118914604187
1807.75,-3.7030105590820312,1.6297180652618408,-4.564167499542236,1.6350475549697876
1807.766666666,-3.6811065673828125,1.631781816482544,-4.542314529418945,1.6346932649612427
1807.783333333,-3.659175157546997,1.6301289796829224,-4.52044677734375,1.6341384649276733
1807.816666666,-3.6153411865234375,1.6322109699249268,-4.476711750030518,1.6352436542510986
1807.833333333,-3.593402624130249,1.6312363147735596,-4.454835891723633,1.6354190111160278
1807.85,-3.571470260620117,1.6303975582122803,-4.432951927185059,1.6353169679641724
1807.866666666,-3.549571990966797,1.632240891456604,-4.411104679107666,1.6352511644363403
1807.883333333,-3.5276334285736084,1.6304579973220825,-4.389226913452148,1.6345405578613281
1807.916666666,-3.4837987422943115,1.6318707466125488,-4.345494270324707,1.6348568201065063
1807.933333333,-3.4618632793426514,1.6302074193954468,-4.3236212730407715,1.634021520614624
1807.95,-3.4399330615997314,1.6298331022262573,-4.301745414733887,1.6344668865203857
1807.966666666,-3.4180235862731934,1.6316732168197632,-4.2798871994018555,1.6343910694122314
1807.983333333,-3.3960912227630615,1.6306253671646118,-4.258014678955078,1.6339442729949951
1808.016666666,-3.3522584438323975,1.6321654319763184,-4.214285850524902,1.6352152824401855
1808.033333333,-3.330317974090576,1.6300725936889648,-4.192411422729492,1.6344050168991089
1808.05,-3.308389663696289,1.6311503648757935,-4.170531272888184,1.635094165802002
1808.066666666,-3.2864816188812256,1.6319133043289185,-4.148678779602051,1.6346940994262695
1808.083333333,-3.2645490169525146,1.6299840211868286,-4.1268086433410645,1.6338043212890625
1808.116666666,-3.2207095623016357,1.6317440271377563,-4.083071708679199,1.6346321105957031
1808.133333333,-3.19877552986145,1.6307650804519653,-4.061197757720947,1.634123682975769
1808.15,-3.1768436431884766,1.630529522895813,-4.0393218994140625,1.6353086233139038
1808.166666666,-3.1549370288848877,1.6318442821502686,-4.017467498779297,1.6346919536590576
1808.183333333,-3.1330056190490723,1.629752278327942,-3.9955954551696777,1.6337511539459229
1808.216666666,-3.089167356491089,1.6319069862365723,-3.9518611431121826,1.6348364353179932
1808.233333333,-3.067234754562378,1.6300530433654785,-3.929985761642456,1.6329580545425415
1808.25,-3.0453009605407715,1.6301941871643066,-3.908107042312622,1.6345754861831665
1808.266666666,-3.0233943462371826,1.6316628456115723,-3.886254072189331,1.6344609260559082
1808.283333333,-3.001465082168579,1.6302965879440308,-3.8643810749053955,1.633520483970642
1808.316666666,-2.957623243331909,1.6318742036819458,-3.8206467628479004,1.6345677375793457
1808.333333333,-2.9356915950775146,1.6319864988327026,-3.798769474029541,1.6348750591278076
1808.35,-2.9137611389160156,1.630574107170105,-3.776895046234131,1.6357190608978271
1808.366666666,-2.8918561935424805,1.6319085359573364,-3.7550415992736816,1.634843349456787
1808.383333333,-2.8699238300323486,1.6305807828903198,-3.733165740966797,1.6337542533874512
1808.416666666,-2.8260836601257324,1.6314983367919922,-3.6894333362579346,1.6344350576400757
1808.433333333,-2.804155111312866,1.6315587759017944,-3.6675643920898438,1.6347620487213135
1808.45,-2.7822189331054688,1.6307095289230347,-3.645686388015747,1.6356477737426758
1808.466666666,-2.760310649871826,1.6318024396896362,-3.623830556869507,1.6346758604049683
1808.483333333,-2.7383813858032227,1.630670428276062,-3.601958990097046,1.6345936059951782
1808.516666666,-2.6945438385009766,1.6319135427474976,-3.5582220554351807,1.6348755359649658
1808.533333333,-2.672607898712158,1.630597710609436,-3.536348581314087,1.6352185010910034
1808.55,-2.6506829261779785,1.6293184757232666,-3.5144689083099365,1.6349070072174072
1808.566666666,-2.628774881362915,1.6316043138504028,-3.4926085472106934,1.6344388723373413
1808.583333333,-2.606847047805786,1.6292656660079956,-3.47074294090271,1.6331820487976074
1808.616666666,-2.5630009174346924,1.6317110061645508,-3.42700457572937,1.6344654560089111
1808.633333333,-2.5410704612731934,1.6297496557235718,-3.4051342010498047,1.633750081062317
1808.65,-2.519139289855957,1.6306898593902588,-3.383253335952759,1.635364055633545
1808.666666666,-2.4972310066223145,1.631561279296875,-3.3613972663879395,1.6344366073608398
1808.683333333,-2.4752981662750244,1.6319034099578857,-3.3395206928253174,1.6352365016937256
1808.716666666,-2.431462526321411,1.63176429271698,-3.295792818069458,1.6347941160202026
1808.733333333,-2.4095308780670166,1.6317111253738403,-3.27392315864563,1.6357002258300781
1808.75,-2.3889548778533936,1.522346019744873,-3.2533955574035645,1.528279185295105
1808.766666666,-2.370619058609009,1.3829818964004517,-3.235102653503418,1.386967658996582
1808.783333333,-2.3545925617218018,1.2409147024154663,-3.2191286087036133,1.2456028461456299
1808.816666666,-2.3281800746917725,1.0702584981918335,-3.192810297012329,1.073854923248291
1808.833333333,-2.3183093070983887,0.8152482509613037,-3.182990789413452,0.8207821846008301
1808.85,-2.3116888999938965,0.6715579628944397,-3.176414728164673,0.6780081987380981
1808.866666666,-2.3073549270629883,0.5370596647262573,-3.1721274852752686,0.5456752777099609
1808.883333333,-2.3053247928619385,0.39604899287223816,-3.170121431350708,0.40439939498901367
1808.916666666,-2.3051505088806152,-0.0158078595995903,-3.169929027557373,-0.052392151206731796
1808.933333333,-2.305382251739502,0.2871365249156952,-3.170313596725464,0.34248918294906616
1808.95,-2.3052873611450195,0.037655118852853775,-3.170212984085083,0.05060899257659912
1808.966666666,-2.3054628372192383,0.03377750515937805,-3.1704351902008057,0.03512217476963997
1808.983333333,-2.3054709434509277,0.049092136323451996,-3.1703927516937256,-0.025796040892601013
1809.016666666,-2.3056955337524414,0.05309457704424858,-3.1707475185394287,-0.03407815471291542
1809.033333333,-2.3059165477752686,0.012670320458710194,-3.171159267425537,0.025344688445329666
1809.05,-2.305915355682373,0.05200304836034775,-3.1711230278015137,-0.03339805826544762
1809.066666666,-2.30613112449646,0.012411958537995815,-3.171536922454834,0.02472553960978985
1809.083333333,-2.306126594543457,0.051735859364271164,-3.171495199203491,-0.033549074083566666
1809.116666666,-2.3063554763793945,0.05062107741832733,-3.171844244003296,-0.03302016481757164
1809.133333333,-2.3065786361694336,0.011658266186714172,-3.1722404956817627,0.026749923825263977
1809.15,-2.306580066680908,0.049581535160541534,-3.172197103500366,-0.032106511294841766
1809.166666666,-2.3068084716796875,0.012220277450978756,-3.172589063644409,0.028606288135051727
1809.183333333,-2.3068082332611084,0.04953678697347641,-3.172555923461914,-0.031629130244255066
1809.216666666,-2.307042360305786,0.04946507140994072,-3.172874927520752,-0.03301816061139107
1809.233333333,-2.3072779178619385,0.0108971381559968,-3.1732571125030518,0.02842995710670948
1809.25,-2.3072597980499268,0.04699729010462761,-3.1732375621795654,-0.030244620516896248
1809.266666666,-2.307500123977661,0.010977710597217083,-3.1736042499542236,0.03003557026386261
1809.283333333,-2.307502269744873,0.04631641134619713,-3.1735775470733643,-0.029378516599535942
1809.316666666,-2.30773663520813,0.046964943408966064,-3.1739039421081543,-0.030268410220742226
1809.333333333,-2.3079750537872314,0.010936664417386055,-3.174274444580078,0.03089911676943302
1809.35,-2.3079724311828613,0.046431057155132294,-3.1742324829101562,-0.030185922980308533
1809.366666666,-2.3082118034362793,0.01052728109061718,-3.1745998859405518,0.031555935740470886
1809.383333333,-2.308232307434082,0.047088462859392166,-3.174525260925293,-0.03114371746778488
1809.416666666,-2.3084731101989746,0.04487045109272003,-3.174862861633301,-0.02888597920536995
1809.433333333,-2.308716297149658,0.010552951134741306,-3.175222158432007,0.031917594373226166
1809.45,-2.3087158203125,0.04519600421190262,-3.1751818656921387,-0.029353851452469826
1809.466666666,-2.308959484100342,0.010159919038414955,-3.1755428314208984,0.03272130340337753
1809.483333333,-2.3089630603790283,0.04510015249252319,-3.1754868030548096,-0.029780151322484016
1809.516666666,-2.3092174530029297,0.04486498236656189,-3.175795078277588,-0.02927934005856514
1809.533333333,-2.3094632625579834,0.010105667635798454,-3.1761538982391357,0.03396423161029816
1809.55,-2.3094732761383057,0.050514139235019684,-3.1760945320129395,-0.04383314028382301
1809.566666666,-2.3103718757629395,-0.009619850665330887,-3.1760802268981934,0.060161128640174866
1809.583333333,-2.3110733032226562,0.14563687145709991,-3.1749908924102783,0.16434326767921448
1809.616666666,-2.314180612564087,-0.3295491635799408,-3.1722559928894043,0.08179246634244919
1809.633333333,-2.31687331199646,0.0827646404504776,-3.1695492267608643,0.4252769947052002
1809.65,-2.32096529006958,0.12405049055814743,-3.165851593017578,-0.09200695902109146
1809.666666666,-2.32553768157959,-0.7722529768943787,-3.1608076095581055,0.5894186496734619
1809.683333333,-2.3309755325317383,-0.30283117294311523,-3.155581474304199,0.42409178614616394
1809.716666666,-2.3442251682281494,-1.046937346458435,-3.1414363384246826,0.6501081585884094
1809.733333333,-2.3522748947143555,-0.21327489614486694,-3.1336944103240967,0.17888860404491425
1809.75,-2.3614633083343506,-0.6474050879478455,-3.1242778301239014,1.584126353263855
1809.766666666,-2.371678590774536,-0.31409111618995667,-3.114391803741455,0.626745343208313
1809.783333333,-2.38291597366333,-0.5049377083778381,-3.1033010482788086,1.8789788484573364
1809.816666666,-2.406534433364868,-2.1401355266571045,-3.0795834064483643,1.918555736541748
1809.833333333,-2.419243812561035,-0.76683509349823,-3.06659197807312,1.0128952264785767
1809.85,-2.433946132659912,-0.960713803768158,-3.0521180629730225,1.336387276649475
1809.866666666,-2.4482531547546387,-2.763374090194702,-3.0364670753479004,1.6403135061264038
1809.883333333,-2.4642484188079834,-0.7793943285942078,-3.02036190032959,1.2800920009613037
1809.916666666,-2.4979684352874756,-0.7367360591888428,-2.9860079288482666,1.3818832635879517
1809.933333333,-2.5168192386627197,-2.2702736854553223,-2.966909408569336,2.265145778656006
1809.95,-2.535886287689209,-0.8705536127090454,-2.947986364364624,1.4823355674743652
1809.966666666,-2.5555355548858643,-2.2318954467773438,-2.928157329559326,2.481236457824707
1809.983333333,-2.574636936187744,-0.8632658123970032,-2.909144639968872,1.4887542724609375
1810.016666666,-2.6134254932403564,-0.8632150292396545,-2.8702878952026367,1.4894298315048218
1810.033333333,-2.6331095695495605,-2.241569757461548,-2.8504536151885986,2.528870105743408
1810.05,-2.652214288711548,-0.8635005950927734,-2.8314268589019775,1.4896140098571777
1810.066666666,-2.6719000339508057,-2.242772340774536,-2.811593532562256,2.535926103591919
1810.083333333,-2.6910030841827393,-0.8636842370033264,-2.792564630508423,1.489775538444519
1810.116666666,-2.7297933101654053,-0.8642804026603699,-2.7537009716033936,1.4896360635757446
1810.133333333,-2.7494797706604004,-2.242293357849121,-2.733870029449463,2.5484535694122314
1810.15,-2.768583059310913,-0.8645296692848206,-2.7148373126983643,1.489837646484375
1810.166666666,-2.788270950317383,-2.2410223484039307,-2.6950085163116455,2.55381178855896
1810.183333333,-2.8073763847351074,-0.864906370639801,-2.6759753227233887,1.489884614944458
1810.216666666,-2.8461689949035645,-0.8652946949005127,-2.6371140480041504,1.4898608922958374
1810.233333333,-2.865859270095825,-2.240394353866577,-2.6172900199890137,2.5668880939483643
1810.25,-2.8849666118621826,-0.865669310092926,-2.5982558727264404,1.4899128675460815
1810.266666666,-2.9046688079833984,-2.215179204940796,-2.5784401893615723,2.586108922958374
1810.283333333,-2.9237706661224365,-0.8655633926391602,-2.55940318107605,1.4898889064788818
1810.316666666,-2.9625778198242188,-0.8657947778701782,-2.520557165145874,1.4899592399597168
1810.333333333,-2.982283592224121,-2.2152979373931885,-2.500750780105591,2.5988729000091553
1810.35,-3.001387357711792,-0.8662605285644531,-2.4817142486572266,1.4898072481155396
1810.366666666,-3.0210964679718018,-2.215935707092285,-2.4619126319885254,2.603186845779419
1810.383333333,-3.040201187133789,-0.8668689727783203,-2.4428768157958984,1.489575743675232
1810.416666666,-3.0790205001831055,-0.8671415448188782,-2.4040448665618896,1.4895919561386108
1810.433333333,-3.0987353324890137,-2.2153737545013428,-2.384251832962036,2.6133604049682617
1810.45,-3.1178464889526367,-0.867584764957428,-2.3652191162109375,1.489527702331543
1810.466666666,-3.1375629901885986,-2.2159950733184814,-2.3454301357269287,2.618626832962036
1810.483333333,-3.1566760540008545,-0.8680158257484436,-2.3263988494873047,1.489350438117981
1810.516666666,-3.195513963699341,-0.8684175610542297,-2.2875866889953613,1.4892630577087402
1810.533333333,-3.215238332748413,-2.2165744304656982,-2.267808198928833,2.625201463699341
1810.55,-3.2343568801879883,-0.8689051866531372,-2.2487809658050537,1.4890812635421753
1810.566666666,-3.254085063934326,-2.2156245708465576,-2.2290077209472656,2.6296260356903076
1810.583333333,-3.2732093334198,-0.8692170977592468,-2.2099850177764893,1.4890562295913696
1810.616666666,-3.3120675086975098,-0.8696832060813904,-2.1711959838867188,1.4888404607772827
1810.633333333,-3.3318047523498535,-2.214956045150757,-2.1514334678649902,2.635002374649048
1810.65,-3.350935220718384,-0.8701041340827942,-2.132416009902954,1.4886102676391602
1810.666666666,-3.3706772327423096,-2.214200258255005,-2.112659215927124,2.6375203132629395
1810.683333333,-3.3898112773895264,-0.8705261945724487,-2.0936458110809326,1.488407015800476
1810.716666666,-3.428694725036621,-0.8711769580841064,-2.054884910583496,1.4881080389022827
1810.733333333,-3.448446273803711,-2.215635299682617,-2.035140037536621,2.640770435333252
1810.75,-3.4675891399383545,-0.8715422749519348,-2.016134023666382,1.4879443645477295
1810.766666666,-3.4873440265655518,-2.215517044067383,-1.9963948726654053,2.643418550491333
1810.783333333,-3.5064918994903564,-0.8718574643135071,-1.9773937463760376,1.4878970384597778
1810.816666666,-3.5454046726226807,-0.8722339868545532,-1.9386636018753052,1.487634301185608
1810.833333333,-3.5651707649230957,-2.2137207984924316,-1.9189369678497314,2.6452581882476807
1810.85,-3.5843276977539062,-0.8726964592933655,-1.8999453783035278,1.4874074459075928
1810.866666666,-3.604097604751587,-2.2142200469970703,-1.8802242279052734,2.645977735519409
1810.883333333,-3.623260259628296,-0.8730802536010742,-1.8612382411956787,1.4872119426727295
1810.916666666,-3.6622047424316406,-0.8735236525535583,-1.822542428970337,1.48690927028656
1810.933333333,-3.6819870471954346,-2.213858127593994,-1.802834391593933,2.6464076042175293
1810.95,-3.701160430908203,-0.8737639784812927,-1.7838585376739502,1.4868329763412476
1810.966666666,-3.720949649810791,-2.213308095932007,-1.7641565799713135,2.6454010009765625
1810.983333333,-3.7401278018951416,-0.8741917610168457,-1.74518620967865,1.4866197109222412
1811.016666666,-3.7791054248809814,-0.8746991753578186,-1.7065263986587524,1.486295223236084
1811.033333333,-3.798905372619629,-2.2153804302215576,-1.6868367195129395,2.643465280532837
1811.05,-3.8180954456329346,-0.8751980066299438,-1.667878270149231,1.4860048294067383
1811.066666666,-3.8379006385803223,-2.2166647911071777,-1.648195505142212,2.642500638961792
1811.083333333,-3.85709547996521,-0.8757917881011963,-1.6292425394058228,1.4856281280517578
1811.116666666,-3.896108627319336,-0.876365602016449,-1.5906188488006592,1.4853103160858154
1811.133333333,-3.915926218032837,-2.2203054428100586,-1.5709493160247803,2.640241861343384
1811.15,-3.935133934020996,-0.8767545223236084,-1.5520081520080566,1.4851120710372925
1811.166666666,-3.954958200454712,-2.221815824508667,-1.5323445796966553,2.637871026992798
1811.183333333,-3.9741711616516113,-0.8773225545883179,-1.5134093761444092,1.4847190380096436
1811.216666666,-4.013221740722656,-0.8778116703033447,-1.4748231172561646,1.4844365119934082
1811.233333333,-4.033059120178223,-2.225889205932617,-1.4551721811294556,2.632859468460083
1811.25,-4.052285194396973,-0.8781572580337524,-1.4362499713897705,1.4842138290405273
1811.266666666,-4.072126388549805,-2.2266876697540283,-1.4166048765182495,2.631659746170044
1811.283333333,-4.0913591384887695,-0.8785708546638489,-1.397688865661621,1.4839990139007568
1811.316666666,-4.130448341369629,-0.8791271448135376,-1.3591407537460327,1.48365318775177
1811.333333333,-4.150301456451416,-2.232327461242676,-1.3395074605941772,2.6254446506500244
1811.35,-4.169548511505127,-0.8796299695968628,-1.320603847503662,1.4833393096923828
1811.366666666,-4.189410209655762,-2.234308958053589,-1.300977110862732,2.620901346206665
1811.383333333,-4.20866060256958,-0.8801132440567017,-1.2820796966552734,1.4829177856445312
1811.416666666,-4.247786521911621,-0.8804266452789307,-1.2435678243637085,1.482718825340271
1811.433333333,-4.267660140991211,-2.2384166717529297,-1.2239514589309692,2.6135950088500977
1811.45,-4.286925792694092,-0.8808527588844299,-1.2050676345825195,1.482546091079712
1811.466666666,-4.3068037033081055,-2.2412161827087402,-1.1854571104049683,2.6105024814605713
1811.483333333,-4.326074600219727,-0.8811812400817871,-1.1665797233581543,1.4822957515716553
1811.516666666,-4.365238189697266,-0.8815574049949646,-1.1281030178070068,1.4819804430007935
1811.533333333,-4.385128974914551,-2.2448856830596924,-1.108502984046936,2.6003053188323975
1811.55,-4.404415130615234,-0.8819583654403687,-1.0896387100219727,1.4816901683807373
1811.566666666,-4.424311637878418,-2.247861385345459,-1.070043921470642,2.5962042808532715
1811.583333333,-4.443604469299316,-0.8822778463363647,-1.051185965538025,1.481471061706543
1811.616666666,-4.482804775238037,-0.8826865553855896,-1.012743592262268,1.481184720993042
1811.633333333,-4.502714157104492,-2.2542755603790283,-0.9931581020355225,2.5845284461975098
1811.65,-4.5220160484313965,-0.8831242322921753,-0.9743124842643738,1.480796217918396
1811.666666666,-4.541932106018066,-2.257739305496216,-0.9547314643859863,2.5790953636169434
1811.683333333,-4.561240196228027,-0.8832911849021912,-0.9358917474746704,1.4806870222091675
1811.716666666,-4.600477695465088,-0.8836928009986877,-0.8974818587303162,1.4804139137268066
1811.733333333,-4.620403289794922,-2.2620952129364014,-0.8779094815254211,2.569035053253174
1811.75,-4.6397247314453125,-0.883830726146698,-0.8590823411941528,1.480312466621399
1811.766666666,-4.659655570983887,-2.2641727924346924,-0.8395137786865234,2.563596248626709
1811.783333333,-4.678985118865967,-0.8840620517730713,-0.820692777633667,1.4800297021865845
1811.816666666,-4.718250274658203,-0.8845441341400146,-0.7823074460029602,1.4800000190734863
1811.833333333,-4.738194942474365,-2.2661449909210205,-0.762744665145874,2.5489001274108887
1811.85,-4.757535934448242,-0.8846374750137329,-0.7439364790916443,1.479485034942627
1811.866666666,-4.777482509613037,-2.272104263305664,-0.7243781089782715,2.544492721557617
1811.883333333,-4.796828746795654,-0.8846530914306641,-0.7055748105049133,1.4794679880142212
1811.916666666,-4.836131572723389,-0.8850101828575134,-0.6672216057777405,1.4791641235351562
1811.933333333,-4.856088638305664,-2.278733253479004,-0.6476697325706482,2.532130479812622
1811.95,-4.875446319580078,-0.8849641680717468,-0.6288772225379944,1.4790608882904053
1811.966666666,-4.895395278930664,-2.3057363033294678,-0.6093207001686096,2.5119831562042236
1811.983333333,-4.914761543273926,-0.885473370552063,-0.5905348062515259,1.4789848327636719
1812.016666666,-4.954090595245361,-0.88555508852005,-0.5522005558013916,1.4788111448287964
1812.033333333,-4.974050998687744,-2.3081765174865723,-0.5326482653617859,2.4977855682373047
1812.05,-4.9934282302856445,-0.8855566382408142,-0.5138733983039856,1.478721022605896
1812.066666666,-5.013391494750977,-2.3094072341918945,-0.49432268738746643,2.4912290573120117
1812.083333333,-5.032774448394775,-0.8855865597724915,-0.47555309534072876,1.4785046577453613
1812.116666666,-5.072125434875488,-0.885674238204956,-0.437238872051239,1.4783329963684082
1812.133333333,-5.092095851898193,-2.3136510848999023,-0.417691707611084,2.477144956588745
1812.15,-5.111485958099365,-0.885696530342102,-0.3989311456680298,1.4781427383422852
1812.166666666,-5.131459712982178,-2.316267967224121,-0.3793850839138031,2.4704368114471436
1812.183333333,-5.150852680206299,-0.8858014941215515,-0.36062803864479065,1.477906584739685
1812.216666666,-5.190229415893555,-0.8857350945472717,-0.322331041097641,1.4777437448501587
1812.233333333,-5.210206508636475,-2.3200321197509766,-0.30278703570365906,2.4576644897460938
1812.25,-5.229608535766602,-0.8855260014533997,-0.2840387225151062,1.4777910709381104
1812.266666666,-5.249589920043945,-2.3206143379211426,-0.2644948661327362,2.4507272243499756
1812.283333333,-5.268993854522705,-0.8855092525482178,-0.24575042724609375,1.4775933027267456
1812.316666666,-5.308385372161865,-0.8854148983955383,-0.20746546983718872,1.477505087852478
1812.333333333,-5.328369617462158,-2.323906660079956,-0.18792268633842468,2.4387290477752686
1812.35,-5.347780704498291,-0.8851863145828247,-0.1691845953464508,1.4774105548858643
1812.366666666,-5.367766380310059,-2.3254904747009277,-0.1496412605047226,2.431335687637329
1812.383333333,-5.387178421020508,-0.8851062655448914,-0.13090573251247406,1.4772497415542603
1812.416666666,-5.426578521728516,-0.8848716616630554,-0.09262966364622116,1.4771084785461426
1812.433333333,-5.446566581726074,-2.327092409133911,-0.07308533787727356,2.4181039333343506
1812.45,-5.4659810066223145,-0.8847219347953796,-0.05435509234666824,1.476976990699768
1812.466666666,-5.4859700202941895,-2.3278086185455322,-0.034810278564691544,2.411994695663452
1812.483333333,-5.5053863525390625,-0.8844545483589172,-0.016082046553492546,1.4769411087036133
1812.516666666,-5.544792175292969,-0.8841854333877563,0.022190598770976067,1.4768179655075073
1812.533333333,-5.564782619476318,-2.32901668548584,0.04173843190073967,2.398488998413086
1812.55,-5.58419942855835,-0.8840534687042236,0.06046265363693237,1.4766405820846558
1812.566666666,-5.604186534881592,-2.33129620552063,0.08001164346933365,2.3953940868377686
1812.583333333,-5.6236042976379395,-0.8835347890853882,0.09873498231172562,1.4767392873764038
1812.616666666,-5.663010597229004,-0.8833531737327576,0.137008398771286,1.4766042232513428
1812.633333333,-5.682995796203613,-2.332982063293457,0.15656176209449768,2.382761240005493
1812.65,-5.702413082122803,-0.8829191327095032,0.17528319358825684,1.4766308069229126
1812.666666666,-5.722397327423096,-2.3322014808654785,0.19483894109725952,2.378155469894409
1812.683333333,-5.7418131828308105,-0.8824591636657715,0.21356026828289032,1.4765543937683105
1812.716666666,-5.7812113761901855,-0.8821234703063965,0.25183889269828796,1.4765260219573975
1812.733333333,-5.801190376281738,-2.3298819065093994,0.271400511264801,2.369138717651367
1812.75,-5.82060432434082,-0.8816019892692566,0.29012107849121094,1.4766485691070557
1812.766666666,-5.840582847595215,-2.3298733234405518,0.3096857964992523,2.363964557647705
1812.783333333,-5.8599934577941895,-0.8812854290008545,0.3284071385860443,1.4764643907546997
1812.816666666,-5.8993754386901855,-0.8806120753288269,0.36669740080833435,1.4767028093338013
1812.833333333,-5.919346332550049,-2.3275020122528076,0.38626980781555176,2.3543710708618164
1812.85,-5.938750743865967,-0.8803526759147644,0.4049929976463318,1.476491093635559
1812.866666666,-5.958718776702881,-2.328209161758423,0.42456865310668945,2.35174298286438
1812.883333333,-5.978119373321533,-0.879575252532959,0.4432934522628784,1.476644515991211
1812.916666666,-6.017482280731201,-0.8793041110038757,0.48160019516944885,1.4765403270721436
1812.933333333,-6.037440776824951,-2.325549602508545,0.5011845827102661,2.3437747955322266
1812.95,-6.0568342208862305,-0.8785467743873596,0.5199132561683655,1.4766902923583984
1812.966666666,-6.076789379119873,-2.322812795639038,0.5395029187202454,2.339501142501831
1812.983333333,-6.09617805480957,-0.8779893517494202,0.5582337975502014,1.4767823219299316
1813.016666666,-6.135513782501221,-0.877525269985199,0.5965614318847656,1.4768435955047607
1813.033333333,-6.155455589294434,-2.3208372592926025,0.6161618828773499,2.3347983360290527
1813.05,-6.174836158752441,-0.8767399191856384,0.6348983645439148,1.4770652055740356
1813.066666666,-6.194774627685547,-2.317591905593872,0.6545042395591736,2.331550359725952
1813.083333333,-6.214146137237549,-0.8762781023979187,0.6732446551322937,1.4769331216812134
1813.116666666,-6.253448009490967,-0.8757336735725403,0.7115997672080994,1.4771473407745361
1813.133333333,-6.273371696472168,-2.3141846656799316,0.7312160730361938,2.3292934894561768
1813.15,6.2736382484436035,-0.8748308420181274,0.7499648332595825,1.4773991107940674
1813.166666666,6.253718376159668,-2.309598684310913,0.769587516784668,2.3272316455841064
1813.183333333,6.234362602233887,-0.8743024468421936,0.7883400321006775,1.477433681488037
1813.216666666,6.1951003074646,-0.8735805749893188,0.8267267942428589,1.477620244026184
1813.233333333,6.175196647644043,-2.304044246673584,0.8463624715805054,2.3253848552703857
1813.25,6.155855655670166,-0.872892439365387,0.8651247024536133,1.4778270721435547
1813.266666666,6.135956287384033,-2.3003768920898438,0.8847673535346985,2.3238577842712402
1813.283333333,6.116621494293213,-0.8725275993347168,0.9035354256629944,1.477884292602539
1813.316666666,6.077403545379639,-0.8717162013053894,0.9419577717781067,1.4782648086547852
1813.333333333,6.057522773742676,-2.2963690757751465,0.9616133570671082,2.327104091644287
1813.35,6.038203716278076,-0.8709316849708557,0.9803933501243591,1.4785101413726807
1813.366666666,6.018326282501221,-2.291741132736206,1.0000559091567993,2.327157497406006
1813.383333333,5.999014854431152,-0.8703495860099792,1.018842101097107,1.4786293506622314
1813.416666666,5.95984411239624,-0.8698872923851013,1.057304859161377,1.478867769241333
1813.433333333,5.9399847984313965,-2.2872157096862793,1.0769823789596558,2.328500270843506
1813.45,5.920690059661865,-0.8691171407699585,1.0957821607589722,1.4792289733886719
1813.466666666,5.90083646774292,-2.2835757732391357,1.115466833114624,2.329832077026367
1813.483333333,5.8815484046936035,-0.8686168789863586,1.1342735290527344,1.4794557094573975
1813.516666666,5.84242582321167,-0.8679283261299133,1.1727794408798218,1.479828953742981
1813.533333333,5.8225860595703125,-2.279324769973755,1.192478060722351,2.3354709148406982
1813.55,5.803316116333008,-0.867272138595581,1.211300015449524,1.480149745941162
1813.566666666,5.783487319946289,-2.274815320968628,1.2310059070587158,2.339599370956421
1813.583333333,5.764224529266357,-0.8666034936904907,1.2498347759246826,1.4805768728256226
1813.616666666,5.7251482009887695,-0.866100013256073,1.2883855104446411,1.480827808380127
1813.633333333,5.7053351402282715,-2.270021677017212,1.3081064224243164,2.3463292121887207
1813.65,5.686087608337402,-0.8654769659042358,1.326951265335083,1.481323003768921
1813.666666666,5.666282653808594,-2.26826548576355,1.3466801643371582,2.3493800163269043
1813.683333333,5.6470441818237305,-0.8648839592933655,1.3655329942703247,1.4817252159118652
1813.716666666,5.6097798347473145,-0.7936594486236572,1.4027291536331177,1.4387866258621216
1813.733333333,5.592583656311035,-3.32084584236145,1.4201632738113403,2.865250825881958
1813.75,5.576869010925293,-0.6869129538536072,1.4358810186386108,1.2630668878555298
1813.766666666,5.561680316925049,-2.8468053340911865,1.4512290954589844,2.505157232284546
1813.783333333,5.547776699066162,-0.6519774198532104,1.4651614427566528,1.1033706665039062
1813.816666666,5.521618366241455,-0.6381268501281738,1.4914791584014893,0.9914445281028748
1813.833333333,5.5096869468688965,-1.8594640493392944,1.5035991668701172,0.6006536483764648
1813.85,5.499352931976318,-1.1555074453353882,1.5146870613098145,0.5399206876754761
1813.866666666,5.489622116088867,-1.3256945610046387,1.5248136520385742,0.6982831954956055
1813.883333333,5.480963230133057,-1.0917997360229492,1.5339211225509644,0.7052311301231384
1813.916666666,5.465159893035889,-0.4346993565559387,1.5499566793441772,1.098311185836792
1813.933333333,5.458568572998047,-0.8906040787696838,1.5566385984420776,0.9838027358055115
1813.95,5.453116416931152,-0.6704026460647583,1.5622085332870483,0.1963500827550888
1813.966666666,5.44845724105835,-0.5186053514480591,1.5671358108520508,0.5533792972564697
1813.983333333,5.444819927215576,-0.2943120300769806,1.570598840713501,0.4152393341064453
1814.016666666,5.4388346672058105,0.19172899425029755,1.5764273405075073,-0.015774033963680267
1814.033333333,5.437250137329102,0.2012546956539154,1.5781692266464233,0.3284665048122406
1814.05,5.436624050140381,0.24400290846824646,1.578832745552063,0.17509444057941437
1814.066666666,5.4367170333862305,0.0020966497249901295,1.5789034366607666,0.05472389608621597
1814.083333333,5.436233997344971,0.028633203357458115,1.578342080116272,0.006418668199330568
1814.116666666,5.43602180480957,0.030362138524651527,1.5779526233673096,0.018154766410589218
1814.133333333,5.436028480529785,0.0416206419467926,1.577992558479309,-0.034605663269758224
1814.15,5.435816287994385,0.03048919327557087,1.5775845050811768,0.019044304266572
1814.166666666,5.435819149017334,0.04086417704820633,1.5776277780532837,-0.03378022462129593
1814.183333333,5.435607433319092,0.03108661249279976,1.5772217512130737,0.020960036665201187
1814.216666666,5.435402870178223,0.030898993834853172,1.5768632888793945,0.021092891693115234
1814.233333333,5.435428142547607,0.04015304148197174,1.5769200325012207,-0.033929064869880676
1814.25,5.435213088989258,0.029786089435219765,1.5765273571014404,0.021473173052072525
1814.266666666,5.435223579406738,0.03807508200407028,1.5765634775161743,-0.03131791204214096
1814.283333333,5.4350056648254395,0.03026600182056427,1.576175332069397,0.022937240079045296
1814.316666666,5.434803009033203,0.03014170005917549,1.5758379697799683,0.023894816637039185
1814.333333333,5.434803485870361,0.037366729229688644,1.5758841037750244,-0.030652130022644997
1814.35,5.434579372406006,0.029943179339170456,1.5755032300949097,0.023911738768219948
1814.366666666,5.4345879554748535,0.037398017942905426,1.5755560398101807,-0.03099868632853031
1814.383333333,5.434360980987549,0.029483135789632797,1.5751806497573853,0.024683507159352303
1814.416666666,5.434172630310059,0.02920452691614628,1.5748872756958008,0.0254799947142601
1814.433333333,5.434173107147217,0.03627623990178108,1.574936032295227,-0.02978609874844551
1814.45,5.4339470863342285,0.029777221381664276,1.5745608806610107,0.026221157982945442
1814.466666666,5.433950901031494,0.035575903952121735,1.574608564376831,-0.02922634221613407
1814.483333333,5.433720111846924,0.030107727274298668,1.5742361545562744,0.02659127674996853
1814.516666666,5.433476448059082,0.02944251149892807,1.57390296459198,0.02614440768957138
1814.533333333,5.433475494384766,0.033996857702732086,1.5739352703094482,-0.02752966620028019
1814.55,5.433239936828613,0.029508067294955254,1.5735734701156616,0.027083447203040123
1814.566666666,5.4332685470581055,0.033787451684474945,1.5736204385757446,-0.028193999081850052
1814.583333333,5.4330315589904785,0.029881227761507034,1.5732619762420654,0.02820114605128765
1814.616666666,5.432801246643066,0.028951436281204224,1.572949767112732,0.027726732194423676
1814.633333333,5.432827472686768,0.03350644186139107,1.5730087757110596,-0.02834799699485302
1814.65,5.432589530944824,0.028803113847970963,1.5726566314697266,0.02857362851500511
1814.666666666,5.432584285736084,0.03241557255387306,1.5726962089538574,-0.026057906448841095
1814.683333333,5.432343006134033,0.02901603654026985,1.5723443031311035,0.028048286214470863
1814.716666666,5.432133197784424,0.02832544595003128,1.5720574855804443,0.02821703627705574
1814.733333333,5.4321441650390625,0.032016679644584656,1.5720986127853394,-0.02614453062415123
1814.75,5.43189811706543,0.028731120750308037,1.571753740310669,0.029163001105189323
1814.766666666,5.431908130645752,0.03073902241885662,1.5717787742614746,-0.0248336810618639
1814.783333333,5.4316606521606445,0.02852003276348114,1.571438193321228,0.028882471844553947
1814.816666666,5.4314446449279785,0.028542285785079002,1.5711486339569092,0.03003137744963169
1814.833333333,5.431435585021973,0.03061854839324951,1.5711826086044312,-0.024360639974474907
1814.85,5.431185245513916,0.028913352638483047,1.5708385705947876,0.030210591852664948
1814.866666666,5.431197166442871,0.03015543706715107,1.570881724357605,-0.02525234967470169
1814.883333333,5.430943012237549,0.02825670689344406,1.5705357789993286,0.029578760266304016
1814.916666666,5.430688381195068,0.02812105603516102,1.5702298879623413,0.03011869452893734
1814.933333333,5.430704593658447,0.03064315766096115,1.5702776908874512,-0.02537073940038681
1814.95,5.430459022521973,0.027899863198399544,1.5699362754821777,0.030196966603398323
1814.966666666,5.430478096008301,0.03067670576274395,1.5699936151504517,-0.025706643238663673
1814.983333333,5.430229663848877,0.0289369598031044,1.5696520805358887,0.031485188752412796
1815.016666666,5.429986953735352,0.02805258147418499,1.5693668127059937,0.030881550163030624
1815.033333333,5.43000602722168,0.029662877321243286,1.5694098472595215,-0.024595044553279877
1815.05,5.429752349853516,0.027750682085752487,1.5690792798995972,0.030840447172522545
1815.066666666,5.429759502410889,0.0296418946236372,1.569120168685913,-0.024122752249240875
1815.083333333,5.429506301879883,0.028186360374093056,1.5687865018844604,0.03134690970182419
1815.116666666,5.429269313812256,0.02774224244058132,1.5685032606124878,0.03125574067234993
1815.133333333,5.429278373718262,0.028286417946219444,1.568526268005371,-0.022620737552642822
1815.15,5.429016590118408,0.027719520032405853,1.568200707435608,0.031219420954585075
1815.166666666,5.429040431976318,0.0290598813444376,1.5682462453842163,-0.024295512586832047
1815.183333333,5.4287824630737305,0.02728714607656002,1.5679214000701904,0.031653840094804764
1815.216666666,5.4285359382629395,0.027672329917550087,1.5676277875900269,0.03164536878466606
1815.233333333,5.428544998168945,0.029231291264295578,1.5676802396774292,-0.024182716384530067
1815.25,5.428287506103516,0.028022250160574913,1.5673496723175049,0.03240090236067772
1815.266666666,5.428293704986572,0.02802562341094017,1.5673956871032715,-0.023343468084931374
1815.283333333,5.428032875061035,0.02697405219078064,1.567063331604004,0.031283389776945114
1815.316666666,5.42778205871582,0.027359919622540474,1.566780686378479,0.03173941373825073
1815.333333333,5.427789688110352,0.02777172066271305,1.5668129920959473,-0.022280197590589523
1815.35,5.427524566650391,0.027238240465521812,1.5664931535720825,0.03213712200522423
1815.366666666,5.427534103393555,0.027968939393758774,1.5665340423583984,-0.02289079688489437
1815.383333333,5.427276134490967,0.02743963897228241,1.566208839416504,0.032020095735788345
1815.416666666,5.427023887634277,0.02716081216931343,1.5659310817718506,0.03220953047275543
1815.433333333,5.427034854888916,0.028164949268102646,1.5659780502319336,-0.02322707138955593
1815.45,5.426777362823486,0.02679438702762127,1.5656555891036987,0.032092027366161346
1815.466666666,5.426800727844238,0.027569472789764404,1.5656989812850952,-0.02291838452219963
1815.483333333,5.426540374755859,0.027042653411626816,1.5653791427612305,0.032632045447826385
1815.516666666,5.426305770874023,0.02715584635734558,1.565120816230774,0.032861944288015366
1815.533333333,5.426332473754883,0.027866747230291367,1.5651799440383911,-0.02349962294101715
1815.55,5.426076412200928,0.027000097557902336,1.5648584365844727,0.03279507905244827
1815.566666666,5.426085472106934,0.02697206288576126,1.5648984909057617,-0.023272588849067688
1815.583333333,5.425820350646973,0.027620239183306694,1.5645761489868164,0.03364943340420723
1815.616666666,5.425571441650391,0.026891199871897697,1.5643010139465332,0.033072881400585175
1815.633333333,5.4255852699279785,0.02744576334953308,1.564353108406067,-0.02279493398964405
1815.65,5.425321578979492,0.02687980607151985,1.5640339851379395,0.032980553805828094
1815.666666666,5.4253249168396,0.027435876429080963,1.5640805959701538,-0.02248544432222843
1815.683333333,5.425059795379639,0.027171187102794647,1.5637617111206055,0.03362158313393593
1815.716666666,5.424816131591797,0.026680098846554756,1.5634936094284058,0.03327355161309242
1815.733333333,5.424839496612549,0.027240809053182602,1.5635510683059692,-0.023022932931780815
1815.75,5.424577236175537,0.026907021179795265,1.563233494758606,0.03308926522731781
1815.766666666,5.424587249755859,0.027004128322005272,1.5632820129394531,-0.02218446135520935
1815.783333333,5.424322605133057,0.02673586644232273,1.5629624128341675,0.032906413078308105
1815.816666666,5.424065589904785,0.027261925861239433,1.5626815557479858,0.03394744172692299
1815.833333333,5.424078941345215,0.026420481503009796,1.5627241134643555,-0.022108783945441246
1815.85,5.423807621002197,0.02595948427915573,1.562403917312622,0.03286221623420715
1815.866666666,5.423823833465576,0.02626754157245159,1.5624412298202515,-0.02167939394712448
1815.883333333,5.42355489730835,0.026449382305145264,1.5621296167373657,0.033481888473033905
1815.916666666,5.42332124710083,0.026612525805830956,1.561858057975769,0.03334258496761322
1815.933333333,5.42332649230957,0.026724865660071373,1.5619087219238281,-0.02191266231238842
1815.95,5.4230570793151855,0.026653647422790527,1.5615935325622559,0.03420946002006531
1815.966666666,5.4230828285217285,0.025632048025727272,1.5616384744644165,-0.021928930655121803
1815.983333333,5.422814846038818,0.025876810774207115,1.5613181591033936,0.03324592486023903
1816.016666666,5.422563552856445,0.02620675414800644,1.5610564947128296,0.03362201526761055
1816.033333333,5.422576904296875,0.02739252895116806,1.561126708984375,-0.023140376433730125
1816.05,5.422316551208496,0.027109408751130104,1.560805320739746,0.034412775188684464
1816.066666666,5.42232084274292,0.026090240105986595,1.560849666595459,-0.021643677726387978
1816.083333333,5.422048568725586,0.02617534250020981,1.5605281591415405,0.033420074731111526
1816.116666666,5.421796798706055,0.026200799271464348,1.5602593421936035,0.03381418436765671
1816.133333333,5.421806812286377,0.025101281702518463,1.560286521911621,-0.020176749676465988
1816.15,5.421535968780518,0.026563378050923347,1.559975028038025,0.033625051379203796
1816.166666666,5.421546936035156,0.02577114664018154,1.5600084066390991,-0.02090257965028286
1816.183333333,5.421270370483398,0.0265686996281147,1.5597007274627686,0.034300513565540314
1816.216666666,5.421014785766602,0.026034841313958168,1.5594205856323242,0.03341763839125633
1816.233333333,5.42102575302124,0.026248373091220856,1.5594695806503296,-0.02178247459232807
1816.25,5.4207539558410645,0.0268253181129694,1.559156894683838,0.034695882350206375
1816.266666666,5.420751571655273,0.02549077197909355,1.559187650680542,-0.0206263680011034
1816.283333333,5.420474529266357,0.02587176486849785,1.5588712692260742,0.033754244446754456
1816.316666666,5.420213222503662,0.026242701336741447,1.5586035251617432,0.03387552499771118
1816.333333333,5.420227527618408,0.025424251332879066,1.5586440563201904,-0.020860975608229637
1816.35,5.419960021972656,0.025959525257349014,1.558332920074463,0.0336214117705822
1816.366666666,5.4199700355529785,0.026208631694316864,1.558387041091919,-0.021860826760530472
1816.383333333,5.419702529907227,0.02654159441590309,1.558072805404663,0.034462377429008484
1816.416666666,5.41943359375,0.025981685146689415,1.5578079223632812,0.03362918272614479
1816.433333333,5.419438362121582,0.025489162653684616,1.5578421354293823,-0.020608963444828987
1816.45,5.419163227081299,0.02637527883052826,1.5575319528579712,0.03438848257064819
1816.466666666,5.41918420791626,0.02472197264432907,1.557563066482544,-0.02066938765347004
1816.483333333,5.418900489807129,0.02578173764050007,1.5572540760040283,0.03377465158700943
1816.516666666,5.418642044067383,0.02566872350871563,1.5569825172424316,0.033652108162641525
1816.533333333,5.4186553955078125,0.024846138432621956,1.5570094585418701,-0.020131299272179604
1816.55,5.418381690979004,0.025937490165233612,1.5567039251327515,0.0337563082575798
1816.566666666,5.418385982513428,0.025804413482546806,1.5567480325698853,-0.021131712943315506
1816.583333333,5.418118000030518,0.025978004559874535,1.5564370155334473,0.03403358906507492
1816.616666666,5.417872905731201,0.02622200921177864,1.5561749935150146,0.034060124307870865
1816.633333333,5.417886257171631,0.02531944215297699,1.556221604347229,-0.022251125425100327
1816.65,5.4176106452941895,0.02618274837732315,1.5559139251708984,0.034131310880184174
1816.666666666,5.417623043060303,0.025317635387182236,1.5559613704681396,-0.022276071831583977
