t,x,y,qx,qy,qz,qw,yaw,v,omega
1771.133333333,-0.16105644996878157,-0.7053721030785638,0.0,0.0,-0.33122730600428524,0.9435509905443074,-0.6752080193404965,-0.00031546193751385226,5.179925331891915e-05
1771.166666666,-0.16106468996897638,-0.7053655047388956,0.0,0.0,-0.33122690906556257,0.9435511298869148,-0.6752071779684935,-0.0003142345586962414,2.897246526059402e-05
1771.216666666,-0.1610721881381406,-0.7053595004385766,0.0,0.0,-0.3312273922953041,0.943550960252414,-0.6752082022474535,-0.00031589663419333123,3.2703767283047464e-05
1771.233333333,-0.16108116667763311,-0.7053523107669516,0.0,0.0,-0.3312246482395461,0.9435519235307557,-0.6752023858062164,-0.0003151039520383231,4.038585932962143e-05
1771.266666666,-0.16108917383566082,-0.7053458989215,0.0,0.0,-0.33122545937581654,0.943551638788932,-0.6752041051316134,-0.00031472039610930036,3.972739446826726e-05
1771.316666666,-0.16109640920988866,-0.7053401050733449,0.0,0.0,-0.33122751310272597,0.9435509178437502,-0.6752084583171937,-0.00031378707677281824,2.557039606772086e-05
1771.333333333,-0.16110544096361332,-0.7053328727659349,0.0,0.0,-0.3312260461550936,0.9435514328050505,-0.675205348898922,-0.00031432405500784685,9.986723631689459e-06
1771.366666666,-0.16111380075288478,-0.7053261785670015,0.0,0.0,-0.33122506243682115,0.9435517781307626,-0.6752032637596106,-0.0003152445891739435,1.7449326820243457e-05
1771.416666666,-0.16112111932763246,-0.7053203181669722,0.0,0.0,-0.3312240269435138,0.9435521416304042,-0.675201068876125,-0.0003139660695661085,3.632532443308578e-05
1771.433333333,-0.16113018107701338,-0.7053130619551732,0.0,0.0,-0.33122223208750284,0.9435527716937577,-0.6751972644114165,-0.00031460532936853177,2.425346550234683e-05
1771.466666666,-0.16113862741319335,-0.7053062985652291,0.0,0.0,-0.3312213864337746,0.9435530685493467,-0.6751954719232364,-0.0003179806210854688,4.53243459386275e-05
1771.516666666,-0.16114614561836554,-0.7053002783772332,0.0,0.0,-0.3312211793348617,0.9435531412485592,-0.6751950329465392,-0.0003191952147388935,6.079827460163919e-05
1771.533333333,-0.16115515085573343,-0.7052930675010588,0.0,0.0,-0.3312197469002781,0.9435536440835337,-0.6751919966910506,-0.0003189906516020581,6.035929791279385e-05
1771.566666666,-0.16116351738183962,-0.7052863680788722,0.0,0.0,-0.33121952254298503,0.9435537228406219,-0.675191521132962,-0.000319041792312625,5.0701810189831654e-05
1771.616666666,-0.161170892551416,-0.7052804624466413,0.0,0.0,-0.3312203681972997,0.9435534259867033,-0.675193313621142,-0.0003181212582376921,2.4582697297560936e-05
1771.633333333,-0.161179944379362,-0.7052732142992785,0.0,0.0,-0.33121827994840736,0.9435541590327597,-0.6751888872727791,-0.00031804454706045045,2.8313999148810327e-05
1771.666666666,-0.16118814792038152,-0.7052666454285764,0.0,0.0,-0.3312176241343709,0.9435543892446172,-0.675187497179905,-0.00031617790846653947,2.5899627691534218e-05
1771.716666666,-0.16119576928069734,-0.7052605426993974,0.0,0.0,-0.3312199539993014,0.9435535713846356,-0.675192435667748,-0.000317993406274749,7.901583040890154e-06
1771.733333333,-0.1612047545765984,-0.7052533478289643,0.0,0.0,-0.3312185560805854,0.943554062101315,-0.6751894725750421,-0.0003178399839221641,7.462606352759554e-06
1771.766666666,-0.16121297808545856,-0.7052467629854584,0.0,0.0,-0.3312173825186329,0.9435544740593972,-0.675186985040425,-0.00031674045717240744,1.9534465493133e-05
1771.816666666,-0.1612200405787037,-0.7052411077851171,0.0,0.0,-0.3312187114049231,0.9435540075773418,-0.6751898018075649,-0.0003155770042947951,2.2717046204200716e-05
1771.833333333,-0.16122918225190444,-0.7052337877476115,0.0,0.0,-0.3312166404130162,0.9435547345615487,-0.6751854120405937,-0.00031626740488237634,2.2497557860140357e-05
1771.866666666,-0.16123748561164017,-0.7052271389873033,0.0,0.0,-0.331216536863379,0.9435547709106398,-0.6751851925522452,-0.0003170345167020666,1.547393041189468e-05
1771.916666666,-0.16124486414088984,-0.7052212307325265,0.0,0.0,-0.33121902205357157,0.9435538985293186,-0.6751904602726109,-0.00031579435266658646,1.6681116209576974e-05
1771.933333333,-0.16125396921451718,-0.7052139399886537,0.0,0.0,-0.3312171409028733,0.9435545588741152,-0.6751864729009452,-0.0003167148867820959,2.2826789846264366e-05
1771.966666666,-0.16126219937745712,-0.7052073498185476,0.0,0.0,-0.33121689928709186,0.9435546436887714,-0.6751859607614652,-0.00031676602758471523,1.0974419840105935e-05
1772.016666666,-0.16126951137533452,-0.70520149484154,0.0,0.0,-0.3312184870475437,0.9435540863341837,-0.6751893262494767,-0.00031883722934000894,1.0096466391056971e-05
1772.033333333,-0.16127862310602217,-0.7051941987747893,0.0,0.0,-0.3312171926776808,0.9435545406995379,-0.6751865826451194,-0.00031860709581113154,2.1949090275787283e-07
1772.066666666,-0.1612867201891887,-0.7051877151389562,0.0,0.0,-0.3312182626901454,0.9435541650909723,-0.6751888506913881,-0.0003170217315209767,-1.4705716672743844e-05
1772.116666666,-0.16129460101557666,-0.7051814046186344,0.0,0.0,-0.3312203509390513,0.943553432044954,-0.6751932770397511,-0.0003175075690721002,-1.9314971611158708e-05
1772.133333333,-0.16130340002419497,-0.7051743589266541,0.0,0.0,-0.33121743429343586,0.9435544558848066,-0.6751870947845996,-0.0003151550929982782,-6.145670960241924e-06
1772.166666666,-0.16131156365879648,-0.7051678220381062,0.0,0.0,-0.3312166404130163,0.9435547345615487,-0.6751854120405939,-0.0003146436850827143,8.779559480681176e-07
1772.216666666,-0.16132249920132377,-0.7051590672249112,0.0,0.0,-0.331139374016447,0.9435818538823199,-0.6750216371511677,-0.000328374986062297,0.0005168950677257234
1772.233333333,-0.1613418751416122,-0.7051435620623243,0.0,0.0,-0.33100545989688535,0.9436288388547964,-0.6747378021350728,-0.000407234075290276,0.0022034435044240696
1772.266666666,-0.16134124401392536,-0.7051440693535613,0.0,0.0,-0.33042153787910156,0.9438334637559793,-0.6735003268258235,-0.0003401373633862858,0.009641903763214981
1772.316666666,-0.16134367756469886,-0.7051421174787257,0.0,0.0,-0.3285754876610984,0.9444777122347945,-0.6695898492448812,-0.0003466578119196596,0.02470121879882219
1772.333333333,-0.16133778397297383,-0.7051467742191938,0.0,0.0,-0.32773251079194066,0.9447705548809248,-0.667805061447772,-0.00023395630875185886,0.03537285183714882
1772.366666666,-0.1613283007674905,-0.7051542156549192,0.0,0.0,-0.32565326275516066,0.9454892661775269,-0.6634051431402098,-9.888070548444268e-05,0.06176226554538798
1772.416666666,-0.1613371413118921,-0.7051473778331916,0.0,0.0,-0.32139462394294477,0.9469453499017634,-0.654403761349009,-9.902134212689626e-05,0.09606028297816319
1772.433333333,-0.16134448190736997,-0.705141766885691,0.0,0.0,-0.3197202206471316,0.9475119949158161,-0.6508683893557763,-5.561559011433496e-06,0.11556950445082695
1772.466666666,-0.16134822261381918,-0.7051389590628314,0.0,0.0,-0.3159065733296848,0.9487903018723877,-0.6428240133457411,-3.8483439737973645e-05,0.15641090904834165
1772.516666666,-0.1613657022712473,-0.7051260453520477,0.0,0.0,-0.3092410877989574,0.9509836747373309,-0.6287898003031749,-9.570358628741662e-05,0.19698042185510065
1772.533333333,-0.16134718555860103,-0.7051394399196512,0.0,0.0,-0.30681876106542455,0.9517679590416342,-0.6236975425814336,-3.6501747372600636e-06,0.2168252410060186
1772.566666666,-0.16134567249647405,-0.7051404890208459,0.0,0.0,-0.30141268901815055,0.953493781258613,-0.6123478000767735,-6.492962055132728e-05,0.2585241866108738
1772.616666666,-0.1613577362233288,-0.7051321628991793,0.0,0.0,-0.2929403491422056,0.9561307190151578,-0.5946013074320254,-8.742517295090746e-05,0.2944772009649978
1772.633333333,-0.16136050255383158,-0.7051303043780083,0.0,0.0,-0.290043578119883,0.9570134391905974,-0.5885447459415285,-5.198460950381127e-05,0.30960433764556095
1772.666666666,-0.1613684084419235,-0.7051250881534614,0.0,0.0,-0.2843387327533392,0.9587238836371113,-0.5766332412993942,-8.075129988299153e-05,0.33280710967022314
1772.716666666,-0.16138196753354903,-0.7051164336453568,0.0,0.0,-0.2758114978408722,0.9612117444448828,-0.5588676897497118,-5.622929358090611e-05,0.34806506161831524
1772.733333333,-0.16138554063003763,-0.7051142141553411,0.0,0.0,-0.2728983804210566,0.9620428649304377,-0.5528089699571207,-0.00021858849820251603,0.35386383392744525
1772.766666666,-0.16139479060566883,-0.7051085752291463,0.0,0.0,-0.26716359446868027,0.9636511888596281,-0.5408968617220273,-0.0002946348476028854,0.35723802831125384
1772.816666666,-0.16141040376275687,-0.7050993781112127,0.0,0.0,-0.2585932253994906,0.9659863062059877,-0.5231312187188666,-0.00030733694011943755,0.35734672991389604
1772.833333333,-0.1614146160034337,-0.7050969657745688,0.0,0.0,-0.2556654932655196,0.9667653053111177,-0.5170720233681869,-0.00031646557009840857,0.35736253307517296
1772.866666666,-0.16142520827374532,-0.7050910178638136,0.0,0.0,-0.24990271778447287,0.9682709494991235,-0.5051595676098752,-0.00033252377679496493,0.35736823977236565
1772.916666666,-0.16144289569197778,-0.7050814335827466,0.0,0.0,-0.24129175409348355,0.9704526208973264,-0.48739343075793007,-0.0003488057241995315,0.35737005055077703
1772.933333333,-0.16144772510465935,-0.7050788924912802,0.0,0.0,-0.23835040149033251,0.9711792245046211,-0.4813338878840318,-0.00035631063428006714,0.35737498903852105
1772.966666666,-0.16145965966288142,-0.7050727412744028,0.0,0.0,-0.23256137615806316,0.9725817221804386,-0.4694208834048486,-0.00037187021831846964,0.35738036650332866
1773.016666666,-0.161479437993454,-0.7050629215712416,0.0,0.0,-0.22391259035525565,0.9746092303484507,-0.4516543075762063,-0.00038789646179766704,0.3573834942123075
1773.033333333,-0.1614848408806477,-0.7050603208408168,0.0,0.0,-0.2209584117852251,0.9752832307906001,-0.44559412452795805,-0.00039474932687973764,0.3573894203976004
1773.066666666,-0.16149806717653079,-0.7050540916132626,0.0,0.0,-0.2151450709834994,0.9765821002002366,-0.43368075423486063,-0.000409580154685062,0.35739490760648807
1773.116666666,-0.161519897760983,-0.7050442087982168,0.0,0.0,-0.2064609799547971,0.9784548348064436,-0.4159132455807369,-0.0004253187312417108,0.3573994071181347
1773.133333333,-0.16152587612998304,-0.7050415898958691,0.0,0.0,-0.2034949872269108,0.9790759879465533,-0.4098525686837043,-0.00043173689965757603,0.35740621125630856
1773.166666666,-0.16154038427624495,-0.7050353804768051,0.0,0.0,-0.1976589248361667,0.9802708551378086,-0.3979383021465169,-0.00044586454166183683,0.3574137836045842
1773.216666666,-0.16156413708144396,-0.7050256345969796,0.0,0.0,-0.18894251177737098,0.9819881502560294,-0.3801702996436088,-0.00046061226550817805,0.35741844773201503
1773.233333333,-0.1615706569135496,-0.7050230520939418,0.0,0.0,-0.18596540712556345,0.9825562922055018,-0.37410863504900765,-0.0004667108040233658,0.35742733700995427
1773.266666666,-0.16158639541815809,-0.7050169720271562,0.0,0.0,-0.18010843748743577,0.983646761162682,-0.3621933808142517,-0.000480224756604267,0.3574386406603909
1773.316666666,-0.16161202660502497,-0.7050075109501299,0.0,0.0,-0.1713623744628152,0.9852080676783285,-0.34442466497421087,-0.0004939208980649278,0.35744163118920796
1773.333333333,-0.16161897389947089,-0.7050050425372457,0.0,0.0,-0.1683753661717732,0.9857229509687402,-0.33836254311221686,-0.0004989966208967851,0.3574503009792991
1773.366666666,-0.1616358378610278,-0.704999210994784,0.0,0.0,-0.16249944598977836,0.9867086348324996,-0.3264464840868493,-0.0005113726909721921,0.35746105590879323
1773.416666666,-0.1616629736048035,-0.704990281884824,0.0,0.0,-0.15372658180086773,0.9881134236755521,-0.3086771737991978,-0.000523477075487925,0.35746454028590857
1773.433333333,-0.1616700239871605,-0.7049880572549349,0.0,0.0,-0.15073058151972252,0.9885748792047704,-0.30261451236168024,-0.0005257592329826048,0.3574705213432877
1773.466666666,-0.16168798291248446,-0.7049825567155151,0.0,0.0,-0.14483718191412748,0.989455502150134,-0.290696834609742,-0.0005372211614737746,0.3574850624467515
1773.516666666,-0.16171682642508517,-0.7049741954858568,0.0,0.0,-0.13604031118602714,0.9907033025746956,-0.27292692072913194,-0.000548676697277385,0.3574882450278623
1773.533333333,-0.16172421161331932,-0.7049721524081431,0.0,0.0,-0.13303615617425388,0.991111185059668,-0.26686348193704645,-0.0005504154839399966,0.357496146608253
1773.566666666,-0.16174271659634268,-0.7049671993954695,0.0,0.0,-0.12712801632639664,0.9918863178131431,-0.25494592307463043,-0.0005582911647891835,0.3575051456308417
1773.616666666,-0.16177281558063816,-0.7049596278305905,0.0,0.0,-0.11830961150968573,0.9929767549265326,-0.23717472884532034,-0.0005689380369246595,0.3575114833574081
1773.633333333,-0.16178042764231879,-0.704957812222748,0.0,0.0,-0.11529813225695679,0.9933309321158067,-0.23111025662892704,-0.0005715334317218998,0.35752234802994887
1773.666666666,-0.16179960032699603,-0.7049534079722086,0.0,0.0,-0.10937675315857175,0.9940003651249273,-0.21919203930146527,-0.0005768712510990535,0.35752558548340085
1773.716666666,-0.16183074867581151,-0.7049467459443861,0.0,0.0,-0.10054019198483564,0.994932997641375,-0.20142069874658938,-0.0005850138229161773,0.3575300712765574
1773.733333333,-0.1618385388069647,-0.704945179875691,0.0,0.0,-0.0975224485115668,0.995233325424902,-0.19535539430354107,-0.0005867142539906427,0.3575412651821107
1773.766666666,-0.16185820237234053,-0.704941396829221,0.0,0.0,-0.0915898641119422,0.9957968150139646,-0.18343680658949113,-0.0005919210251516362,0.357547438292367
1773.816666666,-0.16189011232622497,-0.7049357559111926,0.0,0.0,-0.08273805177937277,0.996571329503189,-0.16566548432531095,-0.0005979380581077629,0.35754569610371034
1773.833333333,-0.16189793926846505,-0.7049344716537702,0.0,0.0,-0.07971504564077411,0.9968176922078025,-0.15959942539106442,-0.0005985741216118161,0.3575552164111356
1773.866666666,-0.1619179396440055,-0.7049313600140666,0.0,0.0,-0.0737732651043319,0.9972750399743523,-0.14768069592412275,-0.0006019877689719496,0.35755828924844635
1773.916666666,-0.16195026182197758,-0.7049268303225922,0.0,0.0,-0.06490919924666655,0.9978911743537752,-0.129909730328509,-0.0006056651110154574,0.35755451679209727
1773.933333333,-0.16195804036617145,-0.7049258380779804,0.0,0.0,-0.06188209171755911,0.9980834668126006,-0.12384331015302213,-0.0006050386364090837,0.35756121118659473
1773.966666666,-0.16197810499519297,-0.7049234467971585,0.0,0.0,-0.05593306755161718,0.9984345206142795,-0.11192454639102592,-0.0006061333687678055,0.3575622674746792
1774.016666666,-0.16201050793200988,-0.70492008071761,0.0,0.0,-0.04705980091937729,0.9988920738185024,-0.09415437644067574,-0.0006074350615325269,0.357555771991481
1774.033333333,-0.16201813023722675,-0.7049193842378041,0.0,0.0,-0.044029447199658484,0.9990302336662752,-0.08808737096292601,-0.0006057697897472012,0.35756145125238664
1774.066666666,-0.16203804382140416,-0.7049177295014046,0.0,0.0,-0.03807526528516759,0.9992748741830069,-0.0761689421492951,-0.0006042171873749709,0.35755964733286627
1774.116666666,-0.16207015991921309,-0.7049155496297623,0.0,0.0,-0.02919580622145718,0.9995737115886347,-0.058399911080545264,-0.0006028656522754546,0.35754985695281344
1774.133333333,-0.1620775057491526,-0.7049151425019294,0.0,0.0,-0.02616340166713921,0.999657679614979,-0.052332774995796444,-0.0005999588180919775,0.35755415240780264
1774.166666666,-0.16209702219195665,-0.7049142206831648,0.0,0.0,-0.02020601622112146,0.9997958376130958,-0.04041478287252569,-0.0005959482617097158,0.35754952257578615
1774.216666666,-0.16212848274881753,-0.7049132118723608,0.0,0.0,-0.011323408832791267,0.9999358881510382,-0.022647301654445538,-0.0005919409017453383,0.35753660705843665
1774.233333333,-0.16213545518865347,-0.7049130751004948,0.0,0.0,-0.008289808500138423,0.9999656389471745,-0.016579806900585442,-0.0005878592279068131,0.3575395427150401
1774.266666666,-0.1621543301104786,-0.7049128578507367,0.0,0.0,-0.002331462571091824,0.9999972821374464,-0.004662929366584785,-0.0005812229118060061,0.35753023503747533
1774.316666666,-0.16218484163049052,-0.7049129692734654,0.0,0.0,0.006551498572799544,0.9999785387029316,0.013103090882175181,-0.0005750967052091848,0.3575166499091629
1774.333333333,-0.16219130955498523,-0.7049130736537264,0.0,0.0,0.009585045445156044,0.9999540623967754,0.019170384438382416,-0.0005697666768383219,0.35751759473839106
1774.366666666,-0.16220932559188453,-0.7049135092080209,0.0,0.0,0.015542606745888426,0.9998792063922235,0.031086465183951018,-0.0005606652150540436,0.35750612647235197
1774.416666666,-0.16223845287169164,-0.704914656128154,0.0,0.0,0.024422807006799736,0.9997017187631062,0.04885047116984544,-0.0005518466259242631,0.35749051536323606
1774.433333333,-0.16224435739373172,-0.7049149627540501,0.0,0.0,0.02745539587541637,0.9996230295653078,0.054917692706438315,-0.0005454787992172933,0.3574888760596655
1774.466666666,-0.16226127021393097,-0.704915976059369,0.0,0.0,0.033410064192829755,0.9994417279714866,0.06683256576595356,-0.0005338805783732486,0.35747684921292766
1774.516666666,-0.16228868443328487,-0.7049180373132194,0.0,0.0,0.0422847166035816,0.9991056013964463,0.08459465515843964,-0.0005221595998771535,0.3574594148934667
1774.533333333,-0.16229390637571597,-0.704918496077226,0.0,0.0,0.045315301839812465,0.9989727340719399,0.09066165034767304,-0.0005147993223269032,0.3574576246916595
1774.566666666,-0.16230954747288842,-0.7049199939612221,0.0,0.0,0.051265203433147256,0.9986850749445283,0.10257537045032601,-0.0005009473610163275,0.3574434608342633
1774.616666666,-0.1623349944280657,-0.7049228230756786,0.0,0.0,0.060131432070632464,0.9981904682359649,0.12033545651149516,-0.0004871145777440894,0.35742669055324194
1774.633333333,-0.16233949153304147,-0.7049233807104872,0.0,0.0,0.06315910381026792,0.9980034707383957,0.1264023408133858,-0.0004788289716294437,0.35742466714457233
1774.666666666,-0.16235369248387965,-0.704925253237759,0.0,0.0,0.06910241101367544,0.9976095713214148,0.13831505035510056,-0.00046311321835713193,0.35741168603790474
1774.716666666,-0.16237688414694187,-0.7049286727463823,0.0,0.0,0.07795745884753655,0.9969566864262632,0.1560732764811492,-0.0004471462562185562,0.35739504479155076
1774.733333333,-0.16238056921253924,-0.7049292640622045,0.0,0.0,0.08098103365179635,0.9967156425925534,0.1621396143485054,-0.0004380871457433587,0.35739110086036624
1774.766666666,-0.16239322336187093,-0.7049313931520012,0.0,0.0,0.08691610003368343,0.9962156350685,0.17405181403707712,-0.000420803158303983,0.35738197837606367
1774.816666666,-0.1624139983926181,-0.7049352172451047,0.0,0.0,0.09575725871794864,0.9954047153810474,0.19180841229120724,-0.00040299258086145157,0.35736645643456133
1774.833333333,-0.16241688543300944,-0.7049357869885807,0.0,0.0,0.09877600330622768,0.9951096930343147,0.1978746678504327,-0.0003934596190580733,0.35736268397914234
1774.866666666,-0.16242788255603643,-0.7049380416999274,0.0,0.0,0.10470071369222522,0.9945037760372449,0.2097859118501533,-0.00037487154158280967,0.3573538907272621
1774.916666666,-0.16244608226033416,-0.7049420668197891,0.0,0.0,0.11352536447829469,0.9935350983332548,0.22754128462767062,-0.0003556745694264942,0.35734132501894256
1774.933333333,-0.16244814428368837,-0.7049425508780875,0.0,0.0,0.11653820214428116,0.9931862098524016,0.23360722924506888,-0.0003459897834196288,0.3573389655192426
1774.966666666,-0.16245743037587076,-0.7049448007631318,0.0,0.0,0.12245078126073684,0.9924745871651501,0.2455177461896349,-0.00032632615131251205,0.3573288690551585
1775.016666666,-0.16247301131457362,-0.7049488328846966,0.0,0.0,0.13125643272863416,0.9913484497730117,0.26327254281023715,-0.000306208645028124,0.35732179055594654
1775.033333333,-0.16247434549582326,-0.7049491968292387,0.0,0.0,0.13426275618293584,0.9909457665796658,0.26933888982294124,-0.00029684988152053275,0.3573223392768072
1775.066666666,-0.1624819375615368,-0.7049513230422377,0.0,0.0,0.14016143417191781,0.9901286645536888,0.28124891291872284,-0.0002767994972300406,0.3573150138530468
1775.116666666,-0.1624950030492053,-0.7049552046901648,0.0,0.0,0.14894562113784235,0.988845388290739,0.2990038284288473,-0.00025667559835215487,0.35731342256299536
1775.133333333,-0.16249556556196135,-0.704955379951873,0.0,0.0,0.1519440224356027,0.9883891005297909,0.3050696724474192,-0.0002475022201872413,0.35731281896955247
1775.166666666,-0.16250157245386532,-0.7049572929569419,0.0,0.0,0.15782728394648873,0.9874667328280353,0.3169799424675931,-0.00022799840305850672,0.3573113374231335
1775.216666666,-0.16251215411772646,-0.704960849803431,0.0,0.0,0.1665871935212607,0.9860267273024145,0.3347349585765439,-0.00020799596355295874,0.35731216050443926
1775.233333333,-0.16251204957370446,-0.7049608130846957,0.0,0.0,0.1695770234980361,0.9855169369937518,0.3408009214846379,-0.00019903354112286645,0.3573098558768251
1775.266666666,-0.1625165602232441,-0.7049624255132018,0.0,0.0,0.17544308890991958,0.9844895746292828,0.3527116396268568,-0.0001804694359604905,0.3573140261554669
1775.316666666,-0.1625248394330924,-0.7049655384895449,0.0,0.0,0.18417627045004292,0.982893229910102,0.370467460526419,-0.00016102634879155064,0.357318168998002
1775.333333333,-0.16252414008993255,-0.7049652644199977,0.0,0.0,0.18715648425809442,0.9823301127422236,0.37653335941707794,-0.00015298446047700562,0.35731849823101475
1775.366666666,-0.16252725956939756,-0.7049665023465886,0.0,0.0,0.19300351958967704,0.9811980643203477,0.38844460798947256,-0.00013529614128076175,0.35732436954424485
1775.416666666,-0.162533498369067,-0.7049691026832792,0.0,0.0,0.20170753121360485,0.9794457983225578,0.40620194701677903,-0.00011725942570312581,0.3573341093391652
1775.433333333,-0.16253226677701457,-0.704968568515036,0.0,0.0,0.20467709662219358,0.9788295490627106,0.41226761727374167,-0.00010986958238699764,0.35733235343241165
1775.466666666,-0.16253423768995956,-0.704969427797235,0.0,0.0,0.21050340245316013,0.9775931247485545,0.42417974379953055,-9.402872407388488e-05,0.35734080373369537
1775.516666666,-0.16253866757992494,-0.7049714586842544,0.0,0.0,0.21917527981841017,0.9756855009256423,0.44193823514066705,-7.765088771197003e-05,0.35735265610440636
1775.533333333,-0.16253702310189272,-0.7049706744861147,0.0,0.0,0.2221332446283296,0.9750163186485089,0.4480036676185854,-7.122632669753926e-05,0.3573498576280182
1775.566666666,-0.16253793923770607,-0.7049711050345268,0.0,0.0,0.22793667160088288,0.9736759593106483,0.45991608679550566,-5.716261067506335e-05,0.35735688125488063
1775.616666666,-0.16254087538710282,-0.7049725751784351,0.0,0.0,0.23657398707111907,0.9716134769759392,0.4776764437876051,-4.286876129625765e-05,0.357371257742015
1775.633333333,-0.16253891233548068,-0.7049715514227533,0.0,0.0,0.23951938052945984,0.9708915832114231,0.483741583614392,-3.763961611259331e-05,0.35736807516052815
1775.666666666,-0.16253900546975425,-0.7049715850780527,0.0,0.0,0.24529820630441942,0.9694476726383093,0.4956545698028794,-2.5327472010128767e-05,0.3573732331362411
1775.716666666,-0.16254068745463957,-0.7049724975091848,0.0,0.0,0.2538978470649329,0.9672310392330221,0.5134160791088089,-1.3098431823731211e-05,0.35738810347165667
1775.733333333,-0.16253855285354965,-0.7049712853643763,0.0,0.0,0.2568295968395356,0.9664567026966296,0.5194806519240287,-9.301228597254622e-06,0.35738294549556804
1775.766666666,-0.16253805072175323,-0.704970978900846,0.0,0.0,0.2625819817367804,0.9649096863785673,0.5313942234147788,3.004538347079182e-07,0.3573898593780672
1775.816666666,-0.16253904398657348,-0.7049715598975752,0.0,0.0,0.27114164423679765,0.9625394582875892,0.5491578178600197,9.614469260634251e-06,0.3574054979227039
1775.833333333,-0.16253710101152333,-0.7049703627864569,0.0,0.0,0.27405916769662203,0.9617128327112178,0.5552225552915009,1.0023595534423815e-05,0.35740308355141404
1775.866666666,-0.162536410606585,-0.7049699155855504,0.0,0.0,0.27978319958648884,0.960063206892727,0.5671365657589483,1.5546800219726365e-05,0.3574092292249592
1775.916666666,-0.16253672580003842,-0.7049701070535384,0.0,0.0,0.28829918252367215,0.9575403810577298,0.5849002516576678,2.2796006439983336e-05,0.357419215944233
1775.933333333,-0.16253478783671,-0.704968815274545,0.0,0.0,0.2912012406032515,0.9566618198042228,0.5909645135310603,2.2041679873100575e-05,0.3574173502933074
1775.966666666,-0.1625339126226231,-0.7049682076167767,0.0,0.0,0.296894932008524,0.9549101525000422,0.6028786337426821,2.490556371587651e-05,0.35742064261827283
1776.016666666,-0.16253402502083614,-0.704968273708479,0.0,0.0,0.30536516866625474,0.9522353247834433,0.6206437828970587,2.9725582665360924e-05,0.3574287636870438
1776.033333333,-0.16253217251120441,-0.7049669408787278,0.0,0.0,0.308250732093898,0.9513051488158655,0.6267073497240141,2.9725582665340107e-05,0.3574217400600299
1776.066666666,-0.16253135184400577,-0.7049663267869398,0.0,0.0,0.3139124282405196,0.9494519405405103,0.6386219272030288,3.094017625394455e-05,0.357425142128976
1776.116666666,-0.1625314528623267,-0.7049663910208629,0.0,0.0,0.3223337276547156,0.9466260972613293,0.6563875336247981,3.24104738001978e-05,0.35743600680251153
1776.133333333,-0.16252982768293864,-0.7049651312232428,0.0,0.0,0.3252019823060095,0.9456445794822925,0.6624506248936649,3.077396870584593e-05,0.3574289831750016
1776.166666666,-0.16252915944299107,-0.7049645918119111,0.0,0.0,0.3308294663448017,0.9436905553188575,0.6743647999773738,2.9533804565600314e-05,0.3574293124070895
1776.216666666,-0.16252951389554612,-0.7049648685520878,0.0,0.0,0.33919920567699546,0.94071456822359,0.6921310099921018,2.869637419200448e-05,0.3574366103945057
1776.233333333,-0.16252818186940718,-0.7049637575732374,0.0,0.0,0.3420490922566987,0.93968208373171,0.698193314761053,2.541057880749148e-05,0.3574290380466317
1776.266666666,-0.16252787230260848,-0.7049634834775399,0.0,0.0,0.3476408184960385,0.9376277839928829,0.7101076178796318,2.174122733976793e-05,0.35742739188350414
1776.316666666,-0.16252870171037834,-0.7049641988119061,0.0,0.0,0.3559561843063914,0.9345026457180495,0.727874138836187,1.8423468889025788e-05,0.3574335924292057
1776.333333333,-0.16252766726167178,-0.7049632713783569,0.0,0.0,0.3587868744115277,0.933419508447304,0.7339358217214837,1.4421702525882121e-05,0.35742514212845067
1776.366666666,-0.16252453441169407,-0.7049603884192499,0.0,0.0,0.3640108647359652,0.9313947016996472,0.745141177474175,3.481409145396392e-05,0.3531722260328636
1776.416666666,-0.1625160096393482,-0.7049523771492803,0.0,0.0,0.3708796981763004,0.9286809190893589,0.7599121946122017,7.8232618119071e-05,0.34194122674676775
1776.433333333,-0.16251093552822313,-0.7049475335053014,0.0,0.0,0.3729704388290429,0.9278432258521216,0.7644168271527285,0.00010991433392760568,0.3325951935631318
1776.466666666,-0.16250566683432513,-0.7049424310881809,0.0,0.0,0.37663145338824333,0.9263631838100321,0.7723145666552217,0.0001514406520712933,0.30849581156332834
1776.516666666,-0.1624836737146434,-0.704920790337712,0.0,0.0,0.38126481491237335,0.9244658678987742,0.7823281372565584,0.00028389528491251604,0.27833986848855663
1776.533333333,-0.1624756385251036,-0.7049127816823212,0.0,0.0,0.38257363797762306,0.9239250031926654,0.7851604880693148,0.0003436277208517563,0.258963876440813
1776.566666666,-0.16246181623706263,-0.7048988859203982,0.0,0.0,0.38475238611790685,0.9230198271849729,0.7898790851683081,0.0004356811353321657,0.22004332410144264
1776.616666666,-0.16244520356021838,-0.7048820076239369,0.0,0.0,0.3870196624930621,0.9220714618963957,0.7947943438276216,0.0004639108495178883,0.18023121072430295
1776.633333333,-0.16244230671966742,-0.7048790525382878,0.0,0.0,0.38753286505109535,0.9218558881437432,0.7959076253129704,0.0004466508348518718,0.15988310480008305
1776.666666666,-0.16243952971627593,-0.7048762186898052,0.0,0.0,0.3882421255949415,0.9215574056528013,0.7974466410317662,0.00042645022158323807,0.12173076169112429
1776.716666666,-0.162441353298127,-0.7048780893587279,0.0,0.0,0.38849264087482926,0.9214518261884888,0.7979903502525706,0.00030064389021477707,0.0836684094103581
1776.733333333,-0.16244033276166056,-0.7048770427982319,0.0,0.0,0.38848969142371964,0.9214530696988876,0.7979839485090705,0.00024134615094120794,0.06663589441344982
1776.766666666,-0.16244870542026912,-0.7048856287741848,0.0,0.0,0.388483623968921,0.9214556277477358,0.7979707792081562,5.1792829841301396e-05,0.038245295790582154
1776.816666666,-0.16246392172596405,-0.7049012321130129,0.0,0.0,0.3884688597585516,0.9214618521663774,0.7979387339092646,-0.00011505398177378736,0.018291610129048525
1776.833333333,-0.16246322249233272,-0.7049005151132307,0.0,0.0,0.3884720114876309,0.9214605234575999,0.797945574629462,-0.0001338737903570175,0.011652965670995802
1776.866666666,-0.16247047670574838,-0.7049079535690669,0.0,0.0,0.3884648316062142,0.9214635503399772,0.7979299909567134,-0.00022002043957453657,0.0023253692816560256
1776.916666666,-0.16248499139149952,-0.7049228362824919,0.0,0.0,0.3884529662105838,0.9214685523891736,0.7979042376571476,-0.0003141194829403217,-0.00043294075943807887
1776.933333333,-0.16248446471512187,-0.7049222962634316,0.0,0.0,0.3884545336600057,0.921467891615865,0.7979076397265504,-0.00031836416802844876,-0.0003741178831971296
1776.966666666,-0.16249129071300167,-0.7049292951213889,0.0,0.0,0.3884516684290291,0.921469099479035,0.7979014208900077,-0.00030506756420697607,-0.00033241509639310776
1777.016666666,-0.16250582069854203,-0.7049441926780862,0.0,0.0,0.38844062882750685,0.9214737532214855,0.7978774600786218,-0.0002997233522417531,-0.0003060764944262916
1777.033333333,-0.1625055856213819,-0.7049439516593717,0.0,0.0,0.3884404434291427,0.9214738313748095,0.7978770576833161,-0.00030371233340887753,-0.00034953518657480757
1777.066666666,-0.16251248919299657,-0.7049510296384717,0.0,0.0,0.3884364320788671,0.9214755223194155,0.7978683513121559,-0.0003006950271245535,-0.0003082713775918217
1777.116666666,-0.16252662085849234,-0.704965517970499,0.0,0.0,0.3884297071515966,0.9214783570991372,0.7978537553369761,-0.0002986877513070672,-0.0002629470338708101
1777.133333333,-0.1625262965034715,-0.7049651854335452,0.0,0.0,0.3884290498267685,0.9214786341802363,0.7978523286627103,-0.00030042653796974814,-0.00029191949530267997
1777.166666666,-0.16253338177148616,-0.7049724493390374,0.0,0.0,0.38842431371126734,0.9214806305712188,0.7978420492917188,-0.00030265116227392203,-0.0003162827038117544
1777.216666666,-0.16254772213194868,-0.7049871508430074,0.0,0.0,0.38841617296207054,0.9214840620333588,0.7978243804796586,-0.0003009123756143892,-0.00028248149868894974
1777.233333333,-0.1625470704281845,-0.7049864827358484,0.0,0.0,0.3884177741470197,0.9214833871137748,0.7978278557118446,-0.0002973325207208107,-0.00025921573420551987
1777.266666666,-0.16255389399067327,-0.7049934780159699,0.0,0.0,0.3884146223397389,0.9214847156370408,0.7978210149916474,-0.00029664212006816603,-0.00024802182900803894
1777.316666666,-0.16256836857484516,-0.7050083164979132,0.0,0.0,0.3884062961531932,0.9214882251600169,0.7978029437842817,-0.00029831698078855077,-0.0002566916189685298
1777.333333333,-0.16256790433675605,-0.7050078405964508,0.0,0.0,0.38840683550227006,0.921487997824775,0.7978041143888074,-0.00029711517235991706,-0.00024110794653143332
1777.366666666,-0.16257492446654362,-0.7050150370645186,0.0,0.0,0.3884027398168865,0.9214897241438648,0.7977952251106903,-0.00029655262369087006,-0.00023276739079591794
1777.416666666,-0.16258925359070853,-0.7050297257150054,0.0,0.0,0.38839537430575855,0.921492828630744,0.7977792390426359,-0.000296654905252207,-0.00022179297361227208
1777.433333333,-0.16258890837943135,-0.7050293718479441,0.0,0.0,0.38839537430575855,0.921492828630744,0.7977792390426359,-0.0002992886556382341,-0.00024264436630991155
1777.466666666,-0.16259562513993706,-0.70503625698285,0.0,0.0,0.38839400907099286,0.921493404055483,0.7977762759499302,-0.0002983681215181221,-0.0002193786012861887
1777.516666666,-0.16260985334420455,-0.7050508416573886,0.0,0.0,0.38838809304382355,0.921495897539312,0.7977634358815388,-0.00029721745384454366,-0.0001967713015722862
1777.533333333,-0.16260928492674112,-0.7050502590059827,0.0,0.0,0.38838804247941977,0.9214959188509759,0.7977633261373646,-0.00029632249012111775,-0.00020445339361886016
1777.566666666,-0.1626161654759764,-0.7050573118144284,0.0,0.0,0.38838581764449587,0.9214968565614406,0.7977584973936959,-0.00029512068157903237,-0.00018009018609747285
1777.616666666,-0.16263052188795413,-0.7050720274282629,0.0,0.0,0.3883799184500256,0.9214993428889418,0.7977456939066957,-0.00029540195589146585,-0.00016055572347928895
1777.633333333,-0.16262998322052885,-0.7050714752919596,0.0,0.0,0.38837946336864804,0.92149953468978,0.7977447062091272,-0.0002937398804051369,-0.00016648190877218756
1777.666666666,-0.1626367805656117,-0.7050784425645051,0.0,0.0,0.388379227400489,0.921499634141978,0.797744194069647,-0.00029443028096572913,-0.00015177618964610444
1777.716666666,-0.1626512026614666,-0.7050932250834758,0.0,0.0,0.3883745080319612,0.9215016231732487,0.7977339512800471,-0.00029554259303848327,-0.00013871663309134892
1777.733333333,-0.1626507294625685,-0.7050927400624054,0.0,0.0,0.38837563731035746,0.9215011472286802,0.7977364022332728,-0.00029636084558557505,-0.0001233524489989157
1777.766666666,-0.16265772924411973,-0.7050999147047629,0.0,0.0,0.38837432262798965,0.9215017013132696,0.7977335488847414,-0.00029738366132004785,-0.00011150007792569781
1777.816666666,-0.16267191338723383,-0.7051144530565043,0.0,0.0,0.3883715247116012,0.9215028805126906,0.7977274763737643,-0.00029653983836169486,-9.240459134294854e-05
1777.833333333,-0.16267180624705121,-0.7051143432412027,0.0,0.0,0.3883718281002983,0.9215027526481038,0.79772813483881,-0.0003002475452157949,-8.25276158547303e-05
1777.866666666,-0.1626778121489238,-0.7051204989019549,0.0,0.0,0.388335151472749,0.9215182093320984,0.7976485337310614,-0.00029344582032261906,-0.0005570614254594405
1777.916666666,-0.16269817065675665,-0.7051413500690386,0.0,0.0,0.38783972078984313,0.9217268309958523,0.7965734066369725,-0.0003448039528356978,-0.0044278481948259365
1777.933333333,-0.16270402489018135,-0.705147332171369,0.0,0.0,0.3874962755392259,0.9218712689108107,0.7958282436935704,-0.0003990898952582569,-0.008913531484883589
1777.966666666,-0.1627200124674028,-0.7051636177912217,0.0,0.0,0.3863606016012241,0.9223478115821278,0.7933650357017207,-0.00047587778731515376,-0.0236756595462951
1778.016666666,-0.16274259304773797,-0.7051864439012897,0.0,0.0,0.38383747713232697,0.9234006666386431,0.7878970687993112,-0.0005146297174993295,-0.044955164603714806
1778.033333333,-0.16273834344771665,-0.7051821833873443,0.0,0.0,0.3827139309829103,0.9238668989803717,0.7854641867809559,-0.00047944485797346705,-0.05955640721211271
1778.066666666,-0.16276262068552955,-0.7052063147233585,0.0,0.0,0.38005795692040345,0.9249626745882715,0.7797179086525569,-0.0006332252043955826,-0.09355646974566631
1778.116666666,-0.16280346976936763,-0.7052462825082039,0.0,0.0,0.3751262097718956,0.9269737465226142,0.7690658464452244,-0.000715037676499463,-0.13139659010390609
1778.133333333,-0.16282794274832468,-0.7052698727370705,0.0,0.0,0.37324177056561597,0.9277341109957336,0.7650017270202816,-0.0008687668737853892,-0.15131032859456503
1778.166666666,-0.16284063185464737,-0.7052819345094273,0.0,0.0,0.36895761147441564,0.9294462227235604,0.7557745100090959,-0.0008368805942877878,-0.19189438316805768
1778.216666666,-0.16285381110557295,-0.7052940963702925,0.0,0.0,0.3617889354564601,0.9322600314189605,0.7403722077991844,-0.0007572032523516252,-0.23171988534835153
1778.233333333,-0.16287317285900682,-0.7053116858079056,0.0,0.0,0.35908291738282677,0.9333056618513776,0.7345701796302482,-0.0009502597126859888,-0.25193476184756153
1778.266666666,-0.16286667745686215,-0.7053060030990755,0.0,0.0,0.3535340846084542,0.9354216434421765,0.722692970042578,-0.0006930982652091594,-0.28872035092300113
1778.316666666,-0.16288047709381143,-0.7053180867459959,0.0,0.0,0.3451428945711174,0.9385501490741294,0.7047820623340539,-0.0005727000706458517,-0.3186064329977588
1778.333333333,-0.1629104279762842,-0.7053434021656033,0.0,0.0,0.34226643545904784,0.9396029412247269,0.6986559230370598,-0.0006040493713599153,-0.33097855198297177
1778.366666666,-0.1629161266373703,-0.7053478833615103,0.0,0.0,0.3366420003862751,0.9416327116110226,0.6866969357488507,-0.0005424886613738725,-0.34736917370929105
1778.416666666,-0.16295308955146595,-0.70537760164636,0.0,0.0,0.3280845784315207,0.944648352242998,0.6685504072981344,-0.0006725780325741216,-0.3584325936035551
1778.433333333,-0.16293123359995476,-0.7053604434326353,0.0,0.0,0.3252620264406291,0.9456239285020951,0.6625776171940093,-0.0003489080094069958,-0.359457165194199
1778.466666666,-0.162963904887649,-0.7053856870498985,0.0,0.0,0.3195831145000445,0.9475582477750122,0.6505789939681874,-0.0006484140230172,-0.360185647000132
1778.516666666,-0.16298577424144134,-0.7054018540676407,0.0,0.0,0.31102397416713334,0.9504020662294892,0.6325405086570558,-0.0006055836191328153,-0.3608792301699054
1778.533333333,-0.162989956062632,-0.7054049003616554,0.0,0.0,0.3082023770039786,0.9513208159233653,0.6266056900372335,-0.0004013273270598779,-0.3597313061298307
1778.566666666,-0.16297775407197299,-0.7053962656889903,0.0,0.0,0.3025719075481491,0.9531265607266824,0.6147797858510419,-0.00026815670510490374,-0.3589328075175625
1778.616666666,-0.16299436396372363,-0.7054079226967269,0.0,0.0,0.29401690880279013,0.9558002183186881,0.5968536054115965,-0.0002093000519772192,-0.3585114447422812
1778.633333333,-0.16301983504688927,-0.7054251167896608,0.0,0.0,0.29107743974285477,0.9566994951774276,0.5907057001867022,-0.0005604071058622163,-0.3595621354453794
1778.666666666,-0.1630162748534088,-0.7054225272360617,0.0,0.0,0.2853808004560494,0.958414210417951,0.5788074562989606,-0.00028629250927946366,-0.35895985943938596
1778.716666666,-0.16304928194006402,-0.7054436439801336,0.0,0.0,0.27664862893587516,0.9609711421826883,0.5606097321909399,-0.00037081543997915037,-0.35901703617999303
1778.733333333,-0.16301831363997454,-0.705424330097554,0.0,0.0,0.2737932168078435,0.9617885809417853,0.5546694995251862,-0.00012078814605209569,-0.359049520454932
1778.766666666,-0.16304721145998588,-0.7054420410273264,0.0,0.0,0.2680653921016089,0.9634007190974121,0.542768731521436,-0.000413837635544202,-0.3594987033276957
1778.816666666,-0.16304446853489674,-0.7054404084765362,0.0,0.0,0.25927398380056704,0.9658038109907122,0.524540809474791,-0.000274824198850671,-0.36073343502516575
1778.833333333,-0.1630619152937396,-0.7054504331925339,0.0,0.0,0.25636047650384997,0.9665812465006338,0.5185099098303815,-0.00021116670772707247,-0.36003140155680124
1778.866666666,-0.1630730640114027,-0.7054567435746469,0.0,0.0,0.250613951049604,0.9680871074130193,0.5066287860338283,-0.0003144199404443469,-0.3599286809970071
1778.916666666,-0.16308184614867804,-0.7054615307466442,0.0,0.0,0.2419443674245109,0.9702901231443889,0.48873851023007,-0.00021034204987964807,-0.35883908596126507
1778.933333333,-0.16308849777724493,-0.7054650429418784,0.0,0.0,0.2391035750307704,0.9709940681628826,0.4828850852061765,-0.0004744586298522646,-0.35831824012051994
1778.966666666,-0.1630952653576772,-0.7054685541170466,0.0,0.0,0.2333432695036595,0.9723944254145755,0.4710289099185778,-0.00031684272982345564,-0.3580506838159566
1779.016666666,-0.1631114120859502,-0.7054765269913834,0.0,0.0,0.22463968870101778,0.974441896810841,0.4531465174046723,-0.0003845339520881762,-0.3567890099171647
1779.033333333,-0.16311925134205588,-0.7054803154991605,0.0,0.0,0.22174547726798224,0.9751045807046518,0.44720829671544726,-0.0003160436568556165,-0.35623293619717844
1779.066666666,-0.1631095190901455,-0.7054757992207686,0.0,0.0,0.21594661674505036,0.9764051713896063,0.43532243562870415,-0.00017480558937047424,-0.35626135995645714
1779.116666666,-0.16311962091477755,-0.7054805372280678,0.0,0.0,0.2072117270338616,0.9782961209059579,0.4174479264046516,-0.00022050627148359554,-0.35645884458585386
1779.133333333,-0.16314550976654377,-0.7054919254740536,0.0,0.0,0.2042433649001576,0.9789201437779596,0.41138143306638186,-0.00034507243658308444,-0.35773725444604876
1779.166666666,-0.16316100608151868,-0.7054986149370163,0.0,0.0,0.1983799017242801,0.9801252035285415,0.3994093862214328,-0.00040059854329383614,-0.3584324838140555
1779.216666666,-0.16317793921603055,-0.7055055314060229,0.0,0.0,0.18950534126957425,0.9818796899978643,0.38131666899750816,-0.00040603225150249924,-0.35854014288150526
1779.233333333,-0.1632068804705376,-0.7055170377426205,0.0,0.0,0.18665509475051925,0.9824255063889957,0.3755125922706521,-0.0005406603658945945,-0.3577352791233879
1779.266666666,-0.163214538641892,-0.7055199000701019,0.0,0.0,0.18083846378421303,0.9835128113126772,0.3636778079516913,-0.0006540842464306297,-0.35742881854418007
1779.316666666,-0.16320804991230625,-0.7055173916419626,0.0,0.0,0.17213956577624673,0.9850725708770726,0.34600249354931567,-0.00050289930443068,-0.3565078454437646
1779.333333333,-0.1632250199013648,-0.7055234519190682,0.0,0.0,0.16918239832365284,0.9855847584543183,0.34000009995417685,-0.0004413194076647774,-0.3561232469931671
1779.366666666,-0.16323361343872894,-0.7055263733846199,0.0,0.0,0.16332140296796174,0.9865729163790058,0.3281126567222545,-0.0003945064166062465,-0.35561562534229874
1779.416666666,-0.16324765019355353,-0.7055310742307986,0.0,0.0,0.15453792535639843,0.9879868570110334,0.31031948622204353,-0.0004163179597820647,-0.35479638506781486
1779.433333333,-0.16325641698568197,-0.7055338570652601,0.0,0.0,0.15162227897357017,0.9884385082132631,0.30441864256951073,-0.00028463683307917694,-0.35537698661026373
1779.466666666,-0.16328086513985407,-0.7055412291198829,0.0,0.0,0.14558499255709656,0.989345748432847,0.2922084783024046,-0.0003887978306701623,-0.3576292662791205
1779.516666666,-0.16327907179524376,-0.7055404149371075,0.0,0.0,0.13675480931631598,0.9906049273695634,0.2743693981559507,-0.000347607127437325,-0.3584652150783819
1779.533333333,-0.16328071615615977,-0.7055408724473111,0.0,0.0,0.13377945290188162,0.991011129090523,0.26836348360188683,-0.0002497300590870043,-0.3584863408315096
1779.566666666,-0.16326229165991482,-0.7055359935051074,0.0,0.0,0.12789751500330365,0.9917873893410722,0.25649758680951595,-8.091431773424625e-05,-0.3583570621934773
1779.616666666,-0.16326036443686257,-0.7055356786512175,0.0,0.0,0.11903768550504382,0.9928897367933673,0.23864124024630767,-5.046637124409184e-05,-0.3588706100432255
1779.633333333,-0.1632770811436637,-0.7055396923468131,0.0,0.0,0.11605759159864795,0.993242485716515,0.23263944109877954,-9.84300342191266e-05,-0.35947634300059195
1779.666666666,-0.1632591404633026,-0.7055356281242959,0.0,0.0,0.1101575210380122,0.9939141414421871,0.22076306831043835,0.00016515278435212915,-0.357473594120984
1779.716666666,-0.16325869110233987,-0.7055356874244196,0.0,0.0,0.10126224454833223,0.994859767921607,0.20287221177709103,1.3597074664120612e-05,-0.3576733833896022
1779.733333333,-0.1632768616446138,-0.7055393680660194,0.0,0.0,0.09826183444859177,0.9951605960300064,0.19684130298733352,-8.739958152204995e-05,-0.3578233488007649
1779.766666666,-0.16328040195943028,-0.7055400528667077,0.0,0.0,0.09234938541885278,0.9957266648095552,0.18496231462950513,-0.00022339252379881665,-0.3579018982025864
1779.816666666,-0.16327336542378823,-0.7055388263230556,0.0,0.0,0.0834493229951066,0.996512022251442,0.167092963381644,-0.0001548670703974036,-0.3575973855725523
1779.833333333,-0.16327488637963167,-0.7055390782527526,0.0,0.0,0.08051494983478014,0.9967534012247476,0.16120439278593546,-6.096619801964565e-05,-0.35691801427571257
1779.866666666,-0.1632668266675351,-0.7055376952881737,0.0,0.0,0.07454168471695942,0.9972178985756109,0.1492217784915375,-0.00012227761915097656,-0.35755546330017235
1779.916666666,-0.16325944228291117,-0.7055366864338015,0.0,0.0,0.06562511861459544,0.9978443484866867,0.13134462854829113,-5.440181317497635e-05,-0.35723430384624344
1779.933333333,-0.16325995238584143,-0.7055367522942766,0.0,0.0,0.06268834323262763,0.998033151564991,0.12545895016884243,5.374975834990073e-05,-0.3563629214018173
1779.966666666,-0.1632529312319953,-0.7055357937220659,0.0,0.0,0.05669919244844099,0.9983913068410074,0.11345923178761456,0.00011789787636916265,-0.35708730151798135
1780.016666666,-0.1632516720673443,-0.7055356643872197,0.0,0.0,0.047716747717556296,0.9988609072274574,0.09546974782188591,0.0001018462619225041,-0.3574993343066081
1780.033333333,-0.1632604952783794,-0.7055364825130195,0.0,0.0,0.04471010775414801,0.9990000031354417,0.08945003408107408,5.792991257020862e-05,-0.35828619316149163
1780.066666666,-0.1632379610032756,-0.7055346113685991,0.0,0.0,0.03877932563222289,0.9992477990486194,0.07757810368117844,0.00014454166069722697,-0.35762208974686693
1780.116666666,-0.16324791453288687,-0.7055352922914864,0.0,0.0,0.029934086061067615,0.9995518748377638,0.059877116536891026,8.745793139961012e-05,-0.35739761680646903
1780.133333333,-0.16325540917044087,-0.705535718791585,0.0,0.0,0.02690425169957744,0.9996380151037103,0.05381499696123398,4.550331056663227e-05,-0.3584562639620511
1780.166666666,-0.16327128183022366,-0.7055365093248877,0.0,0.0,0.020991214887821828,0.9997796601739471,0.041985513514524904,-9.236344921862661e-05,-0.3574348543382699
1780.216666666,-0.16325172711294314,-0.7055357899960185,0.0,0.0,0.011871581832170257,0.999929530289411,0.02374372140468603,6.928581066275042e-06,-0.3587796405658685
1780.233333333,-0.16324613746861907,-0.7055356738140097,0.0,0.0,0.008910252813256064,0.9999603029094725,0.017820741437664905,9.36401778923629e-05,-0.35819923793473163
1780.266666666,-0.16325670354836275,-0.7055358508351243,0.0,0.0,0.0029288723424137544,0.9999957108442025,0.005857753059768402,-0.0001054365402841982,-0.3587455858352129
1780.316666666,-0.1632570529175788,-0.7055356927733373,0.0,0.0,-0.006184927314065818,0.9999808731541417,-0.012369933494169273,-1.6555231697374838e-05,-0.3606082306238826
1780.333333333,-0.16324608397854162,-0.7055358601450807,0.0,0.0,-0.009072424140432857,0.9999588447132293,-0.018145097203774985,9.430680138920607e-05,-0.3588864954625036
1780.366666666,-0.16325606376159146,-0.7055356595700029,0.0,0.0,-0.01508567931012959,0.9998862046651869,-0.030172503125640415,0.00012977053969248496,-0.36007403032046836
1780.416666666,-0.16323327174477828,-0.7055365434729579,0.0,0.0,-0.023976092743116264,0.99971253216951,-0.04795678091822874,0.00012001343829595073,-0.3582966376862977
1780.433333333,-0.16322534521808627,-0.7055369471437422,0.0,0.0,-0.026900971993521223,0.9996381033683159,-0.05380843517414332,0.00013408914007073764,-0.35786868342821704
1780.466666666,-0.16320232691052822,-0.7055383292893944,0.0,0.0,-0.03280238443620325,0.9994618569886995,-0.06561653965548354,0.0003358535207284576,-0.3569393800082562
1780.516666666,-0.16321263655244947,-0.7055376394042029,0.0,0.0,-0.041770607827225935,0.9991272272947745,-0.0835655283066928,0.00021726878150894394,-0.35605509874177904
1780.533333333,-0.16318642867508665,-0.7055399117351714,0.0,0.0,-0.04469017312232109,0.9990008951078557,-0.08941012492619074,0.0003092848363143814,-0.3564716961928009
1780.566666666,-0.1631840625366777,-0.7055401684338724,0.0,0.0,-0.05063529143521356,0.9987172108566423,-0.10131390803681264,0.00038345455696556,-0.35572995932061513
1780.616666666,-0.16318442302976036,-0.705540076523265,0.0,0.0,-0.05969129488609237,0.9982168849076946,-0.11945359805366866,0.0003053869494512092,-0.35645338265728344
1780.633333333,-0.16314587173665066,-0.7055448190132951,0.0,0.0,-0.06263485681101276,0.9980365097090707,-0.12535176669195328,0.0004908178394141054,-0.35673246894543953
1780.666666666,-0.1631499191520598,-0.7055442303878,0.0,0.0,-0.06856919952499912,0.9976463626338247,-0.13724609179813815,0.0003279204495172903,-0.35724979277131047
1780.716666666,-0.16313366700886223,-0.7055466991986967,0.0,0.0,-0.07753611554213441,0.9969895439705658,-0.15522803142346892,0.0004370337589950238,-0.3569149740354399
1780.733333333,-0.16315201994611836,-0.705543768978023,0.0,0.0,-0.08062162762351066,0.9967447783456586,-0.16141844422520327,0.00016768383869605132,-0.35898987108736286
1780.766666666,-0.16311337635329637,-0.7055502143905771,0.0,0.0,-0.08660252689017173,0.9962429434310875,-0.1734222940173256,0.00038847019043867603,-0.3595902712085898
1780.816666666,-0.16311530546717526,-0.7055499837993846,0.0,0.0,-0.09554910005616504,0.9954247181371663,-0.19139017724299986,0.00032396967710035,-0.35945973734788905
1780.833333333,-0.16314551561771137,-0.7055440342105644,0.0,0.0,-0.09859604822237555,0.9951275392003434,-0.197512992206048,-9.382495937365718e-05,-0.3608076152699967
1780.866666666,-0.16310350568932797,-0.7055526588539945,0.0,0.0,-0.10451684343257756,0.994523116593521,-0.20941614257291502,0.0001880310891738395,-0.3608605667723554
1780.916666666,-0.16309298984343623,-0.7055551714977102,0.0,0.0,-0.11339329975184019,0.9935501796947094,-0.2272754385108072,0.00013168273549243078,-0.3606139373074476
1780.933333333,-0.1631017126090626,-0.7055531267829297,0.0,0.0,-0.11635213416157775,0.9932080249756574,-0.23323254434335738,0.0001894398586421351,-0.35921409552033756
1780.966666666,-0.16310805739977505,-0.705551438760464,0.0,0.0,-0.12239678936858729,0.9924812471539508,-0.2454089439861748,-8.501036730305619e-05,-0.3602493946236114
1781.016666666,-0.16311299077870867,-0.7055502598193982,0.0,0.0,-0.13134588411715278,0.9913366021314272,-0.2634530079594993,-8.987833111635891e-05,-0.36050326033579805
1781.033333333,-0.16315173281184908,-0.7055396850965833,0.0,0.0,-0.13432759839593,0.9909369789795827,-0.26946975975077386,-0.00014609164184317238,-0.3598668813178839
1781.066666666,-0.1631629137335892,-0.705536522696067,0.0,0.0,-0.140254881880874,0.9901154317091427,-0.2814376728984914,-0.0004731273751223435,-0.3602554580071671
1781.116666666,-0.16314852862167856,-0.705540642940763,0.0,0.0,-0.14909272289882475,0.9888232197812783,-0.29930135403068114,-0.00034019490059799585,-0.36042351748493917
1781.133333333,-0.16313924051258377,-0.7055435402793181,0.0,0.0,-0.1521314828852145,0.9883602642332125,-0.3054490031858354,-0.00022806233865428301,-0.36156677739719667
1781.166666666,-0.16318264967224816,-0.7055296723662408,0.0,0.0,-0.1580886773152623,0.9874249187177275,-0.3175093758003889,-0.0004621017377968906,-0.3608706152262925
1781.216666666,-0.16320206838686566,-0.7055230833869358,0.0,0.0,-0.16702675582394938,0.985952363372048,-0.3356265751205272,-0.0004861059454363291,-0.3608037261685738
1781.233333333,-0.1631821250294605,-0.7055301086644046,0.0,0.0,-0.17004450327530649,0.9854363839973914,-0.34174965987133704,-0.00011828224771522763,-0.3614417239130262
1781.266666666,-0.16321307967794935,-0.7055188994506446,0.0,0.0,-0.1761172657809489,0.9843691932876824,-0.3540813200847256,-0.000246095855414861,-0.3636242063620158
1781.316666666,-0.16318983301071227,-0.7055275902393846,0.0,0.0,-0.18496338729434667,0.9827454122816354,-0.3720692133315114,-0.00021980629505460712,-0.364233423701419
1781.333333333,-0.1631692622930715,-0.7055356893785736,0.0,0.0,-0.1879237516798222,0.9821836200805736,-0.3780956134647752,-0.0001455370912073061,-0.3635059295851292
1781.366666666,-0.16319308993400203,-0.7055260902392131,0.0,0.0,-0.1938250920045836,0.9810361021437564,-0.3901193772518566,-2.6244820234221962e-05,-0.3632862766017019
1781.416666666,-0.16317441698090138,-0.7055337968807033,0.0,0.0,-0.2025709613379396,0.9792675863228717,-0.4079652066650291,0.00018430818190137046,-0.36286688921129795
1781.433333333,-0.16316923440827355,-0.7055360550610198,0.0,0.0,-0.20546386121148236,0.9786647034281295,-0.4138753145549412,9.135980662781926e-05,-0.3615890280714674
1781.466666666,-0.16314595063556675,-0.705546515496753,0.0,0.0,-0.21126702066625708,0.9774283840664764,-0.42574211673674994,0.00044204496244166537,-0.35879987987689377
1781.516666666,-0.16315444189225997,-0.7055427023933128,0.0,0.0,-0.22002081067818574,0.975495178290756,-0.44367160779211984,0.00022174644609301692,-0.35838737897190825
1781.533333333,-0.16314545314946519,-0.7055470064133424,0.0,0.0,-0.22284065003368905,0.9748548839148127,-0.44945485141655744,0.00014889639900793314,-0.3569284399481272
1781.566666666,-0.16315777480062177,-0.7055410190612272,0.0,0.0,-0.22868265026391427,0.9735010248932829,-0.4614485178638408,0.00022083230756496266,-0.35674785589122837
1781.616666666,-0.16317015446777755,-0.7055346615969735,0.0,0.0,-0.23746525183800998,0.9713960336389637,-0.4795112566374896,5.095540662395001e-05,-0.3569301409951393
1781.633333333,-0.16315186052901248,-0.705544245447488,0.0,0.0,-0.24043493531423427,0.9706652573778666,-0.4856278116099294,0.0001409504016086032,-0.3581688234650323
1781.666666666,-0.16320400094178206,-0.7055163009162436,0.0,0.0,-0.24636371682139604,0.9691774445548901,-0.4978530565556521,-0.0003671460943843078,-0.3603194800262922
1781.716666666,-0.1632048118835353,-0.7055158607759344,0.0,0.0,-0.25505522628557703,0.9669264871459532,-0.515809636131375,-0.0002971599318044252,-0.36057661061866425
1781.733333333,-0.1632002354603416,-0.7055184733017132,0.0,0.0,-0.25787032338154586,0.9661795362763056,-0.521634655704824,-0.0003253385038956113,-0.3608272663077203
1781.766666666,-0.16320082102556577,-0.7055181407820618,0.0,0.0,-0.2635868275293235,0.9646356744144531,-0.5334772958775942,-0.000247182600251668,-0.35992110865617144
1781.816666666,-0.16322740122835233,-0.705501837677446,0.0,0.0,-0.27227118559861124,0.9622205576128202,-0.5515052091666028,-0.0002552244914325129,-0.36037819311295044
1781.833333333,-0.16320533529481354,-0.7055155015015591,0.0,0.0,-0.27509127567569713,0.9614181140623042,-0.5573692793754021,-0.0002234149236618489,-0.35886328456190386
1781.866666666,-0.16322011666837405,-0.7055062118734003,0.0,0.0,-0.2808510390698453,0.9597513708525705,-0.5693614459856369,2.6778588506490698e-05,-0.35746481453462564
1781.916666666,-0.16321184009704928,-0.7055116712430599,0.0,0.0,-0.2893424124580807,0.9572256621888791,-0.5870795880520276,5.670873350938778e-05,-0.35628221132824495
1781.933333333,-0.16322642545926963,-0.7055019033465527,0.0,0.0,-0.2922355787537392,0.9563463632546877,-0.5931272602644073,-8.023350136752286e-05,-0.3576181271351121
1781.966666666,-0.16321952671345477,-0.705506661927105,0.0,0.0,-0.2979779104326583,0.9545727656361178,-0.6051472653135193,-2.5909199812073007e-05,-0.3586823164442914
1782.016666666,-0.16321676273962119,-0.7055086732132918,0.0,0.0,-0.3063065238301837,0.9519329353788896,-0.6226212448828193,1.515685489189385e-05,-0.3568067884998102
1782.033333333,-0.16323677312745533,-0.7054942277959639,0.0,0.0,-0.3088274169030695,0.9511180928617528,-0.6279198765243055,-0.0002886449736156731,-0.3534141571637808
1782.066666666,-0.1632478229896568,-0.7054861121882903,0.0,0.0,-0.31338341571450373,0.9496266817834841,-0.6375076763108035,-0.00026615581622701834,-0.3389879560520295
1782.116666666,-0.16327091453912052,-0.7054687614012833,0.0,0.0,-0.3192680968420698,0.9476644355144086,-0.649914127178968,-0.0003966223523752438,-0.3182003792587723
1782.133333333,-0.16328626092271326,-0.7054570518414826,0.0,0.0,-0.32103614887913895,0.9470669411994336,-0.6536466911626969,-0.00040711899832958435,-0.3043097301643597
1782.166666666,-0.1633025747150732,-0.7054444504144972,0.0,0.0,-0.32405173260472797,0.9460393620753176,-0.6600184013403518,-0.0005810871704715849,-0.27041996053761835
1782.216666666,-0.16334465169043938,-0.7054115196404364,0.0,0.0,-0.32771443531772765,0.9447768249086039,-0.6677667973123376,-0.0007874274535430968,-0.23158292412327092
1782.233333333,-0.16334529703828046,-0.7054110096838527,0.0,0.0,-0.3286330737776457,0.944457676563358,-0.6697117933132088,-0.0006442843985826639,-0.21146111068199464
1782.266666666,-0.16335591697199686,-0.7054025802558587,0.0,0.0,-0.3301213111531788,0.9439385149057676,-0.6728641764288791,-0.0006433766474025625,-0.1728486102371809
1782.316666666,-0.1633735195801893,-0.7053885185034773,0.0,0.0,-0.3313443054518554,0.9435099105174399,-0.6754560228836877,-0.000637003226219748,-0.13358176076970896
1782.333333333,-0.16337873891281587,-0.7053843353875928,0.0,0.0,-0.33151222384640355,0.9434509237053149,-0.6758119781129843,-0.0005613148656134234,-0.11332210864859156
1782.366666666,-0.16337599770867484,-0.7053865336999117,0.0,0.0,-0.33157928990537155,0.9434273551820773,-0.6759541516907718,-0.00041654808420828193,-0.07594488869143089
1782.416666666,-0.16339713114967497,-0.7053695858527644,0.0,0.0,-0.3315505672351127,0.9434374496309096,-0.6758932619647389,-0.00033339316685988694,-0.044152440561391025
1782.433333333,-0.16339650276713885,-0.7053700897506389,0.0,0.0,-0.33155351803126215,0.9434364126326127,-0.6758995173826732,-0.00032362527707870305,-0.03251999729640569
1782.466666666,-0.16340592195616732,-0.7053625367401517,0.0,0.0,-0.3315375215711643,0.9434420341443611,-0.6758656064328188,-0.00031471399423760955,-0.01340223279837285
1782.516666666,-0.16342512513141763,-0.7053471396941163,0.0,0.0,-0.33151099001539575,0.9434513572511368,-0.6758093625434972,-0.0003262909892874634,-0.0022797156860303864
1782.533333333,-0.1634247893061347,-0.705347408944221,0.0,0.0,-0.3315125948584139,0.9434507933380739,-0.6758127646129,-0.00028357564928900255,-0.00016439676897157929
1782.566666666,-0.16343425402371758,-0.7053398207443252,0.0,0.0,-0.33150033417855346,0.9434551014433635,-0.6757867735342901,-0.0003774445594643341,0.0008445911514545275
1782.616666666,-0.16345282824432536,-0.7053249302891336,0.0,0.0,-0.33147696884335087,0.9434633109593739,-0.6757372423302955,-0.0003585800026707193,0.0008046991440540669
1782.633333333,-0.1634522147457794,-0.7053254220927797,0.0,0.0,-0.3314784615388653,0.9434627865135047,-0.6757404066206543,-0.0003586950694352223,0.0008232459091376716
1782.666666666,-0.1634607921550169,-0.7053185462558941,0.0,0.0,-0.33146887548559595,0.9434661544455712,-0.6757200856577156,-0.000352212974900556,0.0007417059879834139
1782.716666666,-0.16347862740215566,-0.7053042499981307,0.0,0.0,-0.33145055748665403,0.9434725899260594,-0.6756812545107141,-0.000344484323804943,0.0006584650328150083
1782.733333333,-0.16347815852873449,-0.7053046258220311,0.0,0.0,-0.33145247298744723,0.9434719169909116,-0.6756853150451627,-0.0003434615081210575,0.000654514242620046
1782.766666666,-0.16348668642488728,-0.7052977904243413,0.0,0.0,-0.33144473332044444,0.9434746359887687,-0.6756689082911069,-0.00033625065732718976,0.0005970082961413126
1782.816666666,-0.16350450409689626,-0.7052835097174919,0.0,0.0,-0.3314284083309519,0.9434803708351392,-0.6756343022948154,-0.0003322041427242572,0.0005322043617790454
1782.833333333,-0.16350399862559423,-0.705283914837153,0.0,0.0,-0.331430134021635,0.9434797646279443,-0.6756379604339582,-0.0003330351804673889,0.0005292412691322967
1782.866666666,-0.16351251021527918,-0.7052770931661164,0.0,0.0,-0.3314223080054993,0.943482513752273,-0.6756213707729453,-0.0003325237727903526,0.0005068534585460246
1782.916666666,-0.16352993778504335,-0.7052631264264406,0.0,0.0,-0.3314079415548951,0.9434875602117642,-0.6755909167645809,-0.0003295448221050768,0.00047382046222797347
1782.933333333,-0.16352937908710471,-0.7052635741664056,0.0,0.0,-0.3314102885118367,0.943486735820118,-0.6755958918338153,-0.0003288544215184447,0.0004683332536231246
1782.966666666,-0.16353758998961437,-0.7052569940356107,0.0,0.0,-0.3314050251128971,0.9434885846314836,-0.6755847345094296,-0.0003264124490240541,0.0004368366755216442
1783.016666666,-0.16355516271108994,-0.7052429119732725,0.0,0.0,-0.33139087428428127,0.9434935550607114,-0.675554737768458,-0.00032472480313952486,0.00040632779576608524
1783.033333333,-0.16355426145238552,-0.7052436341883828,0.0,0.0,-0.33139375622737377,0.9434925428075793,-0.6755608468608265,-0.0003216819264799519,0.00039162207670620535
1783.066666666,-0.1635628134556604,-0.70523678116806,0.0,0.0,-0.3313882425670797,0.9434944794159118,-0.6755491591062652,-0.0003219887711850801,0.00036221063911213986
1783.116666666,-0.16358008899021156,-0.7052229381988562,0.0,0.0,-0.3313766716093849,0.9434985434610305,-0.6755246312833121,-0.00032132394097617755,0.000327531480706902
1783.133333333,-0.1635795435650744,-0.7052233752414947,0.0,0.0,-0.3313778105872979,0.9434981434270917,-0.6755270456551463,-0.0003214262225446108,0.00034289566479989023
1783.166666666,-0.16358755535946956,-0.705216955550521,0.0,0.0,-0.33137361707532487,0.9434996162725324,-0.6755181563770293,-0.0003198919990816642,0.00032928738836936634
1783.216666666,-0.16360460181644715,-0.7052032969583075,0.0,0.0,-0.331364203221107,0.9435029225305245,-0.675498201228005,-0.0003170856485115827,0.00028807845117764737
1783.233333333,-0.16360418109871439,-0.7052036340565465,0.0,0.0,-0.3313659030670681,0.9435023255321348,-0.6755018044950607,-0.0003207805701696416,0.000303113402753804
1783.266666666,-0.16361230114662365,-0.7051971279639563,0.0,0.0,-0.3313619425105989,0.9435037165033334,-0.6754934090657277,-0.000317456419093465,0.0002833594505985658
1783.316666666,-0.16362947265655692,-0.7051833698586151,0.0,0.0,-0.33135201952212734,0.9435072014344181,-0.6754723747656564,-0.0003167724111011997,0.00026431883668319016
1783.333333333,-0.16362881080251623,-0.7051839001386045,0.0,0.0,-0.33135407315231435,0.9435064802137666,-0.6754767279512363,-0.0003158774473777582,0.00025268595444145626
1783.366666666,-0.16363719208870262,-0.7051771850588575,0.0,0.0,-0.33134962074202196,0.9435080438629647,-0.6754672899522478,-0.00031871576107087615,0.0002559782807236014
1783.416666666,-0.16365402968577888,-0.7051636951826781,0.0,0.0,-0.3313417082039722,0.9435108226218042,-0.6754505173842777,-0.00031706647078084694,0.00024182128237479442
1783.433333333,-0.16365367380831006,-0.7051639803003601,0.0,0.0,-0.3313438653867762,0.9435100650605429,-0.6754550900582064,-0.00031756509342670627,0.0002360048412540263
1783.466666666,-0.16366171765788412,-0.7051575358675521,0.0,0.0,-0.3313394733607606,0.9435116074500693,-0.6754457800940877,-0.00031697697442690235,0.00024149205072803982
1783.516666666,-0.16365641604204173,-0.7051617832725096,0.0,0.0,-0.3313404742946296,0.9435112559446283,-0.6754479018147905,-0.00023036366121048966,0.0001676890930423506
1783.533333333,-0.16361720782507252,-0.7051931953074018,0.0,0.0,-0.3313401377738014,0.9435113741233003,-0.6754471884776576,6.598439800079214e-05,0.00019808822871165513
1783.566666666,-0.16335350958665443,-0.7054044727962524,0.0,0.0,-0.33137296992783233,0.9434998435618355,-0.6755167845748506,0.002157808750404021,-0.0002761163562054878
1783.616666666,-0.16264867722744497,-0.7059692804592521,0.0,0.0,-0.33140637979197046,0.9434881087926759,-0.6755876061486565,0.005730548741698178,-0.0006509475805042458
1783.633333333,-0.16233428423719673,-0.7062212366774122,0.0,0.0,-0.3314154915009791,0.9434849081957615,-0.675606921123331,0.008145186437801863,-0.0007394013832085114
1783.666666666,-0.16154486391493436,-0.7068539146277324,0.0,0.0,-0.3314284946155123,0.9434803405248544,-0.6756344852017724,0.014277017795051814,-0.0009606456373772961
1783.716666666,-0.16005970807552045,-0.7080442525553498,0.0,0.0,-0.331441212929411,0.9434758727025725,-0.6756614456872554,0.021766886209123266,-0.0010966735390745383
1783.733333333,-0.15948498805796285,-0.7085049019316267,0.0,0.0,-0.33144632094626336,0.9434740782507947,-0.6756722737791183,0.025884729367270497,-0.001165922111664486
1783.766666666,-0.15826465456933753,-0.7094830514109505,0.0,0.0,-0.3314541727775476,0.9434713198334922,-0.6756889183122184,0.033241139606484935,-0.0008482127185528992
1783.816666666,-0.15643524376086118,-0.710949464498807,0.0,0.0,-0.3314660108797784,0.9434671608654148,-0.6757140131467385,0.03914010129384134,-0.0006592332516501373
1783.833333333,-0.15582434571668435,-0.7114391634509468,0.0,0.0,-0.33147058389363504,0.9434655542271868,-0.6757237072154673,0.04142039214993202,-0.000601507817131453
1783.866666666,-0.154602994873341,-0.7124182310062462,0.0,0.0,-0.33147831485784,0.9434628380487525,-0.6757400956788272,0.04474240808455117,-0.0005344541266205797
1783.916666666,-0.1527707775672372,-0.7138870505368078,0.0,0.0,-0.3314906532925507,0.9434585029452424,-0.6757662513736988,0.04665994459562625,-0.0005303935922293787
1783.933333333,-0.15215969217245537,-0.7143769518494514,0.0,0.0,-0.3314949846736687,0.9434569810734372,-0.6757754333029474,0.04693996595948339,-0.0005205166167407224
1783.966666666,-0.15093851158787655,-0.7153559865011269,0.0,0.0,-0.3315026465418821,0.9434542889487164,-0.6757916754407417,0.046947253520588254,-0.0005181022449944393
1784.016666666,-0.14910634277753798,-0.71682492102859,0.0,0.0,-0.33151474327579156,0.943450038417926,-0.6758173189961332,0.04696781850848676,-0.0005215591864105842
1784.033333333,-0.1484954103638676,-0.7173147508494856,0.0,0.0,-0.33151897970823385,0.9434485497859497,-0.675826299727729,0.046968470553485256,-0.000517279163698988
1784.066666666,-0.1472740911888869,-0.7182939975769468,0.0,0.0,-0.3315263567793221,0.943445957519894,-0.6758419382725647,0.04696899474657544,-0.0005127796526963604
1784.116666666,-0.14544200959834105,-0.7197630136347665,0.0,0.0,-0.3315384188939953,0.9434417188132342,-0.6758675086651733,0.04696931437653422,-0.000509816560034033
1784.133333333,-0.14483111354565129,-0.7202528649595762,0.0,0.0,-0.3315429227598276,0.9434401360806477,-0.6758770564083362,0.046968240420001986,-0.0005120114434749766
1784.166666666,-0.14360984095646878,-0.7212321765985122,0.0,0.0,-0.33155042055802664,0.9434375011773677,-0.6758929510229119,0.04696971071756909,-0.0005099263042577821
1784.216666666,-0.14177784280710767,-0.7227012796834594,0.0,0.0,-0.33156266375310844,0.9434331984856921,-0.6759189055201308,0.04696946779884646,-0.0005113529785081798
1784.233333333,-0.141166875435011,-0.7231912396254796,0.0,0.0,-0.33156701227407553,0.9434316702186984,-0.6759281240307707,0.04697011984384493,-0.000512779652745319
1784.266666666,-0.13994587785152499,-0.7241704343786548,0.0,0.0,-0.3315749500322788,0.9434288804732934,-0.6759449514708278,0.04696841941272287,-0.0005199130239970396
1784.316666666,-0.13811389053328701,-0.7256396838027801,0.0,0.0,-0.33158661504304543,0.9434247806392915,-0.6759696804914337,0.04696898196134519,-0.0005168401871192559
1784.333333333,-0.13750298616019174,-0.7261296439629115,0.0,0.0,-0.33159074782685816,0.9434233280747434,-0.6759784417346808,0.046969429443271024,-0.0005121211877203106
1784.366666666,-0.13628193745008246,-0.7271089793188512,0.0,0.0,-0.3315982368635669,0.9434206958239647,-0.6759943180585609,0.04696847055353668,-0.0005120114436011332
1784.416666666,-0.13445012730843073,-0.7285782350875782,0.0,0.0,-0.3316099276567512,0.9434165866039691,-0.6760191019512538,0.046967869649267115,-0.0005075119324685596
1784.433333333,-0.1338392024724017,-0.7290682616887345,0.0,0.0,-0.33161444865832146,0.9434149974645504,-0.6760286862758083,0.046967920790051305,-0.0005097068159104635
1784.466666666,-0.13261826679588812,-0.7300476085547263,0.0,0.0,-0.3316222999979137,0.9434122376480463,-0.6760453308089082,0.04696820206431453,-0.0005086093740906535
1784.516666666,-0.13078637661052292,-0.7315170846553113,0.0,0.0,-0.3316348707212799,0.9434078187728147,-0.6760719803525639,0.04696857283500071,-0.0005153037687331691
1784.533333333,-0.13017546103880143,-0.7320071568606114,0.0,0.0,-0.33163933991416367,0.943406247711609,-0.6760814549329438,0.0469690458872545,-0.0005195837914445866
1784.566666666,-0.12895458521525544,-0.7329865613131945,0.0,0.0,-0.331647096275652,0.943403521051267,-0.6760978982683912,0.04696849612381522,-0.000522985860700192
1784.616666666,-0.12712275226262681,-0.734456149621882,0.0,0.0,-0.3316593907960407,0.9433991989061679,-0.6761239625097842,0.046970139021562954,-0.000529076662300148
1784.633333333,-0.126512051670514,-0.7349461016035246,0.0,0.0,-0.3316639117142857,0.9433976095297139,-0.6761335468343386,0.04696880936110979,-0.0005290766622991847
1784.666666666,-0.1252911703662833,-0.7359256150013277,0.0,0.0,-0.33167168526010155,0.9433948766008453,-0.6761500267511772,0.04696918013182819,-0.0005280889647571181
1784.716666666,-0.12345951202961605,-0.7373952200547058,0.0,0.0,-0.33168400555073674,0.9433905450352038,-0.6761761458646572,0.0469686367609944,-0.0005270463950578935
1784.733333333,-0.12284859251562064,-0.7378853997160018,0.0,0.0,-0.3316881899503033,0.9433890738436033,-0.6761850168520788,0.046969058672463995,-0.0005234248373790293
1784.766666666,-0.12162790389700073,-0.7388648621417253,0.0,0.0,-0.33169604538794767,0.9433863118966676,-0.6762016705305265,0.04696840023484176,-0.00052468689534139
1784.816666666,-0.11979620222469674,-0.7403346566356933,0.0,0.0,-0.3317081973293752,0.9433820391678529,-0.6762274329754403,0.046968703883243604,-0.0005225194479530602
1784.833333333,-0.11918546333919702,-0.7408247430551832,0.0,0.0,-0.3317125671833916,0.9433805026459917,-0.6762366972128194,0.04696938789129633,-0.000520598924942648
1784.866666666,-0.11796465482599874,-0.7418044050541478,0.0,0.0,-0.3317203319607279,0.9433777723499025,-0.6762531588389624,0.04696960523963951,-0.0005204891807605598
1784.916666666,-0.11613313679937612,-0.7432742053948663,0.0,0.0,-0.3317319445746737,0.9433736889211537,-0.6762777781153939,0.0469693719097568,-0.0005137124780663896
1784.933333333,-0.11552248330250665,-0.7437642739510485,0.0,0.0,-0.33173642223333955,0.9433721143662365,-0.6762872709864698,0.046967709834270524,-0.0005174437799177333
1784.966666666,-0.11430174920933342,-0.7447439776157501,0.0,0.0,-0.33174407478489504,0.9433694233147023,-0.6763034948335683,0.04696882853888679,-0.0005148647918043984
1785.016666666,-0.11247017685192567,-0.7462139758059747,0.0,0.0,-0.33175639474311547,0.9433650908036878,-0.6763296139470484,0.04696866552764685,-0.0005169224950335966
1785.033333333,-0.11185947484234395,-0.7467041354108328,0.0,0.0,-0.3317609370663762,0.9433634933772029,-0.6763392439983421,0.04696876780921526,-0.0005191173784756791
1785.066666666,-0.1106387544711792,-0.74768393276993,0.0,0.0,-0.3317687750362895,0.9433607368927964,-0.6763558610953984,0.046968863698270344,-0.0005200502039214951
1785.116666666,-0.10880746719026402,-0.7491538572039725,0.0,0.0,-0.33178038744053134,0.9433566528677322,-0.67638048037183,0.0469685728351147,-0.0005201325120493194
1785.133333333,-0.10819676756638755,-0.7496440657373228,0.0,0.0,-0.33178470972674545,0.9433551327000554,-0.6763896440103828,0.046969314376421364,-0.0005181571169504627
1785.166666666,-0.10697602385103379,-0.7506239812414284,0.0,0.0,-0.33179203646047056,0.9433525558037217,-0.6764051773837183,0.04697015500313083,-0.0005140142745711409
1785.216666666,-0.10514470064743878,-0.7520940855893902,0.0,0.0,-0.33180435619840465,0.9433482226663504,-0.6764312964971982,0.046969657978626345,-0.000513890812381375
1785.233333333,-0.10453410600387535,-0.7525842606593095,0.0,0.0,-0.33180847354918364,0.9433467744583435,-0.676440025731728,0.046969213693063575,-0.0005084859119051038
1785.266666666,-0.10331358603456088,-0.7535640983253311,0.0,0.0,-0.3318160482502922,0.9433441101334973,-0.6764560849625652,0.04696842740336054,-0.0005051387147527802
1785.316666666,-0.10148234351325873,-0.7550342882831883,0.0,0.0,-0.33182764643070534,0.943340030457872,-0.676480674516616,0.0469693311569027,-0.0005044048006181192
1785.333333333,-0.10087165483197053,-0.7555245887358294,0.0,0.0,-0.33183204628518637,0.943338482761191,-0.6764900027714303,0.04696962521647598,-0.0005053924981681905
1785.366666666,-0.09965115235634146,-0.7565045128614927,0.0,0.0,-0.3318396640553857,0.9433358030731203,-0.676506153455746,0.046968528885852734,-0.0005090963640081122
1785.416666666,-0.09781997422422294,-0.7579748023752293,0.0,0.0,-0.33185135110059744,0.9433316918097833,-0.6765309316325965,0.04696884731706865,-0.0005028512346601538
1785.433333333,-0.09720946442106955,-0.7584650099390874,0.0,0.0,-0.3318559989447906,0.9433300567480902,-0.6765407857449127,0.046968572435353635,-0.0005096005012440371
1785.466666666,-0.09598874534521425,-0.7594452103461474,0.0,0.0,-0.33186368188906407,0.943327353914342,-0.6765570747526148,0.04697086657909101,-0.0005109791623121767
1785.516666666,-0.09425695995583314,-0.7608358397814454,0.0,0.0,-0.3318750290058971,0.9433233619084894,-0.6765811324475294,0.04658814621872693,-0.0005112698127882896
1785.533333333,-0.09378760095565258,-0.761212748603276,0.0,0.0,-0.33187875277573964,0.9433220518232464,-0.6765890274548593,0.045500974452607375,-0.0005026703280530327
1785.566666666,-0.09309393250243965,-0.7617697959279737,0.0,0.0,-0.3318850122021468,0.9433198496138947,-0.6766022984977685,0.04144762528074465,-0.00048539247958593993
1785.616666666,-0.0924975301756464,-0.7622487512344064,0.0,0.0,-0.33189522006646144,0.9433162581536667,-0.6766239409634724,0.03531461497926734,-0.00047356411532886017
1785.633333333,-0.0924181107695958,-0.7623125327656024,0.0,0.0,-0.3318979607409289,0.9433152938736935,-0.6766297516888672,0.03122801963932937,-0.00044930379428552913
1785.666666666,-0.0924145991709346,-0.7623153529350098,0.0,0.0,-0.3319068497161947,0.9433121663115934,-0.6766485979644639,0.021861740552166484,-0.00046464740632681334
1785.716666666,-0.09243539148733027,-0.7622986545421907,0.0,0.0,-0.3318987997113449,0.9433149986882264,-0.6766315304590255,0.01277720927944603,-0.00026214625832982844
1785.733333333,-0.0924519979157235,-0.762285318127078,0.0,0.0,-0.3318886139672866,0.9433185824093966,-0.6766099348632293,0.009037645911932124,-8.520264311242978e-05
1785.766666666,-0.09246328132795764,-0.7622762569258471,0.0,0.0,-0.33187984301369255,0.9433216682559596,-0.6765913389415301,0.003612915843961616,0.00010599915095654143
1785.816666666,-0.0924717810730424,-0.7622694313446697,0.0,0.0,-0.3318749757610057,0.9433233806408234,-0.6765810195596417,0.0003215268952873353,0.00021250587252884837
1785.833333333,-0.09248128944982352,-0.7622617960487115,0.0,0.0,-0.33186644200662674,0.9433263828971722,-0.676562926632075,-0.00036280232135683455,0.00035592778743006475
1785.866666666,-0.09248990974217099,-0.7622548740631853,0.0,0.0,-0.33186130243790607,0.943328191004709,-0.676552029950103,-0.00045615822909997946,0.0005343855429094215
1785.916666666,-0.09249724272592551,-0.762248985861528,0.0,0.0,-0.3318590718016263,0.943328975735911,-0.6765473006620923,-0.0004080435393313955,0.00042895568952576197
1785.933333333,-0.09250637512133866,-0.762241652976082,0.0,0.0,-0.33185127615269583,0.9433317181754397,-0.6765307727321775,-0.0003505237413833394,0.0003985496948455937
1785.966666666,-0.09251476664651137,-0.7622349151151777,0.0,0.0,-0.3318468801041265,0.9433332646340621,-0.6765214524795427,-0.0003282663115607125,0.00034289567941996003
1786.016666666,-0.09252257680261056,-0.76222864419503,0.0,0.0,-0.3318427088927862,0.943334731977307,-0.6765126089281648,-0.000326692933259934,0.0003441097240220757
1786.033333333,-0.09253155325930155,-0.7622214370232478,0.0,0.0,-0.33183555160526274,0.9433372497102142,-0.6764974345097329,-0.0003225960770010741,0.00032659866956253394
1786.066666666,-0.0925398250755105,-0.7622147957598601,0.0,0.0,-0.331830601774934,0.9433389908859302,-0.6764869402230668,-0.00031991118574681076,0.00032418429707645386
1786.116666666,-0.0925473636584564,-0.7622087432913771,0.0,0.0,-0.3318281942561176,0.9433398377555802,-0.676481835975794,-0.0003212252641859942,0.0003326586046776436
1786.133333333,-0.09255618517342085,-0.7622016609478062,0.0,0.0,-0.3318223709093945,0.9433418861494851,-0.6764694897561867,-0.0003188296380755435,0.0003075683433330263
1786.166666666,-0.09256407166343845,-0.7621953293883418,0.0,0.0,-0.33181880140728187,0.9433431417213117,-0.676461921980835,-0.0003149405412214795,0.00029705347895106124
1786.216666666,-0.0925712828365728,-0.7621895400592137,0.0,0.0,-0.33181738492831403,0.9433436399633672,-0.6764589188772323,-0.0003117286602096379,0.00027282402313204014
1786.233333333,-0.09258035095585684,-0.7621822600697165,0.0,0.0,-0.3318116677808189,0.9433456509278619,-0.676446797861816,-0.0003124310469176086,0.0002545036054039809
1786.266666666,-0.09258846688609311,-0.7621757445857289,0.0,0.0,-0.3318092888227107,0.9433464876973714,-0.6764417542024729,-0.0003112292385156164,0.00022179984099580848
1786.316666666,-0.09259923662280875,-0.7621670993457572,0.0,0.0,-0.33177478937934635,0.9433586216981803,-0.6763686119966481,-0.0003247040364176113,0.0004182487744034976
1786.333333333,-0.09261803690767492,-0.762152012668717,0.0,0.0,-0.331658769600572,0.9433994172920792,-0.6761226455796925,-0.00040145836274692434,0.0018199699304610388
1786.366666666,-0.0926195548569336,-0.7621507987991712,0.0,0.0,-0.3312922402912686,0.9435281932845422,-0.6753456591120846,-0.00035243832135425706,0.006436482144517169
1786.416666666,-0.09262232230979463,-0.7621485904487779,0.0,0.0,-0.32976599126433886,0.9440627050177589,-0.6721113805495219,-0.0003394333791113933,0.01854139486580182
1786.433333333,-0.09261847035057932,-0.7621516507157283,0.0,0.0,-0.32905657479381395,0.9443102088746913,-0.670608676434393,-0.0002401427475229786,0.02748489328521777
1786.466666666,-0.09260736257345215,-0.7621604298804864,0.0,0.0,-0.32720869303515515,0.9449520999512228,-0.6666962897620856,-9.274701038532518e-05,0.050928951625845695
1786.516666666,-0.09260332689081624,-0.7621636158365444,0.0,0.0,-0.32344628382415674,0.9462465331404618,-0.6587385762115134,-1.2000905139081459e-05,0.08176306910391837
1786.533333333,-0.09260839838975143,-0.7621597036269572,0.0,0.0,-0.321861137217092,0.9467868864476949,-0.6553891451445756,9.419932583880294e-05,0.1003838566314174
1786.566666666,-0.09260101579911523,-0.7621652920047718,0.0,0.0,-0.31834875654746875,0.9479736648265502,-0.6479742205641796,0.00016141590353667176,0.14021148573547165
1786.616666666,-0.09257744905571466,-0.7621829155964429,0.0,0.0,-0.31220809731110516,0.9500137388340126,-0.6350328537271753,0.0002971934888219863,0.17905827908906197
1786.633333333,-0.09257865699295113,-0.7621820301103276,0.0,0.0,-0.3098661917958493,0.950780176056452,-0.6301045880968718,0.00025868927277216015,0.19961164776866241
1786.666666666,-0.09256972774895866,-0.7621885739642469,0.0,0.0,-0.3047520580428754,0.9524317209745966,-0.6193561865088749,0.00024016032157219179,0.24062773771948912
1786.716666666,-0.09256825735398769,-0.7621896985561543,0.0,0.0,-0.29631006981015134,0.9550917979592869,-0.6016537927314943,0.0002325491341853256,0.2801633712207946
1786.733333333,-0.09257306227447376,-0.7621864202930236,0.0,0.0,-0.29351506214394724,0.9559544488596906,-0.5958035822973727,0.00023607944644428122,0.2951680471238211
1786.766666666,-0.09258039894811283,-0.7621815188185175,0.0,0.0,-0.2878178438881664,0.9576851720370151,-0.583894963012487,0.00012758426566606597,0.3221302155371931
1786.816666666,-0.09259188060807581,-0.7621740883767094,0.0,0.0,-0.27920123313582973,0.9602326131804898,-0.5659243224644338,-4.884584874766545e-05,0.34327225908631076
1786.833333333,-0.09259706671652385,-0.7621708152508194,0.0,0.0,-0.2763897517322541,0.9610456311421341,-0.5600709706033232,-7.665524830299904e-05,0.3488227763605517
1786.866666666,-0.09260607294731875,-0.7621652507005588,0.0,0.0,-0.2706607223409462,0.9626748014682203,-0.548158610871164,-0.0002065959888516413,0.35580652518039624
1786.916666666,-0.09261947057249197,-0.7621572438939115,0.0,0.0,-0.26199978161079546,0.9650679325497742,-0.530187577073153,-0.0003005847597760829,0.35732457516118854
1786.933333333,-0.09262534761536403,-0.762153822023387,0.0,0.0,-0.25917430639562405,0.9658305642835845,-0.5243343989736517,-0.0003064883240514875,0.3573423811531099
1786.966666666,-0.09263566724652883,-0.7621479439251447,0.0,0.0,-0.25341709367625376,0.9673571091549805,-0.5124220621048621,-0.00032480631420300066,0.35736468665624255
1787.016666666,-0.09265101056754631,-0.7621395021822265,0.0,0.0,-0.24471440203103698,0.9695952049379122,-0.494450255524957,-0.00034002549218330007,0.3573696937341538
1787.033333333,-0.09265764108754286,-0.7621359525547204,0.0,0.0,-0.24187566265493388,0.9703072522738541,-0.4885968945184987,-0.0003483550474090421,0.35736974860624043
1787.066666666,-0.09266932047778483,-0.7621298416815928,0.0,0.0,-0.236091884187296,0.9717307354513864,-0.4766841278183598,-0.0003639242203987746,0.35737219041411067
1787.116666666,-0.09268664019537089,-0.7621211035727421,0.0,0.0,-0.22734996369493252,0.9738131206796882,-0.4587110317444069,-0.0003788701148140384,0.35738086020431276
1787.133333333,-0.09269402567269328,-0.7621174831434572,0.0,0.0,-0.22449897649159037,0.9744743247280702,-0.4528577164646878,-0.0003874170183718594,0.35738168328512415
1787.166666666,-0.092707010430173,-0.7621112693206609,0.0,0.0,-0.21869048494872284,0.9757942773929823,-0.4409445382238954,-0.0004025291205987422,0.3573867315170628
1787.216666666,-0.09272618135019046,-0.7621024411198081,0.0,0.0,-0.20991240165772915,0.9777201970043803,-0.42297072881280967,-0.00041669511804255926,0.3573959500276029
1787.233333333,-0.09273428489584026,-0.7620988218710525,0.0,0.0,-0.20704999184487458,0.9783303638735933,-0.4171172854982205,-0.000424820110131445,0.35739644387637715
1787.266666666,-0.09274858813643048,-0.7620925947779693,0.0,0.0,-0.20121835292247953,0.9795464126049181,-0.40520311041451157,-0.0004393313081172542,0.3574048941775653
1787.316666666,-0.0927695702200711,-0.7620838270114617,0.0,0.0,-0.1924063850391395,0.9813153331096842,-0.38722752680594164,-0.0004525639862320163,0.3574168562924124
1787.333333333,-0.0927783767294453,-0.7620802655859626,0.0,0.0,-0.18953357315210032,0.9818742407499025,-0.381374174944831,-0.00046020953346979953,0.357417075781236
1787.366666666,-0.09279387288344453,-0.7620741681254619,0.0,0.0,-0.1836808283190524,0.982985937492509,-0.36945937797746786,-0.0004737554491382171,0.35742678814045936
1787.416666666,-0.0928160567536349,-0.7620658177156882,0.0,0.0,-0.17483815120662208,0.9845971871190017,-0.35148277008993795,-0.00048341786122905117,0.3574371315283758
1787.433333333,-0.09282568186273875,-0.7620623200202735,0.0,0.0,-0.17195559343086034,0.9851047019925551,-0.3456289792521302,-0.0004916131718962605,0.35743921666764583
1787.466666666,-0.09284212400327078,-0.7620565214951686,0.0,0.0,-0.1660835457406143,0.9861116852741505,-0.3337134323662428,-0.0005026212261643792,0.35744744748070423
1787.516666666,-0.09286605564813417,-0.7620484745619637,0.0,0.0,-0.15721277117116944,0.9875647546265923,-0.3157353795137513,-0.0005127375126857875,0.3574602601128559
1787.533333333,-0.09287631053462826,-0.7620451578555788,0.0,0.0,-0.15432156700066055,0.9880206748638718,-0.3098815155131607,-0.0005204086303149915,0.35746333294967464
1787.566666666,-0.09289380354524988,-0.7620396834622343,0.0,0.0,-0.14843188084835138,0.9889226343591397,-0.29796479802274756,-0.0005304705800547846,0.35747485608788904
1787.616666666,-0.09291886011637002,-0.7620322467976889,0.0,0.0,-0.1395356917604709,0.9902170422311095,-0.2799850075541633,-0.0005398357363180113,0.3574901654005056
1787.633333333,-0.09292970660482716,-0.7620291623609097,0.0,0.0,-0.13663689085044298,0.9906211990759758,-0.2741313264605298,-0.000546049341596715,0.35748950693499376
1787.666666666,-0.09294808905721894,-0.7620241237469971,0.0,0.0,-0.13073183344967249,0.9914177664954805,-0.26221422486550655,-0.0005558044465508132,0.3574988351895624
1787.716666666,-0.09297427023600356,-0.7620173616522073,0.0,0.0,-0.12181305751045868,0.9925530610601903,-0.2442326784901337,-0.0005617687406511711,0.3575119496183627
1787.733333333,-0.09298561731704758,-0.7620145691207884,0.0,0.0,-0.11890760433063464,0.9929053235995612,-0.23837921688484887,-0.0005672152341678313,0.35750953524657636
1787.766666666,-0.09300472398025585,-0.762010059860043,0.0,0.0,-0.11298888819933926,0.9935962515747919,-0.22646138366199714,-0.0005750269892634883,0.3575162296409689
1787.816666666,-0.09303176281789263,-0.76200409889868,0.0,0.0,-0.10405058847968728,0.9945720059588601,-0.20847852035653275,-0.0005808250757768434,0.3575305512555502
1787.833333333,-0.09304356960713059,-0.7620016372241263,0.0,0.0,-0.10113930247448376,0.9948722739603184,-0.20262505875124792,-0.0005855300279236691,0.35752923432596406
1787.866666666,-0.09306318690674727,-0.7619977424410757,0.0,0.0,-0.09520904442592948,0.9954573008720672,-0.1907069511679605,-0.000591168299621952,0.3575352702552314
1787.916666666,-0.09309075903958353,-0.7619926902485032,0.0,0.0,-0.08625415613291933,0.9962731656276796,-0.1727229355486662,-0.0005947737249772073,0.3575471226254098
1787.933333333,-0.09310284160186605,-0.7619906187244311,0.0,0.0,-0.08333834117319083,0.9965213098025053,-0.16687022386190564,-0.0005982129427143053,0.3575426231143541
1787.966666666,-0.09312282336133168,-0.7619873896982683,0.0,0.0,-0.0773983993071403,0.9970002446261949,-0.15495176875539965,-0.0006018695089652544,0.35754635441586263
1788.016666666,-0.09315066181949426,-0.7619833114806642,0.0,0.0,-0.06843011073896327,0.9976559125992555,-0.1369672592873211,-0.0006034420881125979,0.357556780112195
1788.033333333,-0.09316295008714409,-0.7619816544120479,0.0,0.0,-0.06551048995655023,0.9978518806444435,-0.13111487683308334,-0.0006054749342843688,0.35755030520604186
1788.066666666,-0.09318307685846566,-0.7619791369826535,0.0,0.0,-0.05956286248401396,0.9982245566067339,-0.11919627540101162,-0.0006071753654769578,0.3575532682983328
1788.116666666,-0.09321087184384311,-0.7619760762692763,0.0,0.0,-0.05058387481685038,0.9987198163691923,-0.10121094285162584,-0.0006065616760733935,0.35756138936755744
1788.133333333,-0.09322322421793745,-0.7619748582891914,0.0,0.0,-0.04766167400572391,0.9988635366410029,-0.0953594749321739,-0.0006074822101879493,0.35755392676337616
1788.166666666,-0.0932432307841273,-0.7619730801454391,0.0,0.0,-0.04170836215266357,0.9991298276633234,-0.0834409283721893,-0.0006065488909116431,0.3575544754838021
1788.216666666,-0.09327061596151598,-0.7619710527755131,0.0,0.0,-0.032721882595535934,0.9994644958173372,-0.06545544949723776,-0.000603467658634774,0.3575591944832351
1788.233333333,-0.09328294230617083,-0.7619702810026017,0.0,0.0,-0.0297978994471577,0.9995559440014036,-0.05960462175213585,-0.0006031735991256252,0.35754986622860674
1788.266666666,-0.09330258689280628,-0.7619692419835785,0.0,0.0,-0.02384116256589227,0.9997157590873051,-0.04768684340137116,-0.0005995042478205692,0.3575449277403563
1788.316666666,-0.09332924136158675,-0.7619682255669868,0.0,0.0,-0.014850346720617044,0.9998897275211289,-0.02970178521242115,-0.0005941025024200257,0.3575460800540788
1788.333333333,-0.09334140848790946,-0.7619678996922656,0.0,0.0,-0.011925635013430611,0.99992888708624,-0.02385183542071347,-0.0005926577752674645,0.3575369712882742
1788.366666666,-0.0933605066911052,-0.7619675742058264,0.0,0.0,-0.00596724919044955,0.999982195810055,-0.011934569209428876,-0.0005867510145856341,0.35752928919570126
1788.416666666,-0.0933859658877312,-0.7619675152134279,0.0,0.0,0.003024819191127265,0.9999954252239662,0.006049647607518306,-0.0005784662074339603,0.35752665533492584
1788.433333333,-0.0933978641476489,-0.7619676219947684,0.0,0.0,0.00594943436906334,0.9999823019587337,0.011898938934180262,-0.0005757557458716408,0.35751743682447046
1788.466666666,-0.09341609678477031,-0.761967964338341,0.0,0.0,0.011907290748231568,0.9999291057005177,0.023815144285113457,-0.0005671385235353967,0.3575079988250382
1788.516666666,-0.09344017882077509,-0.7619687706132944,0.0,0.0,0.0208976470715574,0.9997816203285959,0.04179833682310064,-0.0005566418774302953,0.3575034993137819
1788.533333333,-0.09345163991605679,-0.761969283522951,0.0,0.0,0.023820975372622125,0.9997162403063666,0.04764645754523686,-0.000552448333126377,0.3574925248965725
1788.566666666,-0.09346888263631903,-0.7619702257326396,0.0,0.0,0.02977647226403022,0.9995565825402329,0.05956174836138435,-0.0005414530642453297,0.35748067252532845
1788.616666666,-0.09349115173841156,-0.7619717713326837,0.0,0.0,0.038761952522750054,0.9992484731219878,0.07754333131814865,-0.0005286550828205405,0.3574711247826654
1788.633333333,-0.09350205619083471,-0.7619726506796647,0.0,0.0,0.04168322518004955,0.9991308766816234,0.08339061066828202,-0.0005229017445977525,0.35745905292325675
1788.666666666,-0.09351799566295382,-0.761974095813773,0.0,0.0,0.0476342873942101,0.9988648430415628,0.09530463942642521,-0.0005095156439635656,0.35744599336604044
1788.716666666,-0.09353826890684255,-0.7619762345351082,0.0,0.0,0.05661226972219039,0.9983962394344752,0.11328510665075096,-0.0004944291124109668,0.35743611639035805
1788.733333333,-0.09354852330671831,-0.7619774315755062,0.0,0.0,0.05953060017531093,0.9982264811368046,0.11913163608236008,-0.0004875378917407916,0.3574265686473864
1788.766666666,-0.09356309436748356,-0.7619792811733694,0.0,0.0,0.06547550197267951,0.9978541770426307,0.13104475030571752,-0.00047205501888251695,0.35741350909026187
1788.816666666,-0.09358111340672631,-0.7619818377770435,0.0,0.0,0.0744431118643879,0.9972252619623844,0.14902408350690896,-0.00045552376014537725,0.3574065952072229
1788.833333333,-0.09359062129804588,-0.7619832936937843,0.0,0.0,0.07735751451547157,0.9970034177213178,0.1548697532758195,-0.0004475969385961077,0.35739693772055764
1788.866666666,-0.09360359622723295,-0.7619854161272029,0.0,0.0,0.08329413133763837,0.9965250060508809,0.16678149569699835,-0.0004304519902032176,0.35738321969846
1788.916666666,-0.09361927596917742,-0.7619882175459687,0.0,0.0,0.0922485808497589,0.995736008855362,0.18475984120062125,-0.0004126166414477513,0.35737586683827205
1788.933333333,-0.09362795747971148,-0.7619898663170712,0.0,0.0,0.09515823597575783,0.9954621590628053,0.19060487079518182,-0.0004036925746057636,0.3573668678161605
1788.966666666,-0.09363929971268137,-0.761992142717426,0.0,0.0,0.10108498455924625,0.9948777944534982,0.2025158632978364,-0.0003849750470535774,0.35735413749169764
1789.016666666,-0.09365246306173602,-0.7619949859778008,0.0,0.0,0.11002351754652619,0.9939289841767818,0.22049342230154356,-0.0003659954232369376,0.3573477174575032
1789.033333333,-0.0936602759780824,-0.7619967611404408,0.0,0.0,0.11292760671756323,0.993603218413187,0.22633803121010265,-0.00035635538541627587,0.35734135229552194
1789.066666666,-0.09366992679189302,-0.7619990618689431,0.0,0.0,0.11884256070780735,0.992913110883531,0.2382482006314501,-0.0003369985980225025,0.35733191429641287
1789.116666666,-0.09368055884832223,-0.7620017620587681,0.0,0.0,0.127762208498228,0.9918048286228774,0.2562247353561973,-0.00031718154384942343,0.35732467118144257
1789.133333333,-0.09368748565700578,-0.7620035984140523,0.0,0.0,0.13066000543897227,0.9914272353424066,0.2620693259740608,-0.00030715795014669197,0.35732203732083434
1789.166666666,-0.09369540028080206,-0.7620057895388409,0.0,0.0,0.1365617050402312,0.9906315665859355,0.2739795319767996,-0.0002870212657426395,0.35731731832128943
1789.216666666,-0.0937036109346921,-0.7620081935029812,0.0,0.0,0.1454600126008864,0.9893641315178906,0.29195582892250244,-0.00026751744887145996,0.35731210547304443
1789.233333333,-0.0937096521652091,-0.7620100284243863,0.0,0.0,0.14835056536958227,0.9889348359495308,0.29780034637758307,-0.00025732764762070913,0.35731155675218407
1789.266666666,-0.09371594437217401,-0.7620120180317578,0.0,0.0,0.15423713598973995,0.9880338586716968,0.3097106072524091,-0.0002373955263495733,0.35731210547307735
1789.316666666,-0.09372187256916927,-0.7620139902386858,0.0,0.0,0.1631113542456765,0.9866076657497354,0.3276868493260248,-0.00021869717683945775,0.3573107336709144
1789.333333333,-0.09372701200661869,-0.7620157541224554,0.0,0.0,0.1659938036074963,0.9861267956829466,0.3335314216531925,-0.00020830281245254136,0.3573106239272206
1789.366666666,-0.09373182084040466,-0.7620174692751728,0.0,0.0,0.17186365455969888,0.9851207460212096,0.3454423227023686,-0.00018966199600530697,0.35731479420591156
1789.416666666,-0.09373561251026764,-0.762018888669886,0.0,0.0,0.18071119364783306,0.9835362039550833,0.3634190037526814,-0.00017179468425212863,0.35731550754258157
1789.433333333,-0.09373990777072333,-0.7620205365909525,0.0,0.0,0.18358488885011845,0.9830038599038611,0.36926417967280767,-0.0001615153866290436,0.35731945833277634
1789.466666666,-0.09374326062898002,-0.7620218738507681,0.0,0.0,0.18943581150920225,0.9818931068695054,0.3811750441405922,-0.00014357775598368154,0.3573230798907189
1789.516666666,-0.09374516768655486,-0.7620226738082247,0.0,0.0,0.1982539392951161,0.9801506902277672,0.3991523562199073,-0.00012710722691574919,0.35732612529159596
1789.533333333,-0.0937487395178878,-0.7620241926994649,0.0,0.0,0.2011179741966344,0.9795670270354356,0.4049981631690357,-0.00011779321159433032,0.357333533023212
1789.566666666,-0.09375088721959705,-0.7620251448801827,0.0,0.0,0.2069484805963076,0.9783518418129951,0.41690976840999655,-0.00010125555995966775,0.3573377581742881
1789.616666666,-0.093751134526422,-0.7620252728610059,0.0,0.0,0.21573439160562077,0.9764520839644681,0.43488773895435734,-8.641833971167039e-05,0.35734209306968406
1789.633333333,-0.09375403031728737,-0.7620266284073703,0.0,0.0,0.21858796061941274,0.9758172490134851,0.44073440556618443,-7.799928811330117e-05,0.35735103721923184
1789.666666666,-0.09375511379294531,-0.7620271632118957,0.0,0.0,0.22439618531121502,0.9744980000070677,0.45264675158032186,-6.359037167021164e-05,0.3573599264977832
1789.716666666,-0.09375402118860407,-0.7620266350229146,0.0,0.0,0.23314660746803448,0.9724415969229958,0.47062442947355126,-5.067412715892323e-05,0.3573592405967941
1789.733333333,-0.09375632907549723,-0.7620278176712202,0.0,0.0,0.23598880912858888,0.9717557727979137,0.4764719831841204,-4.294547614753112e-05,0.3573697211652285
1789.766666666,-0.09375656723846866,-0.7620279576990788,0.0,0.0,0.24177305358396883,0.97033282463322,0.48838539920395696,-3.050547994269272e-05,0.3573805858389636
1789.816666666,-0.09375445135007923,-0.762026824122916,0.0,0.0,0.2504855377776748,0.968120341364765,0.5063634977831877,-2.0117507982669852e-05,0.357378555571864
1789.833333333,-0.09375629039438518,-0.7620278510895365,0.0,0.0,0.2533155573587592,0.967383702777766,0.5122121397901518,-1.35714876060204e-05,0.3573904079429284
1789.866666666,-0.09375584697394845,-0.7620276135109927,0.0,0.0,0.25907350884267766,0.9658576070083742,0.5241256746995108,-3.304974812685127e-06,0.35739754131486823
1789.916666666,-0.09375300698442932,-0.7620259525692092,0.0,0.0,0.26774508869525143,0.9634897858719479,0.542103819005481,4.733717335323366e-06,0.3573961420763037
1789.933333333,-0.09375450659541035,-0.7620268617619863,0.0,0.0,0.27056190266380314,0.9627025796303564,0.5479533115297957,9.771084578479427e-06,0.3574077749585454
1789.966666666,-0.09375364998258362,-0.7620263468665794,0.0,0.0,0.27629197160219643,0.9610737466126994,0.5598674866135045,1.742302469153005e-05,0.35741232934227873
1790.016666666,-0.09375074209852008,-0.7620245035374191,0.0,0.0,0.28492041715077887,0.9585511754155989,0.5778468060966742,2.162136350568086e-05,0.35741316614178537
1790.033333333,-0.0937518804679468,-0.7620252506171088,0.0,0.0,0.28772271349741535,0.9577137568906924,0.583696298620989,2.608978952460715e-05,0.3574182692457872
1790.066666666,-0.09375098503213355,-0.7620246643723764,0.0,0.0,0.29342295816535163,0.9559827234953017,0.5956108898180253,2.949384822706634e-05,0.3574246069720696
1790.116666666,-0.09374793193409771,-0.7620225663632989,0.0,0.0,0.30200415437035255,0.9533066089894942,0.6135885494205588,2.998927463382256e-05,0.3574225492693133
1790.133333333,-0.09374900854283916,-0.7620233293123797,0.0,0.0,0.30479184216084515,0.9524189902307694,0.6194397292615534,3.259425832891567e-05,0.3574326731687104
1790.166666666,-0.0937479451885508,-0.7620225756821278,0.0,0.0,0.3104602644600983,0.9505863580923964,0.631354368471666,3.441774703991739e-05,0.3574354579276938
1790.216666666,-0.09374499595330352,-0.7620203926022222,0.0,0.0,0.3189921316662783,0.9477573634295878,0.6493317445684161,3.4704614908401424e-05,0.3574264108924286
1790.233333333,-0.09374598364622555,-0.762021146975331,0.0,0.0,0.32176382368635026,0.9468199626997412,0.6551835828744563,3.5417389588070256e-05,0.3574404855824989
1790.266666666,-0.093745231677763,-0.7620205738477356,0.0,0.0,0.3273987966738562,0.9448862513215603,0.6670986599180976,3.4668656602462994e-05,0.35744340066262625
1790.316666666,-0.09374312356994538,-0.7620188947535316,0.0,0.0,0.3358788230820095,0.9419052055302828,0.6850762043464067,3.062324072057666e-05,0.35743905633679884
1790.333333333,-0.09374403908137345,-0.7620196472881726,0.0,0.0,0.33863329332239006,0.9409184303932154,0.6909279861549169,3.14298442558684e-05,0.35744266814230025
1790.366666666,-0.09374359746059119,-0.7620192891555994,0.0,0.0,0.34423261007603845,0.9388843965900371,0.7028426404227018,2.7021211535804933e-05,0.35744275848857254
1790.416666666,-0.09374212978547702,-0.7620180347753854,0.0,0.0,0.35265751777410265,0.9357524646814501,0.7208191374228892,1.9195472863598316e-05,0.3574375010563316
1790.433333333,-0.09374312743692947,-0.7620189164161835,0.0,0.0,0.3553942272790741,0.9347165041961706,0.7266715896104042,1.8664088152853238e-05,0.35744118434510763
1790.466666666,-0.09374314111353735,-0.762018944627544,0.0,0.0,0.3606501345534036,0.9327011742496156,0.7379296888705246,1.2817257821160096e-05,0.35349931756664243
1790.516666666,-0.09372969981851687,-0.7620065472761445,0.0,0.0,0.3675831470358188,0.9299906612516298,0.752817777892808,7.563222542643499e-05,0.3417429617820648
1790.533333333,-0.09372665625181788,-0.7620036833520735,0.0,0.0,0.36961007810446667,0.9291869511371811,0.7571786958644335,0.00010781782029450791,0.3327977789396487
1790.566666666,-0.0937191852249259,-0.7619965712330836,0.0,0.0,0.37327718227175044,0.9277198635338484,0.7650780678115192,0.00016629664715551187,0.30870608473268735
1790.616666666,-0.09369995687056737,-0.761977867107456,0.0,0.0,0.37792834542791914,0.9258348479735008,0.7751153294364798,0.00024144683314380116,0.27761798494361783
1790.633333333,-0.09369748344058584,-0.7619754370132998,0.0,0.0,0.3792661280130534,0.9252876331941253,0.7780060778679784,0.0002702398937198347,0.25984776276266575
1790.666666666,-0.09368594115153567,-0.7619640061781711,0.0,0.0,0.38140852306249307,0.9244065872413976,0.7826390470749846,0.00036788203818451944,0.2200969820768671
1790.716666666,-0.09367111569034446,-0.7619491599846311,0.0,0.0,0.38370745687447944,0.9234547024835162,0.7876154652480931,0.00035107030544477173,0.1797698324460612
1790.733333333,-0.09366931448418744,-0.7619473487721031,0.0,0.0,0.38421777604669954,0.9232424928315032,0.7887208314348716,0.0003413215934576739,0.1602365221276239
1790.766666666,-0.09366626041774077,-0.7619442764175581,0.0,0.0,0.3849281130158151,0.9229465573965179,0.7902598654443633,0.00030542395621230295,0.1220744941504787
1790.816666666,-0.09366778303611938,-0.7619458162202873,0.0,0.0,0.385177674700812,0.9228424344990186,0.7908006893079185,0.00022054463512305602,0.08367181147946239
1790.833333333,-0.09366649499848563,-0.7619445141927381,0.0,0.0,0.38517656487800034,0.9228428977181239,0.7907982840814322,0.00021072880085697831,0.06631288987894876
1790.866666666,-0.09367542779971609,-0.7619535438485359,0.0,0.0,0.3851696843861215,0.9228457694706605,0.790783372591751,3.7051498470381516e-05,0.03842560546916961
1790.916666666,-0.09369087314869935,-0.7619691559329439,0.0,0.0,0.3851543767445879,0.9228521582975726,0.7907501978423992,-0.0001238454022547989,0.01823494098192559
1790.933333333,-0.09369048574415968,-0.7619687643589774,0.0,0.0,0.3851546932372155,0.9228520262086151,0.7907508837434883,-0.0001358666828395425,0.011606859400344753
1790.966666666,-0.09369737627571943,-0.7619757289475985,0.0,0.0,0.38514961036013706,0.9228541475441472,0.7907398681719945,-0.0002206421195963663,0.0023065618749945494
1791.016666666,-0.09371210888816149,-0.7619906193699273,0.0,0.0,0.385137037099268,0.9228593948453887,0.7907126196080541,-0.0003169130481855219,-0.00044781109379450076
1791.033333333,-0.0937116821271063,-0.7619901880490672,0.0,0.0,0.38513652437709456,0.922859608819636,0.7907115084482894,-0.00032426133961449864,-0.0004400466936193044
1791.066666666,-0.09371849011654201,-0.7619970686890853,0.0,0.0,0.3851319204220463,0.9228615301723366,0.7907015308737773,-0.0003061287353522155,-0.0004104432030127343
1791.116666666,-0.09373302129055672,-0.762011754491928,0.0,0.0,0.38512199086950116,0.9228656739464914,0.7906800118702693,-0.00029940372219912543,-0.0003571075348802411
1791.133333333,-0.09373242665345068,-0.7620111535397187,0.0,0.0,0.3851220858186848,0.9228656343231476,0.790680217640596,-0.00029763616884543687,-0.0003599883193973658
1791.166666666,-0.0937394866495601,-0.7620182884361907,0.0,0.0,0.38511640152037563,0.9228680064234521,0.7906678988570324,-0.0002990776997996804,-0.0003678075937531007
1791.216666666,-0.0937539235226309,-0.7620328779439907,0.0,0.0,0.3851066132679252,0.9228720910382482,0.7906466862226775,-0.00029717430371916254,-0.00033937013492710223
1791.233333333,-0.09375356680318261,-0.7620325174603956,0.0,0.0,0.3851064275882188,0.9228721685207762,0.7906462838273719,-0.00029777201163441356,-0.0003351175482582908
1791.266666666,-0.09373022943345867,-0.7620089337800288,0.0,0.0,0.38511504901814364,0.92286857082672,0.7906649677730442,-4.06233522767213e-05,-0.00016314841938098955
1791.316666666,-0.09345818308464238,-0.761734002889709,0.0,0.0,0.38510803118516906,0.922871499352257,0.7906497590595576,0.0014395587769437644,-3.201785455195838e-05
1791.333333333,-0.09329337108853712,-0.7615674527607239,0.0,0.0,0.38510228566071564,0.9228738968997295,0.7906373076684501,0.0028403559968161384,-0.00010796082163891851
1791.366666666,-0.0928138443316563,-0.7610828800068095,0.0,0.0,0.38509759934418736,0.9228758524196761,0.7906271517596547,0.006990964548849776,-9.498357495512186e-05
1791.416666666,-0.09182853909074332,-0.7600872302400775,0.0,0.0,0.3850912418894583,0.9228785052324248,0.790613374293108,0.012547423625884499,-4.900076688885746e-05
1791.433333333,-0.0914278574303571,-0.7596823522155248,0.0,0.0,0.3850856999379929,0.9228808177133524,0.7906013641650343,0.015962127347692652,-0.00011864716210253515
1791.466666666,-0.09048185485655635,-0.7587264711514701,0.0,0.0,0.3850778527726078,0.9228840920202481,0.7905843583906941,0.023832173278714765,-0.0003327854928860268
1791.516666666,-0.0888507837230895,-0.7570784400762534,0.0,0.0,0.38506556290359834,0.9228892199314797,0.7905577248513971,0.031668385458054914,-0.000475116822863334
1791.533333333,-0.08829999991380423,-0.756521948297228,0.0,0.0,0.3850612811094337,0.9228910064522038,0.7905484457528275,0.03496035049872141,-0.000456083068016895
1791.566666666,-0.08719892800091528,-0.7554094942164559,0.0,0.0,0.38505390123284505,0.9228940855511896,0.7905324528257623,0.040261286305188826,-0.0004911051778201211
1791.616666666,-0.08554676984875562,-0.7537403241358579,0.0,0.0,0.3850428587747247,0.9228986926562348,0.7905085228196412,0.044193716826054594,-0.0005342193860657155
1791.633333333,-0.08499601386144838,-0.7531839153389664,0.0,0.0,0.38503848293481263,0.9229005182896247,0.7904990400115738,0.04547333371811957,-0.0005190554663312768
1791.666666666,-0.08389475462810571,-0.7520713823146601,0.0,0.0,0.3850307639204881,0.9229037386611918,0.7904823123129667,0.046796662867944726,-0.00051738701226201
1791.716666666,-0.08224267344811753,-0.7504024600516294,0.0,0.0,0.38501921548307877,0.9229085565259402,0.7904572860685554,0.04696844675992047,-0.0005103805326962932
1791.733333333,-0.08169178150529294,-0.7498459709317529,0.0,0.0,0.38501484233806527,0.9229103809034735,0.7904478092018383,0.046968891844557915,-0.0005115671415570105
1791.766666666,-0.08059050810482012,-0.7487335367755558,0.0,0.0,0.3850074971230549,0.9229134451068751,0.790431891723893,0.04696965735820775,-0.0005111144469500492
1791.816666666,-0.07893839291732918,-0.7470647504993201,0.0,0.0,0.3849956288836923,0.922918396035343,0.7904061727193815,0.04696747686191695,-0.0005213702019438001
1791.833333333,-0.07838750335344943,-0.7465083208675259,0.0,0.0,0.38499109215878663,0.922920288518128,0.7903963414704352,0.046968129548424345,-0.0005234608471775455
1791.866666666,-0.07728615128893228,-0.7453959226112211,0.0,0.0,0.3849834936512572,0.9229234581567815,0.7903798752716183,0.04696794676008768,-0.0005218918483161224
1791.916666666,-0.07563388981994917,-0.7437271593459913,0.0,0.0,0.3849720926758465,0.9229282138177267,0.7903551691143824,0.046968301948743116,-0.0005201119350202487
1791.933333333,-0.07508286221184818,-0.7431706467426923,0.0,0.0,0.384967815448559,0.9229299979244169,0.790345900304329,0.04696897476968521,-0.0005188635950624615
1791.966666666,-0.07398162489834591,-0.7420584759655283,0.0,0.0,0.3849605017294627,0.9229330485513022,0.7903300514164926,0.04696769944636094,-0.0005184520543118294
1792.016666666,-0.07232920222300125,-0.7403897156378357,0.0,0.0,0.3849491322877849,0.9229377907263747,0.7903054138493655,0.046969315974573475,-0.0005112569520501683
1792.033333333,-0.07177827995611233,-0.7398333648663107,0.0,0.0,0.3849447938217384,0.9229396002499509,0.7902960124317682,0.04696911780403469,-0.0005086779640062842
1792.066666666,-0.07067684744018309,-0.7387211084940376,0.0,0.0,0.38493723524822004,0.9229427527855975,0.7902796331137562,0.04696885251119556,-0.0005081566791660384
1792.116666666,-0.06902435669324682,-0.737052448562389,0.0,0.0,0.3849255533819695,0.9229476249243965,0.7902543187908875,0.046968988353979425,-0.0005093227110697571
1792.133333333,-0.06847335492835623,-0.7364960745542682,0.0,0.0,0.38492106293720507,0.9229494977014139,0.7902445881407675,0.04696828836443169,-0.0005120937514140804
1792.166666666,-0.06737188022553196,-0.7353838899499925,0.0,0.0,0.38491352116407673,0.9229526430023763,0.7902282454041468,0.04696934953576391,-0.0005150568441561806
1792.216666666,-0.06571942038875889,-0.7337154333289938,0.0,0.0,0.38490182229111086,0.9229575218811439,0.7902028944998866,0.0469682564015004,-0.000518404041433171
1792.233333333,-0.06516838478810649,-0.733159082334928,0.0,0.0,0.38489736978172573,0.9229593787026109,0.7901932461578974,0.0469687358463523,-0.0005198855877556119
1792.266666666,-0.0640668401568237,-0.7320469399973208,0.0,0.0,0.3848902921725418,0.9229623302125257,0.7901779094095408,0.04696872306112364,-0.0005136301698248983
1792.316666666,-0.06241416352879863,-0.7303784326739492,0.0,0.0,0.38487865648320857,0.9229671823979877,0.7901526956854986,0.04696872625742658,-0.0005149745358746196
1792.333333333,-0.06186313222885392,-0.7298221419031417,0.0,0.0,0.38487418282503727,0.9229690479072198,0.79014300161677,0.04696849612396177,-0.0005147550475314401
1792.366666666,-0.06076147074295274,-0.7287099938428058,0.0,0.0,0.3848670333940558,0.9229720291571455,0.7901275093974998,0.04696912899120607,-0.0005096519433446946
1792.416666666,-0.059109007707386106,-0.7270418703064259,0.0,0.0,0.3848553849210342,0.9229768863288412,0.7901022682374143,0.046967876041924636,-0.000509871431661728
1792.433333333,-0.058557792676909255,-0.7264854496044928,0.0,0.0,0.3848513839096354,0.9229785546278084,0.7900935984476456,0.0469689308205986,-0.0005040001184553009
1792.466666666,-0.0574562026240314,-0.7253734827307259,0.0,0.0,0.38484440322475233,0.9229814653104277,0.7900784720422899,0.04696837466458162,-0.0005027380604659765
1792.516666666,-0.24466404055701177,-0.6937766821177574,0.0,0.0,-0.5388105749505496,0.8424269489525238,-1.1380491359039422,-1.3007742897648478,-11.569113360220886
1792.533333333,-0.24433568281052212,-0.6944874981423885,0.0,0.0,-0.538814373158807,0.8424245196321638,-1.1380581532169294,-1.3007743536908278,-11.56910929968652
1792.566666666,-0.24367928333277697,-0.6959084945432595,0.0,0.0,-0.538821376317324,0.8424200403738652,-1.1380747794593336,-1.3007751975138102,-11.569116103825449
1792.616666666,-0.24269453288201434,-0.6980404344998976,0.0,0.0,-0.5388319695831504,0.8424132647074967,-1.1380999291659408,-1.3007737208235846,-11.569114293046649
1792.633333333,-0.2423662722330364,-0.6987511357649909,0.0,0.0,-0.5388360450787252,0.842410657888371,-1.1381096049439734,-1.3007759838033492,-11.569120328976112
1792.666666666,-0.24170985893298952,-0.7001723534592663,0.0,0.0,-0.5388429941933234,0.8424062129452596,-1.1381261031515082,-1.3007745135057793,-11.569128559789284
1792.716666666,-0.24072525094826278,-0.7023042700245081,0.0,0.0,-0.5388532945318739,0.8423996242711327,-1.1381505578116782,0.04696792079009997,-0.0005128893969615106
1792.733333333,-0.24039693060237521,-0.7030151948639334,0.0,0.0,-0.538857269809275,0.8423970814133287,-1.1381599958106667,0.04696841941274589,-0.0005154135129193338
1792.766666666,-0.2397406408145082,-0.70443633346652,0.0,0.0,-0.5388640801403448,0.8423927250009344,-1.1381761647856778,0.04696891803534956,-0.0005126699084661788
1792.816666666,-0.23875609185156074,-0.7065684040330147,0.0,0.0,-0.5388744881687673,0.8423860670742656,-1.138200875515588,0.046969256843040756,-0.0005111883621087222
1792.833333333,-0.23842782318876465,-0.7072793104914293,0.0,0.0,-0.5388782630810272,0.8423836522504311,-1.138209837956488,0.04697039472555325,-0.0005069083393975605
1792.866666666,-0.23777166269876382,-0.7087003538929597,0.0,0.0,-0.5388848113725451,0.8423794632301861,-1.1382253850478452,0.04696880936129384,-0.0005012016421459345
1792.916666666,-0.23678721933415278,-0.710832473219546,0.0,0.0,-0.5388953424977834,0.8423727261932196,-1.1382503884288866,0.04696910981334861,-0.0005050975602359124
1792.933333333,-0.23645902983987907,-0.7115433012272716,0.0,0.0,-0.5388993561670931,0.842370158494882,-1.1382599178813537,0.046968253205213355,-0.000505646281096433
1792.966666666,-0.23580284798679937,-0.7129645788564047,0.0,0.0,-0.5389061508730468,0.8423658115992106,-1.1382760502749736,0.04696873904265633,-0.0005054267927981023
1793.016666666,-0.23481861495967304,-0.7150965277346407,0.0,0.0,-0.5389169745669192,0.8423588870093546,-1.1383017487024523,0.04696810617542718,-0.0005096519434744448
1793.033333333,-0.23449032773367023,-0.7158076626712213,0.0,0.0,-0.5389206646173036,0.8423565262099201,-1.1383105099456994,0.04696939748022805,-0.000508444757581907
1793.066666666,-0.23383423965100655,-0.717228927262383,0.0,0.0,-0.5389277057285913,0.8423520214246042,-1.1383272276415823,0.04697042029591426,-0.0005154683848258519
1793.116666666,-0.23285006691599866,-0.7193610330555663,0.0,0.0,-0.5389385215417299,0.8423451014865666,-1.1383529077783652,0.0469696340064223,-0.0005183766054219335
1793.133333333,-0.23252189841107684,-0.7200720068766343,0.0,0.0,-0.5389424272301939,0.8423426025859235,-1.1383621811610924,0.046970375547729044,-0.0005168401870120026
1793.166666666,-0.23186590278799699,-0.7214932648610078,0.0,0.0,-0.5389493680799178,0.8423381616941366,-1.1383786610779312,0.046969800213991955,-0.0005189253261172592
1793.216666666,-0.23088179639186832,-0.7236255139250488,0.0,0.0,-0.5389600604604935,0.8423313203415989,-1.1384040485635825,0.04697037554783645,-0.0005181571168790356
1793.233333333,-0.23055366878325537,-0.7243364948871908,0.0,0.0,-0.5389640508223464,0.8423287671219398,-1.1384135231439625,0.04696913538381971,-0.0005224371395909892
1793.266666666,-0.2299714923463238,-0.7255979832267879,0.0,0.0,-0.5389698591652802,0.8423250506255635,-1.1384273143285313,0.04591287358117015,-0.0005048780714378803
1793.316666666,-0.2293369170144479,-0.7269730771116514,0.0,0.0,-0.5389797348301116,0.8423187315039733,-1.138450763000437,0.042778665817558445,-0.0004926415962147913
1793.333333333,-0.22918937171599885,-0.7272928142501145,0.0,0.0,-0.5389831242767826,0.842316562668002,-1.1384588109065512,0.04019315397629593,-0.00048528873668489566
1793.366666666,-0.22902606087795352,-0.7276467254695569,0.0,0.0,-0.538988470340839,0.8423131417944532,-1.1384715046493772,0.033139727297638505,-0.000462571692403707
1793.416666666,-0.22899262231605813,-0.7277191920964626,0.0,0.0,-0.5389962814098035,0.8423081435118647,-1.1384900514148315,0.02420135368111686,-0.00042756330132560943
1793.433333333,-0.22899683622695574,-0.7277100597343361,0.0,0.0,-0.5389887630641804,0.8423129544833944,-1.138472199695814,0.019442729282208256,-0.0002636055082202018
1793.466666666,-0.22899830036181867,-0.7277068866159478,0.0,0.0,-0.5389928303712426,0.8423103518349973,-1.1384818571831512,0.011085685646839082,-0.00023880332217981296
1793.516666666,-0.22900165364168443,-0.7276996194257892,0.0,0.0,-0.5389916286681914,0.8423111208013405,-1.13847900383462,0.004805661188090767,-0.0001361925196191211
1793.533333333,-0.22900618002389142,-0.7276898098753791,0.0,0.0,-0.5389934928480967,0.842309927916921,-1.138483430182983,0.002628009885911502,-0.0001144631735459352
1793.566666666,-0.22901039568690906,-0.7276806736281798,0.0,0.0,-0.5389949564585689,0.8423089913518823,-1.1384869054151683,0.00022899563995252038,-5.91521104822312e-05
1793.616666666,-0.22901454527458173,-0.7276716805533254,0.0,0.0,-0.5389948948328976,0.8423090307862511,-1.1384867590896028,-0.0002552436620048115,1.624213684694084e-05
1793.633333333,-0.2290190340902021,-0.7276619522331961,0.0,0.0,-0.5389962814098036,0.8423081435118646,-1.1384900514148317,-0.00025918150238693336,-0.00011062212609150609
1793.666666666,-0.22902320329747108,-0.72765291658232,0.0,0.0,-0.5389962351905969,0.8423081730877142,-1.1384899416706573,-0.0002979206478717877,-5.2018740274992357e-05
1793.716666666,-0.22902742963888745,-0.7276437571011316,0.0,0.0,-0.5389966819761933,0.842307887187728,-1.1384910025310087,-0.0003055022692762,-5.234797348540621e-05
1793.733333333,-0.229031863071001,-0.7276341487255594,0.0,0.0,-0.5389973136383295,0.8423074829838948,-1.138492502368057,-0.00030417260888718634,-3.4788905950175765e-05
1793.766666666,-0.22903597511402768,-0.7276252368911108,0.0,0.0,-0.5389970825424611,0.8423076308634009,-1.1384919536471856,-0.00030268952612717717,-1.0645186879279162e-05
1793.816666666,-0.22903997823336783,-0.7276165611027889,0.0,0.0,-0.5389975447341573,0.8423073351043253,-1.1384930510889288,-0.00030115530258445174,-1.7668813906111657e-05
1793.833333333,-0.22904447591618377,-0.7276068134064815,0.0,0.0,-0.5389988542764148,0.8423064971189004,-1.1384961605072,-0.0003012831545458301,-1.65713721853399e-05
1793.866666666,-0.22904861648193833,-0.727597839636414,0.0,0.0,-0.5389996091884184,0.8423060140440244,-1.13849795299538,-0.00030087402829372144,-2.798476605682989e-05
1793.916666666,-0.22905260528148744,-0.7275891947889418,0.0,0.0,-0.5389990853719722,0.8423063492389081,-1.1384967092280718,-0.0002994804418643115,-2.6777579785479973e-05
1793.933333333,-0.2290571439939955,-0.727579358073228,0.0,0.0,-0.5390004719444638,0.8423054619576233,-1.1385000015533002,-0.00030098909499803536,-3.753250865075502e-05
1793.966666666,-0.22906145595101748,-0.727570012807067,0.0,0.0,-0.5390000559728696,0.8423057281422485,-1.1384990138557316,-0.0003038529789236793,-3.489864869138366e-05
1794.016666666,-0.2290653982912986,-0.7275614685542949,0.0,0.0,-0.5390009187286221,0.8423051760553899,-1.1385010624136518,-0.0003031625783316983,-4.258074067887509e-05
1794.033333333,-0.22906991911164234,-0.7275516705181395,0.0,0.0,-0.5390018431091579,0.842304584532775,-1.1385032572971372,-0.00030349499342886843,-3.709353207366887e-05
1794.066666666,-0.22907741210049812,-0.7275354338561616,0.0,0.0,-0.538945639592495,0.8423405472635379,-1.1383698083812053,-0.00035149062213554055,0.0007743549239095562
1794.116666666,-0.22907782441768862,-0.7275345492898135,0.0,0.0,-0.5385487418373669,0.8425943583156661,-1.1374275814821768,-0.0003079825997492043,0.004221309691091492
1794.133333333,-0.22907793725369138,-0.7275343056621425,0.0,0.0,-0.5382401185190686,0.8427915369868038,-1.1366951122816005,-0.0002445935977400294,0.008635878757574864
1794.166666666,-0.2290770241195519,-0.727536249827143,0.0,0.0,-0.5371437015827865,0.843490749119362,-1.1340943216765875,-0.00016995361671532828,0.024234696387391563
1794.216666666,-0.22907141244285775,-0.7275481865929765,0.0,0.0,-0.5348711065081337,0.8449336656938015,-1.12871038223029,-9.37027057008452e-05,0.045124280399405595
1794.233333333,-0.22906845839862883,-0.7275544078311381,0.0,0.0,-0.5338352586878059,0.8455885031040354,-1.1262594290045687,1.2363280718580739e-05,0.05984316876028539
1794.266666666,-0.22906890902077512,-0.7275534990420945,0.0,0.0,-0.531372948019684,0.8471379994504261,-1.1204408660467071,0.00011357089748610103,0.09395385338929436
1794.316666666,-0.22906909933874292,-0.7275531509249635,0.0,0.0,-0.5267792205931494,0.8500021486745042,-1.1096139082069536,0.00010497924610352292,0.13301443870413127
1794.333333333,-0.22906963257846188,-0.7275520834127079,0.0,0.0,-0.5250116816030148,0.8510950206530259,-1.1054576768383937,9.943047101831886e-05,0.15355701130126514
1794.366666666,-0.2290642292964144,-0.7275625841891958,0.0,0.0,-0.5211596190691768,0.8534592265900407,-1.0964182321094111,0.0001573985545453441,0.19218893646000243
1794.416666666,-0.2290604360641295,-0.7275696323595091,0.0,0.0,-0.5145485879667465,0.8574612239754211,-1.0809622284168825,0.00010269070136171088,0.2324039207197536
1794.433333333,-0.22905809557754447,-0.7275739916577801,0.0,0.0,-0.51206644463253,0.8589458401327758,-1.0751777227344406,9.105617295746603e-05,0.25240523506007373
1794.466666666,-0.22905934994612936,-0.727571695218525,0.0,0.0,-0.5069490793936134,0.861976003669457,-1.0632832833114074,8.144170711527906e-05,0.2888604941985632
1794.516666666,-0.22906262586648687,-0.7275659076974015,0.0,0.0,-0.49927421553309187,0.8664440303353793,-1.0455218288775652,4.3706200984000254e-05,0.31718145975161177
1794.533333333,-0.22906312854657201,-0.7275650464146947,0.0,0.0,-0.49664691969462604,0.8679526698834676,-1.0394625603641026,4.4882439020512335e-05,0.328599682392675
1794.566666666,-0.2290653643884247,-0.7275612813321448,0.0,0.0,-0.49146833706685983,0.8708954435870793,-1.0275499216988335,-5.224670303886644e-05,0.3458388461629045
1794.616666666,-0.22906976080728242,-0.7275541340005588,0.0,0.0,-0.4837129445692567,0.8752267062059631,-1.009784059207324,-8.314213131535462e-05,0.3556008647541668
1794.633333333,-0.22907062999603492,-0.7275527599941402,0.0,0.0,-0.48105918405031217,0.876688120964832,-1.0037249553101228,-0.00012258446112527364,0.35724845400927707
1794.666666666,-0.22907369438370098,-0.727547999305286,0.0,0.0,-0.4758290884124289,0.8795377641810481,-0.9918128653657254,-0.00014085450671527715,0.35735435713398245
1794.716666666,-0.22907936670450513,-0.7275394780634029,0.0,0.0,-0.4679976579478763,0.8837297053711064,-0.9740472589439559,-0.00015409997006975916,0.3573727941550883
1794.733333333,-0.22908063203567924,-0.7275376276550963,0.0,0.0,-0.4653182012145515,0.885143475160075,-0.9679881367560593,-0.00016156652456212776,0.3573719162017117
1794.766666666,-0.22908460072319958,-0.7275319237821184,0.0,0.0,-0.46003812204704003,0.8878991644682591,-0.9560762663000105,-0.00017698547147628886,0.3573673069462265
1794.816666666,-0.22909170761824782,-0.7275220349362131,0.0,0.0,-0.4521332467984642,0.891950406210726,-0.9383111171456339,-0.00019204004005346663,0.3573643987256252
1794.833333333,-0.2290934670417902,-0.7275196495843547,0.0,0.0,-0.44942919471232806,0.8933159569492914,-0.9322525253879127,-0.00020006914317216156,0.3573613258893026
1794.866666666,-0.22909839619497532,-0.727513081060631,0.0,0.0,-0.4441006491300564,0.8959769045250343,-0.9203404903156024,-0.0002153730233248483,0.3573609966567666
1794.916666666,-0.22910706605809508,-0.7275018863078337,0.0,0.0,-0.43612476764357117,0.8998862078328799,-0.902575597230966,-0.00023085589598093444,0.3573586920286142
1794.933333333,-0.22910930585376282,-0.7274990664399016,0.0,0.0,-0.43339665849498094,0.9012032714129398,-0.896516804275592,-0.00023901285106006005,0.3573567166335158
1794.966666666,-0.22911529071191525,-0.7274916593539166,0.0,0.0,-0.4280214288418887,0.9037685856745343,-0.8846047874939775,-0.0002544573683546525,0.35735759458690675
1795.016666666,-0.22912563066782493,-0.7274792511203186,0.0,0.0,-0.4199765832910989,0.9075349411935248,-0.8668390347466424,-0.00027034936728174985,0.357360557679572
1795.033333333,-0.22912838916439532,-0.7274760221749847,0.0,0.0,-0.4172253855412176,0.9088030466828235,-0.8607802600819641,-0.0002780460553029959,0.357361655121293
1795.066666666,-0.22913552968212408,-0.7274678045363322,0.0,0.0,-0.41180497864620175,0.9112720008659332,-0.8488678043236524,-0.0002940914768058534,0.35736417923736913
1795.116666666,-0.2291476816127398,-0.7274542392395069,0.0,0.0,-0.40369413020872963,0.914894009836668,-0.8311020698670128,-0.0003104437427914252,0.35736714233055766
1795.133333333,-0.22915097019307037,-0.7274506572848549,0.0,0.0,-0.4009206383335979,0.9161127887755854,-0.8250431305860731,-0.00031801257885175104,0.3573680202834393
1795.166666666,-0.2291593060637043,-0.7274417300026742,0.0,0.0,-0.39545699082428726,0.91848449546424,-0.8131306931184572,-0.0003341602819122243,0.3573705443995815
1795.216666666,-0.2291733063264671,-0.7274271829745973,0.0,0.0,-0.3872824507519562,0.9219611181278518,-0.7953643733595549,-0.0003504230515250321,0.35737186132970933
1795.233333333,-0.2291771606915856,-0.7274232747631995,0.0,0.0,-0.3844874388984977,0.9231302233863183,-0.7893050316833093,-0.0003578768208214214,0.35737526339904396
1795.266666666,-0.22918671141518268,-0.7274137531801811,0.0,0.0,-0.3789821080305484,0.9254039992309963,-0.7773922101110833,-0.0003734747604418333,0.3573774582826375
1795.316666666,-0.2292026041943102,-0.7273983796028549,0.0,0.0,-0.3707464629426893,0.9287341170730647,-0.7596252684685266,-0.0003892133370074617,0.357381957793775
1795.333333333,-0.22920700249346607,-0.7273942276441984,0.0,0.0,-0.36793067965683,0.9298532222707319,-0.7535652226004962,-0.0003963282986089851,0.35738859731668204
1795.366666666,-0.22921778623104516,-0.7273842192451104,0.0,0.0,-0.36238532929167316,0.9320283649729582,-0.7416518248713553,-0.00041131894138489114,0.35739435888606585
1795.416666666,-0.22923563523264573,-0.7273681470362677,0.0,0.0,-0.354091329986132,0.9352108478993666,-0.7238845357055801,-0.0004269520400728589,0.357397733518952
1795.433333333,-0.22924054726970872,-0.7273638314180875,0.0,0.0,-0.3512556046633221,0.9362796057762894,-0.7178236484655469,-0.00043324874912682997,0.35740700690149346
1795.466666666,-0.2292525503041828,-0.7273534648860945,0.0,0.0,-0.3456719399359502,0.9383554283643895,-0.7059095465446208,-0.00044749145790209146,0.35741468899403644
1795.516666666,-0.22927229264356522,-0.7273369262204681,0.0,0.0,-0.33732206202683146,0.9413893065411177,-0.6881415531870606,-0.00046249168937180594,0.35741724054615076
1795.533333333,-0.22927771629646465,-0.7273324942851997,0.0,0.0,-0.33446742739448787,0.9424073110986103,-0.6820801080808079,-0.00046822584979953175,0.35742563597531607
1795.566666666,-0.22929089859081836,-0.7273219073824854,0.0,0.0,-0.3288470092744941,0.9443832084970702,-0.670164844700704,-0.0004813946020652335,0.3574368298814851
1795.616666666,-0.22931252735424335,-0.7273050662711713,0.0,0.0,-0.3204439160464844,0.9472674895027242,-0.6523961562967069,-0.0004953080918592933,0.3574403691316598
1795.633333333,-0.22931816278494457,-0.7273007878317324,0.0,0.0,-0.3175715654947543,0.9482343069037372,-0.6463347569171934,-0.0004985299612629453,0.3574434419679822
1795.666666666,-0.22933232048472124,-0.7272902253380347,0.0,0.0,-0.3119161849177735,0.9501096218786237,-0.6344183412232596,-0.0005093526298933503,0.3574573246063085
1795.716666666,-0.22935566481063085,-0.7272733507755473,0.0,0.0,-0.3034623491992547,0.9528434302751264,-0.616648527941476,-0.0005224862226894374,0.357463826948637
1795.733333333,-0.22936169955101748,-0.7272691004077381,0.0,0.0,-0.30057251911493627,0.9537589636553364,-0.6105857476144362,-0.0005247492023900232,0.35747183827319984
1795.766666666,-0.22937689402220035,-0.7272585878426248,0.0,0.0,-0.2948842656226409,0.9555329768711259,-0.5986687923449787,-0.0005341654994018085,0.35748198960961197
1795.816666666,-0.2294018669981324,-0.7272418612987612,0.0,0.0,-0.2863825334435528,0.9581153607674038,-0.5808981788452575,-0.0005457249149085841,0.35748924644312047
1795.833333333,-0.22940828496153534,-0.727237675996638,0.0,0.0,-0.2834763116428714,0.9589792389501212,-0.5748343788119317,-0.000549244040121559,0.3575036503662036
1795.866666666,-0.22942444029435108,-0.7272273322473071,0.0,0.0,-0.2777569450424463,0.9606513829067689,-0.5629167742227764,-0.0005583598850937057,0.3575107837379887
1795.916666666,-0.229450895122922,-0.7272109517818366,0.0,0.0,-0.2692103338717645,0.9630814068066381,-0.5451460006794677,-0.0005679535767058455,0.35751258079844694
1795.933333333,-0.2294576201308021,-0.7272069012658802,0.0,0.0,-0.2662887774529058,0.9638932964818444,-0.5390814598729655,-0.0005707695161355983,0.3575231436750105
1795.966666666,-0.2294745944382128,-0.7271968695550659,0.0,0.0,-0.26054019918395194,0.9654630001243893,-0.5271633682940368,-0.0005782120985327088,0.35752996153225464
1796.016666666,-0.22950229365973115,-0.7271810585727163,0.0,0.0,-0.25195114894135734,0.9677399539892574,-0.5093918379731929,-0.0005860518210302673,0.35753140878364553
1796.033333333,-0.22950922834428328,-0.7271772126763814,0.0,0.0,-0.24901521708957558,0.9684995723581046,-0.5033266181246122,-0.000587657961283875,0.3575399276750041
1796.066666666,-0.22952686762759,-0.7271676211890139,0.0,0.0,-0.24323919894515328,0.969966335548054,-0.4914079126642085,-0.0005930301409279335,0.3575465329029645
1796.116666666,-0.2295555465873718,-0.7271525834746391,0.0,0.0,-0.23461094889980447,0.9720893491116613,-0.4736366544174635,-0.0005986332531571203,0.35754634085123554
1796.133333333,-0.2295626273199072,-0.7271489813241573,0.0,0.0,-0.2316616323825578,0.9727964268447169,-0.4675708704152368,-0.000599195402245232,0.35755380002493586
1796.166666666,-0.2295807188454704,-0.7271399657002254,0.0,0.0,-0.2258601788091419,0.9741597300383046,-0.4556518831638024,-0.0006021739533935003,0.35755917406047033
1796.216666666,-0.2296101578328293,-0.7271258461692567,0.0,0.0,-0.21719551896862554,0.976128119941204,-0.43788096215175953,-0.0006057602009135936,0.35755440018901796
1796.233333333,-0.2296172533194506,-0.7271225503048451,0.0,0.0,-0.21423371768545238,0.9767824293089377,-0.4318145316877563,-0.0006051233383354021,0.3575616638814084
1796.266666666,-0.22963564999161987,-0.7271141889008994,0.0,0.0,-0.20840898660702883,0.9780417651109953,-0.4198958868152823,-0.0006058992398548069,0.3575613003541422
1796.316666666,-0.22966552297842646,-0.7271011526306614,0.0,0.0,-0.19971090273191827,0.9798548644212582,-0.40212574201463874,-0.0006073751309174108,0.35755509294939414
1796.333333333,-0.22967257774540864,-0.727098177469078,0.0,0.0,-0.19673757693864466,0.9804561825090966,-0.3960586976691606,-0.0006056479308393548,0.3575626550092489
1796.366666666,-0.22969105243677132,-0.7270905644013789,0.0,0.0,-0.19089142517298166,0.9816111571266027,-0.38414038202920936,-0.0006042579401836198,0.35755862534069266
1796.416666666,-0.22972100758715636,-0.7270787474081275,0.0,0.0,-0.18216296518561972,0.9832683530526052,-0.3663715518723203,-0.0006029035084361762,0.35754853573531836
1796.433333333,-0.2297278422805846,-0.7270761487308879,0.0,0.0,-0.179179307896965,0.9838164339050068,-0.360304390923657,-0.0005998342623097956,0.35755291864319094
1796.466666666,-0.22974615816189956,-0.7270693553445849,0.0,0.0,-0.17331363851655354,0.9848666827059149,-0.3483864708200006,-0.0005957989346113688,0.35754857003064233
1796.516666666,-0.22977581158153665,-0.7270588648236294,0.0,0.0,-0.164557515244126,0.9863674894159272,-0.33061878840426767,-0.0005917116671671253,0.3575360934900088
1796.533333333,-0.22978238525739322,-0.7270566308990001,0.0,0.0,-0.1615644043766524,0.9868621703350562,-0.32455135766784265,-0.000587430224640352,0.35753841183564417
1796.566666666,-0.22980027946728732,-0.7270507112683176,0.0,0.0,-0.15568139077100634,0.9878073215802793,-0.3126344344071027,-0.0005806269019142387,0.35753005756062667
1796.616666666,-0.2298293233922242,-0.7270415892785292,0.0,0.0,-0.1469007327661578,0.9891512395547841,-0.2948685581975715,-0.0005741112462577861,0.35751605146103116
1796.633333333,-0.22983550997054308,-0.7270397307552546,0.0,0.0,-0.14389928294542675,0.9895923384746832,-0.28880117776055964,-0.0005689971678377881,0.3575173683905996
1796.666666666,-0.22985277497180903,-0.7270346950071599,0.0,0.0,-0.13800072528530946,0.9904321278213508,-0.27688508215380075,-0.0005596927410653011,0.3575064214094222
1796.716666666,-0.22988080344818237,-0.7270269795566985,0.0,0.0,-0.129198462578754,0.9916187560082182,-0.25912124992951563,-0.0005506264387603188,0.357489397344544
1796.733333333,-0.2298864691287003,-0.7270254960735579,0.0,0.0,-0.12618974463197324,0.9920061231412421,-0.2530541438529394,-0.0005441091850745016,0.35748744938548965
1796.766666666,-0.22990286266224275,-0.727021342544632,0.0,0.0,-0.12027773277063097,0.9927402817452089,-0.2411392828681413,-0.0005324906377528044,0.357475075729943
1796.816666666,-0.22992957910719655,-0.7270150044458985,0.0,0.0,-0.11145669555446248,0.9937692916447357,-0.2233775174924718,-0.0005209711759213233,0.3574574069180264
1796.833333333,-0.22993466206225507,-0.7270138659621134,0.0,0.0,-0.10844160821884895,0.9941028204400738,-0.21731055774146138,-0.0005134662658412747,0.35745488280256527
1796.866666666,-0.22995000490537698,-0.7270105557219214,0.0,0.0,-0.10251795263541653,0.994731154326355,-0.20539676676236254,-0.0004997349648244355,0.35744105503666757
1796.916666666,-0.2299749944981671,-0.7270055615713397,0.0,0.0,-0.09368075931306284,0.9956022877306621,-0.18763665669465526,-0.0004857000156365007,0.35742505982291667
1796.933333333,-0.2299794288884461,-0.727004733541597,0.0,0.0,-0.09066015243167154,0.9958818889612694,-0.1815696146355141,-0.0004776261643318029,0.3574246757183141
1796.966666666,-0.22999346189572137,-0.7270022252124823,0.0,0.0,-0.08472672496664346,0.9964042262437603,-0.16965684793537525,-0.00046168941695013527,0.35741211001049794
1797.016666666,-0.2300164884980385,-0.7269984716249299,0.0,0.0,-0.07587631102711465,0.9971172375527948,-0.1518986126639787,-0.0004454010769298809,0.3573963068495553
1797.033333333,-0.23002016783586945,-0.7269979198166996,0.0,0.0,-0.07285147319351057,0.9973428010737007,-0.14583213761640462,-0.00043647061748993473,0.35739339862899505
1797.066666666,-0.23003281711893872,-0.7269961205423714,0.0,0.0,-0.06691006143260425,0.9977590108232975,-0.1339201757068772,-0.0004189548983544125,0.35738242421174965
1797.116666666,-0.23005364595838368,-0.7269934832681383,0.0,0.0,-0.05804925192893519,0.9983137204058106,-0.1161638060864435,-0.00040115151258372176,0.35736612720248817
1797.133333333,-0.2300565254066165,-0.7269931561173822,0.0,0.0,-0.055020958208287014,0.9984851997690511,-0.11009751394582663,-0.0003914731191747182,0.3573616276909358
1797.166666666,-0.23006759902498453,-0.7269919804357715,0.0,0.0,-0.04907349708686205,0.9987951701343303,-0.0981864299896935,-0.0003727555915784027,0.3573515312269355
1797.216666666,-0.23008608082526066,-0.7269903064137021,0.0,0.0,-0.04020461178974966,0.9991914677332046,-0.08043090174126263,-0.0003537280232706893,0.3573398709085135
1797.233333333,-0.23008816069467566,-0.7269901451139399,0.0,0.0,-0.03717389318584071,0.9993088119622521,-0.07436492054247291,-0.0003439217779014008,0.35733690781586663
1797.266666666,-0.2300976238391426,-0.7269894787670408,0.0,0.0,-0.03122198979385108,0.9995124748362637,-0.06245412923747122,-0.0003241814346116526,0.35732988418870815
1797.316666666,-0.23011357692116838,-0.7269886045769085,0.0,0.0,-0.022347814859997418,0.9997502563995586,-0.04469935090756468,-0.00030405114313370807,0.35732291543370287
1797.333333333,-0.23011489265143034,-0.7269885497234341,0.0,0.0,-0.01931551102139985,0.9998134381143226,-0.03863342458086212,-0.0002945645276658267,0.35732072055075753
1797.366666666,-0.23012271026515832,-0.7269882766375587,0.0,0.0,-0.013361129411346487,0.999910736126407,-0.026723053961861816,-0.0002746835472418231,0.3573164405279473
1797.416666666,-0.2301362258020599,-0.7269880169966102,0.0,0.0,-0.004484086207508263,0.9999899464349047,-0.00896820246917244,-0.0002544062260093558,0.357313696923127
1797.433333333,-0.23013676703167377,-0.7269880137842254,0.0,0.0,-0.0014511741432863792,0.9999989470462486,-0.0029023493052526927,-0.0002451369588740729,0.35731292871392256
1797.466666666,-0.23014303176316606,-0.7269880158251157,0.0,0.0,0.00450409602655117,0.9999898565080466,0.009008222511400456,-0.00022580574190849935,0.35731161178379156
1797.516666666,-0.23015408295164289,-0.726988195766232,0.0,0.0,0.013381201655315686,0.9999104677131146,0.026763202038959884,-0.00020586722838242976,0.3573127640976005
1797.533333333,-0.2301539381172901,-0.7269881914494487,0.0,0.0,0.016413808786865356,0.9998652843664031,0.03282909178427101,-0.00019709658389306856,0.3573125446092562
1797.566666666,-0.23015865504783523,-0.7269883579622504,0.0,0.0,0.022368121600232858,0.9997498022685862,0.04473997454275132,-0.00017848133793840835,0.3573156174460747
1797.616666666,-0.23016740748912462,-0.7269888105736749,0.0,0.0,0.031242958986966395,0.9995118195968163,0.062496088093444986,-0.00015907980266149498,0.35732115952730475
1797.633333333,-0.2301666398986552,-0.7269887602020302,0.0,0.0,0.034274357149482834,0.999412461620321,0.06856214245501756,-0.00015121690709166445,0.3573223667127011
1797.666666666,-0.230169934738272,-0.7269889902442694,0.0,0.0,0.04022581183293331,0.9991906144787297,0.08047333615532501,-0.00013344548411308387,0.35732609801448634
1797.716666666,-0.23017657272792497,-0.7269895685600762,0.0,0.0,0.04909558388303651,0.9987940847057434,0.09823065689193589,-0.00011546310562002878,0.35733624935052166
1797.733333333,-0.2301752265616744,-0.7269894317746032,0.0,0.0,0.052124613429119455,0.9986405883373982,0.10429649176515988,-0.00010821389946045412,0.3573359201180056
1797.766666666,-0.23017727837208765,-0.7269896436550676,0.0,0.0,0.05807148328494585,0.998312427464011,0.11620834393051305,-9.227075958201287e-05,0.35734173655905394
1797.816666666,-0.2301820309040943,-0.7269902253877791,0.0,0.0,0.06693350316208989,0.997757438536266,0.1339671645041724,-7.59568491976326e-05,0.35735391816227763
1797.833333333,-0.2301802324198616,-0.7269899774424333,0.0,0.0,0.06995913327310853,0.997549858238512,0.14003265185417785,-6.967931793769246e-05,0.35735051609343954
1797.866666666,-0.23018117902328614,-0.7269901017824321,0.0,0.0,0.07589950058288662,0.9971154726566369,0.15194512590318537,-5.559003153461868e-05,0.3573581981853281
1797.916666666,-0.2301843174982831,-0.7269905956839574,0.0,0.0,0.08475095498138843,0.9964021656087177,0.1697054828952847,-4.125782656632174e-05,0.3573729039040147
1797.933333333,-0.23018214907533802,-0.7269902173443538,0.0,0.0,0.08777218343386474,0.9961405743243531,0.17577054955928872,-3.6169318538956834e-05,0.357368294648787
1797.966666666,-0.2301822081613914,-0.7269902141321138,0.0,0.0,0.09370408662848378,0.995600092481475,0.1876835174570804,-2.4138448769948382e-05,0.35737498904305065
1798.016666666,-0.23018407292508752,-0.7269905710571065,0.0,0.0,0.1025421828971366,0.9947286568339581,0.20544548403040272,-1.2072419840954829e-05,0.3573902160470381
1798.033333333,-0.23018163796812174,-0.7269900559380781,0.0,0.0,0.1055580272235982,0.9944131449697666,0.21151009342701393,-8.032297889579886e-06,0.35738494832677764
1798.066666666,-0.23018107487625997,-0.726989917990273,0.0,0.0,0.11147968000191674,0.9937667135433096,0.22342377466193844,1.1730434572283457e-06,0.3573921914418323
1798.116666666,-0.2301821943913545,-0.7269901699242385,0.0,0.0,0.12030174203250399,0.9927373725532573,0.24118765261296288,1.0103502994372383e-05,0.35740848845201156
1798.133333333,-0.23017998719422708,-0.7269896199034781,0.0,0.0,0.12331164351240402,0.9923679955411046,0.24725261867814044,1.0544592257846997e-05,0.3574078848585687
1798.166666666,-0.2301791235889234,-0.726989384821327,0.0,0.0,0.1292207987502988,0.9916158455623502,0.259166299913065,1.6259574909226333e-05,0.357412164881116
1798.216666666,-0.2301783629643395,-0.7269891611978125,0.0,0.0,0.13778804387331603,0.9904617382643134,0.2764556166184332,2.6800969219511978e-05,0.3559978368206431
1798.233333333,-0.23017020214870165,-0.7269868223248115,0.0,0.0,0.14042299406080383,0.9900916032059859,0.2817772579551279,6.280408129246617e-05,0.35154002855029604
1798.266666666,-0.23015911223501315,-0.7269835445432948,0.0,0.0,0.14513005726416256,0.9894125865777638,0.29128884041258446,0.0001287117688136617,0.33712743567788134
1798.316666666,-0.23014283248951298,-0.7269785462147875,0.0,0.0,0.15122893077509694,0.988498766057207,0.3036227686722416,0.00020269969939939618,0.31609836681941084
1798.333333333,-0.23013523910574757,-0.7269761517227014,0.0,0.0,0.15305410269009287,0.9882178108340947,0.30731610825901123,0.00023682338765337142,0.3018686082340384
1798.366666666,-0.23011642322142303,-0.7269701150031047,0.0,0.0,0.15615889013524423,0.9877319479655038,0.31360125771919795,0.0003500171234351904,0.2680974171634264
1798.416666666,-0.2300937878017637,-0.7269626716966532,0.0,0.0,0.159966658908414,0.9871224179592312,0.32131375362817044,0.00044449173279853044,0.23010720793614628
1798.433333333,-0.2300767739088795,-0.7269569896261534,0.0,0.0,0.16096017098296397,0.9869609026486992,0.32332686417988177,0.0005011812920781561,0.21025602362324686
1798.466666666,-0.23006206558812006,-0.7269520307751608,0.0,0.0,0.1624553961789218,0.9867158883145388,0.3263571980557241,0.0005249265984871611,0.17136853173219216
1798.516666666,-0.23005827389708747,-0.7269507396251604,0.0,0.0,0.1638084587740013,0.9864921635948692,0.3291000662123721,0.0004721029621030461,0.13287009725686721
1798.533333333,-0.23005405615352065,-0.7269492982303547,0.0,0.0,0.16400794351894135,0.9864590181364291,0.3295045055033336,0.0004510745109020639,0.1131366958766645
1798.566666666,-0.2300474049256075,-0.7269470226578606,0.0,0.0,0.16410204615240462,0.9864433680899244,0.32969529575032985,0.00037468935490405194,0.07657054024338178
1798.616666666,-0.23007501370736624,-0.7269564689386409,0.0,0.0,0.16406323610137974,0.9864498236402818,0.32961660917736674,0.00014559621868913677,0.04481489756743453
1798.633333333,-0.2300746966677633,-0.7269563604784348,0.0,0.0,0.1640689489171374,0.9864488734857098,0.3296281917604279,3.9980910430380764e-05,0.032805729995702096
1798.666666666,-0.2300867019238868,-0.7269604672177563,0.0,0.0,0.16404648103282599,0.9864526101444239,0.3295826387827513,-0.0001292791075262624,0.014350408739244471
1798.716666666,-0.23010993674304858,-0.726968413615896,0.0,0.0,0.1640009405669976,0.9864601824164725,0.3294903073507853,-0.00025371742207554003,0.0025997708431020365
1798.733333333,-0.23010997857997903,-0.7269684279225059,0.0,0.0,0.1640060580228704,0.9864593316157534,0.32950068274792926,-0.00028072614872824535,0.00023538752748174067
1798.766666666,-0.23012130839004966,-0.7269723020603323,0.0,0.0,0.16398838259575935,0.9864622701216843,0.32946484670235093,-0.0003947477244705621,-0.001124370197387643
1798.816666666,-0.23014392105042655,-0.726980032899597,0.0,0.0,0.1639511144944865,0.98646846480565,0.3293892878383551,-0.0003662750927736241,-0.0011569642149577915
1798.833333333,-0.2301431402352086,-0.7269797659798976,0.0,0.0,0.163955365920673,0.9864677582089636,0.32939790732871044,-0.0003633344976824206,-0.001174742770835603
1798.866666666,-0.23015438373324787,-0.7269836093407159,0.0,0.0,0.1639401352004657,0.9864702895021487,0.3293670280616707,-0.0003584984972810596,-0.0010867005089942182
1798.916666666,-0.23017611796997403,-0.7269910376498626,0.0,0.0,0.16390856848933102,0.9864755350112735,0.3293030289173663,-0.0003504326366791333,-0.0009535945451593523
1798.933333333,-0.23017560782897822,-0.7269908633088239,0.0,0.0,0.16391243878103331,0.9864748919323056,0.3293108756258277,-0.00034693268926081085,-0.0009687666769510411
1798.966666666,-0.23018617918583098,-0.7269944759278008,0.0,0.0,0.1639010105872468,0.9864767907703046,0.32928770588703166,-0.00034211906289270444,-0.0008927688374305324
1799.016666666,-0.23018116382771012,-0.7269927624089734,0.0,0.0,0.16388552260922937,0.9864793639398138,0.32925630533516403,-0.0002532507607186748,-0.0007258616667598497
1799.033333333,-0.2301370240075845,-0.7269776793131465,0.0,0.0,0.16390109854856183,0.986476776155716,0.3292878842213149,2.1672506214099903e-05,-0.0005881052947424701
1799.066666666,-0.22981640941274298,-0.7268681092252761,0.0,0.0,0.16390938043884837,0.9864754001008605,0.3293046750799806,0.0021258889098638677,-0.00030208455369495695
1799.116666666,-0.22896163249880913,-0.7265760063676928,0.0,0.0,0.1638942646271262,0.9864779115734592,0.32927402901931124,0.005705516925590477,-0.00012054025645890432
1799.133333333,-0.22858026403595907,-0.7264456891127408,0.0,0.0,0.16389042138864549,0.986478550084619,0.3292662371829369,0.008120397540419077,-0.00021437152359616985
1799.166666666,-0.2276236083653695,-0.7261188029600423,0.0,0.0,0.16388307096258062,0.9864797712329806,0.32925133483860375,0.014253200572441126,-0.0001647671645219879
1799.216666666,-0.22582200109992034,-0.7255032423944006,0.0,0.0,0.1638699195638773,0.9864819559739186,0.32922467157692614,0.021751008593389225,-7.823388657138766e-05
1799.233333333,-0.2251253262784612,-0.7252652213808964,0.0,0.0,0.16386475462656364,0.9864828139360442,0.3292142001536297,0.02588841310149086,-0.0003305357382090904
1799.266666666,-0.22364784489234524,-0.7247604579719638,0.0,0.0,0.1638568042230114,0.9864841345454176,0.3291980814780314,0.03322344329567749,-0.0005279929387083761
1799.316666666,-0.22142665032438208,-0.7240016666510343,0.0,0.0,0.16384399446531112,0.986486262183945,0.329172110976454,0.03913416496627864,-0.0005108934245659592
1799.333333333,-0.22068558476303593,-0.7237485225433379,0.0,0.0,0.16383926255029366,0.9864870480888109,0.32916251750655184,0.041414705133692206,-0.0005217032255173524
1799.366666666,-0.21920437826983194,-0.7232425713363392,0.0,0.0,0.16383162336399504,0.9864883168015312,0.3291470298599557,0.04474033927911491,-0.0005252150388904028
1799.416666666,-0.21698217440603076,-0.7224835612945202,0.0,0.0,0.16381897058766326,0.9864904180353696,0.3291213777308006,0.04665553030598536,-0.0005217529531326155
1799.433333333,-0.21624097565346695,-0.7222304134398435,0.0,0.0,0.16381452481308895,0.9864911563010902,0.32911236441890324,0.046937670416550135,-0.000513004284913351
1799.466666666,-0.2147597346204577,-0.7217245331253324,0.0,0.0,0.16380674653213456,0.986492447913595,0.3290965948383801,0.046961183491207856,-0.0005109097147092808
1799.516666666,-0.21253752581646093,-0.7209656475182444,0.0,0.0,0.16379405148344653,0.9864945558383169,0.32907085711448497,0.0469687765991147,-0.000511579325572049
1799.533333333,-0.211796321938217,-0.7207125396035744,0.0,0.0,0.16378975201323298,0.9864952696974495,0.3290621404548085,0.04696949177101872,-0.0005063184643229109
1799.566666666,-0.2103150015946353,-0.7202067157211165,0.0,0.0,0.16378185338496104,0.9864965810897609,0.32904612695071067,0.04696989130838355,-0.0005094736094755799
1799.616666666,-0.20809266358510894,-0.7194479116064472,0.0,0.0,0.16376877055395553,0.9864987530611713,0.32901960315558787,0.04696977963776515,-0.0005136147372528917
1799.633333333,-0.2073517208162095,-0.719194935410736,0.0,0.0,0.1637642911916985,0.9864994966701608,0.3290105218251657,0.046967993306090694,-0.000514022848392509
1799.666666666,-0.2058702313350236,-0.718689139503329,0.0,0.0,0.16375621998587597,0.9865008365003739,0.32899415851151237,0.04696924036212512,-0.0005175852470809304
1799.716666666,-0.20364779672739858,-0.71793043118981,0.0,0.0,0.1637431946131341,0.9865029985853491,0.32896775131957473,0.0469692328708277,-0.0005187469921133685
1799.733333333,-0.2029067400119947,-0.717677458993587,0.0,0.0,0.16373871523159977,0.9865037420782068,0.3289586699891525,0.04696813414304227,-0.000520935016544431
1799.766666666,-0.201425419007407,-0.7171718068708637,0.0,0.0,0.16373045791369045,0.9865051125824809,0.3289419294299001,0.046967804924268816,-0.0005252973474094552
1799.816666666,-0.19920306170168883,-0.7164132530222292,0.0,0.0,0.1637178677936683,0.9865072020847567,0.3289164047640307,0.046968168503259265,-0.000520201102390908
1799.833333333,-0.1984618674375448,-0.7161602764712206,0.0,0.0,0.16371325983014004,0.9865079667979316,0.3289070627911946,0.046969597248981775,-0.0005217649568438314
1799.866666666,-0.19698056993891502,-0.715654717097897,0.0,0.0,0.1637054490644198,0.9865092629806457,0.32889122762137996,0.04696804864206686,-0.000518596093642741
1799.916666666,-0.19475793754456483,-0.7148961941041408,0.0,0.0,0.16369321526000472,0.9865112930310741,0.32886642543799127,0.0469692200855785,-0.0005107356672630536
1799.933333333,-0.19401683107888393,-0.714643288508637,0.0,0.0,0.1636890425886558,0.9865119853992699,0.32885796599122347,0.04696937350793105,-0.0005070043654116653
1799.966666666,-0.19253542680267507,-0.7141377731698576,0.0,0.0,0.16368150921783126,0.9865132353598572,0.32884269326030185,0.046969581267367624,-0.0004981973953972772
1800.016666666,-0.19031286240880224,-0.7133793939977914,0.0,0.0,0.16366943776060874,0.9865152381707676,0.3288182203094362,0.046969749073085834,-0.0004950010962916653
1800.033333333,-0.18957179712022246,-0.7131265425826399,0.0,0.0,0.16366497185654705,0.9865159790835604,0.32880916641505753,0.04696877420188712,-0.0004932726255813023
1800.066666666,-0.18809034379183706,-0.7126210918200087,0.0,0.0,0.16365702344122318,0.9865172977086407,0.32879305231213324,0.04696944862103165,-0.0004949462244098603
1800.116666666,-0.1858677277566303,-0.7118628211117165,0.0,0.0,0.16364371140061615,0.9865195060002776,0.32876606439060674,0.046968771005708024,-0.000504603711658117
1800.133333333,-0.1851264868791963,-0.7116099531235418,0.0,0.0,0.16363903345856634,0.9865202819652246,0.3287565806648789,0.04696946140623055,-0.0005107493852943856
1800.166666666,-0.18364526407084528,-0.7111046680935408,0.0,0.0,0.16363096321045026,0.9865216205835634,0.32874021963756245,0.04696798471602327,-0.0005172791638038698
1800.216666666,-0.18142256788008132,-0.7103465003563566,0.0,0.0,0.16361793981882045,0.9865237806406112,0.32871381701829877,0.04696831073852289,-0.000524357663038846
1800.233333333,-0.18068149835154032,-0.7100937339671325,0.0,0.0,0.16361335658865794,0.9865245407721962,0.32870452534487593,0.046968170101366356,-0.0005257843372758959
1800.266666666,-0.1791999478933361,-0.709588422736478,0.0,0.0,0.16360557050255023,0.9865258320492855,0.3286887404744744,0.04696845137570436,-0.0005238089421751224
1800.316666666,-0.1769772724804328,-0.7088303888072616,0.0,0.0,0.1635933274705278,0.9865278623572274,0.32866392000039,0.04696809658652103,-0.0005173065997835459
1800.333333333,-0.17623614702179427,-0.7085776444826549,0.0,0.0,0.1635889111311275,0.9865285946970478,0.32865496670483785,0.046967201622861735,-0.0005141240187939458
1800.366666666,-0.1747546229923939,-0.7080724240953166,0.0,0.0,0.16358117463489943,0.9865298775531669,0.32863928243326285,0.04696878698717558,-0.0005100634843473999
1800.416666666,-0.172531882533378,-0.7073144917816984,0.0,0.0,0.16356846691051555,0.9865319845968217,0.32861351998834926,0.046968905250165255,-0.0005095970715138878
1800.433333333,-0.17179079272785472,-0.7070618013553154,0.0,0.0,0.16356399641955224,0.9865327258004494,0.3286044569486227,0.04696887328717515,-0.0005082252693627649
1800.466666666,-0.17030918868937886,-0.7065566373424587,0.0,0.0,0.16355619673555113,0.9865340189316341,0.32858864464217774,0.04696889246499606,-0.0005083898856405677
1800.516666666,-0.16808648734433426,-0.7057988412207526,0.0,0.0,0.16354442726821777,0.9865359701042383,0.32856478442961834,0.046968429001643795,-0.0005033142176608899
1800.533333333,-0.16734532066598173,-0.705546164963471,0.0,0.0,0.16353988458142268,0.9865367231639657,0.3285555750643262,0.04696853128321218,-0.000504850636070151
1800.566666666,-0.1658636998971254,-0.7050410764370173,0.0,0.0,0.16353197659901758,0.986538034051206,0.3285395432695325,0.0469688253427915,-0.0005069357753234715
1800.616666666,-0.16364094310752797,-0.7042833835192861,0.0,0.0,0.16351974694894916,0.9865400612026618,0.32851475023149174,0.04696795594953925,-0.0004999121483465332
1800.633333333,-0.16289975876730595,-0.7040307425628846,0.0,0.0,0.16351528995477527,0.9865407999424077,0.32850571462780886,0.046968397038738834,-0.0004997475320876553
1800.666666666,-0.1614182023906482,-0.7035257590281634,0.0,0.0,0.16350711578269803,0.9865421547447546,0.32848914325749157,0.04696777695671858,-0.0005043019152328042
1800.716666666,-0.15919535662761547,-0.7027681620239333,0.0,0.0,0.1634947146580422,0.9865442099971422,0.3284640026962323,0.04696820206448747,-0.000509158094932661
1800.733333333,-0.15845415539658003,-0.7025155574148295,0.0,0.0,0.16349011328837565,0.986544972546591,0.328454674441418,0.04696825959786969,-0.0005098714320511413
1800.766666666,-0.15697251580310426,-0.7020106297953121,0.0,0.0,0.1634819887044276,0.986546318917285,0.32843820366992726,0.046968055034741926,-0.000512505292219305
1800.816666666,-0.15474965072262373,-0.7012531522293619,0.0,0.0,0.1634696732395448,0.9865483596514448,0.32841323687027724,0.046968374664639496,-0.0005147001756266397
1800.833333333,-0.15400851176751418,-0.701000610949545,0.0,0.0,0.16346493877108276,0.9865491441345262,0.32840363882770107,0.04696792398654288,-0.0005180748089192149
1800.866666666,-0.1525268559355072,-0.7004957623638682,0.0,0.0,0.16345687505362566,0.9865504802075277,0.32838729151840645,0.046968227634897455,-0.0005167304426709099
1800.916666666,-0.15030391154785694,-0.6997383845883854,0.0,0.0,0.16344423360381782,0.9865525746262389,0.3283616639673737,0.046968631167575596,-0.000517560383034572
1800.933333333,-0.14956267843457322,-0.6994858537252066,0.0,0.0,0.16343969535175193,0.9865533264772496,0.32835246374742943,0.04696866952316377,-0.0005167921738296509
1800.966666666,-0.14808108022631436,-0.6989811085606289,0.0,0.0,0.1634319857287336,0.9865546036792707,0.3283368343479415,0.04696808140404187,-0.0005117439417480088
1801.016666666,-0.1459787382341013,-0.6982649380874567,0.0,0.0,0.16341996113294452,0.986556595590596,0.3283124574232281,0.046586082907803764,-0.0005100772020782004
1801.033333333,-0.14540882052207624,-0.6980708034116462,0.0,0.0,0.16341633863693902,0.9865571956387006,0.3283051137088988,0.04550062935217196,-0.0004965512328680735
1801.066666666,-0.14456678823318575,-0.6977839857394039,0.0,0.0,0.16341010386728952,0.986558228364693,0.32829247426657604,0.041446050803748566,-0.00047430403105825367
1801.116666666,-0.1438424721155913,-0.6975372792954678,0.0,0.0,0.16339901840648713,0.9865600644582145,0.32827000128896977,0.035314202756506936,-0.00046318557438943897
1801.133333333,-0.14374619688838816,-0.6975044888685069,0.0,0.0,0.1633967633612196,0.9865604379474567,0.32826542975820966,0.031226020454109393,-0.00043541343983959536
1801.166666666,-0.1437415799074654,-0.6975029163847017,0.0,0.0,0.16339523913283957,0.9865606903930048,0.3282623397738024,0.02186398924839975,-0.00036017694877659866
1801.216666666,-0.1437676025257196,-0.6975117790827152,0.0,0.0,0.16338467440931878,0.9865624400757211,0.32824092251228937,0.012779967285794247,-0.0002926894286904175
1801.233333333,-0.14378819071713939,-0.6975187899257634,0.0,0.0,0.1633553217478064,0.9865673007234076,0.32818141773487247,0.00903702163461938,-0.0006056558009570869
1801.266666666,-0.14380123945367926,-0.6975232328308706,0.0,0.0,0.16334204878797245,0.9865694983617462,0.32815451040672394,0.0036170708332932894,-0.0006912631262616742
1801.316666666,-0.14381123013203453,-0.697526634304681,0.0,0.0,0.16333740077794812,0.9865702679014323,0.32814508784050983,0.00032497250604323713,-0.0005928243192526307
1801.333333333,-0.14382207812798561,-0.6975303273776928,0.0,0.0,0.16332381114313071,0.986572517716606,0.32811753862325854,-0.00035402048940016447,-0.0007306904354427018
1801.366666666,-0.1438321626855423,-0.6975337603410807,0.0,0.0,0.1633157207308575,0.9865738570234671,0.3281011375850452,-0.00044720219870534396,-0.0008105567650310444
1801.416666666,-0.14384163909714426,-0.6975369861611125,0.0,0.0,0.16331223632952058,0.9865744338188837,0.3280940739469941,-0.00040319475300509713,-0.0007721531623790265
1801.433333333,-0.14385232003270604,-0.6975406217829968,0.0,0.0,0.1633011828295844,0.9865762634923154,0.3280716661299913,-0.0003403962672384808,-0.0005495714043457127
1801.466666666,-0.14386247364327429,-0.6975440777503736,0.0,0.0,0.16329448327589896,0.9865773723999842,0.32805808471683917,-0.00032204391617879434,-0.00046961590946688065
1801.516666666,-0.1438717555269261,-0.6975472369208962,0.0,0.0,0.1632927266895151,0.986577663141784,0.3280545237470173,-0.0003191214999910858,-0.00046177777410590277
1801.533333333,-0.1438825082133702,-0.6975508965068572,0.0,0.0,0.16328296789817356,0.9865792783118669,0.32803474064484955,-0.0003185154017908927,-0.0004151810845369265
1801.566666666,-0.1438930060787977,-0.6975544692219791,0.0,0.0,0.16327672481222089,0.9865803115482258,0.3280220846265837,-0.0003211331706316464,-0.00039271096375751455
1801.616666666,-0.1439025344209017,-0.6975577119331313,0.0,0.0,0.16327671973699706,0.9865803123881635,0.3280220743380674,-0.0003215976328276718,-0.00036370249211878467
1801.633333333,-0.14391319209695008,-0.6975613388064444,0.0,0.0,0.16326772643358312,0.9865818007165998,0.3280038430871141,-0.00032144860538529436,-0.0003386430963212211
1801.666666666,-0.14392302154136125,-0.6975646836906195,0.0,0.0,0.16326174132286747,0.9865827911636332,0.32799171006842875,-0.00031939258607658033,-0.0003299527285865412
1801.716666666,-0.14393287924780562,-0.6975680381255592,0.0,0.0,0.1632607186626082,0.9865829603950034,0.3279896369323864,-0.0003235871292075911,-0.00032643234115406434
1801.733333333,-0.1439435589137527,-0.6975716721042289,0.0,0.0,0.16325243671520379,0.9865843308640921,0.32797284778847335,-0.00032312286677605047,-0.000308468591984659
1801.766666666,-0.14395372949996119,-0.6975751327558234,0.0,0.0,0.16324819352733047,0.9865850329850252,0.32796424601722957,-0.0003210472701048651,-0.00028414310883932454
1801.816666666,-0.14396603008852366,-0.6975793185737849,0.0,0.0,0.16328097869414138,0.9865796075313352,0.3280307081180288,-0.00033197481732065486,-8.981875423177889e-05
1801.833333333,-0.1439850825417805,-0.6975858050599328,0.0,0.0,0.16339423989744867,0.9865608558869214,0.32826031407925205,-0.00038518560466388615,0.0013972044890868684
1801.866666666,-0.14398373538495227,-0.6975853486983715,0.0,0.0,0.16391196570792602,0.9864749705379066,0.3293099165074714,-0.0003143536185998727,0.0077676172589025315
1801.916666666,-0.14397870600369236,-0.6975836208513466,0.0,0.0,0.165552023005184,0.9862010584454324,0.3326354639268959,-0.00026298889241536553,0.020276091886498936
1801.933333333,-0.14397809835231554,-0.6975834104232045,0.0,0.0,0.1662789055305537,0.9860787623590528,0.33410966142116977,-0.00019144453347673596,0.029222011536711466
1801.966666666,-0.14396640198497812,-0.6975793272985085,0.0,0.0,0.1683776919843603,0.985722553684362,0.33836726211171564,-5.265363346954111e-05,0.05481922663527707
1802.016666666,-0.14396814501763586,-0.6975799368788902,0.0,0.0,0.17238586690854218,0.9850294984873247,0.3465025714586632,-2.8918914554306174e-05,0.08658155861146839
1802.033333333,-0.1439701428172021,-0.6975806618453326,0.0,0.0,0.17396407966652694,0.984751998721393,0.349707419148653,7.908762490293332e-05,0.10443300862705891
1802.066666666,-0.1439717807801774,-0.69758126064302,0.0,0.0,0.177703131965241,0.9840841411636223,0.3573038823135192,6.00896246531121e-05,0.1437141734448465
1802.116666666,-0.1439447195097372,-0.6975710277212457,0.0,0.0,0.18411981535671862,0.9829038068870258,0.37035258581198605,0.00018425904966555808,0.1826127797670279
1802.133333333,-0.14393214537397583,-0.6975661104594668,0.0,0.0,0.18650243364518418,0.9824544988163185,0.375201812773434,0.000261409317533014,0.20286295616469494
1802.166666666,-0.14391668945406172,-0.6975599195445796,0.0,0.0,0.19174295951532866,0.981445178028963,0.3858755014421117,0.00028697651528903744,0.24135948442132502
1802.216666666,-0.14391269843607282,-0.6975582791834531,0.0,0.0,0.20036824502919492,0.9797206573222392,0.40346754745224783,0.00032648836452628665,0.2792633181069087
1802.233333333,-0.14391090023820385,-0.6975575051085727,0.0,0.0,0.2033351692174028,0.9791091915406219,0.40952610720125143,0.0003509863983049388,0.29638559011856513
1802.266666666,-0.14391079390170686,-0.6975574491881764,0.0,0.0,0.20916345729416466,0.9778806921770938,0.421438832747325,0.00036216944981372915,0.32228316467740964
1802.316666666,-0.14391227525326397,-0.6975581205204318,0.0,0.0,0.21784194178168845,0.9759840615505888,0.4392055228928156,0.00020831080153032442,0.34171711563225593
1802.333333333,-0.14391126946905633,-0.6975576442664302,0.0,0.0,0.22079871982781207,0.9753193965683239,0.44526665248456715,0.00013397926985421593,0.34898853126905416
1802.366666666,-0.14391185476127752,-0.6975579194557376,0.0,0.0,0.2266046214473801,0.9739868302696344,0.4571803977369267,3.020023211189357e-05,0.35642887081270425
1802.416666666,-0.14391428543726478,-0.6975591342900689,0.0,0.0,0.23524775659144084,0.9719354366513725,0.4749469415568514,-7.078203414247455e-06,0.35739283618632234
1802.433333333,-0.14391374620271108,-0.6975588549436884,0.0,0.0,0.23819184092357365,0.971218125303188,0.481007362384144,-1.5180821410002847e-05,0.3574040026558332
1802.466666666,-0.14391507241949403,-0.6975595491922817,0.0,0.0,0.24397288804944656,0.9697820527813515,0.4929208698574593,-2.488158928015626e-05,0.3574086942188208
1802.516666666,-0.1439185661697134,-0.697561458592609,0.0,0.0,0.2525779618864142,0.9675765464134117,0.5106873633779709,-3.3829628520160455e-05,0.35740999743079005
1802.533333333,-0.1439184993602304,-0.6975614208953972,0.0,0.0,0.25550859032584117,0.9668067853866673,0.5167474366820448,-4.004643009882344e-05,0.35740365970485166
1802.566666666,-0.14392062973626335,-0.6975626404475626,0.0,0.0,0.2612628544946723,0.9652676938866729,0.5286605326147066,-5.0894669322521545e-05,0.357399763786313
1802.616666666,-0.1439253276510418,-0.6975654337153502,0.0,0.0,0.2698270784599566,0.9629087951253558,0.5464268889550004,-6.155752300201056e-05,0.3573999832750959
1802.633333333,-0.143925769234946,-0.6975657041227123,0.0,0.0,0.2727431939260596,0.9620868724637146,0.5524863586661157,-6.830810651570433e-05,0.35739427657765066
1802.666666666,-0.1439287806786502,-0.6975675779097117,0.0,0.0,0.27846879657930007,0.9604452765939746,0.5643989516046453,-8.060746552063746e-05,0.3573887893686613
1802.716666666,-0.14393475670325925,-0.6975714292282755,0.0,0.0,0.2869893242595648,0.9579337804676471,0.582164932985677,-9.282691684060754e-05,0.35738788397917637
1802.733333333,-0.14393571235112787,-0.6975720624578539,0.0,0.0,0.28989013920985074,0.9570599287342948,0.5882240917549653,-0.00010016561937251646,0.35738239677057193
1802.766666666,-0.14393964698698516,-0.69757471339878,0.0,0.0,0.2955854434885502,0.9553163065695451,0.6001365749493205,-0.00011390331298779147,0.35737872034057616
1802.816666666,-0.14394691626095285,-0.6975797768704196,0.0,0.0,0.3040596051781986,0.9526530094944738,0.6179022819699164,-0.00012718393559573154,0.3573774857185604
1802.833333333,-0.1439483686061851,-0.6975808157572007,0.0,0.0,0.30694430848411014,0.9517274775318886,0.6239613675764218,-0.00013479112724468564,0.3573751810914426
1802.866666666,-0.14395320720135793,-0.6975843356353718,0.0,0.0,0.3126073883604487,0.949882424693951,0.6358735123929065,-0.00014941099940611792,0.35737249235907803
1802.916666666,-0.1439618006751539,-0.6975907909034262,0.0,0.0,0.3210324245363117,0.94706820366663,0.6536388261635444,-0.00016378795258607917,0.35737013285884955
1802.933333333,-0.1439637432276384,-0.6975922881842224,0.0,0.0,0.3239000353948192,0.9460913101129482,0.6596977105723969,-0.00017162527776385782,0.35736848669626825
1802.966666666,-0.1439694585333371,-0.697596768274671,0.0,0.0,0.3295291071461656,0.9441454165240919,0.6716095627377502,-0.00018673098736633802,0.35736470052215985
1803.016666666,-0.14397935133854398,-0.6976047690854514,0.0,0.0,0.33790250793871435,0.9411811170697844,0.6893748582176924,-0.00020221066371338647,0.35736324641184924
1803.033333333,-0.14398175744389008,-0.697606764675899,0.0,0.0,0.3407521724310881,0.94015315613122,0.6954336694637621,-0.00021025255202796936,0.3573616002492677
1803.066666666,-0.14398829714170788,-0.6976122807300622,0.0,0.0,0.3463456040257803,0.9381069888728137,0.7073455765012024,-0.00022568428413045953,0.35736017357499783
1803.116666666,-0.1439993794761908,-0.6976219199809188,0.0,0.0,0.3546647219811505,0.9349935480964738,0.7251109085625361,-0.00024137171992104004,0.357360722296324
1803.133333333,-0.1440022105739846,-0.6976244441138452,0.0,0.0,0.35749550514325995,0.9339148589686136,0.7311695917737359,-0.00024941360823535404,0.357359515109935
1803.166666666,-0.1440095526119716,-0.6976311010270563,0.0,0.0,0.3630515190646501,0.9317690671539005,0.7430815719739591,-0.00026530560739250974,0.3573602833191597
1803.216666666,-0.14402180272059859,-0.6976425503018758,0.0,0.0,0.37131374899189973,0.9285074581335254,0.7608470503608585,-0.00028150445102814573,0.3573610515283741
1803.233333333,-0.1440249973188099,-0.6976456102706264,0.0,0.0,0.37412490898299194,0.9273783221956765,0.7669059530604069,-0.0002892906354217468,0.3573616002492348
1803.266666666,-0.1440330473591867,-0.6976534519702147,0.0,0.0,0.3796418235429224,0.9251335502601797,0.7788182076210657,-0.0003053871977095386,0.35736368538857677
1803.316666666,-0.144046278690871,-0.6976667360138923,0.0,0.0,0.38784460990163694,0.9217247737639729,0.7965840152404882,-0.00032179699707671867,0.35736494744660374
1803.333333333,-0.14404979707535617,-0.6976703558779062,0.0,0.0,0.39063518834883443,0.920545571725632,0.8026430093935151,-0.0003293274775496692,0.3573668130980251
1803.366666666,-0.14405847588820858,-0.6976794369871292,0.0,0.0,0.39611132349600586,0.9182024936789502,0.8145557212215666,-0.0003452322618767852,0.35737120286512586
1803.416666666,-0.1440725901275513,-0.6976946589613484,0.0,0.0,0.4042520184603069,0.9146476401165465,0.8323218032014246,-0.00036129046834994347,0.3573723003064432
1803.433333333,-0.1440763657857347,-0.6976988320158859,0.0,0.0,0.40702138221941686,0.9134186304297692,0.8383814558194972,-0.0003685141041174345,0.357376799817499
1803.466666666,-0.14408554296485732,-0.6977091489133294,0.0,0.0,0.4124549846236636,0.9109779830814209,0.8502946249149418,-0.0003839330509601717,0.35738228702636665
1803.516666666,-0.14410035015392317,-0.697726309389319,0.0,0.0,0.42053115039432093,0.9072781004455188,0.8680613470691496,-0.00039983783507247786,0.35738535986325803
1803.533333333,-0.14410432970306258,-0.6977310369081959,0.0,0.0,0.42327843418411876,0.9059996507475269,0.8741217130243553,-0.000406626774174277,0.35739359067616566
1803.566666666,-0.14411390632751803,-0.6977426112041307,0.0,0.0,0.4286679367373008,0.9034621187484208,0.8860357234918026,-0.00042139367601699406,0.35740138251284487
1803.616666666,-0.1441292468305687,-0.6977617309245497,0.0,0.0,0.436677018403938,0.8996183533020249,0.9038031589831436,-0.0004366655929153923,0.3574062661290793
1803.633333333,-0.1441333542954056,-0.6977669802553629,0.0,0.0,0.4394013462754761,0.8982908531713429,0.9098642565661774,-0.0004428919833905359,0.357414935918178
1803.666666666,-0.1441432008991016,-0.6977797863543133,0.0,0.0,0.44474496113829315,0.8956572556185196,0.9217789803707577,-0.0004569684846213065,0.35742426417333983
1803.716666666,-0.14415884809934093,-0.6978007831272734,0.0,0.0,0.4526844726944648,0.8916707734255589,0.9395473121061886,-0.00047139018596518615,0.35742887342871843
1803.733333333,-0.1441630233233529,-0.697806531042872,0.0,0.0,0.4553848858279499,0.8902946735544727,0.9456089584100941,-0.00047693896105032666,0.35743655552076425
1803.766666666,-0.14417299884668583,-0.697820511693528,0.0,0.0,0.4606808003700468,0.8875658849744131,0.9575241760634586,-0.0004898520093839445,0.35744379863658954
1803.816666666,-0.14418881732257716,-0.6978434022431055,0.0,0.0,0.4685481301551921,0.8834379716358547,0.975293257717414,-0.0005035321693415371,0.35744818840363846
1803.833333333,-0.14419302243580973,-0.6978496492413784,0.0,0.0,0.4712239700138086,0.8820135883785607,0.9813559283002793,-0.0005087229589378027,0.35745762640293444
1803.866666666,-0.14420279849445392,-0.6978644389540534,0.0,0.0,0.4764702361313048,0.8791906016791686,0.9932710727908609,-0.0005181712189758608,0.357460150519142
1803.916666666,-0.1442185270990085,-0.6978890318681278,0.0,0.0,0.48426325331541764,0.874922340261333,1.0110418006074304,-0.0005310459115508353,0.3574692592851051
1803.933333333,-0.14422247922798442,-0.6978953817523479,0.0,0.0,0.4869133350847379,0.8734502871467029,1.0171047638414272,-0.0005332961060553584,0.35747716086549575
1803.966666666,-0.14423222064899768,-0.6979113294999887,0.0,0.0,0.49210908680112914,0.870533541391576,1.029021700820189,-0.0005423735953680442,0.35748747681816007
1804.016666666,-0.14424766690557378,-0.6979374963952071,0.0,0.0,0.49982456652919804,0.8661266666567305,1.0467924286367583,-0.0005534711456663483,0.3574936224919087
1804.033333333,-0.1442515168124771,-0.6979442052651227,0.0,0.0,0.5024482291986776,0.8646072963924797,1.0528561234985836,-0.0005546985244870692,0.35749976816554574
1804.066666666,-0.1442610041095616,-0.6979610628245794,0.0,0.0,0.5075912354047357,0.8615980140067027,1.0647735726168253,-0.0005643897032836117,0.3575135959320331
1804.116666666,-0.14427596727972333,-0.6979886150108705,0.0,0.0,0.5152269447552416,0.8570537879259267,1.0825448491542662,-0.0005734927629870469,0.3575140349092856
1804.133333333,-0.1442796365332374,-0.6979955740736974,0.0,0.0,0.5178235141641282,0.855487468159945,1.088609678039226,-0.0005758196686672186,0.35752522881434257
1804.166666666,-0.1442887094089429,-0.6980131345347131,0.0,0.0,0.5229123885006696,0.8523864346366177,1.100528261180602,-0.0005822889779675504,0.3575351057904762
1804.216666666,-0.1443030074243393,-0.698041863634223,0.0,0.0,0.5304655968171365,0.8477064648765156,1.1182994279738685,-0.0005897811029341867,0.3575340083488669
1804.233333333,-0.14430646259773328,-0.698049026184262,0.0,0.0,0.5330340607612215,0.846093783258335,1.1243649884866564,-0.0005910851929311586,0.3575452022544203
1804.266666666,-0.14431506057730759,-0.6980672348680654,0.0,0.0,0.5380667318871947,0.8429022434637564,1.1362836813722068,-0.0005958412859134539,0.3575526648588333
1804.316666666,-0.1443285147434626,-0.6980968795812762,0.0,0.0,0.5455349631954978,0.8380880645441068,1.1540545920957335,-0.0006012238535046908,0.3575483848361848
1804.333333333,-0.14433172022940682,-0.6981041805790669,0.0,0.0,0.548074386272994,0.8364295948323929,1.1601206281666103,-0.0006018631133078412,0.357555627952039
1804.366666666,-0.1443397194138427,-0.6981228179333895,0.0,0.0,0.5530491679463584,0.8331486168948735,1.1720392478893777,-0.0006049571307715678,0.3575558474408176
1804.416666666,-0.1443521464682335,-0.6981530229028003,0.0,0.0,0.5604300980987605,0.828201729740414,1.18981004886873,-0.0006076803775499688,0.35755288434771526
1804.433333333,-0.14435502442899514,-0.6981602714257116,0.0,0.0,0.5629397545061241,0.8264979327237212,1.195876779986044,-0.0006067598434344177,0.3575599079747293
1804.466666666,-0.14436232369591068,-0.6981791070496154,0.0,0.0,0.5678549813297878,0.8231286170331744,1.2077951436390713,-0.0006071433992483749,0.35755793257989504
1804.516666666,-0.14437361044873673,-0.6982095928285662,0.0,0.0,0.5751459373786596,0.8180508240426282,1.2255650666650295,-0.0006074374587402223,0.35755211613877097
1804.533333333,-0.14437614164972487,-0.6982166987209271,0.0,0.0,0.5776248541689971,0.8163023507538397,1.2316320904334748,-0.0006048548491384457,0.3575580423240636
1804.566666666,-0.14438263400297321,-0.6982354084512171,0.0,0.0,0.5824791673513228,0.812845630856013,1.2435507101562422,-0.0006019909650485583,0.35755804232445904
1804.616666666,-0.14439269662412985,-0.6982658893480107,0.0,0.0,0.5896776516327205,0.8076386984072271,1.2613193162521086,-0.0006002905339249137,0.35754695816349435
1804.633333333,-0.1443948834860621,-0.6982728008214952,0.0,0.0,0.5921250194792747,0.8058461151526813,1.2673865960902941,-0.000596991953343828,0.35755025048815975
1804.666666666,-0.14440057728459837,-0.6982913189723305,0.0,0.0,0.5969163967412101,0.8023034434062278,1.2793043012782759,-0.0005920312970452782,0.3575462996982417
1804.716666666,-0.14440930700906268,-0.6983213213337106,0.0,0.0,0.6040200111059487,0.7969691500827178,1.2970712977929195,-0.0005875948339224707,0.35753236218827705
1804.733333333,-0.14441113488807875,-0.6983279082242254,0.0,0.0,0.6064349890689358,0.795133073160059,1.3031386873752793,-0.0005833501488342603,0.3575345570717191
1804.766666666,-0.14441597728188424,-0.6983459222246773,0.0,0.0,0.6111621449180311,0.791505421724445,1.3150560633307382,-0.0005764461426919068,0.3575270944681223
1804.816666666,-0.14442336077843326,-0.6983751511597721,0.0,0.0,0.6181684978537085,0.7860456146186998,1.3328210844502444,-0.0005690690844417859,0.3575107425863256
1804.833333333,-0.14442482805102314,-0.698381281092993,0.0,0.0,0.620550257745571,0.7841666771878957,1.3388884374512129,-0.0005633924573967791,0.35751118156351136
1804.866666666,-0.14442882177057462,-0.6983985759858009,0.0,0.0,0.6252110757583949,0.7804557071026071,1.3508039111743175,-0.0005536501376379765,0.3574977927743447
1804.916666666,-0.14443484415629754,-0.6984265914885848,0.0,0.0,0.6321180179110429,0.7748721258583343,1.3685671032242526,-0.0005437288253344637,0.35748155063619935
1804.933333333,-0.14443596576425768,-0.6984321475030312,0.0,0.0,0.6344657462255503,0.7729509796012005,1.3746342733182637,-0.000536722537899933,0.3574802337061339
1804.966666666,-0.14443911891400554,-0.698448431606173,0.0,0.0,0.6390593708811009,0.7691574094351894,1.3865494178088453,-0.0005243208973108151,0.3574668449170466
1805.016666666,-0.14444382560764132,-0.6984748903515282,0.0,0.0,0.6458647230421457,0.7634518711285555,1.4043107807892092,-0.0005115868418392326,0.35745060277940605
1805.033333333,-0.14444464392579487,-0.6984798521605322,0.0,0.0,0.6481777159865493,0.7614890993956908,1.4103778777204374,-0.0005039412946020705,0.3574490663609976
1805.066666666,-0.14444702019822767,-0.6984949962321609,0.0,0.0,0.6527022722957796,0.7576145086651429,1.4222915955367532,-0.000489417311416809,0.3574385309204632
1805.116666666,-0.14445051058906427,-0.6985196986995051,0.0,0.0,0.6594038639603118,0.751788896030136,1.4400510562847628,-0.0004747654765182677,0.35742206929494996
1805.133333333,-0.14445105446878478,-0.698523934171322,0.0,0.0,0.6616813870342244,0.7497851305890675,1.4461180800532085,-0.0004663783879098736,0.3574211913410774
1805.166666666,-0.14445271625397235,-0.6985377104346326,0.0,0.0,0.6661355896713738,0.7458306618617736,1.458030737009173,-0.0004501156179929299,0.35740626613343535
1805.216666666,-0.14445509235939552,-0.6985603176779247,0.0,0.0,0.6727313661402853,0.7398868217579128,1.475788441850394,-0.00043381449277435325,0.357390572716639
1805.233333333,-0.14445541332234177,-0.6985637975222512,0.0,0.0,0.6749725339255289,0.7378428548452243,1.4818549534793592,-0.0004246091516193418,0.3573870609031303
1805.266666666,-0.14445645131314652,-0.698576057219619,0.0,0.0,0.6793548724863194,0.7338098917492846,1.493766256923841,-0.0004064541726688015,0.35737257467212513
1805.316666666,-0.1444578570434428,-0.6985963709168056,0.0,0.0,0.6858427064782626,0.7277498072624765,1.5115220595327075,-0.00038836311997724995,0.3573560033019785
1805.333333333,-0.14445800844432316,-0.6985990600687556,0.0,0.0,0.688046840058574,0.725666277213852,1.5175881321849758,-0.00037890207490166866,0.3573502966055251
1805.366666666,-0.1444585322639991,-0.6986097569347244,0.0,0.0,0.6923562429531922,0.7215558418055669,1.5294989234899776,-0.00035990327301796486,0.3573391026997873
1805.416666666,-0.1444591276102867,-0.6986275351963079,0.0,0.0,0.6987345140699375,0.7153810724693856,1.5472539944710157,-0.00034013735962928145,0.35732834777029293
1805.433333333,-0.1444591655414612,-0.698629384396219,0.0,0.0,0.700901047496025,0.7132585236917782,1.5533199939605011,-0.0003302671882797631,0.3573252749334753
1805.466666666,-0.14445928791163645,-0.6986384439758994,0.0,0.0,0.7051361871347375,0.7090718987472882,1.5652303828701972,-0.0003108081193121398,0.35731978772472556
1805.516666666,-0.1444592555697379,-0.6986537433514476,0.0,0.0,0.7114030780475283,0.7027842204720467,1.5829853075256697,-0.00029035180533675117,0.35731627591116605
1805.533333333,-0.14445923831456092,-0.6986548768391178,0.0,0.0,0.7135312957541785,0.7006233581457038,1.5890511606895894,-0.0002809930418291548,0.35731495898110166
1805.566666666,-0.14445907606255803,-0.6986622904533133,0.0,0.0,0.7176910434304321,0.696361663347242,1.6009617690876339,-0.0002612271281764729,0.357313861539302
1805.616666666,-0.14445859470144404,-0.6986750834701417,0.0,0.0,0.7238445812328349,0.6899630585907204,1.6187166205803232,-0.00024120551086809157,0.35731276409805246
1805.633333333,-0.29609953428022096,-0.8158061524422392,0.0,0.0,-0.15107904310027678,0.9885216855162585,-0.3033195089372931,-1.3479755659370711,-11.211299778427948
1805.666666666,-0.29610509529808515,-0.815804430487879,0.0,0.0,-0.14518956008417488,0.9894038566948098,-0.2914091200275971,-1.3479561324385434,-11.211299778427948
1805.716666666,-0.29611506023287465,-0.8158015194100936,0.0,0.0,-0.1364004501605049,0.9906537827091823,-0.27365397588377616,-1.3479362642435948,-11.211298680986221
1805.733333333,-0.29611477276944137,-0.8158015991601287,0.0,0.0,-0.13339510220881862,0.991062937813083,-0.26758783006872505,-1.34792767259185,-11.211296925079468
1805.766666666,-0.2961189181820289,-0.8158004723437531,0.0,0.0,-0.12749069035567367,0.9918397672369432,-0.2556772216706805,-1.3479089550643255,-11.211296925079626
1805.816666666,-0.29612680722906093,-0.8157984675224128,0.0,0.0,-0.11867989039549522,0.9929325675068339,-0.23792054110841981,-1.3478898284107714,-11.211289023499143
1805.833333333,-0.29612588710549914,-0.8157986877124705,0.0,0.0,-0.1156678575877558,0.9932879475363922,-0.23185468794449998,-0.0001386938073525915,0.35732264107348166
1805.866666666,-0.29612879927981567,-0.8157980022460691,0.0,0.0,-0.10975032775431832,0.993959187068473,-0.2199437137325411,-0.00012171506655507983,0.35732615288690994
1805.916666666,-0.2961347798996709,-0.815796704637393,0.0,0.0,-0.10092079158909106,0.9948944636618656,-0.20218578940297163,-0.00010414820694385925,0.3573377857688244
1805.933333333,-0.2961333094230537,-0.8157970014213798,0.0,0.0,-0.09790307221148813,0.9951959548006373,-0.19612030205296624,-9.693735637236835e-05,0.35733383497862914
1805.966666666,-0.2961301911204628,-0.8157975761266888,0.0,0.0,-0.09232487359742715,0.9957289378717579,-0.18491308064931217,-5.2138027365220734e-05,0.3531135129039704
1806.016666666,-0.2961188875364476,-0.8157995868418305,0.0,0.0,-0.08496333679639168,0.9963840782551792,-0.170131784140294,2.5442543462181203e-05,0.34198896546559326
1806.033333333,-0.29611276129142994,-0.8158006250849689,0.0,0.0,-0.08271898757257155,0.9965729120816844,-0.16562722476254998,5.704754809434015e-05,0.33262120293588304
1806.066666666,-0.29610623216299226,-0.8158016824674718,0.0,0.0,-0.07878256038525577,0.9968918237096458,-0.157728570725271,0.00011468321332367214,0.30854728158274014
1806.116666666,-0.2960814230252469,-0.8158055023878218,0.0,0.0,-0.0737809581824374,0.9972744708502677,-0.14769612412595723,0.0002472912683814121,0.2784795728251061
1806.133333333,-0.2960720630297043,-0.8158068814459651,0.0,0.0,-0.07237152441273186,0.9973777431114941,-0.14486969949861225,0.0002950567608183797,0.259045196877578
1806.166666666,-0.29606209092900926,-0.8158083157784299,0.0,0.0,-0.06997502542650615,0.9975487435792598,-0.14006451424610739,0.00033648079491432886,0.2206329795730181
1806.216666666,-0.2960551863960356,-0.8158092847714472,0.0,0.0,-0.06744570802378752,0.9977229457465484,-0.13499389441739618,0.0003418250058907136,0.1821222125751934
1806.233333333,-0.2960491639280174,-0.8158100987726761,0.0,0.0,-0.06679986017223775,0.9977663948444894,-0.13369927897473544,0.00034100675334362184,0.16286254934986555
1806.266666666,-0.29604020869269065,-0.8158112957087079,0.0,0.0,-0.06600597100591576,0.9978192280125525,-0.13210798844758811,0.00035553073563763366,0.1250183678766001
1806.316666666,-0.2960364571102639,-0.8158117931513932,0.0,0.0,-0.06565489438734645,0.9978423897805637,-0.13140430880206613,0.00027314293093479885,0.08765750034819351
1806.333333333,-0.29603216452095366,-0.8158123604983931,0.0,0.0,-0.06565788758902073,0.9978421928327883,-0.13141030815026042,0.0002423561788504228,0.07066295683506096
1806.366666666,-0.2960521317575578,-0.8158097209596947,0.0,0.0,-0.06567383915383256,0.9978411430938277,-0.1314422802863691,6.106209791126952e-05,0.041640012262788115
1806.416666666,-0.29607778558798686,-0.815806327967648,0.0,0.0,-0.06572508846127491,0.9978377687513925,-0.13154500083350096,-0.00010396921364521612,0.019969488783881672
1806.433333333,-0.29607721099948525,-0.815806403987867,0.0,0.0,-0.06571990513464002,0.9978381101506867,-0.13153461171833516,-0.00013695501945063928,0.012264130973010453
1806.466666666,-0.2960882887055543,-0.8158049381946129,0.0,0.0,-0.06573665968405373,0.9978370065163864,-0.13156819343566659,-0.00025820981995109115,0.0025148974766828858
1806.516666666,-0.29611081576257825,-0.8158019563027403,0.0,0.0,-0.06577162881461984,0.997834702164177,-0.13163828338164404,-0.00038212394110849295,-0.0011922606846237198
1806.533333333,-0.2961101482342912,-0.8158020446834715,0.0,0.0,-0.06576772308066112,0.9978349596004269,-0.1316304549638782,-0.00040406333752796887,-0.0011092940905220075
1806.566666666,-0.2961208793659276,-0.8158006237335007,0.0,0.0,-0.06577962279032785,0.9978341752142799,-0.1316543060310897,-0.0003481664603205459,-0.0010605676775079984
1806.616666666,-0.2961429245518291,-0.8157977038216909,0.0,0.0,-0.06580681687699176,0.9978323821426713,-0.13170881230431852,-0.0003292443700822302,-0.0008279100309801122
1806.633333333,-0.2961424344724548,-0.8157977687441818,0.0,0.0,-0.06580455374681149,0.9978325313930103,-0.13170427621178127,-0.0003297557779242759,-0.0008630281660495148
1806.666666666,-0.2961528528690526,-0.81579638846889,0.0,0.0,-0.06581473782995673,0.9978318597260633,-0.13172468862819853,-0.000325766796763205,-0.0007840123629347013
1806.716666666,-0.2961742303461859,-0.8157935555755392,0.0,0.0,-0.06583861017002711,0.9978302848735747,-0.13177253708818734,-0.0003204737255492054,-0.0006850231186745805
1806.733333333,-0.2961737064727236,-0.8157936250093253,0.0,0.0,-0.06583729609724165,0.9978303715775563,-0.1317699032280043,-0.0003213431188804644,-0.0007161904635482922
1806.766666666,-0.2961410404042514,-0.8157979543665866,0.0,0.0,-0.0658270025231393,0.9978310506988739,-0.13174927132323858,-5.868404017115969e-05,-0.00044929262999032034
1806.816666666,-0.2957569623787227,-0.8158488387971894,0.0,0.0,-0.06580521078464067,0.9978324880627956,-0.13170559314187286,0.0014304589134634216,3.380121873578101e-05
1806.833333333,-0.29552399719387207,-0.8158797001884477,0.0,0.0,-0.06580488226572967,0.997832509727957,-0.1317049346768271,0.002837495309007456,1.0535454252365081e-05
1806.866666666,-0.29485151505873863,-0.8159687839886522,0.0,0.0,-0.06580331267527861,0.9978326132377913,-0.13170178867716417,0.00697069361917967,0.00015188594593152182
1806.916666666,-0.2934600865352885,-0.8161531094889394,0.0,0.0,-0.06580970054237611,0.9978321919614153,-0.13171459216416423,0.012546547838732497,0.00034569415433850185
1806.933333333,-0.2928953975891918,-0.8162279218185045,0.0,0.0,-0.0658121826842921,0.9978320282544199,-0.13171956723339853,0.015961115717832586,0.00030004057874790334
1806.966666666,-0.29156251179519216,-0.8164045195609942,0.0,0.0,-0.06581871655591816,0.9978315972903101,-0.13173266337153,0.023830608689217405,9.767231095203018e-05
1807.016666666,-0.2892636209269432,-0.8167091561839789,0.0,0.0,-0.06583255083345498,0.99783068466086,-0.13176039206623297,0.031666476467281504,-0.00023134071995978256
1807.033333333,-0.28848754402337023,-0.8168120120825729,0.0,0.0,-0.0658373691012883,0.9978303667607139,-0.13177004955357008,0.034953652652953034,-0.0002932364330190755
1807.066666666,-0.28693579848896056,-0.817017690445024,0.0,0.0,-0.06584525353624976,0.997829846510289,-0.1317858527146673,0.04027541394677673,-0.000406931398466968
1807.116666666,-0.2846078399791835,-0.8173263008599804,0.0,0.0,-0.06585770071455675,0.9978290250622057,-0.13181080122362168,0.04419210766807745,-0.00047519227364584284
1807.133333333,-0.2838315401055518,-0.8174292259852596,0.0,0.0,-0.06586233646456234,0.9978287190873135,-0.1318200928970445,0.04547292860816529,-0.0005010918982583678
1807.166666666,-0.2822797456554361,-0.8176349893625617,0.0,0.0,-0.06587025738844764,0.9978281962299821,-0.13183596922092453,0.04679798635659317,-0.0005177730124159075
1807.216666666,-0.2799517857463567,-0.8179437189156292,0.0,0.0,-0.065882631542339,0.9978273792901537,-0.1318607714043133,0.04696846416087516,-0.0005057011533223409
1807.233333333,-0.27917545721147957,-0.8180466872586108,0.0,0.0,-0.06588719428089271,0.9978270780199302,-0.1318699167521704,0.04697004952518517,-0.0005026283165039972
1807.266666666,-0.27762390129749076,-0.8182524987990345,0.0,0.0,-0.06589551671246649,0.9978265284493076,-0.13188659786666196,0.04696902670957804,-0.0005078960369487918
1807.316666666,-0.2752959148877546,-0.8185613526694003,0.0,0.0,-0.06590800035123191,0.9978257039632232,-0.13191161953839917,0.04696905227998005,-0.0005107493853502823
1807.333333333,-0.2745197605928915,-0.8186643381781827,0.0,0.0,-0.06591270908949043,0.9978253929322927,-0.13192105753738773,0.04696823402749706,-0.0005116273387280189
1807.366666666,-0.2729680207834588,-0.8188702542007523,0.0,0.0,-0.06592077599425844,0.9978248600292111,-0.13193722651239925,0.0469680294643909,-0.000513383245429294
1807.416666666,-0.27064005836503735,-0.8191792240745014,0.0,0.0,-0.06593300409960515,0.997824052110592,-0.13196173604465647,0.046968131745898214,-0.0005133832453751481
1807.433333333,-0.2698638669818856,-0.8192822540606561,0.0,0.0,-0.06593767632828743,0.9978237433737613,-0.13197110088086222,0.04696736463413546,-0.0005147001754402547
1807.466666666,-0.2683121543853801,-0.8194882455510143,0.0,0.0,-0.06594567021619567,0.997823215093604,-0.13198712353030786,0.0469684385906004,-0.0005107493851652053
1807.516666666,-0.2659842582141905,-0.8197973258441612,0.0,0.0,-0.06595848232908362,0.9978223682644342,-0.13201280366709092,0.046968336309024396,-0.0005120663153100416
1807.533333333,-0.2652079791173561,-0.8199004075546334,0.0,0.0,-0.06596282603440358,0.9978220811254654,-0.13202151003825094,0.04696915456157148,-0.0005076765484265912
1807.566666666,-0.263656327628731,-0.8201064707312085,0.0,0.0,-0.06597118492599775,0.997821528510715,-0.1320382643155252,0.046968745435296444,-0.000511188362130603
1807.616666666,-0.2613284345709715,-0.8204156715896525,0.0,0.0,-0.06598361374969912,0.9978207066986186,-0.13206317624308805,0.04696832352389668,-0.0005137124780857096
1807.633333333,-0.26055220714031824,-0.8205187862441479,0.0,0.0,-0.06598797569861542,0.9978204182432824,-0.13207191919563954,0.04696860479814563,-0.000509981176234097
1807.666666666,-0.25900052796486456,-0.8207249322771006,0.0,0.0,-0.06599613381726233,0.9978198786961372,-0.13208827107760818,0.04696852808693396,-0.000511956571609024
1807.716666666,-0.25667254477045015,-0.8210342636794324,0.0,0.0,-0.06600865387443526,0.9978190505365615,-0.13211336591212836,0.046968285168237825,-0.0005111883623223096
1807.733333333,-0.2558964492953189,-0.8211374007622819,0.0,0.0,-0.06601341733369183,0.9978187354083545,-0.1321229136552912,0.04696723678216186,-0.0005162365942383131
1807.766666666,-0.2543446579871813,-0.821343641195907,0.0,0.0,-0.0660210096641097,0.9978182330880367,-0.1321381315141256,0.04696820845699863,-0.0005070180836120829
1807.816666666,-0.2520169268025522,-0.821653057280789,0.0,0.0,-0.06603345669753423,0.9978174094475276,-0.13216308002307997,0.04696769704914827,-0.0005074570602943437
1807.833333333,-0.2512405745365822,-0.8217562677955909,0.0,0.0,-0.06603825665049382,0.9978170917851445,-0.13217270092902564,0.04696851530175946,-0.0005127247805547708
1807.866666666,-0.24968905965117394,-0.8219625501447613,0.0,0.0,-0.0660458672191643,0.9978165880678014,-0.1321879553692514,0.046967645908313135,-0.0005061401300843774
1807.916666666,-0.24736106922579687,-0.8222721182353534,0.0,0.0,-0.06605833248281101,0.9978157629089602,-0.1322129404595972,0.04696868150910475,-0.0005049329442062867
1807.933333333,-0.24658482771841486,-0.8223753533991873,0.0,0.0,-0.06606311417711104,0.9978154463352539,-0.1322225247841515,0.04696962761361238,-0.0005051524325507093
1807.966666666,-0.2450331120300031,-0.8225817422255097,0.0,0.0,-0.06607119925218989,0.9978149110077367,-0.1322387303405544,0.04696929519858413,-0.0005110786178561432
1808.016666666,-0.2427054414837389,-0.8228913880012855,0.0,0.0,-0.06608373749773894,0.9978140806975666,-0.13226386175646584,0.046969512546905096,-0.0005098714320320287
1808.033333333,-0.24192909120088485,-0.8229946780805903,0.0,0.0,-0.06608879294459381,0.9978137458700028,-0.13227399480189156,0.04696956368768934,-0.0005129442688510872
1808.066666666,-0.24037747051398098,-0.8232011346792782,0.0,0.0,-0.06609673200031016,0.9978132200060686,-0.13228990770716306,0.04697033079954892,-0.0005168950592966209
1808.116666666,-0.2380495920011751,-0.8235109299867722,0.0,0.0,-0.06610936147802224,0.9978123833291348,-0.13231522203003165,0.046969359124727925,-0.0005186509660572061
1808.133333333,-0.23727336948696587,-0.8236142432787463,0.0,0.0,-0.06611396064935625,0.9978120786036093,-0.13232444054067177,0.04696930798387957,-0.0005164560826150838
1808.166666666,-0.23572176360190625,-0.8238207787935873,0.0,0.0,-0.06612224645448452,0.9978115295604739,-0.13234104849238035,0.04696877100560264,-0.0005188704544535509
1808.216666666,-0.2333939557530949,-0.8241306850862866,0.0,0.0,-0.06613474815623546,0.9978107010281616,-0.13236610674550894,0.046969205702285896,-0.0005184314777652416
1808.233333333,-0.23261773847427336,-0.8242340377056211,0.0,0.0,-0.0661391283120574,0.9978104107024146,-0.1323748862794519,0.04696846416091502,-0.0005103104090308944
1808.266666666,-0.2310660838564306,-0.8244406592819823,0.0,0.0,-0.0661474506046077,0.9978098590305224,-0.1323915673939434,0.0469687965760061,-0.0005149196641534141
1808.316666666,-0.2287382493563117,-0.8247506883025225,0.0,0.0,-0.06615998878666904,0.9978090277622005,-0.13241669880985482,0.046968732650025526,-0.0005115175948879318
1808.333333333,-0.22796202038692776,-0.8248540822725652,0.0,0.0,-0.06616414992775188,0.997808751847937,-0.13242503936710054,0.046968834931658036,-0.0005062498746275455
1808.366666666,-0.22641053244281228,-0.8250607608903703,0.0,0.0,-0.06617238095343445,0.9978082060190493,-0.13244153757463495,0.04696824681262278,-0.0005055914095561995
1808.416666666,-0.22408267120686262,-0.8253709119593745,0.0,0.0,-0.06618495561590465,0.997807372016323,-0.13246674215332924,0.04696875822040071,-0.0005047134562313693
1808.433333333,-0.2233066502251094,-0.8254743180671694,0.0,0.0,-0.06618951826296847,0.9978070693636703,-0.1324758875011864,0.04696763312314836,-0.000506908339672737
1808.466666666,-0.2217549067145066,-0.8256811114811653,0.0,0.0,-0.06619798653225077,0.9978065075850507,-0.13249286126680931,0.04696829795337219,-0.0005086642463601283
1808.516666666,-0.21942715849428046,-0.825991368578583,0.0,0.0,-0.06621010490930913,0.997805703535462,-0.13251715131071803,0.04696805503464444,-0.0005067985953395609
1808.533333333,-0.21865093153061543,-0.8260948421312069,0.0,0.0,-0.06621488655540127,0.9978053862344377,-0.1325267356352723,0.04696810617542861,-0.0005142611990420695
1808.566666666,-0.21709929112881202,-0.8263016994771107,0.0,0.0,-0.06622200427005022,0.9978049138736778,-0.1325410023779295,0.04696915456156918,-0.0005008724098358747
1808.616666666,-0.21477151167314418,-0.8266120770319223,0.0,0.0,-0.06623501690376064,0.9978040501700515,-0.1325670849100181,0.0469682084571448,-0.0005061401300968319
1808.633333333,-0.21399544193443062,-0.8267155689223112,0.0,0.0,-0.06623961603668359,0.9978037448653482,-0.13257630342065807,0.04696856644257014,-0.0005065791067842079
1808.666666666,-0.21244375280243327,-0.8269225122292831,0.0,0.0,-0.06624746376024719,0.9978032238599627,-0.13259203341897247,0.04696836187943483,-0.0004991165030692449
1808.716666666,-0.21011607766220086,-0.8272329949618633,0.0,0.0,-0.06626002010942493,0.9978023901229635,-0.13261720141627534,0.0469686942945145,-0.0005010918982651374
1808.733333333,-0.20934000467764602,-0.8273365269866685,0.0,0.0,-0.06626476523864987,0.9978020750067954,-0.13262671257804678,0.0469678249011832,-0.0005006529215766494
1808.766666666,-0.20796274300161932,-0.8275202770936572,0.0,0.0,-0.06627175517627838,0.9978016107753361,-0.13264072325096402,0.045912406921425244,-0.0004991165029044518
1808.816666666,-0.20646147634188933,-0.8277205991082995,0.0,0.0,-0.06628297922075754,0.9978008652359551,-0.13266322080669263,0.04277858910628667,-0.0004838620627963906
1808.833333333,-0.20611260551374413,-0.8277671562732487,0.0,0.0,-0.06628690307172708,0.9978006045704519,-0.1326710858058498,0.040192732064730834,-0.0004757409940627979
1808.866666666,-0.20572604193266583,-0.8278187475462623,0.0,0.0,-0.06629387474859537,0.997800141396471,-0.1326850598973756,0.03314011085345669,-0.0004652055532386974
1808.916666666,-0.20564803231171408,-0.8278291595805659,0.0,0.0,-0.06629433101005767,0.9978001110823395,-0.1326859744321613,0.024198502582250786,-0.00037762970217137377
1808.933333333,-0.2056589520377504,-0.8278277019925898,0.0,0.0,-0.06630602954921715,0.9977993337567521,-0.13270942310406705,0.019434712964138505,-0.0004612547613049247
1808.966666666,-0.20566253420644667,-0.8278272237734768,0.0,0.0,-0.06630916862525665,0.9977991251530677,-0.13271571510339283,0.011076237386730501,-0.0004149427208928369
1809.016666666,-0.2056721908505337,-0.827825934581541,0.0,0.0,-0.06631526427104009,0.9977987200456122,-0.13272793328812998,0.004789104358858056,-0.00033669512668888066
1809.033333333,-0.20568340198372725,-0.827824437583949,0.0,0.0,-0.06632986461015815,0.9977977495769361,-0.13275719840127295,0.002609458566095187,-0.00046509580803569684
1809.066666666,-0.20569389496073096,-0.8278230362105267,0.0,0.0,-0.06634234788884184,0.9977969196567986,-0.1327822200730102,0.00020599507177627407,-0.0005313812963412153
1809.116666666,-0.20570331496112598,-0.8278217779597137,0.0,0.0,-0.06634869902664292,0.9977964973567867,-0.13279495039722733,-0.0002725803882298825,-0.0005386244136091321
1809.133333333,-0.2057142894406269,-0.8278203118284824,0.0,0.0,-0.06636194880547044,0.9977956162214485,-0.13282150848740454,-0.0002729128033262296,-0.0005572809228625152
1809.166666666,-0.20572453733035542,-0.827818942561175,0.0,0.0,-0.06637103748996603,0.9977950117045612,-0.13283972602033606,-0.0003132628834886366,-0.0006288341295189313
1809.216666666,-0.20573374605211667,-0.8278177120143113,0.0,0.0,-0.06637501606899625,0.9977947470506349,-0.13284770076366748,-0.00031195879344951576,-0.0006242248736655231
1809.233333333,-0.20574469088802033,-0.82781624927827,0.0,0.0,-0.0663862400362604,0.9977940003496955,-0.13287019831939612,-0.0003103478587473742,-0.0005836195299916429
1809.266666666,-0.2057547781877232,-0.8278149009294198,0.0,0.0,-0.06639580321474882,0.9977933640365967,-0.13288936696850467,-0.00030789310096030755,-0.0005485013909583364
1809.316666666,-0.2057642783137267,-0.8278136309516605,0.0,0.0,-0.06640063955269283,0.9977930422021359,-0.13289906103723334,-0.0003092994724980396,-0.0005432336703097773
1809.333333333,-0.20577506678271854,-0.8278121885617199,0.0,0.0,-0.0664107502315058,0.997792369310213,-0.13291932712808477,-0.00030817437524664266,-0.0005054816751123494
1809.366666666,-0.2057850272998303,-0.8278108567201771,0.0,0.0,-0.06641753934774855,0.9977919174191532,-0.1329329354056962,-0.00030643558849659155,-0.0004778261417829067
1809.416666666,-0.2057943161763795,-0.8278096146649974,0.0,0.0,-0.06641766709990644,0.997791908915384,-0.13293319147543625,-0.0003055661952060058,-0.00042602689272196615
1809.433333333,-0.20580499054646242,-0.8278081871722612,0.0,0.0,-0.06642655499736097,0.9977913172558591,-0.13295100661306197,-0.0003039296901117806,-0.0003979323846662407
1809.466666666,-0.2058149805915612,-0.8278068510705605,0.0,0.0,-0.06643248634283265,0.9977909223671607,-0.1329628955652763,-0.00030334157107818246,-0.0003542542036739459
1809.516666666,-0.20582402020528995,-0.8278056420503784,0.0,0.0,-0.0664320483358627,0.997790951529378,-0.13296201761188203,-0.00030045211677424196,-0.00030838113921269426
1809.533333333,-0.2058347325515606,-0.8278042091673274,0.0,0.0,-0.0664406989711487,0.9977903755399855,-0.13297935719141926,-0.00029999184971652885,-0.00029082207167853587
1809.566666666,-0.20584952554059915,-0.827802231609016,0.0,0.0,-0.06636550762836861,0.9977953795228904,-0.1328286418587331,-0.00032924438006160585,0.0006951196278857636
1809.616666666,-0.20584925147750696,-0.8278022721223889,0.0,0.0,-0.0657812106343153,0.9978340705385259,-0.1316574886121441,-0.0002823994214079471,0.0049898481405176165
1809.633333333,-0.2058490021977334,-0.8278023050278259,0.0,0.0,-0.06536787280835687,0.9978612334410584,-0.13082902984045897,-0.00021627438744449478,0.010067491494767844
1809.666666666,-0.2058476316353354,-0.8278024731815324,0.0,0.0,-0.0640353403543448,0.9979476314845901,-0.1281583687778173,-0.00014751559616954112,0.0261627917996601
1809.716666666,-0.20583550209584897,-0.827803979045577,0.0,0.0,-0.061121320180173376,0.9981303443035047,-0.12231888126405817,-9.765332923405786e-05,0.04855982179576753
1809.733333333,-0.20584096369178756,-0.8278033143530451,0.0,0.0,-0.05991205645002801,0.9982036593260559,-0.11989591280277996,-6.581819107297992e-05,0.06320166974783967
1809.766666666,-0.20584276003960478,-0.8278031181407435,0.0,0.0,-0.05694770947580635,0.9983771623917782,-0.11395707022990059,1.2887479374048898e-05,0.09793043355434328
1809.816666666,-0.205843601753982,-0.8278030137295298,0.0,0.0,-0.05161118144855833,0.9986672548699511,-0.1032682437241823,-1.9152221165178106e-05,0.13593681631762738
1809.833333333,-0.20583858597210708,-0.8278035235559567,0.0,0.0,-0.049642028028198094,0.9987670744739474,-0.09932487947234558,9.588899552221827e-06,0.15462624882483694
1809.866666666,-0.20581872893156206,-0.8278053479887592,0.0,0.0,-0.045110539626287305,0.9989820014467854,-0.09025170670046603,0.00012094796274945037,0.19304131943558564
1809.916666666,-0.20580547628374318,-0.8278064270023755,0.0,0.0,-0.03743205116878779,0.9992991751949449,-0.07488159611501184,0.0001414170612023691,0.2315003968970933
1809.933333333,-0.20580105981311583,-0.827806745406799,0.0,0.0,-0.03452258866025333,0.9994039177790904,-0.0690588994599185,0.0002009960747889828,0.25189876565203945
1809.966666666,-0.2058004207468386,-0.8278067686002036,0.0,0.0,-0.028582433939946802,0.9995914387738966,-0.057172654268565416,0.00021567348312837503,0.2875831817195309
1810.016666666,-0.20580078618265954,-0.8278067379163204,0.0,0.0,-0.01970437034420552,0.9998058500475672,-0.03941129128820171,0.00022022501287183102,0.3160670625160086
1810.033333333,-0.20579810307204077,-0.8278068355698205,0.0,0.0,-0.016673153645145464,0.999860993312333,-0.0333478524961163,0.0002060845860420187,0.328787509503106
1810.066666666,-0.20579685879292856,-0.8278068577135703,0.0,0.0,-0.010716624423276238,0.999942575331689,-0.02143365912171174,9.390726821266895e-05,0.34583363330546246
1810.116666666,-0.20579687141780023,-0.8278068458185365,0.0,0.0,-0.0018341167751247936,0.999998318006413,-0.0036682356068994068,4.41089287016906e-05,0.3557958801480818
1810.133333333,-0.20579428881262612,-0.8278068474625957,0.0,0.0,0.0011975281435860387,0.9999992829629156,0.0023950568596203007,3.3036948923406784e-05,0.35723945498727383
1810.166666666,-0.205793031746036,-0.8278068257694673,0.0,0.0,0.007154728689937333,0.9999744046011245,0.01430957946654772,3.674465552741086e-05,0.357409119479447
1810.216666666,-0.20579309590426562,-0.8278068159708799,0.0,0.0,0.016037326095021596,0.9998713938160857,0.032076027260319974,3.853458297496726e-05,0.35743567756921146
1810.233333333,-0.2057907065494532,-0.8278067320522792,0.0,0.0,0.019068266362196096,0.9998181840804559,0.03813884416875119,3.6770225920282396e-05,0.35743194626736097
1810.266666666,-0.20578998745728994,-0.8278066904102421,0.0,0.0,0.025024582934624624,0.9996868360886564,0.05005439105463861,3.362506747294167e-05,0.35744006733602984
1810.316666666,-0.2057904516908895,-0.8278067088491381,0.0,0.0,0.03390388421210778,0.9994250980615466,0.06782076568562806,3.2768459282026204e-05,0.35744610326548465
1810.333333333,-0.20578865775492025,-0.8278065815320541,0.0,0.0,0.03693322498093758,0.9993177357039689,0.07388325336153628,2.806350713635579e-05,0.35744127452240865
1810.366666666,-0.20578820812915272,-0.8278065370490735,0.0,0.0,0.042885603369593114,0.9990799893019707,0.08579751989872378,2.323070271848695e-05,0.3574397381036706
1810.416666666,-0.2057892101281262,-0.8278066241696334,0.0,0.0,0.05175879100710853,0.9986596154613856,0.10356385794832175,2.0584167046425793e-05,0.35744028682401585
1810.433333333,-0.2057878202160949,-0.827806475448571,0.0,0.0,0.05478540064771429,0.9984981521644741,0.10962568715918437,1.4626265687739442e-05,0.35743436063872286
1810.466666666,-0.20578792697489393,-0.8278064797486986,0.0,0.0,0.060732452135308916,0.9981540809201916,0.12153969762663178,9.665609356971355e-06,0.3574251421275823
1810.516666666,-0.20578983361697972,-0.8278067224144526,0.0,0.0,0.0695969114411678,0.997575195119571,0.1393064380715355,4.385323284974396e-06,0.35742876368521875
1810.533333333,-0.20578887598852946,-0.8278065851804897,0.0,0.0,0.07261976927652192,0.9973596989603223,0.14536749907317809,-6.009031740352659e-07,0.35742020363979626
1810.566666666,-0.205789694412312,-0.8278067025940725,0.0,0.0,0.0785595584915532,0.9969094220487698,0.15728118030810262,-8.272021108463266e-06,0.3574166918257751
1810.616666666,-0.20579270492751509,-0.8278072001921181,0.0,0.0,0.08741223955471043,0.9961722242544357,0.17504788417161496,-1.6160487202182743e-05,0.35742075236056575
1810.633333333,-0.2057922603284937,-0.8278071201710697,0.0,0.0,0.09043052703681917,0.9959027662276289,0.18110846961516897,-2.183711424777822e-05,0.35741328975636716
1810.666666666,-0.20579398680206773,-0.8278074399380987,0.0,0.0,0.0963612851788544,0.9953464234720892,0.19302207768731072,-3.1732856360700004e-05,0.3574108753842127
1810.716666666,-0.20579824669371027,-0.8278083053460564,0.0,0.0,0.1051991974685748,0.9944511696669515,0.21078841573690865,-4.109162002397682e-05,0.3574110948724777
1810.733333333,-0.2057983633046573,-0.8278083306666821,0.0,0.0,0.10821193342756381,0.9941278476452958,0.2168484890409827,-4.761207000875234e-05,0.35740516868718475
1810.766666666,-0.2058010248331075,-0.8278089269244803,0.0,0.0,0.11413151257864794,0.9934656500536443,0.22876151181086157,-5.901646527538433e-05,0.3574012178965815
1810.816666666,-0.20580674829417497,-0.8278103070254482,0.0,0.0,0.1229520258100232,0.9924126154726226,0.2465278681511553,-6.994780807950512e-05,0.35740110815235
1810.833333333,-0.20580743176033253,-0.8278104812209823,0.0,0.0,0.12595822214134794,0.992035546880751,0.25258737444366214,-7.689016953389382e-05,0.35739463324669274
1810.866666666,-0.20581113321304928,-0.8278114534936125,0.0,0.0,0.13186476990066398,0.9912677148273543,0.2644998850740609,-8.931738050205474e-05,0.3573880485959392
1810.916666666,-0.20581845525791487,-0.8278135005961546,0.0,0.0,0.14066483270950833,0.9900572735144195,0.28226578414696185,-0.00010208979155726424,0.3573872803861994
1810.933333333,-0.20581972912487267,-0.8278138742166667,0.0,0.0,0.1436636306410146,0.9896265766596217,0.2883249246255543,-0.00010933899771685975,0.3573816834334223
1810.966666666,-0.20582460267133443,-0.8278153448897312,0.0,0.0,0.14955557927467847,0.9887533204534968,0.30023756329082324,-0.00012351778059508048,0.3573793788056507
1811.016666666,-0.20583355390091673,-0.8278181977656157,0.0,0.0,0.15833238343131809,0.98738587004117,0.3180030050963313,-0.00013731300734899854,0.3573764157129286
1811.033333333,-0.20583542424838022,-0.8278188197229348,0.0,0.0,0.1613229529384492,0.9869016692939672,0.32406203583074955,-0.00014490741380186848,0.35737356236445394
1811.066666666,-0.2058414133566385,-0.8278208647743092,0.0,0.0,0.167198060445983,0.9859233279434569,0.33597407090305975,-0.00015991723443696822,0.35737070901580814
1811.116666666,-0.20585203567583285,-0.8278246747113397,0.0,0.0,0.17594893185476804,0.9843992957022908,0.35373931151091503,-0.0001744603951691138,0.3573683495165399
1811.133333333,-0.20585451555601994,-0.8278255990076665,0.0,0.0,0.17893018370801012,0.9838617735018562,0.35979795814072335,-0.00018237443152295787,0.3573653864233975
1811.166666666,-0.20586164953740516,-0.8278283247713295,0.0,0.0,0.1847868913258452,0.982778614334953,0.37171002979442497,-0.00019765274127358864,0.3573619843538781
1811.216666666,-0.2058739668172723,-0.8278332472281147,0.0,0.0,0.19350916283935438,0.9810984679924907,0.38947532527436735,-0.00021301415456173112,0.3573613807609232
1811.233333333,-0.20587704605012186,-0.8278345219870827,0.0,0.0,0.1964804245310953,0.9805077474329719,0.39553415481113274,-0.00022118389483677362,0.35736017357503014
1811.266666666,-0.20588527461356274,-0.8278380086992125,0.0,0.0,0.2023166830647058,0.9793201518163993,0.4074458972323115,-0.00023683297527442152,0.3573584176681847
1811.316666666,-0.20589930051771882,-0.8278442046993045,0.0,0.0,0.21100762357455582,0.9774844156268777,0.42521135732851534,-0.0002529934633238186,0.3573595151099124
1811.333333333,-0.2059028750031789,-0.8278458364280001,0.0,0.0,0.21396771358794092,0.9768407329457289,0.4312698942141493,-0.0002606901513453229,0.35735885664537576
1811.366666666,-0.20591224399015853,-0.8278502084974246,0.0,0.0,0.219782160853436,0.9755489745628327,0.44318233168176535,-0.0002769017804129163,0.35736105152885056
1811.416666666,-0.20592779536072228,-0.8278577542457125,0.0,0.0,0.22843887880634828,0.9735582564231575,0.4609477186151862,-0.00029299834247848827,0.35736116127255657
1811.433333333,-0.2059319076182767,-0.8278598120692887,0.0,0.0,0.2313872623839106,0.9728617244020238,0.46700680422169155,-0.000300592748931379,0.3573626976909659
1811.466666666,-0.20594224136556452,-0.8278650923244978,0.0,0.0,0.23717761210857474,0.9714663042609736,0.4789190587823505,-0.0003165998148430219,0.3573657705279035
1811.516666666,-0.20595930351354394,-0.8278741382048257,0.0,0.0,0.2457976007835068,0.9693211745593262,0.4966849029831642,-0.00033265162871661463,0.35736670335340703
1811.533333333,-0.2059638651742803,-0.8278766285607284,0.0,0.0,0.24873313030509767,0.968572057148371,0.5027441166245397,-0.00034025882036554716,0.3573707638877746
1811.566666666,-0.2059751651314347,-0.8278829219399917,0.0,0.0,0.2544979057164428,0.9670733250307055,0.5146569564874612,-0.0003558311895822857,0.3573731782597181
1811.616666666,-0.2059936337447388,-0.8278935756796844,0.0,0.0,0.26307855082769843,0.9647744172055963,0.5324235506067992,-0.0003723304853150915,0.3573781716200954
1811.633333333,-0.2059986129775574,-0.8278965296902444,0.0,0.0,0.26600052591608275,0.9639728835461957,0.538483386131829,-0.00037947740990583706,0.3573826711306554
1811.666666666,-0.20601071624173242,-0.8279038495875916,0.0,0.0,0.27173781179587586,0.9623713221207234,0.550396664971448,-0.00039471736403111704,0.3573888168047698
1811.716666666,-0.20603035558762398,-0.8279161350197876,0.0,0.0,0.2802761352388261,0.9599194174593966,0.5681635243058737,-0.0004102929293437159,0.3573916427172987
1811.733333333,-0.2060356670661415,-0.8279195484623528,0.0,0.0,0.2831835492051854,0.9590657315635641,0.5742238353889919,-0.00041699237207320155,0.3573982273676242
1811.766666666,-0.20604847712376842,-0.8279279351646325,0.0,0.0,0.28889154981272663,0.9573618294285609,0.5861376355134387,-0.0004312542586551517,0.35740398893710684
1811.816666666,-0.20606903337036445,-0.8279418389121852,0.0,0.0,0.29738512337101064,0.9547576071430951,0.6039053910919545,-0.00044569194148919337,0.3574073635705068
1811.833333333,-0.2060746404216712,-0.8279457322707213,0.0,0.0,0.30027751123022145,0.9538518838107855,0.6099671562853821,-0.0004519119393673043,0.3574189415811583
1811.866666666,-0.20608808309639445,-0.8279552361680108,0.0,0.0,0.30595459876550046,0.9520461036600284,0.621881898380658,-0.00046582223301036747,0.3574277211153601
1811.916666666,-0.2061096333344599,-0.8279709639875557,0.0,0.0,0.31440060525584324,0.9492903978313272,0.639650349005611,-0.0004803621974121304,0.3574332906317339
1811.933333333,-0.20611543113703423,-0.8279753049177614,0.0,0.0,0.317276452927151,0.9483330914915736,0.645712342832735,-0.00048593654288937524,0.35744338709556644
1811.966666666,-0.20612904662022535,-0.8279856787013177,0.0,0.0,0.3229204740358491,0.9464261024762908,0.6576273227070554,-0.0004967719967347202,0.3574504655950026
1812.016666666,-0.20615118264242827,-0.8280030783196253,0.0,0.0,0.331316598468722,0.943519640272059,0.6753972914597526,-0.000510640738333331,0.35745784589075186
1812.033333333,-0.20615686224341018,-0.8280076564508366,0.0,0.0,0.3341751488325198,0.942510991926759,0.6814598614437916,-0.0005134534814640474,0.35746267463432396
1812.066666666,-0.20617089062713076,-0.8280191595165912,0.0,0.0,0.33978493562340006,0.9405031618891039,0.6933764371813129,-0.000523525019808004,0.3574736764880746
1812.116666666,-0.2061934142191327,-0.8280382036033928,0.0,0.0,0.3481279348889474,0.9374470336770803,0.7111467580299027,-0.0005357508636705396,0.3574806726796519
1812.133333333,-0.20619913104719342,-0.82804315906592,0.0,0.0,0.35096835134981647,0.9363873217588926,0.7172100779324659,-0.0005376878208712684,0.35748862913163204
1812.166666666,-0.2062133068902357,-0.8280556562753859,0.0,0.0,0.3565416698179198,0.9342794216311572,0.7291273304257287,-0.0005483730486957547,0.3575022648458059
1812.216666666,-0.2062360021244929,-0.8280762813069442,0.0,0.0,0.3648291373243785,0.9310744871164442,0.7468985703817782,-0.0005588856762834485,0.35750509075838177
1812.233333333,-0.20624166680535705,-0.8280815577682604,0.0,0.0,0.36765040856358505,0.9299640730066022,0.7529624298598652,-0.0005615641748556791,0.35751282772251464
1812.266666666,-0.2062558284510942,-0.8280949713966734,0.0,0.0,0.3731855200894971,0.927756739450343,0.7648804642803698,-0.0005697498967864768,0.35752157982086086
1812.316666666,-0.20627841704001587,-0.8281170232233003,0.0,0.0,0.38141445143603564,0.9244041411827124,0.7826518734253546,-0.0005784406339127978,0.35752292418712417
1812.333333333,-0.20628399530619038,-0.8281226046822135,0.0,0.0,0.38421584251326746,0.9232432974908726,0.7887166428655531,-0.0005803935726098851,0.3575316214132591
1812.366666666,-0.20629797068720648,-0.8281368227748468,0.0,0.0,0.38971079517941537,0.9209372921760893,0.8006350773950267,-0.0005866247576283738,0.3575387136308886
1812.416666666,-0.20632018247979736,-0.8281601136620068,0.0,0.0,0.39787840121651774,0.9174381602295534,0.8184063162079075,-0.0005933533666565948,0.35753758532317376
1812.433333333,-0.20632558532773068,-0.8281659206998798,0.0,0.0,0.4006589696371268,0.9162272589534302,0.824471907586245,-0.000594495244478647,0.3575479767244682
1812.466666666,-0.2063392011524463,-0.8281808010448495,0.0,0.0,0.40611184216380186,0.9138233809956513,0.8363903895572103,-0.0005984782326281244,0.3575506620276535
1812.516666666,-0.20636081262606704,-0.8282051478236118,0.0,0.0,0.41421554077058065,0.9101788207732233,0.8541615200548776,-0.0006029734276942111,0.35754807275112116
1812.533333333,-0.20636599128904043,-0.8282111291128454,0.0,0.0,0.4169744288114264,0.9089182172876638,0.8602280153936921,-0.0006030966849747623,0.35755842814260863
1812.566666666,-0.2063790939700343,-0.8282265178428933,0.0,0.0,0.4223833602250296,0.9064172863560209,0.8721462870216568,-0.0006047447766257305,0.3575574507339674
1812.616666666,-0.2063998903975646,-0.8282517043223891,0.0,0.0,0.43042045666038375,0.9026285118963763,0.8899170777124927,-0.0006071404027505671,0.35755312955771934
1812.633333333,-0.2064047311426824,-0.8282577168864241,0.0,0.0,0.43315638793781636,0.9013187802263214,0.8959836167775017,-0.0006058642803693272,0.3575588156771392
1812.666666666,-0.20641720546727374,-0.8282734746799302,0.0,0.0,0.43851985538173993,0.8987215010424408,0.9079021313287688,-0.0006054323803642937,0.35755901115928657
1812.716666666,-0.20643694515635008,-0.8282992006533509,0.0,0.0,0.44648746766120645,0.8947898866334393,0.9256718760204438,-0.000605392027067368,0.35755145595891635
1812.733333333,-0.20644141314573358,-0.8283051755061897,0.0,0.0,0.4491996893431864,0.8934313846591605,0.9317387305999537,-0.0006026861601849621,0.357553611403047
1812.766666666,-0.20645313517047734,-0.8283211213984303,0.0,0.0,0.4545158040069611,0.8907386731852983,0.9436570988256553,-0.0006001638805705419,0.35755419098985036
1812.816666666,-0.2064716003213082,-0.8283470537492494,0.0,0.0,0.46241119249548607,0.8866656015967365,0.9614253391076074,-0.0005974034767699275,0.357542328330645
1812.833333333,-0.20647565941178878,-0.8283529069604211,0.0,0.0,0.46509887868484767,0.8852587379100516,0.9674926052277713,-0.000593826818176025,0.35754669066198275
1812.866666666,-0.20648646665536088,-0.8283687650095464,0.0,0.0,0.47036557120090144,0.8824716592779904,0.9794099811832301,-0.0005883835207258854,0.3575398590874742
1812.916666666,-0.20650351135528697,-0.8283946087857464,0.0,0.0,0.4781862735686835,0.8782584401931451,0.9971768176542863,-0.0005829745836195419,0.3575257089477071
1812.933333333,-0.20650712327000895,-0.8284002366139325,0.0,0.0,0.4808483549006004,0.8768037748489603,1.003244019757015,-0.0005783335574538952,0.3575277940869769
1812.966666666,-0.2065169447399923,-0.8284158149449335,0.0,0.0,0.48606409590864963,0.873923162908792,1.0151607281020802,-0.000570083909392577,0.3575178348034463
1813.016666666,-0.2065324413164063,-0.8284412422666814,0.0,0.0,0.49380743081538575,0.8695712859055938,1.0329257034948476,-0.0005622242099871967,0.35750233343901605
1813.033333333,-0.20653555137123764,-0.8284464918965705,0.0,0.0,0.4964430452700336,0.8680692960835646,1.0389928095714238,-0.0005560969047808057,0.3575013731775096
1813.066666666,-0.20654432953237079,-0.8284615825827376,0.0,0.0,0.5016060987580253,0.8650961343623922,1.0509086673991384,-0.0005457025400085483,0.357492264411262
1813.116666666,-0.20655813818603352,-0.8284861747188149,0.0,0.0,0.5092694908168257,0.860607102993678,1.0686714936351593,-0.000535041284478516,0.35747403316097764
1813.133333333,-0.2065607679740164,-0.828490998925769,0.0,0.0,0.5118776915732047,0.8590583384553618,1.0747382521885167,-0.0005278847709898415,0.3574713718643078
1813.166666666,-0.016205564161605478,-0.8067666649821942,0.0,0.0,-0.4084219988441224,0.9127932245915127,-0.841449262758179,1.3472283319666845,-11.21115373652685
1813.216666666,-0.016223339336844833,-0.8067471010251428,0.0,0.0,-0.40029991667071635,0.9163841861978073,-0.8236882107196424,1.347241289763093,-11.211170692001636
1813.233333333,-0.016226605004605255,-0.8067435965659737,0.0,0.0,-0.39751838463180955,0.9175942098115685,-0.8176215527651112,1.347249159051261,-11.21117338073385
1813.266666666,-0.01623687097555242,-0.806732750503081,0.0,0.0,-0.3920455405758474,0.9199458104228703,-0.8057081733266658,1.3472643031164688,-11.211188251069299
1813.316666666,-0.016253878509338193,-0.8067153227951628,0.0,0.0,-0.383861591185829,0.92339064258432,-0.7879492978809193,1.347279312936873,-11.211204273718653
1813.333333333,-0.016256726126873823,-0.8067124779212139,0.0,0.0,-0.38105909330093346,0.9245506840691161,-0.781883097193781,1.3472881283295481,-11.211207620915406
1813.366666666,-0.01626633272742758,-0.8067030263704396,0.0,0.0,-0.37554554468515916,0.9268039403601643,-0.769970668871513,-0.00043845232271625913,0.35739180733921544
1813.416666666,-0.01628228099984872,-0.8066878089829688,0.0,0.0,-0.36730220933624547,0.9301016541307261,-0.7522136407860335,-0.00042109961510895306,0.3573748244278909
1813.433333333,-0.01628466048534272,-0.8066855959022398,0.0,0.0,-0.3644793984167178,0.9312114518893051,-0.7461473669361124,-0.00041185591836583697,0.3573725198002774
1813.466666666,-0.016293410005317227,-0.8066775793368385,0.0,0.0,-0.3589269193073115,0.9333656660690721,-0.7342358988753691,-0.0003934516280888735,0.3573610515340867
1813.516666666,-0.01630808361726419,-0.8066645443948923,0.0,0.0,-0.35062654662637927,0.9365153628215928,-0.7164800779758072,-0.00037470213779565805,0.3573481565937026
1813.533333333,-0.01630999124015382,-0.8066628932713653,0.0,0.0,-0.34778424731955054,0.9375745929345428,-0.7104135663468417,-0.0003656885745813152,0.35735002224462753
1813.566666666,-0.016317755234244526,-0.8066562709054675,0.0,0.0,-0.3421946142008176,0.939629100236872,-0.6985030494022755,-0.0003460569054569279,0.3573385539783518
1813.616666666,-0.016330975115811348,-0.8066453440945198,0.0,0.0,-0.33383962302165454,0.9426298881855802,-0.6807479235491504,-0.00032648277001380685,0.35733010367749035
1813.633333333,-0.016332258263375126,-0.8066443113030172,0.0,0.0,-0.33097917335507765,0.9436380592182521,-0.6746820886759264,-0.00031686830258501053,0.3573274698168627
1813.666666666,-0.0163389615109565,-0.8066389917434731,0.0,0.0,-0.3253537548801013,0.9455923721061941,-0.6627716266034476,-0.00029701289252389895,0.3573214338871541
1813.716666666,-0.01634537724294449,-0.8066340273307965,0.0,0.0,-0.3171769087042262,0.9483663894217419,-0.6455024113726695,-0.0002573340357047124,0.35586002557575536
1813.733333333,-0.016341973008184976,-0.8066365770223178,0.0,0.0,-0.3146562449997414,0.9492056929257551,-0.6401889642676549,-0.00021667711227000202,0.3513416385224138
1813.766666666,-0.016339631539666735,-0.8066382954150958,0.0,0.0,-0.31014011408522246,0.9506908591309823,-0.6306808204609925,-0.00013802258436235694,0.33692739948625544
1813.816666666,-0.016336901392592335,-0.8066402582288564,0.0,0.0,-0.3042767959886004,0.9525836611148186,-0.6183582690140699,-5.1671369147898075e-05,0.3159089758116858
1813.833333333,-0.01633415097237402,-0.8066422073362443,0.0,0.0,-0.30251862204748736,0.9531434746744529,-0.6146679748281368,-2.1562232453556042e-05,0.30165573197348616
1813.866666666,-0.016317329976402728,-0.8066540123455133,0.0,0.0,-0.29949868160559556,0.9540967140266808,-0.6083343458789592,0.00015308354860693935,0.2681947328160233
1813.916666666,-0.016307325323394736,-0.8066609405478697,0.0,0.0,-0.2958656560499983,0.9552295606659711,-0.6007232398690051,0.0002586636980592084,0.22986482421761795
1813.933333333,-0.016305988457367093,-0.8066618545682057,0.0,0.0,-0.2948928120413164,0.955530339343741,-0.5986866806453881,0.00024286119574304566,0.21020349732243687
1813.966666666,-0.016300282957280553,-0.8066657306880212,0.0,0.0,-0.29338173124480604,0.9559953764385057,-0.5955246400423806,0.0002668206538378493,0.1721268777047965
1814.016666666,-0.01630518579825369,-0.8066624173926522,0.0,0.0,-0.2919942465047331,0.9564200750758702,-0.5926225833882569,0.00022809429449791277,0.1343207780670626
1814.033333333,-0.016302852286823905,-0.8066639878220428,0.0,0.0,-0.2917501664519289,0.9564945584661063,-0.5921121998150439,0.0002247445731331699,0.11524131477230921
1814.066666666,-0.01629986911918942,-0.8066659935861314,0.0,0.0,-0.29165717066156255,0.9565229191199196,-0.5919177514289049,0.00012301276668063362,0.07840623103267413
1814.116666666,-0.016324286231021282,-0.8066495765983991,0.0,0.0,-0.29167592574896894,0.9565172002313821,-0.5919569666805163,-8.182525315330305e-05,0.04724135496074468
1814.133333333,-0.016323594824593755,-0.8066500414931302,0.0,0.0,-0.29167348514459435,0.9565179444545754,-0.5919518635764122,-8.654299049529486e-05,0.03505261848742808
1814.166666666,-0.01633211090533853,-0.8066443152236394,0.0,0.0,-0.29168489211074455,0.9565144660246092,-0.5919757146436238,-0.0001895021757032858,0.015937268321120628
1814.216666666,-0.016349625368965198,-0.8066325374295353,0.0,0.0,-0.2917104439142886,0.9565066737411343,-0.5920291417658052,-0.0002588490797246766,0.0037130843149600413
1814.233333333,-0.016348408835737592,-0.8066333555419963,0.0,0.0,-0.291708134550666,0.956507378035826,-0.5920243130221368,-0.000266929323627364,0.0006797553983570857
1814.266666666,-0.016356731775352823,-0.80662775828326,0.0,0.0,-0.29171928771152755,0.9565039765610381,-0.5920476336591725,-0.0003486778679156061,-0.0006268587119144152
1814.316666666,-0.016373730898297918,-0.8066163253481328,0.0,0.0,-0.2917416638942544,0.9564971518766859,-0.5920944212588098,-0.00029836172876708544,-0.0006918821332907517
1814.333333333,-0.016373039555336588,-0.806616790337239,0.0,0.0,-0.2917383136002794,0.9564981737450757,-0.592087415922351,-0.0002983617287670797,-0.000680468739392327
1814.366666666,-0.01638110223538325,-0.8066113673855236,0.0,0.0,-0.2917465712374537,0.9564956550717778,-0.5921046823391054,-0.0002950887184804192,-0.00064096083722896
1814.416666666,-0.016397181340253805,-0.8066005519804975,0.0,0.0,-0.2917651683364586,0.9564899824596168,-0.5921435683581942,-0.0002890796762058619,-0.0005762117750186945
1814.433333333,-0.016396451122240748,-0.8066010431684154,0.0,0.0,-0.2917616256238447,0.9564910631121085,-0.59213616062643,-0.00029259560511923146,-0.0005607378467538712
1814.466666666,-0.01640460371170406,-0.8065955591708552,0.0,0.0,-0.2917693496069372,0.9564887070059661,-0.5921523113107457,-0.00029136822626710094,-0.0005177181302867596
1814.516666666,-0.016422105582434975,-0.8065837855622331,0.0,0.0,-0.2917863108122176,0.9564835329594524,-0.5921877769697358,-0.00029303669441074146,-0.0004705830077492058
1814.533333333,-0.016421640590964272,-0.8065840983736948,0.0,0.0,-0.2917838702937465,0.956484277464299,-0.5921826738656315,-0.0002946731995048834,-0.00048199640164739145
1814.566666666,-0.01642937922040067,-0.8065788923362559,0.0,0.0,-0.2917917866639534,0.9564818624707203,-0.592199226945253,-0.0002923335085367822,-0.0004777163803641132
1814.616666666,-0.016446256470318076,-0.8065675378315229,0.0,0.0,-0.2918067096234921,0.9564773098295176,-0.5922304308721418,-0.00029485219225701604,-0.00044226901246131693
1814.633333333,-0.016444992366313957,-0.8065683883044819,0.0,0.0,-0.29180430411019737,0.956478043711806,-0.5922254009308203,-0.0002909910630505176,-0.0004565357548331207
1814.666666666,-0.016453234645201854,-0.8065628429341212,0.0,0.0,-0.29180939504888076,0.9564764905428708,-0.592236046115726,-0.00029164310815942473,-0.0004235027589812838
1814.716666666,-0.016469397244645446,-0.8065519684003731,0.0,0.0,-0.29182316328493874,0.9564722899124533,-0.5922648356707804,-0.00028626693309190835,-0.00038920770503000945
1814.733333333,-0.016468624656410594,-0.8065524882266664,0.0,0.0,-0.2918209502243904,0.9564729651224513,-0.5922602081247647,-0.0002840423089794687,-0.0003920610535042878
1814.766666666,-0.01647686851717239,-0.8065469413902306,0.0,0.0,-0.29182709955478064,0.9564710889334,-0.5922730664838518,-0.00028769887531009255,-0.0003698927309268035
1814.816666666,-0.016493087308775613,-0.8065360282239481,0.0,0.0,-0.2918393282015605,0.9564673577884725,-0.5922986368764604,-0.00028492448770815504,-0.0003399325718302207
1814.833333333,-0.01649271781821264,-0.8065362768486476,0.0,0.0,-0.29183617045113097,0.956468321282215,-0.5922920339353076,-0.000291393796908597,-0.0003304945730299979
1814.866666666,-0.016500715767904184,-0.8065308951078854,0.0,0.0,-0.29184075399918846,0.9564669227449453,-0.5923016182598617,-0.00028962943972043613,-0.0003241294117991726
1814.916666666,-0.016517927801573185,-0.8065193129209299,0.0,0.0,-0.2918512506488808,0.9564637199050909,-0.592323567094719,-0.00029379741373419495,-0.00029493746166648976
1814.933333333,-0.016516978457139873,-0.8065199517562617,0.0,0.0,-0.29184893264176437,0.9564644272088026,-0.5923187200603547,-0.00029251889412936925,-0.00029362053160084713
1814.966666666,-0.016524550208591084,-0.8065148565065772,0.0,0.0,-0.2918531575364688,0.9564631380434863,-0.5923275544663847,-0.0002876605193647592,-0.000269476812456448
1815.016666666,-0.016541129056726472,-0.8065036997800143,0.0,0.0,-0.2918631118207318,0.9564601005574247,-0.5923483692781075,-0.0002890668909661193,-0.00025521006965670094
1815.033333333,-0.01654020801389635,-0.8065043196045294,0.0,0.0,-0.2918613536410122,0.9564606370629353,-0.5923446928482691,-0.00028507790979899483,-0.0002727691371912166
1815.066666666,-0.016548159722449718,-0.8064989683832973,0.0,0.0,-0.29186452011322883,0.9564596708168488,-0.5923513140801179,-0.00028474549474693806,-0.0002549905811745381
1815.116666666,-0.016564577448744983,-0.8064879195482476,0.0,0.0,-0.2918738183266911,0.9564568334093273,-0.592370757089662,-0.00028116563978942765,-0.00024226025714334996
1815.133333333,-0.01656410190813005,-0.806488239583817,0.0,0.0,-0.29187279491226126,0.9564571457154288,-0.5923686170782636,-0.0002845920723304474,-0.00025850239461382775
1815.166666666,-0.01657178302061117,-0.8064830702100099,0.0,0.0,-0.29187588264879805,0.9564562034552262,-0.5923750736938508,-0.0002853847545307147,-0.0002442356531569778
1815.216666666,-0.016588435616178773,-0.8064718627712963,0.0,0.0,-0.2918842448888469,0.9564536515616779,-0.5923925595989535,-0.00028526968778582677,-0.00022217707462962203
1815.233333333,-0.01658752343874436,-0.8064724766863497,0.0,0.0,-0.2918810609423372,0.9564546232117735,-0.5923859017857135,-0.0002853336137660774,-0.000204288774578651
1815.266666666,-0.016595469624732184,-0.8064671287086703,0.0,0.0,-0.2918835013851437,0.95645387845894,-0.5923910048898179,-0.00028529525815114496,-0.00019518000795876688
1815.316666666,-0.016612176843758045,-0.806455884123136,0.0,0.0,-0.2918910851146403,0.9564515640797489,-0.5924068629230023,-0.0002866824519436236,-0.00018030967244192243
1815.333333333,-0.016611584641813167,-0.8064562827013383,0.0,0.0,-0.29188927446808904,0.9564521166532555,-0.5924030767489893,-0.0002858386290043596,-0.00017043269695344814
1815.366666666,-0.01661951129764643,-0.8064509476854276,0.0,0.0,-0.291890988896734,0.9564515934436445,-0.5924066617253493,-0.0002876157713770974,-0.00015320286140203674
1815.416666666,-0.016636018592147132,-0.8064398372977664,0.0,0.0,-0.29189779411955424,0.9564495165915127,-0.5924208918866151,-0.00028711075611605256,-0.00014360024604475452
1815.433333333,-0.016635159464995067,-0.8064404155449125,0.0,0.0,-0.2918951525052528,0.9564503227789383,-0.5924153680965093,-0.00028749431199751486,-0.0001504043847139952
1815.466666666,-0.016642769625435302,-0.8064352934039153,0.0,0.0,-0.29189845014925087,0.9564493163782728,-0.5924222636887937,-0.000285065124654674,-0.00016115931467213199
1815.516666666,-0.016658682798453266,-0.8064245825587519,0.0,0.0,-0.29190455559237444,0.9564474530388056,-0.5924350305944022,-0.0002814980548919022,-0.00014634385132801351
1815.533333333,-0.01665741002983453,-0.8064254392395352,0.0,0.0,-0.2919021763953224,0.9564481791585334,-0.5924300555251679,-0.0002765757544132681,-0.0001392104801412454
1815.566666666,-0.01666524638344458,-0.8064201646856193,0.0,0.0,-0.2919047042921302,0.9564474076561262,-0.5924353415362295,-0.00027592370942322033,-0.00014941668816557488
1815.616666666,-0.016681728623825547,-0.8064090705012493,0.0,0.0,-0.2919108272171238,0.9564455389374842,-0.5924481450232295,-0.00027606434657096547,-0.0001405274102375417
1815.633333333,-0.016680751075151216,-0.8064097284920663,0.0,0.0,-0.29190801942014755,0.9564463958833275,-0.5924422737099051,-0.0002752077384358031,-0.00013844227096832985
1815.666666666,-0.016688652773086284,-0.8064044098224025,0.0,0.0,-0.2919089116175903,0.9564461235836725,-0.5924441393608681,-0.00027731729589198644,-0.00010826262235927601
1815.716666666,-0.01670490158320021,-0.8063934725634275,0.0,0.0,-0.2919146496656615,0.9564443723032585,-0.5924561380572566,-0.0002787364526836974,-0.00010332413462500333
1815.733333333,-0.016703703076342075,-0.8063942792963094,0.0,0.0,-0.2919121480179466,0.9564451358230374,-0.5924509069182823,-0.00027927343091772383,-0.00010178771621601017
1815.766666666,-0.01671143326108907,-0.8063890759767445,0.0,0.0,-0.29191338134801365,0.9564447594032648,-0.5924534859063779,-0.00027850631909413564,-8.55455783319511e-05
1815.816666666,-0.016728072628808377,-0.8063778755984908,0.0,0.0,-0.2919191631229204,0.9564429947475248,-0.5924655760562452,-0.00027890266019394816,-8.236299730811579e-05
1815.833333333,-0.016727243578655515,-0.8063784336563631,0.0,0.0,-0.29191702010623394,0.9564436488221858,-0.5924610948357951,-0.00027997661666190446,-9.070355438676246e-05
1815.866666666,-0.016735221190752193,-0.8063730636776208,0.0,0.0,-0.29191905815887187,0.9564430267839465,-0.5924653565678965,-0.00028052638006895956,-0.00010508004215581256
1815.916666666,-0.0167513212915119,-0.8063622260383766,0.0,0.0,-0.2919249711281226,0.9564412220475678,-0.5924777210781994,-0.00027980401648082585,-0.00010107438005959763
1815.933333333,-0.01675049224744262,-0.8063627841052865,0.0,0.0,-0.29192163852404424,0.9564422392185726,-0.5924707523231324,-0.00028247612245495756,-9.064868371131397e-05
1815.966666666,-0.01675811273697675,-0.8063576544132949,0.0,0.0,-0.29192358910376437,0.9564416438679239,-0.5924748311482766,-0.000281683440221788,-9.964770688898186e-05
1816.016666666,-0.016774442531853617,-0.8063466619301919,0.0,0.0,-0.2919281900179358,0.9564402395721606,-0.5924844520542223,-0.00028078208386022886,-9.10327891938479e-05
1816.033333333,-0.01677320338984335,-0.8063474960630392,0.0,0.0,-0.29192401770632037,0.9564415130504321,-0.5924757273923665,-0.00027781591837696914,-6.55721412688716e-05
1816.066666666,-0.016781108443229508,-0.806342174746273,0.0,0.0,-0.2919255571762424,0.9564410431737758,-0.5924789465548124,-0.00027729172537043574,-5.931672241230977e-05
1816.116666666,-0.016797632637882857,-0.8063310513056433,0.0,0.0,-0.29193042049670925,0.9564395587744238,-0.5924891161816294,-0.0002795355273025683,-5.575003653192236e-05
1816.133333333,-0.016797081125328232,-0.8063314225644578,0.0,0.0,-0.29192916093242055,0.9564399432255498,-0.5924864823214465,-0.0002815428030822684,-8.175940531745618e-05
1816.166666666,-0.016805058603961733,-0.8063260523874487,0.0,0.0,-0.2919304992194605,0.9564395347461734,-0.5924892807978908,-0.00028412541285361656,-7.40773130934559e-05
1816.216666666,-0.0168216657829096,-0.8063148728772188,0.0,0.0,-0.2919345840528386,0.9564382879380646,-0.5924978225527895,-0.0002849117024472435,-6.107262889642002e-05
1816.233333333,-0.016820776649935285,-0.8063154714193821,0.0,0.0,-0.2919317937710861,0.9564391396140144,-0.5924919878208565,-0.0002874431712648113,-7.84122080872278e-05
1816.266666666,-0.016829022782732524,-0.8063099203259897,0.0,0.0,-0.2919323623239958,0.9564389660756881,-0.5924931767160779,-0.00028991071423266096,-6.623060536671926e-05
1816.316666666,-0.01684566703619198,-0.806298715758072,0.0,0.0,-0.2919357211575424,0.9564379408577567,-0.5925002003432323,-0.0002903262331178022,-5.223822327890199e-05
1816.333333333,-0.016844853914394334,-0.8062992631352845,0.0,0.0,-0.2919337968262635,0.9564385282236396,-0.5924961763901752,-0.0002884340241025616,-4.389766619991652e-05
1816.366666666,-0.01685248311116273,-0.8062941272988686,0.0,0.0,-0.29193376183841113,0.9564385389029835,-0.5924961032273923,-0.0002859153403535923,-2.66678299832837e-05
1816.416666666,-0.0168690248026292,-0.8062829916917184,0.0,0.0,-0.29193689324965144,0.9564375830966397,-0.5925026512964581,-0.000285544569664273,-2.7875015480517174e-05
1816.433333333,-0.016868446779948035,-0.8062833808067934,0.0,0.0,-0.2919347327511695,0.9564382425507165,-0.5924981334946166,-0.00028779476416890027,-3.5776595870620415e-05
1816.466666666,-0.016876353492577007,-0.8062780581390275,0.0,0.0,-0.29193656086536646,0.9564376845514307,-0.5925019562500207,-0.0002853400063748881,-5.15797579227231e-05
1816.516666666,-0.016893001198020875,-0.8062668510674286,0.0,0.0,-0.2919393773837165,0.9564368248519125,-0.5925078458540406,-0.0002853144359843595,-4.1702782526429446e-05
1816.533333333,-0.016892403733730178,-0.8062672532758319,0.0,0.0,-0.29193838023154667,0.9564371292185289,-0.5925057607147293,-0.0002868742299023131,-5.3335664767787004e-05
1816.566666666,-0.016900275052902872,-0.8062619543471594,0.0,0.0,-0.2919377941858251,0.956437308100178,-0.5925045352381165,-0.0002886258018622138,-4.642178216320123e-05
1816.616666666,-0.016916380039573842,-0.806251112518521,0.0,0.0,-0.29194219389953496,0.9564359651441001,-0.5925137354580607,-0.0002868998003535478,-5.267720026294445e-05
1816.633333333,-0.016915490916343166,-0.8062517110751581,0.0,0.0,-0.291939753502435,0.9564367100466907,-0.5925086323539563,-0.00028464960584907066,-4.916538675653051e-05
1816.666666666,-0.01692325262663658,-0.8062464859023176,0.0,0.0,-0.291939534828767,0.9564367767939307,-0.5925081750865637,-0.0002836012197231981,-2.34852491111328e-05
