t,x,y,z,qx,qy,qz,qw,yaw,left_q,left_v,left_target,right_q,right_v,right_target
1561.0666666666666,4.728815078735352,1.4094619750976562,-0.004335716366767883,0.007615753915160894,0.0038777501322329044,0.8881837129592896,-0.45940905809402466,-2.186894423777021,-1.596684217453003,-0.04249300807714462,0.0,0.026039058342576027,0.1201043426990509,0.0
1561.0833333333333,4.728820323944092,1.4094699621200562,-0.004364460706710815,0.007798141334205866,0.003984064795076847,0.888178825378418,-0.4594145715236664,-2.1868803254330484,-1.5970726013183594,0.07062700390815735,0.0,0.025763772428035736,0.04688520357012749,0.0
1561.1,4.728821277618408,1.409470558166504,-0.004335664212703705,0.007615172769874334,0.0038773929700255394,0.8881840109825134,-0.45940834283828735,-2.1868958538081555,-1.5969778299331665,-0.04500073939561844,0.0,0.025741858407855034,0.12088949978351593,0.0
1561.1166666666666,4.72882604598999,1.4094789028167725,-0.004364341497421265,0.007797237019985914,0.003983775153756142,0.8881785273551941,-0.45941492915153503,-2.1868792417385876,-1.5973666906356812,0.07135665416717529,0.0,0.02545628324151039,0.04628035053610802,0.0
1561.1333333333334,4.728826999664307,1.4094793796539307,-0.004335746169090271,0.00761523237451911,0.003877694718539715,0.8881845474243164,-0.45940732955932617,-2.1868981716123956,-1.5972647666931152,-0.04613037407398224,0.0,0.0254382211714983,0.1181737631559372,0.0
1561.15,4.728833198547363,1.4094874858856201,-0.0043643563985824585,0.0077989185228943825,0.0039847115986049175,0.8881795406341553,-0.4594131112098694,-2.1868835368531507,-1.5976572036743164,0.0713411495089531,0.0,0.025148052722215652,0.04509750381112099,0.0
1561.1666666666667,4.7288336753845215,1.409488320350647,-0.004335522651672363,0.007614722475409508,0.003878012066707015,0.8881840109825134,-0.4594082534313202,-2.186895956865785,-1.5975754261016846,-0.04154210537672043,0.0,0.025125570595264435,0.12222412973642349,0.0
1561.1833333333334,4.7288384437561035,1.4094963073730469,-0.004364483058452606,0.007797551341354847,0.003983702510595322,0.8881789445877075,-0.45941418409347534,-2.1868809948823755,-1.597961664199829,0.07057994604110718,0.0,0.02485603094100952,0.0473170205950737,0.0
1561.2,4.728839874267578,1.409496784210205,-0.004335664212703705,0.007616006303578615,0.0038781415205448866,0.888184666633606,-0.4594072699546814,-2.186898528261897,-1.5978606939315796,-0.04655306786298752,0.0,0.024833258241415024,0.11982268840074539,0.0
1561.2166666666667,4.728844165802002,1.4095051288604736,-0.004364371299743652,0.007799474522471428,0.003984812647104263,0.8881791234016418,-0.45941394567489624,-2.1868816965554676,-1.5982630252838135,0.07131537795066833,0.0,0.02455209381878376,0.046466246247291565,0.0
1561.2333333333333,4.728845119476318,1.4095054864883423,-0.004335656762123108,0.007615991868078709,0.0038783466443419456,0.888184666633606,-0.4594070315361023,-2.1868987773704207,-1.5981602668762207,-0.04584924504160881,0.0,0.024531029164791107,0.11965674161911011,0.0
1561.25,4.728851318359375,1.4095138311386108,-0.004364341497421265,0.007798878476023674,0.003984340000897646,0.8881800770759583,-0.4594120979309082,-2.1868858395462882,-1.5985459089279175,0.07150565087795258,0.0,0.024241849780082703,0.04367568716406822,0.0
1561.2666666666667,4.728851795196533,1.409514307975769,-0.004335649311542511,0.007615717127919197,0.0038782269693911076,0.8881853222846985,-0.459405779838562,-2.186901611801832,-1.5984559059143066,-0.04309554770588875,0.0,0.024225175380706787,0.11967665702104568,0.0
1561.2833333333333,4.728857517242432,1.4095226526260376,-0.004364408552646637,0.0077978516928851604,0.003983713686466217,0.8881804943084717,-0.4594114422798157,-2.1868874825374696,-1.5988383293151855,0.07100610435009003,0.0,0.023940054699778557,0.04580884799361229,0.0
1561.3,4.728858470916748,1.409523367881775,-0.004335574805736542,0.007615860551595688,0.0038780346512794495,0.8881853818893433,-0.45940589904785156,-2.1869016271294885,-1.598757266998291,-0.04031788185238838,0.0,0.02391381748020649,0.1220516636967659,0.0
1561.3166666666666,4.728863716125488,1.4095309972763062,-0.004364490509033203,0.007796300575137138,0.003983175847679377,0.8881805539131165,-0.4594111442565918,-2.1868879107122248,-1.5991392135620117,0.07072282582521439,0.0,0.02364400587975979,0.048277318477630615,0.0
1561.3333333333333,4.7288641929626465,1.4095319509506226,-0.004335537552833557,0.007615585811436176,0.003877982497215271,0.8881849646568298,-0.4594065546989441,-2.1868999632682105,-1.5990544557571411,-0.04304608330130577,0.0,0.02362286113202572,0.12335316091775894,0.0
1561.35,4.728870391845703,1.4095401763916016,-0.004360988736152649,0.007744844537228346,0.003956190310418606,0.8881805539131165,-0.45941221714019775,-2.186885981013062,-1.5994360446929932,0.07098694145679474,0.0,0.023343468084931374,0.04740340635180473,0.0
1561.3666666666666,4.728869915008545,1.4095406532287598,-0.00433746725320816,0.007622108794748783,0.003880999982357025,0.8881836533546448,-0.45940884947776794,-2.1868945950296235,-1.5993870496749878,-0.039767853915691376,0.0,0.02333761751651764,0.11807984858751297,0.0
1561.3833333333334,4.728875637054443,1.4095488786697388,-0.004363760352134705,0.007795381359755993,0.003982985857874155,0.8881797790527344,-0.4594125747680664,-2.186884598090105,-1.599741816520691,0.0711391419172287,0.0,0.023043790832161903,0.044723886996507645,0.0
1561.4,4.728877067565918,1.4095489978790283,-0.004335880279541016,0.007615868933498859,0.003878421150147915,0.8881855607032776,-0.4594055712223053,-2.186902395619592,-1.5996460914611816,-0.04509987682104111,0.0,0.023017745465040207,0.11875329166650772,0.0
1561.4166666666667,4.728882789611816,1.409557580947876,-0.004364371299743652,0.007798413746058941,0.003984307404607534,0.8881798386573792,-0.4594123959541321,-2.1868849659274945,-1.6000488996505737,0.07107610255479813,0.0,0.022746378555893898,0.04608955979347229,0.0
1561.4333333333334,4.728883266448975,1.4095584154129028,-0.004335537552833557,0.00761651573702693,0.003878324292600155,0.8881843090057373,-0.4594077467918396,-2.186897197736217,-1.599979281425476,-0.04200393334031105,0.0,0.02272169478237629,0.12226594239473343,0.0
1561.45,4.728888034820557,1.4095662832260132,-0.004364378750324249,0.00779682956635952,0.003983817994594574,0.8881792426109314,-0.4594137668609619,-2.186882128445136,-1.6003572940826416,0.07124008238315582,0.0,0.022442013025283813,0.04693828523159027,0.0
1561.4666666666667,4.728889465332031,1.409566879272461,-0.004335679113864899,0.007616482675075531,0.0038783689960837364,0.8881843686103821,-0.4594075083732605,-2.1868975845162075,-1.6002696752548218,-0.045720428228378296,0.0,0.022433524951338768,0.11949871480464935,0.0
1561.4833333333333,4.7288947105407715,1.4095754623413086,-0.004360899329185486,0.007747164927423,0.003957670647650957,0.8881797194480896,-0.4594138264656067,-2.1868823950311027,-1.6006613969802856,0.07168444991111755,0.0,0.022145133465528488,0.045918118208646774,0.0
1561.5,4.728895664215088,1.4095754623413086,-0.0043376535177230835,0.007623434066772461,0.0038820146583020687,0.8881844282150269,-0.45940738916397095,-2.1868979575743115,-1.6005630493164062,-0.045735813677310944,0.0,0.022132672369480133,0.11392039805650711,0.0
1561.5166666666667,4.72890043258667,1.4095840454101562,-0.0043636709451675415,0.007799667771905661,0.003985126502811909,0.8881793022155762,-0.45941364765167236,-2.1868824339177304,-1.600965976715088,0.0707196444272995,0.0,0.021844925358891487,0.04592688009142876,0.0
1561.5333333333333,4.728900909423828,1.409584641456604,-0.0043357983231544495,0.007616257295012474,0.0038785510696470737,0.8881846070289612,-0.4594072103500366,-2.1868984581722613,-1.600867748260498,-0.04522352293133736,0.0,0.021814165636897087,0.1198778972029686,0.0
1561.55,4.728907585144043,1.4095929861068726,-0.004364393651485443,0.007798763923346996,0.00398422684520483,0.8881804943084717,-0.45941126346588135,-2.1868876816141127,-1.6012468338012695,0.07178505510091782,0.0,0.021524881944060326,0.04240618646144867,0.0
1561.5666666666666,4.728908538818359,1.4095935821533203,-0.004335522651672363,0.007616303861141205,0.0038785734213888645,0.8881849646568298,-0.4594065845012665,-2.1868999485754808,-1.6011786460876465,-0.040758341550827026,0.0,0.021499153226614,0.12087315320968628,0.0
1561.5833333333333,4.728912830352783,1.4096015691757202,-0.00436440110206604,0.007796686142683029,0.003983842674642801,0.8881796002388,-0.45941293239593506,-2.186883832211616,-1.6015651226043701,0.07056369632482529,0.0,0.02123178355395794,0.04754922166466713,0.0
1561.6,4.728914737701416,1.409602165222168,-0.004335761070251465,0.007616222370415926,0.003877928014844656,0.8881853818893433,-0.45940566062927246,-2.186901871233754,-1.6014599800109863,-0.04809116944670677,0.0,0.02121979370713234,0.1178910881280899,0.0
1561.6166666666666,4.728919506072998,1.409610390663147,-0.004364311695098877,0.007800724823027849,0.0039854939095675945,0.8881794214248657,-0.4594133496284485,-2.186883035238544,-1.601874828338623,0.07127916812896729,0.0,0.020935487002134323,0.047572359442710876,0.0
1561.6333333333334,4.728919982910156,1.4096109867095947,-0.004335612058639526,0.007615640759468079,0.003878162242472172,0.888184666633606,-0.45940718054771423,-2.186898618856838,-1.6017731428146362,-0.04570476710796356,0.0,0.020911406725645065,0.12065733969211578,0.0
1561.65,4.728926181793213,1.4096192121505737,-0.004364430904388428,0.007798480801284313,0.003984005190432072,0.8881800174713135,-0.4594123363494873,-2.1868854443746093,-1.6021604537963867,0.0718671903014183,0.0,0.020627740770578384,0.04343244060873985,0.0
1561.6666666666667,4.728926658630371,1.409619927406311,-0.0043355971574783325,0.007615617010742426,0.0038781287148594856,0.8881848454475403,-0.45940685272216797,-2.1868993781860464,-1.6020774841308594,-0.041384100914001465,0.0,0.02061016671359539,0.12010970711708069,0.0
1561.6833333333334,4.728931427001953,1.409627914428711,-0.004364445805549622,0.0077976384200155735,0.0039841728284955025,0.8881801962852478,-0.45941197872161865,-2.1868862349383904,-1.6024558544158936,0.07091382890939713,0.0,0.02032914012670517,0.046303629875183105,0.0
1561.7,4.728933334350586,1.4096280336380005,-0.004335746169090271,0.007615549489855766,0.003878067247569561,0.8881862163543701,-0.45940402150154114,-2.1869055307920124,-1.6023480892181396,-0.049524854868650436,0.0,0.02030586637556553,0.11679234355688095,0.0
1561.7166666666667,4.728938102722168,1.4096367359161377,-0.004364266991615295,0.00780059676617384,0.003985627554357052,0.8881800174713135,-0.4594120681285858,-2.1868857652166684,-1.6027612686157227,0.07215427607297897,0.0,0.02001981995999813,0.044811517000198364,0.0
1561.7333333333333,4.728939056396484,1.409637212753296,-0.004335671663284302,0.00761653995141387,0.003878070507198572,0.8881850242614746,-0.4594062566757202,-2.186900416596477,-1.602675437927246,-0.040851082652807236,0.0,0.02001092955470085,0.11951210349798203,0.0
1561.75,4.728944778442383,1.4096457958221436,-0.004360944032669067,0.007746311370283365,0.003957140259444714,0.8881809711456299,-0.45941150188446045,-2.1868877312000836,-1.6030532121658325,0.07070866972208023,0.0,0.01972724124789238,0.046744585037231445,0.0
1561.7666666666667,4.728945732116699,1.4096460342407227,-0.004337579011917114,0.0076231276616454124,0.0038819455076009035,0.8881853818893433,-0.45940572023391724,-2.1869019272876287,-1.6029695272445679,-0.04646369814872742,0.0,0.019703444093465805,0.11495526134967804,0.0
1561.7833333333333,4.728950500488281,1.4096546173095703,-0.004363648593425751,0.00779830664396286,0.003984394483268261,0.8881798386573792,-0.45941245555877686,-2.1868849061605324,-1.6033740043640137,0.07131054252386093,0.0,0.019419511780142784,0.04549894854426384,0.0
1561.8,4.728952407836914,1.409654974937439,-0.004335880279541016,0.007617531809955835,0.0038791473489254713,0.8881856203079224,-0.4594050645828247,-2.186903080003799,-1.603269100189209,-0.048478055745363235,0.0,0.019391171634197235,0.11740030348300934,0.0
1561.8166666666666,4.728957176208496,1.4096635580062866,-0.0043642595410346985,0.007799910847097635,0.003985122311860323,0.8881800770759583,-0.4594120383262634,-2.186885922723625,-1.6036806106567383,0.07182665169239044,0.0,0.019108394160866737,0.044800058007240295,0.0
1561.8333333333333,4.7289581298828125,1.4096641540527344,-0.004335671663284302,0.007616234011948109,0.003877913346514106,0.8881850838661194,-0.45940637588500977,-2.18690043066481,-1.6035946607589722,-0.04211559519171715,0.0,0.019087107852101326,0.12021087855100632,0.0
1561.85,4.728963851928711,1.4096723794937134,-0.004364408552646637,0.007797477766871452,0.003983743954449892,0.8881803154945374,-0.4594117999076843,-2.1868866907304647,-1.6039764881134033,0.07128378748893738,0.0,0.018807796761393547,0.04568076133728027,0.0
1561.8666666666666,4.728964328765869,1.4096728563308716,-0.004335612058639526,0.007616202812641859,0.003878094023093581,0.8881850242614746,-0.4594064950942993,-2.186900170819207,-1.6039049625396729,-0.04270379990339279,0.0,0.018788019195199013,0.12051483988761902,0.0
1561.8833333333334,4.728970050811768,1.4096816778182983,-0.004361003637313843,0.007745436392724514,0.003956675063818693,0.8881803154945374,-0.4594128131866455,-2.186884817605203,-1.6042890548706055,0.071454256772995,0.0,0.018511038273572922,0.04597209021449089,0.0
1561.9,4.728971481323242,1.409682035446167,-0.004337511956691742,0.0076221441850066185,0.003880969248712063,0.8881843686103821,-0.4594075679779053,-2.1868976045510786,-1.6042121648788452,-0.03985845297574997,0.0,0.018489046022295952,0.11606444418430328,0.0
1561.9166666666667,4.728975296020508,1.4096899032592773,-0.004363752901554108,0.007797010242938995,0.003984047565609217,0.8881792426109314,-0.45941361784935,-2.1868822873102367,-1.6045985221862793,0.0700015276670456,0.0,0.018210584297776222,0.0490216389298439,0.0
1561.9333333333334,4.728976726531982,1.4096903800964355,-0.004335932433605194,0.007616921328008175,0.003878458868712187,0.8881850242614746,-0.4594063460826874,-2.1869003348539087,-1.604489803314209,-0.0492541529238224,0.0,0.01819532737135887,0.11768466234207153,0.0
1561.95,4.728982448577881,1.4096989631652832,-0.004364237189292908,0.007800290361046791,0.003985270857810974,0.8881796002388,-0.45941293239593506,-2.1868838802655497,-1.6048948764801025,0.07220061868429184,0.0,0.01790166273713112,0.04447956755757332,0.0
1561.9666666666667,4.728982925415039,1.4096996784210205,-0.004335522651672363,0.0076161520555615425,0.00387840298935771,0.8881840705871582,-0.4594082832336426,-2.1868960822683263,-1.6048266887664795,-0.04069378599524498,0.0,0.017878320068120956,0.12096200883388519,0.0
1561.9833333333333,4.7289886474609375,1.4097079038619995,-0.004364438354969025,0.007796144112944603,0.0039831483736634254,0.8881797194480896,-0.4594126343727112,-2.1868844027874017,-1.6051958799362183,0.07194323092699051,0.0,0.017597846686840057,0.045389872044324875,0.0
1562.0,4.728990077972412,1.4097084999084473,-0.0043356046080589294,0.007615434937179089,0.0038778791204094887,0.8881849050521851,-0.45940667390823364,-2.1868996967890375,-1.6051164865493774,-0.04074687138199806,0.0,0.017567100003361702,0.12039092183113098,0.0
1562.0166666666667,4.728994369506836,1.4097166061401367,-0.004364423453807831,0.007796091493219137,0.0039835465140640736,0.8881792426109314,-0.4594135880470276,-2.1868823026424575,-1.6055101156234741,0.07039421051740646,0.0,0.017301926389336586,0.049347274005413055,0.0
1562.0333333333333,4.7289958000183105,1.409717082977295,-0.0043356940150260925,0.007616220507770777,0.003877943381667137,0.8881847858428955,-0.4594070315361023,-2.186899052136627,-1.6054209470748901,-0.04714164137840271,0.0,0.017279524356126785,0.11926470696926117,0.0
1562.05,4.729001522064209,1.409725546836853,-0.004364289343357086,0.007798535283654928,0.003984777256846428,0.8881789445877075,-0.45941412448883057,-2.1868810842732165,-1.6058162450790405,0.07231899350881577,0.0,0.016992075368762016,0.04496932029724121,0.0
1562.0666666666666,4.729001998901367,1.4097263813018799,-0.004335589706897736,0.007615640759468079,0.0038776262663304806,0.8881834745407104,-0.45940953493118286,-2.186893366278088,-1.6057511568069458,-0.03597060590982437,0.0,0.016979895532131195,0.12090957164764404,0.0
1562.0833333333333,4.729007244110107,1.4097340106964111,-0.004364505410194397,0.007795586250722408,0.003983284346759319,0.8881791234016418,-0.459414005279541,-2.1868815838037934,-1.6061100959777832,0.07296120375394821,0.0,0.016704343259334564,0.049892108887434006,0.0
1562.1,4.729008197784424,1.4097347259521484,-0.004335641860961914,0.007615868002176285,0.003877838607877493,0.8881836533546448,-0.45940911769866943,-2.1868942237961684,-1.6060376167297363,-0.041363079100847244,0.0,0.016692357137799263,0.12131933867931366,0.0
1562.1166666666666,4.729013442993164,1.409742832183838,-0.004364438354969025,0.007797561585903168,0.00398409366607666,0.8881785273551941,-0.4594149589538574,-2.186879219651584,-1.6064149141311646,0.07152628153562546,0.0,0.016413768753409386,0.046735890209674835,0.0
1562.1333333333334,4.7290143966674805,1.4097435474395752,-0.004335589706897736,0.007616126444190741,0.0038781824987381697,0.8881836533546448,-0.459409236907959,-2.186894109952139,-1.606332778930664,-0.041196633130311966,0.0,0.016389738768339157,0.12091921269893646,0.0
1562.15,4.7290191650390625,1.4097511768341064,-0.004364483058452606,0.007797224447131157,0.003983728121966124,0.8881787061691284,-0.4594145715236664,-2.186880031394576,-1.6067171096801758,0.07106055319309235,0.0,0.016118021681904793,0.04694688320159912,0.0
1562.1666666666667,4.729020118713379,1.409751534461975,-0.004335708916187286,0.007615674287080765,0.0038779317401349545,0.8881841897964478,-0.459408164024353,-2.186896474793643,-1.6066097021102905,-0.04641449451446533,0.0,0.01610049419105053,0.11915653198957443,0.0
1562.1833333333334,4.729025363922119,1.4097602367401123,-0.004364371299743652,0.0077996449545025826,0.003984968643635511,0.888178825378418,-0.45941442251205444,-2.1868805052421436,-1.6070053577423096,0.07210516184568405,0.0,0.015816407278180122,0.04412822425365448,0.0
1562.2,4.729026794433594,1.40976083278656,-0.004335634410381317,0.007616223767399788,0.0038780891336500645,0.888184130191803,-0.459408164024353,-2.186896339436146,-1.6069210767745972,-0.03941795229911804,0.0,0.015795182436704636,0.11932222545146942,0.0
1562.2166666666667,4.729032039642334,1.4097685813903809,-0.004364341497421265,0.007796077523380518,0.003983555361628532,0.8881793022155762,-0.4594135284423828,-2.1868825051651988,-1.6072920560836792,0.07103431969881058,0.0,0.015512085519731045,0.04675085470080376,0.0
1562.2333333333333,4.72903299331665,1.4097695350646973,-0.004335559904575348,0.007616257295012474,0.0038780351169407368,0.8881834149360657,-0.4594094157218933,-2.186893359001976,-1.6072276830673218,-0.03905141353607178,0.0,0.015497845597565174,0.12199919670820236,0.0
1562.25,4.729037761688232,1.4097778797149658,-0.0043610259890556335,0.0077447486110031605,0.003956756554543972,0.8881790041923523,-0.4594153165817261,-2.186879139799047,-1.607604742050171,0.07052262127399445,0.0,0.015227232128381729,0.048710547387599945,0.0
1562.2666666666667,4.729038715362549,1.4097777605056763,-0.004337646067142487,0.007622647564858198,0.003881444688886404,0.8881837129592896,-0.45940887928009033,-2.186894717603386,-1.6075202226638794,-0.0466507226228714,0.0,0.015209096483886242,0.11385706067085266,0.0
1562.2833333333333,4.729044437408447,1.409786581993103,-0.004363633692264557,0.007798219099640846,0.003984758164733648,0.8881782293319702,-0.4594154953956604,-2.1868779805894247,-1.607917308807373,0.0719727948307991,0.0,0.01491730846464634,0.04432233050465584,0.0
1562.3,4.7290449142456055,1.4097870588302612,-0.004335828125476837,0.007615568116307259,0.003877870971336961,0.8881831765174866,-0.4594099819660187,-2.1868922062686624,-1.6078351736068726,-0.040841713547706604,0.0,0.014897868037223816,0.11940713226795197,0.0
1562.3166666666666,4.729050636291504,1.4097951650619507,-0.0043643563985824585,0.007796651218086481,0.003983599133789539,0.8881785273551941,-0.4594150185585022,-2.186879143379063,-1.6082123517990112,0.07125888764858246,0.0,0.014617547392845154,0.045724257826805115,0.0
1562.3333333333333,4.72905158996582,1.4097957611083984,-0.004335649311542511,0.007615906186401844,0.0038782120682299137,0.8881834149360657,-0.4594094753265381,-2.186893300034441,-1.6081279516220093,-0.04196517542004585,0.0,0.014599033631384373,0.12038391083478928,0.0
1562.35,4.729056358337402,1.4098037481307983,-0.004364386200904846,0.007797042839229107,0.003983872942626476,0.8881782293319702,-0.4594156742095947,-2.1868777721056825,-1.6085155010223389,0.07130464911460876,0.0,0.014324556104838848,0.046810805797576904,0.0
1562.3666666666666,4.729057312011719,1.409804105758667,-0.004335738718509674,0.0076164561323821545,0.003878271672874689,0.8881837725639343,-0.45940887928009033,-2.1868947628951436,-1.6084133386611938,-0.04570670425891876,0.0,0.014303852804005146,0.11852074414491653,0.0
1562.3833333333334,4.729062557220459,1.4098126888275146,-0.004364378750324249,0.007798102684319019,0.003984224982559681,0.8881784081459045,-0.45941513776779175,-2.186878759059915,-1.6088160276412964,0.07171178609132767,0.0,0.014027110300958157,0.04508043825626373,0.0
1562.4,4.729063987731934,1.4098129272460938,-0.004335716366767883,0.007616458460688591,0.0038783387281000614,0.8881841897964478,-0.45940786600112915,-2.1868967930066394,-1.6087136268615723,-0.04503236338496208,0.0,0.01399587094783783,0.11798645555973053,0.0
1562.4166666666667,4.729069232940674,1.4098212718963623,-0.004364281892776489,0.007798893842846155,0.003985048271715641,0.8881784677505493,-0.4594151973724365,-2.1868788608466,-1.6091108322143555,0.07184398919343948,0.0,0.013712910935282707,0.04603257775306702,0.0
1562.4333333333334,4.729069709777832,1.4098217487335205,-0.0043356940150260925,0.007616769522428513,0.003878191579133272,0.8881832361221313,-0.45940959453582764,-2.1868927574827173,-1.6090242862701416,-0.040614720433950424,0.0,0.013706972822546959,0.11946222931146622,0.0
1562.45,4.729074478149414,1.40982985496521,-0.004364334046840668,0.007797618862241507,0.003983966074883938,0.8881787061691284,-0.45941466093063354,-2.1868799466641593,-1.609400749206543,0.0712592825293541,0.0,0.013425197452306747,0.04585019871592522,0.0
1562.4666666666667,4.7290754318237305,1.409830093383789,-0.004335775971412659,0.0076154922135174274,0.0038779762107878923,0.8881847858428955,-0.45940691232681274,-2.1868991719618602,-1.6092911958694458,-0.04934325069189072,0.0,0.013406805694103241,0.11615318059921265,0.0
1562.4833333333333,4.729082107543945,1.4098385572433472,-0.004364334046840668,0.007800048217177391,0.003985326737165451,0.8881794214248657,-0.4594132602214813,-2.186883120225951,-1.6096948385238647,0.07244440168142319,0.0,0.013111738488078117,0.043133728206157684,0.0
1562.5,4.7290825843811035,1.409839391708374,-0.004335470497608185,0.007616023067384958,0.0038781429175287485,0.8881829380989075,-0.4594103693962097,-2.186891251600584,-1.6096389293670654,-0.03731953352689743,0.0,0.013097706250846386,0.1214209571480751,0.0
1562.5166666666667,4.729086875915527,1.409847378730774,-0.004364505410194397,0.007795652374625206,0.003983352333307266,0.8881778717041016,-0.45941638946533203,-2.1868761727434896,-1.610013484954834,0.07221998274326324,0.0,0.012833008542656898,0.04923994094133377,0.0
1562.5333333333333,4.72908878326416,1.4098479747772217,-0.004335686564445496,0.007615505717694759,0.0038777533918619156,0.8881832957267761,-0.4594097137451172,-2.186892761227567,-1.6099116802215576,-0.04521849751472473,0.0,0.012815315276384354,0.11880666017532349,0.0
1562.55,4.729093074798584,1.4098562002182007,-0.00436430424451828,0.007798349019140005,0.00398469902575016,0.8881774544715881,-0.45941686630249023,-2.1868747368803536,-1.6103169918060303,0.07162152230739594,0.0,0.012538446113467216,0.04720331355929375,0.0
1562.5666666666666,4.729093551635742,1.4098565578460693,-0.004335671663284302,0.007614794187247753,0.0038779904134571552,0.8881836533546448,-0.45940911769866943,-2.1868942222412455,-1.6102014780044556,-0.04727191850543022,0.0,0.012508034706115723,0.11734989285469055,0.0
1562.5833333333333,4.729100227355957,1.4098647832870483,-0.0043644532561302185,0.007798881269991398,0.003984618932008743,0.8881790041923523,-0.45941412448883057,-2.1868812235808823,-1.610596776008606,0.072145476937294,0.0,0.012219304218888283,0.04253367707133293,0.0
1562.6,4.729100227355957,1.4098657369613647,-0.0043355971574783325,0.007614468690007925,0.00387703999876976,0.88818359375,-0.4594094157218933,-2.1868937532253683,-1.6105281114578247,-0.038246091455221176,0.0,0.012209218926727772,0.1191459596157074,0.0
1562.6166666666666,4.729105472564697,1.409873366355896,-0.004364512860774994,0.007797118276357651,0.00398389482870698,0.8881793022155762,-0.45941364765167236,-2.186882395049861,-1.6108887195587158,0.07131493836641312,0.0,0.011922210454940796,0.04572369530797005,0.0
1562.6333333333334,4.729106903076172,1.4098739624023438,-0.004335656762123108,0.0076160309836268425,0.003878395538777113,0.8881847858428955,-0.45940685272216797,-2.1868992445706237,-1.6107864379882812,-0.04518359154462814,0.0,0.011905128136277199,0.11833801865577698,0.0
1562.65,4.729111671447754,1.4098821878433228,-0.004364319145679474,0.007798605132848024,0.003984751645475626,0.8881795406341553,-0.4594131112098694,-2.186883536291755,-1.6111843585968018,0.0717441588640213,0.0,0.011621235869824886,0.045987606048583984,0.0
1562.6666666666667,4.72911262512207,1.4098825454711914,-0.004335664212703705,0.007614939473569393,0.003878047689795494,0.8881853222846985,-0.459405779838562,-2.186901604467659,-1.611079216003418,-0.04785104840993881,0.0,0.011593349277973175,0.1171213909983635,0.0
1562.6833333333334,4.729118347167969,1.4098910093307495,-0.004364408552646637,0.007799685932695866,0.0039850883185863495,0.8881800770759583,-0.4594120383262634,-2.1868859209388276,-1.6114811897277832,0.07244052737951279,0.0,0.011306283064186573,0.04334939643740654,0.0
1562.7,4.729119300842285,1.4098918437957764,-0.0043355971574783325,0.007616465911269188,0.0038781361654400826,0.8881846070289612,-0.4594070315361023,-2.186898633778482,-1.6114063262939453,-0.04180489480495453,0.0,0.011291426606476307,0.11881123483181,0.0
1562.7166666666667,4.729124546051025,1.4098999500274658,-0.004364319145679474,0.007797518745064735,0.003984268754720688,0.8881797790527344,-0.45941275358200073,-2.186884452605142,-1.6117852926254272,0.07158129662275314,0.0,0.011004267260432243,0.046281784772872925,0.0
1562.7333333333333,4.729126453399658,1.4099005460739136,-0.0043357014656066895,0.007615668699145317,0.0038778723683208227,0.8881852030754089,-0.4594060778617859,-2.1869010156121598,-1.6116973161697388,-0.0455218181014061,0.0,0.010983179323375225,0.11805734038352966,0.0
1562.75,4.72913122177124,1.4099091291427612,-0.004364371299743652,0.00779915414750576,0.003985077608376741,0.888179361820221,-0.45941346883773804,-2.1868827552495094,-1.612105369567871,0.0717938169836998,0.0,0.010708382353186607,0.04673413559794426,0.0
1562.7666666666667,4.729131698608398,1.409909725189209,-0.004335619509220123,0.007615396752953529,0.0038777096197009087,0.888184666633606,-0.4594072699546814,-2.1868985162591312,-1.6120171546936035,-0.04500677064061165,0.0,0.010675543919205666,0.11926183104515076,0.0
1562.7833333333333,4.729137897491455,1.4099178314208984,-0.00436440110206604,0.0077978260815143585,0.003984386567026377,0.8881795406341553,-0.4594131410121918,-2.186883494067703,-1.6124094724655151,0.07214672863483429,0.0,0.010393899865448475,0.044732775539159775,0.0
1562.8,4.729138374328613,1.4099187850952148,-0.004335522651672363,0.007616215385496616,0.003878241404891014,0.8881837725639343,-0.45940881967544556,-2.186894822358315,-1.612338900566101,-0.040441252291202545,0.0,0.0103754298761487,0.12041822075843811,0.0
1562.8166666666666,4.729143142700195,1.4099265336990356,-0.004364520311355591,0.007797155063599348,0.003983824048191309,0.8881789445877075,-0.4594143033027649,-2.1868808733518135,-1.6127228736877441,0.07151075452566147,0.0,0.010106522589921951,0.04676356166601181,0.0
1562.8333333333333,4.72914457321167,1.4099271297454834,-0.004335671663284302,0.007615637965500355,0.0038779606111347675,0.8881843090057373,-0.4594079554080963,-2.1868969718215614,-1.6126185655593872,-0.042845066636800766,0.0,0.010087651200592518,0.11944030970335007,0.0
1562.85,4.72914981842041,1.4099352359771729,-0.004364326596260071,0.007797643542289734,0.003984322305768728,0.8881787061691284,-0.45941460132598877,-2.186880015813539,-1.613010048866272,0.0714818686246872,0.0,0.009806462563574314,0.04755430296063423,0.0
1562.8666666666666,4.729150295257568,1.409935712814331,-0.004335649311542511,0.007616112008690834,0.003877961542457342,0.88818359375,-0.45940905809402466,-2.1868941475214903,-1.612938404083252,-0.040568310767412186,0.0,0.00979803130030632,0.1197015643119812,0.0
1562.8833333333334,4.729155540466309,1.40994393825531,-0.0043644532561302185,0.007796906866133213,0.003983842674642801,0.8881787657737732,-0.45941466093063354,-2.186880081869472,-1.6133133172988892,0.07176772505044937,0.0,0.009519267827272415,0.04549739882349968,0.0
1562.9,4.729156970977783,1.4099446535110474,-0.0043356046080589294,0.007615948561578989,0.0038782665506005287,0.8881839513778687,-0.4594085216522217,-2.1868955512602066,-1.6132258176803589,-0.0439981073141098,0.0,0.00948657002300024,0.11915953457355499,0.0
1562.9166666666667,4.729162216186523,1.4099531173706055,-0.004364408552646637,0.0077973720617592335,0.0039841956458985806,0.8881787061691284,-0.45941466093063354,-2.1868799505830667,-1.6136142015457153,0.07215549051761627,0.0,0.00920505728572607,0.04528297483921051,0.0
1562.9333333333334,4.729164123535156,1.4099535942077637,-0.004335619509220123,0.007615066133439541,0.0038773957639932632,0.8881839513778687,-0.45940840244293213,-2.186895650998874,-1.6135326623916626,-0.03905222937464714,0.0,0.009185902774333954,0.11896790564060211,0.0
1562.95,4.72916841506958,1.409961462020874,-0.004364371299743652,0.0077959392219781876,0.003983817063271999,0.8881783485412598,-0.45941537618637085,-2.186878354149994,-1.6139179468154907,0.07057380676269531,0.0,0.008911079727113247,0.049856916069984436,0.0
1562.9666666666667,4.7291693687438965,1.4099620580673218,-0.004335649311542511,0.007615543901920319,0.003877903800457716,0.8881832957267761,-0.4594098925590515,-2.1868925810513375,-1.6138343811035156,-0.042926087975502014,0.0,0.008894153870642185,0.12076175957918167,0.0
1562.9833333333333,4.729174613952637,1.4099701642990112,-0.004364416003227234,0.007797188125550747,0.003984059672802687,0.8881779313087463,-0.4594162702560425,-2.186876458972466,-1.6142263412475586,0.07185275852680206,0.0,0.008621246553957462,0.046594444662332535,0.0
1563.0,4.729175567626953,1.4099708795547485,-0.004335612058639526,0.007615949958562851,0.0038779680617153645,0.8881826400756836,-0.4594109058380127,-2.186889990796327,-1.6141407489776611,-0.04091627895832062,0.0,0.008605754934251308,0.12010148912668228,0.0
1563.0166666666667,4.729180335998535,1.409978985786438,-0.004364341497421265,0.007795631419867277,0.003983380272984505,0.8881776928901672,-0.45941662788391113,-2.186875504895112,-1.6145241260528564,0.07147623598575592,0.0,0.008329406380653381,0.0469433069229126,0.0
1563.0333333333333,4.729182243347168,1.4099797010421753,-0.004335664212703705,0.007616447284817696,0.0038782902993261814,0.8881826400756836,-0.4594109356403351,-2.1868899693468586,-1.6144417524337769,-0.04138068109750748,0.0,0.008305822499096394,0.11985540390014648,0.0
1563.05,4.72918701171875,1.4099875688552856,-0.004364393651485443,0.007796313147991896,0.003983521834015846,0.8881776928901672,-0.45941677689552307,-2.186875358174604,-1.6148258447647095,0.07170413434505463,0.0,0.008030920289456844,0.04631170630455017,0.0
1563.0666666666666,4.729187488555908,1.4099884033203125,-0.004335515201091766,0.007615356240421534,0.003877476789057255,0.8881818056106567,-0.4594126343727112,-2.1868862262415205,-1.6147598028182983,-0.03780632093548775,0.0,0.00801678653806448,0.12133907526731491,0.0
1563.0833333333333,4.729192733764648,1.4099960327148438,-0.0043644979596138,0.007795216049998999,0.003983222879469395,0.888177216053009,-0.4594174921512604,-2.1868734826425102,-1.6151258945465088,0.0737006738781929,0.0,0.0077428435906767845,0.048609308898448944,0.0
1563.1,4.729193210601807,1.4099968671798706,-0.004335612058639526,0.00761633925139904,0.0038784220814704895,0.8881818652153015,-0.4594126343727112,-2.1868863921380233,-1.6150424480438232,-0.036915864795446396,0.0,0.007731059566140175,0.12082605063915253,0.0
1563.1166666666666,4.729198932647705,1.4100044965744019,-0.004364475607872009,0.007795303128659725,0.003983011934906244,0.8881779909133911,-0.45941606163978577,-2.186876782592772,-1.6153942346572876,0.07431702315807343,0.0,0.007449079770594835,0.04716839641332626,0.0
1563.1333333333334,4.72920036315918,1.4100054502487183,-0.004335515201091766,0.007614960428327322,0.003877689130604267,0.8881824612617493,-0.45941147208213806,-2.1868889754550174,-1.6153275966644287,-0.038320522755384445,0.0,0.007424750830978155,0.12056729197502136,0.0
1563.15,4.7292046546936035,1.4100130796432495,-0.004364527761936188,0.007796149700880051,0.00398366479203105,0.8881775140762329,-0.45941686630249023,-2.1868748451788407,-1.6157029867172241,0.07357297837734222,0.0,0.007156340405344963,0.04970826208591461,0.0
1563.1666666666667,4.729206085205078,1.410014033317566,-0.004335582256317139,0.007615883834660053,0.003877811599522829,0.8881824016571045,-0.4594114422798157,-2.186888871618563,-1.6156188249588013,-0.04056140407919884,0.0,0.007137724198400974,0.12040723115205765,0.0
1563.1833333333334,4.729211330413818,1.4100219011306763,-0.004364416003227234,0.007797251921147108,0.0039841290563344955,0.8881774544715881,-0.45941707491874695,-2.186874505109098,-1.6159999370574951,0.0715482085943222,0.0,0.006861257366836071,0.04741443321108818,0.0
1563.2,4.729211807250977,1.4100228548049927,-0.004335522651672363,0.0076158843003213406,0.0038777170702815056,0.8881818056106567,-0.4594128131866455,-2.1868860501917573,-1.6159359216690063,-0.037795644253492355,0.0,0.006839763838797808,0.12178070098161697,0.0
1563.2166666666667,4.729217052459717,1.410030484199524,-0.004364475607872009,0.007793735712766647,0.003982325084507465,0.8881773352622986,-0.4594174325466156,-2.1868737996582204,-1.6163002252578735,0.07456877827644348,0.0,0.00656518992036581,0.049662429839372635,0.0
1563.2333333333333,4.729218482971191,1.4100309610366821,-0.004335582256317139,0.007616092916578054,0.0038780870381742716,0.8881819844245911,-0.45941227674484253,-2.1868870333893193,-1.6162182092666626,-0.035862989723682404,0.0,0.006545312236994505,0.12103819847106934,0.0
1563.25,4.729222774505615,1.4100385904312134,-0.004364535212516785,0.007795277051627636,0.0039831483736634254,0.8881769180297852,-0.4594181180000305,-2.1868721327760534,-1.6165950298309326,0.0737585574388504,0.0,0.006288026459515095,0.05189560353755951,0.0
1563.2666666666667,4.72922420501709,1.4100394248962402,-0.0043356940150260925,0.007616579532623291,0.003878241404891014,0.8881820440292358,-0.4594120681285858,-2.186887394253899,-1.6165021657943726,-0.04211089015007019,0.0,0.00627237930893898,0.11995091289281845,0.0
1563.2833333333333,4.729228973388672,1.410047173500061,-0.004364348948001862,0.007797326426953077,0.003984182141721249,0.8881770968437195,-0.45941779017448425,-2.18687292512637,-1.616878628730774,0.07240916043519974,0.0,0.005985845811665058,0.045525211840867996,0.0
1563.3,4.72922945022583,1.4100478887557983,-0.004335716366767883,0.007615936920046806,0.0038778658490628004,0.8881821632385254,-0.4594120383262634,-2.1868876963072674,-1.6167899370193481,-0.04175511375069618,0.0,0.005980906076729298,0.11804282665252686,0.0
1563.3166666666666,4.7292351722717285,1.4100557565689087,-0.004364281892776489,0.007797098718583584,0.003984205424785614,0.888177752494812,-0.4594165086746216,-2.1868757934032597,-1.6171588897705078,0.07220501452684402,0.0,0.005684034898877144,0.04455582797527313,0.0
1563.3333333333333,4.729235649108887,1.410056471824646,-0.004335634410381317,0.007615244947373867,0.0038779745809733868,0.888182520866394,-0.45941126346588135,-2.186889338227135,-1.617077112197876,-0.04006122052669525,0.0,0.005672011990100145,0.11871659755706787,0.0
1563.35,4.729241371154785,1.4100642204284668,-0.0043645501136779785,0.007797397207468748,0.003983883187174797,0.8881783485412598,-0.4594154953956604,-2.1868782399381677,-1.6174513101577759,0.07168453186750412,0.0,0.00539338169619441,0.04456282779574394,0.0
1563.3666666666666,4.72924280166626,1.410064935684204,-0.004335537552833557,0.00761551083996892,0.0038779147434979677,0.8881828784942627,-0.4594104290008545,-2.1868910420155228,-1.6173659563064575,-0.03905821964144707,0.0,0.00537737226113677,0.11989123374223709,0.0
1563.3833333333334,4.729247093200684,1.4100728034973145,-0.004364363849163055,0.007797405123710632,0.003984472248703241,0.8881770968437195,-0.4594177007675171,-2.18687302366284,-1.6177523136138916,0.0709216371178627,0.0,0.0051077320240437984,0.04888840392231941,0.0
1563.4,4.729248046875,1.4100735187530518,-0.00433572381734848,0.007615651469677687,0.0038774125277996063,0.8881823420524597,-0.4594117999076843,-2.186888353662976,-1.6176657676696777,-0.043628714978694916,0.0,0.005099950358271599,0.11898878961801529,0.0
1563.4166666666667,4.729253768920898,1.4100818634033203,-0.004364274442195892,0.007797093130648136,0.0039842389523983,0.8881771564483643,-0.45941758155822754,-2.1868732806708353,-1.618047833442688,0.07254372537136078,0.0,0.004808606579899788,0.045385025441646576,0.0
1563.4333333333334,4.729254722595215,1.4100825786590576,-0.004335574805736542,0.007615426555275917,0.0038776048459112644,0.8881818652153015,-0.4594123959541321,-2.1868866152701836,-1.6179856061935425,-0.037086308002471924,0.0,0.004790288396179676,0.11916385591030121,0.0
1563.45,4.729259014129639,1.4100900888442993,-0.004364468157291412,0.007795555982738733,0.003983469679951668,0.8881771564483643,-0.45941755175590515,-2.186873287249085,-1.6183550357818604,0.07207608222961426,0.0,0.004516731481999159,0.048350028693675995,0.0
1563.4666666666667,4.729260444641113,1.4100908041000366,-0.004335679113864899,0.007616223301738501,0.0038785887882113457,0.8881823420524597,-0.45941174030303955,-2.1868884426659494,-1.6182513236999512,-0.04403838887810707,0.0,0.004499451722949743,0.11937859654426575,0.0
1563.4833333333333,4.7292656898498535,1.4100993871688843,-0.004360906779766083,0.007746701128780842,0.0039577726274728775,0.8881775736808777,-0.45941799879074097,-2.186873028551136,-1.6186472177505493,0.07197988778352737,0.0,0.004220038186758757,0.046275120228528976,0.0
1563.5,4.72926664352417,1.4100993871688843,-0.004337593913078308,0.0076231081038713455,0.0038820444606244564,0.8881823420524597,-0.4594113826751709,-2.186888914910975,-1.6185534000396729,-0.0415167473256588,0.0,0.004197631496936083,0.11292743682861328,0.0
1563.5166666666667,4.729271411895752,1.4101074934005737,-0.004363715648651123,0.007797880098223686,0.003984647803008556,0.8881775140762329,-0.45941683650016785,-2.186874905389526,-1.6189420223236084,0.07133249938488007,0.0,0.0039131417870521545,0.0454520657658577,0.0
1563.5333333333333,4.729272365570068,1.410107970237732,-0.004335947334766388,0.0076173474080860615,0.003878661897033453,0.8881828188896179,-0.4594106078147888,-2.1868907415124514,-1.6188489198684692,-0.045418884605169296,0.0,0.0039030786138027906,0.11712726205587387,0.0
1563.55,4.729278087615967,1.4101169109344482,-0.0043608397245407104,0.0077477749437093735,0.0039578815922141075,0.8881781697273254,-0.45941677689552307,-2.1868757022639307,-1.6192418336868286,0.07265526801347733,0.0,0.003612871514633298,0.044102638959884644,0.0
1563.5666666666666,4.729279518127441,1.4101171493530273,-0.004337534308433533,0.007622332312166691,0.003881322219967842,0.8881821632385254,-0.4594116806983948,-2.186888166356133,-1.6191723346710205,-0.04030683636665344,0.0,0.0035952201578766108,0.11331668496131897,0.0
1563.5833333333333,4.729284763336182,1.410125494003296,-0.004363693296909332,0.007798449136316776,0.00398490484803915,0.8881770968437195,-0.45941758155822754,-2.1868731603792084,-1.6195539236068726,0.07143360376358032,0.0,0.0033083229791373014,0.04606955125927925,0.0
1563.6,4.729285717010498,1.4101260900497437,-0.004335813224315643,0.007616175804287195,0.0038774884305894375,0.888181746006012,-0.45941269397735596,-2.18688602777333,-1.6194857358932495,-0.039116378873586655,0.0,0.0032948111183941364,0.11943475902080536,0.0
1563.6166666666666,4.729290962219238,1.410134196281433,-0.004364363849163055,0.0077964006923139095,0.003983690869063139,0.8881767392158508,-0.45941853523254395,-2.186871297956942,-1.619864583015442,0.07170546799898148,0.0,0.0030234181322157383,0.046260565519332886,0.0
1563.6333333333334,4.729291915893555,1.4101347923278809,-0.004335552453994751,0.0076157934963703156,0.0038774446584284306,0.8881810307502747,-0.45941421389579773,-2.1868827703467684,-1.619797706604004,-0.03750232979655266,0.0,0.0030022209975868464,0.1208522841334343,0.0
1563.65,4.729296684265137,1.4101425409317017,-0.0043644979596138,0.007796640507876873,0.003984141629189253,0.8881759643554688,-0.45941996574401855,-2.186868004800501,-1.6201704740524292,0.07352881878614426,0.0,0.002734740264713764,0.049177736043930054,0.0
1563.6666666666667,4.729298114776611,1.4101433753967285,-0.0043355971574783325,0.007615001872181892,0.0038772819098085165,0.8881803154945374,-0.45941561460494995,-2.186879630919009,-1.6200941801071167,-0.03749069571495056,0.0,0.0027274980675429106,0.1207692101597786,0.0
1563.6833333333334,4.729302883148193,1.4101511240005493,-0.004364445805549622,0.007795877754688263,0.00398353673517704,0.8881750702857971,-0.459421843290329,-2.18686394246123,-1.6204724311828613,0.07157783955335617,0.0,0.002459837356582284,0.049120526760816574,0.0
1563.7,4.729302883148193,1.4101519584655762,-0.004335582256317139,0.007616906426846981,0.0038779783062636852,0.8881792426109314,-0.4594173729419708,-2.1868753076728145,-1.6204028129577637,-0.03617110475897789,0.0,0.0024495450779795647,0.12138477712869644,0.0
1563.7166666666667,4.72930908203125,1.4101595878601074,-0.004364416003227234,0.007795129436999559,0.003983210306614637,0.888175368309021,-0.45942115783691406,-2.186865341520186,-1.6207512617111206,0.07418004423379898,0.0,0.002164611592888832,0.04784050211310387,0.0
1563.7333333333333,4.729309558868408,1.4101604223251343,-0.004335522651672363,0.0076149832457304,0.003876968752592802,0.8881791830062866,-0.4594178795814514,-2.1868746160684958,-1.620701551437378,-0.03245530277490616,0.0,0.0021583165507763624,0.12103592604398727,0.0
1563.75,4.729314804077148,1.4101678133010864,-0.004364535212516785,0.007792803458869457,0.003982204478234053,0.888175368309021,-0.459421306848526,-2.18686515569835,-1.621038794517517,0.07725387811660767,0.0,0.0018794384086504579,0.0521247424185276,0.0
1563.7666666666667,4.729316234588623,1.4101686477661133,-0.004335567355155945,0.00761653296649456,0.003878622315824032,0.8881796598434448,-0.45941656827926636,-2.1868771342982134,-1.620959758758545,-0.03459170460700989,0.0,0.001859809155575931,0.12114164233207703,0.0
1563.7833333333333,4.729320049285889,1.4101759195327759,-0.0043645575642585754,0.007794730830937624,0.003982958383858204,0.8881750702857971,-0.45942169427871704,-2.1868640774211427,-1.6213316917419434,0.07530584931373596,0.0,0.001603927230462432,0.05334470793604851,0.0
1563.8,4.729321002960205,1.4101765155792236,-0.00433572381734848,0.007616604678332806,0.003878200426697731,0.8881800770759583,-0.4594157338142395,-2.1868789706343588,-1.62123703956604,-0.040418170392513275,0.0,0.001591355656273663,0.11981923133134842,0.0
1563.8166666666666,4.729326248168945,1.4101845026016235,-0.00436430424451828,0.007795950397849083,0.003983879461884499,0.8881753087043762,-0.4594212472438812,-2.186865127046286,-1.62160325050354,0.07274160534143448,0.0,0.0013041277416050434,0.04456646367907524,0.0
1563.8333333333333,4.729326248168945,1.4101852178573608,-0.004335656762123108,0.007615745533257723,0.003877344075590372,0.8881798982620239,-0.4594162106513977,-2.1868780352765835,-1.6215367317199707,-0.03512135520577431,0.0,0.0013026267988607287,0.11794782429933548,0.0
1563.85,4.7293314933776855,1.410192608833313,-0.004364430904388428,0.007794995792210102,0.003983424510806799,0.888176441192627,-0.4594190716743469,-2.1868700289031424,-1.62187659740448,0.07352755963802338,0.0,0.0010105742840096354,0.04527558386325836,0.0
1563.8666666666666,4.72933292388916,1.410192847251892,-0.004335738718509674,0.0076151457615196705,0.0038777762092649937,0.8881819248199463,-0.45941245555877686,-2.1868866976982493,-1.6217728853225708,-0.042397357523441315,0.0,0.0009944145567715168,0.11691781133413315,0.0
1563.8833333333334,4.729337692260742,1.4102013111114502,-0.004364393651485443,0.007797670550644398,0.0039844028651714325,0.888176679611206,-0.4594185948371887,-2.1868711170910107,-1.6221650838851929,0.07217457890510559,0.0,0.0007192412158474326,0.044582169502973557,0.0
1563.9,4.729339122772217,1.4102015495300293,-0.004335746169090271,0.007615858223289251,0.0038781012408435345,0.8881824016571045,-0.4594116806983948,-2.1868886329547843,-1.6220612525939941,-0.04419444501399994,0.0,0.0006984073552303016,0.11670326441526413,0.0
1563.9166666666667,4.729344367980957,1.4102095365524292,-0.004364334046840668,0.007799066137522459,0.003985061310231686,0.8881770372390747,-0.4594178795814514,-2.186872719514194,-1.6224567890167236,0.07230828702449799,0.0,0.0004144058912061155,0.04491368681192398,0.0
1563.9333333333334,4.729345321655273,1.4102106094360352,-0.004335574805736542,0.007615766022354364,0.003877784823998809,0.8881809711456299,-0.4594143331050873,-2.186882513942718,-1.6223849058151245,-0.037679560482501984,0.0,0.00041200933628715575,0.11998908221721649,0.0
1563.95,4.7293500900268555,1.410218358039856,-0.004364416003227234,0.007796515244990587,0.003983872942626476,0.8881762027740479,-0.4594196677207947,-2.1868688690653464,-1.6227588653564453,0.071296326816082,0.0,0.00013809451775159687,0.047237854450941086,0.0
1563.9666666666667,4.72935152053833,1.4102189540863037,-0.004335619509220123,0.007615429349243641,0.003878103569149971,0.8881812691688538,-0.4594137370586395,-2.1868838371857287,-1.6226707696914673,-0.04330563545227051,0.0,0.00011620825534919277,0.1189010739326477,0.0
1563.9833333333333,4.72935676574707,1.4102271795272827,-0.004364378750324249,0.007797348778694868,0.00398457795381546,0.8881756067276001,-0.4594205617904663,-2.18686655855955,-1.623063325881958,0.07255654782056808,0.0,-0.00016034294094424695,0.04555729776620865,0.0
1564.0,4.729357719421387,1.4102280139923096,-0.004335589706897736,0.007615429814904928,0.0038772737607359886,0.8881801962852478,-0.45941582322120667,-2.186879136093923,-1.6229959726333618,-0.03740615397691727,0.0,-0.00016980765212792903,0.11882953345775604,0.0
1564.0166666666667,4.729362964630127,1.4102356433868408,-0.004364416003227234,0.007796258199959993,0.003983897622674704,0.8881755471229553,-0.4594208300113678,-2.1868661220002337,-1.623365044593811,0.07154850661754608,0.0,-0.0004469286650419235,0.046397898346185684,0.0
1564.0333333333333,4.729363441467285,1.4102363586425781,-0.004335515201091766,0.007615212816745043,0.003877230454236269,0.8881796598434448,-0.4594167172908783,-2.1868769455294186,-1.623297095298767,-0.037544965744018555,0.0,-0.00046120191109366715,0.1206343024969101,0.0
1564.05,4.729368686676025,1.4102439880371094,-0.0043645501136779785,0.007795833982527256,0.003983417991548777,0.8881752490997314,-0.45942145586013794,-2.186864760984069,-1.6236616373062134,0.0742110013961792,0.0,-0.0007343153702095151,0.047152239829301834,0.0
1564.0666666666666,4.729369640350342,1.4102449417114258,-0.004335552453994751,0.00761511130258441,0.0038774681743234396,0.8881794214248657,-0.45941710472106934,-2.1868759876361845,-1.623586893081665,-0.03643240034580231,0.0,-0.0007380441529676318,0.1195417046546936,0.0
1564.0833333333333,4.729374885559082,1.410252332687378,-0.004364460706710815,0.007795216981321573,0.003983207046985626,0.8881748914718628,-0.45942196249961853,-2.186863386173452,-1.623952865600586,0.07216966152191162,0.0,-0.0010149121517315507,0.048214927315711975,0.0
1564.1,4.729376316070557,1.4102529287338257,-0.004335314035415649,0.007612468209117651,0.0038795615546405315,0.8881803750991821,-0.4594154357910156,-2.1868799932627563,-1.6238783597946167,-0.07817267626523972,0.0,-0.0010598852531984448,0.19177168607711792,0.0
1564.1166666666666,4.7293853759765625,1.4102635383605957,-0.0043649375438690186,0.007793491240590811,0.003980097360908985,0.8881673812866211,-0.45943665504455566,-2.186830435309701,-1.6245183944702148,0.04918411001563072,0.0,-0.0013684583827853203,0.05864362791180611,0.0
1564.1333333333334,4.729386806488037,1.4102635383605957,-0.0043363794684410095,0.007616331800818443,0.0038845944218337536,0.8881736993789673,-0.4594283103942871,-2.1868510872264455,-1.6244113445281982,-0.08469589054584503,0.0,-0.0014177659759297967,0.11523248255252838,0.0
1564.15,4.729395389556885,1.4102765321731567,-0.00436411052942276,0.007803008425980806,0.003983768634498119,0.8881551027297974,-0.4594600796699524,-2.1867774260370596,-1.6251184940338135,0.04541298747062683,0.0,-0.0016426608199253678,0.05197697877883911,0.0
1564.1666666666667,4.729396343231201,1.4102773666381836,-0.004336200654506683,0.0076149809174239635,0.0038831932470202446,0.888160228729248,-0.4594542980194092,-2.186792462020451,-1.625064492225647,-0.0833965614438057,0.0,-0.0016882993513718247,0.11951947957277298,0.0
1564.1833333333334,4.729403495788574,1.4102896451950073,-0.004364334046840668,0.007802596315741539,0.003983647562563419,0.8881424069404602,-0.4594847857952118,-2.1867219849153363,-1.6257518529891968,0.049554433673620224,0.0,-0.001908780075609684,0.051329903304576874,0.0
1564.2,4.729405879974365,1.4102895259857178,-0.00433630496263504,0.007615860551595688,0.0038837436586618423,0.8881491422653198,-0.45947587490081787,-2.1867440657222437,-1.6256458759307861,-0.0848219096660614,0.0,-0.0019504709634929895,0.11359956115484238,0.0
1564.2166666666667,4.729413032531738,1.4103021621704102,-0.004364378750324249,0.0078064389526844025,0.003985872026532888,0.8881322145462036,-0.45950445532798767,-2.1866777164302276,-1.6263277530670166,0.05139068514108658,0.0,-0.002187349135056138,0.05047529935836792,0.0
1564.2333333333333,4.729414939880371,1.4103024005889893,-0.0043360888957977295,0.007615313399583101,0.003883127588778734,0.8881378173828125,-0.4594978094100952,-2.1866947070376486,-1.6262438297271729,-0.08548128604888916,0.0,-0.0022341532167047262,0.11591567099094391,0.0
1564.25,4.729422569274902,1.4103147983551025,-0.004364378750324249,0.007805580738931894,0.003985920455306768,0.888121485710144,-0.4595251679420471,-2.1866310377417886,-1.626913070678711,0.05511167272925377,0.0,-0.0024737475905567408,0.04924860969185829,0.0
1564.2666666666667,4.729423522949219,1.4103152751922607,-0.00433611124753952,0.007615660782903433,0.0038825019728392363,0.8881266713142395,-0.45951926708221436,-2.1866462661622386,-1.6268339157104492,-0.08662712574005127,0.0,-0.002502333140000701,0.11430715024471283,0.0
1564.2833333333333,4.72943115234375,1.410327434539795,-0.004364393651485443,0.007806736044585705,0.003986958879977465,0.8881109952926636,-0.459545373916626,-2.186585475811471,-1.627496361732483,0.05702110752463341,0.0,-0.002751813968643546,0.04806383326649666,0.0
1564.3,4.729432106018066,1.4103277921676636,-0.004336141049861908,0.007615768350660801,0.003882169723510742,0.8881164193153381,-0.4595389664173126,-2.1866017541308,-1.6274105310440063,-0.08821335434913635,0.0,-0.00277725700289011,0.11182397603988647,0.0
1564.3166666666666,4.729440212249756,1.4103400707244873,-0.0043642595410346985,0.00780797703191638,0.003988190554082394,0.8881011009216309,-0.4595642685890198,-2.1865426771454928,-1.628059983253479,0.05847428739070892,0.0,-0.0030479496344923973,0.046103790402412415,0.0
1564.3333333333333,4.7294416427612305,1.4103409051895142,-0.004336200654506683,0.007616112940013409,0.003882113378494978,0.8881065845489502,-0.4595581293106079,-2.1865587889132474,-1.6279791593551636,-0.09030551463365555,0.0,-0.003065005876123905,0.10974617302417755,0.0
1564.35,4.7294487953186035,1.4103529453277588,-0.004364237189292908,0.007811367511749268,0.003989961929619312,0.888091504573822,-0.4595831036567688,-2.1865006683529344,-1.628631591796875,0.06158884987235069,0.0,-0.0033440536353737116,0.04606075584888458,0.0
1564.3666666666666,4.729450702667236,1.4103529453277588,-0.004336155951023102,0.0076171476393938065,0.003882717341184616,0.8880980610847473,-0.459574431180954,-2.1865218842612286,-1.6285244226455688,-0.09022674709558487,0.0,-0.0033788529690355062,0.10668447613716125,0.0
1564.3833333333334,4.729458332061768,1.4103654623031616,-0.004364214837551117,0.007811417803168297,0.0039903330616652966,0.8880838751792908,-0.4595975875854492,-2.186467738780264,-1.629166841506958,0.06254467368125916,0.0,-0.00366600276902318,0.044495172798633575,0.0
1564.4,4.729459285736084,1.4103658199310303,-0.004336118698120117,0.007615872658789158,0.0038816819433122873,0.8880898952484131,-0.45959019660949707,-2.1864863323528336,-1.6290727853775024,-0.08763745427131653,0.0,-0.00369296339340508,0.10863480716943741,0.0
1564.4166666666667,4.729466915130615,1.4103777408599854,-0.0043642595410346985,0.007812075782567263,0.003990203607827425,0.8880778551101685,-0.45960932970046997,-2.186441427626987,-1.6296777725219727,0.06265925616025925,0.0,-0.003994658589363098,0.041579026728868484,0.0
1564.4333333333334,4.72946834564209,1.410378098487854,-0.004336051642894745,0.007614989764988422,0.00388173945248127,0.888083815574646,-0.4596019387245178,-2.18645987700955,-1.6295708417892456,-0.08455446362495422,0.0,-0.0040324097499251366,0.11046990752220154,0.0
1564.45,4.729475498199463,1.4103896617889404,-0.00436420738697052,0.007812528870999813,0.003990569151937962,0.888072669506073,-0.45961934328079224,-2.186418877315824,-1.630156397819519,0.0649314597249031,0.0,-0.0043325480073690414,0.04165240377187729,0.0
1564.4666666666667,4.7294769287109375,1.4103904962539673,-0.004335947334766388,0.0076153953559696674,0.003881903598085046,0.8880779147148132,-0.45961329340934753,-2.1864342511862005,-1.6300690174102783,-0.07737255096435547,0.0,-0.004363853018730879,0.11420753598213196,0.0
1564.4833333333333,4.729483604431152,1.4104013442993164,-0.004364229738712311,0.007809733971953392,0.0039894115179777145,0.8880681395530701,-0.45962804555892944,-2.186399177466484,-1.630614161491394,0.06639425456523895,0.0,-0.004662591498345137,0.04203769937157631,0.0
1564.5,4.729484558105469,1.410401701927185,-0.0043359920382499695,0.0076152062974870205,0.0038813953287899494,0.8880738019943237,-0.4596211910247803,-2.1864163921090913,-1.6305261850357056,-0.07594723999500275,0.0,-0.004694895353168249,0.11309833824634552,0.0
1564.5166666666667,4.7294921875,1.4104126691818237,-0.004364378750324249,0.007809988223016262,0.003989732824265957,0.8880641460418701,-0.45963600277900696,-2.1863815599150174,-1.6310652494430542,0.06646861881017685,0.0,-0.004990433808416128,0.041981033980846405,0.0
1564.5333333333333,4.729493141174316,1.4104135036468506,-0.0043358877301216125,0.0076149702072143555,0.0038806269876658916,0.8880687952041626,-0.4596309959888458,-2.186394452174415,-1.6309953927993774,-0.06625962257385254,0.0,-0.005018581636250019,0.11847711354494095,0.0
1564.55,4.729499816894531,1.4104238748550415,-0.004364326596260071,0.007806779816746712,0.003988641779869795,0.8880597949028015,-0.45964425802230835,-2.1863627422224834,-1.631492018699646,0.06806672364473343,0.0,-0.005306662991642952,0.04515784978866577,0.0
1564.5666666666666,4.729501247406006,1.4104243516921997,-0.004335954785346985,0.007616826333105564,0.0038811848498880863,0.8880650401115417,-0.4596382975578308,-2.186378084320102,-1.631426453590393,-0.06442099809646606,0.0,-0.005336655769497156,0.11768721789121628,0.0
1564.5833333333333,4.7295074462890625,1.4104342460632324,-0.004364348948001862,0.007806011009961367,0.0039886548183858395,0.8880558609962463,-0.4596520662307739,-2.186345407526476,-1.6319193840026855,0.06882238388061523,0.0,-0.0056196036748588085,0.04667212441563606,0.0
1564.6,4.729507923126221,1.4104350805282593,-0.004335939884185791,0.007616037968546152,0.003880629548802972,0.8880607485771179,-0.45964670181274414,-2.1863592785432195,-1.6318392753601074,-0.06094720959663391,0.0,-0.005635663866996765,0.1194942444562912,0.0
1564.6166666666666,4.7295145988464355,1.4104444980621338,-0.004364468157291412,0.007805065251886845,0.003987795673310757,0.8880529999732971,-0.4596575200557709,-2.18633301027646,-1.632310152053833,0.06912904232740402,0.0,-0.0059201777912676334,0.04567143693566322,0.0
1564.6333333333334,4.729515552520752,1.410444974899292,-0.004335872828960419,0.007614939473569393,0.0038802572526037693,0.8880580067634583,-0.4596518278121948,-2.186347510418204,-1.6322288513183594,-0.059372324496507645,0.0,-0.005944075994193554,0.11982004344463348,0.0
1564.65,4.729521751403809,1.4104546308517456,-0.004364527761936188,0.007804497145116329,0.003987676929682493,0.8880501985549927,-0.45966291427612305,-2.1863208335333484,-1.632691740989685,0.06973320990800858,0.0,-0.006224020384252071,0.04533357918262482,0.0
1564.6666666666667,4.729523181915283,1.4104549884796143,-0.004335843026638031,0.007614907808601856,0.0038801550399512053,0.8880554437637329,-0.45965680480003357,-2.186336329513704,-1.6326061487197876,-0.06074688956141472,0.0,-0.006253681145608425,0.11882263422012329,0.0
1564.6833333333334,4.729528427124023,1.4104645252227783,-0.004364430904388428,0.007804760243743658,0.003988243639469147,0.8880470395088196,-0.45966893434524536,-2.1863071863722356,-1.6330798864364624,0.07057265937328339,0.0,-0.0065325782634317875,0.04646037518978119,0.0
1564.7,4.72952938079834,1.4104647636413574,-0.004335977137088776,0.007615035865455866,0.003879970172420144,0.8880529403686523,-0.45966169238090515,-2.186325380554538,-1.6329795122146606,-0.05931365117430687,0.0,-0.006546990945935249,0.1172034963965416,0.0
1564.7166666666667,4.7295355796813965,1.410474181175232,-0.004364438354969025,0.007805000990629196,0.003988336306065321,0.8880457282066345,-0.45967167615890503,-2.186301269857254,-1.633432149887085,0.07019873708486557,0.0,-0.006841055117547512,0.043913647532463074,0.0
1564.7333333333333,4.729536533355713,1.4104750156402588,-0.004335902631282806,0.007615142036229372,0.003879823721945286,0.8880503177642822,-0.4596668481826782,-2.186313874770231,-1.6333526372909546,-0.05152742192149162,0.0,-0.006854316219687462,0.12104061245918274,0.0
1564.75,4.729541778564453,1.4104835987091064,-0.004364527761936188,0.007803846150636673,0.003987831063568592,0.8880437612533569,-0.45967528223991394,-2.186292893548255,-1.6337814331054688,0.07036807388067245,0.0,-0.007135271094739437,0.04719708114862442,0.0
1564.7666666666667,4.729543209075928,1.4104841947555542,-0.004335880279541016,0.007615465205162764,0.0038801031187176704,0.8880491256713867,-0.45966899394989014,-2.1863088563939908,-1.6336852312088013,-0.05474446713924408,0.0,-0.0071523431688547134,0.12004189193248749,0.0
1564.7833333333333,4.729548454284668,1.4104928970336914,-0.0043644979596138,0.007803630083799362,0.003987728152424097,0.8880423903465271,-0.45967796444892883,-2.186286890531891,-1.6341240406036377,0.07072842866182327,0.0,-0.00743690924718976,0.04602908715605736,0.0
1564.8,4.729549407958984,1.4104933738708496,-0.004335939884185791,0.00761582562699914,0.0038802523631602526,0.8880476951599121,-0.4596717357635498,-2.1863026590686148,-1.6340256929397583,-0.05415910482406616,0.0,-0.007453488186001778,0.1198335662484169,0.0
1564.8166666666666,4.729555606842041,1.410502552986145,-0.004364535212516785,0.007804450113326311,0.003987922333180904,0.8880413770675659,-0.45967987179756165,-2.1862825410743945,-1.6344562768936157,0.07104645669460297,0.0,-0.007737627252936363,0.043967556208372116,0.0
1564.8333333333333,4.729556083679199,1.4105031490325928,-0.004335828125476837,0.007615322712808847,0.0038800397887825966,0.8880465626716614,-0.459674209356308,-2.1862974314811803,-1.6343742609024048,-0.051971785724163055,0.0,-0.007765818387269974,0.12079215794801712,0.0
1564.85,4.729562282562256,1.4105119705200195,-0.0043645575642585754,0.007802429609000683,0.0039869677275419235,0.8880406022071838,-0.45968133211135864,-2.186279176723841,-1.6347895860671997,0.07073242962360382,0.0,-0.008056728169322014,0.04463321715593338,0.0
1564.8666666666666,4.729563236236572,1.4105125665664673,-0.004335932433605194,0.007615489419549704,0.003880017204210162,0.8880460858345032,-0.4596751034259796,-2.1862953847472317,-1.634705901145935,-0.05264850705862045,0.0,-0.008076847530901432,0.11990783363580704,0.0
1564.8833333333334,4.7295684814453125,1.410521388053894,-0.004364579916000366,0.007804106455296278,0.003988103941082954,0.8880395293235779,-0.45968350768089294,-2.186274435646133,-1.6351326704025269,0.07097263634204865,0.0,-0.008363982662558556,0.046276677399873734,0.0
1564.9,4.729569435119629,1.4105217456817627,-0.004335880279541016,0.0076154801063239574,0.00388023117557168,0.8880451917648315,-0.4596765637397766,-2.1862917727837146,-1.6350325345993042,-0.05546072870492935,0.0,-0.008390603587031364,0.11896053701639175,0.0
1564.9166666666667,4.729576110839844,1.410530924797058,-0.004364505410194397,0.007804014254361391,0.003988209180533886,0.8880385160446167,-0.45968538522720337,-2.1862701106130107,-1.635467529296875,0.07078270614147186,0.0,-0.008680395781993866,0.044496599584817886,0.0
1564.9333333333334,4.729576587677002,1.4105316400527954,-0.004335835576057434,0.0076155103743076324,0.0038795224390923977,0.8880431056022644,-0.45968082547187805,-2.1862824429878907,-1.6354076862335205,-0.045945100486278534,0.0,-0.008693804033100605,0.12162288278341293,0.0
1564.95,4.7295823097229,1.4105403423309326,-0.004364587366580963,0.007800515741109848,0.003986182622611523,0.8880376815795898,-0.45968711376190186,-2.1862662995210242,-1.6357970237731934,0.07100040465593338,0.0,-0.008979761973023415,0.04547560214996338,0.0
1564.9666666666667,4.729583740234375,1.41054105758667,-0.00433582067489624,0.007614819332957268,0.0038796416483819485,0.8880431056022644,-0.4596808850765228,-2.18628238132129,-1.6357074975967407,-0.05012677237391472,0.0,-0.009013177827000618,0.12120641022920609,0.0
1564.9833333333333,4.729588508605957,1.4105496406555176,-0.0043645575642585754,0.0078018405474722385,0.003987433388829231,0.8880367279052734,-0.4596889019012451,-2.1862622392133235,-1.6361278295516968,0.07107560336589813,0.0,-0.009292824193835258,0.047665659338235855,0.0
1565.0,4.72959041595459,1.4105502367019653,-0.004335880279541016,0.007616087794303894,0.0038796495646238327,0.8880419731140137,-0.4596828520298004,-2.186277686053627,-1.6360515356063843,-0.049165286123752594,0.0,-0.009310383349657059,0.12097052484750748,0.0
1565.0166666666667,4.729595184326172,1.4105587005615234,-0.004364542663097382,0.007802892476320267,0.00398807879537344,0.8880356550216675,-0.45969098806381226,-2.186257576168541,-1.6364651918411255,0.07129021733999252,0.0,-0.009592334739863873,0.04748966917395592,0.0
1565.0333333333333,4.7295966148376465,1.410559058189392,-0.004335865378379822,0.007616462651640177,0.003880476113408804,0.8880410194396973,-0.4596845209598541,-2.186273733776254,-1.6363691091537476,-0.05149102583527565,0.0,-0.00960821658372879,0.12008101493120193,0.0
1565.05,4.729602336883545,1.410568118095398,-0.004364423453807831,0.007802260108292103,0.003987549804151058,0.8880343437194824,-0.4596933126449585,-2.1862520699533783,-1.6367932558059692,0.07115376740694046,0.0,-0.009891699068248272,0.04641060158610344,0.0
1565.0666666666666,4.729602813720703,1.4105688333511353,-0.004335843026638031,0.007615128997713327,0.003879229538142681,0.8880389928817749,-0.459688663482666,-2.1862646499074443,-1.636734127998352,-0.04466019198298454,0.0,-0.009905942715704441,0.12219364196062088,0.0
1565.0833333333333,4.729608535766602,1.4105772972106934,-0.004364632070064545,0.0077997115440666676,0.003986143972724676,0.8880338072776794,-0.45969462394714355,-2.1862494111289483,-1.6371175050735474,0.07113626599311829,0.0,-0.010191069915890694,0.045788854360580444,0.0
1565.1,4.729609489440918,1.4105778932571411,-0.004335880279541016,0.007616451941430569,0.003880050964653492,0.8880388736724854,-0.45968878269195557,-2.186264268699732,-1.6370408535003662,-0.045321691781282425,0.0,-0.010209556668996811,0.12133726477622986,0.0
1565.1166666666666,4.729615211486816,1.4105862379074097,-0.0043644979596138,0.007800722494721413,0.003987015224993229,0.8880332112312317,-0.4596957564353943,-2.186246860984027,-1.6374315023422241,0.07114831358194351,0.0,-0.010497679933905602,0.04762861877679825,0.0
1565.1333333333334,4.729616165161133,1.4105867147445679,-0.004335835576057434,0.007616482675075531,0.003880149917677045,0.8880382180213928,-0.4596901834011078,-2.186261280637047,-1.6373587846755981,-0.046544309705495834,0.0,-0.010520568117499352,0.12213224172592163,0.0
1565.15,4.729621410369873,1.4105957746505737,-0.0043612197041511536,0.007749175652861595,0.003959923051297665,0.8880322575569153,-0.45969873666763306,-2.1862407131105868,-1.6377753019332886,0.07087140530347824,0.0,-0.01078430563211441,0.048772670328617096,0.0
1565.1666666666667,4.7296223640441895,1.4105958938598633,-0.004337780177593231,0.007623064331710339,0.0038833541329950094,0.8880367875099182,-0.4596925973892212,-2.186255513138145,-1.637688159942627,-0.04569860175251961,0.0,-0.010802952572703362,0.1171686053276062,0.0
1565.1833333333334,4.72962760925293,1.4106043577194214,-0.004364006221294403,0.0078019434586167336,0.003987348638474941,0.8880314826965332,-0.4596991539001465,-2.186239293248326,-1.638089895248413,0.0707295686006546,0.0,-0.011085815727710724,0.046806346625089645,0.0
1565.2,4.729629039764404,1.4106050729751587,-0.0043360888957977295,0.007616721093654633,0.0038798428140580654,0.8880364298820496,-0.45969370007514954,-2.186253430893518,-1.6380059719085693,-0.04650354012846947,0.0,-0.01109874527901411,0.1216014176607132,0.0
1565.2166666666667,4.7296342849731445,1.4106134176254272,-0.004364527761936188,0.0078024608083069324,0.003987293224781752,0.8880305290222168,-0.45970094203948975,-2.1862352004885417,-1.6384122371673584,0.07106208056211472,0.0,-0.011379802599549294,0.04863191768527031,0.0
1565.2333333333333,4.729635238647461,1.410614252090454,-0.0043357908725738525,0.00761527381837368,0.0038795769214630127,0.8880355358123779,-0.4596952795982361,-2.1862496799800737,-1.6383216381072998,-0.04444516450166702,0.0,-0.011407474055886269,0.12370805442333221,0.0
1565.25,4.729640483856201,1.410622239112854,-0.004364565014839172,0.007800323888659477,0.00398667436093092,0.888029932975769,-0.4597020149230957,-2.1862326641605137,-1.6387168169021606,0.07099039852619171,0.0,-0.011684904806315899,0.048683419823646545,0.0
1565.2666666666667,4.729640960693359,1.4106228351593018,-0.004335783421993256,0.007615488022565842,0.0038794269785284996,0.8880345225334167,-0.459697425365448,-2.1862450757924594,-1.638644814491272,-0.041186586022377014,0.0,-0.011697291396558285,0.12400345504283905,0.0
1565.2833333333333,4.729646682739258,1.4106309413909912,-0.004364699125289917,0.007798879407346249,0.003985978662967682,0.8880295753479004,-0.45970287919044495,-2.186230908313331,-1.6390219926834106,0.07103441655635834,0.0,-0.011969906277954578,0.04692871496081352,0.0
1565.3,4.729647636413574,1.4106314182281494,-0.004335872828960419,0.007616422139108181,0.0038799887988716364,0.8880348205566406,-0.4596967101097107,-2.186246531841479,-1.6389315128326416,-0.04424328729510307,0.0,-0.011990662664175034,0.1219073086977005,0.0
1565.3166666666666,4.729652404785156,1.4106395244598389,-0.004364602267742157,0.0078002093359827995,0.003986509516835213,0.8880294561386108,-0.45970311760902405,-2.1862303991093954,-1.6393262147903442,0.07128802686929703,0.0,-0.01226408313959837,0.046596452593803406,0.0
1565.3333333333333,4.729653358459473,1.410640001296997,-0.004335910081863403,0.0076163713820278645,0.003879810683429241,0.8880347013473511,-0.4596971273422241,-2.186245817392166,-1.6392310857772827,-0.04512187838554382,0.0,-0.012282045558094978,0.12154162675142288,0.0
1565.35,4.729658603668213,1.410648226737976,-0.004364565014839172,0.007800786755979061,0.003986650612205267,0.8880292177200317,-0.45970338582992554,-2.1862295647721877,-1.6396230459213257,0.0714043602347374,0.0,-0.012564796954393387,0.04605169594287872,0.0
1565.3666666666666,4.729659557342529,1.4106489419937134,-0.004335924983024597,0.007616204209625721,0.0038800258189439774,0.8880345225334167,-0.459697425365448,-2.1862450918572636,-1.6395299434661865,-0.04438254237174988,0.0,-0.01258040964603424,0.12141789495944977,0.0
1565.3833333333334,4.7296648025512695,1.4106568098068237,-0.004364624619483948,0.007802645210176706,0.003987773321568966,0.8880290985107422,-0.45970362424850464,-2.1862290710474492,-1.639925479888916,0.07091645896434784,0.0,-0.012859313748776913,0.04734133183956146,0.0
1565.4,4.729665756225586,1.410657286643982,-0.004335843026638031,0.007615773472934961,0.003880120813846588,0.8880344033241272,-0.4596974849700928,-2.1862447483235092,-1.639827013015747,-0.047911159694194794,0.0,-0.012874344363808632,0.12122852355241776,0.0
1565.4166666666667,4.729671001434326,1.4106658697128296,-0.004364565014839172,0.007802155334502459,0.003987326752394438,0.8880285024642944,-0.4597046375274658,-2.186226607226811,-1.6402348279953003,0.071595199406147,0.0,-0.013152736239135265,0.04572393372654915,0.0
1565.4333333333334,4.729671955108643,1.4106662273406982,-0.0043359845876693726,0.0076161716133356094,0.003879805561155081,0.8880345225334167,-0.4596974849700928,-2.1862450258567803,-1.6401339769363403,-0.04767946898937225,0.0,-0.01317357923835516,0.1194329485297203,0.0
1565.45,4.729678153991699,1.410674810409546,-0.004364542663097382,0.007803332060575485,0.0039880587719380856,0.8880289196968079,-0.4597039818763733,-2.186228289971927,-1.6405315399169922,0.07198907434940338,0.0,-0.013464526273310184,0.04472143203020096,0.0
1565.4666666666667,4.729678630828857,1.4106757640838623,-0.0043356940150260925,0.007615979760885239,0.003879680996760726,0.8880330324172974,-0.45970022678375244,-2.186238679080967,-1.6404712200164795,-0.040061548352241516,0.0,-0.013482501730322838,0.12317555397748947,0.0
1565.4833333333333,4.7296833992004395,1.410683512687683,-0.004364706575870514,0.0077991969883441925,0.003986060619354248,0.8880280256271362,-0.45970582962036133,-2.186224213141376,-1.6408520936965942,0.07044174522161484,0.0,-0.013753584586083889,0.0486348532140255,0.0
1565.5,4.729684829711914,1.4106839895248413,-0.004335872828960419,0.007616047281771898,0.0038797957822680473,0.8880332112312317,-0.4596998989582062,-2.1862394418135382,-1.6407583951950073,-0.04509326070547104,0.0,-0.013769906014204025,0.12230295687913895,0.0
1565.5166666666667,4.729689598083496,1.4106924533843994,-0.0043646544218063354,0.007801442872732878,0.003986906260251999,0.8880276679992676,-0.45970630645751953,-2.1862229055501006,-1.6411532163619995,0.07170368731021881,0.0,-0.01404633093625307,0.046162571758031845,0.0
1565.5333333333333,4.729691028594971,1.4106929302215576,-0.004335857927799225,0.007616249844431877,0.003879993222653866,0.8880334496498108,-0.45969951152801514,-2.1862404093103556,-1.6410586833953857,-0.046015992760658264,0.0,-0.0140761723741889,0.12077362090349197,0.0
1565.55,4.729697227478027,1.4107013940811157,-0.004364587366580963,0.007800888270139694,0.0039869328029453754,0.888028085231781,-0.459705650806427,-2.1862245647744953,-1.6414495706558228,0.07189462333917618,0.0,-0.014363724738359451,0.04539219290018082,0.0
1565.5666666666666,4.7296977043151855,1.4107023477554321,-0.004335716366767883,0.0076161716133356094,0.0038790472317487,0.8880316615104675,-0.4597027897834778,-2.1862327890005018,-1.6414108276367188,-0.034301578998565674,0.0,-0.014375967904925346,0.12395114451646805,0.0
1565.5833333333333,4.729702472686768,1.4107098579406738,-0.004364669322967529,0.007796755060553551,0.0039854045026004314,0.8880271315574646,-0.45970749855041504,-2.186220357063125,-1.6417622566223145,0.07021357119083405,0.0,-0.014647413045167923,0.04907923564314842,0.0
1565.6,4.729703426361084,1.4107108116149902,-0.004335872828960419,0.007615484297275543,0.0038789340760558844,0.8880319595336914,-0.45970216393470764,-2.186234131599243,-1.6416879892349243,-0.042210936546325684,0.0,-0.014656657353043556,0.12273120880126953,0.0
1565.6166666666666,4.729708194732666,1.410718560218811,-0.004364609718322754,0.007799573242664337,0.003986432682722807,0.8880271911621094,-0.4597075581550598,-2.1862204728195587,-1.6420613527297974,0.07172729074954987,0.0,-0.014943054877221584,0.04693077132105827,0.0
1565.6333333333334,4.729709148406982,1.4107191562652588,-0.0043358877301216125,0.007615806069225073,0.00387996481731534,0.8880324959754944,-0.4597012400627136,-2.186236373937389,-1.6419634819030762,-0.04636254534125328,0.0,-0.014959448017179966,0.12092845886945724,0.0
1565.65,4.729715347290039,1.4107272624969482,-0.004364535212516785,0.007801856845617294,0.003987574949860573,0.8880271911621094,-0.45970726013183594,-2.1862208141178674,-1.6423561573028564,0.07201304286718369,0.0,-0.015246978029608727,0.04510220140218735,0.0
1565.6666666666667,4.729714870452881,1.4107283353805542,-0.004335671663284302,0.007615531794726849,0.003879374358803034,0.8880311846733093,-0.45970380306243896,-2.1862306239632088,-1.642297625541687,-0.0391274094581604,0.0,-0.015256562270224094,0.12299898266792297,0.0
1565.6833333333334,4.7297210693359375,1.410736083984375,-0.004364728927612305,0.007797053549438715,0.00398503802716732,0.8880272507667542,-0.45970743894577026,-2.1862206940133646,-1.6426581144332886,0.07106589525938034,0.0,-0.015538587234914303,0.04581962153315544,0.0
1565.7,4.729722023010254,1.4107366800308228,-0.004335768520832062,0.007615106180310249,0.003879440948367119,0.8880321383476257,-0.45970192551612854,-2.186234809063445,-1.6425689458847046,-0.0422600656747818,0.0,-0.015564529225230217,0.12246231734752655,0.0
1565.7166666666667,4.729726791381836,1.4107447862625122,-0.004364624619483948,0.007798739243298769,0.0039862291887402534,0.8880265951156616,-0.45970863103866577,-2.1862179516581137,-1.642958402633667,0.07102560251951218,0.0,-0.0158364437520504,0.04813094437122345,0.0
1565.7333333333333,4.7297282218933105,1.410745620727539,-0.004335865378379822,0.007616906426846981,0.0038797457236796618,0.888031542301178,-0.4597030282020569,-2.1862322802700622,-1.6428866386413574,-0.04074224457144737,0.0,-0.015848303213715553,0.12192858010530472,0.0
1565.75,4.729733467102051,1.410753607749939,-0.0043645575642585754,0.007799034938216209,0.00398652721196413,0.8880268931388855,-0.45970797538757324,-2.186219338250511,-1.6432578563690186,0.07137449830770493,0.0,-0.016132071614265442,0.0469355471432209,0.0
1565.7666666666667,4.729733943939209,1.4107543230056763,-0.004335716366767883,0.007615211419761181,0.003879180643707514,0.8880311846733093,-0.45970380306243896,-2.1862306183696916,-1.6431884765625,-0.03927774727344513,0.0,-0.016156891360878944,0.1238546371459961,0.0
1565.7833333333333,4.729739665985107,1.4107621908187866,-0.0043647512793540955,0.007797664031386375,0.0039853439666330814,0.8880266547203064,-0.4597085118293762,-2.1862181907204685,-1.643559455871582,0.0711730495095253,0.0,-0.01642548479139805,0.046528566628694534,0.0
1565.8,4.729740619659424,1.4107627868652344,-0.0043358877301216125,0.007616417482495308,0.0038793247658759356,0.8880316019058228,-0.4597029685974121,-2.186232471426557,-1.6434823274612427,-0.04099074378609657,0.0,-0.01643947884440422,0.12178439646959305,0.0
1565.8166666666666,4.729744911193848,1.4107707738876343,-0.0043645501136779785,0.007799687795341015,0.003986894618719816,0.888026237487793,-0.459709107875824,-2.186216634125543,-1.643856167793274,0.0714588612318039,0.0,-0.01672331430017948,0.04751729220151901,0.0
1565.8333333333333,4.7297468185424805,1.410771131515503,-0.004335977137088776,0.007617397233843803,0.0038802442140877247,0.8880318403244019,-0.45970237255096436,-2.1862336718404887,-1.6437634229660034,-0.04413006454706192,0.0,-0.016734063625335693,0.11999817937612534,0.0
1565.85,4.7297515869140625,1.4107794761657715,-0.0043644979596138,0.007802010513842106,0.003987590782344341,0.8880264163017273,-0.4597087800502777,-2.186217420122751,-1.6441534757614136,0.07163707911968231,0.0,-0.017018765211105347,0.046565357595682144,0.0
1565.8666666666666,4.729752540588379,1.4107800722122192,-0.004335880279541016,0.007617193274199963,0.0038802577182650566,0.8880317211151123,-0.4597025215625763,-2.1862332358855228,-1.6440622806549072,-0.043343596160411835,0.0,-0.017037760466337204,0.12097600847482681,0.0
1565.8833333333334,4.729757785797119,1.4107880592346191,-0.0043645575642585754,0.0078009082935750484,0.0039869449101388454,0.888026773929596,-0.4597081243991852,-2.186218920744878,-1.6444480419158936,0.07143864035606384,0.0,-0.017321188002824783,0.04620775207877159,0.0
1565.9,4.7297587394714355,1.4107885360717773,-0.0043358951807022095,0.007616209331899881,0.0038800945039838552,0.8880319595336914,-0.45970213413238525,-2.186234190321174,-1.644355297088623,-0.04351184144616127,0.0,-0.017335038632154465,0.12102564424276352,0.0
1565.9166666666667,4.729763984680176,1.410797119140625,-0.00436459481716156,0.00780094088986516,0.003986820578575134,0.8880266547203064,-0.4597083330154419,-2.186218421700038,-1.64474618434906,0.07139360904693604,0.0,-0.017612557858228683,0.046255916357040405,0.0
1565.9333333333334,4.729764938354492,1.4107977151870728,-0.004335805773735046,0.007615707349032164,0.0038798339664936066,0.8880320191383362,-0.45970219373703003,-2.1862342626136857,-1.6446588039398193,-0.04232142120599747,0.0,-0.017647625878453255,0.12233810871839523,0.0
1565.95,4.729770183563232,1.4108058214187622,-0.004364721477031708,0.007799990475177765,0.0039865439757704735,0.8880273103713989,-0.4597073793411255,-2.1862209430860795,-1.645046353340149,0.0712081715464592,0.0,-0.0179193876683712,0.046594031155109406,0.0
1565.9666666666667,4.729771614074707,1.4108065366744995,-0.004335738718509674,0.007615001872181892,0.0038792616687715054,0.8880321383476257,-0.4597018361091614,-2.186234896434706,-1.6449685096740723,-0.04288848489522934,0.0,-0.017949476838111877,0.12244457751512527,0.0
1565.9833333333333,4.729775905609131,1.4108144044876099,-0.0043646469712257385,0.007799152750521898,0.003986479248851538,0.8880265951156616,-0.45970863103866577,-2.186217959069966,-1.6453555822372437,0.07168436795473099,0.0,-0.018225038424134254,0.047294750809669495,0.0
1566.0,4.729776859283447,1.4108150005340576,-0.004335977137088776,0.007616490125656128,0.003879665397107601,0.8880319595336914,-0.4597022533416748,-2.1862340601175267,-1.6452594995498657,-0.044199589639902115,0.0,-0.0182275902479887,0.1198466494679451,0.0
1566.0166666666667,4.729782581329346,1.410823106765747,-0.0043645501136779785,0.00780198909342289,0.003987520933151245,0.8880273699760437,-0.45970702171325684,-2.186221481816176,-1.645635962486267,0.07210031151771545,0.0,-0.018524155020713806,0.044183384627103806,0.0
1566.0333333333333,4.729783535003662,1.4108237028121948,-0.00433582067489624,0.007616647053509951,0.003880355041474104,0.8880321383476257,-0.4597018361091614,-2.1862349272787513,-1.6455583572387695,-0.0419846773147583,0.0,-0.01854592189192772,0.12115292251110077,0.0
1566.05,4.729788303375244,1.4108318090438843,-0.004364624619483948,0.007800150662660599,0.003987114876508713,0.8880265355110168,-0.45970869064331055,-2.1862177752820138,-1.645948052406311,0.07102928310632706,0.0,-0.01881900429725647,0.047706861048936844,0.0
1566.0666666666666,4.729790210723877,1.410832166671753,-0.004335910081863403,0.007615644484758377,0.003879302181303501,0.8880318403244019,-0.45970243215560913,-2.1862335826384367,-1.645854115486145,-0.04235628992319107,0.0,-0.01882573403418064,0.12071314454078674,0.0
1566.0833333333333,4.729794502258301,1.410840392112732,-0.004364609718322754,0.007800567429512739,0.003987136296927929,0.888026237487793,-0.4597093462944031,-2.186216399007598,-1.6462482213974,0.0710442066192627,0.0,-0.019099010154604912,0.04797789454460144,0.0
1566.1,4.729795455932617,1.410840630531311,-0.004335924983024597,0.0076165711507201195,0.003879887517541647,0.888031542301178,-0.45970314741134644,-2.186232159563385,-1.6461535692214966,-0.04442591592669487,0.0,-0.01911945268511772,0.12111783772706985,0.0
1566.1166666666666,4.729801177978516,1.4108490943908691,-0.004364565014839172,0.007800776045769453,0.003987085074186325,0.8880260586738586,-0.4597095251083374,-2.186215791683775,-1.646544098854065,0.07177086919546127,0.0,-0.019399207085371017,0.045392390340566635,0.0
1566.1333333333334,4.729802131652832,1.410849928855896,-0.004335805773735046,0.007616014219820499,0.003879551775753498,0.8880305290222168,-0.459705114364624,-2.186227731341579,-1.6464838981628418,-0.03981061652302742,0.0,-0.019411670044064522,0.12162759900093079,0.0
1566.15,4.729806900024414,1.4108576774597168,-0.004364669322967529,0.007799506187438965,0.00398654118180275,0.8880257606506348,-0.45971035957336426,-2.186214211822367,-1.6468523740768433,0.07152802497148514,0.0,-0.019692549481987953,0.0463380329310894,0.0
1566.1666666666667,4.729808330535889,1.410858392715454,-0.004335775971412659,0.007615361362695694,0.0038797142915427685,0.888030469417572,-0.4597051739692688,-2.1862275295212545,-1.6467620134353638,-0.042453888803720474,0.0,-0.019707418978214264,0.12189841270446777,0.0
1566.1833333333334,4.729813098907471,1.4108662605285645,-0.004364714026451111,0.007800573483109474,0.003986782394349575,0.888025164604187,-0.4597111940383911,-2.186211953706602,-1.6471573114395142,0.07107144594192505,0.0,-0.01997598633170128,0.04738151282072067,0.0
1566.2,4.729814529418945,1.4108667373657227,-0.0043358877301216125,0.007615270558744669,0.0038792123086750507,0.8880304098129272,-0.4597054123878479,-2.1862271325827334,-1.647059440612793,-0.043682415038347244,0.0,-0.019989116117358208,0.12141299247741699,0.0
1566.2166666666667,4.7298197746276855,1.4108750820159912,-0.004364632070064545,0.007801366969943047,0.0039873626083135605,0.8880245685577393,-0.45971250534057617,-2.1862092128213746,-1.647458553314209,0.07143889367580414,0.0,-0.020261401310563087,0.047453466802835464,0.0
1566.2333333333333,4.729820728302002,1.4108760356903076,-0.00433572381734848,0.0076161883771419525,0.003879175055772066,0.8880285620689392,-0.45970892906188965,-2.186219150528691,-1.647401213645935,-0.03675570338964462,0.0,-0.02027927152812481,0.1241190955042839,0.0
1566.25,4.729825973510742,1.4108840227127075,-0.0043613240122795105,0.007746519986540079,0.003959130495786667,0.8880243897438049,-0.4597141742706299,-2.18620620609433,-1.6477662324905396,0.07053711265325546,0.0,-0.02054857648909092,0.04903125762939453,0.0
1566.2666666666667,4.729825973510742,1.4108843803405762,-0.004337728023529053,0.007622546516358852,0.003882525023072958,0.8880279660224915,-0.45970964431762695,-2.186217104878232,-1.6476950645446777,-0.041088465601205826,0.0,-0.02056041918694973,0.11805307120084763,0.0
1566.2833333333333,4.729831695556641,1.4108924865722656,-0.004364013671875,0.007800683379173279,0.003987513016909361,0.8880234360694885,-0.45971471071243286,-2.1862042674720517,-1.6480680704116821,0.07170136272907257,0.0,-0.02084762416779995,0.045766059309244156,0.0
1566.3,4.729832649230957,1.4108933210372925,-0.004335954785346985,0.007616777904331684,0.0038796630688011646,0.8880279660224915,-0.4597100019454956,-2.1862166508215775,-1.647994875907898,-0.03944748640060425,0.0,-0.020860405638813972,0.12150612473487854,0.0
1566.3166666666666,4.729837417602539,1.4109011888504028,-0.004364565014839172,0.00779956579208374,0.003986875526607037,0.8880230188369751,-0.45971551537513733,-2.186202434293961,-1.6483683586120605,0.0711684376001358,0.0,-0.021139735355973244,0.04764953628182411,0.0
1566.3333333333333,4.729838848114014,1.4109017848968506,-0.004335924983024597,0.007616475224494934,0.0038794181309640408,0.8880279660224915,-0.4597100019454956,-2.1862166442071578,-1.648293137550354,-0.040651023387908936,0.0,-0.021149970591068268,0.12126649916172028,0.0
1566.35,4.729844093322754,1.410909652709961,-0.004364542663097382,0.00780078861862421,0.003987573087215424,0.8880228996276855,-0.4597156047821045,-2.1862020810835774,-1.6486624479293823,0.07183855772018433,0.0,-0.021438129246234894,0.046789370477199554,0.0
1566.3666666666666,4.729844093322754,1.4109103679656982,-0.004335805773735046,0.00761687196791172,0.0038800514303147793,0.8880274891853333,-0.4597110152244568,-2.1862144904040597,-1.6485910415649414,-0.038404956459999084,0.0,-0.021447259932756424,0.12201888859272003,0.0
1566.3833333333334,4.729849338531494,1.4109183549880981,-0.00436469167470932,0.00779818557202816,0.003985588904470205,0.8880231976509094,-0.4597153067588806,-2.1862030373157126,-1.6489571332931519,0.07135234773159027,0.0,-0.02172093652188778,0.04550326615571976,0.0
1566.4,4.7298502922058105,1.410918951034546,-0.004335857927799225,0.007615664973855019,0.003879479132592678,0.888028621673584,-0.45970872044563293,-2.1862195099033417,-1.6488659381866455,-0.04219300299882889,0.0,-0.021748200058937073,0.12064263224601746,0.0
1566.4166666666667,4.729856014251709,1.4109268188476562,-0.00436459481716156,0.007800178602337837,0.003986877389252186,0.8880242109298706,-0.4597131013870239,-2.1862077378590046,-1.6492347717285156,0.07223505526781082,0.0,-0.022038927301764488,0.0443221777677536,0.0
1566.4333333333334,4.729856967926025,1.410927653312683,-0.004335805773735046,0.0076157813891768456,0.003879659343510866,0.8880288004875183,-0.45970845222473145,-2.1862202131307202,-1.6491626501083374,-0.03827396035194397,0.0,-0.022051861509680748,0.12113852053880692,0.0
1566.45,4.729861259460449,1.410935401916504,-0.004364706575870514,0.007799412589520216,0.003986666910350323,0.888024091720581,-0.4597134292125702,-2.1862071109975556,-1.6495341062545776,0.070860855281353,0.0,-0.022327706217765808,0.04761919006705284,0.0
1566.4666666666667,4.729862213134766,1.4109359979629517,-0.004335835576057434,0.0076153334230184555,0.003879730124026537,0.8880297541618347,-0.459706574678421,-2.186224398202248,-1.649427056312561,-0.045612890273332596,0.0,-0.022351961582899094,0.12012702971696854,0.0
1566.4833333333333,4.729867935180664,1.4109439849853516,-0.0043646469712257385,0.00780149269849062,0.003987407777458429,0.8880249857902527,-0.4597115218639374,-2.186211211755506,-1.6498174667358398,0.07223263382911682,0.0,-0.022638320922851562,0.04433802142739296,0.0
1566.5,4.729868412017822,1.4109445810317993,-0.004335880279541016,0.007615844253450632,0.003879890777170658,0.8880302309989929,-0.45970577001571655,-2.186226359193709,-1.649722933769226,-0.04209063947200775,0.0,-0.022647948935627937,0.11974870413541794,0.0
1566.5166666666667,4.7298736572265625,1.4109525680541992,-0.00436459481716156,0.007800443097949028,0.003986897878348827,0.8880258202552795,-0.4597100615501404,-2.1862146708706147,-1.6500924825668335,0.0720348060131073,0.0,-0.02294110506772995,0.04395241290330887,0.0
1566.5333333333333,4.729875564575195,1.4109532833099365,-0.004335857927799225,0.007615710608661175,0.0038796658627688885,0.8880311250686646,-0.45970386266708374,-2.186230428637787,-1.6500015258789062,-0.04178169369697571,0.0,-0.022956404834985733,0.11948937922716141,0.0
1566.55,4.729880332946777,1.4109611511230469,-0.0043645575642585754,0.007801366038620472,0.003987740259617567,0.8880255222320557,-0.4597104489803314,-2.186213590070157,-1.6503934860229492,0.07099128514528275,0.0,-0.023235401138663292,0.048349183052778244,0.0
1566.5666666666666,4.729881286621094,1.4109618663787842,-0.004335917532444,0.007615918293595314,0.0038791352417320013,0.888030469417572,-0.4597052335739136,-2.186227458461973,-1.6503159999847412,-0.041743870824575424,0.0,-0.023240700364112854,0.12135956436395645,0.0
1566.5833333333333,4.729886531829834,1.410969853401184,-0.004364602267742157,0.007800830062478781,0.0039870114997029305,0.8880252242088318,-0.459710955619812,-2.18621234568878,-1.6506986618041992,0.07168841361999512,0.0,-0.023520488291978836,0.046745482832193375,0.0
1566.6,4.729887008666992,1.4109705686569214,-0.00433582067489624,0.007616756483912468,0.0038798493333160877,0.8880298733711243,-0.45970630645751953,-2.186224964714721,-1.6506199836730957,-0.03977102413773537,0.0,-0.02353803627192974,0.12232410162687302,0.0
1566.6166666666666,4.729893207550049,1.4109784364700317,-0.004364609718322754,0.007798843085765839,0.003986166790127754,0.8880255818367004,-0.45971062779426575,-2.1862135016828566,-1.6509820222854614,0.07205551117658615,0.0,-0.02382211573421955,0.04483059421181679,0.0
1566.6333333333334,4.729893684387207,1.4109796285629272,-0.004335589706897736,0.007614790927618742,0.003878501709550619,0.888028621673584,-0.4597087502479553,-2.18621945444627,-1.6509462594985962,-0.03181494027376175,0.0,-0.023830339312553406,0.12392808496952057,0.0
1566.65,4.729898452758789,1.4109870195388794,-0.004364781081676483,0.007795081939548254,0.003984642680734396,0.8880245685577393,-0.45971256494522095,-2.1862090628605024,-1.6512876749038696,0.07330556213855743,0.0,-0.024102073162794113,0.051796361804008484,0.0
1566.6666666666667,4.7298994064331055,1.4109878540039062,-0.004335865378379822,0.007616192568093538,0.0038792728446424007,0.8880293369293213,-0.45970743894577026,-2.1862225171192375,-1.6512150764465332,-0.03665821626782417,0.0,-0.024112187325954437,0.12268588691949844,0.0
1566.6833333333334,4.729903697967529,1.4109952449798584,-0.0043646469712257385,0.007798632141202688,0.003986253868788481,0.8880244493484497,-0.4597127139568329,-2.186208679350526,-1.6515792608261108,0.0708422064781189,0.0,-0.024388346821069717,0.04960264265537262,0.0
1566.7,4.729905128479004,1.4109958410263062,-0.004335843026638031,0.007616203743964434,0.003879861906170845,0.8880296349525452,-0.45970675349235535,-2.1862239390387144,-1.6514887809753418,-0.04334988445043564,0.0,-0.024401813745498657,0.12148143351078033,0.0
1566.7166666666667,4.729909896850586,1.4110039472579956,-0.004364624619483948,0.007800250314176083,0.003987138159573078,0.888024628162384,-0.4597124755382538,-2.1862093745585978,-1.651870846748352,0.07236047834157944,0.0,-0.02468373440206051,0.04522622376680374,0.0
1566.7333333333333,4.7299113273620605,1.4110045433044434,-0.0043358877301216125,0.007615148089826107,0.003879133379086852,0.8880298733711243,-0.4597064256668091,-2.1862248198921863,-1.6517786979675293,-0.04145447537302971,0.0,-0.02469875104725361,0.1197756975889206,0.0
1566.75,4.729916095733643,1.4110124111175537,-0.004364602267742157,0.007800005376338959,0.003987016621977091,0.888025164604187,-0.4597114026546478,-2.186211742322193,-1.6521536111831665,0.071853406727314,0.0,-0.0249868743121624,0.0457196943461895,0.0
1566.7666666666667,4.729917526245117,1.4110130071640015,-0.004335865378379822,0.007615696173161268,0.0038795785512775183,0.8880303502082825,-0.4597054123878479,-2.186227001091033,-1.6520615816116333,-0.04206904023885727,0.0,-0.024998843669891357,0.11986452341079712,0.0
1566.7833333333333,4.729922294616699,1.4110209941864014,-0.004364624619483948,0.007800718769431114,0.0039871009066700935,0.8880254030227661,-0.4597107172012329,-2.18621301542479,-1.6524486541748047,0.07156078517436981,0.0,-0.02527781017124653,0.046202775090932846,0.0
1566.8,4.729923725128174,1.4110212326049805,-0.0043358877301216125,0.007616392336785793,0.0038799764588475227,0.8880307078361511,-0.4597046971321106,-2.1862285938016255,-1.6523540019989014,-0.04352768883109093,0.0,-0.025294004008173943,0.12018483132123947,0.0
1566.8166666666666,4.729928493499756,1.4110296964645386,-0.004364535212516785,0.007801126688718796,0.003987337928265333,0.8880249857902527,-0.4597115218639374,-2.1862112085311516,-1.6527456045150757,0.0720750242471695,0.0,-0.02557321824133396,0.04586073383688927,0.0
1566.8333333333333,4.729928970336914,1.4110301733016968,-0.0043358951807022095,0.007615375332534313,0.0038792933337390423,0.8880304098129272,-0.4597053825855255,-2.1862271653532934,-1.6526545286178589,-0.04244714975357056,0.0,-0.025589117780327797,0.11978599429130554,0.0
1566.85,4.7299346923828125,1.4110381603240967,-0.004364609718322754,0.00780000863596797,0.003986735828220844,0.88802570104599,-0.45971038937568665,-2.1862140465997317,-1.65303635597229,0.07188259810209274,0.0,-0.025872232392430305,0.04485016688704491,0.0
1566.8666666666666,4.729935646057129,1.4110389947891235,-0.0043357983231544495,0.007616028189659119,0.003879696596413851,0.8880301713943481,-0.45970574021339417,-2.186226245150464,-1.6529619693756104,-0.039182160049676895,0.0,-0.02588641084730625,0.12100987881422043,0.0
1566.8833333333334,4.729940414428711,1.4110469818115234,-0.0043646469712257385,0.007798867765814066,0.003986293449997902,0.8880255222320557,-0.4597107768058777,-2.1862132105171006,-1.653329849243164,0.07167109102010727,0.0,-0.026167843490839005,0.046058885753154755,0.0
1566.9,4.7299418449401855,1.4110476970672607,-0.0043357908725738525,0.007616517599672079,0.0038801063783466816,0.888030469417572,-0.4597049355506897,-2.1862277876150524,-1.6532436609268188,-0.04115249216556549,0.0,-0.02619718760251999,0.12111920863389969,0.0
1566.9166666666667,4.729946613311768,1.4110556840896606,-0.004364714026451111,0.007799279876053333,0.003986239433288574,0.8880259394645691,-0.4597098231315613,-2.1862151780266115,-1.653629183769226,0.07157672941684723,0.0,-0.02646624855697155,0.04575157165527344,0.0
1566.9333333333334,4.729947566986084,1.411056399345398,-0.004335775971412659,0.007615222595632076,0.0038795052096247673,0.8880311250686646,-0.4597039818763733,-2.18623030075429,-1.6535389423370361,-0.04201579838991165,0.0,-0.02649887464940548,0.12135926634073257,0.0
1566.95,4.729953289031982,1.4110645055770874,-0.004364706575870514,0.007799661718308926,0.003986646421253681,0.8880264163017273,-0.4597088694572449,-2.186217296816693,-1.6539185047149658,0.07212640345096588,0.0,-0.026776928454637527,0.04496876150369644,0.0
1566.9666666666667,4.729954719543457,1.4110653400421143,-0.004335768520832062,0.007615641690790653,0.003879220923408866,0.8880310654640198,-0.4597042202949524,-2.1862299107724823,-1.6538571119308472,-0.03897840902209282,0.0,-0.02679957076907158,0.12093015760183334,0.0
1566.9833333333333,4.729959011077881,1.4110729694366455,-0.004364721477031708,0.007799999788403511,0.003987204749137163,0.8880255818367004,-0.45971059799194336,-2.1862135604352364,-1.6542394161224365,0.07107792049646378,0.0,-0.027067994698882103,0.04860208183526993,0.0
1567.0,4.7299604415893555,1.4110735654830933,-0.0043357983231544495,0.007616366259753704,0.0038801280315965414,0.8880302309989929,-0.4597055912017822,-2.1862265499976337,-1.6541457176208496,-0.04357974976301193,0.0,-0.027081212028861046,0.12201943248510361,0.0
1567.0166666666667,4.7299652099609375,1.4110816717147827,-0.0043646544218063354,0.007800693158060312,0.003986908122897148,0.8880249261856079,-0.4597117304801941,-2.1862108418736654,-1.6545387506484985,0.07220152765512466,0.0,-0.027353715151548386,0.045449331402778625,0.0
1567.0333333333333,4.729966640472412,1.411082148551941,-0.004335857927799225,0.007615712936967611,0.003879447001963854,0.8880302309989929,-0.4597055912017822,-2.186226532449815,-1.6544440984725952,-0.04237579554319382,0.0,-0.027370510622859,0.11980331689119339,0.0
1567.05,4.729971408843994,1.41109037399292,-0.004364617168903351,0.007801164872944355,0.003987537696957588,0.888024628162384,-0.4597122073173523,-2.186209662623504,-1.6548322439193726,0.07200980186462402,0.0,-0.027649015188217163,0.04604054242372513,0.0
1567.0666666666666,4.729972839355469,1.4110909700393677,-0.0043358877301216125,0.007615651935338974,0.003879495896399021,0.888029932975769,-0.4597061276435852,-2.186225276809962,-1.6547396183013916,-0.04271555691957474,0.0,-0.027663737535476685,0.11973429471254349,0.0
1567.0833333333333,4.729977607727051,1.4110989570617676,-0.004364565014839172,0.007801131345331669,0.003987553995102644,0.8880245089530945,-0.45971235632896423,-2.186209227496552,-1.6551275253295898,0.07200517505407333,0.0,-0.027945859357714653,0.046198755502700806,0.0
1567.1,4.729978561401367,1.4110997915267944,-0.004335835576057434,0.0076151746325194836,0.0038788302335888147,0.8880292773246765,-0.45970743894577026,-2.1862223617976495,-1.6550527811050415,-0.0377776063978672,0.0,-0.027950596064329147,0.1206117793917656,0.0
1567.1166666666666,4.729983329772949,1.4111074209213257,-0.004364632070064545,0.00779963843524456,0.003987036645412445,0.8880244493484497,-0.4597128629684448,-2.1862085484213143,-1.6554224491119385,0.07113813608884811,0.0,-0.028231505304574966,0.04809832572937012,0.0
1567.1333333333334,4.729984283447266,1.4111078977584839,-0.004335902631282806,0.0076164682395756245,0.0038797114975750446,0.8880295157432556,-0.4597070813179016,-2.1862233182939983,-1.6553418636322021,-0.043337900191545486,0.0,-0.028244024142622948,0.12042005360126495,0.0
1567.15,4.729989528656006,1.411116361618042,-0.004364572465419769,0.00779961422085762,0.00398680754005909,0.8880242705345154,-0.4597131013870239,-2.1862078749848006,-1.6557252407073975,0.07264585047960281,0.0,-0.028525492176413536,0.04454789310693741,0.0
1567.1666666666667,4.7299909591674805,1.4111169576644897,-0.004335835576057434,0.007616912014782429,0.003880217671394348,0.8880293369293213,-0.4597071409225464,-2.1862228462440196,-1.655635952949524,-0.038698960095644,0.0,-0.028544187545776367,0.11955895274877548,0.0
1567.1833333333334,4.729995250701904,1.4111247062683105,-0.004364602267742157,0.007799521554261446,0.003986908122897148,0.888024628162384,-0.45971253514289856,-2.1862093050129667,-1.6560099124908447,0.07118743658065796,0.0,-0.028824003413319588,0.0471959263086319,0.0
1567.2,4.729996204376221,1.4111251831054688,-0.004335910081863403,0.007616617251187563,0.0038800903130322695,0.8880298137664795,-0.45970648527145386,-2.186224644633244,-1.6559195518493652,-0.04323255270719528,0.0,-0.028837209567427635,0.11988909542560577,0.0
1567.2166666666667,4.7300028800964355,1.4111337661743164,-0.004361152648925781,0.0077492594718933105,0.003960227128118277,0.88802570104599,-0.45971131324768066,-2.1862122842626883,-1.656294822692871,0.07265077531337738,0.0,-0.029130427166819572,0.04412996396422386,0.0
1567.2333333333333,4.730001926422119,1.4111343622207642,-0.004337601363658905,0.00762217678129673,0.0038821869529783726,0.8880282640457153,-0.4597090482711792,-2.1862184134933242,-1.6562610864639282,-0.03219220042228699,0.0,-0.02912908047437668,0.11684241145849228,0.0
1567.25,4.730008602142334,1.411142110824585,-0.004364214837551117,0.007798009552061558,0.003986070863902569,0.8880252838134766,-0.4597111940383911,-2.186212208754859,-1.6565978527069092,0.070854552090168,0.0,-0.029414840042591095,0.04540662840008736,0.0
1567.2666666666667,4.73000955581665,1.4111429452896118,-0.004335947334766388,0.007616649381816387,0.003879692405462265,0.8880299925804138,-0.4597061276435852,-2.186225426757857,-1.6565254926681519,-0.0394749641418457,0.0,-0.02943895384669304,0.12099757790565491,0.0
1567.2833333333333,4.730013847351074,1.4111508131027222,-0.004364587366580963,0.00779904518276453,0.00398681778460741,0.8880249261856079,-0.4597119092941284,-2.186210648928771,-1.6569007635116577,0.07171538472175598,0.0,-0.029716692864894867,0.0474991574883461,0.0
1567.3,4.730015277862549,1.41115140914917,-0.0043358951807022095,0.0076166074723005295,0.0038793955463916063,0.8880298733711243,-0.45970630645751953,-2.1862249543048957,-1.6568254232406616,-0.04026002809405327,0.0,-0.02973245456814766,0.12037777155637741,0.0
1567.3166666666666,4.730020999908447,1.4111595153808594,-0.004364579916000366,0.007799156941473484,0.00398674001917243,0.8880249857902527,-0.4597116708755493,-2.1862110334829032,-1.6571965217590332,0.07230538874864578,0.0,-0.030015088617801666,0.04555821791291237,0.0
1567.3333333333333,4.730021953582764,1.4111607074737549,-0.004335708916187286,0.007615769747644663,0.003878661897033453,0.8880284428596497,-0.4597089886665344,-2.186218793992946,-1.6571567058563232,-0.03291314095258713,0.0,-0.030024705454707146,0.1223243772983551,0.0
1567.35,4.730026721954346,1.4111679792404175,-0.004364706575870514,0.00779739860445261,0.00398623663932085,0.8880237936973572,-0.4597139358520508,-2.186205866395406,-1.6575089693069458,0.0705643743276596,0.0,-0.030296895653009415,0.049699362367391586,0.0
1567.3666666666666,4.730027675628662,1.4111686944961548,-0.0043357983231544495,0.007616455666720867,0.00387938367202878,0.8880282640457153,-0.45970940589904785,-2.18621796091478,-1.657434344291687,-0.040272705256938934,0.0,-0.03030777908861637,0.12248960882425308,0.0
1567.3833333333334,4.730031967163086,1.4111766815185547,-0.004364661872386932,0.007798957638442516,0.003986499272286892,0.8880232572555542,-0.45971500873565674,-2.186203507793773,-1.6578125953674316,0.07208096981048584,0.0,-0.030580107122659683,0.04673352092504501,0.0
1567.4,4.7300333976745605,1.411177158355713,-0.004335828125476837,0.007614595349878073,0.0038793047424405813,0.8880288600921631,-0.45970815420150757,-2.1862206470821324,-1.6577059030532837,-0.04411644488573074,0.0,-0.030603576451539993,0.11926238238811493,0.0
1567.4166666666667,4.730039119720459,1.4111852645874023,-0.004364721477031708,0.007801863830536604,0.003987979143857956,0.8880237936973572,-0.459713876247406,-2.1862059864655734,-1.6580994129180908,0.07241236418485641,0.0,-0.030883142724633217,0.044988833367824554,0.0
1567.4333333333334,4.730039119720459,1.4111860990524292,-0.004335753619670868,0.007616192102432251,0.0038794735446572304,0.8880282640457153,-0.45970940589904785,-2.186217961663403,-1.6580350399017334,-0.0387808233499527,0.0,-0.030897997319698334,0.12052423506975174,0.0
1567.45,4.730044841766357,1.4111939668655396,-0.0043646544218063354,0.007798450067639351,0.0039863442070782185,0.8880239725112915,-0.4597136974334717,-2.1862065418823815,-1.6583921909332275,0.07229147106409073,0.0,-0.031186383217573166,0.044679149985313416,0.0
1567.4666666666667,4.730046272277832,1.4111950397491455,-0.004335753619670868,0.007616134360432625,0.00387949263677001,0.8880282640457153,-0.4597093164920807,-2.18621805349897,-1.6583194732666016,-0.03497147932648659,0.0,-0.03119933046400547,0.12100077420473099,0.0
1567.4833333333333,4.730050086975098,1.411202311515808,-0.004364661872386932,0.007798310834914446,0.003986543510109186,0.8880239129066467,-0.459713876247406,-2.186206221002349,-1.65868079662323,0.07056982070207596,0.0,-0.03147539496421814,0.048749666661024094,0.0
1567.5,4.730051040649414,1.4112026691436768,-0.004335857927799225,0.007616125047206879,0.0038797638844698668,0.8880289793014526,-0.4597078859806061,-2.1862212213680654,-1.6585898399353027,-0.04311848804354668,0.0,-0.03148652985692024,0.1203095018863678,0.0
1567.5166666666667,4.730057239532471,1.4112108945846558,-0.004364728927612305,0.007801075465977192,0.003986961208283901,0.8880243897438049,-0.45971280336380005,-2.186208473234879,-1.6589739322662354,0.07252896577119827,0.0,-0.031764086335897446,0.04341116175055504,0.0
1567.5333333333333,4.730057716369629,1.4112119674682617,-0.004335671663284302,0.007615050300955772,0.0038788574747741222,0.8880282044410706,-0.45970937609672546,-2.186217832624267,-1.6589148044586182,-0.03475403040647507,0.0,-0.031781625002622604,0.12181604653596878,0.0
1567.55,4.730063438415527,1.4112194776535034,-0.004364736378192902,0.0077974628657102585,0.003985924646258354,0.8880240321159363,-0.4597136378288269,-2.186206730482092,-1.6592665910720825,0.07129497081041336,0.0,-0.0320616289973259,0.047720201313495636,0.0
1567.5666666666666,4.7300639152526855,1.4112201929092407,-0.004335686564445496,0.007615928538143635,0.0038797366432845592,0.8880282640457153,-0.45970943570137024,-2.186217935569347,-1.6591981649398804,-0.037732020020484924,0.0,-0.03208230808377266,0.12277692556381226,0.0
1567.5833333333333,4.730068683624268,1.4112279415130615,-0.004364699125289917,0.007796508260071278,0.003985450603067875,0.8880234956741333,-0.45971447229385376,-2.1862045885721355,-1.6595638990402222,0.07194960862398148,0.0,-0.032353080809116364,0.04624665528535843,0.0
1567.6,4.730069637298584,1.4112285375595093,-0.0043359845876693726,0.007617894094437361,0.0038800949696451426,0.8880283832550049,-0.4597088098526001,-2.186218876382822,-1.6594849824905396,-0.040363386273384094,0.0,-0.032348714768886566,0.1183575913310051,0.0
1567.6166666666666,4.730074405670166,1.4112364053726196,-0.004364490509033203,0.007801122963428497,0.003987892996519804,0.8880233764648438,-0.45971453189849854,-2.1862043199712673,-1.6598619222640991,0.07191377133131027,0.0,-0.032636091113090515,0.04689338058233261,0.0
1567.6333333333334,4.730075836181641,1.4112366437911987,-0.004335962235927582,0.007616282906383276,0.0038800095207989216,0.8880292773246765,-0.4597075283527374,-2.186222300393268,-1.659751534461975,-0.04337272047996521,0.0,-0.032652292400598526,0.11839523166418076,0.0
1567.65,4.730081081390381,1.4112448692321777,-0.004364565014839172,0.007801218889653683,0.003987568896263838,0.8880236744880676,-0.4597141444683075,-2.186205416880249,-1.6601439714431763,0.07244311273097992,0.0,-0.032933153212070465,0.044971730560064316,0.0
1567.6666666666667,4.730081558227539,1.4112457036972046,-0.0043357983231544495,0.007615310605615377,0.003879100549966097,0.8880281448364258,-0.4597095251083374,-2.1862175449393053,-1.6600689888000488,-0.03819608315825462,0.0,-0.03294287249445915,0.12018469721078873,0.0
1567.6833333333334,4.730086326599121,1.4112534523010254,-0.004364624619483948,0.007798986975103617,0.003986853640526533,0.8880237936973572,-0.4597141146659851,-2.1862057039326057,-1.6604337692260742,0.07174428552389145,0.0,-0.033227454870939255,0.04635985940694809,0.0
1567.7,4.730088233947754,1.4112541675567627,-0.004335977137088776,0.007616790942847729,0.003879931289702654,0.8880293369293213,-0.45970743894577026,-2.186222533935802,-1.6603412628173828,-0.042263977229595184,0.0,-0.033236484974622726,0.11804773658514023,0.0
1567.7166666666667,4.730092525482178,1.4112621545791626,-0.0043644979596138,0.007801367901265621,0.003987906966358423,0.8880237340927124,-0.4597139060497284,-2.186205810767057,-1.6607329845428467,0.0718645453453064,0.0,-0.03352007269859314,0.04734402894973755,0.0
1567.7333333333333,4.730093955993652,1.4112626314163208,-0.0043359920382499695,0.007616471033543348,0.003879496129229665,0.8880294561386108,-0.4597071409225464,-2.1862231112986965,-1.6606366634368896,-0.04379501938819885,0.0,-0.033530861139297485,0.11813299357891083,0.0
1567.75,4.730099201202393,1.4112706184387207,-0.004364535212516785,0.007802813313901424,0.003988511860370636,0.8880241513252258,-0.4597132205963135,-2.1862075225001267,-1.6610257625579834,0.07261231541633606,0.0,-0.0338209792971611,0.045567844063043594,0.0
1567.7666666666667,4.730099201202393,1.411271095275879,-0.004335939884185791,0.007617301307618618,0.0038798367604613304,0.8880289196968079,-0.4597080647945404,-2.1862209035719804,-1.6609444618225098,-0.03978408873081207,0.0,-0.03382554650306702,0.11921848356723785,0.0
1567.7833333333333,4.730104923248291,1.411279320716858,-0.0043646469712257385,0.007801718078553677,0.0039876713417470455,0.8880243897438049,-0.45971280336380005,-2.1862084918407803,-1.6613152027130127,0.0721978098154068,0.0,-0.03410979360342026,0.044647540897130966,0.0
1567.8,4.730105876922607,1.4112800359725952,-0.0043357908725738525,0.007616107352077961,0.003880095900967717,0.8880293965339661,-0.45970726013183594,-2.1862228590380646,-1.6612235307693481,-0.04059040546417236,0.0,-0.0341351181268692,0.1201711967587471,0.0
1567.8166666666666,4.730111122131348,1.411287784576416,-0.004364609718322754,0.007799535058438778,0.003986877854913473,0.888024628162384,-0.45971250534057617,-2.1862093349695026,-1.661605715751648,0.07182995229959488,0.0,-0.03441184386610985,0.04623761400580406,0.0
1567.8333333333333,4.730112075805664,1.4112886190414429,-0.0043357908725738525,0.007615606300532818,0.003879392985254526,0.8880290389060974,-0.4597078561782837,-2.186221382904308,-1.6615296602249146,-0.03838025778532028,0.0,-0.034424591809511185,0.12078801542520523,0.0
1567.85,4.730116844177246,1.4112961292266846,-0.004364684224128723,0.007799193263053894,0.003986755385994911,0.8880243301391602,-0.459712952375412,-2.1862081659663657,-1.661902904510498,0.0716986432671547,0.0,-0.03469977155327797,0.04688289761543274,0.0
1567.8666666666666,4.7301177978515625,1.4112967252731323,-0.004335843026638031,0.007615701761096716,0.00387978064827621,0.8880292177200317,-0.45970749855041504,-2.1862221821766856,-1.6618083715438843,-0.04046772047877312,0.0,-0.034708768129348755,0.12022272497415543,0.0
1567.8833333333334,4.730123043060303,1.4113047122955322,-0.0043646544218063354,0.007800858002156019,0.003987492062151432,0.8880242109298706,-0.4597129821777344,-2.186207876774374,-1.6621899604797363,0.0719854086637497,0.0,-0.0349850207567215,0.04600672423839569,0.0
1567.9,4.730124473571777,1.411305546760559,-0.004335775971412659,0.007615861017256975,0.003879428142681718,0.8880288600921631,-0.45970821380615234,-2.186220594277827,-1.6621149778366089,-0.0384761244058609,0.0,-0.03500158339738846,0.12069864571094513,0.0
1567.9166666666667,4.730129718780518,1.4113131761550903,-0.004364781081676483,0.007800731807947159,0.003987480886280537,0.8880240321159363,-0.45971354842185974,-2.186206871497332,-1.662489652633667,0.07188879698514938,0.0,-0.03527317941188812,0.046242378652095795,0.0
1567.9333333333334,4.730129718780518,1.4113140106201172,-0.004335746169090271,0.007615959271788597,0.003878809977322817,0.8880280256271362,-0.4597100019454956,-2.186216770102361,-1.662427544593811,-0.034485217183828354,0.0,-0.0352790467441082,0.12177368253469467,0.0
1567.95,4.730135917663574,1.4113216400146484,-0.004364721477031708,0.007797484751790762,0.003985837567597628,0.8880240321159363,-0.4597136974334717,-2.1862066675428555,-1.6627720594406128,0.07189752906560898,0.0,-0.03556147962808609,0.04597586765885353,0.0
1567.9666666666667,4.730135917663574,1.411322832107544,-0.004335656762123108,0.007615678943693638,0.0038791510742157698,0.8880276083946228,-0.4597107470035553,-2.1862150233049227,-1.6627179384231567,-0.03267888352274895,0.0,-0.03557414934039116,0.1226489245891571,0.0
1567.9833333333333,4.7301411628723145,1.4113301038742065,-0.004364781081676483,0.0077952975407242775,0.003984729293733835,0.8880239129066467,-0.459713876247406,-2.1862061671790207,-1.663063645362854,0.07317479699850082,0.0,-0.03584573417901993,0.04936162009835243,0.0
1568.0,4.730142593383789,1.4113308191299438,-0.004335805773735046,0.007616330869495869,0.0038801031187176704,0.8880288600921631,-0.45970821380615234,-2.186220610873627,-1.6629751920700073,-0.04012752324342728,0.0,-0.035872962325811386,0.12104595452547073,0.0
1568.0166666666667,4.730146884918213,1.4113388061523438,-0.00436469167470932,0.007799432147294283,0.003986895550042391,0.8880236148834229,-0.459714412689209,-2.1862049775061387,-1.6633626222610474,0.07180599868297577,0.0,-0.03613969683647156,0.047360051423311234,0.0
1568.0333333333333,4.7301483154296875,1.411339282989502,-0.004335843026638031,0.007615984417498112,0.003879497293382883,0.8880288600921631,-0.45970815420150757,-2.186220657438323,-1.663270115852356,-0.04197753220796585,0.0,-0.03615988418459892,0.11953264474868774,0.0
1568.05,4.730153560638428,1.4113471508026123,-0.004364699125289917,0.00780141307041049,0.003987569827586412,0.888023853302002,-0.45971381664276123,-2.1862061777554507,-1.6636557579040527,0.07257065176963806,0.0,-0.03643679618835449,0.045004915446043015,0.0
1568.0666666666666,4.730153560638428,1.41134774684906,-0.0043357908725738525,0.007616501767188311,0.0038797021843492985,0.8880282640457153,-0.4597093462944031,-2.1862180290821236,-1.6635775566101074,-0.03894972801208496,0.0,-0.03644911199808121,0.1202055960893631,0.0
1568.0833333333333,4.730159759521484,1.4113562107086182,-0.004361242055892944,0.007748352829366922,0.003960217349231243,0.8880244493484497,-0.4597139358520508,-2.1862066240074047,-1.663940668106079,0.07256700843572617,0.0,-0.03673418238759041,0.04442659020423889,0.0
1568.1,4.730159759521484,1.4113566875457764,-0.004337675869464874,0.007623270619660616,0.0038829464465379715,0.888028085231781,-0.45970961451530457,-2.1862174302637656,-1.6638730764389038,-0.034929364919662476,0.0,-0.03674642741680145,0.11519931256771088,0.0
1568.1166666666666,4.730165004730225,1.411364197731018,-0.004364103078842163,0.0077992589212954044,0.003986721858382225,0.8880245089530945,-0.4597126841545105,-2.1862088643689686,-1.664229393005371,0.07119247317314148,0.0,-0.03703077509999275,0.04542359709739685,0.0
1568.1333333333334,4.730166435241699,1.4113649129867554,-0.00433601438999176,0.007616737857460976,0.003879826981574297,0.8880289196968079,-0.45970824360847473,-2.186220717467961,-1.6641528606414795,-0.03956165164709091,0.0,-0.037041231989860535,0.12018295377492905,0.0
1568.15,4.730171203613281,1.4113729000091553,-0.004364661872386932,0.007801261264830828,0.0039876485243439674,0.888023853302002,-0.4597136378288269,-2.1862063621566983,-1.6645314693450928,0.07216765731573105,0.0,-0.03731473535299301,0.045727357268333435,0.0
1568.1666666666667,4.730172157287598,1.4113736152648926,-0.0043358877301216125,0.007616872433573008,0.0038798796012997627,0.8880292773246765,-0.45970749855041504,-2.1862223308069875,-1.6644364595413208,-0.04200298339128494,0.0,-0.037335146218538284,0.11892557144165039,0.0
1568.1833333333334,4.730177402496338,1.411381483078003,-0.004364699125289917,0.007801455445587635,0.003987569361925125,0.8880246877670288,-0.45971232652664185,-2.1862096836772067,-1.664821982383728,0.07236098498106003,0.0,-0.03761615231633186,0.04510584473609924,0.0
1568.2,4.730177402496338,1.4113820791244507,-0.0043357983231544495,0.007615821436047554,0.003879740834236145,0.8880295157432556,-0.45970696210861206,-2.1862234382729064,-1.6647264957427979,-0.04088727384805679,0.0,-0.03763899207115173,0.11999301612377167,0.0
1568.2166666666667,4.730183124542236,1.4113901853561401,-0.004364699125289917,0.007800288964062929,0.0039869449101388454,0.8880254626274109,-0.45971065759658813,-2.1862132123942675,-1.6650952100753784,0.07277890294790268,0.0,-0.03792440518736839,0.04302043840289116,0.0
1568.2333333333333,4.730184555053711,1.4113906621932983,-0.004335857927799225,0.007615953218191862,0.0038796612061560154,0.8880308270454407,-0.4597044289112091,-2.1862291426447387,-1.665003776550293,-0.04093732684850693,0.0,-0.037947412580251694,0.11781410872936249,0.0
1568.25,4.730189323425293,1.4113987684249878,-0.004364572465419769,0.007800642400979996,0.003987666219472885,0.8880257606506348,-0.4597102105617523,-2.1862143946474535,-1.665386438369751,0.07216939330101013,0.0,-0.03823080658912659,0.04620029777288437,0.0
1568.2666666666667,4.730190753936768,1.4113993644714355,-0.0043357908725738525,0.007616068236529827,0.0038799806497991085,0.8880306482315063,-0.4597049355506897,-2.1862282066832686,-1.6653103828430176,-0.041378770023584366,0.0,-0.038251832127571106,0.11963861435651779,0.0
1568.2833333333333,4.730195045471191,1.4114075899124146,-0.004364624619483948,0.007799583952873945,0.003987053409218788,0.888025164604187,-0.45971137285232544,-2.1862117717536833,-1.665696382522583,0.07247285544872284,0.0,-0.03852635994553566,0.04568198323249817,0.0
1568.3,4.730196952819824,1.411407709121704,-0.0043359920382499695,0.007617565803229809,0.003880562260746956,0.8880311250686646,-0.45970380306243896,-2.1862305173205696,-1.6655879020690918,-0.045135173946619034,0.0,-0.03854626789689064,0.11639741063117981,0.0
1568.3166666666666,4.7302021980285645,1.4114161729812622,-0.004364512860774994,0.007803022861480713,0.003988676704466343,0.8880253434181213,-0.45971083641052246,-2.1862127972522623,-1.6659958362579346,0.0724271684885025,0.0,-0.03882436826825142,0.04552504047751427,0.0
1568.3333333333333,4.730203151702881,1.4114168882369995,-0.004335813224315643,0.007617020979523659,0.0038800439797341824,0.8880297541618347,-0.45970630645751953,-2.1862246875575853,-1.6659185886383057,-0.039068397134542465,0.0,-0.038834426552057266,0.11983302235603333,0.0
1568.35,4.730207443237305,1.4114247560501099,-0.0043645575642585754,0.007800379302352667,0.003987528383731842,0.8880247473716736,-0.45971208810806274,-2.186210063571438,-1.6662945747375488,0.0719815269112587,0.0,-0.03911450877785683,0.046854887157678604,0.0
1568.3666666666666,4.730208873748779,1.4114253520965576,-0.004335939884185791,0.007616696413606405,0.0038797473534941673,0.8880302309989929,-0.4597057104110718,-2.1862264210563174,-1.6662006378173828,-0.04045756161212921,0.0,-0.039124295115470886,0.11840378493070602,0.0
1568.3833333333334,4.7302141189575195,1.4114333391189575,-0.004364542663097382,0.007799583487212658,0.003986977506428957,0.8880255222320557,-0.45971062779426575,-2.186213381688208,-1.6665738821029663,0.07256857305765152,0.0,-0.039412129670381546,0.04488879442214966,0.0
1568.4,4.730214595794678,1.411434292793274,-0.0043357014656066895,0.007614898029714823,0.003879193216562271,0.8880298733711243,-0.45970624685287476,-2.1862250034273134,-1.6665054559707642,-0.03685600310564041,0.0,-0.03943738713860512,0.1206444576382637,0.0
1568.4166666666667,4.730219841003418,1.4114419221878052,-0.004364714026451111,0.007797151803970337,0.003985932562500238,0.8880259394645691,-0.45970988273620605,-2.186215100348815,-1.666860580444336,0.07227244973182678,0.0,-0.03971884399652481,0.04501647129654884,0.0
1568.4333333333334,4.730220794677734,1.4114423990249634,-0.004335843026638031,0.007615249138325453,0.003879547119140625,0.8880311846733093,-0.45970386266708374,-2.186230565281313,-1.6667726039886475,-0.040893957018852234,0.0,-0.039731405675411224,0.11806217581033707,0.0
1568.45,4.730225563049316,1.4114505052566528,-0.004364699125289917,0.007800220511853695,0.003987329080700874,0.8880259990692139,-0.4597095549106598,-2.1862156226782243,-1.6671576499938965,0.07221987843513489,0.0,-0.04000828042626381,0.045562949031591415,0.0
1568.4666666666667,4.730226993560791,1.411450982093811,-0.004335865378379822,0.0076150307431817055,0.003879346651956439,0.8880313634872437,-0.45970338582992554,-2.1862314727737053,-1.6670668125152588,-0.042032450437545776,0.0,-0.04002554342150688,0.11839161813259125,0.0
1568.4833333333333,4.730231761932373,1.41145920753479,-0.004364728927612305,0.0078004286624491215,0.003987146075814962,0.888026237487793,-0.4597092568874359,-2.186216490268772,-1.6674543619155884,0.07261068373918533,0.0,-0.040303874760866165,0.044870924204587936,0.0
1568.5,4.7302327156066895,1.4114594459533691,-0.004335880279541016,0.00761552294716239,0.0038794148713350296,0.8880316019058228,-0.4597029685974121,-2.1862324693534423,-1.667360544204712,-0.042074140161275864,0.0,-0.04032634198665619,0.11819633841514587,0.0
1568.5166666666667,4.73023796081543,1.4114677906036377,-0.0043646544218063354,0.007800608407706022,0.003987585194408894,0.8880268931388855,-0.459708034992218,-2.186219307680419,-1.6677358150482178,0.07315529137849808,0.0,-0.040613289922475815,0.04269848391413689,0.0
1568.5333333333333,4.730239391326904,1.411468267440796,-0.004335850477218628,0.007616234943270683,0.0038799243047833443,0.8880321383476257,-0.459701806306839,-2.186234946746501,-1.6676467657089233,-0.04067439213395119,0.0,-0.04062993824481964,0.1169169694185257,0.0
1568.55,4.730244159698486,1.411476492881775,-0.004364527761936188,0.007799660321325064,0.003987301141023636,0.8880270719528198,-0.45970773696899414,-2.1862200264589755,-1.6680303812026978,0.07203832268714905,0.0,-0.04091488569974899,0.046358413994312286,0.0
1568.5666666666666,4.730245590209961,1.411476969718933,-0.004335813224315643,0.007615790702402592,0.003879894269630313,0.8880319595336914,-0.45970219373703003,-2.1862341230220035,-1.6679447889328003,-0.04159161448478699,0.0,-0.04093468189239502,0.11931315064430237,0.0
1568.5833333333333,4.730250835418701,1.411485195159912,-0.004364714026451111,0.0078010582365095615,0.003987394273281097,0.8880267143249512,-0.45970815420150757,-2.186218759512443,-1.6683348417282104,0.07253561913967133,0.0,-0.04120501130819321,0.044869620352983475,0.0
1568.6,4.730250835418701,1.4114857912063599,-0.004335753619670868,0.007616002112627029,0.0038795978762209415,0.8880314826965332,-0.459703266620636,-2.1862318872870556,-1.6682627201080322,-0.0387120395898819,0.0,-0.0412234365940094,0.11959239840507507,0.0
1568.6166666666666,4.7302565574646,1.4114938974380493,-0.004364736378192902,0.007798236329108477,0.003985881339758635,0.8880273103713989,-0.45970720052719116,-2.1862211037856447,-1.6686265468597412,0.07265270501375198,0.0,-0.041503556072711945,0.04340144991874695,0.0
1568.6333333333334,4.730257511138916,1.4114941358566284,-0.004335865378379822,0.007614940870553255,0.003879491938278079,0.888032853603363,-0.45970064401626587,-2.1862378187149814,-1.668530821800232,-0.04453965276479721,0.0,-0.041531842201948166,0.11715449392795563,0.0
1568.65,4.730262756347656,1.411502718925476,-0.004364639520645142,0.007801280356943607,0.003987807314842939,0.8880273103713989,-0.45970699191093445,-2.1862213741631207,-1.6689296960830688,0.07282304763793945,0.0,-0.04181127995252609,0.04455365613102913,0.0
1568.6666666666667,4.730265140533447,1.411502480506897,-0.004335448145866394,0.0076127368956804276,0.0038826537784188986,0.888034462928772,-0.4596973955631256,-2.186245022047197,-1.6688419580459595,-0.07495904713869095,0.0,-0.04188505932688713,0.109300896525383,0.0
1568.6833333333334,4.7302727699279785,1.4115138053894043,-0.004364319145679474,0.007797240279614925,0.003987674601376057,0.8880214691162109,-0.45971840620040894,-2.1861958039484497,-1.6694316864013672,0.06273464113473892,0.0,-0.04215264692902565,0.04860467463731766,0.0
1568.7,4.730273723602295,1.4115146398544312,-0.004335753619670868,0.00761386938393116,0.003883256111294031,0.8880258798599243,-0.45971378684043884,-2.186207889507889,-1.6693776845932007,-0.08029540628194809,0.0,-0.04216495156288147,0.11295481771230698,0.0
1568.7166666666667,4.730281352996826,1.411526083946228,-0.004364185035228729,0.007799320854246616,0.003988280892372131,0.8880123496055603,-0.4597359895706177,-2.1861561831115135,-1.669977068901062,0.06423269957304001,0.0,-0.04243309050798416,0.04547613859176636,0.0
1568.7333333333333,4.730282306671143,1.4115267992019653,-0.004335671663284302,0.00761274341493845,0.003883212571963668,0.8880172967910767,-0.4597306251525879,-2.1861702751306313,-1.6699035167694092,-0.08060352504253387,0.0,-0.04246700182557106,0.11222528666257858,0.0
1568.75,4.730288982391357,1.4115382432937622,-0.004364222288131714,0.0078008598648011684,0.003988421056419611,0.8880055546760559,-0.4597490131855011,-2.1861267348901903,-1.6704846620559692,0.0652439221739769,0.0,-0.042749758809804916,0.04306354373693466,0.0
1568.7666666666667,4.73029088973999,1.4115387201309204,-0.004335850477218628,0.00761397834867239,0.0038838903419673443,0.888011634349823,-0.4597414433956146,-2.186145782188248,-1.6703884601593018,-0.0816374197602272,0.0,-0.04278162494301796,0.10864081233739853,0.0
1568.7833333333333,4.730298042297363,1.4115499258041382,-0.004364103078842163,0.00780390715226531,0.003990250639617443,0.8880003690719604,-0.4597591161727905,-2.1861041400202197,-1.670967936515808,0.06560119986534119,0.0,-0.0430791974067688,0.04237138852477074,0.0
1568.8,4.730298042297363,1.411550521850586,-0.004335783421993256,0.007613328751176596,0.0038835969753563404,0.8880053162574768,-0.45975351333618164,-2.186118422831129,-1.670884609222412,-0.07521649450063705,0.0,-0.04309903085231781,0.11328017711639404,0.0
1568.8166666666666,4.730304718017578,1.4115614891052246,-0.004364080727100372,0.007804596330970526,0.003990450873970985,0.8879956603050232,-0.4597681760787964,-2.1860836982017755,-1.6714128255844116,0.06654419004917145,0.0,-0.04340276122093201,0.0400426983833313,0.0
1568.8333333333333,4.730306625366211,1.4115614891052246,-0.004335828125476837,0.007614366710186005,0.0038846293464303017,0.888002336025238,-0.4597592055797577,-2.1861055499058786,-1.6713011264801025,-0.07823142409324646,0.0,-0.04343659430742264,0.10773603618144989,0.0
1568.85,4.730314254760742,1.4115734100341797,-0.004360608756542206,0.007754363119602203,0.003964132163673639,0.8879926800727844,-0.459774911403656,-2.186068920132867,-1.6718580722808838,0.06780494749546051,0.0,-0.043741047382354736,0.041476622223854065,0.0
1568.8666666666666,4.730315208435059,1.4115735292434692,-0.004337534308433533,0.007618920411914587,0.003886580001562834,0.8879976272583008,-0.4597683548927307,-2.186085071275159,-1.671772837638855,-0.06732302904129028,0.0,-0.043780259788036346,0.11060290038585663,0.0
1568.8833333333334,4.730321884155273,1.4115837812423706,-0.004363559186458588,0.007802553009241819,0.003989932592958212,0.8879888653755188,-0.45978134870529175,-2.186054067059684,-1.672283411026001,0.06808885931968689,0.0,-0.04407130554318428,0.0437951497733593,0.0
1568.9,4.730323314666748,1.411584496498108,-0.004335857927799225,0.007614091970026493,0.0038834051229059696,0.8879936933517456,-0.45977598428726196,-2.1860678354202605,-1.6722062826156616,-0.06478320062160492,0.0,-0.04409274831414223,0.1167435497045517,0.0
1568.9166666666667,4.730329513549805,1.4115941524505615,-0.004364013671875,0.007801615633070469,0.003989899531006813,0.887984573841095,-0.45978957414627075,-2.1860354574364464,-1.6727005243301392,0.06980530917644501,0.0,-0.04438206925988197,0.045530471950769424,0.0
1568.9333333333334,4.730330944061279,1.411595106124878,-0.004335671663284302,0.007613793946802616,0.003882833058014512,0.8879889845848083,-0.4597851634025574,-2.1860472505922157,-1.6726285219192505,-0.061032894998788834,0.0,-0.04438924789428711,0.255845844745636,0.0
1568.95,4.730338096618652,1.4116047620773315,-0.004364877939224243,0.007797065656632185,0.003985073883086443,0.8879785537719727,-0.45980146527290344,-2.1860088708025427,-1.6731911897659302,0.05025183781981468,0.0,-0.04468327388167381,0.05350811779499054,0.0
1568.9666666666667,4.730340003967285,1.4116047620773315,-0.004336349666118622,0.007616064976900816,0.0038862626533955336,0.8879852890968323,-0.4597923159599304,-2.186031242680959,-1.673079013824463,-0.08091624081134796,0.0,-0.044723935425281525,0.11536510288715363,0.0
1568.9833333333333,4.730347156524658,1.4116168022155762,-0.004364475607872009,0.007803812623023987,0.003987564705312252,0.887968897819519,-0.4598199725151062,-2.185967097391916,-1.6737436056137085,0.051908377557992935,0.0,-0.044957928359508514,0.050957415252923965,0.0
1569.0,4.730348587036133,1.4116171598434448,-0.004336372017860413,0.007614378817379475,0.003884869161993265,0.8879749178886414,-0.4598124027252197,-2.185986031171571,-1.6736485958099365,-0.08563603460788727,0.0,-0.04499746114015579,0.11419635266065598,0.0
1569.0166666666667,4.730356216430664,1.4116294384002686,-0.004364475607872009,0.0078054675832390785,0.003988331183791161,0.8879585266113281,-0.45983996987342834,-2.185922040475294,-1.674323320388794,0.05352633446455002,0.0,-0.045239873230457306,0.04914632439613342,0.0
1569.0333333333333,4.730357646942139,1.4116297960281372,-0.004336349666118622,0.007615421898663044,0.003885262878611684,0.8879642486572266,-0.4598328471183777,-2.1859397981417446,-1.6742297410964966,-0.08872789889574051,0.0,-0.045274630188941956,0.11244962364435196,0.0
1569.05,4.73036527633667,1.41164231300354,-0.004364334046840668,0.00780876912176609,0.003990695811808109,0.8879479765892029,-0.4598602056503296,-2.185876358975324,-1.674904227256775,0.055626749992370605,0.0,-0.04553500562906265,0.04813038557767868,0.0
1569.0666666666666,4.7303667068481445,1.41164231300354,-0.004336372017860413,0.007616383954882622,0.003885832382366061,0.8879543542861938,-0.45985203981399536,-2.1858966890502343,-1.6748007535934448,-0.09010259807109833,0.0,-0.04556925967335701,0.10927759110927582,0.0
1569.0833333333333,4.730374813079834,1.411655068397522,-0.004364386200904846,0.007810731418430805,0.003991707693785429,0.8879390358924866,-0.4598775804042816,-2.1858373893921272,-1.6754698753356934,0.05807472765445709,0.0,-0.04583717882633209,0.04654715955257416,0.0
1569.1,4.730376720428467,1.4116555452346802,-0.004336275160312653,0.007614947855472565,0.0038847033865749836,0.887944757938385,-0.45987069606781006,-2.1858547897246474,-1.6753766536712646,-0.09141932427883148,0.0,-0.04586995393037796,0.10965210199356079,0.0
1569.1166666666666,4.73038387298584,1.4116679430007935,-0.004364371299743652,0.007811399642378092,0.003992242272943258,0.8879296779632568,-0.4598955512046814,-2.185796804048508,-1.6760408878326416,0.06062042713165283,0.0,-0.04614358767867088,0.04564466327428818,0.0
1569.1333333333334,4.7303853034973145,1.411668300628662,-0.004336178302764893,0.007614803500473499,0.0038844370283186436,0.887935221195221,-0.45988917350769043,-2.185813239999181,-1.6759546995162964,-0.09211999922990799,0.0,-0.0461764819920063,0.10929149389266968,0.0
1569.15,4.730393409729004,1.4116811752319336,-0.004364430904388428,0.0078115640208125114,0.0039927344769239426,0.8879204988479614,-0.45991334319114685,-2.18575682325388,-1.6766114234924316,0.06223757192492485,0.0,-0.046455468982458115,0.044428784400224686,0.0
1569.1666666666667,4.73039436340332,1.4116816520690918,-0.004336103796958923,0.0076143755577504635,0.003883877070620656,0.8879260420799255,-0.45990657806396484,-2.185773630613575,-1.6765308380126953,-0.08803603798151016,0.0,-0.04649607837200165,0.11005038022994995,0.0
1569.1833333333334,4.730401992797852,1.4116936922073364,-0.004364460706710815,0.007810879033058882,0.003992205951362848,0.8879138827323914,-0.45992594957351685,-2.185728206225214,-1.6771388053894043,0.06217155605554581,0.0,-0.04679633304476738,0.04136976972222328,0.0
1569.2,4.730403423309326,1.411694049835205,-0.004336237907409668,0.0076156542636454105,0.0038846354000270367,0.887919545173645,-0.4599190354347229,-2.1857454856794454,-1.6770530939102173,-0.0849655345082283,0.0,-0.046826720237731934,0.1103881448507309,0.0
1569.2166666666667,4.730411052703857,1.4117064476013184,-0.004360921680927277,0.0077614872716367245,0.003966239746659994,0.8879078030586243,-0.4599386751651764,-2.1856999562349118,-1.6776556968688965,0.06434071809053421,0.0,-0.047122783958911896,0.04325990006327629,0.0
1569.2333333333333,4.730412006378174,1.4117060899734497,-0.004338093101978302,0.0076225935481488705,0.0038885148242115974,0.8879135847091675,-0.4599307179450989,-2.185719499240474,-1.6775429248809814,-0.08377086371183395,0.0,-0.047160014510154724,0.10716632008552551,0.0
1569.25,4.730419635772705,1.4117178916931152,-0.0043637752532958984,0.007813784293830395,0.0039935000240802765,0.8879024386405945,-0.45994803309440613,-2.185678490113444,-1.6781331300735474,0.0654582530260086,0.0,-0.04745662212371826,0.04176802188158035,0.0
1569.2666666666667,4.73042106628418,1.411718487739563,-0.0043362826108932495,0.0076154437847435474,0.003884177654981613,0.8879077434539795,-0.45994219183921814,-2.185693769674357,-1.6780494451522827,-0.07383295148611069,0.0,-0.047490596771240234,0.11572567373514175,0.0
1569.2833333333333,4.730427265167236,1.4117292165756226,-0.004364378750324249,0.007811460644006729,0.003992666490375996,0.8878973722457886,-0.459958016872406,-2.185656220736598,-1.6785907745361328,0.06786272674798965,0.0,-0.0477764718234539,0.04448922351002693,0.0
1569.3,4.730429172515869,1.4117295742034912,-0.004336155951023102,0.007616148330271244,0.0038838605396449566,0.8879028558731079,-0.45995160937309265,-2.185672529802624,-1.6785062551498413,-0.07180526107549667,0.0,-0.047802168875932693,0.11558045446872711,0.0
1569.3166666666666,4.730435848236084,1.4117408990859985,-0.004361063241958618,0.0077589103020727634,0.003965644631534815,0.88789302110672,-0.4599674344062805,-2.1856354211701365,-1.6790426969528198,0.068562813103199,0.0,-0.048088207840919495,0.045406654477119446,0.0
1569.3333333333333,4.7304368019104,1.4117411375045776,-0.004337906837463379,0.007622015196830034,0.003886598162353039,0.8878974318504333,-0.4599616527557373,-2.1856494658938095,-1.67896568775177,-0.06482569873332977,0.0,-0.048109110444784164,0.11394577473402023,0.0
1569.35,4.730443000793457,1.411751389503479,-0.004363894462585449,0.007808811962604523,0.003991934936493635,0.8878889679908752,-0.4599739909172058,-2.185619901812681,-1.6794568300247192,0.06943868845701218,0.0,-0.048403527587652206,0.0450156070291996,0.0
1569.3666666666666,4.730443954467773,1.4117517471313477,-0.004336126148700714,0.00761617673560977,0.0038841133937239647,0.887894332408905,-0.4599677622318268,-2.185635778927001,-1.679368019104004,-0.06396085023880005,0.0,-0.04844556003808975,0.11845222860574722,0.0
1569.3833333333334,4.730450630187988,1.4117618799209595,-0.004364520311355591,0.007805819623172283,0.003990716766566038,0.8878862857818604,-0.45997941493988037,-2.185607945290025,-1.679850459098816,0.06938931345939636,0.0,-0.04872863367199898,0.043673641979694366,0.0
1569.4,4.730451583862305,1.4117623567581177,-0.004336066544055939,0.007614931557327509,0.0038830935955047607,0.8878917694091797,-0.4599728584289551,-2.1856244540225687,-1.6797629594802856,-0.06056147813796997,0.0,-0.04875785484910011,0.11831628531217575,0.0
1569.4166666666667,4.730457305908203,1.4117721319198608,-0.0043645575642585754,0.00780690461397171,0.003991674166172743,0.8878839015960693,-0.4599840044975281,-2.185597617014151,-1.680235505104065,0.06989631801843643,0.0,-0.0490422397851944,0.04613737761974335,0.0
1569.4333333333334,4.730458736419678,1.4117722511291504,-0.004336073994636536,0.00761544331908226,0.00388309801928699,0.8878899216651917,-0.4599764347076416,-2.185616411905263,-1.6801419258117676,-0.063733771443367,0.0,-0.04907473176717758,0.11620713025331497,0.0
1569.45,4.730464935302734,1.4117823839187622,-0.004364565014839172,0.007807441521435976,0.003991921432316303,0.8878814578056335,-0.4599885642528534,-2.1855871598097196,-1.6806247234344482,0.07002637535333633,0.0,-0.049361590296030045,0.04460833594202995,0.0
1569.4666666666667,4.730466365814209,1.4117828607559204,-0.004336036741733551,0.007616131100803614,0.0038832733407616615,0.8878868222236633,-0.45998260378837585,-2.1856027504868116,-1.680545449256897,-0.057178132236003876,0.0,-0.04938859865069389,0.11966892331838608,0.0
1569.4833333333333,4.730472087860107,1.411792278289795,-0.004364617168903351,0.0078054508194327354,0.003990807104855776,0.887879490852356,-0.45999258756637573,-2.1855783410670075,-1.6809957027435303,0.07007019221782684,0.0,-0.049673862755298615,0.04515836015343666,0.0
1569.5,4.730473518371582,1.4117929935455322,-0.004336066544055939,0.007616677321493626,0.0038835820741951466,0.8878846168518066,-0.45998650789260864,-2.1855935313980663,-1.6809152364730835,-0.05933444947004318,0.0,-0.049700163304805756,0.11901338398456573,0.0
1569.5166666666667,4.730480194091797,1.4118027687072754,-0.004361063241958618,0.007755334489047527,0.003965136595070362,0.8878772258758545,-0.4599977731704712,-2.185566864720851,-1.6813795566558838,0.07101158797740936,0.0,-0.04999157786369324,0.04713457077741623,0.0
1569.5333333333333,4.730480194091797,1.4118032455444336,-0.004337839782238007,0.007622863631695509,0.003886026330292225,0.887880802154541,-0.4599940776824951,-2.1855768128201043,-1.6813271045684814,-0.04989968240261078,0.0,-0.0500030554831028,0.11807458102703094,0.0
1569.55,4.730486869812012,1.411812663078308,-0.004360653460025787,0.007751834578812122,0.00396320503205061,0.8878750801086426,-0.46000218391418457,-2.185557200670476,-1.6817439794540405,0.07087553292512894,0.0,-0.050293926149606705,0.04652774706482887,0.0
1569.5666666666666,4.730487823486328,1.4118127822875977,-0.004338011145591736,0.0076211667619645596,0.0038857380859553814,0.8878796100616455,-0.45999622344970703,-2.1855717745569403,-1.6816610097885132,-0.05389993265271187,0.0,-0.0503152497112751,0.11550257354974747,0.0
1569.5833333333333,4.730493545532227,1.411821961402893,-0.004364036023616791,0.007804865017533302,0.003991039004176855,0.8878727555274963,-0.4600054621696472,-2.1855491859258565,-1.6821112632751465,0.07070700079202652,0.0,-0.050591111183166504,0.04713088646531105,0.0
1569.6,4.730493545532227,1.4118226766586304,-0.004336118698120117,0.007614860311150551,0.0038816863670945168,0.8878772258758545,-0.46000099182128906,-2.1855611219213604,-1.6820409297943115,0.013188697397708893,0.0,-0.05061392858624458,0.12297837436199188,0.0
1569.6166666666666,4.730501174926758,1.411831259727478,-0.004363931715488434,0.007795964367687702,0.003990017343312502,0.8878697752952576,-0.46001145243644714,-2.1855359202900906,-1.682525634765625,0.05915454402565956,0.0,-0.050905756652355194,0.051476411521434784,0.0
1569.6333333333334,4.730503082275391,1.4118318557739258,-0.00433601438999176,0.007612443529069424,0.003886559046804905,0.8878756165504456,-0.4600040316581726,-2.1855542862327306,-1.6824417114257812,-0.07722865045070648,0.0,-0.05094480141997337,0.11513113975524902,0.0
1569.65,4.730510234832764,1.4118432998657227,-0.00436430424451828,0.007797184865921736,0.0039890483021736145,0.8878613114356995,-0.4600277245044708,-2.1854991691474983,-1.6830545663833618,0.05956533923745155,0.0,-0.05119483172893524,0.05006552115082741,0.0
1569.6666666666667,4.73051118850708,1.4118437767028809,-0.004335910081863403,0.007613906636834145,0.003886742517352104,0.8878663182258606,-0.4600220024585724,-2.18551384273131,-1.682997703552246,-0.07922832667827606,0.0,-0.05122741684317589,0.11646675318479538,0.0
1569.6833333333334,4.730518817901611,1.4118558168411255,-0.00436430424451828,0.0077981771901249886,0.0039893388748168945,0.8878524303436279,-0.4600447118282318,-2.18546072338216,-1.683608055114746,0.06151743605732918,0.0,-0.05147912725806236,0.048141345381736755,0.0
1569.7,4.730520725250244,1.4118564128875732,-0.004335783421993256,0.007612067274749279,0.0038864680100232363,0.887857973575592,-0.4600381851196289,-2.185477467931655,-1.6835248470306396,-0.0798458456993103,0.0,-0.05153714865446091,0.1159970685839653,0.0
1569.7166666666667,4.730526924133301,1.4118677377700806,-0.004364475607872009,0.00779965752735734,0.003990218974649906,0.8878442645072937,-0.46006065607070923,-2.1854250576969045,-1.6841415166854858,0.06248859688639641,0.0,-0.05178198218345642,0.048366010189056396,0.0
1569.7333333333333,4.730528831481934,1.4118682146072388,-0.0043357908725738525,0.007612547837197781,0.003886098973453045,0.8878501057624817,-0.46005314588546753,-2.185443484102644,-1.6840505599975586,-0.08186528831720352,0.0,-0.051823634654283524,0.11293771117925644,0.0
1569.75,4.730535507202148,1.4118796586990356,-0.004364386200904846,0.0078018708154559135,0.003991662058979273,0.887836754322052,-0.4600749611854553,-2.1853926416177556,-1.684657096862793,0.06404675543308258,0.0,-0.052087120711803436,0.04612965136766434,0.0
1569.7666666666667,4.730537414550781,1.4118798971176147,-0.004335924983024597,0.007612982299178839,0.0038862288929522038,0.8878430128097534,-0.4600670337677002,-2.1854124473225984,-1.6845468282699585,-0.08739776164293289,0.0,-0.05211804807186127,0.10880409181118011,0.0
1569.7833333333333,4.730544090270996,1.4118916988372803,-0.004364237189292908,0.007805772591382265,0.00399385392665863,0.8878298997879028,-0.46008825302124023,-2.1853628426100062,-1.6851674318313599,0.06492767482995987,0.0,-0.05240326374769211,0.04417034611105919,0.0
1569.8,4.730545520782471,1.4118921756744385,-0.004335835576057434,0.007612299639731646,0.00388589920476079,0.8878356218338013,-0.4600813388824463,-2.1853802621207645,-1.6850637197494507,-0.07978111505508423,0.0,-0.0524367056787014,0.11306662857532501,0.0
1569.8166666666666,4.730552673339844,1.4119036197662354,-0.004364229738712311,0.007805550005286932,0.003993389196693897,0.8878253102302551,-0.460097074508667,-2.1853429149073023,-1.6856240034103394,0.06549571454524994,0.0,-0.05273130163550377,0.04176974669098854,0.0
1569.8333333333333,4.730553150177002,1.411903977394104,-0.00433582067489624,0.007612018380314112,0.003885820508003235,0.8878310322761536,-0.46009016036987305,-2.1853603427144064,-1.6855379343032837,-0.07403060048818588,0.0,-0.05277054011821747,0.11441659182310104,0.0
1569.85,4.730560302734375,1.4119149446487427,-0.004364185035228729,0.007803823333233595,0.003992981277406216,0.8878213167190552,-0.460104763507843,-2.185325554736676,-1.6860649585723877,0.06543344259262085,0.0,-0.05307025462388992,0.04221363738179207,0.0
1569.8666666666666,4.730562210083008,1.4119149446487427,-0.004335954785346985,0.007614515721797943,0.003887111321091652,0.8878275156021118,-0.46009689569473267,-2.18534514566044,-1.6859683990478516,-0.07358022779226303,0.0,-0.05310424789786339,0.1128702312707901,0.0
1569.8833333333334,4.730569362640381,1.4119266271591187,-0.004360802471637726,0.007753509096801281,0.003966187592595816,0.8878178000450134,-0.4601125419139862,-2.185308431024448,-1.6865124702453613,0.06755246222019196,0.0,-0.05339108034968376,0.04418204724788666,0.0
1569.9,4.730569839477539,1.4119267463684082,-0.004337623715400696,0.007619375362992287,0.003889306914061308,0.8878225684165955,-0.46010616421699524,-2.185323992675725,-1.6864302158355713,-0.06962323188781738,0.0,-0.053436633199453354,0.11309695243835449,0.0
1569.9166666666667,4.730576515197754,1.4119371175765991,-0.004363581538200378,0.007801838219165802,0.003992484416812658,0.8878134489059448,-0.46011996269226074,-2.1852913143413626,-1.686942458152771,0.06810329109430313,0.0,-0.05372856929898262,0.04383477941155434,0.0
1569.9333333333334,4.73057746887207,1.4119375944137573,-0.004336036741733551,0.007613840512931347,0.0038865841925144196,0.8878189921379089,-0.4601132869720459,-2.1853081355373103,-1.6868460178375244,-0.06911451369524002,0.0,-0.05375276878476143,0.11548403650522232,0.0
1569.95,4.730584621429443,1.4119477272033691,-0.004364095628261566,0.007802125997841358,0.003992554731667042,0.8878106474876404,-0.4601253271102905,-2.185279181376888,-1.6873422861099243,0.06891252100467682,0.0,-0.054052405059337616,0.042274829000234604,0.0
1569.9666666666667,4.730586051940918,1.4119484424591064,-0.004335880279541016,0.007614376954734325,0.003886185120791197,0.8878153562545776,-0.460120290517807,-2.185292336387602,-1.6872754096984863,-0.06010426580905914,0.0,-0.05406135320663452,0.11890240013599396,0.0
1569.9833333333333,4.730591773986816,1.41195809841156,-0.004364170134067535,0.007802452892065048,0.003993108402937651,0.8878068923950195,-0.46013253927230835,-2.185262905920036,-1.6877497434616089,0.06947334110736847,0.0,-0.05434579774737358,0.04756631702184677,0.0
1570.0,4.730592727661133,1.4119588136672974,-0.004335746169090271,0.007611681241542101,0.003884166246280074,0.887812077999115,-0.4601268172264099,-2.185277824364609,-1.6876717805862427,-0.05880822241306305,0.0,-0.054369181394577026,0.12033027410507202,0.0
1570.0166666666667,4.7305989265441895,1.4119682312011719,-0.004364341497421265,0.007800137624144554,0.003992213401943445,0.8878042101860046,-0.4601377248764038,-2.185251205599536,-1.6881318092346191,0.07015901803970337,0.0,-0.05465274676680565,0.04660937190055847,0.0
1570.0333333333333,4.730599403381348,1.4119685888290405,-0.004335708916187286,0.007613244000822306,0.0038855348248034716,0.8878093957901001,-0.46013179421424866,-2.1852664044188543,-1.688051462173462,-0.057569682598114014,0.0,-0.05468066409230232,0.12037675082683563,0.0
1570.05,4.730605602264404,1.4119782447814941,-0.00436440110206604,0.007799242623150349,0.003991533536463976,0.8878018856048584,-0.4601423740386963,-2.185240913940735,-1.6885089874267578,0.06991364806890488,0.0,-0.05495487153530121,0.04575996473431587,0.0
1570.0666666666666,4.730606555938721,1.4119786024093628,-0.004335775971412659,0.007612653076648712,0.00388477579690516,0.8878077864646912,-0.46013519167900085,-2.185259090614755,-1.6884143352508545,-0.05760832130908966,0.0,-0.05498942732810974,0.11868176609277725,0.0
1570.0833333333333,4.730612754821777,1.4119880199432373,-0.004364363849163055,0.00780000863596797,0.003992123529314995,0.8878000974655151,-0.46014559268951416,-2.1852333946765525,-1.6888679265975952,0.07062441110610962,0.0,-0.05527340993285179,0.04608113691210747,0.0
1570.1,4.730613708496094,1.4119884967803955,-0.004335738718509674,0.007613483816385269,0.003885197453200817,0.8878053426742554,-0.4601396322250366,-2.185248761750536,-1.6887905597686768,-0.05560772866010666,0.0,-0.05529791861772537,0.12025345116853714,0.0
1570.1166666666666,4.730620861053467,1.4119986295700073,-0.004360944032669067,0.007746988907456398,0.0039643794298172,0.8877986669540405,-0.46014970541000366,-2.185224938959912,-1.689238429069519,0.07078267633914948,0.0,-0.05557728558778763,0.046338435262441635,0.0
1570.1333333333334,4.730621337890625,1.4119991064071655,-0.0043375566601753235,0.007619118317961693,0.0038878368213772774,0.8878024816513062,-0.4601450562477112,-2.185236505778572,-1.6891851425170898,-0.04881774261593819,0.0,-0.05561140179634094,0.11795350909233093,0.0
1570.15,4.730627059936523,1.4120078086853027,-0.004363797605037689,0.007796790916472673,0.003991091623902321,0.8877962231636047,-0.46015334129333496,-2.1852162363569168,-1.6896024942398071,0.07052260637283325,0.0,-0.055893901735544205,0.048461515456438065,0.0
1570.1666666666667,4.730628490447998,1.4120084047317505,-0.004335902631282806,0.007613609079271555,0.003885068465024233,0.8878011703491211,-0.46014776825904846,-2.185230535359874,-1.6895257234573364,-0.05244242027401924,0.0,-0.055917318910360336,0.1217200756072998,0.0
1570.1833333333334,4.730633735656738,1.4120173454284668,-0.004364378750324249,0.007797312457114458,0.003991090692579746,0.887794017791748,-0.460157573223114,-2.18520667618922,-1.6899651288986206,0.07106328010559082,0.0,-0.05618441104888916,0.04766107350587845,0.0
1570.2,4.730635166168213,1.412017822265625,-0.004335716366767883,0.007613076362758875,0.0038848482072353363,0.8877991437911987,-0.4601516127586365,-2.1852217863855383,-1.6898741722106934,-0.051629383116960526,0.0,-0.056210894137620926,0.12175790220499039,0.0
1570.2166666666667,4.730639934539795,1.4120268821716309,-0.004364416003227234,0.0077971466816961765,0.003990716300904751,0.8877922892570496,-0.4601610004901886,-2.1851990592641584,-1.6903104782104492,0.0710090920329094,0.0,-0.056479740887880325,0.04761573299765587,0.0
1570.2333333333333,4.730640411376953,1.4120272397994995,-0.004335761070251465,0.00761392991989851,0.0038852770812809467,0.8877981305122375,-0.4601536691188812,-2.1852172912078482,-1.6902023553848267,-0.05239594727754593,0.0,-0.056515179574489594,0.12036589533090591,0.0
1570.25,4.73064661026001,1.412036657333374,-0.0043610334396362305,0.0077470955438911915,0.0039644502103328705,0.8877928256988525,-0.46016114950180054,-2.1851993724196412,-1.690626859664917,0.07142355293035507,0.0,-0.05680004507303238,0.04520396515727043,0.0
1570.2666666666667,4.730647563934326,1.4120367765426636,-0.004337646067142487,0.007619241252541542,0.0038876838516443968,0.8877974152565002,-0.46015501022338867,-2.1852142975310276,-1.6905509233474731,-0.04841914400458336,0.0,-0.05682322382926941,0.11581887304782867,0.0
1570.2833333333333,4.730653762817383,1.4120452404022217,-0.004363805055618286,0.0077977171167731285,0.003991174045950174,0.8877916932106018,-0.46016213297843933,-2.1851964990633355,-1.690964937210083,0.07054750621318817,0.0,-0.05710933730006218,0.046890173107385635,0.0
1570.3,4.730654239654541,1.4120460748672485,-0.004335917532444,0.007614205591380596,0.003885041456669569,0.8877960443496704,-0.46015748381614685,-2.1852084347273326,-1.6908833980560303,-0.04692714288830757,0.0,-0.05712307617068291,0.12333235144615173,0.0
1570.3166666666666,4.730659484863281,1.4120546579360962,-0.004364311695098877,0.007796396501362324,0.003990423399955034,0.887789785861969,-0.46016567945480347,-2.1851883224615207,-1.6912907361984253,0.07097303122282028,0.0,-0.05740131437778473,0.048374783247709274,0.0
1570.3333333333333,4.730660438537598,1.4120551347732544,-0.00433582067489624,0.007613226305693388,0.003884830977767706,0.8877955079078674,-0.4601587653160095,-2.1852058417148252,-1.6912009716033936,-0.050955720245838165,0.0,-0.05742776766419411,0.12073759734630585,0.0
1570.35,4.730666637420654,1.4120639562606812,-0.004364341497421265,0.007797456346452236,0.003991489298641682,0.8877891302108765,-0.4601670205593109,-2.185185423006715,-1.6916143894195557,0.07180097699165344,0.0,-0.05771525949239731,0.04578663408756256,0.0
1570.3666666666666,4.7306671142578125,1.4120646715164185,-0.004335656762123108,0.007612910121679306,0.0038843764923512936,0.8877939581871033,-0.4601617455482483,-2.185199104374431,-1.6915432214736938,-0.04431165009737015,0.0,-0.05773640424013138,0.15117664635181427,0.0
1570.3833333333334,4.7306742668151855,1.4120726585388184,-0.004364877939224243,0.00779354153200984,0.003987731412053108,0.8877858519554138,-0.4601733982563019,-2.185171018750104,-1.6920037269592285,0.06253765523433685,0.0,-0.05801796913146973,0.06008083373308182,0.0
1570.4,4.73067569732666,1.4120732545852661,-0.004336133599281311,0.007612719666212797,0.0038872743025422096,0.8877912759780884,-0.46016696095466614,-2.185187465705446,-1.691921353340149,-0.07663585990667343,0.0,-0.05805426463484764,0.11874443292617798,0.0
1570.4166666666667,4.730682849884033,1.4120845794677734,-0.004364706575870514,0.007800229825079441,0.003990509547293186,0.8877760767936707,-0.4601920247077942,-2.185128860822269,-1.692552089691162,0.05810469388961792,0.0,-0.058281343430280685,0.050874609500169754,0.0
1570.4333333333334,4.730684757232666,1.4120850563049316,-0.004336230456829071,0.007613211404532194,0.003887005615979433,0.8877816200256348,-0.4601851999759674,-2.185145891500766,-1.6924653053283691,-0.08290006965398788,0.0,-0.058313168585300446,0.11453554034233093,0.0
1570.45,4.730691432952881,1.4120969772338867,-0.004364565014839172,0.007804643828421831,0.0039924131706357,0.8877663612365723,-0.46021074056625366,-2.1850867237609233,-1.6931073665618896,0.059715740382671356,0.0,-0.058563269674777985,0.049204930663108826,0.0
1570.4666666666667,4.7306928634643555,1.4120972156524658,-0.004336252808570862,0.007614342030137777,0.003887345315888524,0.887771725654602,-0.46020445227622986,-2.185102731289035,-1.6930347681045532,-0.08598622679710388,0.0,-0.058592066168785095,0.1126905158162117,0.0
1570.4833333333333,4.730700492858887,1.4121098518371582,-0.004364505410194397,0.007806270383298397,0.003993460908532143,0.8877569437026978,-0.4602290093898773,-2.185045720110486,-1.6936726570129395,0.06029948592185974,0.0,-0.05885959789156914,0.04625634476542473,0.0
1570.5,4.730701923370361,1.412110447883606,-0.004336163401603699,0.007614211179316044,0.0038873753510415554,0.8877618908882141,-0.46022337675094604,-2.185060036441723,-1.6936074495315552,-0.08761950582265854,0.0,-0.05889659747481346,0.11219245195388794,0.0
1570.5166666666667,4.730710029602051,1.4121228456497192,-0.00436440110206604,0.00780646875500679,0.003993787802755833,0.8877475261688232,-0.4602469205856323,-2.1850050606834945,-1.6942393779754639,0.061551984399557114,0.0,-0.05917556583881378,0.044778574258089066,0.0
1570.5333333333333,4.730710983276367,1.412123203277588,-0.004336237907409668,0.00761342141777277,0.0038863718509674072,0.8877529501914978,-0.46024090051651,-2.1850208712490127,-1.6941757202148438,-0.08742935210466385,0.0,-0.05920372158288956,0.11033162474632263,0.0
1570.55,4.730718612670898,1.412135362625122,-0.004364416003227234,0.007807804271578789,0.0039944518357515335,0.887740433216095,-0.46026086807250977,-2.1849739844641327,-1.6947765350341797,0.0626932829618454,-0.09324009716510773,-0.059506241232156754,0.04111093282699585,-0.09324009716510773
1570.5666666666666,4.730719566345215,1.4121341705322266,-0.004341810941696167,0.007629629224538803,0.003898737020790577,0.8877471685409546,-0.46025145053863525,-2.184996700028559,-1.6946616172790527,-0.11463497579097748,-0.18648019433021545,-0.0595378503203392,0.10877082496881485,-0.18648019433021545
1570.5833333333333,4.730772495269775,1.41221284866333,-0.004360400140285492,0.007709243800491095,0.0039303540252149105,0.8877183198928833,-0.460305392742157,-2.184874118399514,-1.6977132558822632,0.09982358664274216,-0.279720276594162,-0.061789244413375854,0.07596756517887115,-0.279720276594162
1570.6,4.730831146240234,1.4122951030731201,-0.004342712461948395,0.007631175220012665,0.0039074355736374855,0.8877321481704712,-0.46028050780296326,-2.1849315327888688,-1.7003395557403564,0.07510188966989517,-0.3729603886604309,-0.06478338688611984,0.01484068762511015,-0.3729603886604309
1570.6166666666666,4.7309184074401855,1.4124188423156738,-0.004351697862148285,0.007658862974494696,0.003920780029147863,0.887749195098877,-0.46024686098098755,-2.1850068113689716,-1.7043439149856567,-0.0181428175419569,-0.3729603886604309,-0.06928130239248276,-0.07713421434164047,-0.3729603886604309
1570.6333333333334,4.731018543243408,1.4125611782073975,-0.004351861774921417,0.007662755902856588,0.0039223115891218185,0.8877655267715454,-0.4602155089378357,-2.1850776847198934,-1.7089877128601074,-0.041816744953393936,-0.559440553188324,-0.07438217103481293,-0.09017793089151382,-0.559440553188324
1570.65,4.731156826019287,1.412757158279419,-0.004343084990978241,0.007627693936228752,0.0039021519478410482,0.8877782225608826,-0.4601915776729584,-2.185131696582571,-1.715523600578308,-0.20494721829891205,-0.6526806354522705,-0.08127037435770035,-0.2313511073589325,-0.6526806354522705
1570.6666666666667,4.731335639953613,1.4130103588104248,-0.0043447017669677734,0.0076369112357497215,0.003899463452398777,0.8877879977226257,-0.4601725935935974,-2.1851742959242477,-1.7240476608276367,-0.34390899538993835,-0.7459207773208618,-0.0900995060801506,-0.2783573269844055,-0.7459207773208618
1570.6833333333334,4.731547832489014,1.4133126735687256,-0.004342712461948395,0.007638252805918455,0.003881571814417839,0.8877989649772644,-0.46015167236328125,-2.185221343643723,-1.7343617677688599,-0.5432542562484741,-0.8391608595848083,-0.10060860216617584,-0.37877538800239563,-0.8391608595848083
1570.7,4.7317914962768555,1.413658618927002,-0.004338949918746948,0.007624393794685602,0.0038785208016633987,0.8878071904182434,-0.4601360559463501,-2.185256710499334,-1.746154546737671,-0.4672206938266754,-0.9324009418487549,-0.11262518912553787,-0.4718104898929596,-0.9324009418487549
1570.7166666666667,4.7320685386657715,1.4140511751174927,-0.004338376224040985,0.007620708551257849,0.00387966213747859,0.8878086805343628,-0.4601331949234009,-2.1852631814417975,-1.7595784664154053,-0.5891417860984802,-0.9324009418487549,-0.12609447538852692,-0.5809650421142578,-0.9324009418487549
1570.7333333333333,4.732359886169434,1.414463996887207,-0.004342697560787201,0.007638282608240843,0.003886074759066105,0.8878089189529419,-0.4601324796676636,-2.1852646956460164,-1.773716688156128,-0.6268618106842041,-1.118881106376648,-0.14023661613464355,-0.6146265268325806,-1.118881106376648
1570.75,4.732690334320068,1.414933204650879,-0.0043341368436813354,0.007605521474033594,0.003869125619530678,0.8878086805343628,-0.4601336121559143,-2.1852624604624715,-1.7897859811782837,-0.7719440460205078,-1.2121212482452393,-0.15629860758781433,-0.7593719959259033,-1.2121212482452393
1570.7666666666667,4.733059406280518,1.4154568910598755,-0.00433715432882309,0.0076160491444170475,0.0038764788769185543,0.887808620929718,-0.4601333737373352,-2.1852627678593004,-1.8077783584594727,-0.9075251817703247,-1.305361270904541,-0.17429132759571075,-0.8989670276641846,-1.305361270904541
1570.7833333333333,4.733466148376465,1.416031837463379,-0.004336461424827576,0.007613395806401968,0.0038769873790442944,0.8878092765808105,-0.46013209223747253,-2.185265633786651,-1.8274513483047485,-1.0198286771774292,-1.3986014127731323,-0.19398999214172363,-1.0108013153076172,-1.3986014127731323
1570.8,4.733903884887695,1.4166523218154907,-0.0043366700410842896,0.007614559028297663,0.003875338938087225,0.8878095746040344,-0.4601314067840576,-2.18526701216222,-1.848710060119629,-1.1223849058151245,-1.3986014127731323,-0.21525311470031738,-1.1168471574783325,-1.3986014127731323
1570.8166666666666,4.734355449676514,1.4172917604446411,-0.004339925944805145,0.007625897880643606,0.0038832933641970158,0.8878107070922852,-0.4601290822029114,-2.185272299285777,-1.8706307411193848,-1.1488066911697388,-1.3986014127731323,-0.237205371260643,-1.1423007249832153,-1.3986014127731323
1570.8333333333333,4.734808921813965,1.4179353713989258,-0.00433976948261261,0.007626445963978767,0.0038828952237963676,0.887811541557312,-0.460127592086792,-2.1852757977136776,-1.8926640748977661,-1.1500037908554077,-1.3986014127731323,-0.2592615485191345,-1.1445492506027222,-1.3986014127731323
1570.85,4.735262870788574,1.4185787439346313,-0.004339724779129028,0.007626236416399479,0.0038838163018226624,0.887812614440918,-0.4601253867149353,-2.1852806188134575,-1.9147013425827026,-1.151277780532837,-1.3986014127731323,-0.2813277840614319,-1.1447194814682007,-1.3986014127731323
1570.8666666666666,4.735716819763184,1.41922128200531,-0.004339687526226044,0.007626524660736322,0.0038835813757032156,0.8878136873245239,-0.46012330055236816,-2.185285295257285,-1.9367313385009766,-1.1493184566497803,-1.3986014127731323,-0.3033859431743622,-1.142743706703186,-1.3986014127731323
1570.8833333333334,4.736170291900635,1.4198648929595947,-0.0043397024273872375,0.007627017796039581,0.003883837955072522,0.8878143429756165,-0.4601221978664398,-2.1852879868049704,-1.9587655067443848,-1.149582028388977,-1.3986014127731323,-0.3254331052303314,-1.1450121402740479,-1.3986014127731323
1570.9,4.736623764038086,1.4205082654953003,-0.00433976948261261,0.007626589387655258,0.0038820772897452116,0.8878153562545776,-0.46011996269226074,-2.185292638492609,-1.9808021783828735,-1.1505621671676636,-1.3986014127731323,-0.3475020229816437,-1.1443049907684326,-1.3986014127731323
1570.9166666666667,4.737076759338379,1.4211509227752686,-0.0043396130204200745,0.00762510858476162,0.0038829154800623655,0.8878166079521179,-0.46011775732040405,-2.185297876191154,-2.0028316974639893,-1.1489838361740112,-1.3986014127731323,-0.36956143379211426,-1.1425200700759888,-1.3986014127731323
1570.9333333333334,4.7375311851501465,1.4217942953109741,-0.004339247941970825,0.0076233879663050175,0.0038849497213959694,0.8878175616264343,-0.4601159691810608,-2.1853020045940466,-2.024853467941284,-1.1535372734069824,-1.3986014127731323,-0.39161431789398193,-1.1455283164978027,-1.3986014127731323
1570.95,4.737985610961914,1.4224375486373901,-0.004339404404163361,0.0076245712116360664,0.003882971126586199,0.8878181576728821,-0.4601147770881653,-2.1853046014163637,-2.0468969345092773,-1.1530531644821167,-1.3986014127731323,-0.41367366909980774,-1.1454259157180786,-1.3986014127731323
1570.9666666666667,4.738438129425049,1.4230797290802002,-0.004339888691902161,0.007627359591424465,0.003883371129631996,0.8878190517425537,-0.460112988948822,-2.1853085735627253,-2.068923234939575,-1.1502305269241333,-1.3986014127731323,-0.43572503328323364,-1.143244981765747,-1.3986014127731323
1570.9833333333333,4.738892555236816,1.4237236976623535,-0.004340328276157379,0.007630700711160898,0.0038808267563581467,0.8878201246261597,-0.46011102199554443,-2.1853130920428856,-2.090949058532715,-1.1498812437057495,-1.3986014127731323,-0.4577746093273163,-1.1431961059570312,-1.3986014127731323
1571.0,4.739346981048584,1.4243669509887695,-0.004340760409832001,0.00763237290084362,0.0038809534162282944,0.8878210783004761,-0.46010899543762207,-2.1853174387939354,-2.112992763519287,-1.1482473611831665,-1.3986014127731323,-0.47984224557876587,-1.1411737203598022,-1.3986014127731323
1571.0166666666667,4.739799976348877,1.425009846687317,-0.004339337348937988,0.0076248859986662865,0.0038832947611808777,0.887822151184082,-0.46010708808898926,-2.1853219527618193,-2.1350395679473877,-1.1476047039031982,-1.3986014127731323,-0.5019151568412781,-1.1415351629257202,-1.3986014127731323
1571.0333333333333,4.7402544021606445,1.4256529808044434,-0.004339851438999176,0.007627013139426708,0.003883443307131529,0.8878233432769775,-0.46010464429855347,-2.18532729463816,-2.15704083442688,-1.1526180505752563,-1.3986014127731323,-0.5239534974098206,-1.1439050436019897,-1.3986014127731323
1571.05,4.740708827972412,1.4262964725494385,-0.004339650273323059,0.007626745384186506,0.003884165547788143,0.8878236413002014,-0.46010416746139526,-2.185328503930064,-2.1790966987609863,-1.1518062353134155,-1.3986014127731323,-0.5460200309753418,-1.1444056034088135,-1.3986014127731323
1571.0666666666666,4.741161823272705,1.4269388914108276,-0.004339687526226044,0.0076256440952420235,0.0038826437667012215,0.8878245949745178,-0.4601024091243744,-2.1853325282266165,-2.201127529144287,-1.1493111848831177,-1.3986014127731323,-0.5680747628211975,-1.1425303220748901,-1.3986014127731323
1571.0833333333333,4.7416157722473145,1.4275825023651123,-0.004339732229709625,0.007627064362168312,0.003883475437760353,0.8878254294395447,-0.4601007401943207,-2.185336240161339,-2.2231521606445312,-1.151535153388977,-1.3986014127731323,-0.5901218056678772,-1.1446218490600586,-1.3986014127731323
1571.1,4.742069721221924,1.4282255172729492,-0.004339993000030518,0.007628673687577248,0.003883671946823597,0.8878264427185059,-0.4600987434387207,-2.1853406990098176,-2.245187997817993,-1.1523551940917969,-1.3986014127731323,-0.6121878027915955,-1.1443092823028564,-1.3986014127731323
1571.1166666666666,4.742523193359375,1.428868293762207,-0.004339590668678284,0.007626373786479235,0.0038833264261484146,0.8878273367881775,-0.46009692549705505,-2.185344662924898,-2.2672269344329834,-1.1490899324417114,-1.3986014127731323,-0.6342509388923645,-1.1423896551132202,-1.3986014127731323
1571.1333333333334,4.742977142333984,1.4295120239257812,-0.004339039325714111,0.007622281089425087,0.003884623758494854,0.8878283500671387,-0.46009504795074463,-2.1853489978345544,-2.289250612258911,-1.1530752182006836,-1.3986014127731323,-0.6563051342964172,-1.14559006690979,-1.3986014127731323
1571.15,4.743431568145752,1.4301549196243286,-0.004339911043643951,0.007626121863722801,0.0038831178098917007,0.8878293633460999,-0.46009302139282227,-2.1853534606373395,-2.311279058456421,-1.1534028053283691,-1.3986014127731323,-0.6783604621887207,-1.1445980072021484,-1.3986014127731323
1571.1666666666667,4.743885040283203,1.4307974576950073,-0.004339791834354401,0.00762722734361887,0.003883036319166422,0.8878302574157715,-0.46009141206741333,-2.1853572318796783,-2.333317995071411,-1.1499148607254028,-1.3986014127731323,-0.7004212737083435,-1.1429823637008667,-1.3986014127731323
1571.1833333333334,4.744339466094971,1.4314409494400024,-0.004339784383773804,0.0076276459731161594,0.0038834004662930965,0.8878310918807983,-0.4600897431373596,-2.185360929322699,-2.3553435802459717,-1.1509367227554321,-1.3986014127731323,-0.7224709391593933,-1.1446017026901245,-1.3986014127731323
1571.2,4.74479341506958,1.4320842027664185,-0.004339680075645447,0.007625649683177471,0.003883038880303502,0.8878320455551147,-0.4600881040096283,-2.1853648525213636,-2.3773906230926514,-1.1503738164901733,-1.3986014127731323,-0.7445383667945862,-1.1450973749160767,-1.3986014127731323
1571.2166666666667,4.7452473640441895,1.4327267408370972,-0.0043397098779678345,0.0076272934675216675,0.0038835080340504646,0.8878332376480103,-0.4600857198238373,-2.1853701381871664,-2.3994157314300537,-1.1493080854415894,-1.3986014127731323,-0.7665960788726807,-1.1429033279418945,-1.3986014127731323
1571.2333333333333,4.745700836181641,1.4333702325820923,-0.004339687526226044,0.007625540718436241,0.003882540622726083,0.8878339529037476,-0.4600841999053955,-2.1853733620432534,-2.421445846557617,-1.1503146886825562,-1.3986014127731323,-0.788646399974823,-1.1444944143295288,-1.3986014127731323
1571.25,4.74615478515625,1.4340133666992188,-0.004339836537837982,0.007627895567566156,0.003884095698595047,0.8878349661827087,-0.460082471370697,-2.185377578828814,-2.4434831142425537,-1.1516860723495483,-1.3986014127731323,-0.8107070922851562,-1.1449191570281982,-1.3986014127731323
1571.2666666666667,4.746608257293701,1.434656023979187,-0.004339590668678284,0.007626490667462349,0.0038820335175842047,0.8878359198570251,-0.4600803852081299,-2.185381925933706,-2.4655206203460693,-1.1490353345870972,-1.3986014127731323,-0.8327714800834656,-1.142347812652588,-1.3986014127731323
1571.2833333333333,4.7470622062683105,1.435299277305603,-0.004339747130870819,0.007626398000866175,0.003883001394569874,0.8878368735313416,-0.46007871627807617,-2.185385916772334,-2.487542152404785,-1.1511096954345703,-1.3986014127731323,-0.8548175096511841,-1.1442220211029053,-1.3986014127731323
1571.3,4.747515678405762,1.435942530632019,-0.0043399035930633545,0.007626963779330254,0.0038827387616038322,0.8878376483917236,-0.4600771963596344,-2.1853893075176907,-2.50958251953125,-1.1511411666870117,-1.3986014127731323,-0.8768811225891113,-1.1443617343902588,-1.3986014127731323
1571.3166666666666,4.747969627380371,1.4365851879119873,-0.004339627921581268,0.007626281585544348,0.0038832686841487885,0.8878386616706848,-0.46007513999938965,-2.1853938244040867,-2.5316162109375,-1.1491144895553589,-1.3986014127731323,-0.898942768573761,-1.1425989866256714,-1.3986014127731323
1571.3333333333333,4.748423099517822,1.4372285604476929,-0.004339732229709625,0.007627363316714764,0.0038818635512143373,0.8878395557403564,-0.4600733816623688,-2.1853977197518066,-2.553640127182007,-1.150715947151184,-1.3986014127731323,-0.9209937453269958,-1.144147515296936,-1.3986014127731323
1571.35,4.74887752532959,1.4378716945648193,-0.004339300096035004,0.00762446504086256,0.0038845997769385576,0.8878405094146729,-0.4600716233253479,-2.185401827605599,-2.575681447982788,-1.1534454822540283,-1.3986014127731323,-0.9430606961250305,-1.144405484199524,-1.3986014127731323
1571.3666666666666,4.749330997467041,1.4385141134262085,-0.004339821636676788,0.00762827368453145,0.003883679863065481,0.8878412246704102,-0.46007025241851807,-2.185404924840754,-2.5977096557617188,-1.1501262187957764,-1.3986014127731323,-0.9651074409484863,-1.142952561378479,-1.3986014127731323
1571.3833333333334,4.749785900115967,1.4391576051712036,-0.004340171813964844,0.007629945874214172,0.0038807764649391174,0.8878422975540161,-0.4600681960582733,-2.1854095198594186,-2.619741201400757,-1.1489908695220947,-1.3986014127731323,-0.9871598482131958,-1.1433418989181519,-1.3986014127731323
1571.4,4.75023889541626,1.4398008584976196,-0.0043403878808021545,0.007630389183759689,0.003881356678903103,0.8878431916236877,-0.46006646752357483,-2.1854134245115526,-2.6417853832244873,-1.1472663879394531,-1.3986014127731323,-1.009225845336914,-1.1433659791946411,-1.3986014127731323
1571.4166666666667,4.750691890716553,1.440443515777588,-0.004339449107646942,0.0076253367587924,0.0038828453980386257,0.8878446221351624,-0.46006375551223755,-2.185419603272768,-2.663817882537842,-1.1478958129882812,-1.3986014127731323,-1.0312961339950562,-1.142106056213379,-1.3986014127731323
1571.4333333333334,4.751145839691162,1.4410868883132935,-0.004339247941970825,0.007623303681612015,0.00388384610414505,0.8878454566001892,-0.460062175989151,-2.1854232119464827,-2.685832977294922,-1.1528618335723877,-1.3986014127731323,-1.0533424615859985,-1.1453872919082642,-1.3986014127731323
1571.45,4.75160026550293,1.4417297840118408,-0.004340171813964844,0.007628169842064381,0.003882657503709197,0.8878464102745056,-0.46006014943122864,-2.185427544968675,-2.7078638076782227,-1.1537843942642212,-1.3986014127731323,-1.0753947496414185,-1.1441045999526978,-1.3986014127731323
1571.4666666666667,4.752053737640381,1.4423725605010986,-0.0043396055698394775,0.007625862490385771,0.0038826747331768274,0.8878471851348877,-0.4600588083267212,-2.185430745792582,-2.729912757873535,-1.1493505239486694,-1.3986014127731323,-1.097460150718689,-1.1423498392105103,-1.3986014127731323
1571.4833333333333,4.752508163452148,1.4430160522460938,-0.004340410232543945,0.007629911880940199,0.0038813785649836063,0.8878483176231384,-0.4600566625595093,-2.185435618941476,-2.7519280910491943,-1.1500155925750732,-1.3986014127731323,-1.119500756263733,-1.1434977054595947,-1.3986014127731323
1571.5,4.752962112426758,1.4436595439910889,-0.004338882863521576,0.007622696924954653,0.0038839601911604404,0.8878486156463623,-0.46005600690841675,-2.1854370202371505,-2.7739920616149902,-1.1520484685897827,-1.3986014127731323,-1.1415892839431763,-1.1442525386810303,-1.3986014127731323
1571.5166666666667,4.753415107727051,1.4443013668060303,-0.004339955747127533,0.007628754712641239,0.0038831422571092844,0.8878493905067444,-0.46005433797836304,-2.185440576333467,-2.796002149581909,-1.1504528522491455,-1.3986014127731323,-1.163621187210083,-1.1432923078536987,-1.3986014127731323
1571.5333333333333,4.753868579864502,1.4449450969696045,-0.004339650273323059,0.007626719307154417,0.0038831974379718304,0.8878503441810608,-0.46005257964134216,-2.185444630507547,-2.818035840988159,-1.1510311365127563,-1.3986014127731323,-1.185679316520691,-1.1445972919464111,-1.3986014127731323
1571.55,4.754323482513428,1.4455881118774414,-0.004340365529060364,0.007631577551364899,0.0038813194260001183,0.8878516554832458,-0.4600500166416168,-2.1854503461075607,-2.840067148208618,-1.151229977607727,-1.3986014127731323,-1.2077414989471436,-1.1429823637008667,-1.3986014127731323
1571.5666666666666,4.754776477813721,1.4462308883666992,-0.0043395161628723145,0.007625160738825798,0.003882193937897682,0.8878525495529175,-0.4600483179092407,-2.185454195909384,-2.862112283706665,-1.1487022638320923,-1.3986014127731323,-1.2298098802566528,-1.142163634300232,-1.3986014127731323
1571.5833333333333,4.755230903625488,1.4468739032745361,-0.004340417683124542,0.007630504202097654,0.0038818297907710075,0.8878538012504578,-0.46004578471183777,-2.185459774382819,-2.884119749069214,-1.1509615182876587,-1.3986014127731323,-1.2518478631973267,-1.143235683441162,-1.3986014127731323
1571.6,4.755684852600098,1.4475177526474,-0.004339821636676788,0.007628072984516621,0.003883094061166048,0.8878545165061951,-0.46004462242126465,-2.185462677019571,-2.906175136566162,-1.1505780220031738,-1.3986014127731323,-1.2739248275756836,-1.1435714960098267,-1.3986014127731323
1571.6166666666666,4.756138801574707,1.448160171508789,-0.004339620471000671,0.007626438979059458,0.0038827010430395603,0.8878555297851562,-0.46004268527030945,-2.185467047862304,-2.9282066822052,-1.1489237546920776,-1.3986014127731323,-1.2959812879562378,-1.1424005031585693,-1.3986014127731323
1571.6333333333334,4.756591796875,1.4488036632537842,-0.004339754581451416,0.007627327926456928,0.003882691264152527,0.8878561854362488,-0.4600412845611572,-2.1854700408512064,-2.9502320289611816,-1.1502413749694824,-1.3986014127731323,-1.3180267810821533,-1.1448938846588135,-1.3986014127731323
1571.65,4.757045745849609,1.4494465589523315,-0.004340529441833496,0.007632042746990919,0.0038817510940134525,0.8878573179244995,-0.460038959980011,-2.185475107846867,-2.9722628593444824,-1.1498994827270508,-1.3986014127731323,-1.3400882482528687,-1.1432613134384155,-1.3986014127731323
1571.6666666666667,4.757499694824219,1.450089693069458,-0.004339441657066345,0.007626147475093603,0.0038828395772725344,0.887858510017395,-0.4600368142127991,-2.1854801291192856,-2.9943084716796875,-1.1481502056121826,-1.3986014127731323,-1.3621629476547241,-1.1419708728790283,-1.3986014127731323
1571.6833333333334,4.75795316696167,1.4507325887680054,-0.0043401047587394714,0.007629532366991043,0.0038826060481369495,0.8878595232963562,-0.4600349962711334,-2.1854844038046894,-3.0163228511810303,-1.1516954898834229,-1.3986014127731323,-1.3841995000839233,-1.1435269117355347,-1.3986014127731323
1571.7,4.758408069610596,1.451375961303711,-0.004339791834354401,0.00762630719691515,0.0038823955692350864,0.8878602981567383,-0.4600335955619812,-2.1854876567351713,-3.0383691787719727,-1.151943325996399,-1.3986014127731323,-1.4062693119049072,-1.1432563066482544,-1.3986014127731323
1571.7166666666667,4.758862018585205,1.4520184993743896,-0.004339680075645447,0.007627446204423904,0.003883093362674117,0.8878610134124756,-0.46003198623657227,-2.1854910210749754,-3.0604028701782227,-1.1494945287704468,-1.3986014127731323,-1.4283232688903809,-1.1426655054092407,-1.3986014127731323
1571.7333333333333,4.759315490722656,1.4526618719100952,-0.0043397098779678345,0.0076269046403467655,0.003882653545588255,0.8878617882728577,-0.46003061532974243,-2.1854942505802772,-3.0824332237243652,-1.1504271030426025,-1.3986014127731323,-1.450371503829956,-1.1445550918579102,-1.3986014127731323
1571.75,4.759769916534424,1.4533050060272217,-0.004339933395385742,0.007628598716109991,0.003882762510329485,0.8878626227378845,-0.46002888679504395,-2.185498009518175,-3.104468822479248,-1.151113748550415,-1.3986014127731323,-1.472434639930725,-1.1443227529525757,-1.3986014127731323
1571.7666666666667,4.760223388671875,1.4539475440979004,-0.004339694976806641,0.007626369595527649,0.0038822353817522526,0.8878637552261353,-0.46002689003944397,-2.1855027185808926,-3.1265034675598145,-1.1491878032684326,-1.3986014127731323,-1.4944968223571777,-1.1426525115966797,-1.3986014127731323
1571.7833333333333,4.760677814483643,1.4545910358428955,-0.004340313374996185,0.007630437146872282,0.0038798311725258827,0.8878647089004517,-0.46002501249313354,-2.1855068694400015,-3.148526191711426,-1.1488410234451294,-1.3986014127731323,-1.5165413618087769,-1.1435587406158447,-1.3986014127731323
1571.8,4.76113224029541,1.4552345275878906,-0.00433938205242157,0.007625608239322901,0.0038835215382277966,0.8878653645515442,-0.4600236415863037,-2.1855098858554944,-3.1705732345581055,-1.151215672492981,-1.3986014127731323,-1.5386203527450562,-1.1448516845703125,-1.3986014127731323
1571.8166666666666,4.761585235595703,1.4558767080307007,-0.004339821636676788,0.007626484148204327,0.003881804645061493,0.8878664374351501,-0.4600215554237366,-2.185514533531967,-3.192593574523926,-1.1497068405151367,-1.3986014127731323,-1.5606684684753418,-1.1430050134658813,-1.3986014127731323
1571.8333333333333,4.762039661407471,1.4565200805664062,-0.0043397992849349976,0.007627780083566904,0.003882991150021553,0.8878673315048218,-0.46001991629600525,-2.185518363622586,-3.2146196365356445,-1.151268482208252,-1.3986014127731323,-1.582718849182129,-1.1447043418884277,-1.3986014127731323
1571.85,4.76249361038208,1.4571635723114014,-0.004339486360549927,0.007624574471265078,0.003882807679474354,0.8878679275512695,-0.46001875400543213,-2.185520949078121,-3.2366669178009033,-1.1520624160766602,-1.3986014127731323,-1.6047872304916382,-1.1447124481201172,-1.3986014127731323
1571.8666666666666,4.762946605682373,1.4578057527542114,-0.004339858889579773,0.007627750281244516,0.0038825927767902613,0.8878688216209412,-0.4600169062614441,-2.1855249711680393,-3.2586917877197266,-1.1500509977340698,-1.3986014127731323,-1.6268373727798462,-1.1431878805160522,-1.3986014127731323
1571.8833333333334,4.763401031494141,1.4584492444992065,-0.00434015691280365,0.007629723288118839,0.0038802693597972393,0.8878700733184814,-0.4600146412849426,-2.1855302178859604,-3.280719518661499,-1.150144100189209,-1.3986014127731323,-1.6488879919052124,-1.1434476375579834,-1.3986014127731323
1571.9,4.763855457305908,1.459092617034912,-0.004340402781963348,0.007631272543221712,0.0038812952116131783,0.8878708481788635,-0.46001291275024414,-2.185533854608663,-3.3027634620666504,-1.14850652217865,-1.3986014127731323,-1.6709526777267456,-1.1433709859848022,-1.3986014127731323
1571.9166666666667,4.764309406280518,1.45973539352417,-0.00433947890996933,0.007625861559063196,0.0038825594820082188,0.8878722786903381,-0.46001046895980835,-2.1855397524955555,-3.324801206588745,-1.1480538845062256,-1.3986014127731323,-1.6930241584777832,-1.1420855522155762,-1.3986014127731323
1571.9333333333334,4.764762878417969,1.4603785276412964,-0.004340037703514099,0.0076290154829621315,0.003882349468767643,0.8878732323646545,-0.46000856161117554,-2.18554397700212,-3.346815347671509,-1.1511503458023071,-1.3986014127731323,-1.715061902999878,-1.1435155868530273,-1.3986014127731323
1571.95,4.76521635055542,1.461021900177002,-0.0043394118547439575,0.007625230588018894,0.0038835161831229925,0.887873649597168,-0.4600077271461487,-2.1855458291370042,-3.3688621520996094,-1.1525647640228271,-1.3986014127731323,-1.7371362447738647,-1.1438953876495361,-1.3986014127731323
1571.9666666666667,4.765669822692871,1.4616641998291016,-0.004339739680290222,0.007627060636878014,0.0038824817165732384,0.8878743648529053,-0.46000614762306213,-2.1855491289198383,-3.390890121459961,-1.1497191190719604,-1.3986014127731323,-1.75918447971344,-1.1427310705184937,-1.3986014127731323
1571.9833333333333,4.766124725341797,1.4623072147369385,-0.004340372979640961,0.0076308054849505424,0.003881199052557349,0.887875497341156,-0.46000397205352783,-2.1855540317547004,-3.4129111766815186,-1.1500566005706787,-1.3986014127731323,-1.7812310457229614,-1.1433064937591553,-1.3986014127731323
1572.0,4.766578674316406,1.4629510641098022,-0.004340335726737976,0.007630460429936647,0.003880822565406561,0.8878763318061829,-0.46000272035598755,-2.1855572827871006,-3.434964895248413,-1.147577166557312,-1.3986014127731323,-1.8032989501953125,-1.143782615661621,-1.3986014127731323
1572.0166666666667,4.767032146453857,1.4635937213897705,-0.004339471459388733,0.0076256864704191685,0.0038821499329060316,0.8878776431083679,-0.4599999785423279,-2.18556320756281,-3.4569971561431885,-1.1479920148849487,-1.3986014127731323,-1.825369119644165,-1.1421880722045898,-1.3986014127731323
1572.0333333333333,4.767486572265625,1.4642367362976074,-0.004339911043643951,0.00762812327593565,0.00388242001645267,0.8878785967826843,-0.45999813079833984,-2.185567378160029,-3.479011297225952,-1.1514313220977783,-1.3986014127731323,-1.8474092483520508,-1.144891619682312,-1.3986014127731323
1572.05,4.767940521240234,1.4648802280426025,-0.00433918833732605,0.007623795419931412,0.003883602563291788,0.8878791332244873,-0.4599969685077667,-2.185569846672215,-3.5010604858398438,-1.1521246433258057,-1.3986014127731323,-1.8694818019866943,-1.145766019821167,-1.3986014127731323
1572.0666666666666,4.768393516540527,1.4655224084854126,-0.004339814186096191,0.007626429200172424,0.003881724551320076,0.887880265712738,-0.459994912147522,-2.185574609671198,-3.5230815410614014,-1.1499017477035522,-1.3986014127731323,-1.8915313482284546,-1.1431353092193604,-1.3986014127731323
1572.0833333333333,4.7688493728637695,1.4661662578582764,-0.004338622093200684,0.007620682939887047,0.0038852840662002563,0.8878811597824097,-0.4599931240081787,-2.1855786119301284,-3.5451104640960693,-1.1553715467453003,-1.3986014127731323,-1.9135961532592773,-1.1467599868774414,-1.3986014127731323
1572.1,4.7693023681640625,1.4668089151382446,-0.004339538514614105,0.007625169586390257,0.0038835499435663223,0.8878813982009888,-0.45999258756637573,-2.185579709570043,-3.567152261734009,-1.1527260541915894,-1.3986014127731323,-1.935640811920166,-1.1468133926391602,-1.3986014127731323
1572.1166666666666,4.769755840301514,1.4674514532089233,-0.004339754581451416,0.007626691833138466,0.003881860291585326,0.887882649898529,-0.45999038219451904,-2.1855849069371027,-3.5891811847686768,-1.1498651504516602,-1.3986014127731323,-1.9577008485794067,-1.1430824995040894,-1.3986014127731323
1572.1333333333334,4.770210266113281,1.4680947065353394,-0.0043397992849349976,0.007626508362591267,0.003881688928231597,0.8878835439682007,-0.45998862385749817,-2.1855888234429077,-3.611207962036133,-1.1509366035461426,-1.3986014127731323,-1.9797545671463013,-1.1444011926651,-1.3986014127731323
1572.15,4.770663738250732,1.4687379598617554,-0.004339776933193207,0.007627325598150492,0.003882437711581588,0.8878841996192932,-0.4599872827529907,-2.185591771520531,-3.633253812789917,-1.1506600379943848,-1.3986014127731323,-2.0018179416656494,-1.1451530456542969,-1.3986014127731323
1572.1666666666667,4.7711181640625,1.4693807363510132,-0.004339627921581268,0.007625730708241463,0.003881546203047037,0.8878853917121887,-0.4599849283695221,-2.185596983428672,-3.655282974243164,-1.1490892171859741,-1.3986014127731323,-2.023879051208496,-1.142672061920166,-1.3986014127731323
1572.1833333333334,4.771571159362793,1.4700236320495605,-0.004340343177318573,0.007631111890077591,0.003881092183291912,0.8878862857818604,-0.4599831700325012,-2.1856009188013292,-3.6773087978363037,-1.1486047506332397,-1.3986014127731323,-2.0459225177764893,-1.143656611442566,-1.3986014127731323
1572.2,4.7720255851745605,1.4706670045852661,-0.004339873790740967,0.007628426421433687,0.003881875891238451,0.887887179851532,-0.45998135209083557,-2.1856049057118705,-3.6993515491485596,-1.1504709720611572,-1.3986014127731323,-2.0679962635040283,-1.1437835693359375,-1.3986014127731323
1572.2166666666667,4.77247953414917,1.4713094234466553,-0.0043396130204200745,0.007627393119037151,0.003882714780047536,0.8878882527351379,-0.459979385137558,-2.1856094778170463,-3.721381664276123,-1.1489700078964233,-1.3986014127731323,-2.0900537967681885,-1.142467737197876,-1.3986014127731323
1572.2333333333333,4.772933006286621,1.4719527959823608,-0.0043402984738349915,0.007630210369825363,0.003880668431520462,0.8878893256187439,-0.4599774479866028,-2.1856139746479197,-3.743403434753418,-1.1492602825164795,-1.3986014127731323,-2.112095594406128,-1.1434952020645142,-1.3986014127731323
1572.25,4.773388385772705,1.4725960493087769,-0.004339858889579773,0.0076273707672953606,0.0038818693719804287,0.8878903388977051,-0.45997536182403564,-2.185618527263735,-3.765446424484253,-1.1509627103805542,-1.3986014127731323,-2.1341731548309326,-1.1428143978118896,-1.3986014127731323
1572.2666666666667,4.773841857910156,1.473238468170166,-0.004339620471000671,0.007626279257237911,0.003882033284753561,0.8878912329673767,-0.45997363328933716,-2.18562241643108,-3.7874796390533447,-1.1489901542663574,-1.3986014127731323,-2.15622878074646,-1.1423430442810059,-1.3986014127731323
1572.2833333333333,4.774295806884766,1.473881483078003,-0.004340432584285736,0.0076318588107824326,0.003879709867760539,0.8878923654556274,-0.45997148752212524,-2.1856272747363588,-3.8094966411590576,-1.1496275663375854,-1.3986014127731323,-2.1782734394073486,-1.1426928043365479,-1.3986014127731323
1572.3,4.774750709533691,1.4745250940322876,-0.004339687526226044,0.007627133745700121,0.0038821413181722164,0.8878932595252991,-0.45997002720832825,-2.1856309215847745,-3.831547260284424,-1.1501072645187378,-1.3986014127731323,-2.2003490924835205,-1.1436561346054077,-1.3986014127731323
1572.3166666666666,4.775203704833984,1.475167155265808,-0.004339665174484253,0.007626816630363464,0.003882166463881731,0.8878942728042603,-0.4599679708480835,-2.185635429734815,-3.85357403755188,-1.1490445137023926,-1.3986014127731323,-2.2224037647247314,-1.1425763368606567,-1.3986014127731323
1572.3333333333333,4.775658130645752,1.4758106470108032,-0.004340805113315582,0.00763259083032608,0.003879563882946968,0.8878956437110901,-0.45996516942977905,-2.1856415198960883,-3.875586748123169,-1.1494346857070923,-1.3986014127731323,-2.2444400787353516,-1.1429215669631958,-1.3986014127731323
1572.35,4.776113510131836,1.476454257965088,-0.00433986634016037,0.007627552375197411,0.0038811243139207363,0.8878962993621826,-0.45996391773223877,-2.1856443676635258,-3.8976454734802246,-1.1495254039764404,-1.3986014127731323,-2.2665271759033203,-1.142303466796875,-1.3986014127731323
1572.3666666666666,4.776567459106445,1.477096438407898,-0.004339590668678284,0.007626410573720932,0.003882077755406499,0.8878973126411438,-0.45996201038360596,-2.185648739430774,-3.919673442840576,-1.1486889123916626,-1.3986014127731323,-2.2885801792144775,-1.1422269344329834,-1.3986014127731323
1572.3833333333334,4.777021408081055,1.477739691734314,-0.004339814186096191,0.007627560291439295,0.0038817226886749268,0.8878979682922363,-0.4599606990814209,-2.185651634825333,-3.9416959285736084,-1.1499367952346802,-1.3986014127731323,-2.3106236457824707,-1.1449668407440186,-1.3986014127731323
1572.4,4.777474880218506,1.47838294506073,-0.004339896142482758,0.007627565413713455,0.003881701035425067,0.887898862361908,-0.4599590301513672,-2.18565546390442,-3.9637372493743896,-1.1499650478363037,-1.3986014127731323,-2.332690715789795,-1.144781231880188,-1.3986014127731323
1572.4166666666667,4.777928829193115,1.4790250062942505,-0.004339635372161865,0.007627091836184263,0.003882181365042925,0.887900173664093,-0.4599565863609314,-2.185661084673941,-3.985767126083374,-1.1489598751068115,-1.3986014127731323,-2.354752779006958,-1.1426674127578735,-1.3986014127731323
1572.4333333333334,4.778382778167725,1.4796687364578247,-0.0043397024273872375,0.00762689346447587,0.003881667274981737,0.8879008889198303,-0.459955096244812,-2.18566429513926,-4.007792949676514,-1.1501086950302124,-1.3986014127731323,-2.376798391342163,-1.1455388069152832,-1.3986014127731323
1572.45,4.778837203979492,1.4803117513656616,-0.004339359700679779,0.007623955141752958,0.0038825625088065863,0.8879017233848572,-0.4599534869194031,-2.185667928372915,-4.0298333168029785,-1.151904821395874,-1.3986014127731323,-2.398871660232544,-1.1454402208328247,-1.3986014127731323
1572.4666666666667,4.779290676116943,1.4809539318084717,-0.0043399035930633545,0.007628472987562418,0.0038819587789475918,0.8879027366638184,-0.45995140075683594,-2.1856724752772485,-4.051854133605957,-1.150165319442749,-1.3986014127731323,-2.4209203720092773,-1.1433875560760498,-1.3986014127731323
1572.4833333333333,4.779745101928711,1.4815974235534668,-0.004339694976806641,0.007627961225807667,0.0038825571537017822,0.8879037499427795,-0.45994964241981506,-2.185676689619155,-4.073886394500732,-1.1514273881912231,-1.3986014127731323,-2.442976236343384,-1.1440479755401611,-1.3986014127731323
1572.5,4.7801995277404785,1.4822405576705933,-0.004339925944805145,0.007627592422068119,0.003881215350702405,0.887904167175293,-0.45994865894317627,-2.185678655928285,-4.095931529998779,-1.1501717567443848,-1.3986014127731323,-2.4650378227233887,-1.144441843032837,-1.3986014127731323
1572.5166666666667,4.78065299987793,1.4828827381134033,-0.004339754581451416,0.00762871652841568,0.0038824710063636303,0.887905478477478,-0.45994627475738525,-2.185684239497445,-4.117959976196289,-1.1493898630142212,-1.3986014127731323,-2.487098217010498,-1.1429989337921143,-1.3986014127731323
1572.5333333333333,4.781107425689697,1.483526349067688,-0.004339657723903656,0.007626991253346205,0.0038817492313683033,0.8879063725471497,-0.4599446654319763,-2.1856879847603556,-4.139985084533691,-1.1512198448181152,-1.3986014127731323,-2.5091464519500732,-1.1445894241333008,-1.3986014127731323
1572.55,4.781561851501465,1.484169363975525,-0.004339754581451416,0.0076270997524261475,0.0038823061622679234,0.8879070281982422,-0.45994341373443604,-2.18569083406603,-4.1620259284973145,-1.152366280555725,-1.305361270904541,-2.5312113761901855,-1.1442562341690063,-1.305361270904541
1572.5666666666666,4.7819976806640625,1.4847861528396606,-0.004343636333942413,0.007643164601176977,0.003891066648066044,0.8879077434539795,-0.45994144678115845,-2.185694805563056,-4.183175086975098,-1.0818475484848022,-1.2121212482452393,-2.552386522293091,-1.0753191709518433,-1.2121212482452393
1572.5833333333333,4.782403945922852,1.4853616952896118,-0.0043435171246528625,0.007645603269338608,0.0038925998378545046,0.8879088759422302,-0.45993921160697937,-2.1856998245255403,-4.202883720397949,-0.9858320355415344,-1.118881106376648,-2.5721232891082764,-0.979637086391449,-1.118881106376648
1572.6,4.782776832580566,1.48589026927948,-0.004340134561061859,0.007633238565176725,0.0038832537829875946,0.8879100680351257,-0.45993727445602417,-2.1857043788766934,-4.220983982086182,-0.872779905796051,-1.0256409645080566,-2.590257167816162,-0.8652366399765015,-1.0256409645080566
1572.6166666666666,4.783119201660156,1.4863749742507935,-0.004346147179603577,0.00765668461099267,0.0038977060467004776,0.8879112005233765,-0.45993471145629883,-2.1857101062620705,-4.237617015838623,-0.7914087176322937,-1.0256409645080566,-2.606923818588257,-0.7842826247215271,-1.0256409645080566
1572.6333333333334,4.783447265625,1.4868398904800415,-0.004335649311542511,0.007616252172738314,0.00387709797360003,0.8879119753837585,-0.45993393659591675,-2.1857121124262884,-4.253530979156494,-0.7386414408683777,-0.8391608595848083,-2.622861623764038,-0.7304420471191406,-0.8391608595848083
1572.65,4.7837371826171875,1.4872504472732544,-0.004350528120994568,0.007689473684877157,0.003920041024684906,0.8879123330116272,-0.4599316120147705,-2.185716597775817,-4.267570495605469,-0.7119726538658142,-0.745920717716217,-2.6369311809539795,-0.7037634253501892,-0.745920717716217
1572.6666666666667,4.783984184265137,1.4876009225845337,-0.004338793456554413,0.00762784993276,0.0038799114990979433,0.88791424036026,-0.45992931723594666,-2.1857223274690054,-4.279579162597656,-0.45222151279449463,-0.6526806354522705,-2.648975372314453,-0.4428291618824005,-0.6526806354522705
1572.6833333333334,4.784200668334961,1.4879066944122314,-0.004349894821643829,0.007676310837268829,0.003910418599843979,0.8879150748252869,-0.4599267244338989,-2.185727837937449,-4.290038585662842,-0.41670042276382446,-0.559440553188324,-2.659475088119507,-0.40678808093070984,-0.559440553188324
1572.7,4.784383296966553,1.4881644248962402,-0.004341527819633484,0.007637235336005688,0.0038877627812325954,0.8879163265228271,-0.4599250555038452,-2.185731850750631,-4.298859596252441,-0.2406911700963974,-0.46620047092437744,-2.668325662612915,-0.2323365956544876,-0.46620047092437744
1572.7166666666667,4.784533977508545,1.488378643989563,-0.00435289740562439,0.007691523525863886,0.003916688729077578,0.8879170417785645,-0.459922730922699,-2.1857367974376167,-4.306185245513916,-0.2158604860305786,-0.46620047092437744,-2.675675868988037,-0.21182496845722198,-0.46620047092437744
1572.7333333333333,4.784670829772949,1.4885683059692383,-0.004340328276157379,0.007623227313160896,0.0039028385654091835,0.8879132866859436,-0.45993107557296753,-2.1857187374650087,-4.312760353088379,-0.19360505044460297,-0.279720276594162,-2.682137966156006,-0.16280841827392578,-0.279720276594162
1572.75,4.784767150878906,1.4887021780014038,-0.004360727965831757,0.007770390249788761,0.003969008568674326,0.8879071474075317,-0.4599398970603943,-2.185697251366608,-4.317508697509766,-0.22379031777381897,-0.18648017942905426,-2.686743974685669,-0.2044946551322937,-0.18648017942905426
1572.7666666666667,4.784821033477783,1.4887787103652954,-0.004339814186096191,0.0076263705268502235,0.003893050365149975,0.8879039883613586,-0.4599491059780121,-2.1856780229988204,-4.320169448852539,0.09620193392038345,-0.09324008971452713,-2.6892921924591064,0.11392945796251297,-0.09324008971452713
1572.7833333333333,4.784845352172852,1.4888112545013428,-0.004362568259239197,0.007717496249824762,0.003947757184505463,0.8879005312919617,-0.45995378494262695,-2.1856666305437527,-4.321351528167725,0.17446693778038025,-3.396661410796052e-16,-2.6903953552246094,0.17867696285247803,-3.396661410796052e-16
1572.8,4.784843921661377,1.488808274269104,-0.004346251487731934,0.007642816752195358,0.003908459097146988,0.8879045844078064,-0.4599473178386688,-2.1856816743284724,-4.321186065673828,-0.07836393266916275,0.0,-2.6903300285339355,0.05558408424258232,0.0
1572.8166666666666,4.784853935241699,1.4888238906860352,-0.004361085593700409,0.007838031277060509,0.004004701040685177,0.8878911733627319,-0.45996910333633423,-2.1856305545052948,-4.321920871734619,0.040704645216464996,0.0,-2.6907169818878174,0.046661458909511566,0.0
1572.8333333333333,4.784855365753174,1.4888241291046143,-0.004336930811405182,0.00761528080329299,0.0038899939972907305,0.8878975510597229,-0.4599616825580597,-2.185649760775804,-4.321824550628662,-0.11420655995607376,0.0,-2.6907670497894287,0.10394937545061111,0.0
1572.85,4.78486442565918,1.4888396263122559,-0.004363745450973511,0.007816757075488567,0.003996024839580059,0.8878763318061829,-0.4599981904029846,-2.1855652788723314,-4.322659015655518,0.04444997012615204,0.0,-2.691025495529175,0.044051457196474075,0.0
1572.8666666666666,4.784866809844971,1.4888397455215454,-0.0043363794684410095,0.007614314090460539,0.00388919236138463,0.887883186340332,-0.45998936891555786,-2.1855873188805535,-4.32255220413208,-0.10480184853076935,0.0,-2.6910762786865234,0.10604481399059296,0.0
1572.8833333333334,4.784875392913818,1.4888540506362915,-0.0043638721108436584,0.00781366229057312,0.00399446114897728,0.8878644108772278,-0.4600214660167694,-2.1855131236984593,-4.32331657409668,0.05012625455856323,0.0,-2.6913464069366455,0.045465804636478424,0.0
1572.9,4.784876823425293,1.4888545274734497,-0.004336215555667877,0.0076135010458528996,0.003888713661581278,0.8878701329231262,-0.46001461148262024,-2.1855304984895363,-4.323232650756836,-0.09491688758134842,0.0,-2.691391706466675,0.10945440828800201,0.0
1572.9166666666667,4.784884452819824,1.4888676404953003,-0.0043640583753585815,0.007807526737451553,0.003992651589214802,0.8878530263900757,-0.46004343032836914,-2.185463565255858,-4.323943138122559,0.054846636950969696,0.0,-2.6916518211364746,0.04662856087088585,0.0
1572.9333333333334,4.784885883331299,1.4888681173324585,-0.004336155951023102,0.007612989284098148,0.003887768369168043,0.8878591060638428,-0.4600359797477722,-2.18548244400872,-4.323851108551025,-0.09017613530158997,0.0,-2.691694736480713,0.10993000119924545,0.0
1572.95,4.784893989562988,1.4888806343078613,-0.004364266991615295,0.007806744892150164,0.003992896527051926,0.8878433108329773,-0.46006226539611816,-2.1854212398700326,-4.32452392578125,0.05684409290552139,0.0,-2.691957950592041,0.046098437160253525,0.0
1572.9666666666667,4.784895420074463,1.4888811111450195,-0.004336059093475342,0.007612557150423527,0.003886982798576355,0.887848973274231,-0.4600556492805481,-2.1854382539913595,-4.324437618255615,-0.08936021476984024,0.0,-2.691993236541748,0.11045343428850174,0.0
1572.9833333333333,4.784903049468994,1.4888935089111328,-0.0043642520904541016,0.007805648259818554,0.003992768470197916,0.887833833694458,-0.46008050441741943,-2.1853800812801043,-4.325089454650879,0.059492334723472595,0.0,-2.692267894744873,0.044796306639909744,0.0
1573.0,4.784904479980469,1.4888936281204224,-0.004336118698120117,0.007613730616867542,0.0038873497396707535,0.8878398537635803,-0.4600730836391449,-2.1853987884255703,-4.325000762939453,-0.08924394100904465,0.0,-2.6922950744628906,0.108162522315979,0.0
1573.0166666666667,4.784912586212158,1.488906741142273,-0.004360809922218323,0.00775518361479044,0.003966969903558493,0.8878260254859924,-0.4600968360900879,-2.1853440431547804,-4.325645923614502,0.06277903914451599,0.0,-2.692580461502075,0.04480676352977753,0.0
1573.0333333333333,4.784913539886475,1.4889068603515625,-0.004337884485721588,0.007618993520736694,0.0038897255435585976,0.8878309726715088,-0.4600902795791626,-2.185360194504258,-4.325568199157715,-0.08504379540681839,0.0,-2.6926159858703613,0.10718534886837006,0.0
1573.05,4.784921169281006,1.4889189004898071,-0.004363790154457092,0.007805389352142811,0.003992975223809481,0.8878177404403687,-0.46011167764663696,-2.185310001525928,-4.326192378997803,0.0641019269824028,0.0,-2.6928913593292236,0.04488470032811165,0.0
1573.0666666666666,4.7849225997924805,1.4889191389083862,-0.004336163401603699,0.007613599766045809,0.0038864617235958576,0.8878235220909119,-0.4601046144962311,-2.1853277539402045,-4.326093673706055,-0.08412494510412216,0.0,-2.6929256916046143,0.1101972833275795,0.0
1573.0833333333333,4.784929275512695,1.4889308214187622,-0.0043641552329063416,0.007807159796357155,0.003994198050349951,0.8878113031387329,-0.46012407541275024,-2.1852820772038375,-4.326685905456543,0.06485829502344131,0.0,-2.6932213306427,0.04306788742542267,0.0
1573.1,4.78493070602417,1.4889311790466309,-0.00433601438999176,0.007612814195454121,0.0038861718494445086,0.8878172636032104,-0.4601168930530548,-2.18530033079302,-4.326590061187744,-0.08098156750202179,0.0,-2.6932482719421387,0.11061833053827286,0.0
1573.1166666666666,4.784938335418701,1.4889426231384277,-0.004364281892776489,0.007807946298271418,0.00399445416405797,0.8878062963485718,-0.4601336717605591,-2.1852603879230523,-4.327157497406006,0.06610160320997238,0.0,-2.69354510307312,0.041395559906959534,0.0
1573.1333333333334,4.784939289093018,1.488943338394165,-0.004335850477218628,0.0076127685606479645,0.003885742276906967,0.8878113031387329,-0.4601283669471741,-2.185274438877096,-4.327093601226807,-0.07030991464853287,0.0,-2.6935696601867676,0.11613617837429047,0.0
1573.15,4.784946441650391,1.4889538288116455,-0.004364334046840668,0.007804783061146736,0.003993145655840635,0.8878016471862793,-0.4601428806781769,-2.185239890887813,-4.327606678009033,0.0668635293841362,0.0,-2.693864345550537,0.04351484403014183,0.0
1573.1666666666667,4.784947395324707,1.4889543056488037,-0.004335902631282806,0.007612325716763735,0.0038856081664562225,0.8878069519996643,-0.4601368010044098,-2.185255480471886,-4.327526092529297,-0.07317505031824112,0.0,-2.6938955783843994,0.11466420441865921,0.0
1573.1833333333334,4.784953594207764,1.4889651536941528,-0.004364326596260071,0.0078040603548288345,0.003993012011051178,0.8877969980239868,-0.4601515531539917,-2.1852199803828625,-4.32805871963501,0.06756069511175156,0.0,-2.694182872772217,0.04294288158416748,0.0
1573.2,4.7849555015563965,1.4889655113220215,-0.004335947334766388,0.007613762281835079,0.0038864496164023876,0.8878027200698853,-0.460144579410553,-2.185237505544775,-4.327964782714844,-0.06989321112632751,0.0,-2.6942138671875,0.114455446600914,0.0
1573.2166666666667,4.784962177276611,1.4889761209487915,-0.004364185035228729,0.007805615663528442,0.00399463577196002,0.8877930641174316,-0.46015918254852295,-2.1852028833759,-4.328481674194336,0.06879335641860962,0.0,-2.6945066452026367,0.04454946890473366,0.0
1573.2333333333333,4.784963130950928,1.4889769554138184,-0.004335805773735046,0.007613046560436487,0.0038853283040225506,0.8877975344657898,-0.4601547122001648,-2.185214806962385,-4.328425407409668,-0.0608043372631073,0.0,-2.6945319175720215,0.11983517557382584,0.0
1573.25,4.784970283508301,1.4889870882034302,-0.004360981285572052,0.0077494168654084206,0.003965185489505529,0.8877898454666138,-0.4601668119430542,-2.185186534608758,-4.328898906707764,0.06996579468250275,0.0,-2.6948161125183105,0.04569322243332863,0.0
1573.2666666666667,4.784970283508301,1.488987684249878,-0.0043376535177230835,0.007619716227054596,0.0038881180807948112,0.8877933621406555,-0.46016258001327515,-2.185196947460182,-4.328851222991943,-0.05435425415635109,0.0,-2.6948306560516357,0.11556757986545563,0.0
1573.2833333333333,4.784976482391357,1.488996982574463,-0.0043638646602630615,0.007800038903951645,0.003992116078734398,0.8877865076065063,-0.460172176361084,-2.1851739510216937,-4.329295635223389,0.06999045610427856,0.0,-2.6951160430908203,0.04666416347026825,0.0
1573.3,4.784977912902832,1.4889975786209106,-0.004336006939411163,0.0076132360845804214,0.003885150421410799,0.8877916932106018,-0.4601660966873169,-2.185189296637604,-4.32921028137207,-0.06137289106845856,0.0,-2.6951489448547363,0.11818990111351013,0.0
1573.3166666666666,4.784984111785889,1.4890071153640747,-0.004364386200904846,0.0078012533485889435,0.003992537967860699,0.8877834677696228,-0.46017783880233765,-2.1851609601415505,-4.329686641693115,0.07070831209421158,0.0,-2.6954309940338135,0.04588128626346588,0.0
1573.3333333333333,4.784984588623047,1.4890081882476807,-0.004335813224315643,0.0076133254915475845,0.0038844458758831024,0.8877876996994019,-0.46017369627952576,-2.1851720313912737,-4.329630374908447,-0.05311834439635277,0.0,-2.6954431533813477,0.1211419627070427,0.0
1573.35,4.7849907875061035,1.4890170097351074,-0.0043644532561302185,0.0077997492626309395,0.003991917707026005,0.8877813816070557,-0.4601820111274719,-2.185151720943125,-4.330053806304932,0.07097991555929184,0.0,-2.695734977722168,0.04558199271559715,0.0
1573.3666666666666,4.784992218017578,1.4890179634094238,-0.004335746169090271,0.007611983921378851,0.0038844554219394922,0.8877859711647034,-0.4601770341396332,-2.185164509351308,-4.329981803894043,-0.053969115018844604,0.0,-2.695756673812866,0.12092162668704987,0.0
1573.3833333333334,4.784998416900635,1.4890269041061401,-0.004364527761936188,0.00779836717993021,0.0039912378415465355,0.8877790570259094,-0.4601864814758301,-2.185141610526229,-4.330423355102539,0.0710565596818924,0.0,-2.6960341930389404,0.04718437418341637,0.0
1573.4,4.784998893737793,1.489027500152588,-0.004335664212703705,0.007612849120050669,0.0038851757999509573,0.8877835273742676,-0.4601817727088928,-2.185153882347848,-4.330355644226074,-0.05279381945729256,0.0,-2.6960668563842773,0.12246547639369965,0.0
1573.4166666666667,4.78500509262085,1.4890371561050415,-0.00436120480298996,0.007746141403913498,0.003963499795645475,0.8877773284912109,-0.46019089221954346,-2.1851321473809455,-4.330788612365723,0.07155352830886841,0.0,-2.696337938308716,0.045866988599300385,0.0
1573.4333333333334,4.785004615783691,1.4890373945236206,-0.00433763861656189,0.007619131822139025,0.0038881534710526466,0.8877816796302795,-0.4601852595806122,-2.1851460230529427,-4.330711841583252,-0.051963306963443756,0.0,-2.6963698863983154,0.11570587754249573,0.0
1573.45,4.7850117683410645,1.4890464544296265,-0.004363931715488434,0.007799496408551931,0.003992182202637196,0.8877761363983154,-0.4601920247077942,-2.185129035676732,-4.331125259399414,0.07101555913686752,0.0,-2.6966655254364014,0.04325215891003609,0.0
1573.4666666666667,4.785012722015381,1.4890471696853638,-0.004335850477218628,0.007613056339323521,0.0038847243413329124,0.8877805471420288,-0.46018746495246887,-2.1851409788316047,-4.331063270568848,-0.04638136550784111,0.0,-2.696685552597046,0.12101583927869797,0.0
1573.4833333333333,4.785018444061279,1.4890557527542114,-0.004364542663097382,0.007796653546392918,0.003990573808550835,0.8877744078636169,-0.46019554138183594,-2.1851212879675117,-4.331479549407959,0.07052670419216156,0.0,-2.6969547271728516,0.048828430473804474,0.0
1573.5,4.785019397735596,1.4890563488006592,-0.004335753619670868,0.007612420711666346,0.0038843746297061443,0.8877792954444885,-0.4601900577545166,-2.1851353458683103,-4.331395626068115,-0.050330813974142075,0.0,-2.696988344192505,0.12260628491640091,0.0
1573.5166666666667,4.785024642944336,1.489065170288086,-0.0043645501136779785,0.007797133643180132,0.0039909714832901955,0.8877723217010498,-0.4601994454860687,-2.1851123550441702,-4.331823825836182,0.07160518318414688,0.0,-2.6972575187683105,0.047904133796691895,0.0
1573.5333333333333,4.785025596618652,1.4890656471252441,-0.0043357908725738525,0.007612716406583786,0.0038843010552227497,0.8877775073051453,-0.4601935148239136,-2.1851275661068352,-4.3317389488220215,-0.04947132617235184,0.0,-2.6972780227661133,0.12113335728645325,0.0
1573.55,4.785031795501709,1.48907470703125,-0.004364572465419769,0.007797884289175272,0.003991423174738884,0.887771487236023,-0.46020108461380005,-2.1851087115903085,-4.332157611846924,0.07167894393205643,0.0,-2.697553873062134,0.045690637081861496,0.0
1573.5666666666666,4.785032749176025,1.4890755414962769,-0.004335612058639526,0.007612386252731085,0.0038844032678753138,0.8877759575843811,-0.46019652485847473,-2.185120810369281,-4.332095623016357,-0.04411740228533745,0.0,-2.697589874267578,0.12331649661064148,0.0
1573.5833333333333,4.785038471221924,1.4890837669372559,-0.004364669322967529,0.007795803248882294,0.0039905766025185585,0.887769877910614,-0.46020394563674927,-2.1851019380784407,-4.332497596740723,0.07115048915147781,0.0,-2.6978538036346436,0.04863373935222626,0.0
1573.6,4.78503942489624,1.4890846014022827,-0.0043356940150260925,0.0076127685606479645,0.0038840072229504585,0.8877745270729065,-0.460199236869812,-2.1851146349160673,-4.332428932189941,-0.04609442502260208,0.0,-2.6978797912597656,0.12329325824975967,0.0
1573.6166666666666,4.7850446701049805,1.4890930652618408,-0.004364617168903351,0.0077965352684259415,0.0039908685721457005,0.8877683281898499,-0.46020710468292236,-2.185095038937114,-4.332838535308838,0.07163867354393005,0.0,-2.698145866394043,0.04798923805356026,0.0
1573.6333333333334,4.785045146942139,1.4890936613082886,-0.004335641860961914,0.007611672859638929,0.0038838787004351616,0.8877729177474976,-0.460202157497406,-2.1851078209824957,-4.332760810852051,-0.042501386255025864,0.0,-2.6981730461120605,0.12407519668340683,0.0
1573.65,4.785050868988037,1.4891018867492676,-0.0043647512793540955,0.007794844917953014,0.003989778459072113,0.8877679109573364,-0.4602080285549164,-2.1850930719585278,-4.3331499099731445,0.07142841070890427,0.0,-2.6984379291534424,0.04643211513757706,0.0
1573.6666666666667,4.785051345825195,1.4891023635864258,-0.004335783421993256,0.0076125552877783775,0.0038842023350298405,0.8877731561660767,-0.4602019190788269,-2.1851086413731218,-4.3330607414245605,-0.048709649592638016,0.0,-2.698465347290039,0.12100868672132492,0.0
1573.6833333333334,4.785057067871094,1.4891107082366943,-0.004364512860774994,0.007797429338097572,0.0039913952350616455,0.887767493724823,-0.4602087140083313,-2.185091428325194,-4.333461761474609,0.07216544449329376,0.0,-2.6987524032592773,0.04470088332891464,0.0
1573.7,4.785058498382568,1.489111304283142,-0.004335835576057434,0.007613859139382839,0.0038848216645419598,0.8877722024917603,-0.4602035880088806,-2.185104690446364,-4.333375930786133,-0.04529668018221855,0.0,-2.6987602710723877,0.12055982649326324,0.0
1573.7166666666667,4.785063743591309,1.4891198873519897,-0.0043644532561302185,0.007798701524734497,0.0039922697469592094,0.8877660632133484,-0.46021148562431335,-2.1850852238250087,-4.333784103393555,0.07129599899053574,0.0,-2.699036121368408,0.0480123795568943,0.0
1573.7333333333333,4.785064220428467,1.489120602607727,-0.004335746169090271,0.007612456567585468,0.0038840025663375854,0.8877708315849304,-0.4602063298225403,-2.1850986088111597,-4.333703994750977,-0.04443027824163437,0.0,-2.699058771133423,0.1230199784040451,0.0
1573.75,4.785069465637207,1.4891287088394165,-0.004364609718322754,0.007795852143317461,0.003990367986261845,0.887765645980835,-0.4602123498916626,-2.1850832946347247,-4.334097862243652,0.07151925563812256,0.0,-2.699334144592285,0.04701497033238411,0.0
1573.7666666666667,4.785070896148682,1.4891294240951538,-0.004335805773735046,0.0076134093105793,0.00388447567820549,0.8877707123756409,-0.4602067470550537,-2.185097913451978,-4.3340163230896,-0.0446489080786705,0.0,-2.699349880218506,0.12169723212718964,0.0
1573.7833333333333,4.785076141357422,1.4891377687454224,-0.004364617168903351,0.007797978352755308,0.003991466015577316,0.8877652287483215,-0.46021315455436707,-2.1850815154567362,-4.334415435791016,0.07157596945762634,0.0,-2.699622869491577,0.04699064791202545,0.0
1573.8,4.7850775718688965,1.4891382455825806,-0.00433572381734848,0.007612285669893026,0.0038835497107356787,0.8877702355384827,-0.46020734310150146,-2.1850961475414565,-4.33433198928833,-0.04270247370004654,0.0,-2.6996524333953857,0.1225878894329071,0.0
1573.8166666666666,4.785081386566162,1.4891465902328491,-0.004364624619483948,0.007796179968863726,0.003990788944065571,0.8877645134925842,-0.4602145552635193,-2.1850783622048473,-4.3347272872924805,0.07159384340047836,0.0,-2.6999213695526123,0.04772038757801056,0.0
1573.8333333333333,4.785083293914795,1.4891467094421387,-0.004335939884185791,0.007613618392497301,0.0038849064148962498,0.88777095079422,-0.46020612120628357,-2.1850991296829454,-4.334601879119873,-0.052990954369306564,0.0,-2.6999499797821045,0.11716045439243317,0.0
1573.85,4.785088539123535,1.4891555309295654,-0.004364408552646637,0.007801644969731569,0.00399361178278923,0.8877649307250977,-0.4602135419845581,-2.185080476262288,-4.335023403167725,0.07285422831773758,0.0,-2.700244903564453,0.043610814958810806,0.0
1573.8666666666666,4.785089492797852,1.4891560077667236,-0.004335805773735046,0.007614066358655691,0.0038848696276545525,0.8877698183059692,-0.4602082669734955,-2.1850942486881495,-4.334939956665039,-0.0414280965924263,0.0,-2.70025634765625,0.1205054223537445,0.0
1573.8833333333334,4.78509521484375,1.4891648292541504,-0.004361152648925781,0.007746482267975807,0.003964711911976337,0.8877648711204529,-0.46021485328674316,-2.1850781046993504,-4.335333347320557,0.07060404866933823,0.0,-2.700529098510742,0.0487053208053112,0.0
1573.9,4.785096168518066,1.4891650676727295,-0.004337713122367859,0.007620174437761307,0.0038878503255546093,0.8877692222595215,-0.46020936965942383,-2.1850917978157707,-4.3352556228637695,-0.0440414659678936,0.0,-2.700549602508545,0.1174849197268486,0.0
1573.9166666666667,4.785100936889648,1.489173173904419,-0.004363901913166046,0.0077987369149923325,0.003992374986410141,0.8877636194229126,-0.460216224193573,-2.1850745802469094,-4.335653781890869,0.07137264311313629,0.0,-2.7008326053619385,0.047920774668455124,0.0
1573.9333333333334,4.785102367401123,1.4891735315322876,-0.004336051642894745,0.0076135252602398396,0.003884438890963793,0.8877691030502319,-0.4602096676826477,-2.1850911069579144,-4.335553169250488,-0.0465935617685318,0.0,-2.700847625732422,0.12022775411605835,0.0
1573.95,4.7851080894470215,1.4891819953918457,-0.004364445805549622,0.007797922007739544,0.003991558216512203,0.8877634406089783,-0.4602166414260864,-2.1850737073493898,-4.3359551429748535,0.07208535075187683,0.0,-2.7011287212371826,0.04549724981188774,0.0
1573.9666666666667,4.78510856628418,1.4891830682754517,-0.004335746169090271,0.0076137688010931015,0.003884210716933012,0.8877675533294678,-0.4602126479148865,-2.185084377298699,-4.335890293121338,-0.03869950771331787,0.0,-2.701143264770508,0.12276692688465118,0.0
1573.9833333333333,4.785113334655762,1.489190936088562,-0.004364609718322754,0.007794991135597229,0.003990245051681995,0.8877626657485962,-0.4602181911468506,-2.1850702410000133,-4.3362627029418945,0.07104300707578659,0.0,-2.701418399810791,0.04832149296998978,0.0
1574.0,4.785114288330078,1.4891914129257202,-0.004335805773735046,0.007614215835928917,0.0038846125826239586,0.8877675533294678,-0.4602126181125641,-2.185084418435189,-4.336180210113525,-0.042111966758966446,0.0,-2.7014381885528564,0.12264377623796463,0.0
1574.0166666666667,4.785119533538818,1.4891997575759888,-0.004364587366580963,0.007795411162078381,0.003990401513874531,0.8877624869346619,-0.4602184295654297,-2.1850695782548586,-4.336566925048828,0.07153161615133286,0.0,-2.701709747314453,0.04693230614066124,0.0
1574.0333333333333,4.785120487213135,1.489200472831726,-0.004335768520832062,0.0076125627383589745,0.003883951110765338,0.8877675533294678,-0.4602125585079193,-2.185084457833235,-4.336487293243408,-0.041225820779800415,0.0,-2.701737403869629,0.12220726907253265,0.0
1574.05,4.785125255584717,1.489208459854126,-0.004364579916000366,0.007795393466949463,0.0039908322505652905,0.8877627849578857,-0.46021774411201477,-2.185070996067331,-4.336857318878174,0.07198917120695114,0.0,-2.702021360397339,0.04617079347372055,0.0
1574.0666666666666,4.785126686096191,1.4892088174819946,-0.00433582067489624,0.007612934336066246,0.0038842977955937386,0.8877683877944946,-0.4602108597755432,-2.1850881847557404,-4.336758136749268,-0.04423334077000618,0.0,-2.7020411491394043,0.1200558990240097,0.0
1574.0833333333333,4.78513240814209,1.4892171621322632,-0.004364624619483948,0.007797325029969215,0.003991506993770599,0.887763500213623,-0.46021655201911926,-2.185073936349369,-4.337151527404785,0.07177125662565231,0.0,-2.702320098876953,0.04577833414077759,0.0
1574.1,4.785133361816406,1.4892178773880005,-0.00433572381734848,0.007613965310156345,0.003884263802319765,0.8877678513526917,-0.46021193265914917,-2.1850858182284583,-4.3370866775512695,-0.04097849130630493,0.0,-2.7023427486419678,0.12219436466693878,0.0
1574.1166666666666,4.7851386070251465,1.4892268180847168,-0.004361152648925781,0.007744827773422003,0.003964085131883621,0.8877627849578857,-0.46021905541419983,-2.185068834655444,-4.3374738693237305,0.07107743620872498,0.0,-2.7026166915893555,0.04977746307849884,0.0
1574.1333333333334,4.785139083862305,1.4892268180847168,-0.004337675869464874,0.007620255928486586,0.0038875662721693516,0.8877671957015991,-0.4602131247520447,-2.185083142211805,-4.337400913238525,-0.04203210398554802,0.0,-2.7026450634002686,0.11740350723266602,0.0
1574.15,4.785144329071045,1.4892350435256958,-0.004363954067230225,0.007796003483235836,0.0039910003542900085,0.8877624273300171,-0.4602184295654297,-2.1850694528079435,-4.337785720825195,0.07162231206893921,0.0,-2.7029266357421875,0.046078771352767944,0.0
1574.1666666666667,4.785145282745361,1.4892358779907227,-0.004336059093475342,0.007614629343152046,0.0038848253898322582,0.8877676129341125,-0.4602126181125641,-2.1850845662231126,-4.337696552276611,-0.047591663897037506,0.0,-2.7029457092285156,0.12002383917570114,0.0
1574.1833333333334,4.785151481628418,1.4892441034317017,-0.004364416003227234,0.007797759026288986,0.003991551231592894,0.887762725353241,-0.46021801233291626,-2.1850706069029115,-4.338088035583496,0.07261104136705399,0.0,-2.7032418251037598,0.04456164687871933,0.0
1574.2,4.785152435302734,1.489245057106018,-0.004335738718509674,0.0076133194379508495,0.0038848179392516613,0.8877672553062439,-0.460213303565979,-2.185083010426127,-4.338009834289551,-0.039556022733449936,0.0,-2.7032594680786133,0.12193382531404495,0.0
1574.2166666666667,4.785157203674316,1.4892528057098389,-0.004364721477031708,0.007796546444296837,0.003990768920630217,0.887762188911438,-0.4602190852165222,-2.1850682136744926,-4.338399410247803,0.07049956917762756,0.0,-2.7035253047943115,0.048901792615652084,0.0
1574.2333333333333,4.785157680511475,1.489253282546997,-0.00433582067489624,0.007614315953105688,0.0038844444788992405,0.8877672553062439,-0.46021318435668945,-2.1850831288817254,-4.338311672210693,-0.04601728171110153,0.0,-2.70354962348938,0.12185516953468323,0.0
1574.25,4.785163402557373,1.4892618656158447,-0.004364445805549622,0.007796682883054018,0.0039910804480314255,0.8877618908882141,-0.46021950244903564,-2.185067087291139,-4.338701248168945,0.07254109531641006,0.0,-2.7038352489471436,0.04466458410024643,0.0
1574.2666666666667,4.7851643562316895,1.489262342453003,-0.004335880279541016,0.0076134963892400265,0.003884362056851387,0.8877671957015991,-0.46021339297294617,-2.185082768552126,-4.338619709014893,-0.04086348041892052,0.0,-2.7038486003875732,0.11969729512929916,0.0
1574.2833333333333,4.785170078277588,1.4892704486846924,-0.004364572465419769,0.007797858212143183,0.003992059733718634,0.8877621293067932,-0.46021923422813416,-2.1850679542770273,-4.338999271392822,0.0714535117149353,0.0,-2.7041327953338623,0.04729511961340904,0.0
1574.3,4.785171031951904,1.4892712831497192,-0.004335761070251465,0.007613026071339846,0.0038836521562188864,0.8877666592597961,-0.4602144956588745,-2.185080350289591,-4.338932037353516,-0.03932415693998337,0.0,-2.70414400100708,0.12226022034883499,0.0
1574.3166666666666,4.785175323486328,1.4892791509628296,-0.004364565014839172,0.007796036079525948,0.003991138655692339,0.8877611756324768,-0.46022093296051025,-2.185063925057749,-4.339310646057129,0.07137146592140198,0.0,-2.7044200897216797,0.0488690584897995,0.0
1574.3333333333333,4.785175800323486,1.4892792701721191,-0.004335835576057434,0.00761380884796381,0.00388458464294672,0.8877667784690857,-0.4602140784263611,-2.185081083597623,-4.339210033416748,-0.045481495559215546,0.0,-2.7044384479522705,0.12021280080080032,0.0
1574.35,4.785181522369385,1.489288091659546,-0.004364565014839172,0.007796774618327618,0.00399099662899971,0.8877618312835693,-0.46021971106529236,-2.1850667309794014,-4.339601516723633,0.07265113294124603,0.0,-2.7047202587127686,0.043011151254177094,0.0
1574.3666666666666,4.785182952880859,1.489288568496704,-0.004335880279541016,0.007612826302647591,0.003884155536070466,0.8877675533294678,-0.4602125883102417,-2.185084432899954,-4.339499473571777,-0.04358283802866936,0.0,-2.70474910736084,0.11888153105974197,0.0
1574.3833333333334,4.7851881980896,1.489296317100525,-0.004364460706710815,0.007798457518219948,0.003992506302893162,0.8877625465393066,-0.4602183401584625,-2.185069871535326,-4.339883804321289,0.07193686813116074,0.0,-2.7050418853759766,0.046432022005319595,0.0
1574.4,4.785188674926758,1.4892969131469727,-0.0043358877301216125,0.007613717578351498,0.0038843993097543716,0.887767493724823,-0.46021273732185364,-2.185084148244131,-4.339797019958496,-0.04253781586885452,0.0,-2.7050399780273438,0.11993729323148727,0.0
1574.4166666666667,4.785194396972656,1.489305019378662,-0.004364535212516785,0.007798022124916315,0.003991728648543358,0.8877625465393066,-0.46021831035614014,-2.18506988289329,-4.340181350708008,0.07181000709533691,0.0,-2.705324411392212,0.0459238737821579,0.0
1574.4333333333334,4.7851948738098145,1.4893056154251099,-0.004335783421993256,0.0076138656586408615,0.0038847867399454117,0.8877674341201782,-0.4602128267288208,-2.1850839243529094,-4.340096473693848,-0.04147312045097351,0.0,-2.705340623855591,0.1214226707816124,0.0
1574.45,4.785200595855713,1.4893139600753784,-0.004364587366580963,0.007796391844749451,0.003990803379565477,0.8877623677253723,-0.4602186679840088,-2.185069064864129,-4.340478897094727,0.07179122418165207,0.0,-2.7056169509887695,0.04608544707298279,0.0
1574.4666666666667,4.785201072692871,1.4893146753311157,-0.004335746169090271,0.007613030262291431,0.0038837012834846973,0.8877670764923096,-0.4602135419845581,-2.1850823170271325,-4.340414047241211,-0.038436565548181534,0.0,-2.705636978149414,0.12176235020160675,0.0
1574.4833333333333,4.785205841064453,1.4893226623535156,-0.004364661872386932,0.00779501348733902,0.003990409895777702,0.8877620100975037,-0.4602193236351013,-2.1850675305864296,-4.34078311920166,0.07154002785682678,0.0,-2.705913782119751,0.04783330485224724,0.0
1574.5,4.7852067947387695,1.4893230199813843,-0.004335850477218628,0.007613515015691519,0.0038843140937387943,0.8877678513526917,-0.4602118730545044,-2.185085878299122,-4.340683937072754,-0.04733017086982727,0.0,-2.7059426307678223,0.11890870332717896,0.0
1574.5166666666667,4.785212516784668,1.4893317222595215,-0.004364505410194397,0.007798859849572182,0.003992581740021706,0.887762725353241,-0.46021801233291626,-2.185070634683774,-4.3410773277282715,0.07302512973546982,0.0,-2.706233263015747,0.04351513087749481,0.0
1574.5333333333333,4.785213947296143,1.4893321990966797,-0.0043358877301216125,0.007614288479089737,0.003884590696543455,0.8877681493759155,-0.4602116346359253,-2.1850868385569786,-4.340994834899902,-0.04079980030655861,0.0,-2.706254005432129,0.11878415197134018,0.0
1574.55,4.785219669342041,1.4893407821655273,-0.004361100494861603,0.007746213115751743,0.003965192474424839,0.8877631425857544,-0.46021831035614014,-2.1850704760017607,-4.341384410858154,0.07105828076601028,0.0,-2.7065348625183105,0.0491076223552227,0.0
1574.5666666666666,4.785219669342041,1.4893412590026855,-0.004337668418884277,0.007620949763804674,0.003887810744345188,0.8877667784690857,-0.4602140784263611,-2.185081184911636,-4.341324329376221,-0.04203524813055992,0.0,-2.7065470218658447,0.11756275594234467,0.0
1574.5833333333333,4.7852253913879395,1.489349365234375,-0.0043639615178108215,0.007796577177941799,0.003991106059402227,0.8877625465393066,-0.4602183699607849,-2.1850698015172387,-4.341697692871094,0.07213220000267029,0.0,-2.7068357467651367,0.04456891492009163,0.0
1574.6,4.785226821899414,1.4893503189086914,-0.004335902631282806,0.007612348068505526,0.0038840253837406635,0.8877673745155334,-0.4602130055427551,-2.1850835768195767,-4.341611385345459,-0.045397620648145676,0.0,-2.7068634033203125,0.12054268270730972,0.0
1574.6166666666666,4.785232067108154,1.4893581867218018,-0.004364602267742157,0.0077982875518500805,0.003992078360170126,0.8877619504928589,-0.4602196216583252,-2.1850671360253444,-4.342014789581299,0.07200157642364502,0.0,-2.7071423530578613,0.04727952927350998,0.0
1574.6333333333334,4.7852325439453125,1.489358901977539,-0.0043357908725738525,0.007614093832671642,0.0038844209630042315,0.8877661228179932,-0.46021538972854614,-2.1850781841951354,-4.341944694519043,-0.039012204855680466,0.0,-2.707143545150757,0.12196976691484451,0.0
1574.65,4.785238265991211,1.4893672466278076,-0.004364609718322754,0.007796014659106731,0.003990674391388893,0.8877612948417664,-0.4602206349372864,-2.1850645024905297,-4.342316150665283,0.07172342389822006,0.0,-2.707420587539673,0.04662761464715004,0.0
1574.6666666666667,4.785238265991211,1.4893678426742554,-0.004335686564445496,0.007613880559802055,0.003884278703480959,0.8877658247947693,-0.4602160155773163,-2.1850768327904384,-4.342254161834717,-0.03717668727040291,0.0,-2.7074501514434814,0.12304452806711197,0.0
1574.6833333333334,4.785243988037109,1.4893763065338135,-0.004361279308795929,0.007742573041468859,0.003962942399084568,0.8877621293067932,-0.4602203667163849,-2.185065902184238,-4.342605113983154,0.07214458286762238,0.0,-2.7077295780181885,0.045498643070459366,0.0
1574.7,4.785243988037109,1.4893767833709717,-0.00433766096830368,0.007620088756084442,0.0038874857127666473,0.8877661824226379,-0.4602150321006775,-2.1850787843061963,-4.342541694641113,-0.039788033813238144,0.0,-2.7077512741088867,0.11555822193622589,0.0
1574.7166666666667,4.785250186920166,1.4893848896026611,-0.00436391681432724,0.007795966230332851,0.003991455305367708,0.8877626657485962,-0.4602178931236267,-2.185070577183351,-4.342893600463867,0.07209498435258865,0.0,-2.708057403564453,0.04408106580376625,0.0
1574.7333333333333,4.785250663757324,1.4893852472305298,-0.0043359845876693726,0.007614743430167437,0.003885136218741536,0.8877677917480469,-0.4602122902870178,-2.1850853330443325,-4.342819690704346,-0.03949662297964096,0.0,-2.708078145980835,0.11978724598884583,0.0
1574.75,4.785256862640381,1.4893934726715088,-0.00436459481716156,0.007795871235430241,0.003990783356130123,0.8877633810043335,-0.46021658182144165,-2.18507360047632,-4.343188762664795,0.07187651097774506,0.0,-2.7083561420440674,0.044794630259275436,0.0
