# Exported from USD: /create_3/base_link/visuals/mesh_1
mtllib mesh_1.mtl

g mesh_1
v 0.15150000 -0.00949584 0.09016656
v 0.15150000 -0.00949584 0.09390000
v 0.14977211 -0.00933731 0.09016656
v 0.14977211 -0.00933731 0.09016656
v 0.15150000 -0.00949584 0.09390000
v 0.14951980 -0.00928707 0.09203329
v 0.14977211 -0.00933731 0.09016656
v 0.14951980 -0.00928707 0.09203329
v 0.14800461 -0.00882912 0.09016656
v 0.14800461 -0.00882912 0.09016656
v 0.14951980 -0.00928707 0.09203329
v 0.14750680 -0.00861542 0.09203329
v 0.14800461 -0.00882912 0.09016656
v 0.14750680 -0.00861542 0.09203329
v 0.14630380 -0.00794797 0.09016656
v 0.14630380 -0.00794797 0.09016656
v 0.14750680 -0.00861542 0.09203329
v 0.14562421 -0.00745959 0.09203329
v 0.14630380 -0.00794797 0.09016656
v 0.14562421 -0.00745959 0.09203329
v 0.14478542 -0.00671457 0.09016656
v 0.14478542 -0.00671457 0.09016656
v 0.14562421 -0.00745959 0.09203329
v 0.14404042 -0.00587584 0.09203329
v 0.14478542 -0.00671457 0.09016656
v 0.14404042 -0.00587584 0.09203329
v 0.14355201 -0.00519622 0.09016656
v 0.14355201 -0.00519622 0.09016656
v 0.14404042 -0.00587584 0.09203329
v 0.14288461 -0.00399319 0.09203329
v 0.14355201 -0.00519622 0.09016656
v 0.14288461 -0.00399319 0.09203329
v 0.14267091 -0.00349537 0.09016656
v 0.14267091 -0.00349537 0.09016656
v 0.14288461 -0.00399319 0.09203329
v 0.14221291 -0.00198021 0.09203329
v 0.14267091 -0.00349537 0.09016656
v 0.14221291 -0.00198021 0.09203329
v 0.14216271 -0.00172789 0.09016656
v 0.14216271 -0.00172789 0.09016656
v 0.14221291 -0.00198021 0.09203329
v 0.14200421 0.00000000 0.09203329
v 0.14216271 -0.00172789 0.09016656
v 0.14200421 0.00000000 0.09203329
v 0.14200421 0.00000000 0.09016656
v 0.14200421 0.00000000 0.09016656
v 0.14200421 0.00000000 0.09203329
v 0.14216271 0.00172790 0.09016656
v 0.14216271 0.00172790 0.09016656
v 0.14200421 0.00000000 0.09203329
v 0.14221291 0.00198022 0.09203329
v 0.14216271 0.00172790 0.09016656
v 0.14221291 0.00198022 0.09203329
v 0.14267091 0.00349537 0.09016656
v 0.14267091 0.00349537 0.09016656
v 0.14221291 0.00198022 0.09203329
v 0.14267091 0.00349537 0.09203329
v 0.14267091 0.00349537 0.09016656
v 0.14267091 0.00349537 0.09203329
v 0.14340360 0.00496175 0.09203329
v 0.14340360 0.00496175 0.09203329
v 0.14267091 0.00349537 0.09203329
v 0.14267091 0.00349537 0.09390000
v 0.14340360 0.00496175 0.09203329
v 0.14267091 0.00349537 0.09390000
v 0.14355201 0.00519622 0.09390000
v 0.15150000 -0.00949584 0.09390000
v 0.14977211 -0.00933731 0.09390000
v 0.14951980 -0.00928707 0.09203329
v 0.14951980 -0.00928707 0.09203329
v 0.14977211 -0.00933731 0.09390000
v 0.14800461 -0.00882912 0.09390000
v 0.14951980 -0.00928707 0.09203329
v 0.14800461 -0.00882912 0.09390000
v 0.14750680 -0.00861542 0.09203329
v 0.14750680 -0.00861542 0.09203329
v 0.14800461 -0.00882912 0.09390000
v 0.14630380 -0.00794797 0.09390000
v 0.14750680 -0.00861542 0.09203329
v 0.14630380 -0.00794797 0.09390000
v 0.14562421 -0.00745959 0.09203329
v 0.14562421 -0.00745959 0.09203329
v 0.14630380 -0.00794797 0.09390000
v 0.14478542 -0.00671457 0.09390000
v 0.14562421 -0.00745959 0.09203329
v 0.14478542 -0.00671457 0.09390000
v 0.14404042 -0.00587584 0.09203329
v 0.14404042 -0.00587584 0.09203329
v 0.14478542 -0.00671457 0.09390000
v 0.14355201 -0.00519622 0.09390000
v 0.14404042 -0.00587584 0.09203329
v 0.14355201 -0.00519622 0.09390000
v 0.14288461 -0.00399319 0.09203329
v 0.14288461 -0.00399319 0.09203329
v 0.14355201 -0.00519622 0.09390000
v 0.14267091 -0.00349537 0.09390000
v 0.14288461 -0.00399319 0.09203329
v 0.14267091 -0.00349537 0.09390000
v 0.14221291 -0.00198021 0.09203329
v 0.14221291 -0.00198021 0.09203329
v 0.14267091 -0.00349537 0.09390000
v 0.14216271 -0.00172789 0.09390000
v 0.14221291 -0.00198021 0.09203329
v 0.14216271 -0.00172789 0.09390000
v 0.14200421 0.00000000 0.09203329
v 0.14200421 0.00000000 0.09203329
v 0.14216271 -0.00172789 0.09390000
v 0.14200421 0.00000000 0.09390000
v 0.14200421 0.00000000 0.09203329
v 0.14200421 0.00000000 0.09390000
v 0.14216271 0.00172790 0.09390000
v 0.14200421 0.00000000 0.09203329
v 0.14216271 0.00172790 0.09390000
v 0.14221291 0.00198022 0.09203329
v 0.14221291 0.00198022 0.09203329
v 0.14216271 0.00172790 0.09390000
v 0.14267091 0.00349537 0.09390000
v 0.14221291 0.00198022 0.09203329
v 0.14267091 0.00349537 0.09390000
v 0.14267091 0.00349537 0.09203329
v 0.14340360 0.00496175 0.09203329
v 0.14355201 0.00519622 0.09390000
v 0.14440021 0.00630586 0.09203329
v 0.14440021 0.00630586 0.09203329
v 0.14355201 0.00519622 0.09390000
v 0.14478542 0.00671458 0.09390000
v 0.14440021 0.00630586 0.09203329
v 0.14478542 0.00671458 0.09390000
v 0.14562421 0.00745960 0.09203329
v 0.14562421 0.00745960 0.09203329
v 0.14478542 0.00671458 0.09390000
v 0.14630380 0.00794798 0.09390000
v 0.14562421 0.00745960 0.09203329
v 0.14630380 0.00794798 0.09390000
v 0.14701711 0.00837106 0.09203329
v 0.14701711 0.00837106 0.09203329
v 0.14630380 0.00794798 0.09390000
v 0.14800461 0.00882913 0.09390000
v 0.14701711 0.00837106 0.09203329
v 0.14800461 0.00882913 0.09390000
v 0.14850782 0.00901210 0.09203329
v 0.14850782 0.00901210 0.09203329
v 0.14800461 0.00882913 0.09390000
v 0.14977211 0.00933732 0.09390000
v 0.14850782 0.00901210 0.09203329
v 0.14977211 0.00933732 0.09390000
v 0.15002361 0.00938037 0.09203329
v 0.15002361 0.00938037 0.09203329
v 0.14977211 0.00933732 0.09390000
v 0.15150000 0.00949585 0.09390000
v 0.15002361 0.00938037 0.09203329
v 0.15150000 0.00949585 0.09390000
v 0.15150000 0.00949585 0.09016656
v 0.15150000 0.00949585 0.09016656
v 0.14977211 0.00933732 0.09016656
v 0.15002361 0.00938037 0.09203329
v 0.15002361 0.00938037 0.09203329
v 0.14977211 0.00933732 0.09016656
v 0.14850782 0.00901210 0.09203329
v 0.14977211 0.00933732 0.09016656
v 0.14800461 0.00882913 0.09016656
v 0.14850782 0.00901210 0.09203329
v 0.14850782 0.00901210 0.09203329
v 0.14800461 0.00882913 0.09016656
v 0.14701711 0.00837106 0.09203329
v 0.14800461 0.00882913 0.09016656
v 0.14630380 0.00794798 0.09016656
v 0.14701711 0.00837106 0.09203329
v 0.14701711 0.00837106 0.09203329
v 0.14630380 0.00794798 0.09016656
v 0.14562421 0.00745960 0.09203329
v 0.14630380 0.00794798 0.09016656
v 0.14478542 0.00671458 0.09016656
v 0.14562421 0.00745960 0.09203329
v 0.14562421 0.00745960 0.09203329
v 0.14478542 0.00671458 0.09016656
v 0.14440021 0.00630586 0.09203329
v 0.14478542 0.00671458 0.09016656
v 0.14355201 0.00519622 0.09016656
v 0.14440021 0.00630586 0.09203329
v 0.14440021 0.00630586 0.09203329
v 0.14355201 0.00519622 0.09016656
v 0.14340360 0.00496175 0.09203329
v 0.14355201 0.00519622 0.09016656
v 0.14267091 0.00349537 0.09016656
v 0.14340360 0.00496175 0.09203329
v 0.02470289 0.15215790 0.07940001
v 0.01147699 0.15372221 0.07940001
v 0.02268838 0.15335511 0.07932211
v 0.02268838 0.15335511 0.07932211
v 0.01147699 0.15372221 0.07940001
v 0.01058629 0.15484831 0.07928513
v 0.02268838 0.15335511 0.07932211
v 0.01058629 0.15484831 0.07928513
v 0.02281903 0.15423821 0.07907351
v 0.02281903 0.15423821 0.07907351
v 0.01058629 0.15484831 0.07928513
v 0.00972034 0.15594311 0.07893397
v 0.02281903 0.15423821 0.07907351
v 0.00972034 0.15594311 0.07893397
v 0.02294508 0.15509021 0.07864368
v 0.02294508 0.15509021 0.07864368
v 0.00972034 0.15594311 0.07893397
v 0.00902409 0.15682331 0.07843650
v 0.02294508 0.15509021 0.07864368
v 0.00902409 0.15682331 0.07843650
v 0.02305859 0.15585741 0.07804205
v 0.02305859 0.15585741 0.07804205
v 0.00902409 0.15682331 0.07843650
v 0.00839590 0.15761751 0.07774590
v 0.02305859 0.15585741 0.07804205
v 0.00839590 0.15761751 0.07774590
v 0.02315246 0.15649182 0.07729910
v 0.02315246 0.15649182 0.07729910
v 0.00839590 0.15761751 0.07774590
v 0.00795090 0.15818012 0.07701660
v 0.02315246 0.15649182 0.07729910
v 0.00795090 0.15818012 0.07701660
v 0.02322187 0.15696111 0.07646152
v 0.02322187 0.15696111 0.07646152
v 0.00795090 0.15818012 0.07701660
v 0.00761027 0.15861070 0.07615599
v 0.02322187 0.15696111 0.07646152
v 0.00761027 0.15861070 0.07615599
v 0.02326504 0.15725291 0.07558300
v 0.02326504 0.15725291 0.07558300
v 0.00761027 0.15861070 0.07615599
v 0.00742594 0.15884371 0.07532801
v 0.02326504 0.15725291 0.07558300
v 0.00742594 0.15884371 0.07532801
v 0.02127118 0.15765961 0.07471403
v 0.02127118 0.15765961 0.07471403
v 0.00742594 0.15884371 0.07532801
v 0.00736768 0.15891741 0.07471403
v 0.02127118 0.15765961 0.07471403
v 0.03544302 0.15508971 0.07471403
v 0.02326504 0.15725291 0.07558300
v 0.02326504 0.15725291 0.07558300
v 0.03544302 0.15508971 0.07471403
v 0.03948670 0.15398221 0.07558300
v 0.02326504 0.15725291 0.07558300
v 0.03948670 0.15398221 0.07558300
v 0.03941344 0.15369651 0.07646152
v 0.03941344 0.15369651 0.07646152
v 0.03948670 0.15398221 0.07558300
v 0.05565319 0.14858921 0.07646152
v 0.03941344 0.15369651 0.07646152
v 0.05565319 0.14858921 0.07646152
v 0.05548682 0.14814501 0.07729910
v 0.05548682 0.14814501 0.07729910
v 0.05565319 0.14858921 0.07646152
v 0.07142096 0.14115521 0.07729910
v 0.05548682 0.14814501 0.07729910
v 0.07142096 0.14115521 0.07729910
v 0.07113140 0.14058290 0.07804205
v 0.07113140 0.14058290 0.07804205
v 0.07142096 0.14115521 0.07729910
v 0.08641957 0.13173790 0.07804205
v 0.07113140 0.14058290 0.07804205
v 0.08641957 0.13173790 0.07804205
v 0.08599418 0.13108951 0.07864368
v 0.08599418 0.13108951 0.07864368
v 0.08641957 0.13173790 0.07804205
v 0.10030209 0.12049462 0.07864368
v 0.08599418 0.13108951 0.07864368
v 0.10030209 0.12049462 0.07864368
v 0.09975111 0.11983262 0.07907351
v 0.09975111 0.11983262 0.07907351
v 0.10030209 0.12049462 0.07864368
v 0.11277410 0.10766681 0.07907351
v 0.09975111 0.11983262 0.07907351
v 0.11277410 0.10766681 0.07907351
v 0.11212840 0.10705032 0.07932211
v 0.11212840 0.10705032 0.07932211
v 0.11277410 0.10766681 0.07907351
v 0.12361190 0.09355564 0.07932211
v 0.11212840 0.10705032 0.07932211
v 0.12361190 0.09355564 0.07932211
v 0.11298550 0.10486441 0.07940001
v 0.11298550 0.10486441 0.07940001
v 0.12361190 0.09355564 0.07932211
v 0.12270910 0.09329911 0.07940001
v 0.12270910 0.09329911 0.07940001
v 0.12361190 0.09355564 0.07932211
v 0.13121590 0.08089902 0.07940001
v 0.13121590 0.08089902 0.07940001
v 0.12361190 0.09355564 0.07932211
v 0.13342181 0.07893777 0.07932211
v 0.13121590 0.08089902 0.07940001
v 0.13342181 0.07893777 0.07932211
v 0.13841121 0.06785711 0.07940001
v 0.13841121 0.06785711 0.07940001
v 0.13342181 0.07893777 0.07932211
v 0.14141881 0.06350815 0.07932211
v 0.13841121 0.06785711 0.07940001
v 0.14141881 0.06350815 0.07932211
v 0.14424071 0.05437717 0.07940001
v 0.14424071 0.05437717 0.07940001
v 0.14141881 0.06350815 0.07932211
v 0.14753802 0.04759292 0.07932211
v 0.14424071 0.05437717 0.07940001
v 0.14753802 0.04759292 0.07932211
v 0.14869002 0.04066376 0.07940000
v 0.14869002 0.04066376 0.07940000
v 0.14753802 0.04759292 0.07932211
v 0.15178780 0.03151219 0.07932210
v 0.14869002 0.04066376 0.07940000
v 0.15178780 0.03151219 0.07932210
v 0.15178251 0.02691314 0.07940000
v 0.15178251 0.02691314 0.07940000
v 0.15178780 0.03151219 0.07932210
v 0.15424131 0.01556187 0.07932210
v 0.15178251 0.02691314 0.07940000
v 0.15424131 0.01556187 0.07932210
v 0.15357481 0.01330566 0.07940000
v 0.15357481 0.01330566 0.07940000
v 0.15424131 0.01556187 0.07932210
v 0.15502430 0.00000001 0.07932210
v 0.15357481 0.01330566 0.07940000
v 0.15502430 0.00000001 0.07932210
v 0.15415011 0.00000000 0.07940000
v 0.15415011 0.00000000 0.07940000
v 0.15502430 0.00000001 0.07932210
v 0.15357481 -0.01330566 0.07940000
v 0.15357481 -0.01330566 0.07940000
v 0.15502430 0.00000001 0.07932210
v 0.15424131 -0.01556186 0.07932210
v 0.15357481 -0.01330566 0.07940000
v 0.15424131 -0.01556186 0.07932210
v 0.15178251 -0.02691313 0.07940000
v 0.15178251 -0.02691313 0.07940000
v 0.15424131 -0.01556186 0.07932210
v 0.15178780 -0.03151217 0.07932210
v 0.15178251 -0.02691313 0.07940000
v 0.15178780 -0.03151217 0.07932210
v 0.14869002 -0.04066374 0.07940000
v 0.14869002 -0.04066374 0.07940000
v 0.15178780 -0.03151217 0.07932210
v 0.14877391 -0.04357615 0.07932210
v 0.14869002 -0.04066374 0.07940000
v 0.14877391 -0.04357615 0.07932210
v 0.14424071 -0.05437716 0.07940000
v 0.14424071 -0.05437716 0.07940000
v 0.14877391 -0.04357615 0.07932210
v 0.14471421 -0.05559085 0.07932210
v 0.14424071 -0.05437716 0.07940000
v 0.14471421 -0.05559085 0.07932210
v 0.13841121 -0.06785709 0.07940000
v 0.13841121 -0.06785709 0.07940000
v 0.14471421 -0.05559085 0.07932210
v 0.13959430 -0.06742386 0.07932210
v 0.13841121 -0.06785709 0.07940000
v 0.13959430 -0.06742386 0.07932210
v 0.13342181 -0.07893775 0.07932210
v 0.13342181 -0.07893775 0.07932210
v 0.13959430 -0.06742386 0.07932210
v 0.14039820 -0.06781215 0.07907350
v 0.13342181 -0.07893775 0.07932210
v 0.14039820 -0.06781215 0.07907350
v 0.13419020 -0.07939236 0.07907350
v 0.13419020 -0.07939236 0.07907350
v 0.14039820 -0.06781215 0.07907350
v 0.14117371 -0.06818673 0.07864367
v 0.13419020 -0.07939236 0.07907350
v 0.14117371 -0.06818673 0.07864367
v 0.13493142 -0.07983090 0.07864367
v 0.13493142 -0.07983090 0.07864367
v 0.14117371 -0.06818673 0.07864367
v 0.14187200 -0.06852400 0.07804204
v 0.13493142 -0.07983090 0.07864367
v 0.14187200 -0.06852400 0.07804204
v 0.13559881 -0.08022580 0.07804204
v 0.13559881 -0.08022580 0.07804204
v 0.14187200 -0.06852400 0.07804204
v 0.14244960 -0.06880297 0.07729909
v 0.13559881 -0.08022580 0.07804204
v 0.14244960 -0.06880297 0.07729909
v 0.13615081 -0.08055238 0.07729909
v 0.13615081 -0.08055238 0.07729909
v 0.14244960 -0.06880297 0.07729909
v 0.14287671 -0.06900926 0.07646151
v 0.13615081 -0.08055238 0.07729909
v 0.14287671 -0.06900926 0.07646151
v 0.13655911 -0.08079389 0.07646151
v 0.13655911 -0.08079389 0.07646151
v 0.14287671 -0.06900926 0.07646151
v 0.14314231 -0.06913754 0.07558299
v 0.13655911 -0.08079389 0.07646151
v 0.14314231 -0.06913754 0.07558299
v 0.13681291 -0.08094410 0.07558299
v 0.13681291 -0.08094410 0.07558299
v 0.14314231 -0.06913754 0.07558299
v 0.14227231 -0.07118716 0.07471402
v 0.13681291 -0.08094410 0.07558299
v 0.14227231 -0.07118716 0.07471402
v 0.13457261 -0.08484828 0.07471402
v 0.03544302 0.15508971 0.07471403
v 0.04970717 0.15112321 0.07471403
v 0.03948670 0.15398221 0.07558300
v 0.03948670 0.15398221 0.07558300
v 0.04970717 0.15112321 0.07471403
v 0.05575665 0.14886542 0.07558300
v 0.03948670 0.15398221 0.07558300
v 0.05575665 0.14886542 0.07558300
v 0.05565319 0.14858921 0.07646152
v 0.05565319 0.14858921 0.07646152
v 0.05575665 0.14886542 0.07558300
v 0.07163510 0.14157841 0.07646152
v 0.05565319 0.14858921 0.07646152
v 0.07163510 0.14157841 0.07646152
v 0.07142096 0.14115521 0.07729910
v 0.07142096 0.14115521 0.07729910
v 0.07163510 0.14157841 0.07646152
v 0.08677138 0.13227421 0.07729910
v 0.07142096 0.14115521 0.07729910
v 0.08677138 0.13227421 0.07729910
v 0.08641957 0.13173790 0.07804205
v 0.08641957 0.13173790 0.07804205
v 0.08677138 0.13227421 0.07729910
v 0.10079830 0.12109062 0.07804205
v 0.08641957 0.13173790 0.07804205
v 0.10079830 0.12109062 0.07804205
v 0.10030209 0.12049462 0.07864368
v 0.10030209 0.12049462 0.07864368
v 0.10079830 0.12109062 0.07804205
v 0.11339699 0.10826162 0.07864368
v 0.10030209 0.12049462 0.07864368
v 0.11339699 0.10826162 0.07864368
v 0.11277410 0.10766681 0.07907351
v 0.11277410 0.10766681 0.07907351
v 0.11339699 0.10826162 0.07864368
v 0.12432370 0.09409442 0.07907351
v 0.11277410 0.10766681 0.07907351
v 0.12432370 0.09409442 0.07907351
v 0.12361190 0.09355564 0.07932211
v 0.12361190 0.09355564 0.07932211
v 0.12432370 0.09409442 0.07907351
v 0.13342181 0.07893777 0.07932211
v 0.04970717 0.15112321 0.07471403
v 0.06386456 0.14570631 0.07471403
v 0.05575665 0.14886542 0.07558300
v 0.05575665 0.14886542 0.07558300
v 0.06386456 0.14570631 0.07471403
v 0.07176828 0.14184161 0.07558300
v 0.05575665 0.14886542 0.07558300
v 0.07176828 0.14184161 0.07558300
v 0.07163510 0.14157841 0.07646152
v 0.07163510 0.14157841 0.07646152
v 0.07176828 0.14184161 0.07558300
v 0.08703154 0.13267082 0.07646152
v 0.07163510 0.14157841 0.07646152
v 0.08703154 0.13267082 0.07646152
v 0.08677138 0.13227421 0.07729910
v 0.08677138 0.13227421 0.07729910
v 0.08703154 0.13267082 0.07646152
v 0.10120860 0.12158351 0.07729910
v 0.08677138 0.13227421 0.07729910
v 0.10120860 0.12158351 0.07729910
v 0.10079830 0.12109062 0.07804205
v 0.10079830 0.12109062 0.07804205
v 0.10120860 0.12158351 0.07729910
v 0.11395799 0.10879712 0.07804205
v 0.10079830 0.12109062 0.07804205
v 0.11395799 0.10879712 0.07804205
v 0.11339699 0.10826162 0.07864368
v 0.11339699 0.10826162 0.07864368
v 0.11395799 0.10879712 0.07804205
v 0.12501051 0.09461418 0.07864368
v 0.11339699 0.10826162 0.07864368
v 0.12501051 0.09461418 0.07864368
v 0.12432370 0.09409442 0.07907351
v 0.12432370 0.09409442 0.07907351
v 0.12501051 0.09461418 0.07864368
v 0.13419020 0.07939237 0.07907351
v 0.12432370 0.09409442 0.07907351
v 0.13419020 0.07939237 0.07907351
v 0.13342181 0.07893777 0.07932211
v 0.13342181 0.07893777 0.07932211
v 0.13419020 0.07939237 0.07907351
v 0.14141881 0.06350815 0.07932211
v 0.06386456 0.14570631 0.07471403
v 0.07769969 0.13882281 0.07471403
v 0.07176828 0.14184161 0.07558300
v 0.07176828 0.14184161 0.07558300
v 0.07769969 0.13882281 0.07471403
v 0.08719333 0.13291742 0.07558300
v 0.07176828 0.14184161 0.07558300
v 0.08719333 0.13291742 0.07558300
v 0.08703154 0.13267082 0.07646152
v 0.08703154 0.13267082 0.07646152
v 0.08719333 0.13291742 0.07558300
v 0.10151200 0.12194812 0.07646152
v 0.08703154 0.13267082 0.07646152
v 0.10151200 0.12194812 0.07646152
v 0.10120860 0.12158351 0.07729910
v 0.10120860 0.12158351 0.07729910
v 0.10151200 0.12194812 0.07646152
v 0.11442190 0.10924001 0.07729910
v 0.10120860 0.12158351 0.07729910
v 0.11442190 0.10924001 0.07729910
v 0.11395799 0.10879712 0.07804205
v 0.11395799 0.10879712 0.07804205
v 0.11442190 0.10924001 0.07729910
v 0.12562880 0.09508216 0.07804205
v 0.11395799 0.10879712 0.07804205
v 0.12562880 0.09508216 0.07804205
v 0.12501051 0.09461418 0.07864368
v 0.12501051 0.09461418 0.07864368
v 0.12562880 0.09508216 0.07804205
v 0.13493142 0.07983091 0.07864368
v 0.12501051 0.09461418 0.07864368
v 0.13493142 0.07983091 0.07864368
v 0.13419020 0.07939237 0.07907351
v 0.13419020 0.07939237 0.07907351
v 0.13493142 0.07983091 0.07864368
v 0.14223321 0.06387389 0.07907351
v 0.13419020 0.07939237 0.07907351
v 0.14223321 0.06387389 0.07907351
v 0.14141881 0.06350815 0.07932211
v 0.14141881 0.06350815 0.07932211
v 0.14223321 0.06387389 0.07907351
v 0.14753802 0.04759292 0.07932211
v 0.07769969 0.13882281 0.07471403
v 0.09098958 0.13049871 0.07471403
v 0.08719333 0.13291742 0.07558300
v 0.08719333 0.13291742 0.07558300
v 0.09098958 0.13049871 0.07471403
v 0.10170081 0.12217481 0.07558300
v 0.08719333 0.13291742 0.07558300
v 0.10170081 0.12217481 0.07558300
v 0.10151200 0.12194812 0.07646152
v 0.10151200 0.12194812 0.07646152
v 0.10170081 0.12217481 0.07558300
v 0.11476490 0.10956752 0.07646152
v 0.10151200 0.12194812 0.07646152
v 0.11476490 0.10956752 0.07646152
v 0.11442190 0.10924001 0.07729910
v 0.11442190 0.10924001 0.07729910
v 0.11476490 0.10956752 0.07646152
v 0.12614031 0.09546924 0.07729910
v 0.11442190 0.10924001 0.07729910
v 0.12614031 0.09546924 0.07729910
v 0.12562880 0.09508216 0.07804205
v 0.12562880 0.09508216 0.07804205
v 0.12614031 0.09546924 0.07729910
v 0.13559881 0.08022582 0.07804205
v 0.12562880 0.09508216 0.07804205
v 0.13559881 0.08022582 0.07804205
v 0.13493142 0.07983091 0.07864368
v 0.13493142 0.07983091 0.07864368
v 0.13559881 0.08022582 0.07804205
v 0.14301881 0.06422671 0.07864368
v 0.13493142 0.07983091 0.07864368
v 0.14301881 0.06422671 0.07864368
v 0.14223321 0.06387389 0.07907351
v 0.14223321 0.06387389 0.07907351
v 0.14301881 0.06422671 0.07864368
v 0.14838761 0.04786700 0.07907351
v 0.14223321 0.06387389 0.07907351
v 0.14838761 0.04786700 0.07907351
v 0.14753802 0.04759292 0.07932211
v 0.14753802 0.04759292 0.07932211
v 0.14838761 0.04786700 0.07907351
v 0.15178780 0.03151219 0.07932210
v 0.09098958 0.13049871 0.07471403
v 0.10351420 0.12080501 0.07471403
v 0.10170081 0.12217481 0.07558300
v 0.10170081 0.12217481 0.07558300
v 0.10351420 0.12080501 0.07471403
v 0.11497831 0.10977122 0.07558300
v 0.10170081 0.12217481 0.07558300
v 0.11497831 0.10977122 0.07558300
v 0.11476490 0.10956752 0.07646152
v 0.11476490 0.10956752 0.07646152
v 0.11497831 0.10977122 0.07558300
v 0.12651850 0.09575550 0.07646152
v 0.11476490 0.10956752 0.07646152
v 0.12651850 0.09575550 0.07646152
v 0.12614031 0.09546924 0.07729910
v 0.12614031 0.09546924 0.07729910
v 0.12651850 0.09575550 0.07646152
v 0.13615081 0.08055239 0.07729910
v 0.12614031 0.09546924 0.07729910
v 0.13615081 0.08055239 0.07729910
v 0.13559881 0.08022582 0.07804205
v 0.13559881 0.08022582 0.07804205
v 0.13615081 0.08055239 0.07729910
v 0.14372630 0.06454441 0.07804205
v 0.13559881 0.08022582 0.07804205
v 0.14372630 0.06454441 0.07804205
v 0.14301881 0.06422671 0.07864368
v 0.14301881 0.06422671 0.07864368
v 0.14372630 0.06454441 0.07804205
v 0.14920731 0.04813141 0.07864368
v 0.14301881 0.06422671 0.07864368
v 0.14920731 0.04813141 0.07864368
v 0.14838761 0.04786700 0.07907351
v 0.14838761 0.04786700 0.07907351
v 0.14920731 0.04813141 0.07864368
v 0.15266190 0.03169367 0.07907350
v 0.14838761 0.04786700 0.07907351
v 0.15266190 0.03169367 0.07907350
v 0.15178780 0.03151219 0.07932210
v 0.15178780 0.03151219 0.07932210
v 0.15266190 0.03169367 0.07907350
v 0.15424131 0.01556187 0.07932210
v 0.10351420 0.12080501 0.07471403
v 0.11506771 0.10985652 0.07471403
v 0.11497831 0.10977122 0.07558300
v 0.11497831 0.10977122 0.07558300
v 0.11506771 0.10985652 0.07471403
v 0.12546931 0.09780839 0.07471403
v 0.11497831 0.10977122 0.07558300
v 0.12546931 0.09780839 0.07471403
v 0.12675372 0.09593351 0.07558300
v 0.12675372 0.09593351 0.07558300
v 0.12546931 0.09780839 0.07471403
v 0.13457261 0.08484829 0.07471403
v 0.12675372 0.09593351 0.07558300
v 0.13457261 0.08484829 0.07471403
v 0.13681291 0.08094411 0.07558300
v 0.13681291 0.08094411 0.07558300
v 0.13457261 0.08484829 0.07471403
v 0.14227231 0.07118718 0.07471403
v 0.13681291 0.08094411 0.07558300
v 0.14227231 0.07118718 0.07471403
v 0.14501311 0.06512232 0.07558300
v 0.14501311 0.06512232 0.07558300
v 0.14227231 0.07118718 0.07471403
v 0.14850771 0.05704810 0.07471403
v 0.14501311 0.06512232 0.07558300
v 0.14850771 0.05704810 0.07471403
v 0.15128791 0.04880258 0.07558300
v 0.15128791 0.04880258 0.07558300
v 0.14850771 0.05704810 0.07471403
v 0.15326311 0.04265504 0.07471403
v 0.15128791 0.04880258 0.07558300
v 0.15326311 0.04265504 0.07471403
v 0.15564571 0.03231313 0.07558299
v 0.15564571 0.03231313 0.07558299
v 0.15326311 0.04265504 0.07471403
v 0.15656471 0.02822249 0.07471402
v 0.15564571 0.03231313 0.07558299
v 0.15656471 0.02822249 0.07471402
v 0.15816161 0.01595740 0.07558299
v 0.15816161 0.01595740 0.07558299
v 0.15656471 0.02822249 0.07471402
v 0.15847561 0.01394684 0.07471402
v 0.15816161 0.01595740 0.07558299
v 0.15847561 0.01394684 0.07471402
v 0.15896451 0.00000001 0.07558299
v 0.15896451 0.00000001 0.07558299
v 0.15847561 0.01394684 0.07471402
v 0.15908810 0.00000001 0.07471402
v 0.15896451 0.00000001 0.07558299
v 0.15908810 0.00000001 0.07471402
v 0.15847561 -0.01394683 0.07471402
v 0.15896451 0.00000001 0.07558299
v 0.15847561 -0.01394683 0.07471402
v 0.15816161 -0.01595739 0.07558299
v 0.15816161 -0.01595739 0.07558299
v 0.15847561 -0.01394683 0.07471402
v 0.15656471 -0.02822248 0.07471402
v 0.15816161 -0.01595739 0.07558299
v 0.15656471 -0.02822248 0.07471402
v 0.15564571 -0.03231312 0.07558299
v 0.15564571 -0.03231312 0.07558299
v 0.15656471 -0.02822248 0.07471402
v 0.15326311 -0.04265502 0.07471402
v 0.15564571 -0.03231312 0.07558299
v 0.15326311 -0.04265502 0.07471402
v 0.15255521 -0.04468371 0.07558299
v 0.15255521 -0.04468371 0.07558299
v 0.15326311 -0.04265502 0.07471402
v 0.14850771 -0.05704809 0.07471402
v 0.15255521 -0.04468371 0.07558299
v 0.14850771 -0.05704809 0.07471402
v 0.14839241 -0.05700378 0.07558299
v 0.14839241 -0.05700378 0.07558299
v 0.14850771 -0.05704809 0.07471402
v 0.14314231 -0.06913754 0.07558299
v 0.14839241 -0.05700378 0.07558299
v 0.14314231 -0.06913754 0.07558299
v 0.14287671 -0.06900926 0.07646151
v 0.14850771 -0.05704809 0.07471402
v 0.14227231 -0.07118716 0.07471402
v 0.14314231 -0.06913754 0.07558299
v 0.13681291 -0.08094410 0.07558299
v 0.13457261 -0.08484828 0.07471402
v 0.12943621 -0.09228212 0.07558299
v 0.12943621 -0.09228212 0.07558299
v 0.13457261 -0.08484828 0.07471402
v 0.12546931 -0.09780838 0.07471402
v 0.12943621 -0.09228212 0.07558299
v 0.12546931 -0.09780838 0.07471402
v 0.12106872 -0.10301509 0.07558299
v 0.12106872 -0.10301509 0.07558299
v 0.12546931 -0.09780838 0.07471402
v 0.11506772 -0.10985650 0.07471402
v 0.12106872 -0.10301509 0.07558299
v 0.11506772 -0.10985650 0.07471402
v 0.11179002 -0.11301650 0.07558299
v 0.11179002 -0.11301650 0.07558299
v 0.11506772 -0.10985650 0.07471402
v 0.10351422 -0.12080500 0.07471402
v 0.11179002 -0.11301650 0.07558299
v 0.10351422 -0.12080500 0.07471402
v 0.10170082 -0.12217480 0.07558299
v 0.10170082 -0.12217480 0.07558299
v 0.10351422 -0.12080500 0.07471402
v 0.09098960 -0.13049871 0.07471402
v 0.10170082 -0.12217480 0.07558299
v 0.09098960 -0.13049871 0.07471402
v 0.09091894 -0.13039741 0.07558298
v 0.09091894 -0.13039741 0.07558298
v 0.09098960 -0.13049871 0.07471402
v 0.07957501 -0.13761382 0.07558298
v 0.09091894 -0.13039741 0.07558298
v 0.07957501 -0.13761382 0.07558298
v 0.07942735 -0.13735841 0.07646151
v 0.07942735 -0.13735841 0.07646151
v 0.07957501 -0.13761382 0.07558298
v 0.06768152 -0.14351042 0.07646151
v 0.07942735 -0.13735841 0.07646151
v 0.06768152 -0.14351042 0.07646151
v 0.06747920 -0.14308141 0.07729908
v 0.06747920 -0.14308141 0.07729908
v 0.06768152 -0.14351042 0.07646151
v 0.05548683 -0.14814501 0.07729908
v 0.06747920 -0.14308141 0.07729908
v 0.05548683 -0.14814501 0.07729908
v 0.05526186 -0.14754441 0.07804203
v 0.05526186 -0.14754441 0.07804203
v 0.05548683 -0.14814501 0.07729908
v 0.04317456 -0.15152292 0.07804203
v 0.05526186 -0.14754441 0.07804203
v 0.04317456 -0.15152292 0.07804203
v 0.04296205 -0.15077701 0.07864366
v 0.04296205 -0.15077701 0.07864366
v 0.04317456 -0.15152292 0.07804203
v 0.03092080 -0.15369891 0.07864366
v 0.04296205 -0.15077701 0.07864366
v 0.03092080 -0.15369891 0.07864366
v 0.03075094 -0.15285461 0.07907350
v 0.03075094 -0.15285461 0.07907350
v 0.03092080 -0.15369891 0.07864366
v 0.01888078 -0.15476970 0.07907350
v 0.03075094 -0.15285461 0.07907350
v 0.01888078 -0.15476970 0.07907350
v 0.01877268 -0.15388350 0.07932210
v 0.01877268 -0.15388350 0.07932210
v 0.01888078 -0.15476970 0.07907350
v 0.01058631 -0.15484831 0.07928512
v 0.01877268 -0.15388350 0.07932210
v 0.01058631 -0.15484831 0.07928512
v 0.01147701 -0.15372221 0.07940000
v 0.09098960 -0.13049871 0.07471402
v 0.07769971 -0.13882281 0.07471402
v 0.07957501 -0.13761382 0.07558298
v 0.07957501 -0.13761382 0.07558298
v 0.07769971 -0.13882281 0.07471402
v 0.06780735 -0.14377721 0.07558298
v 0.07957501 -0.13761382 0.07558298
v 0.06780735 -0.14377721 0.07558298
v 0.06768152 -0.14351042 0.07646151
v 0.06768152 -0.14351042 0.07646151
v 0.06780735 -0.14377721 0.07558298
v 0.05565320 -0.14858921 0.07646151
v 0.06768152 -0.14351042 0.07646151
v 0.05565320 -0.14858921 0.07646151
v 0.05548683 -0.14814501 0.07729908
v 0.05548683 -0.14814501 0.07729908
v 0.05565320 -0.14858921 0.07646151
v 0.04335032 -0.15213971 0.07729908
v 0.05548683 -0.14814501 0.07729908
v 0.04335032 -0.15213971 0.07729908
v 0.04317456 -0.15152292 0.07804203
v 0.04317456 -0.15152292 0.07804203
v 0.04335032 -0.15213971 0.07729908
v 0.03107375 -0.15445921 0.07804203
v 0.04317456 -0.15152292 0.07804203
v 0.03107375 -0.15445921 0.07804203
v 0.03092080 -0.15369891 0.07864366
v 0.03092080 -0.15369891 0.07864366
v 0.03107375 -0.15445921 0.07804203
v 0.01898508 -0.15562461 0.07864366
v 0.03092080 -0.15369891 0.07864366
v 0.01898508 -0.15562461 0.07864366
v 0.01888078 -0.15476970 0.07907350
v 0.01888078 -0.15476970 0.07907350
v 0.01898508 -0.15562461 0.07864366
v 0.00972035 -0.15594311 0.07893396
v 0.01888078 -0.15476970 0.07907350
v 0.00972035 -0.15594311 0.07893396
v 0.01058631 -0.15484831 0.07928512
v 0.07769971 -0.13882281 0.07471402
v 0.06386457 -0.14570631 0.07471402
v 0.06780735 -0.14377721 0.07558298
v 0.06780735 -0.14377721 0.07558298
v 0.06386457 -0.14570631 0.07471402
v 0.05575666 -0.14886542 0.07558298
v 0.06780735 -0.14377721 0.07558298
v 0.05575666 -0.14886542 0.07558298
v 0.05565320 -0.14858921 0.07646151
v 0.05565320 -0.14858921 0.07646151
v 0.05575666 -0.14886542 0.07558298
v 0.04348030 -0.15259591 0.07646151
v 0.05565320 -0.14858921 0.07646151
v 0.04348030 -0.15259591 0.07646151
v 0.04335032 -0.15213971 0.07729908
v 0.04335032 -0.15213971 0.07729908
v 0.04348030 -0.15259591 0.07646151
v 0.03120025 -0.15508802 0.07729908
v 0.04335032 -0.15213971 0.07729908
v 0.03120025 -0.15508802 0.07729908
v 0.03107375 -0.15445921 0.07804203
v 0.03107375 -0.15445921 0.07804203
v 0.03120025 -0.15508802 0.07729908
v 0.01907899 -0.15639441 0.07804203
v 0.03107375 -0.15445921 0.07804203
v 0.01907899 -0.15639441 0.07804203
v 0.01898508 -0.15562461 0.07864366
v 0.01898508 -0.15562461 0.07864366
v 0.01907899 -0.15639441 0.07804203
v 0.00902411 -0.15682331 0.07843649
v 0.01898508 -0.15562461 0.07864366
v 0.00902411 -0.15682331 0.07843649
v 0.00972035 -0.15594311 0.07893396
v 0.06386457 -0.14570631 0.07471402
v 0.04970719 -0.15112321 0.07471402
v 0.05575666 -0.14886542 0.07558298
v 0.05575666 -0.14886542 0.07558298
v 0.04970719 -0.15112321 0.07471402
v 0.04356113 -0.15287951 0.07558298
v 0.05575666 -0.14886542 0.07558298
v 0.04356113 -0.15287951 0.07558298
v 0.04348030 -0.15259591 0.07646151
v 0.04348030 -0.15259591 0.07646151
v 0.04356113 -0.15287951 0.07558298
v 0.03129380 -0.15555301 0.07646151
v 0.04348030 -0.15259591 0.07646151
v 0.03129380 -0.15555301 0.07646151
v 0.03120025 -0.15508802 0.07729908
v 0.03120025 -0.15508802 0.07729908
v 0.03129380 -0.15555301 0.07646151
v 0.01915666 -0.15703110 0.07729908
v 0.03120025 -0.15508802 0.07729908
v 0.01915666 -0.15703110 0.07729908
v 0.01907899 -0.15639441 0.07804203
v 0.01907899 -0.15639441 0.07804203
v 0.01915666 -0.15703110 0.07729908
v 0.00839592 -0.15761751 0.07774588
v 0.01907899 -0.15639441 0.07804203
v 0.00839592 -0.15761751 0.07774588
v 0.00902411 -0.15682331 0.07843649
v 0.04970719 -0.15112321 0.07471402
v 0.03544304 -0.15508971 0.07471402
v 0.04356113 -0.15287951 0.07558298
v 0.04356113 -0.15287951 0.07558298
v 0.03544304 -0.15508971 0.07471402
v 0.03135198 -0.15584221 0.07558298
v 0.04356113 -0.15287951 0.07558298
v 0.03135198 -0.15584221 0.07558298
v 0.03129380 -0.15555301 0.07646151
v 0.03129380 -0.15555301 0.07646151
v 0.03135198 -0.15584221 0.07558298
v 0.01921409 -0.15750191 0.07646151
v 0.03129380 -0.15555301 0.07646151
v 0.01921409 -0.15750191 0.07646151
v 0.01915666 -0.15703110 0.07729908
v 0.01915666 -0.15703110 0.07729908
v 0.01921409 -0.15750191 0.07646151
v 0.00795091 -0.15818012 0.07701659
v 0.01915666 -0.15703110 0.07729908
v 0.00795091 -0.15818012 0.07701659
v 0.00839592 -0.15761751 0.07774588
v 0.03544304 -0.15508971 0.07471402
v 0.02127120 -0.15765961 0.07471402
v 0.03135198 -0.15584221 0.07558298
v 0.03135198 -0.15584221 0.07558298
v 0.02127120 -0.15765961 0.07471402
v 0.01924981 -0.15779471 0.07558298
v 0.03135198 -0.15584221 0.07558298
v 0.01924981 -0.15779471 0.07558298
v 0.01921409 -0.15750191 0.07646151
v 0.01921409 -0.15750191 0.07646151
v 0.01924981 -0.15779471 0.07558298
v 0.00761028 -0.15861070 0.07615598
v 0.01921409 -0.15750191 0.07646151
v 0.00761028 -0.15861070 0.07615598
v 0.00795091 -0.15818012 0.07701659
v 0.02127120 -0.15765961 0.07471402
v 0.00736770 -0.15891741 0.07471402
v 0.01924981 -0.15779471 0.07558298
v 0.01924981 -0.15779471 0.07558298
v 0.00736770 -0.15891741 0.07471402
v 0.00742595 -0.15884371 0.07532800
v 0.01924981 -0.15779471 0.07558298
v 0.00742595 -0.15884371 0.07532800
v 0.00761028 -0.15861070 0.07615598
v 0.01147701 -0.15372221 0.07940000
v 0.02470291 -0.15215790 0.07940000
v 0.01877268 -0.15388350 0.07932210
v 0.01877268 -0.15388350 0.07932210
v 0.02470291 -0.15215790 0.07940000
v 0.03057487 -0.15197942 0.07932210
v 0.01877268 -0.15388350 0.07932210
v 0.03057487 -0.15197942 0.07932210
v 0.03075094 -0.15285461 0.07907350
v 0.03075094 -0.15285461 0.07907350
v 0.03057487 -0.15197942 0.07932210
v 0.04272604 -0.14994881 0.07907350
v 0.03075094 -0.15285461 0.07907350
v 0.04272604 -0.14994881 0.07907350
v 0.04296205 -0.15077701 0.07864366
v 0.04296205 -0.15077701 0.07864366
v 0.04272604 -0.14994881 0.07907350
v 0.05498985 -0.14681812 0.07864366
v 0.04296205 -0.15077701 0.07864366
v 0.05498985 -0.14681812 0.07864366
v 0.05526186 -0.14754441 0.07804203
v 0.05526186 -0.14754441 0.07804203
v 0.05498985 -0.14681812 0.07864366
v 0.06720562 -0.14250131 0.07804203
v 0.05526186 -0.14754441 0.07804203
v 0.06720562 -0.14250131 0.07804203
v 0.06747920 -0.14308141 0.07729908
v 0.06747920 -0.14308141 0.07729908
v 0.06720562 -0.14250131 0.07804203
v 0.07918993 -0.13694781 0.07729908
v 0.06747920 -0.14308141 0.07729908
v 0.07918993 -0.13694781 0.07729908
v 0.07942735 -0.13735841 0.07646151
v 0.07942735 -0.13735841 0.07646151
v 0.07918993 -0.13694781 0.07729908
v 0.09075020 -0.13015541 0.07646151
v 0.07942735 -0.13735841 0.07646151
v 0.09075020 -0.13015541 0.07646151
v 0.09091894 -0.13039741 0.07558298
v 0.09091894 -0.13039741 0.07558298
v 0.09075020 -0.13015541 0.07646151
v 0.10170082 -0.12217480 0.07558299
v 0.02470291 -0.15215790 0.07940000
v 0.03813918 -0.14935751 0.07940000
v 0.03057487 -0.15197942 0.07932210
v 0.03057487 -0.15197942 0.07932210
v 0.03813918 -0.14935751 0.07940000
v 0.04248140 -0.14909022 0.07932210
v 0.03057487 -0.15197942 0.07932210
v 0.04248140 -0.14909022 0.07932210
v 0.04272604 -0.14994881 0.07907350
v 0.04272604 -0.14994881 0.07907350
v 0.04248140 -0.14909022 0.07932210
v 0.05468777 -0.14601161 0.07907350
v 0.04272604 -0.14994881 0.07907350
v 0.05468777 -0.14601161 0.07907350
v 0.05498985 -0.14681812 0.07864366
v 0.05498985 -0.14681812 0.07864366
v 0.05468777 -0.14601161 0.07907350
v 0.06687481 -0.14179991 0.07864366
v 0.05498985 -0.14681812 0.07864366
v 0.06687481 -0.14179991 0.07864366
v 0.06720562 -0.14250131 0.07804203
v 0.06720562 -0.14250131 0.07804203
v 0.06687481 -0.14179991 0.07864366
v 0.07886884 -0.13639250 0.07804203
v 0.06720562 -0.14250131 0.07804203
v 0.07886884 -0.13639250 0.07804203
v 0.07918993 -0.13694781 0.07729908
v 0.07918993 -0.13694781 0.07729908
v 0.07886884 -0.13639250 0.07804203
v 0.09047892 -0.12976632 0.07729908
v 0.07918993 -0.13694781 0.07729908
v 0.09047892 -0.12976632 0.07729908
v 0.09075020 -0.13015541 0.07646151
v 0.09075020 -0.13015541 0.07646151
v 0.09047892 -0.12976632 0.07729908
v 0.10151201 -0.12194810 0.07646151
v 0.09075020 -0.13015541 0.07646151
v 0.10151201 -0.12194810 0.07646151
v 0.10170082 -0.12217480 0.07558299
v 0.10170082 -0.12217480 0.07558299
v 0.10151201 -0.12194810 0.07646151
v 0.11179002 -0.11301650 0.07558299
v 0.03813918 -0.14935751 0.07940000
v 0.05162138 -0.14524971 0.07940000
v 0.04248140 -0.14909022 0.07932210
v 0.04248140 -0.14909022 0.07932210
v 0.05162138 -0.14524971 0.07940000
v 0.05437464 -0.14517561 0.07932210
v 0.04248140 -0.14909022 0.07932210
v 0.05437464 -0.14517561 0.07932210
v 0.05468777 -0.14601161 0.07907350
v 0.05468777 -0.14601161 0.07907350
v 0.05437464 -0.14517561 0.07932210
v 0.06650744 -0.14102091 0.07907350
v 0.05468777 -0.14601161 0.07907350
v 0.06650744 -0.14102091 0.07907350
v 0.06687481 -0.14179991 0.07864366
v 0.06687481 -0.14179991 0.07864366
v 0.06650744 -0.14102091 0.07907350
v 0.07848065 -0.13572121 0.07864366
v 0.06687481 -0.14179991 0.07864366
v 0.07848065 -0.13572121 0.07864366
v 0.07886884 -0.13639250 0.07804203
v 0.07886884 -0.13639250 0.07804203
v 0.07848065 -0.13572121 0.07864366
v 0.09011208 -0.12924020 0.07804203
v 0.07886884 -0.13639250 0.07804203
v 0.09011208 -0.12924020 0.07804203
v 0.09047892 -0.12976632 0.07729908
v 0.09047892 -0.12976632 0.07729908
v 0.09011208 -0.12924020 0.07804203
v 0.10120861 -0.12158350 0.07729909
v 0.09047892 -0.12976632 0.07729908
v 0.10120861 -0.12158350 0.07729909
v 0.10151201 -0.12194810 0.07646151
v 0.10151201 -0.12194810 0.07646151
v 0.10120861 -0.12158350 0.07729909
v 0.11158252 -0.11280680 0.07646151
v 0.10151201 -0.12194810 0.07646151
v 0.11158252 -0.11280680 0.07646151
v 0.11179002 -0.11301650 0.07558299
v 0.11179002 -0.11301650 0.07558299
v 0.11158252 -0.11280680 0.07646151
v 0.12106872 -0.10301509 0.07558299
v 0.05162138 -0.14524971 0.07940000
v 0.06496546 -0.13979182 0.07940000
v 0.05437464 -0.14517561 0.07932210
v 0.05437464 -0.14517561 0.07932210
v 0.06496546 -0.13979182 0.07940000
v 0.06612663 -0.14021350 0.07932210
v 0.05437464 -0.14517561 0.07932210
v 0.06612663 -0.14021350 0.07932210
v 0.06650744 -0.14102091 0.07907350
v 0.06650744 -0.14102091 0.07907350
v 0.06612663 -0.14021350 0.07932210
v 0.07804951 -0.13497561 0.07907350
v 0.06650744 -0.14102091 0.07907350
v 0.07804951 -0.13497561 0.07907350
v 0.07848065 -0.13572121 0.07864366
v 0.07848065 -0.13572121 0.07864366
v 0.07804951 -0.13497561 0.07907350
v 0.08966856 -0.12860410 0.07864366
v 0.07848065 -0.13572121 0.07864366
v 0.08966856 -0.12860410 0.07864366
v 0.09011208 -0.12924020 0.07804203
v 0.09011208 -0.12924020 0.07804203
v 0.08966856 -0.12860410 0.07864366
v 0.10079832 -0.12109061 0.07804204
v 0.09011208 -0.12924020 0.07804203
v 0.10079832 -0.12109061 0.07804204
v 0.10120861 -0.12158350 0.07729909
v 0.10120861 -0.12158350 0.07729909
v 0.10079832 -0.12109061 0.07804204
v 0.11124901 -0.11246960 0.07729909
v 0.10120861 -0.12158350 0.07729909
v 0.11124901 -0.11246960 0.07729909
v 0.11158252 -0.11280680 0.07646151
v 0.11158252 -0.11280680 0.07646151
v 0.11124901 -0.11246960 0.07729909
v 0.12084402 -0.10282390 0.07646151
v 0.11158252 -0.11280680 0.07646151
v 0.12084402 -0.10282390 0.07646151
v 0.12106872 -0.10301509 0.07558299
v 0.12106872 -0.10301509 0.07558299
v 0.12084402 -0.10282390 0.07646151
v 0.12943621 -0.09228212 0.07558299
v 0.06612663 -0.14021350 0.07932210
v 0.06496546 -0.13979182 0.07940000
v 0.07760262 -0.13420281 0.07932210
v 0.07760262 -0.13420281 0.07932210
v 0.06496546 -0.13979182 0.07940000
v 0.07797396 -0.13297491 0.07940000
v 0.07760262 -0.13420281 0.07932210
v 0.07797396 -0.13297491 0.07940000
v 0.08866537 -0.12716530 0.07932210
v 0.08866537 -0.12716530 0.07932210
v 0.07797396 -0.13297491 0.07940000
v 0.09044394 -0.12482850 0.07940000
v 0.08866537 -0.12716530 0.07932210
v 0.09044394 -0.12482850 0.07940000
v 0.09917997 -0.11914650 0.07932210
v 0.09917997 -0.11914650 0.07932210
v 0.09044394 -0.12482850 0.07940000
v 0.10217632 -0.11542210 0.07940000
v 0.09917997 -0.11914650 0.07932210
v 0.10217632 -0.11542210 0.07940000
v 0.10901912 -0.11021519 0.07932210
v 0.10901912 -0.11021519 0.07932210
v 0.10217632 -0.11542210 0.07940000
v 0.11298551 -0.10486440 0.07940000
v 0.10901912 -0.11021519 0.07932210
v 0.11298551 -0.10486440 0.07940000
v 0.11806782 -0.10046170 0.07932210
v 0.11806782 -0.10046170 0.07932210
v 0.11298551 -0.10486440 0.07940000
v 0.12270912 -0.09329910 0.07940000
v 0.11806782 -0.10046170 0.07932210
v 0.12270912 -0.09329910 0.07940000
v 0.12622792 -0.08999474 0.07932210
v 0.12622792 -0.08999474 0.07932210
v 0.12270912 -0.09329910 0.07940000
v 0.13121590 -0.08089900 0.07940000
v 0.12622792 -0.08999474 0.07932210
v 0.13121590 -0.08089900 0.07940000
v 0.13342181 -0.07893775 0.07932210
v 0.13342181 -0.07893775 0.07932210
v 0.13121590 -0.08089900 0.07940000
v 0.13841121 -0.06785709 0.07940000
v 0.11298550 0.10486441 0.07940001
v 0.10217630 0.11542211 0.07940001
v 0.11212840 0.10705032 0.07932211
v 0.11212840 0.10705032 0.07932211
v 0.10217630 0.11542211 0.07940001
v 0.09917995 0.11914652 0.07932211
v 0.11212840 0.10705032 0.07932211
v 0.09917995 0.11914652 0.07932211
v 0.09975111 0.11983262 0.07907351
v 0.09975111 0.11983262 0.07907351
v 0.09917995 0.11914652 0.07932211
v 0.08552180 0.13036931 0.07907351
v 0.09975111 0.11983262 0.07907351
v 0.08552180 0.13036931 0.07907351
v 0.08599418 0.13108951 0.07864368
v 0.08599418 0.13108951 0.07864368
v 0.08552180 0.13036931 0.07907351
v 0.07078127 0.13989091 0.07864368
v 0.08599418 0.13108951 0.07864368
v 0.07078127 0.13989091 0.07864368
v 0.07113140 0.14058290 0.07804205
v 0.07113140 0.14058290 0.07804205
v 0.07078127 0.13989091 0.07864368
v 0.05526185 0.14754441 0.07804205
v 0.07113140 0.14058290 0.07804205
v 0.05526185 0.14754441 0.07804205
v 0.05548682 0.14814501 0.07729910
v 0.05548682 0.14814501 0.07729910
v 0.05526185 0.14754441 0.07804205
v 0.03929562 0.15323702 0.07729910
v 0.05548682 0.14814501 0.07729910
v 0.03929562 0.15323702 0.07729910
v 0.03941344 0.15369651 0.07646152
v 0.03941344 0.15369651 0.07646152
v 0.03929562 0.15323702 0.07729910
v 0.02322187 0.15696111 0.07646152
v 0.03941344 0.15369651 0.07646152
v 0.02322187 0.15696111 0.07646152
v 0.02326504 0.15725291 0.07558300
v 0.10217630 0.11542211 0.07940001
v 0.09044392 0.12482852 0.07940001
v 0.09917995 0.11914652 0.07932211
v 0.09917995 0.11914652 0.07932211
v 0.09044392 0.12482852 0.07940001
v 0.08503211 0.12962291 0.07932211
v 0.09917995 0.11914652 0.07932211
v 0.08503211 0.12962291 0.07932211
v 0.08552180 0.13036931 0.07907351
v 0.08552180 0.13036931 0.07907351
v 0.08503211 0.12962291 0.07932211
v 0.07039245 0.13912241 0.07907351
v 0.08552180 0.13036931 0.07907351
v 0.07039245 0.13912241 0.07907351
v 0.07078127 0.13989091 0.07864368
v 0.07078127 0.13989091 0.07864368
v 0.07039245 0.13912241 0.07907351
v 0.05498983 0.14681812 0.07864368
v 0.07078127 0.13989091 0.07864368
v 0.05498983 0.14681812 0.07864368
v 0.05526185 0.14754441 0.07804205
v 0.05526185 0.14754441 0.07804205
v 0.05498983 0.14681812 0.07864368
v 0.03913629 0.15261571 0.07804205
v 0.05526185 0.14754441 0.07804205
v 0.03913629 0.15261571 0.07804205
v 0.03929562 0.15323702 0.07729910
v 0.03929562 0.15323702 0.07729910
v 0.03913629 0.15261571 0.07804205
v 0.02315246 0.15649182 0.07729910
v 0.03929562 0.15323702 0.07729910
v 0.02315246 0.15649182 0.07729910
v 0.02322187 0.15696111 0.07646152
v 0.09044392 0.12482852 0.07940001
v 0.07797395 0.13297491 0.07940001
v 0.08503211 0.12962291 0.07932211
v 0.08503211 0.12962291 0.07932211
v 0.07797395 0.13297491 0.07940001
v 0.06998939 0.13832581 0.07932211
v 0.08503211 0.12962291 0.07932211
v 0.06998939 0.13832581 0.07932211
v 0.07039245 0.13912241 0.07907351
v 0.07039245 0.13912241 0.07907351
v 0.06998939 0.13832581 0.07932211
v 0.05468775 0.14601161 0.07907351
v 0.07039245 0.13912241 0.07907351
v 0.05468775 0.14601161 0.07907351
v 0.05498983 0.14681812 0.07864368
v 0.05498983 0.14681812 0.07864368
v 0.05468775 0.14601161 0.07907351
v 0.03894366 0.15186460 0.07864368
v 0.05498983 0.14681812 0.07864368
v 0.03894366 0.15186460 0.07864368
v 0.03913629 0.15261571 0.07804205
v 0.03913629 0.15261571 0.07804205
v 0.03894366 0.15186460 0.07864368
v 0.02305859 0.15585741 0.07804205
v 0.03913629 0.15261571 0.07804205
v 0.02305859 0.15585741 0.07804205
v 0.02315246 0.15649182 0.07729910
v 0.07797395 0.13297491 0.07940001
v 0.06496544 0.13979182 0.07940001
v 0.06998939 0.13832581 0.07932211
v 0.06998939 0.13832581 0.07932211
v 0.06496544 0.13979182 0.07940001
v 0.05437462 0.14517561 0.07932211
v 0.06998939 0.13832581 0.07932211
v 0.05437462 0.14517561 0.07932211
v 0.05468775 0.14601161 0.07907351
v 0.05468775 0.14601161 0.07907351
v 0.05437462 0.14517561 0.07932211
v 0.03872972 0.15103032 0.07907351
v 0.05468775 0.14601161 0.07907351
v 0.03872972 0.15103032 0.07907351
v 0.03894366 0.15186460 0.07864368
v 0.03894366 0.15186460 0.07864368
v 0.03872972 0.15103032 0.07907351
v 0.02294508 0.15509021 0.07864368
v 0.03894366 0.15186460 0.07864368
v 0.02294508 0.15509021 0.07864368
v 0.02305859 0.15585741 0.07804205
v 0.06496544 0.13979182 0.07940001
v 0.05162137 0.14524971 0.07940001
v 0.05437462 0.14517561 0.07932211
v 0.05437462 0.14517561 0.07932211
v 0.05162137 0.14524971 0.07940001
v 0.03850796 0.15016551 0.07932211
v 0.05437462 0.14517561 0.07932211
v 0.03850796 0.15016551 0.07932211
v 0.03872972 0.15103032 0.07907351
v 0.03872972 0.15103032 0.07907351
v 0.03850796 0.15016551 0.07932211
v 0.02281903 0.15423821 0.07907351
v 0.03872972 0.15103032 0.07907351
v 0.02281903 0.15423821 0.07907351
v 0.02294508 0.15509021 0.07864368
v 0.05162137 0.14524971 0.07940001
v 0.03813916 0.14935751 0.07940001
v 0.03850796 0.15016551 0.07932211
v 0.03850796 0.15016551 0.07932211
v 0.03813916 0.14935751 0.07940001
v 0.02470289 0.15215790 0.07940001
v 0.03850796 0.15016551 0.07932211
v 0.02470289 0.15215790 0.07940001
v 0.02268838 0.15335511 0.07932211
v 0.03850796 0.15016551 0.07932211
v 0.02268838 0.15335511 0.07932211
v 0.02281903 0.15423821 0.07907351
v 0.11497831 0.10977122 0.07558300
v 0.12675372 0.09593351 0.07558300
v 0.12651850 0.09575550 0.07646152
v 0.12651850 0.09575550 0.07646152
v 0.12675372 0.09593351 0.07558300
v 0.13655911 0.08079391 0.07646152
v 0.12651850 0.09575550 0.07646152
v 0.13655911 0.08079391 0.07646152
v 0.13615081 0.08055239 0.07729910
v 0.13615081 0.08055239 0.07729910
v 0.13655911 0.08079391 0.07646152
v 0.14431141 0.06480716 0.07729910
v 0.13615081 0.08055239 0.07729910
v 0.14431141 0.06480716 0.07729910
v 0.14372630 0.06454441 0.07804205
v 0.14372630 0.06454441 0.07804205
v 0.14431141 0.06480716 0.07729910
v 0.14994541 0.04836949 0.07804205
v 0.14372630 0.06454441 0.07804205
v 0.14994541 0.04836949 0.07804205
v 0.14920731 0.04813141 0.07864368
v 0.14920731 0.04813141 0.07864368
v 0.14994541 0.04836949 0.07804205
v 0.15350521 0.03186873 0.07864367
v 0.14920731 0.04813141 0.07864368
v 0.15350521 0.03186873 0.07864367
v 0.15266190 0.03169367 0.07907350
v 0.15266190 0.03169367 0.07907350
v 0.15350521 0.03186873 0.07864367
v 0.15512951 0.01565148 0.07907350
v 0.15266190 0.03169367 0.07907350
v 0.15512951 0.01565148 0.07907350
v 0.15424131 0.01556187 0.07932210
v 0.15424131 0.01556187 0.07932210
v 0.15512951 0.01565148 0.07907350
v 0.15502430 0.00000001 0.07932210
v 0.12675372 0.09593351 0.07558300
v 0.13681291 0.08094411 0.07558300
v 0.13655911 0.08079391 0.07646152
v 0.13655911 0.08079391 0.07646152
v 0.13681291 0.08094411 0.07558300
v 0.14474411 0.06500147 0.07646152
v 0.13655911 0.08079391 0.07646152
v 0.14474411 0.06500147 0.07646152
v 0.14431141 0.06480716 0.07729910
v 0.14431141 0.06480716 0.07729910
v 0.14474411 0.06500147 0.07646152
v 0.15055582 0.04856640 0.07729910
v 0.14431141 0.06480716 0.07729910
v 0.15055582 0.04856640 0.07729910
v 0.14994541 0.04836949 0.07804205
v 0.14994541 0.04836949 0.07804205
v 0.15055582 0.04856640 0.07729910
v 0.15426451 0.03202637 0.07804204
v 0.14994541 0.04836949 0.07804205
v 0.15426451 0.03202637 0.07804204
v 0.15350521 0.03186873 0.07864367
v 0.15350521 0.03186873 0.07864367
v 0.15426451 0.03202637 0.07804204
v 0.15598641 0.01573794 0.07864367
v 0.15350521 0.03186873 0.07864367
v 0.15598641 0.01573794 0.07864367
v 0.15512951 0.01565148 0.07907350
v 0.15512951 0.01565148 0.07907350
v 0.15598641 0.01573794 0.07864367
v 0.15591711 0.00000001 0.07907350
v 0.15512951 0.01565148 0.07907350
v 0.15591711 0.00000001 0.07907350
v 0.15502430 0.00000001 0.07932210
v 0.15502430 0.00000001 0.07932210
v 0.15591711 0.00000001 0.07907350
v 0.15424131 -0.01556186 0.07932210
v 0.13681291 0.08094411 0.07558300
v 0.14501311 0.06512232 0.07558300
v 0.14474411 0.06500147 0.07646152
v 0.14474411 0.06500147 0.07646152
v 0.14501311 0.06512232 0.07558300
v 0.15100722 0.04871202 0.07646152
v 0.14474411 0.06500147 0.07646152
v 0.15100722 0.04871202 0.07646152
v 0.15055582 0.04856640 0.07729910
v 0.15055582 0.04856640 0.07729910
v 0.15100722 0.04871202 0.07646152
v 0.15489252 0.03215675 0.07729909
v 0.15055582 0.04856640 0.07729910
v 0.15489252 0.03215675 0.07729909
v 0.15426451 0.03202637 0.07804204
v 0.15426451 0.03202637 0.07804204
v 0.15489252 0.03215675 0.07729909
v 0.15675801 0.01581579 0.07804204
v 0.15426451 0.03202637 0.07804204
v 0.15675801 0.01581579 0.07804204
v 0.15598641 0.01573794 0.07864367
v 0.15598641 0.01573794 0.07864367
v 0.15675801 0.01581579 0.07804204
v 0.15677841 0.00000001 0.07864367
v 0.15598641 0.01573794 0.07864367
v 0.15677841 0.00000001 0.07864367
v 0.15591711 0.00000001 0.07907350
v 0.15591711 0.00000001 0.07907350
v 0.15677841 0.00000001 0.07864367
v 0.15512951 -0.01565146 0.07907350
v 0.15591711 0.00000001 0.07907350
v 0.15512951 -0.01565146 0.07907350
v 0.15424131 -0.01556186 0.07932210
v 0.15424131 -0.01556186 0.07932210
v 0.15512951 -0.01565146 0.07907350
v 0.15178780 -0.03151217 0.07932210
v 0.14501311 0.06512232 0.07558300
v 0.15128791 0.04880258 0.07558300
v 0.15100722 0.04871202 0.07646152
v 0.15100722 0.04871202 0.07646152
v 0.15128791 0.04880258 0.07558300
v 0.15535691 0.03225317 0.07646151
v 0.15100722 0.04871202 0.07646152
v 0.15535691 0.03225317 0.07646151
v 0.15489252 0.03215675 0.07729909
v 0.15489252 0.03215675 0.07729909
v 0.15535691 0.03225317 0.07646151
v 0.15739621 0.01588017 0.07729909
v 0.15489252 0.03215675 0.07729909
v 0.15739621 0.01588017 0.07729909
v 0.15675801 0.01581579 0.07804204
v 0.15675801 0.01581579 0.07804204
v 0.15739621 0.01588017 0.07729909
v 0.15755391 0.00000001 0.07804204
v 0.15675801 0.01581579 0.07804204
v 0.15755391 0.00000001 0.07804204
v 0.15677841 0.00000001 0.07864367
v 0.15677841 0.00000001 0.07864367
v 0.15755391 0.00000001 0.07804204
v 0.15598641 -0.01573792 0.07864367
v 0.15677841 0.00000001 0.07864367
v 0.15598641 -0.01573792 0.07864367
v 0.15512951 -0.01565146 0.07907350
v 0.15512951 -0.01565146 0.07907350
v 0.15598641 -0.01573792 0.07864367
v 0.15266190 -0.03169365 0.07907350
v 0.15512951 -0.01565146 0.07907350
v 0.15266190 -0.03169365 0.07907350
v 0.15178780 -0.03151217 0.07932210
v 0.15178780 -0.03151217 0.07932210
v 0.15266190 -0.03169365 0.07907350
v 0.14877391 -0.04357615 0.07932210
v 0.15128791 0.04880258 0.07558300
v 0.15564571 0.03231313 0.07558299
v 0.15535691 0.03225317 0.07646151
v 0.15535691 0.03225317 0.07646151
v 0.15564571 0.03231313 0.07558299
v 0.15786812 0.01592779 0.07646151
v 0.15535691 0.03225317 0.07646151
v 0.15786812 0.01592779 0.07646151
v 0.15739621 0.01588017 0.07729909
v 0.15739621 0.01588017 0.07729909
v 0.15786812 0.01592779 0.07646151
v 0.15819521 0.00000001 0.07729909
v 0.15739621 0.01588017 0.07729909
v 0.15819521 0.00000001 0.07729909
v 0.15755391 0.00000001 0.07804204
v 0.15755391 0.00000001 0.07804204
v 0.15819521 0.00000001 0.07729909
v 0.15675801 -0.01581578 0.07804204
v 0.15755391 0.00000001 0.07804204
v 0.15675801 -0.01581578 0.07804204
v 0.15598641 -0.01573792 0.07864367
v 0.15598641 -0.01573792 0.07864367
v 0.15675801 -0.01581578 0.07804204
v 0.15350521 -0.03186871 0.07864367
v 0.15598641 -0.01573792 0.07864367
v 0.15350521 -0.03186871 0.07864367
v 0.15266190 -0.03169365 0.07907350
v 0.15266190 -0.03169365 0.07907350
v 0.15350521 -0.03186871 0.07864367
v 0.14963062 -0.04382709 0.07907350
v 0.15266190 -0.03169365 0.07907350
v 0.14963062 -0.04382709 0.07907350
v 0.14877391 -0.04357615 0.07932210
v 0.14877391 -0.04357615 0.07932210
v 0.14963062 -0.04382709 0.07907350
v 0.14471421 -0.05559085 0.07932210
v 0.15564571 0.03231313 0.07558299
v 0.15816161 0.01595740 0.07558299
v 0.15786812 0.01592779 0.07646151
v 0.15786812 0.01592779 0.07646151
v 0.15816161 0.01595740 0.07558299
v 0.15866961 0.00000001 0.07646151
v 0.15786812 0.01592779 0.07646151
v 0.15866961 0.00000001 0.07646151
v 0.15819521 0.00000001 0.07729909
v 0.15819521 0.00000001 0.07729909
v 0.15866961 0.00000001 0.07646151
v 0.15739621 -0.01588016 0.07729909
v 0.15819521 0.00000001 0.07729909
v 0.15739621 -0.01588016 0.07729909
v 0.15675801 -0.01581578 0.07804204
v 0.15675801 -0.01581578 0.07804204
v 0.15739621 -0.01588016 0.07729909
v 0.15426451 -0.03202635 0.07804204
v 0.15675801 -0.01581578 0.07804204
v 0.15426451 -0.03202635 0.07804204
v 0.15350521 -0.03186871 0.07864367
v 0.15350521 -0.03186871 0.07864367
v 0.15426451 -0.03202635 0.07804204
v 0.15045722 -0.04406919 0.07864367
v 0.15350521 -0.03186871 0.07864367
v 0.15045722 -0.04406919 0.07864367
v 0.14963062 -0.04382709 0.07907350
v 0.14963062 -0.04382709 0.07907350
v 0.15045722 -0.04406919 0.07864367
v 0.14554761 -0.05591099 0.07907350
v 0.14963062 -0.04382709 0.07907350
v 0.14554761 -0.05591099 0.07907350
v 0.14471421 -0.05559085 0.07932210
v 0.14471421 -0.05559085 0.07932210
v 0.14554761 -0.05591099 0.07907350
v 0.13959430 -0.06742386 0.07932210
v 0.15816161 0.01595740 0.07558299
v 0.15896451 0.00000001 0.07558299
v 0.15866961 0.00000001 0.07646151
v 0.15866961 0.00000001 0.07646151
v 0.15896451 0.00000001 0.07558299
v 0.15786812 -0.01592777 0.07646151
v 0.15866961 0.00000001 0.07646151
v 0.15786812 -0.01592777 0.07646151
v 0.15739621 -0.01588016 0.07729909
v 0.15739621 -0.01588016 0.07729909
v 0.15786812 -0.01592777 0.07646151
v 0.15489252 -0.03215674 0.07729909
v 0.15739621 -0.01588016 0.07729909
v 0.15489252 -0.03215674 0.07729909
v 0.15426451 -0.03202635 0.07804204
v 0.15426451 -0.03202635 0.07804204
v 0.15489252 -0.03215674 0.07729909
v 0.15120141 -0.04428717 0.07804204
v 0.15426451 -0.03202635 0.07804204
v 0.15120141 -0.04428717 0.07804204
v 0.15045722 -0.04406919 0.07864367
v 0.15045722 -0.04406919 0.07864367
v 0.15120141 -0.04428717 0.07804204
v 0.14635162 -0.05621983 0.07864367
v 0.15045722 -0.04406919 0.07864367
v 0.14635162 -0.05621983 0.07864367
v 0.14554761 -0.05591099 0.07907350
v 0.14554761 -0.05591099 0.07907350
v 0.14635162 -0.05621983 0.07864367
v 0.14039820 -0.06781215 0.07907350
v 0.14554761 -0.05591099 0.07907350
v 0.14039820 -0.06781215 0.07907350
v 0.13959430 -0.06742386 0.07932210
v 0.15896451 0.00000001 0.07558299
v 0.15816161 -0.01595739 0.07558299
v 0.15786812 -0.01592777 0.07646151
v 0.15786812 -0.01592777 0.07646151
v 0.15816161 -0.01595739 0.07558299
v 0.15535691 -0.03225315 0.07646151
v 0.15786812 -0.01592777 0.07646151
v 0.15535691 -0.03225315 0.07646151
v 0.15489252 -0.03215674 0.07729909
v 0.15489252 -0.03215674 0.07729909
v 0.15535691 -0.03225315 0.07646151
v 0.15181692 -0.04446746 0.07729909
v 0.15489252 -0.03215674 0.07729909
v 0.15181692 -0.04446746 0.07729909
v 0.15120141 -0.04428717 0.07804204
v 0.15120141 -0.04428717 0.07804204
v 0.15181692 -0.04446746 0.07729909
v 0.14707550 -0.05649792 0.07804204
v 0.15120141 -0.04428717 0.07804204
v 0.14707550 -0.05649792 0.07804204
v 0.14635162 -0.05621983 0.07864367
v 0.14635162 -0.05621983 0.07864367
v 0.14707550 -0.05649792 0.07804204
v 0.14117371 -0.06818673 0.07864367
v 0.14635162 -0.05621983 0.07864367
v 0.14117371 -0.06818673 0.07864367
v 0.14039820 -0.06781215 0.07907350
v 0.15816161 -0.01595739 0.07558299
v 0.15564571 -0.03231312 0.07558299
v 0.15535691 -0.03225315 0.07646151
v 0.15535691 -0.03225315 0.07646151
v 0.15564571 -0.03231312 0.07558299
v 0.15227211 -0.04460079 0.07646151
v 0.15535691 -0.03225315 0.07646151
v 0.15227211 -0.04460079 0.07646151
v 0.15181692 -0.04446746 0.07729909
v 0.15181692 -0.04446746 0.07729909
v 0.15227211 -0.04460079 0.07646151
v 0.14767420 -0.05672790 0.07729909
v 0.15181692 -0.04446746 0.07729909
v 0.14767420 -0.05672790 0.07729909
v 0.14707550 -0.05649792 0.07804204
v 0.14707550 -0.05649792 0.07804204
v 0.14767420 -0.05672790 0.07729909
v 0.14187200 -0.06852400 0.07804204
v 0.14707550 -0.05649792 0.07804204
v 0.14187200 -0.06852400 0.07804204
v 0.14117371 -0.06818673 0.07864367
v 0.15564571 -0.03231312 0.07558299
v 0.15255521 -0.04468371 0.07558299
v 0.15227211 -0.04460079 0.07646151
v 0.15227211 -0.04460079 0.07646151
v 0.15255521 -0.04468371 0.07558299
v 0.14811701 -0.05689800 0.07646151
v 0.15227211 -0.04460079 0.07646151
v 0.14811701 -0.05689800 0.07646151
v 0.14767420 -0.05672790 0.07729909
v 0.14767420 -0.05672790 0.07729909
v 0.14811701 -0.05689800 0.07646151
v 0.14244960 -0.06880297 0.07729909
v 0.14767420 -0.05672790 0.07729909
v 0.14244960 -0.06880297 0.07729909
v 0.14187200 -0.06852400 0.07804204
v 0.14839241 -0.05700378 0.07558299
v 0.14287671 -0.06900926 0.07646151
v 0.14811701 -0.05689800 0.07646151
v 0.14811701 -0.05689800 0.07646151
v 0.14287671 -0.06900926 0.07646151
v 0.14244960 -0.06880297 0.07729909
v 0.15255521 -0.04468371 0.07558299
v 0.14839241 -0.05700378 0.07558299
v 0.14811701 -0.05689800 0.07646151
v 0.13655911 -0.08079389 0.07646151
v 0.13681291 -0.08094410 0.07558299
v 0.12919611 -0.09211088 0.07646151
v 0.12919611 -0.09211088 0.07646151
v 0.13681291 -0.08094410 0.07558299
v 0.12943621 -0.09228212 0.07558299
v 0.12919611 -0.09211088 0.07646151
v 0.12943621 -0.09228212 0.07558299
v 0.12084402 -0.10282390 0.07646151
v 0.13615081 -0.08055238 0.07729909
v 0.13655911 -0.08079389 0.07646151
v 0.12880981 -0.09183551 0.07729909
v 0.12880981 -0.09183551 0.07729909
v 0.13655911 -0.08079389 0.07646151
v 0.12919611 -0.09211088 0.07646151
v 0.12880981 -0.09183551 0.07729909
v 0.12919611 -0.09211088 0.07646151
v 0.12048282 -0.10251649 0.07729909
v 0.12048282 -0.10251649 0.07729909
v 0.12919611 -0.09211088 0.07646151
v 0.12084402 -0.10282390 0.07646151
v 0.12048282 -0.10251649 0.07729909
v 0.12084402 -0.10282390 0.07646151
v 0.11124901 -0.11246960 0.07729909
v 0.13559881 -0.08022580 0.07804204
v 0.13615081 -0.08055238 0.07729909
v 0.12828761 -0.09146316 0.07804204
v 0.12828761 -0.09146316 0.07804204
v 0.13615081 -0.08055238 0.07729909
v 0.12880981 -0.09183551 0.07729909
v 0.12828761 -0.09146316 0.07804204
v 0.12880981 -0.09183551 0.07729909
v 0.11999431 -0.10210089 0.07804204
v 0.11999431 -0.10210089 0.07804204
v 0.12880981 -0.09183551 0.07729909
v 0.12048282 -0.10251649 0.07729909
v 0.11999431 -0.10210089 0.07804204
v 0.12048282 -0.10251649 0.07729909
v 0.11079792 -0.11201350 0.07804204
v 0.11079792 -0.11201350 0.07804204
v 0.12048282 -0.10251649 0.07729909
v 0.11124901 -0.11246960 0.07729909
v 0.11079792 -0.11201350 0.07804204
v 0.11124901 -0.11246960 0.07729909
v 0.10079832 -0.12109061 0.07804204
v 0.13493142 -0.07983090 0.07864367
v 0.13559881 -0.08022580 0.07804204
v 0.12765610 -0.09101299 0.07864367
v 0.12765610 -0.09101299 0.07864367
v 0.13559881 -0.08022580 0.07804204
v 0.12828761 -0.09146316 0.07804204
v 0.12765610 -0.09101299 0.07864367
v 0.12828761 -0.09146316 0.07804204
v 0.11940362 -0.10159830 0.07864367
v 0.11940362 -0.10159830 0.07864367
v 0.12828761 -0.09146316 0.07804204
v 0.11999431 -0.10210089 0.07804204
v 0.11940362 -0.10159830 0.07864367
v 0.11999431 -0.10210089 0.07804204
v 0.11025261 -0.11146221 0.07864367
v 0.11025261 -0.11146221 0.07864367
v 0.11999431 -0.10210089 0.07804204
v 0.11079792 -0.11201350 0.07804204
v 0.11025261 -0.11146221 0.07864367
v 0.11079792 -0.11201350 0.07804204
v 0.10030211 -0.12049460 0.07864367
v 0.10030211 -0.12049460 0.07864367
v 0.11079792 -0.11201350 0.07804204
v 0.10079832 -0.12109061 0.07804204
v 0.10030211 -0.12049460 0.07864367
v 0.10079832 -0.12109061 0.07804204
v 0.08966856 -0.12860410 0.07864366
v 0.12622792 -0.08999474 0.07932210
v 0.13342181 -0.07893775 0.07932210
v 0.13419020 -0.07939236 0.07907350
v 0.13419020 -0.07939236 0.07907350
v 0.13493142 -0.07983090 0.07864367
v 0.12695491 -0.09051301 0.07907350
v 0.12695491 -0.09051301 0.07907350
v 0.13493142 -0.07983090 0.07864367
v 0.12765610 -0.09101299 0.07864367
v 0.12695491 -0.09051301 0.07907350
v 0.12765610 -0.09101299 0.07864367
v 0.11874772 -0.10104020 0.07907350
v 0.11874772 -0.10104020 0.07907350
v 0.12765610 -0.09101299 0.07864367
v 0.11940362 -0.10159830 0.07864367
v 0.11874772 -0.10104020 0.07907350
v 0.11940362 -0.10159830 0.07864367
v 0.10964692 -0.11084989 0.07907350
v 0.10964692 -0.11084989 0.07907350
v 0.11940362 -0.10159830 0.07864367
v 0.11025261 -0.11146221 0.07864367
v 0.10964692 -0.11084989 0.07907350
v 0.11025261 -0.11146221 0.07864367
v 0.09975112 -0.11983261 0.07907350
v 0.09975112 -0.11983261 0.07907350
v 0.11025261 -0.11146221 0.07864367
v 0.10030211 -0.12049460 0.07864367
v 0.09975112 -0.11983261 0.07907350
v 0.10030211 -0.12049460 0.07864367
v 0.08917595 -0.12789761 0.07907350
v 0.08917595 -0.12789761 0.07907350
v 0.10030211 -0.12049460 0.07864367
v 0.08966856 -0.12860410 0.07864366
v 0.08917595 -0.12789761 0.07907350
v 0.08966856 -0.12860410 0.07864366
v 0.07804951 -0.13497561 0.07907350
v 0.11806782 -0.10046170 0.07932210
v 0.12622792 -0.08999474 0.07932210
v 0.12695491 -0.09051301 0.07907350
v 0.12695491 -0.09051301 0.07907350
v 0.12622792 -0.08999474 0.07932210
v 0.13419020 -0.07939236 0.07907350
v 0.11806782 -0.10046170 0.07932210
v 0.12695491 -0.09051301 0.07907350
v 0.11874772 -0.10104020 0.07907350
v 0.10901912 -0.11021519 0.07932210
v 0.11806782 -0.10046170 0.07932210
v 0.11874772 -0.10104020 0.07907350
v 0.10901912 -0.11021519 0.07932210
v 0.11874772 -0.10104020 0.07907350
v 0.10964692 -0.11084989 0.07907350
v 0.09917997 -0.11914650 0.07932210
v 0.10901912 -0.11021519 0.07932210
v 0.10964692 -0.11084989 0.07907350
v 0.09917997 -0.11914650 0.07932210
v 0.10964692 -0.11084989 0.07907350
v 0.09975112 -0.11983261 0.07907350
v 0.08866537 -0.12716530 0.07932210
v 0.09917997 -0.11914650 0.07932210
v 0.09975112 -0.11983261 0.07907350
v 0.08866537 -0.12716530 0.07932210
v 0.09975112 -0.11983261 0.07907350
v 0.08917595 -0.12789761 0.07907350
v 0.08866537 -0.12716530 0.07932210
v 0.08917595 -0.12789761 0.07907350
v 0.07760262 -0.13420281 0.07932210
v 0.07760262 -0.13420281 0.07932210
v 0.08917595 -0.12789761 0.07907350
v 0.07804951 -0.13497561 0.07907350
v 0.07760262 -0.13420281 0.07932210
v 0.07804951 -0.13497561 0.07907350
v 0.06612663 -0.14021350 0.07932210
v 0.02127118 0.15765961 0.07471403
v 0.00736768 0.15891741 0.07471403
v 0.02138381 0.15900691 0.04894948
v 0.02138381 0.15900691 0.04894948
v 0.00736768 0.15891741 0.07471403
v 0.00516172 0.16170631 0.02318494
v 0.02138381 0.15900691 0.04894948
v 0.00516172 0.16170631 0.02318494
v 0.01942868 0.16061781 0.02318494
v 0.01942868 0.16061781 0.02318494
v 0.03399630 0.15817651 0.02318494
v 0.02138381 0.15900691 0.04894948
v 0.02138381 0.15900691 0.04894948
v 0.03399630 0.15817651 0.02318494
v 0.03787015 0.15590481 0.04894948
v 0.02138381 0.15900691 0.04894948
v 0.03787015 0.15590481 0.04894948
v 0.03544302 0.15508971 0.07471403
v 0.03544302 0.15508971 0.07471403
v 0.03787015 0.15590481 0.04894948
v 0.04970717 0.15112321 0.07471403
v 0.04970717 0.15112321 0.07471403
v 0.03787015 0.15590481 0.04894948
v 0.05450334 0.15089680 0.04894948
v 0.04970717 0.15112321 0.07471403
v 0.05450334 0.15089680 0.04894948
v 0.06386456 0.14570631 0.07471403
v 0.06386456 0.14570631 0.07471403
v 0.05450334 0.15089680 0.04894948
v 0.07089825 0.14392331 0.04894948
v 0.06386456 0.14570631 0.07471403
v 0.07089825 0.14392331 0.04894948
v 0.07769969 0.13882281 0.07471403
v 0.07769969 0.13882281 0.07471403
v 0.07089825 0.14392331 0.04894948
v 0.08671360 0.13498601 0.04894948
v 0.07769969 0.13882281 0.07471403
v 0.08671360 0.13498601 0.04894948
v 0.09098958 0.13049871 0.07471403
v 0.09098958 0.13049871 0.07471403
v 0.08671360 0.13498601 0.04894948
v 0.10160401 0.12416562 0.04894948
v 0.09098958 0.13049871 0.07471403
v 0.10160401 0.12416562 0.04894948
v 0.10351420 0.12080501 0.07471403
v 0.10351420 0.12080501 0.07471403
v 0.10160401 0.12416562 0.04894948
v 0.11524259 0.11162271 0.04894948
v 0.10351420 0.12080501 0.07471403
v 0.11524259 0.11162271 0.04894948
v 0.11506771 0.10985652 0.07471403
v 0.11506771 0.10985652 0.07471403
v 0.11524259 0.11162271 0.04894948
v 0.12546931 0.09780839 0.07471403
v 0.12546931 0.09780839 0.07471403
v 0.11524259 0.11162271 0.04894948
v 0.12734401 0.09759085 0.04894948
v 0.12546931 0.09780839 0.07471403
v 0.12734401 0.09759085 0.04894948
v 0.13457261 0.08484829 0.07471403
v 0.13457261 0.08484829 0.07471403
v 0.12734401 0.09759085 0.04894948
v 0.13768381 0.08236288 0.04894948
v 0.13457261 0.08484829 0.07471403
v 0.13768381 0.08236288 0.04894948
v 0.14227231 0.07118718 0.07471403
v 0.14227231 0.07118718 0.07471403
v 0.13768381 0.08236288 0.04894948
v 0.14611191 0.06627042 0.04894948
v 0.14227231 0.07118718 0.07471403
v 0.14611191 0.06627042 0.04894948
v 0.14850771 0.05704810 0.07471403
v 0.14850771 0.05704810 0.07471403
v 0.14611191 0.06627042 0.04894948
v 0.15255891 0.04966137 0.04894948
v 0.14850771 0.05704810 0.07471403
v 0.15255891 0.04966137 0.04894948
v 0.15326311 0.04265504 0.07471403
v 0.15326311 0.04265504 0.07471403
v 0.15255891 0.04966137 0.04894948
v 0.15703371 0.03287688 0.04894948
v 0.15326311 0.04265504 0.07471403
v 0.15703371 0.03287688 0.04894948
v 0.15656471 0.02822249 0.07471402
v 0.15656471 0.02822249 0.07471402
v 0.15703371 0.03287688 0.04894948
v 0.15961511 0.01623180 0.04894947
v 0.15656471 0.02822249 0.07471402
v 0.15961511 0.01623180 0.04894947
v 0.15847561 0.01394684 0.07471402
v 0.15847561 0.01394684 0.07471402
v 0.15961511 0.01623180 0.04894947
v 0.16043842 0.00000001 0.04894947
v 0.15847561 0.01394684 0.07471402
v 0.16043842 0.00000001 0.04894947
v 0.15908810 0.00000001 0.07471402
v 0.15908810 0.00000001 0.07471402
v 0.16043842 0.00000001 0.04894947
v 0.15847561 -0.01394683 0.07471402
v 0.15847561 -0.01394683 0.07471402
v 0.16043842 0.00000001 0.04894947
v 0.15961511 -0.01623178 0.04894947
v 0.15847561 -0.01394683 0.07471402
v 0.15961511 -0.01623178 0.04894947
v 0.15656471 -0.02822248 0.07471402
v 0.15656471 -0.02822248 0.07471402
v 0.15961511 -0.01623178 0.04894947
v 0.15703371 -0.03287686 0.04894947
v 0.15656471 -0.02822248 0.07471402
v 0.15703371 -0.03287686 0.04894947
v 0.15326311 -0.04265502 0.07471402
v 0.15326311 -0.04265502 0.07471402
v 0.15703371 -0.03287686 0.04894947
v 0.15386051 -0.04546879 0.04894947
v 0.15326311 -0.04265502 0.07471402
v 0.15386051 -0.04546879 0.04894947
v 0.14850771 -0.05704809 0.07471402
v 0.14850771 -0.05704809 0.07471402
v 0.15386051 -0.04546879 0.04894947
v 0.14958431 -0.05800872 0.04894947
v 0.14850771 -0.05704809 0.07471402
v 0.14958431 -0.05800872 0.04894947
v 0.14418931 -0.07035559 0.04894947
v 0.14418931 -0.07035559 0.04894947
v 0.14958431 -0.05800872 0.04894947
v 0.15084322 -0.05849694 0.02318493
v 0.14418931 -0.07035559 0.04894947
v 0.15084322 -0.05849694 0.02318493
v 0.14438660 -0.07299357 0.02318493
v 0.03399630 0.15817651 0.02318494
v 0.04868237 0.15429062 0.02318494
v 0.03787015 0.15590481 0.04894948
v 0.03787015 0.15590481 0.04894948
v 0.04868237 0.15429062 0.02318494
v 0.05450334 0.15089680 0.04894948
v 0.04868237 0.15429062 0.02318494
v 0.06327968 0.14890011 0.02318493
v 0.05450334 0.15089680 0.04894948
v 0.05450334 0.15089680 0.04894948
v 0.06327968 0.14890011 0.02318493
v 0.07089825 0.14392331 0.04894948
v 0.06327968 0.14890011 0.02318493
v 0.07756294 0.14198431 0.02318493
v 0.07089825 0.14392331 0.04894948
v 0.07089825 0.14392331 0.04894948
v 0.07756294 0.14198431 0.02318493
v 0.08671360 0.13498601 0.04894948
v 0.07756294 0.14198431 0.02318493
v 0.09129814 0.13356721 0.02318493
v 0.08671360 0.13498601 0.04894948
v 0.08671360 0.13498601 0.04894948
v 0.09129814 0.13356721 0.02318493
v 0.10160401 0.12416562 0.04894948
v 0.09129814 0.13356721 0.02318493
v 0.10425370 0.12372041 0.02318493
v 0.10160401 0.12416562 0.04894948
v 0.10160401 0.12416562 0.04894948
v 0.10425370 0.12372041 0.02318493
v 0.11524259 0.11162271 0.04894948
v 0.10425370 0.12372041 0.02318493
v 0.11621240 0.11256212 0.02318493
v 0.11524259 0.11162271 0.04894948
v 0.11524259 0.11162271 0.04894948
v 0.11621240 0.11256212 0.02318493
v 0.12698351 0.10025342 0.02318493
v 0.11524259 0.11162271 0.04894948
v 0.12698351 0.10025342 0.02318493
v 0.12734401 0.09759085 0.04894948
v 0.12734401 0.09759085 0.04894948
v 0.12698351 0.10025342 0.02318493
v 0.13641201 0.08699031 0.02318493
v 0.12734401 0.09759085 0.04894948
v 0.13641201 0.08699031 0.02318493
v 0.13768381 0.08236288 0.04894948
v 0.13768381 0.08236288 0.04894948
v 0.13641201 0.08699031 0.02318493
v 0.14438660 0.07299358 0.02318493
v 0.13768381 0.08236288 0.04894948
v 0.14438660 0.07299358 0.02318493
v 0.14611191 0.06627042 0.04894948
v 0.14611191 0.06627042 0.04894948
v 0.14438660 0.07299358 0.02318493
v 0.15084322 0.05849696 0.02318493
v 0.14611191 0.06627042 0.04894948
v 0.15084322 0.05849696 0.02318493
v 0.15255891 0.04966137 0.04894948
v 0.15255891 0.04966137 0.04894948
v 0.15084322 0.05849696 0.02318493
v 0.15576521 0.04373508 0.02318493
v 0.15255891 0.04966137 0.04894948
v 0.15576521 0.04373508 0.02318493
v 0.15703371 0.03287688 0.04894948
v 0.15703371 0.03287688 0.04894948
v 0.15576521 0.04373508 0.02318493
v 0.15918061 0.02893251 0.02318493
v 0.15703371 0.03287688 0.04894948
v 0.15918061 0.02893251 0.02318493
v 0.15961511 0.01623180 0.04894947
v 0.15961511 0.01623180 0.04894947
v 0.15918061 0.02893251 0.02318493
v 0.16115591 0.01429443 0.02318493
v 0.15961511 0.01623180 0.04894947
v 0.16115591 0.01429443 0.02318493
v 0.16043842 0.00000001 0.04894947
v 0.16043842 0.00000001 0.04894947
v 0.16115591 0.01429443 0.02318493
v 0.16178861 0.00000001 0.02318493
v 0.16043842 0.00000001 0.04894947
v 0.16178861 0.00000001 0.02318493
v 0.16115591 -0.01429441 0.02318493
v 0.16043842 0.00000001 0.04894947
v 0.16115591 -0.01429441 0.02318493
v 0.15961511 -0.01623178 0.04894947
v 0.15961511 -0.01623178 0.04894947
v 0.16115591 -0.01429441 0.02318493
v 0.15918061 -0.02893250 0.02318493
v 0.15961511 -0.01623178 0.04894947
v 0.15918061 -0.02893250 0.02318493
v 0.15703371 -0.03287686 0.04894947
v 0.15703371 -0.03287686 0.04894947
v 0.15918061 -0.02893250 0.02318493
v 0.15576521 -0.04373506 0.02318493
v 0.15703371 -0.03287686 0.04894947
v 0.15576521 -0.04373506 0.02318493
v 0.15386051 -0.04546879 0.04894947
v 0.15386051 -0.04546879 0.04894947
v 0.15576521 -0.04373506 0.02318493
v 0.15084322 -0.05849694 0.02318493
v 0.15386051 -0.04546879 0.04894947
v 0.15084322 -0.05849694 0.02318493
v 0.14958431 -0.05800872 0.04894947
v 0.14418931 -0.07035559 0.04894947
v 0.14438660 -0.07299357 0.02318493
v 0.13768381 -0.08236286 0.04894947
v 0.13768381 -0.08236286 0.04894947
v 0.14438660 -0.07299357 0.02318493
v 0.13641201 -0.08699030 0.02318493
v 0.13768381 -0.08236286 0.04894947
v 0.13641201 -0.08699030 0.02318493
v 0.13010131 -0.09388353 0.04894947
v 0.13010131 -0.09388353 0.04894947
v 0.13641201 -0.08699030 0.02318493
v 0.12698351 -0.10025340 0.02318493
v 0.13010131 -0.09388353 0.04894947
v 0.12698351 -0.10025340 0.02318493
v 0.12150112 -0.10477570 0.04894947
v 0.12150112 -0.10477570 0.04894947
v 0.12698351 -0.10025340 0.02318493
v 0.11621241 -0.11256211 0.02318492
v 0.12150112 -0.10477570 0.04894947
v 0.11621241 -0.11256211 0.02318492
v 0.11196682 -0.11490831 0.04894947
v 0.11196682 -0.11490831 0.04894947
v 0.11621241 -0.11256211 0.02318492
v 0.10425372 -0.12372040 0.02318492
v 0.11196682 -0.11490831 0.04894947
v 0.10425372 -0.12372040 0.02318492
v 0.10160402 -0.12416560 0.04894947
v 0.10160402 -0.12416560 0.04894947
v 0.10425372 -0.12372040 0.02318492
v 0.09129816 -0.13356721 0.02318492
v 0.10160402 -0.12416560 0.04894947
v 0.09129816 -0.13356721 0.02318492
v 0.09053619 -0.13245250 0.04894947
v 0.09053619 -0.13245250 0.04894947
v 0.09129816 -0.13356721 0.02318492
v 0.07890013 -0.13969691 0.04894947
v 0.09053619 -0.13245250 0.04894947
v 0.07890013 -0.13969691 0.04894947
v 0.07769971 -0.13882281 0.07471402
v 0.07769971 -0.13882281 0.07471402
v 0.07890013 -0.13969691 0.04894947
v 0.06684031 -0.14585210 0.04894947
v 0.07769971 -0.13882281 0.07471402
v 0.06684031 -0.14585210 0.04894947
v 0.06386457 -0.14570631 0.07471402
v 0.06386457 -0.14570631 0.07471402
v 0.06684031 -0.14585210 0.04894947
v 0.05450335 -0.15089680 0.04894947
v 0.06386457 -0.14570631 0.07471402
v 0.05450335 -0.15089680 0.04894947
v 0.04970719 -0.15112321 0.07471402
v 0.04970719 -0.15112321 0.07471402
v 0.05450335 -0.15089680 0.04894947
v 0.04203288 -0.15483442 0.04894947
v 0.04970719 -0.15112321 0.07471402
v 0.04203288 -0.15483442 0.04894947
v 0.03544304 -0.15508971 0.07471402
v 0.03544304 -0.15508971 0.07471402
v 0.04203288 -0.15483442 0.04894947
v 0.02956474 -0.15769081 0.04894947
v 0.03544304 -0.15508971 0.07471402
v 0.02956474 -0.15769081 0.04894947
v 0.02127120 -0.15765961 0.07471402
v 0.02127120 -0.15765961 0.07471402
v 0.02956474 -0.15769081 0.04894947
v 0.01722330 -0.15951121 0.04894947
v 0.02127120 -0.15765961 0.07471402
v 0.01722330 -0.15951121 0.04894947
v 0.00736770 -0.15891741 0.07471402
v 0.00736770 -0.15891741 0.07471402
v 0.01722330 -0.15951121 0.04894947
v 0.00516173 -0.16170631 0.02318492
v 0.00516173 -0.16170631 0.02318492
v 0.01722330 -0.15951121 0.04894947
v 0.01942870 -0.16061781 0.02318492
v 0.01942870 -0.16061781 0.02318492
v 0.01722330 -0.15951121 0.04894947
v 0.02956474 -0.15769081 0.04894947
v 0.01942870 -0.16061781 0.02318492
v 0.02956474 -0.15769081 0.04894947
v 0.03399631 -0.15817651 0.02318492
v 0.03399631 -0.15817651 0.02318492
v 0.02956474 -0.15769081 0.04894947
v 0.04203288 -0.15483442 0.04894947
v 0.03399631 -0.15817651 0.02318492
v 0.04203288 -0.15483442 0.04894947
v 0.04868238 -0.15429062 0.02318492
v 0.04868238 -0.15429062 0.02318492
v 0.04203288 -0.15483442 0.04894947
v 0.05450335 -0.15089680 0.04894947
v 0.04868238 -0.15429062 0.02318492
v 0.05450335 -0.15089680 0.04894947
v 0.06327970 -0.14890011 0.02318492
v 0.06327970 -0.14890011 0.02318492
v 0.05450335 -0.15089680 0.04894947
v 0.06684031 -0.14585210 0.04894947
v 0.06327970 -0.14890011 0.02318492
v 0.06684031 -0.14585210 0.04894947
v 0.07756296 -0.14198431 0.02318492
v 0.07756296 -0.14198431 0.02318492
v 0.06684031 -0.14585210 0.04894947
v 0.07890013 -0.13969691 0.04894947
v 0.07756296 -0.14198431 0.02318492
v 0.07890013 -0.13969691 0.04894947
v 0.09129816 -0.13356721 0.02318492
v 0.07769971 -0.13882281 0.07471402
v 0.09098960 -0.13049871 0.07471402
v 0.09053619 -0.13245250 0.04894947
v 0.09053619 -0.13245250 0.04894947
v 0.09098960 -0.13049871 0.07471402
v 0.10160402 -0.12416560 0.04894947
v 0.09098960 -0.13049871 0.07471402
v 0.10351422 -0.12080500 0.07471402
v 0.10160402 -0.12416560 0.04894947
v 0.10160402 -0.12416560 0.04894947
v 0.10351422 -0.12080500 0.07471402
v 0.11196682 -0.11490831 0.04894947
v 0.10351422 -0.12080500 0.07471402
v 0.11506772 -0.10985650 0.07471402
v 0.11196682 -0.11490831 0.04894947
v 0.11196682 -0.11490831 0.04894947
v 0.11506772 -0.10985650 0.07471402
v 0.12150112 -0.10477570 0.04894947
v 0.11506772 -0.10985650 0.07471402
v 0.12546931 -0.09780838 0.07471402
v 0.12150112 -0.10477570 0.04894947
v 0.12150112 -0.10477570 0.04894947
v 0.12546931 -0.09780838 0.07471402
v 0.13010131 -0.09388353 0.04894947
v 0.12546931 -0.09780838 0.07471402
v 0.13457261 -0.08484828 0.07471402
v 0.13010131 -0.09388353 0.04894947
v 0.13010131 -0.09388353 0.04894947
v 0.13457261 -0.08484828 0.07471402
v 0.13768381 -0.08236286 0.04894947
v 0.13457261 -0.08484828 0.07471402
v 0.14227231 -0.07118716 0.07471402
v 0.13768381 -0.08236286 0.04894947
v 0.13768381 -0.08236286 0.04894947
v 0.14227231 -0.07118716 0.07471402
v 0.14418931 -0.07035559 0.04894947
v 0.14227231 -0.07118716 0.07471402
v 0.14850771 -0.05704809 0.07471402
v 0.14418931 -0.07035559 0.04894947
v 0.03544302 0.15508971 0.07471403
v 0.02127118 0.15765961 0.07471403
v 0.02138381 0.15900691 0.04894948
v 0.01147699 0.15372221 0.07940001
v 0.02470289 0.15215790 0.07940001
v 0.01372775 0.15087681 0.07940001
v 0.01372775 0.15087681 0.07940001
v 0.02470289 0.15215790 0.07940001
v 0.02604439 0.14924462 0.07940001
v 0.02604439 0.14924462 0.07940001
v 0.02470289 0.15215790 0.07940001
v 0.03813916 0.14935751 0.07940001
v 0.02604439 0.14924462 0.07940001
v 0.03813916 0.14935751 0.07940001
v 0.03851096 0.14652361 0.07940001
v 0.03851096 0.14652361 0.07940001
v 0.03813916 0.14935751 0.07940001
v 0.05162137 0.14524971 0.07940001
v 0.03851096 0.14652361 0.07940001
v 0.05162137 0.14524971 0.07940001
v 0.05098961 0.14266151 0.07940001
v 0.05098961 0.14266151 0.07940001
v 0.05162137 0.14524971 0.07940001
v 0.06332870 0.13762891 0.07940001
v 0.06332870 0.13762891 0.07940001
v 0.05162137 0.14524971 0.07940001
v 0.06496544 0.13979182 0.07940001
v 0.06332870 0.13762891 0.07940001
v 0.06496544 0.13979182 0.07940001
v 0.07536756 0.13142291 0.07940001
v 0.07536756 0.13142291 0.07940001
v 0.06496544 0.13979182 0.07940001
v 0.07797395 0.13297491 0.07940001
v 0.07536756 0.13142291 0.07940001
v 0.07797395 0.13297491 0.07940001
v 0.08694227 0.12406971 0.07940001
v 0.08694227 0.12406971 0.07940001
v 0.07797395 0.13297491 0.07940001
v 0.09044392 0.12482852 0.07940001
v 0.08694227 0.12406971 0.07940001
v 0.09044392 0.12482852 0.07940001
v 0.09789233 0.11562591 0.07940001
v 0.09789233 0.11562591 0.07940001
v 0.09044392 0.12482852 0.07940001
v 0.10217630 0.11542211 0.07940001
v 0.09789233 0.11562591 0.07940001
v 0.10217630 0.11542211 0.07940001
v 0.10806771 0.10617741 0.07940001
v 0.10806771 0.10617741 0.07940001
v 0.10217630 0.11542211 0.07940001
v 0.11298550 0.10486441 0.07940001
v 0.10806771 0.10617741 0.07940001
v 0.11298550 0.10486441 0.07940001
v 0.11733519 0.09583691 0.07940001
v 0.11733519 0.09583691 0.07940001
v 0.11298550 0.10486441 0.07940001
v 0.12270910 0.09329911 0.07940001
v 0.11733519 0.09583691 0.07940001
v 0.12270910 0.09329911 0.07940001
v 0.12558451 0.08473958 0.07940001
v 0.12558451 0.08473958 0.07940001
v 0.12270910 0.09329911 0.07940001
v 0.13121590 0.08089902 0.07940001
v 0.12558451 0.08473958 0.07940001
v 0.13121590 0.08089902 0.07940001
v 0.13273230 0.07303692 0.07940001
v 0.13273230 0.07303692 0.07940001
v 0.13121590 0.08089902 0.07940001
v 0.13841121 0.06785711 0.07940001
v 0.13273230 0.07303692 0.07940001
v 0.13841121 0.06785711 0.07940001
v 0.13872491 0.06089044 0.07940001
v 0.13872491 0.06089044 0.07940001
v 0.13841121 0.06785711 0.07940001
v 0.14424071 0.05437717 0.07940001
v 0.13872491 0.06089044 0.07940001
v 0.14424071 0.05437717 0.07940001
v 0.14353901 0.04846447 0.07940001
v 0.14353901 0.04846447 0.07940001
v 0.14424071 0.05437717 0.07940001
v 0.14869002 0.04066376 0.07940000
v 0.14353901 0.04846447 0.07940001
v 0.14869002 0.04066376 0.07940000
v 0.14718030 0.03591962 0.07940000
v 0.14718030 0.03591962 0.07940000
v 0.14869002 0.04066376 0.07940000
v 0.15178251 0.02691314 0.07940000
v 0.14718030 0.03591962 0.07940000
v 0.15178251 0.02691314 0.07940000
v 0.14968091 0.02340698 0.07940000
v 0.14968091 0.02340698 0.07940000
v 0.15178251 0.02691314 0.07940000
v 0.15357481 0.01330566 0.07940000
v 0.14968091 0.02340698 0.07940000
v 0.15357481 0.01330566 0.07940000
v 0.15109551 0.01106345 0.07940000
v 0.15109551 0.01106345 0.07940000
v 0.15357481 0.01330566 0.07940000
v 0.15415011 0.00000000 0.07940000
v 0.15109551 0.01106345 0.07940000
v 0.15415011 0.00000000 0.07940000
v 0.14912862 0.01081389 0.07940000
v 0.14912862 0.01081389 0.07940000
v 0.15415011 0.00000000 0.07940000
v 0.14713311 0.01017321 0.07940000
v 0.14713311 0.01017321 0.07940000
v 0.15415011 0.00000000 0.07940000
v 0.14522541 0.00912103 0.07940000
v 0.14522541 0.00912103 0.07940000
v 0.15415011 0.00000000 0.07940000
v 0.14042921 0.00000000 0.07940000
v 0.14522541 0.00912103 0.07940000
v 0.14042921 0.00000000 0.07940000
v 0.14353001 0.00768393 0.07940000
v 0.14353001 0.00768393 0.07940000
v 0.14042921 0.00000000 0.07940000
v 0.14215581 0.00593715 0.07940000
v 0.14215581 0.00593715 0.07940000
v 0.14042921 0.00000000 0.07940000
v 0.14117402 0.00399227 0.07940000
v 0.14117402 0.00399227 0.07940000
v 0.14042921 0.00000000 0.07940000
v 0.14060672 0.00197472 0.07940000
v 0.15357481 -0.01330566 0.07940000
v 0.15109551 -0.01106345 0.07940000
v 0.15415011 0.00000000 0.07940000
v 0.15415011 0.00000000 0.07940000
v 0.15109551 -0.01106345 0.07940000
v 0.14912862 -0.01081388 0.07940000
v 0.15415011 0.00000000 0.07940000
v 0.14912862 -0.01081388 0.07940000
v 0.14713311 -0.01017320 0.07940000
v 0.15109551 -0.01106345 0.07940000
v 0.15357481 -0.01330566 0.07940000
v 0.14968091 -0.02340697 0.07940000
v 0.14968091 -0.02340697 0.07940000
v 0.15357481 -0.01330566 0.07940000
v 0.15178251 -0.02691313 0.07940000
v 0.14968091 -0.02340697 0.07940000
v 0.15178251 -0.02691313 0.07940000
v 0.14718030 -0.03591960 0.07940000
v 0.14718030 -0.03591960 0.07940000
v 0.15178251 -0.02691313 0.07940000
v 0.14869002 -0.04066374 0.07940000
v 0.14718030 -0.03591960 0.07940000
v 0.14869002 -0.04066374 0.07940000
v 0.14353901 -0.04846445 0.07940000
v 0.14353901 -0.04846445 0.07940000
v 0.14869002 -0.04066374 0.07940000
v 0.14424071 -0.05437716 0.07940000
v 0.14353901 -0.04846445 0.07940000
v 0.14424071 -0.05437716 0.07940000
v 0.13872491 -0.06089043 0.07940000
v 0.13872491 -0.06089043 0.07940000
v 0.14424071 -0.05437716 0.07940000
v 0.13841121 -0.06785709 0.07940000
v 0.13872491 -0.06089043 0.07940000
v 0.13841121 -0.06785709 0.07940000
v 0.13273230 -0.07303691 0.07940000
v 0.13273230 -0.07303691 0.07940000
v 0.13841121 -0.06785709 0.07940000
v 0.13121590 -0.08089900 0.07940000
v 0.13273230 -0.07303691 0.07940000
v 0.13121590 -0.08089900 0.07940000
v 0.12558451 -0.08473957 0.07940000
v 0.12558451 -0.08473957 0.07940000
v 0.13121590 -0.08089900 0.07940000
v 0.12270912 -0.09329910 0.07940000
v 0.12558451 -0.08473957 0.07940000
v 0.12270912 -0.09329910 0.07940000
v 0.11733521 -0.09583689 0.07940000
v 0.11733521 -0.09583689 0.07940000
v 0.12270912 -0.09329910 0.07940000
v 0.11298551 -0.10486440 0.07940000
v 0.11733521 -0.09583689 0.07940000
v 0.11298551 -0.10486440 0.07940000
v 0.10806772 -0.10617740 0.07940000
v 0.10806772 -0.10617740 0.07940000
v 0.11298551 -0.10486440 0.07940000
v 0.10217632 -0.11542210 0.07940000
v 0.10806772 -0.10617740 0.07940000
v 0.10217632 -0.11542210 0.07940000
v 0.09789234 -0.11562590 0.07940000
v 0.09789234 -0.11562590 0.07940000
v 0.10217632 -0.11542210 0.07940000
v 0.09044394 -0.12482850 0.07940000
v 0.09789234 -0.11562590 0.07940000
v 0.09044394 -0.12482850 0.07940000
v 0.08694229 -0.12406970 0.07940000
v 0.08694229 -0.12406970 0.07940000
v 0.09044394 -0.12482850 0.07940000
v 0.07797396 -0.13297491 0.07940000
v 0.08694229 -0.12406970 0.07940000
v 0.07797396 -0.13297491 0.07940000
v 0.07536757 -0.13142291 0.07940000
v 0.07536757 -0.13142291 0.07940000
v 0.07797396 -0.13297491 0.07940000
v 0.06496546 -0.13979182 0.07940000
v 0.07536757 -0.13142291 0.07940000
v 0.06496546 -0.13979182 0.07940000
v 0.06332871 -0.13762891 0.07940000
v 0.06332871 -0.13762891 0.07940000
v 0.06496546 -0.13979182 0.07940000
v 0.05162138 -0.14524971 0.07940000
v 0.06332871 -0.13762891 0.07940000
v 0.05162138 -0.14524971 0.07940000
v 0.05098962 -0.14266151 0.07940000
v 0.05098962 -0.14266151 0.07940000
v 0.05162138 -0.14524971 0.07940000
v 0.03851097 -0.14652361 0.07940000
v 0.03851097 -0.14652361 0.07940000
v 0.05162138 -0.14524971 0.07940000
v 0.03813918 -0.14935751 0.07940000
v 0.03851097 -0.14652361 0.07940000
v 0.03813918 -0.14935751 0.07940000
v 0.02604440 -0.14924462 0.07940000
v 0.02604440 -0.14924462 0.07940000
v 0.03813918 -0.14935751 0.07940000
v 0.02470291 -0.15215790 0.07940000
v 0.02604440 -0.14924462 0.07940000
v 0.02470291 -0.15215790 0.07940000
v 0.01372777 -0.15087681 0.07940000
v 0.01372777 -0.15087681 0.07940000
v 0.02470291 -0.15215790 0.07940000
v 0.01147701 -0.15372221 0.07940000
v 0.14713311 -0.01017320 0.07940000
v 0.14522541 -0.00912102 0.07940000
v 0.15415011 0.00000000 0.07940000
v 0.15415011 0.00000000 0.07940000
v 0.14522541 -0.00912102 0.07940000
v 0.14042921 0.00000000 0.07940000
v 0.14522541 -0.00912102 0.07940000
v 0.14353001 -0.00768392 0.07940000
v 0.14042921 0.00000000 0.07940000
v 0.14042921 0.00000000 0.07940000
v 0.14353001 -0.00768392 0.07940000
v 0.14215581 -0.00593714 0.07940000
v 0.14042921 0.00000000 0.07940000
v 0.14215581 -0.00593714 0.07940000
v 0.14117402 -0.00399226 0.07940000
v 0.14117402 -0.00399226 0.07940000
v 0.14060672 -0.00197471 0.07940000
v 0.14042921 0.00000000 0.07940000
v 0.00183902 -0.16590701 0.02318492
v 0.01942870 -0.16061781 0.02318492
v 0.02768280 -0.16966681 0.02318492
v 0.02768280 -0.16966681 0.02318492
v 0.01942870 -0.16061781 0.02318492
v 0.03399631 -0.15817651 0.02318492
v 0.02768280 -0.16966681 0.02318492
v 0.03399631 -0.15817651 0.02318492
v 0.04868238 -0.15429062 0.02318492
v 0.00183902 -0.16590701 0.02318492
v 0.00516173 -0.16170631 0.02318492
v 0.01942870 -0.16061781 0.02318492
v 0.02768280 -0.16966681 0.02318492
v 0.04868238 -0.15429062 0.02318492
v 0.06232723 -0.16593070 0.02318492
v 0.06232723 -0.16593070 0.02318492
v 0.04868238 -0.15429062 0.02318492
v 0.06327970 -0.14890011 0.02318492
v 0.06232723 -0.16593070 0.02318492
v 0.06327970 -0.14890011 0.02318492
v 0.07409287 -0.16102152 0.02318492
v 0.07409287 -0.16102152 0.02318492
v 0.06327970 -0.14890011 0.02318492
v 0.07756296 -0.14198431 0.02318492
v 0.07409287 -0.16102152 0.02318492
v 0.07756296 -0.14198431 0.02318492
v 0.08569918 -0.15515581 0.02318492
v 0.08569918 -0.15515581 0.02318492
v 0.07756296 -0.14198431 0.02318492
v 0.09129816 -0.13356721 0.02318492
v 0.08569918 -0.15515581 0.02318492
v 0.09129816 -0.13356721 0.02318492
v 0.09703469 -0.14833061 0.02318492
v 0.09703469 -0.14833061 0.02318492
v 0.09129816 -0.13356721 0.02318492
v 0.10425372 -0.12372040 0.02318492
v 0.09703469 -0.14833061 0.02318492
v 0.10425372 -0.12372040 0.02318492
v 0.10798471 -0.14055961 0.02318492
v 0.10798471 -0.14055961 0.02318492
v 0.10425372 -0.12372040 0.02318492
v 0.11843482 -0.13187452 0.02318492
v 0.11843482 -0.13187452 0.02318492
v 0.10425372 -0.12372040 0.02318492
v 0.11621241 -0.11256211 0.02318492
v 0.11843482 -0.13187452 0.02318492
v 0.11621241 -0.11256211 0.02318492
v 0.12827390 -0.12232541 0.02318492
v 0.12827390 -0.12232541 0.02318492
v 0.11621241 -0.11256211 0.02318492
v 0.12698351 -0.10025340 0.02318493
v 0.12827390 -0.12232541 0.02318492
v 0.12698351 -0.10025340 0.02318493
v 0.13739811 -0.11197971 0.02318492
v 0.13739811 -0.11197971 0.02318492
v 0.12698351 -0.10025340 0.02318493
v 0.13641201 -0.08699030 0.02318493
v 0.13739811 -0.11197971 0.02318492
v 0.13641201 -0.08699030 0.02318493
v 0.14571412 -0.10092120 0.02318493
v 0.14571412 -0.10092120 0.02318493
v 0.13641201 -0.08699030 0.02318493
v 0.14438660 -0.07299357 0.02318493
v 0.14571412 -0.10092120 0.02318493
v 0.14438660 -0.07299357 0.02318493
v 0.15314221 -0.08924772 0.02318493
v 0.15314221 -0.08924772 0.02318493
v 0.14438660 -0.07299357 0.02318493
v 0.15961881 -0.07706827 0.02318493
v 0.15961881 -0.07706827 0.02318493
v 0.14438660 -0.07299357 0.02318493
v 0.15084322 -0.05849694 0.02318493
v 0.15961881 -0.07706827 0.02318493
v 0.15084322 -0.05849694 0.02318493
v 0.16509841 -0.06449972 0.02318493
v 0.16509841 -0.06449972 0.02318493
v 0.15084322 -0.05849694 0.02318493
v 0.15576521 -0.04373506 0.02318493
v 0.16509841 -0.06449972 0.02318493
v 0.15576521 -0.04373506 0.02318493
v 0.16955420 -0.05166305 0.02318493
v 0.16955420 -0.05166305 0.02318493
v 0.15576521 -0.04373506 0.02318493
v 0.15918061 -0.02893250 0.02318493
v 0.16955420 -0.05166305 0.02318493
v 0.15918061 -0.02893250 0.02318493
v 0.17297851 -0.03867973 0.02318493
v 0.17297851 -0.03867973 0.02318493
v 0.15918061 -0.02893250 0.02318493
v 0.17538202 -0.02566816 0.02318493
v 0.17538202 -0.02566816 0.02318493
v 0.15918061 -0.02893250 0.02318493
v 0.16115591 -0.01429441 0.02318493
v 0.17538202 -0.02566816 0.02318493
v 0.16115591 -0.01429441 0.02318493
v 0.17679191 -0.01274049 0.02318493
v 0.17679191 -0.01274049 0.02318493
v 0.16115591 -0.01429441 0.02318493
v 0.16178861 0.00000001 0.02318493
v 0.17679191 -0.01274049 0.02318493
v 0.16178861 0.00000001 0.02318493
v 0.17725042 0.00000001 0.02318493
v 0.17725042 0.00000001 0.02318493
v 0.16178861 0.00000001 0.02318493
v 0.17679191 0.01274051 0.02318493
v 0.17679191 0.01274051 0.02318493
v 0.16178861 0.00000001 0.02318493
v 0.16115591 0.01429443 0.02318493
v 0.17679191 0.01274051 0.02318493
v 0.16115591 0.01429443 0.02318493
v 0.17538202 0.02566818 0.02318493
v 0.17538202 0.02566818 0.02318493
v 0.16115591 0.01429443 0.02318493
v 0.15918061 0.02893251 0.02318493
v 0.17538202 0.02566818 0.02318493
v 0.15918061 0.02893251 0.02318493
v 0.17297851 0.03867975 0.02318493
v 0.17297851 0.03867975 0.02318493
v 0.15918061 0.02893251 0.02318493
v 0.16955420 0.05166306 0.02318493
v 0.16955420 0.05166306 0.02318493
v 0.15918061 0.02893251 0.02318493
v 0.15576521 0.04373508 0.02318493
v 0.16955420 0.05166306 0.02318493
v 0.15576521 0.04373508 0.02318493
v 0.16509841 0.06449974 0.02318493
v 0.16509841 0.06449974 0.02318493
v 0.15576521 0.04373508 0.02318493
v 0.15084322 0.05849696 0.02318493
v 0.16509841 0.06449974 0.02318493
v 0.15084322 0.05849696 0.02318493
v 0.15961881 0.07706828 0.02318493
v 0.15961881 0.07706828 0.02318493
v 0.15084322 0.05849696 0.02318493
v 0.14438660 0.07299358 0.02318493
v 0.15961881 0.07706828 0.02318493
v 0.14438660 0.07299358 0.02318493
v 0.15314221 0.08924773 0.02318493
v 0.15314221 0.08924773 0.02318493
v 0.14438660 0.07299358 0.02318493
v 0.14571412 0.10092121 0.02318493
v 0.14571412 0.10092121 0.02318493
v 0.14438660 0.07299358 0.02318493
v 0.13641201 0.08699031 0.02318493
v 0.14571412 0.10092121 0.02318493
v 0.13641201 0.08699031 0.02318493
v 0.13739811 0.11197972 0.02318493
v 0.13739811 0.11197972 0.02318493
v 0.13641201 0.08699031 0.02318493
v 0.12698351 0.10025342 0.02318493
v 0.13739811 0.11197972 0.02318493
v 0.12698351 0.10025342 0.02318493
v 0.12827390 0.12232542 0.02318493
v 0.12827390 0.12232542 0.02318493
v 0.12698351 0.10025342 0.02318493
v 0.11621240 0.11256212 0.02318493
v 0.12827390 0.12232542 0.02318493
v 0.11621240 0.11256212 0.02318493
v 0.11843480 0.13187452 0.02318493
v 0.11843480 0.13187452 0.02318493
v 0.11621240 0.11256212 0.02318493
v 0.10425370 0.12372041 0.02318493
v 0.11843480 0.13187452 0.02318493
v 0.10425370 0.12372041 0.02318493
v 0.10798470 0.14055961 0.02318493
v 0.10798470 0.14055961 0.02318493
v 0.10425370 0.12372041 0.02318493
v 0.09703467 0.14833061 0.02318493
v 0.09703467 0.14833061 0.02318493
v 0.10425370 0.12372041 0.02318493
v 0.09129814 0.13356721 0.02318493
v 0.09703467 0.14833061 0.02318493
v 0.09129814 0.13356721 0.02318493
v 0.08569916 0.15515581 0.02318494
v 0.08569916 0.15515581 0.02318494
v 0.09129814 0.13356721 0.02318493
v 0.07756294 0.14198431 0.02318493
v 0.08569916 0.15515581 0.02318494
v 0.07756294 0.14198431 0.02318493
v 0.07409286 0.16102152 0.02318494
v 0.07409286 0.16102152 0.02318494
v 0.07756294 0.14198431 0.02318493
v 0.06327968 0.14890011 0.02318493
v 0.07409286 0.16102152 0.02318494
v 0.06327968 0.14890011 0.02318493
v 0.06232721 0.16593070 0.02318494
v 0.06232721 0.16593070 0.02318494
v 0.06327968 0.14890011 0.02318493
v 0.04868237 0.15429062 0.02318494
v 0.06232721 0.16593070 0.02318494
v 0.04868237 0.15429062 0.02318494
v 0.02768278 0.16966681 0.02318494
v 0.02768278 0.16966681 0.02318494
v 0.04868237 0.15429062 0.02318494
v 0.03399630 0.15817651 0.02318494
v 0.02768278 0.16966681 0.02318494
v 0.03399630 0.15817651 0.02318494
v 0.01942868 0.16061781 0.02318494
v 0.00516172 0.16170631 0.02318494
v 0.00183900 0.16590701 0.02318494
v 0.01942868 0.16061781 0.02318494
v 0.01942868 0.16061781 0.02318494
v 0.00183900 0.16590701 0.02318494
v 0.02768278 0.16966681 0.02318494
v 0.03645165 0.17038241 0.02318490
v 0.04524096 0.16999181 0.02318492
v 0.02768278 0.16966681 0.02318494
v 0.02768278 0.16966681 0.02318494
v 0.04524096 0.16999181 0.02318492
v 0.04773640 0.16967762 0.02318494
v 0.02768278 0.16966681 0.02318494
v 0.04773640 0.16967762 0.02318494
v 0.05513121 0.16819902 0.02318495
v 0.05513121 0.16819902 0.02318495
v 0.06232721 0.16593070 0.02318494
v 0.02768278 0.16966681 0.02318494
v 0.06232723 -0.16593070 0.02318492
v 0.05513122 -0.16819902 0.02318493
v 0.02768280 -0.16966681 0.02318492
v 0.02768280 -0.16966681 0.02318492
v 0.05513122 -0.16819902 0.02318493
v 0.04773641 -0.16967762 0.02318492
v 0.02768280 -0.16966681 0.02318492
v 0.04773641 -0.16967762 0.02318492
v 0.04524102 -0.16999181 0.02318490
v 0.04524102 -0.16999181 0.02318490
v 0.03645168 -0.17038241 0.02318488
v 0.02768280 -0.16966681 0.02318492
v 0.02733662 0.16651201 0.08180289
v 0.02768278 0.16966681 0.02318494
v 0.01499595 0.16617110 0.05434016
v 0.01499595 0.16617110 0.05434016
v 0.02768278 0.16966681 0.02318494
v 0.00183900 0.16590701 0.02318494
v 0.01499595 0.16617110 0.05434016
v 0.00183900 0.16590701 0.02318494
v 0.00417985 0.16294761 0.08549539
v 0.00417985 0.16294761 0.08549539
v 0.01560410 0.16469242 0.08393297
v 0.01499595 0.16617110 0.05434016
v 0.01499595 0.16617110 0.05434016
v 0.01560410 0.16469242 0.08393297
v 0.02733662 0.16651201 0.08180289
v 0.00516172 0.16170631 0.02318494
v 0.00736768 0.15891741 0.07471403
v 0.00183900 0.16590701 0.02318494
v 0.00183900 0.16590701 0.02318494
v 0.00736768 0.15891741 0.07471403
v 0.00417985 0.16294761 0.08549539
v 0.00417985 0.16294761 0.08549539
v 0.00736768 0.15891741 0.07471403
v 0.00742594 0.15884371 0.07532801
v 0.00417985 0.16294761 0.08549539
v 0.00742594 0.15884371 0.07532801
v 0.00761027 0.15861070 0.07615599
v 0.00761027 0.15861070 0.07615599
v 0.00795090 0.15818012 0.07701660
v 0.00417985 0.16294761 0.08549539
v 0.00417985 0.16294761 0.08549539
v 0.00795090 0.15818012 0.07701660
v 0.01014249 0.15540941 0.09016657
v 0.01014249 0.15540941 0.09016657
v 0.00795090 0.15818012 0.07701660
v 0.00839590 0.15761751 0.07774590
v 0.01014249 0.15540941 0.09016657
v 0.00839590 0.15761751 0.07774590
v 0.00902409 0.15682331 0.07843650
v 0.00902409 0.15682331 0.07843650
v 0.00972034 0.15594311 0.07893397
v 0.01014249 0.15540941 0.09016657
v 0.01014249 0.15540941 0.09016657
v 0.00972034 0.15594311 0.07893397
v 0.01058629 0.15484831 0.07928513
v 0.01014249 0.15540941 0.09016657
v 0.01058629 0.15484831 0.07928513
v 0.01147699 0.15372221 0.07940001
v 0.01372775 0.15087681 0.07940001
v 0.01372775 0.15087681 0.09016657
v 0.01147699 0.15372221 0.07940001
v 0.01147699 0.15372221 0.07940001
v 0.01372775 0.15087681 0.09016657
v 0.01014249 0.15540941 0.09016657
v 0.00516173 -0.16170631 0.02318492
v 0.00183902 -0.16590701 0.02318492
v 0.00736770 -0.15891741 0.07471402
v 0.00736770 -0.15891741 0.07471402
v 0.00183902 -0.16590701 0.02318492
v 0.00417986 -0.16294761 0.08549538
v 0.00736770 -0.15891741 0.07471402
v 0.00417986 -0.16294761 0.08549538
v 0.00742595 -0.15884371 0.07532800
v 0.00742595 -0.15884371 0.07532800
v 0.00417986 -0.16294761 0.08549538
v 0.00761028 -0.15861070 0.07615598
v 0.00761028 -0.15861070 0.07615598
v 0.00417986 -0.16294761 0.08549538
v 0.00795091 -0.15818012 0.07701659
v 0.00795091 -0.15818012 0.07701659
v 0.00417986 -0.16294761 0.08549538
v 0.01014251 -0.15540941 0.09016655
v 0.00795091 -0.15818012 0.07701659
v 0.01014251 -0.15540941 0.09016655
v 0.00839592 -0.15761751 0.07774588
v 0.00839592 -0.15761751 0.07774588
v 0.01014251 -0.15540941 0.09016655
v 0.00902411 -0.15682331 0.07843649
v 0.00902411 -0.15682331 0.07843649
v 0.01014251 -0.15540941 0.09016655
v 0.00972035 -0.15594311 0.07893396
v 0.00972035 -0.15594311 0.07893396
v 0.01014251 -0.15540941 0.09016655
v 0.01058631 -0.15484831 0.07928512
v 0.01058631 -0.15484831 0.07928512
v 0.01014251 -0.15540941 0.09016655
v 0.01147701 -0.15372221 0.07940000
v 0.01147701 -0.15372221 0.07940000
v 0.01014251 -0.15540941 0.09016655
v 0.01372777 -0.15087681 0.09016655
v 0.01147701 -0.15372221 0.07940000
v 0.01372777 -0.15087681 0.09016655
v 0.01372777 -0.15087681 0.07940000
v 0.15109551 -0.01106345 0.08916656
v 0.15111341 -0.01081555 0.08941495
v 0.14912862 -0.01081388 0.08916656
v 0.14912862 -0.01081388 0.08916656
v 0.15111341 -0.01081555 0.08941495
v 0.15113100 -0.01056759 0.08966339
v 0.14912862 -0.01081388 0.08916656
v 0.15113100 -0.01056759 0.08966339
v 0.14789811 -0.00993826 0.08966656
v 0.14789811 -0.00993826 0.08966656
v 0.15113100 -0.01056759 0.08966339
v 0.14937201 -0.00984345 0.09016656
v 0.14789811 -0.00993826 0.08966656
v 0.14937201 -0.00984345 0.09016656
v 0.14755142 -0.00926447 0.09016656
v 0.15113100 -0.01056759 0.08966339
v 0.15114830 -0.01031643 0.08991499
v 0.14937201 -0.00984345 0.09016656
v 0.14937201 -0.00984345 0.09016656
v 0.15114830 -0.01031643 0.08991499
v 0.15116532 -0.01006528 0.09016656
v 0.14755142 -0.00926447 0.09016656
v 0.14580981 -0.00830926 0.09016656
v 0.14789811 -0.00993826 0.08966656
v 0.14789811 -0.00993826 0.08966656
v 0.14580981 -0.00830926 0.09016656
v 0.14479922 -0.00817572 0.08966656
v 0.14789811 -0.00993826 0.08966656
v 0.14479922 -0.00817572 0.08966656
v 0.14522541 -0.00912102 0.08916656
v 0.14522541 -0.00912102 0.08916656
v 0.14479922 -0.00817572 0.08966656
v 0.14353001 -0.00768392 0.08916656
v 0.14353001 -0.00768392 0.08916656
v 0.14479922 -0.00817572 0.08966656
v 0.14242601 -0.00542259 0.08966656
v 0.14353001 -0.00768392 0.08916656
v 0.14242601 -0.00542259 0.08966656
v 0.14215581 -0.00593714 0.08916656
v 0.14215581 -0.00593714 0.08916656
v 0.14242601 -0.00542259 0.08966656
v 0.14117402 -0.00399226 0.08916656
v 0.14117402 -0.00399226 0.08916656
v 0.14242601 -0.00542259 0.08966656
v 0.14115311 -0.00216456 0.08966656
v 0.14117402 -0.00399226 0.08916656
v 0.14115311 -0.00216456 0.08966656
v 0.14060672 -0.00197471 0.08916656
v 0.14060672 -0.00197471 0.08916656
v 0.14115311 -0.00216456 0.08966656
v 0.14092921 0.00000000 0.08966656
v 0.14060672 -0.00197471 0.08916656
v 0.14092921 0.00000000 0.08966656
v 0.14042921 0.00000000 0.08916656
v 0.14042921 0.00000000 0.08916656
v 0.14092921 0.00000000 0.08966656
v 0.14060672 0.00197472 0.08916656
v 0.14060672 0.00197472 0.08916656
v 0.14092921 0.00000000 0.08966656
v 0.14115311 0.00216456 0.08966656
v 0.14060672 0.00197472 0.08916656
v 0.14115311 0.00216456 0.08966656
v 0.14117402 0.00399227 0.08916656
v 0.14117402 0.00399227 0.08916656
v 0.14115311 0.00216456 0.08966656
v 0.14187160 0.00436307 0.08966656
v 0.14117402 0.00399227 0.08916656
v 0.14187160 0.00436307 0.08966656
v 0.14215581 0.00593715 0.08916656
v 0.14215581 0.00593715 0.08916656
v 0.14187160 0.00436307 0.08966656
v 0.14310610 0.00642533 0.08966656
v 0.14215581 0.00593715 0.08916656
v 0.14310610 0.00642533 0.08966656
v 0.14353001 0.00768393 0.08916656
v 0.14353001 0.00768393 0.08916656
v 0.14310610 0.00642533 0.08966656
v 0.14479922 0.00817573 0.08966656
v 0.14353001 0.00768393 0.08916656
v 0.14479922 0.00817573 0.08966656
v 0.14522541 0.00912103 0.08916656
v 0.14522541 0.00912103 0.08916656
v 0.14479922 0.00817573 0.08966656
v 0.14681931 0.00947809 0.08966656
v 0.14522541 0.00912103 0.08916656
v 0.14681931 0.00947809 0.08966656
v 0.14713311 0.01017321 0.08916656
v 0.14713311 0.01017321 0.08916656
v 0.14681931 0.00947809 0.08966656
v 0.14899272 0.01026920 0.08966656
v 0.14713311 0.01017321 0.08916656
v 0.14899272 0.01026920 0.08966656
v 0.14912862 0.01081389 0.08916656
v 0.14912862 0.01081389 0.08916656
v 0.14899272 0.01026920 0.08966656
v 0.15111341 0.01081556 0.08941495
v 0.14912862 0.01081389 0.08916656
v 0.15111341 0.01081556 0.08941495
v 0.15109551 0.01106345 0.08916656
v 0.14580981 -0.00830926 0.09016656
v 0.14426151 -0.00700182 0.09016656
v 0.14479922 -0.00817572 0.08966656
v 0.14479922 -0.00817572 0.08966656
v 0.14426151 -0.00700182 0.09016656
v 0.14242601 -0.00542259 0.08966656
v 0.14426151 -0.00700182 0.09016656
v 0.14300621 -0.00541084 0.09016656
v 0.14242601 -0.00542259 0.08966656
v 0.14242601 -0.00542259 0.08966656
v 0.14300621 -0.00541084 0.09016656
v 0.14210941 -0.00363849 0.09016656
v 0.14242601 -0.00542259 0.08966656
v 0.14210941 -0.00363849 0.09016656
v 0.14115311 -0.00216456 0.08966656
v 0.14115311 -0.00216456 0.08966656
v 0.14210941 -0.00363849 0.09016656
v 0.14159131 -0.00179963 0.09016656
v 0.14115311 -0.00216456 0.08966656
v 0.14159131 -0.00179963 0.09016656
v 0.14092921 0.00000000 0.08966656
v 0.14092921 0.00000000 0.08966656
v 0.14159131 -0.00179963 0.09016656
v 0.14142920 0.00000000 0.09016656
v 0.14092921 0.00000000 0.08966656
v 0.14142920 0.00000000 0.09016656
v 0.14159131 0.00179964 0.09016656
v 0.14092921 0.00000000 0.08966656
v 0.14159131 0.00179964 0.09016656
v 0.14115311 0.00216456 0.08966656
v 0.14115311 0.00216456 0.08966656
v 0.14159131 0.00179964 0.09016656
v 0.14210941 0.00363850 0.09016656
v 0.14115311 0.00216456 0.08966656
v 0.14210941 0.00363850 0.09016656
v 0.14187160 0.00436307 0.08966656
v 0.14187160 0.00436307 0.08966656
v 0.14210941 0.00363850 0.09016656
v 0.14300621 0.00541085 0.09016656
v 0.14187160 0.00436307 0.08966656
v 0.14300621 0.00541085 0.09016656
v 0.14310610 0.00642533 0.08966656
v 0.14310610 0.00642533 0.08966656
v 0.14300621 0.00541085 0.09016656
v 0.14426151 0.00700182 0.09016656
v 0.14310610 0.00642533 0.08966656
v 0.14426151 0.00700182 0.09016656
v 0.14479922 0.00817573 0.08966656
v 0.14479922 0.00817573 0.08966656
v 0.14426151 0.00700182 0.09016656
v 0.14580981 0.00830927 0.09016656
v 0.14479922 0.00817573 0.08966656
v 0.14580981 0.00830927 0.09016656
v 0.14681931 0.00947809 0.08966656
v 0.14681931 0.00947809 0.08966656
v 0.14580981 0.00830927 0.09016656
v 0.14755142 0.00926448 0.09016656
v 0.14681931 0.00947809 0.08966656
v 0.14755142 0.00926448 0.09016656
v 0.14899272 0.01026920 0.08966656
v 0.14899272 0.01026920 0.08966656
v 0.14755142 0.00926448 0.09016656
v 0.14937201 0.00984346 0.09016656
v 0.14899272 0.01026920 0.08966656
v 0.14937201 0.00984346 0.09016656
v 0.15113100 0.01056760 0.08966338
v 0.15113100 0.01056760 0.08966338
v 0.14937201 0.00984346 0.09016656
v 0.15114830 0.01031644 0.08991499
v 0.15114830 0.01031644 0.08991499
v 0.14937201 0.00984346 0.09016656
v 0.15116532 0.01006529 0.09016656
v 0.15113100 0.01056760 0.08966338
v 0.15111341 0.01081556 0.08941495
v 0.14899272 0.01026920 0.08966656
v 0.14522541 -0.00912102 0.08916656
v 0.14713311 -0.01017320 0.08916656
v 0.14789811 -0.00993826 0.08966656
v 0.14789811 -0.00993826 0.08966656
v 0.14713311 -0.01017320 0.08916656
v 0.14912862 -0.01081388 0.08916656
v 0.14977211 0.00933732 0.09016656
v 0.15150000 0.00949585 0.09016656
v 0.15116532 0.01006529 0.09016656
v 0.15116532 0.01006529 0.09016656
v 0.15150000 0.00949585 0.09016656
v 0.15301880 0.00937360 0.09016656
v 0.15116532 0.01006529 0.09016656
v 0.15301880 0.00937360 0.09016656
v 0.15414020 0.02226502 0.09016656
v 0.15414020 0.02226502 0.09016656
v 0.15301880 0.00937360 0.09016656
v 0.15456231 0.00898851 0.09016656
v 0.15414020 0.02226502 0.09016656
v 0.15456231 0.00898851 0.09016656
v 0.15546462 0.00925764 0.09016656
v 0.15546462 0.00925764 0.09016656
v 0.15456231 0.00898851 0.09016656
v 0.15606230 0.00832805 0.09016656
v 0.15546462 0.00925764 0.09016656
v 0.15606230 0.00832805 0.09016656
v 0.15672041 0.00861215 0.09016656
v 0.15672041 0.00861215 0.09016656
v 0.15606230 0.00832805 0.09016656
v 0.15744612 0.00740370 0.09016656
v 0.15672041 0.00861215 0.09016656
v 0.15744612 0.00740370 0.09016656
v 0.15790921 0.00776815 0.09016656
v 0.15790921 0.00776815 0.09016656
v 0.15744612 0.00740370 0.09016656
v 0.15864731 0.00625196 0.09016656
v 0.15790921 0.00776815 0.09016656
v 0.15864731 0.00625196 0.09016656
v 0.15898532 0.00673734 0.09016656
v 0.15898532 0.00673734 0.09016656
v 0.15864731 0.00625196 0.09016656
v 0.15961590 0.00492983 0.09016656
v 0.15898532 0.00673734 0.09016656
v 0.15961590 0.00492983 0.09016656
v 0.15990680 0.00554505 0.09016656
v 0.15990680 0.00554505 0.09016656
v 0.15961590 0.00492983 0.09016656
v 0.16032501 0.00350577 0.09016656
v 0.15990680 0.00554505 0.09016656
v 0.16032501 0.00350577 0.09016656
v 0.16064012 0.00422862 0.09016656
v 0.16064012 0.00422862 0.09016656
v 0.16032501 0.00350577 0.09016656
v 0.16116402 0.00283357 0.09016656
v 0.16116402 0.00283357 0.09016656
v 0.16032501 0.00350577 0.09016656
v 0.16077210 0.00204915 0.09016656
v 0.16116402 0.00283357 0.09016656
v 0.16077210 0.00204915 0.09016656
v 0.16147192 0.00140855 0.09016656
v 0.16147192 0.00140855 0.09016656
v 0.16077210 0.00204915 0.09016656
v 0.16098051 0.00053976 0.09016656
v 0.16147192 0.00140855 0.09016656
v 0.16098051 0.00053976 0.09016656
v 0.16157080 0.00000000 0.09016656
v 0.16157080 0.00000000 0.09016656
v 0.16098051 0.00053976 0.09016656
v 0.16147192 -0.00140854 0.09016656
v 0.16147192 -0.00140854 0.09016656
v 0.16098051 0.00053976 0.09016656
v 0.16093761 -0.00105049 0.09016656
v 0.16147192 -0.00140854 0.09016656
v 0.16093761 -0.00105049 0.09016656
v 0.16116402 -0.00283357 0.09016656
v 0.16116402 -0.00283357 0.09016656
v 0.16093761 -0.00105049 0.09016656
v 0.16061631 -0.00265768 0.09016656
v 0.16116402 -0.00283357 0.09016656
v 0.16061631 -0.00265768 0.09016656
v 0.16064012 -0.00422861 0.09016656
v 0.16064012 -0.00422861 0.09016656
v 0.16061631 -0.00265768 0.09016656
v 0.16001241 -0.00420835 0.09016656
v 0.16064012 -0.00422861 0.09016656
v 0.16001241 -0.00420835 0.09016656
v 0.15990680 -0.00554504 0.09016656
v 0.15990680 -0.00554504 0.09016656
v 0.16001241 -0.00420835 0.09016656
v 0.15914701 -0.00562977 0.09016656
v 0.15990680 -0.00554504 0.09016656
v 0.15914701 -0.00562977 0.09016656
v 0.15898532 -0.00673733 0.09016656
v 0.15898532 -0.00673733 0.09016656
v 0.15914701 -0.00562977 0.09016656
v 0.15806502 -0.00686085 0.09016656
v 0.15898532 -0.00673733 0.09016656
v 0.15806502 -0.00686085 0.09016656
v 0.15790921 -0.00776814 0.09016656
v 0.15790921 -0.00776814 0.09016656
v 0.15806502 -0.00686085 0.09016656
v 0.15682751 -0.00786055 0.09016656
v 0.15790921 -0.00776814 0.09016656
v 0.15682751 -0.00786055 0.09016656
v 0.15672041 -0.00861214 0.09016656
v 0.15672041 -0.00861214 0.09016656
v 0.15682751 -0.00786055 0.09016656
v 0.15550171 -0.00861145 0.09016656
v 0.15672041 -0.00861214 0.09016656
v 0.15550171 -0.00861145 0.09016656
v 0.15546462 -0.00925764 0.09016656
v 0.15546462 -0.00925764 0.09016656
v 0.15550171 -0.00861145 0.09016656
v 0.15354910 -0.00927211 0.09016656
v 0.15546462 -0.00925764 0.09016656
v 0.15354910 -0.00927211 0.09016656
v 0.15414020 -0.02226501 0.09016656
v 0.15414020 -0.02226501 0.09016656
v 0.15354910 -0.00927211 0.09016656
v 0.15116532 -0.01006528 0.09016656
v 0.15414020 -0.02226501 0.09016656
v 0.15116532 -0.01006528 0.09016656
v 0.14982481 -0.02246727 0.09016656
v 0.15354910 -0.00927211 0.09016656
v 0.15150000 -0.00949584 0.09016656
v 0.15116532 -0.01006528 0.09016656
v 0.15116532 -0.01006528 0.09016656
v 0.15150000 -0.00949584 0.09016656
v 0.14977211 -0.00933731 0.09016656
v 0.15116532 -0.01006528 0.09016656
v 0.14977211 -0.00933731 0.09016656
v 0.14937201 -0.00984345 0.09016656
v 0.14937201 -0.00984345 0.09016656
v 0.14977211 -0.00933731 0.09016656
v 0.14800461 -0.00882912 0.09016656
v 0.14937201 -0.00984345 0.09016656
v 0.14800461 -0.00882912 0.09016656
v 0.14755142 -0.00926447 0.09016656
v 0.14755142 -0.00926447 0.09016656
v 0.14800461 -0.00882912 0.09016656
v 0.14630380 -0.00794797 0.09016656
v 0.14755142 -0.00926447 0.09016656
v 0.14630380 -0.00794797 0.09016656
v 0.14580981 -0.00830926 0.09016656
v 0.14580981 -0.00830926 0.09016656
v 0.14630380 -0.00794797 0.09016656
v 0.14478542 -0.00671457 0.09016656
v 0.14580981 -0.00830926 0.09016656
v 0.14478542 -0.00671457 0.09016656
v 0.14426151 -0.00700182 0.09016656
v 0.14426151 -0.00700182 0.09016656
v 0.14478542 -0.00671457 0.09016656
v 0.14355201 -0.00519622 0.09016656
v 0.14426151 -0.00700182 0.09016656
v 0.14355201 -0.00519622 0.09016656
v 0.14300621 -0.00541084 0.09016656
v 0.14300621 -0.00541084 0.09016656
v 0.14355201 -0.00519622 0.09016656
v 0.14267091 -0.00349537 0.09016656
v 0.14300621 -0.00541084 0.09016656
v 0.14267091 -0.00349537 0.09016656
v 0.14210941 -0.00363849 0.09016656
v 0.14210941 -0.00363849 0.09016656
v 0.14267091 -0.00349537 0.09016656
v 0.14216271 -0.00172789 0.09016656
v 0.14210941 -0.00363849 0.09016656
v 0.14216271 -0.00172789 0.09016656
v 0.14159131 -0.00179963 0.09016656
v 0.14159131 -0.00179963 0.09016656
v 0.14216271 -0.00172789 0.09016656
v 0.14200421 0.00000000 0.09016656
v 0.14159131 -0.00179963 0.09016656
v 0.14200421 0.00000000 0.09016656
v 0.14142920 0.00000000 0.09016656
v 0.14142920 0.00000000 0.09016656
v 0.14200421 0.00000000 0.09016656
v 0.14159131 0.00179964 0.09016656
v 0.14159131 0.00179964 0.09016656
v 0.14200421 0.00000000 0.09016656
v 0.14216271 0.00172790 0.09016656
v 0.14159131 0.00179964 0.09016656
v 0.14216271 0.00172790 0.09016656
v 0.14210941 0.00363850 0.09016656
v 0.14210941 0.00363850 0.09016656
v 0.14216271 0.00172790 0.09016656
v 0.14267091 0.00349537 0.09016656
v 0.14210941 0.00363850 0.09016656
v 0.14267091 0.00349537 0.09016656
v 0.14300621 0.00541085 0.09016656
v 0.14300621 0.00541085 0.09016656
v 0.14267091 0.00349537 0.09016656
v 0.14355201 0.00519622 0.09016656
v 0.14300621 0.00541085 0.09016656
v 0.14355201 0.00519622 0.09016656
v 0.14426151 0.00700182 0.09016656
v 0.14426151 0.00700182 0.09016656
v 0.14355201 0.00519622 0.09016656
v 0.14478542 0.00671458 0.09016656
v 0.14426151 0.00700182 0.09016656
v 0.14478542 0.00671458 0.09016656
v 0.14580981 0.00830927 0.09016656
v 0.14580981 0.00830927 0.09016656
v 0.14478542 0.00671458 0.09016656
v 0.14630380 0.00794798 0.09016656
v 0.14580981 0.00830927 0.09016656
v 0.14630380 0.00794798 0.09016656
v 0.14755142 0.00926448 0.09016656
v 0.14755142 0.00926448 0.09016656
v 0.14630380 0.00794798 0.09016656
v 0.14800461 0.00882913 0.09016656
v 0.14755142 0.00926448 0.09016656
v 0.14800461 0.00882913 0.09016656
v 0.14937201 0.00984346 0.09016656
v 0.14937201 0.00984346 0.09016656
v 0.14800461 0.00882913 0.09016656
v 0.14977211 0.00933732 0.09016656
v 0.14937201 0.00984346 0.09016656
v 0.14977211 0.00933732 0.09016656
v 0.15116532 0.01006529 0.09016656
v 0.01014249 0.15540941 0.09016657
v 0.01372775 0.15087681 0.09016657
v 0.02314213 0.15401101 0.09016657
v 0.02314213 0.15401101 0.09016657
v 0.01372775 0.15087681 0.09016657
v 0.02609359 0.14923601 0.09016657
v 0.02314213 0.15401101 0.09016657
v 0.02609359 0.14923601 0.09016657
v 0.03634200 0.15144041 0.09016657
v 0.03634200 0.15144041 0.09016657
v 0.02609359 0.14923601 0.09016657
v 0.03861194 0.14649701 0.09016657
v 0.03634200 0.15144041 0.09016657
v 0.03861194 0.14649701 0.09016657
v 0.04959105 0.14763361 0.09016657
v 0.04959105 0.14763361 0.09016657
v 0.03861194 0.14649701 0.09016657
v 0.05114318 0.14260651 0.09016657
v 0.04959105 0.14763361 0.09016657
v 0.05114318 0.14260651 0.09016657
v 0.06272127 0.14255171 0.09016657
v 0.06272127 0.14255171 0.09016657
v 0.05114318 0.14260651 0.09016657
v 0.06353357 0.13753451 0.09016657
v 0.06272127 0.14255171 0.09016657
v 0.06353357 0.13753451 0.09016657
v 0.07555310 0.13618621 0.09016657
v 0.07555310 0.13618621 0.09016657
v 0.06353357 0.13753451 0.09016657
v 0.07562009 0.13127781 0.09016657
v 0.07555310 0.13618621 0.09016657
v 0.07562009 0.13127781 0.09016657
v 0.08790214 0.12856190 0.09016657
v 0.08790214 0.12856190 0.09016657
v 0.07562009 0.13127781 0.09016657
v 0.08723642 0.12386312 0.09016657
v 0.08790214 0.12856190 0.09016657
v 0.08723642 0.12386312 0.09016657
v 0.09821969 0.11534791 0.09016657
v 0.08790214 0.12856190 0.09016657
v 0.09821969 0.11534791 0.09016657
v 0.09958704 0.11973872 0.09016657
v 0.09958704 0.11973872 0.09016657
v 0.09821969 0.11534791 0.09016657
v 0.10841770 0.10581992 0.09016657
v 0.09958704 0.11973872 0.09016657
v 0.10841770 0.10581992 0.09016657
v 0.11043780 0.10981091 0.09016657
v 0.11043780 0.10981091 0.09016657
v 0.10841770 0.10581992 0.09016657
v 0.11769560 0.09539387 0.09016657
v 0.11043780 0.10981091 0.09016657
v 0.11769560 0.09539387 0.09016657
v 0.12030370 0.09890381 0.09016657
v 0.12030370 0.09890381 0.09016657
v 0.11769560 0.09539387 0.09016657
v 0.12594190 0.08420738 0.09016657
v 0.12030370 0.09890381 0.09016657
v 0.12594190 0.08420738 0.09016657
v 0.12906021 0.08716886 0.09016657
v 0.12906021 0.08716886 0.09016657
v 0.12594190 0.08420738 0.09016657
v 0.13307281 0.07241467 0.09016657
v 0.12906021 0.08716886 0.09016657
v 0.13307281 0.07241467 0.09016657
v 0.13661411 0.07477663 0.09016657
v 0.13661411 0.07477663 0.09016657
v 0.13307281 0.07241467 0.09016657
v 0.13903460 0.06017997 0.09016657
v 0.13661411 0.07477663 0.09016657
v 0.13903460 0.06017997 0.09016657
v 0.14290641 0.06190877 0.09016657
v 0.14290641 0.06190877 0.09016657
v 0.13903460 0.06017997 0.09016657
v 0.14380471 0.04767025 0.09016657
v 0.14290641 0.06190877 0.09016657
v 0.14380471 0.04767025 0.09016657
v 0.14791352 0.04874982 0.09016657
v 0.14791352 0.04874982 0.09016657
v 0.14380471 0.04767025 0.09016657
v 0.14739022 0.03504836 0.09016656
v 0.14791352 0.04874982 0.09016657
v 0.14739022 0.03504836 0.09016656
v 0.15164492 0.03547931 0.09016656
v 0.15164492 0.03547931 0.09016656
v 0.14739022 0.03504836 0.09016656
v 0.14982481 0.02246728 0.09016656
v 0.15164492 0.03547931 0.09016656
v 0.14982481 0.02246728 0.09016656
v 0.15414020 0.02226502 0.09016656
v 0.15414020 0.02226502 0.09016656
v 0.14982481 0.02246728 0.09016656
v 0.15116532 0.01006529 0.09016656
v 0.15414020 -0.02226501 0.09016656
v 0.14982481 -0.02246727 0.09016656
v 0.15164492 -0.03547930 0.09016656
v 0.15164492 -0.03547930 0.09016656
v 0.14982481 -0.02246727 0.09016656
v 0.14739022 -0.03504835 0.09016656
v 0.15164492 -0.03547930 0.09016656
v 0.14739022 -0.03504835 0.09016656
v 0.14791352 -0.04874981 0.09016656
v 0.14791352 -0.04874981 0.09016656
v 0.14739022 -0.03504835 0.09016656
v 0.14380471 -0.04767024 0.09016656
v 0.14791352 -0.04874981 0.09016656
v 0.14380471 -0.04767024 0.09016656
v 0.14290641 -0.06190876 0.09016656
v 0.14290641 -0.06190876 0.09016656
v 0.14380471 -0.04767024 0.09016656
v 0.13903460 -0.06017997 0.09016656
v 0.14290641 -0.06190876 0.09016656
v 0.13903460 -0.06017997 0.09016656
v 0.13661411 -0.07477661 0.09016656
v 0.13661411 -0.07477661 0.09016656
v 0.13903460 -0.06017997 0.09016656
v 0.13307281 -0.07241465 0.09016656
v 0.13661411 -0.07477661 0.09016656
v 0.13307281 -0.07241465 0.09016656
v 0.12906021 -0.08716884 0.09016656
v 0.12906021 -0.08716884 0.09016656
v 0.13307281 -0.07241465 0.09016656
v 0.12594190 -0.08420736 0.09016656
v 0.12906021 -0.08716884 0.09016656
v 0.12594190 -0.08420736 0.09016656
v 0.12030371 -0.09890379 0.09016656
v 0.12030371 -0.09890379 0.09016656
v 0.12594190 -0.08420736 0.09016656
v 0.11769561 -0.09539386 0.09016656
v 0.12030371 -0.09890379 0.09016656
v 0.11769561 -0.09539386 0.09016656
v 0.11043782 -0.10981090 0.09016656
v 0.11043782 -0.10981090 0.09016656
v 0.11769561 -0.09539386 0.09016656
v 0.10841772 -0.10581990 0.09016656
v 0.11043782 -0.10981090 0.09016656
v 0.10841772 -0.10581990 0.09016656
v 0.09958705 -0.11973871 0.09016656
v 0.09958705 -0.11973871 0.09016656
v 0.10841772 -0.10581990 0.09016656
v 0.09821971 -0.11534790 0.09016656
v 0.09958705 -0.11973871 0.09016656
v 0.09821971 -0.11534790 0.09016656
v 0.08790215 -0.12856190 0.09016655
v 0.08790215 -0.12856190 0.09016655
v 0.09821971 -0.11534790 0.09016656
v 0.08723643 -0.12386310 0.09016656
v 0.08790215 -0.12856190 0.09016655
v 0.08723643 -0.12386310 0.09016656
v 0.07562010 -0.13127781 0.09016655
v 0.08790215 -0.12856190 0.09016655
v 0.07562010 -0.13127781 0.09016655
v 0.07555311 -0.13618621 0.09016655
v 0.07555311 -0.13618621 0.09016655
v 0.07562010 -0.13127781 0.09016655
v 0.06353358 -0.13753451 0.09016655
v 0.07555311 -0.13618621 0.09016655
v 0.06353358 -0.13753451 0.09016655
v 0.06272129 -0.14255171 0.09016655
v 0.06272129 -0.14255171 0.09016655
v 0.06353358 -0.13753451 0.09016655
v 0.05114319 -0.14260651 0.09016655
v 0.06272129 -0.14255171 0.09016655
v 0.05114319 -0.14260651 0.09016655
v 0.04959106 -0.14763361 0.09016655
v 0.04959106 -0.14763361 0.09016655
v 0.05114319 -0.14260651 0.09016655
v 0.03861196 -0.14649701 0.09016655
v 0.04959106 -0.14763361 0.09016655
v 0.03861196 -0.14649701 0.09016655
v 0.03634201 -0.15144041 0.09016655
v 0.03634201 -0.15144041 0.09016655
v 0.03861196 -0.14649701 0.09016655
v 0.02609361 -0.14923601 0.09016655
v 0.03634201 -0.15144041 0.09016655
v 0.02609361 -0.14923601 0.09016655
v 0.02314214 -0.15401101 0.09016655
v 0.02314214 -0.15401101 0.09016655
v 0.02609361 -0.14923601 0.09016655
v 0.01372777 -0.15087681 0.09016655
v 0.02314214 -0.15401101 0.09016655
v 0.01372777 -0.15087681 0.09016655
v 0.01014251 -0.15540941 0.09016655
v 0.15546462 -0.00925764 0.09016656
v 0.15700081 -0.00960755 0.08916656
v 0.15672041 -0.00861214 0.09016656
v 0.15672041 -0.00861214 0.09016656
v 0.15700081 -0.00960755 0.08916656
v 0.15788090 -0.00842775 0.08966656
v 0.15672041 -0.00861214 0.09016656
v 0.15788090 -0.00842775 0.08966656
v 0.15790921 -0.00776814 0.09016656
v 0.15790921 -0.00776814 0.09016656
v 0.15788090 -0.00842775 0.08966656
v 0.15898532 -0.00673733 0.09016656
v 0.15898532 -0.00673733 0.09016656
v 0.15788090 -0.00842775 0.08966656
v 0.15979372 -0.00655420 0.08966656
v 0.15898532 -0.00673733 0.09016656
v 0.15979372 -0.00655420 0.08966656
v 0.15990680 -0.00554504 0.09016656
v 0.15990680 -0.00554504 0.09016656
v 0.15979372 -0.00655420 0.08966656
v 0.16118620 -0.00423324 0.08966656
v 0.15990680 -0.00554504 0.09016656
v 0.16118620 -0.00423324 0.08966656
v 0.16064012 -0.00422861 0.09016656
v 0.16064012 -0.00422861 0.09016656
v 0.16118620 -0.00423324 0.08966656
v 0.16116402 -0.00283357 0.09016656
v 0.16116402 -0.00283357 0.09016656
v 0.16118620 -0.00423324 0.08966656
v 0.16193452 -0.00169217 0.08966656
v 0.16116402 -0.00283357 0.09016656
v 0.16193452 -0.00169217 0.08966656
v 0.16147192 -0.00140854 0.09016656
v 0.16147192 -0.00140854 0.09016656
v 0.16193452 -0.00169217 0.08966656
v 0.16157080 0.00000000 0.09016656
v 0.16157080 0.00000000 0.09016656
v 0.16193452 -0.00169217 0.08966656
v 0.16193452 0.00169218 0.08966656
v 0.16157080 0.00000000 0.09016656
v 0.16193452 0.00169218 0.08966656
v 0.16147192 0.00140855 0.09016656
v 0.16147192 0.00140855 0.09016656
v 0.16193452 0.00169218 0.08966656
v 0.16116402 0.00283357 0.09016656
v 0.16116402 0.00283357 0.09016656
v 0.16193452 0.00169218 0.08966656
v 0.16079001 0.00504379 0.08966656
v 0.16116402 0.00283357 0.09016656
v 0.16079001 0.00504379 0.08966656
v 0.16064012 0.00422862 0.09016656
v 0.16064012 0.00422862 0.09016656
v 0.16079001 0.00504379 0.08966656
v 0.15990680 0.00554505 0.09016656
v 0.15990680 0.00554505 0.09016656
v 0.16079001 0.00504379 0.08966656
v 0.15898532 0.00673734 0.09016656
v 0.15898532 0.00673734 0.09016656
v 0.16079001 0.00504379 0.08966656
v 0.15856421 0.00786380 0.08966656
v 0.15898532 0.00673734 0.09016656
v 0.15856421 0.00786380 0.08966656
v 0.15790921 0.00776815 0.09016656
v 0.15790921 0.00776815 0.09016656
v 0.15856421 0.00786380 0.08966656
v 0.15672041 0.00861215 0.09016656
v 0.15672041 0.00861215 0.09016656
v 0.15856421 0.00786380 0.08966656
v 0.15546462 0.00925764 0.09016656
v 0.15546462 0.00925764 0.09016656
v 0.15856421 0.00786380 0.08966656
v 0.15700081 0.00960756 0.08916656
v 0.15700081 0.00960756 0.08916656
v 0.15856421 0.00786380 0.08966656
v 0.15927081 0.00788537 0.08916656
v 0.15927081 0.00788537 0.08916656
v 0.15856421 0.00786380 0.08966656
v 0.16024822 0.00678476 0.08916656
v 0.16024822 0.00678476 0.08916656
v 0.15856421 0.00786380 0.08966656
v 0.16079001 0.00504379 0.08966656
v 0.16024822 0.00678476 0.08916656
v 0.16079001 0.00504379 0.08966656
v 0.16107760 0.00555273 0.08916656
v 0.16107760 0.00555273 0.08916656
v 0.16079001 0.00504379 0.08966656
v 0.16173470 0.00422076 0.08916656
v 0.16173470 0.00422076 0.08916656
v 0.16079001 0.00504379 0.08966656
v 0.16193452 0.00169218 0.08966656
v 0.16173470 0.00422076 0.08916656
v 0.16193452 0.00169218 0.08966656
v 0.16220422 0.00282567 0.08916656
v 0.16220422 0.00282567 0.08916656
v 0.16193452 0.00169218 0.08966656
v 0.16257082 0.00000000 0.08916656
v 0.16257082 0.00000000 0.08916656
v 0.16193452 0.00169218 0.08966656
v 0.16193452 -0.00169217 0.08966656
v 0.16257082 0.00000000 0.08916656
v 0.16193452 -0.00169217 0.08966656
v 0.16220422 -0.00282566 0.08916656
v 0.16220422 -0.00282566 0.08916656
v 0.16193452 -0.00169217 0.08966656
v 0.16118620 -0.00423324 0.08966656
v 0.16220422 -0.00282566 0.08916656
v 0.16118620 -0.00423324 0.08966656
v 0.16173470 -0.00422075 0.08916656
v 0.16173470 -0.00422075 0.08916656
v 0.16118620 -0.00423324 0.08966656
v 0.16107760 -0.00555272 0.08916656
v 0.16107760 -0.00555272 0.08916656
v 0.16118620 -0.00423324 0.08966656
v 0.15979372 -0.00655420 0.08966656
v 0.16107760 -0.00555272 0.08916656
v 0.15979372 -0.00655420 0.08966656
v 0.16024822 -0.00678475 0.08916656
v 0.16024822 -0.00678475 0.08916656
v 0.15979372 -0.00655420 0.08966656
v 0.15927081 -0.00788536 0.08916656
v 0.15927081 -0.00788536 0.08916656
v 0.15979372 -0.00655420 0.08966656
v 0.15788090 -0.00842775 0.08966656
v 0.15927081 -0.00788536 0.08916656
v 0.15788090 -0.00842775 0.08966656
v 0.15700081 -0.00960755 0.08916656
v 0.15700081 0.00960756 0.08916656
v 0.15927081 0.00788537 0.08916656
v 0.15903682 0.00810926 0.08791277
v 0.15903682 0.00810926 0.08791277
v 0.15927081 0.00788537 0.08916656
v 0.16024822 0.00678476 0.08916656
v 0.15903682 0.00810926 0.08791277
v 0.16024822 0.00678476 0.08916656
v 0.16062342 0.00627116 0.08746940
v 0.16062342 0.00627116 0.08746940
v 0.16024822 0.00678476 0.08916656
v 0.16107760 0.00555273 0.08916656
v 0.16062342 0.00627116 0.08746940
v 0.16107760 0.00555273 0.08916656
v 0.16181351 0.00402443 0.08746940
v 0.16181351 0.00402443 0.08746940
v 0.16107760 0.00555273 0.08916656
v 0.16173470 0.00422076 0.08916656
v 0.16181351 0.00402443 0.08746940
v 0.16173470 0.00422076 0.08916656
v 0.16220422 0.00282567 0.08916656
v 0.16181351 0.00402443 0.08746940
v 0.16220422 0.00282567 0.08916656
v 0.16245332 0.00160908 0.08746940
v 0.16245332 0.00160908 0.08746940
v 0.16220422 0.00282567 0.08916656
v 0.16257082 0.00000000 0.08916656
v 0.16245332 0.00160908 0.08746940
v 0.16257082 0.00000000 0.08916656
v 0.16257082 0.00000000 0.08746940
v 0.16257082 0.00000000 0.08746940
v 0.16257082 0.00000000 0.08916656
v 0.16245332 -0.00160907 0.08746940
v 0.16257082 0.00000000 0.08746940
v 0.16245332 -0.00160907 0.08746940
v 0.16257082 0.00000001 0.08577222
v 0.16257082 0.00000001 0.08577222
v 0.16245332 -0.00160907 0.08746940
v 0.16233002 -0.00229671 0.08591671
v 0.16233002 -0.00229671 0.08591671
v 0.16245332 -0.00160907 0.08746940
v 0.16208971 -0.00322844 0.08746940
v 0.16233002 -0.00229671 0.08591671
v 0.16208971 -0.00322844 0.08746940
v 0.16160932 -0.00451284 0.08635027
v 0.16160932 -0.00451284 0.08635027
v 0.16208971 -0.00322844 0.08746940
v 0.16147541 -0.00480156 0.08746940
v 0.16160932 -0.00451284 0.08635027
v 0.16147541 -0.00480156 0.08746940
v 0.16046691 -0.00648724 0.08704132
v 0.16046691 -0.00648724 0.08704132
v 0.16147541 -0.00480156 0.08746940
v 0.16062342 -0.00627115 0.08746940
v 0.16046691 -0.00648724 0.08704132
v 0.16062342 -0.00627115 0.08746940
v 0.16024822 -0.00678475 0.08916656
v 0.16024822 -0.00678475 0.08916656
v 0.16062342 -0.00627115 0.08746940
v 0.16107760 -0.00555272 0.08916656
v 0.16107760 -0.00555272 0.08916656
v 0.16062342 -0.00627115 0.08746940
v 0.16147541 -0.00480156 0.08746940
v 0.16107760 -0.00555272 0.08916656
v 0.16147541 -0.00480156 0.08746940
v 0.16173470 -0.00422075 0.08916656
v 0.16173470 -0.00422075 0.08916656
v 0.16147541 -0.00480156 0.08746940
v 0.16208971 -0.00322844 0.08746940
v 0.16173470 -0.00422075 0.08916656
v 0.16208971 -0.00322844 0.08746940
v 0.16220422 -0.00282566 0.08916656
v 0.16220422 -0.00282566 0.08916656
v 0.16208971 -0.00322844 0.08746940
v 0.16245332 -0.00160907 0.08746940
v 0.16220422 -0.00282566 0.08916656
v 0.16245332 -0.00160907 0.08746940
v 0.16257082 0.00000000 0.08916656
v 0.16046691 -0.00648724 0.08704132
v 0.16024822 -0.00678475 0.08916656
v 0.15903682 -0.00810925 0.08791277
v 0.15903682 -0.00810925 0.08791277
v 0.16024822 -0.00678475 0.08916656
v 0.15927081 -0.00788536 0.08916656
v 0.15903682 -0.00810925 0.08791277
v 0.15927081 -0.00788536 0.08916656
v 0.15700081 -0.00960755 0.08916656
v 0.16257082 0.00000000 0.08746940
v 0.16257082 0.00000001 0.08577222
v 0.16245332 0.00160908 0.08746940
v 0.16245332 0.00160908 0.08746940
v 0.16257082 0.00000001 0.08577222
v 0.16233002 0.00229672 0.08591671
v 0.16245332 0.00160908 0.08746940
v 0.16233002 0.00229672 0.08591671
v 0.16181351 0.00402443 0.08746940
v 0.16181351 0.00402443 0.08746940
v 0.16233002 0.00229672 0.08591671
v 0.16160932 0.00451285 0.08635027
v 0.16181351 0.00402443 0.08746940
v 0.16160932 0.00451285 0.08635027
v 0.16062342 0.00627116 0.08746940
v 0.16062342 0.00627116 0.08746940
v 0.16160932 0.00451285 0.08635027
v 0.16046691 0.00648725 0.08704132
v 0.16062342 0.00627116 0.08746940
v 0.16046691 0.00648725 0.08704132
v 0.15903682 0.00810926 0.08791277
v 0.00417986 -0.16294761 0.08549538
v 0.00183902 -0.16590701 0.02318492
v 0.01499597 -0.16617110 0.05434014
v 0.01499597 -0.16617110 0.05434014
v 0.00183902 -0.16590701 0.02318492
v 0.02768280 -0.16966681 0.02318492
v 0.01499597 -0.16617110 0.05434014
v 0.02768280 -0.16966681 0.02318492
v 0.02733663 -0.16651201 0.08180288
v 0.02733663 -0.16651201 0.08180288
v 0.01560412 -0.16469242 0.08393296
v 0.01499597 -0.16617110 0.05434014
v 0.01499597 -0.16617110 0.05434014
v 0.01560412 -0.16469242 0.08393296
v 0.00417986 -0.16294761 0.08549538
v 0.15903682 0.00810926 0.08791277
v 0.16420141 0.01675506 0.08417478
v 0.15700081 0.00960756 0.08916656
v 0.15700081 0.00960756 0.08916656
v 0.16420141 0.01675506 0.08417478
v 0.15414020 0.02226502 0.09016656
v 0.15700081 0.00960756 0.08916656
v 0.15414020 0.02226502 0.09016656
v 0.15546462 0.00925764 0.09016656
v 0.15903682 0.00810926 0.08791277
v 0.16046691 0.00648725 0.08704132
v 0.16420141 0.01675506 0.08417478
v 0.16420141 0.01675506 0.08417478
v 0.16046691 0.00648725 0.08704132
v 0.16505401 0.00000001 0.08417478
v 0.16420141 0.01675506 0.08417478
v 0.16505401 0.00000001 0.08417478
v 0.17392172 0.01246801 0.07818301
v 0.17392172 0.01246801 0.07818301
v 0.16505401 0.00000001 0.08417478
v 0.17436801 0.00000001 0.07818301
v 0.17436801 0.00000001 0.07818301
v 0.16505401 0.00000001 0.08417478
v 0.17392172 -0.01246799 0.07818301
v 0.17392172 -0.01246799 0.07818301
v 0.16505401 0.00000001 0.08417478
v 0.16420141 -0.01675504 0.08417478
v 0.17392172 -0.01246799 0.07818301
v 0.16420141 -0.01675504 0.08417478
v 0.17254950 -0.02511698 0.07818301
v 0.17254950 -0.02511698 0.07818301
v 0.16420141 -0.01675504 0.08417478
v 0.16152671 -0.03394036 0.08417478
v 0.17254950 -0.02511698 0.07818301
v 0.16152671 -0.03394036 0.08417478
v 0.17021112 -0.03784698 0.07818301
v 0.17021112 -0.03784698 0.07818301
v 0.16152671 -0.03394036 0.08417478
v 0.15823801 -0.04694211 0.08417478
v 0.17021112 -0.03784698 0.07818301
v 0.15823801 -0.04694211 0.08417478
v 0.16688001 -0.05054956 0.07818301
v 0.16688001 -0.05054956 0.07818301
v 0.15823801 -0.04694211 0.08417478
v 0.15380511 -0.05988992 0.08417478
v 0.16688001 -0.05054956 0.07818301
v 0.15380511 -0.05988992 0.08417478
v 0.16254631 -0.06311028 0.07818301
v 0.16254631 -0.06311028 0.07818301
v 0.15380511 -0.05988992 0.08417478
v 0.15721720 -0.07541183 0.07818301
v 0.15721720 -0.07541183 0.07818301
v 0.15380511 -0.05988992 0.08417478
v 0.14821170 -0.07263681 0.08417478
v 0.15721720 -0.07541183 0.07818301
v 0.14821170 -0.07263681 0.08417478
v 0.15091851 -0.08733730 0.07818301
v 0.15091851 -0.08733730 0.07818301
v 0.14821170 -0.07263681 0.08417478
v 0.14146632 -0.08503009 0.08417478
v 0.15091851 -0.08733730 0.07818301
v 0.14146632 -0.08503009 0.08417478
v 0.14369401 -0.09877373 0.07818301
v 0.14369401 -0.09877373 0.07818301
v 0.14146632 -0.08503009 0.08417478
v 0.13360390 -0.09691660 0.08417478
v 0.14369401 -0.09877373 0.07818301
v 0.13360390 -0.09691660 0.08417478
v 0.13560461 -0.10961570 0.07818301
v 0.13560461 -0.10961570 0.07818301
v 0.13360390 -0.09691660 0.08417478
v 0.12468652 -0.10814850 0.08417478
v 0.13560461 -0.10961570 0.07818301
v 0.12468652 -0.10814850 0.08417478
v 0.12672701 -0.11976840 0.07818301
v 0.12672701 -0.11976840 0.07818301
v 0.12468652 -0.10814850 0.08417478
v 0.11480172 -0.11858920 0.08417478
v 0.12672701 -0.11976840 0.07818301
v 0.11480172 -0.11858920 0.08417478
v 0.11715091 -0.12915061 0.07818301
v 0.11715091 -0.12915061 0.07818301
v 0.11480172 -0.11858920 0.08417478
v 0.10405991 -0.12811850 0.08417477
v 0.11715091 -0.12915061 0.07818301
v 0.10405991 -0.12811850 0.08417477
v 0.10697622 -0.13769642 0.07818301
v 0.10697622 -0.13769642 0.07818301
v 0.10405991 -0.12811850 0.08417477
v 0.09259032 -0.13663770 0.08417477
v 0.10697622 -0.13769642 0.07818301
v 0.09259032 -0.13663770 0.08417477
v 0.09630997 -0.14535680 0.07818301
v 0.09630997 -0.14535680 0.07818301
v 0.09259032 -0.13663770 0.08417477
v 0.08053576 -0.14407231 0.08417477
v 0.09630997 -0.14535680 0.07818301
v 0.08053576 -0.14407231 0.08417477
v 0.08526252 -0.15210031 0.07818301
v 0.08526252 -0.15210031 0.07818301
v 0.08053576 -0.14407231 0.08417477
v 0.07394455 -0.15791272 0.07818301
v 0.07394455 -0.15791272 0.07818301
v 0.08053576 -0.14407231 0.08417477
v 0.06804712 -0.15037422 0.08417477
v 0.07394455 -0.15791272 0.07818301
v 0.06804712 -0.15037422 0.08417477
v 0.06246390 -0.16279580 0.07818301
v 0.06246390 -0.16279580 0.07818301
v 0.06804712 -0.15037422 0.08417477
v 0.05527739 -0.15552251 0.08417477
v 0.06246390 -0.16279580 0.07818301
v 0.05527739 -0.15552251 0.08417477
v 0.05517465 -0.16513431 0.07835025
v 0.05517465 -0.16513431 0.07835025
v 0.05527739 -0.15552251 0.08417477
v 0.04769025 -0.16664051 0.07885054
v 0.04769025 -0.16664051 0.07885054
v 0.05527739 -0.15552251 0.08417477
v 0.04237615 -0.15952142 0.08417477
v 0.04769025 -0.16664051 0.07885054
v 0.04237615 -0.15952142 0.08417477
v 0.04516054 -0.16695562 0.07909131
v 0.04516054 -0.16695562 0.07909131
v 0.04237615 -0.15952142 0.08417477
v 0.03620243 -0.16731381 0.08022960
v 0.03620243 -0.16731381 0.08022960
v 0.04237615 -0.15952142 0.08417477
v 0.02948469 -0.16239911 0.08417477
v 0.03620243 -0.16731381 0.08022960
v 0.02948469 -0.16239911 0.08417477
v 0.02733663 -0.16651201 0.08180288
v 0.02733663 -0.16651201 0.08180288
v 0.02948469 -0.16239911 0.08417477
v 0.01673213 -0.16420372 0.08417477
v 0.02733663 -0.16651201 0.08180288
v 0.01673213 -0.16420372 0.08417477
v 0.01560412 -0.16469242 0.08393296
v 0.01560412 -0.16469242 0.08393296
v 0.01673213 -0.16420372 0.08417477
v 0.01014251 -0.15540941 0.09016655
v 0.01560412 -0.16469242 0.08393296
v 0.01014251 -0.15540941 0.09016655
v 0.00417986 -0.16294761 0.08549538
v 0.16046691 0.00648725 0.08704132
v 0.16160932 0.00451285 0.08635027
v 0.16505401 0.00000001 0.08417478
v 0.16505401 0.00000001 0.08417478
v 0.16160932 0.00451285 0.08635027
v 0.16233002 0.00229672 0.08591671
v 0.16505401 0.00000001 0.08417478
v 0.16233002 0.00229672 0.08591671
v 0.16257082 0.00000001 0.08577222
v 0.16257082 0.00000001 0.08577222
v 0.16233002 -0.00229671 0.08591671
v 0.16505401 0.00000001 0.08417478
v 0.16505401 0.00000001 0.08417478
v 0.16233002 -0.00229671 0.08591671
v 0.16160932 -0.00451284 0.08635027
v 0.16505401 0.00000001 0.08417478
v 0.16160932 -0.00451284 0.08635027
v 0.16420141 -0.01675504 0.08417478
v 0.16420141 -0.01675504 0.08417478
v 0.16160932 -0.00451284 0.08635027
v 0.16046691 -0.00648724 0.08704132
v 0.16420141 -0.01675504 0.08417478
v 0.16046691 -0.00648724 0.08704132
v 0.15903682 -0.00810925 0.08791277
v 0.15903682 -0.00810925 0.08791277
v 0.15700081 -0.00960755 0.08916656
v 0.16420141 -0.01675504 0.08417478
v 0.16420141 -0.01675504 0.08417478
v 0.15700081 -0.00960755 0.08916656
v 0.15414020 -0.02226501 0.09016656
v 0.16420141 -0.01675504 0.08417478
v 0.15414020 -0.02226501 0.09016656
v 0.16152671 -0.03394036 0.08417478
v 0.16152671 -0.03394036 0.08417478
v 0.15414020 -0.02226501 0.09016656
v 0.15164492 -0.03547930 0.09016656
v 0.16152671 -0.03394036 0.08417478
v 0.15164492 -0.03547930 0.09016656
v 0.15823801 -0.04694211 0.08417478
v 0.15823801 -0.04694211 0.08417478
v 0.15164492 -0.03547930 0.09016656
v 0.14791352 -0.04874981 0.09016656
v 0.15823801 -0.04694211 0.08417478
v 0.14791352 -0.04874981 0.09016656
v 0.15380511 -0.05988992 0.08417478
v 0.15380511 -0.05988992 0.08417478
v 0.14791352 -0.04874981 0.09016656
v 0.14290641 -0.06190876 0.09016656
v 0.15380511 -0.05988992 0.08417478
v 0.14290641 -0.06190876 0.09016656
v 0.14821170 -0.07263681 0.08417478
v 0.14821170 -0.07263681 0.08417478
v 0.14290641 -0.06190876 0.09016656
v 0.13661411 -0.07477661 0.09016656
v 0.14821170 -0.07263681 0.08417478
v 0.13661411 -0.07477661 0.09016656
v 0.14146632 -0.08503009 0.08417478
v 0.14146632 -0.08503009 0.08417478
v 0.13661411 -0.07477661 0.09016656
v 0.12906021 -0.08716884 0.09016656
v 0.14146632 -0.08503009 0.08417478
v 0.12906021 -0.08716884 0.09016656
v 0.13360390 -0.09691660 0.08417478
v 0.13360390 -0.09691660 0.08417478
v 0.12906021 -0.08716884 0.09016656
v 0.12030371 -0.09890379 0.09016656
v 0.13360390 -0.09691660 0.08417478
v 0.12030371 -0.09890379 0.09016656
v 0.12468652 -0.10814850 0.08417478
v 0.12468652 -0.10814850 0.08417478
v 0.12030371 -0.09890379 0.09016656
v 0.11043782 -0.10981090 0.09016656
v 0.12468652 -0.10814850 0.08417478
v 0.11043782 -0.10981090 0.09016656
v 0.11480172 -0.11858920 0.08417478
v 0.11480172 -0.11858920 0.08417478
v 0.11043782 -0.10981090 0.09016656
v 0.09958705 -0.11973871 0.09016656
v 0.11480172 -0.11858920 0.08417478
v 0.09958705 -0.11973871 0.09016656
v 0.10405991 -0.12811850 0.08417477
v 0.10405991 -0.12811850 0.08417477
v 0.09958705 -0.11973871 0.09016656
v 0.08790215 -0.12856190 0.09016655
v 0.10405991 -0.12811850 0.08417477
v 0.08790215 -0.12856190 0.09016655
v 0.09259032 -0.13663770 0.08417477
v 0.09259032 -0.13663770 0.08417477
v 0.08790215 -0.12856190 0.09016655
v 0.07555311 -0.13618621 0.09016655
v 0.09259032 -0.13663770 0.08417477
v 0.07555311 -0.13618621 0.09016655
v 0.08053576 -0.14407231 0.08417477
v 0.08053576 -0.14407231 0.08417477
v 0.07555311 -0.13618621 0.09016655
v 0.06804712 -0.15037422 0.08417477
v 0.15700081 -0.00960755 0.08916656
v 0.15546462 -0.00925764 0.09016656
v 0.15414020 -0.02226501 0.09016656
v 0.07555311 -0.13618621 0.09016655
v 0.06272129 -0.14255171 0.09016655
v 0.06804712 -0.15037422 0.08417477
v 0.06804712 -0.15037422 0.08417477
v 0.06272129 -0.14255171 0.09016655
v 0.05527739 -0.15552251 0.08417477
v 0.06272129 -0.14255171 0.09016655
v 0.04959106 -0.14763361 0.09016655
v 0.05527739 -0.15552251 0.08417477
v 0.05527739 -0.15552251 0.08417477
v 0.04959106 -0.14763361 0.09016655
v 0.04237615 -0.15952142 0.08417477
v 0.04959106 -0.14763361 0.09016655
v 0.03634201 -0.15144041 0.09016655
v 0.04237615 -0.15952142 0.08417477
v 0.04237615 -0.15952142 0.08417477
v 0.03634201 -0.15144041 0.09016655
v 0.02948469 -0.16239911 0.08417477
v 0.03634201 -0.15144041 0.09016655
v 0.02314214 -0.15401101 0.09016655
v 0.02948469 -0.16239911 0.08417477
v 0.02948469 -0.16239911 0.08417477
v 0.02314214 -0.15401101 0.09016655
v 0.01673213 -0.16420372 0.08417477
v 0.02314214 -0.15401101 0.09016655
v 0.01014251 -0.15540941 0.09016655
v 0.01673213 -0.16420372 0.08417477
v 0.17392172 0.01246801 0.07818301
v 0.17254950 0.02511699 0.07818301
v 0.16420141 0.01675506 0.08417478
v 0.16420141 0.01675506 0.08417478
v 0.17254950 0.02511699 0.07818301
v 0.16152671 0.03394037 0.08417478
v 0.16420141 0.01675506 0.08417478
v 0.16152671 0.03394037 0.08417478
v 0.15414020 0.02226502 0.09016656
v 0.15414020 0.02226502 0.09016656
v 0.16152671 0.03394037 0.08417478
v 0.15164492 0.03547931 0.09016656
v 0.15164492 0.03547931 0.09016656
v 0.16152671 0.03394037 0.08417478
v 0.15688881 0.05127114 0.08417479
v 0.15164492 0.03547931 0.09016656
v 0.15688881 0.05127114 0.08417479
v 0.14791352 0.04874982 0.09016657
v 0.14791352 0.04874982 0.09016657
v 0.15688881 0.05127114 0.08417479
v 0.14290641 0.06190877 0.09016657
v 0.14290641 0.06190877 0.09016657
v 0.15688881 0.05127114 0.08417479
v 0.15020521 0.06841954 0.08417479
v 0.14290641 0.06190877 0.09016657
v 0.15020521 0.06841954 0.08417479
v 0.13661411 0.07477663 0.09016657
v 0.13661411 0.07477663 0.09016657
v 0.15020521 0.06841954 0.08417479
v 0.14146632 0.08503011 0.08417479
v 0.13661411 0.07477663 0.09016657
v 0.14146632 0.08503011 0.08417479
v 0.12906021 0.08716886 0.09016657
v 0.12906021 0.08716886 0.09016657
v 0.14146632 0.08503011 0.08417479
v 0.13074481 0.10074031 0.08417479
v 0.12906021 0.08716886 0.09016657
v 0.13074481 0.10074031 0.08417479
v 0.12030370 0.09890381 0.09016657
v 0.12030370 0.09890381 0.09016657
v 0.13074481 0.10074031 0.08417479
v 0.11819770 0.11520471 0.08417479
v 0.12030370 0.09890381 0.09016657
v 0.11819770 0.11520471 0.08417479
v 0.11043780 0.10981091 0.09016657
v 0.11043780 0.10981091 0.09016657
v 0.11819770 0.11520471 0.08417479
v 0.09958704 0.11973872 0.09016657
v 0.09958704 0.11973872 0.09016657
v 0.11819770 0.11520471 0.08417479
v 0.10405990 0.12811850 0.08417479
v 0.09958704 0.11973872 0.09016657
v 0.10405990 0.12811850 0.08417479
v 0.08790214 0.12856190 0.09016657
v 0.08790214 0.12856190 0.09016657
v 0.10405990 0.12811850 0.08417479
v 0.08862977 0.13923931 0.08417479
v 0.08790214 0.12856190 0.09016657
v 0.08862977 0.13923931 0.08417479
v 0.07555310 0.13618621 0.09016657
v 0.07555310 0.13618621 0.09016657
v 0.08862977 0.13923931 0.08417479
v 0.07224876 0.14840131 0.08417479
v 0.07555310 0.13618621 0.09016657
v 0.07224876 0.14840131 0.08417479
v 0.06272127 0.14255171 0.09016657
v 0.06272127 0.14255171 0.09016657
v 0.07224876 0.14840131 0.08417479
v 0.05527738 0.15552251 0.08417479
v 0.06272127 0.14255171 0.09016657
v 0.05527738 0.15552251 0.08417479
v 0.04959105 0.14763361 0.09016657
v 0.04959105 0.14763361 0.09016657
v 0.05527738 0.15552251 0.08417479
v 0.03807124 0.16060330 0.08417479
v 0.04959105 0.14763361 0.09016657
v 0.03807124 0.16060330 0.08417479
v 0.03634200 0.15144041 0.09016657
v 0.03634200 0.15144041 0.09016657
v 0.03807124 0.16060330 0.08417479
v 0.02314213 0.15401101 0.09016657
v 0.02314213 0.15401101 0.09016657
v 0.03807124 0.16060330 0.08417479
v 0.02096016 0.16371772 0.08417479
v 0.02314213 0.15401101 0.09016657
v 0.02096016 0.16371772 0.08417479
v 0.01014249 0.15540941 0.09016657
v 0.01014249 0.15540941 0.09016657
v 0.02096016 0.16371772 0.08417479
v 0.01560410 0.16469242 0.08393297
v 0.01014249 0.15540941 0.09016657
v 0.01560410 0.16469242 0.08393297
v 0.00417985 0.16294761 0.08549539
v 0.17254950 0.02511699 0.07818301
v 0.17021112 0.03784699 0.07818301
v 0.16152671 0.03394037 0.08417478
v 0.16152671 0.03394037 0.08417478
v 0.17021112 0.03784699 0.07818301
v 0.16688001 0.05054957 0.07818302
v 0.16152671 0.03394037 0.08417478
v 0.16688001 0.05054957 0.07818302
v 0.15688881 0.05127114 0.08417479
v 0.15688881 0.05127114 0.08417479
v 0.16688001 0.05054957 0.07818302
v 0.16254631 0.06311030 0.07818302
v 0.15688881 0.05127114 0.08417479
v 0.16254631 0.06311030 0.07818302
v 0.15020521 0.06841954 0.08417479
v 0.15020521 0.06841954 0.08417479
v 0.16254631 0.06311030 0.07818302
v 0.15721720 0.07541185 0.07818302
v 0.15020521 0.06841954 0.08417479
v 0.15721720 0.07541185 0.07818302
v 0.14146632 0.08503011 0.08417479
v 0.14146632 0.08503011 0.08417479
v 0.15721720 0.07541185 0.07818302
v 0.15091851 0.08733732 0.07818302
v 0.14146632 0.08503011 0.08417479
v 0.15091851 0.08733732 0.07818302
v 0.14369401 0.09877375 0.07818302
v 0.14146632 0.08503011 0.08417479
v 0.14369401 0.09877375 0.07818302
v 0.13074481 0.10074031 0.08417479
v 0.13074481 0.10074031 0.08417479
v 0.14369401 0.09877375 0.07818302
v 0.13560461 0.10961571 0.07818302
v 0.13074481 0.10074031 0.08417479
v 0.13560461 0.10961571 0.07818302
v 0.11819770 0.11520471 0.08417479
v 0.11819770 0.11520471 0.08417479
v 0.13560461 0.10961571 0.07818302
v 0.12672701 0.11976842 0.07818302
v 0.11819770 0.11520471 0.08417479
v 0.12672701 0.11976842 0.07818302
v 0.11715090 0.12915061 0.07818302
v 0.11819770 0.11520471 0.08417479
v 0.11715090 0.12915061 0.07818302
v 0.10405990 0.12811850 0.08417479
v 0.10405990 0.12811850 0.08417479
v 0.11715090 0.12915061 0.07818302
v 0.10697620 0.13769642 0.07818302
v 0.10405990 0.12811850 0.08417479
v 0.10697620 0.13769642 0.07818302
v 0.08862977 0.13923931 0.08417479
v 0.08862977 0.13923931 0.08417479
v 0.10697620 0.13769642 0.07818302
v 0.09630996 0.14535680 0.07818302
v 0.08862977 0.13923931 0.08417479
v 0.09630996 0.14535680 0.07818302
v 0.08526251 0.15210031 0.07818302
v 0.08862977 0.13923931 0.08417479
v 0.08526251 0.15210031 0.07818302
v 0.07224876 0.14840131 0.08417479
v 0.07224876 0.14840131 0.08417479
v 0.08526251 0.15210031 0.07818302
v 0.07394454 0.15791272 0.07818302
v 0.07224876 0.14840131 0.08417479
v 0.07394454 0.15791272 0.07818302
v 0.06246389 0.16279580 0.07818302
v 0.07224876 0.14840131 0.08417479
v 0.06246389 0.16279580 0.07818302
v 0.05527738 0.15552251 0.08417479
v 0.05527738 0.15552251 0.08417479
v 0.06246389 0.16279580 0.07818302
v 0.05517462 0.16513431 0.07835026
v 0.05527738 0.15552251 0.08417479
v 0.05517462 0.16513431 0.07835026
v 0.04769024 0.16664051 0.07885055
v 0.04769024 0.16664051 0.07885055
v 0.04515442 0.16695631 0.07909194
v 0.05527738 0.15552251 0.08417479
v 0.05527738 0.15552251 0.08417479
v 0.04515442 0.16695631 0.07909194
v 0.03807124 0.16060330 0.08417479
v 0.04515442 0.16695631 0.07909194
v 0.03619936 0.16731369 0.08023007
v 0.03807124 0.16060330 0.08417479
v 0.03807124 0.16060330 0.08417479
v 0.03619936 0.16731369 0.08023007
v 0.02733662 0.16651201 0.08180289
v 0.03807124 0.16060330 0.08417479
v 0.02733662 0.16651201 0.08180289
v 0.02096016 0.16371772 0.08417479
v 0.02096016 0.16371772 0.08417479
v 0.02733662 0.16651201 0.08180289
v 0.01560410 0.16469242 0.08393297
v 0.02768278 0.16966681 0.02318494
v 0.02733662 0.16651201 0.08180289
v 0.03315054 0.16864590 0.05307077
v 0.03315054 0.16864590 0.05307077
v 0.02733662 0.16651201 0.08180289
v 0.03619936 0.16731369 0.08023007
v 0.03315054 0.16864590 0.05307077
v 0.03619936 0.16731369 0.08023007
v 0.04603702 0.16826911 0.05312661
v 0.04603702 0.16826911 0.05312661
v 0.03619936 0.16731369 0.08023007
v 0.04515442 0.16695631 0.07909194
v 0.04603702 0.16826911 0.05312661
v 0.04515442 0.16695631 0.07909194
v 0.04769024 0.16664051 0.07885055
v 0.04603702 0.16826911 0.05312661
v 0.04769024 0.16664051 0.07885055
v 0.05112996 0.16745712 0.05311299
v 0.05112996 0.16745712 0.05311299
v 0.04769024 0.16664051 0.07885055
v 0.05517462 0.16513431 0.07835026
v 0.05112996 0.16745712 0.05311299
v 0.05517462 0.16513431 0.07835026
v 0.06232721 0.16593070 0.02318494
v 0.06232721 0.16593070 0.02318494
v 0.05517462 0.16513431 0.07835026
v 0.06246389 0.16279580 0.07818302
v 0.06232721 0.16593070 0.02318494
v 0.05513121 0.16819902 0.02318495
v 0.05112996 0.16745712 0.05311299
v 0.05112996 0.16745712 0.05311299
v 0.05513121 0.16819902 0.02318495
v 0.04773640 0.16967762 0.02318494
v 0.05112996 0.16745712 0.05311299
v 0.04773640 0.16967762 0.02318494
v 0.04603702 0.16826911 0.05312661
v 0.04603702 0.16826911 0.05312661
v 0.04773640 0.16967762 0.02318494
v 0.04524096 0.16999181 0.02318492
v 0.04603702 0.16826911 0.05312661
v 0.04524096 0.16999181 0.02318492
v 0.03645165 0.17038241 0.02318490
v 0.04603702 0.16826911 0.05312661
v 0.03645165 0.17038241 0.02318490
v 0.03315054 0.16864590 0.05307077
v 0.03315054 0.16864590 0.05307077
v 0.03645165 0.17038241 0.02318490
v 0.02768278 0.16966681 0.02318494
v 0.06232721 0.16593070 0.02318494
v 0.06246389 0.16279580 0.07818302
v 0.07409286 0.16102152 0.02318494
v 0.07409286 0.16102152 0.02318494
v 0.06246389 0.16279580 0.07818302
v 0.07514720 0.15893951 0.05068398
v 0.07409286 0.16102152 0.02318494
v 0.07514720 0.15893951 0.05068398
v 0.08569916 0.15515581 0.02318494
v 0.08569916 0.15515581 0.02318494
v 0.07514720 0.15893951 0.05068398
v 0.08824710 0.15205701 0.05068398
v 0.08569916 0.15515581 0.02318494
v 0.08824710 0.15205701 0.05068398
v 0.09703467 0.14833061 0.02318493
v 0.09703467 0.14833061 0.02318493
v 0.08824710 0.15205701 0.05068398
v 0.10095390 0.14393461 0.05068398
v 0.09703467 0.14833061 0.02318493
v 0.10095390 0.14393461 0.05068398
v 0.10798470 0.14055961 0.02318493
v 0.10798470 0.14055961 0.02318493
v 0.10095390 0.14393461 0.05068398
v 0.11309750 0.13460241 0.05068398
v 0.10798470 0.14055961 0.02318493
v 0.11309750 0.13460241 0.05068398
v 0.11843480 0.13187452 0.02318493
v 0.11843480 0.13187452 0.02318493
v 0.11309750 0.13460241 0.05068398
v 0.12451060 0.12412082 0.05068398
v 0.11843480 0.13187452 0.02318493
v 0.12451060 0.12412082 0.05068398
v 0.12827390 0.12232542 0.02318493
v 0.12827390 0.12232542 0.02318493
v 0.12451060 0.12412082 0.05068398
v 0.13503522 0.11258052 0.05068398
v 0.12827390 0.12232542 0.02318493
v 0.13503522 0.11258052 0.05068398
v 0.13739811 0.11197972 0.02318493
v 0.13739811 0.11197972 0.02318493
v 0.13503522 0.11258052 0.05068398
v 0.14452942 0.10010061 0.05068398
v 0.13739811 0.11197972 0.02318493
v 0.14452942 0.10010061 0.05068398
v 0.14571412 0.10092121 0.02318493
v 0.14571412 0.10092121 0.02318493
v 0.14452942 0.10010061 0.05068398
v 0.15314221 0.08924773 0.02318493
v 0.15314221 0.08924773 0.02318493
v 0.14452942 0.10010061 0.05068398
v 0.15287381 0.08682439 0.05068397
v 0.15314221 0.08924773 0.02318493
v 0.15287381 0.08682439 0.05068397
v 0.15961881 0.07706828 0.02318493
v 0.15961881 0.07706828 0.02318493
v 0.15287381 0.08682439 0.05068397
v 0.15997632 0.07291402 0.05068397
v 0.15961881 0.07706828 0.02318493
v 0.15997632 0.07291402 0.05068397
v 0.16509841 0.06449974 0.02318493
v 0.16509841 0.06449974 0.02318493
v 0.15997632 0.07291402 0.05068397
v 0.16577531 0.05854411 0.05068397
v 0.16509841 0.06449974 0.02318493
v 0.16577531 0.05854411 0.05068397
v 0.16955420 0.05166306 0.02318493
v 0.16955420 0.05166306 0.02318493
v 0.16577531 0.05854411 0.05068397
v 0.17024140 0.04389446 0.05068397
v 0.16955420 0.05166306 0.02318493
v 0.17024140 0.04389446 0.05068397
v 0.17297851 0.03867975 0.02318493
v 0.17297851 0.03867975 0.02318493
v 0.17024140 0.04389446 0.05068397
v 0.17337692 0.02914308 0.05068397
v 0.17297851 0.03867975 0.02318493
v 0.17337692 0.02914308 0.05068397
v 0.17538202 0.02566818 0.02318493
v 0.17538202 0.02566818 0.02318493
v 0.17337692 0.02914308 0.05068397
v 0.17521362 0.01445963 0.05068397
v 0.17538202 0.02566818 0.02318493
v 0.17521362 0.01445963 0.05068397
v 0.17679191 0.01274051 0.02318493
v 0.17679191 0.01274051 0.02318493
v 0.17521362 0.01445963 0.05068397
v 0.17580920 0.00000001 0.05068397
v 0.17679191 0.01274051 0.02318493
v 0.17580920 0.00000001 0.05068397
v 0.17725042 0.00000001 0.02318493
v 0.17725042 0.00000001 0.02318493
v 0.17580920 0.00000001 0.05068397
v 0.17679191 -0.01274049 0.02318493
v 0.17679191 -0.01274049 0.02318493
v 0.17580920 0.00000001 0.05068397
v 0.17521362 -0.01445961 0.05068397
v 0.17679191 -0.01274049 0.02318493
v 0.17521362 -0.01445961 0.05068397
v 0.17538202 -0.02566816 0.02318493
v 0.17538202 -0.02566816 0.02318493
v 0.17521362 -0.01445961 0.05068397
v 0.17337692 -0.02914307 0.05068397
v 0.17538202 -0.02566816 0.02318493
v 0.17337692 -0.02914307 0.05068397
v 0.17297851 -0.03867973 0.02318493
v 0.17297851 -0.03867973 0.02318493
v 0.17337692 -0.02914307 0.05068397
v 0.16817561 -0.05124300 0.05068397
v 0.17297851 -0.03867973 0.02318493
v 0.16817561 -0.05124300 0.05068397
v 0.16955420 -0.05166305 0.02318493
v 0.16955420 -0.05166305 0.02318493
v 0.16817561 -0.05124300 0.05068397
v 0.16509841 -0.06449972 0.02318493
v 0.16509841 -0.06449972 0.02318493
v 0.16817561 -0.05124300 0.05068397
v 0.15997632 -0.07291400 0.05068397
v 0.16509841 -0.06449972 0.02318493
v 0.15997632 -0.07291400 0.05068397
v 0.15961881 -0.07706827 0.02318493
v 0.15961881 -0.07706827 0.02318493
v 0.15997632 -0.07291400 0.05068397
v 0.15314221 -0.08924772 0.02318493
v 0.15314221 -0.08924772 0.02318493
v 0.15997632 -0.07291400 0.05068397
v 0.14885171 -0.09355226 0.05068397
v 0.15314221 -0.08924772 0.02318493
v 0.14885171 -0.09355226 0.05068397
v 0.14571412 -0.10092120 0.02318493
v 0.14571412 -0.10092120 0.02318493
v 0.14885171 -0.09355226 0.05068397
v 0.14225940 -0.10330120 0.05068397
v 0.14571412 -0.10092120 0.02318493
v 0.14225940 -0.10330120 0.05068397
v 0.13739811 -0.11197971 0.02318492
v 0.13739811 -0.11197971 0.02318492
v 0.14225940 -0.10330120 0.05068397
v 0.13503522 -0.11258050 0.05068397
v 0.13739811 -0.11197971 0.02318492
v 0.13503522 -0.11258050 0.05068397
v 0.12827390 -0.12232541 0.02318492
v 0.12827390 -0.12232541 0.02318492
v 0.13503522 -0.11258050 0.05068397
v 0.11890562 -0.12950031 0.05068396
v 0.12827390 -0.12232541 0.02318492
v 0.11890562 -0.12950031 0.05068396
v 0.11843482 -0.13187452 0.02318492
v 0.11843482 -0.13187452 0.02318492
v 0.11890562 -0.12950031 0.05068396
v 0.10798471 -0.14055961 0.02318492
v 0.10798471 -0.14055961 0.02318492
v 0.11890562 -0.12950031 0.05068396
v 0.10095391 -0.14393461 0.05068396
v 0.10798471 -0.14055961 0.02318492
v 0.10095391 -0.14393461 0.05068396
v 0.09703469 -0.14833061 0.02318492
v 0.09703469 -0.14833061 0.02318492
v 0.10095391 -0.14393461 0.05068396
v 0.08173577 -0.15565391 0.05068396
v 0.09703469 -0.14833061 0.02318492
v 0.08173577 -0.15565391 0.05068396
v 0.08569918 -0.15515581 0.02318492
v 0.08569918 -0.15515581 0.02318492
v 0.08173577 -0.15565391 0.05068396
v 0.07409287 -0.16102152 0.02318492
v 0.07409287 -0.16102152 0.02318492
v 0.08173577 -0.15565391 0.05068396
v 0.06232723 -0.16593070 0.02318492
v 0.06232723 -0.16593070 0.02318492
v 0.08173577 -0.15565391 0.05068396
v 0.07394455 -0.15791272 0.07818301
v 0.06232723 -0.16593070 0.02318492
v 0.07394455 -0.15791272 0.07818301
v 0.06246390 -0.16279580 0.07818301
v 0.06246389 0.16279580 0.07818302
v 0.07394454 0.15791272 0.07818302
v 0.07514720 0.15893951 0.05068398
v 0.07514720 0.15893951 0.05068398
v 0.07394454 0.15791272 0.07818302
v 0.08526251 0.15210031 0.07818302
v 0.07514720 0.15893951 0.05068398
v 0.08526251 0.15210031 0.07818302
v 0.08824710 0.15205701 0.05068398
v 0.08824710 0.15205701 0.05068398
v 0.08526251 0.15210031 0.07818302
v 0.09630996 0.14535680 0.07818302
v 0.08824710 0.15205701 0.05068398
v 0.09630996 0.14535680 0.07818302
v 0.10095390 0.14393461 0.05068398
v 0.10095390 0.14393461 0.05068398
v 0.09630996 0.14535680 0.07818302
v 0.10697620 0.13769642 0.07818302
v 0.10095390 0.14393461 0.05068398
v 0.10697620 0.13769642 0.07818302
v 0.11309750 0.13460241 0.05068398
v 0.11309750 0.13460241 0.05068398
v 0.10697620 0.13769642 0.07818302
v 0.11715090 0.12915061 0.07818302
v 0.11309750 0.13460241 0.05068398
v 0.11715090 0.12915061 0.07818302
v 0.12451060 0.12412082 0.05068398
v 0.12451060 0.12412082 0.05068398
v 0.11715090 0.12915061 0.07818302
v 0.12672701 0.11976842 0.07818302
v 0.12451060 0.12412082 0.05068398
v 0.12672701 0.11976842 0.07818302
v 0.13503522 0.11258052 0.05068398
v 0.13503522 0.11258052 0.05068398
v 0.12672701 0.11976842 0.07818302
v 0.13560461 0.10961571 0.07818302
v 0.13503522 0.11258052 0.05068398
v 0.13560461 0.10961571 0.07818302
v 0.14452942 0.10010061 0.05068398
v 0.14452942 0.10010061 0.05068398
v 0.13560461 0.10961571 0.07818302
v 0.14369401 0.09877375 0.07818302
v 0.14452942 0.10010061 0.05068398
v 0.14369401 0.09877375 0.07818302
v 0.15091851 0.08733732 0.07818302
v 0.14452942 0.10010061 0.05068398
v 0.15091851 0.08733732 0.07818302
v 0.15287381 0.08682439 0.05068397
v 0.15287381 0.08682439 0.05068397
v 0.15091851 0.08733732 0.07818302
v 0.15721720 0.07541185 0.07818302
v 0.15287381 0.08682439 0.05068397
v 0.15721720 0.07541185 0.07818302
v 0.15997632 0.07291402 0.05068397
v 0.15997632 0.07291402 0.05068397
v 0.15721720 0.07541185 0.07818302
v 0.16254631 0.06311030 0.07818302
v 0.15997632 0.07291402 0.05068397
v 0.16254631 0.06311030 0.07818302
v 0.16577531 0.05854411 0.05068397
v 0.16577531 0.05854411 0.05068397
v 0.16254631 0.06311030 0.07818302
v 0.16688001 0.05054957 0.07818302
v 0.16577531 0.05854411 0.05068397
v 0.16688001 0.05054957 0.07818302
v 0.17024140 0.04389446 0.05068397
v 0.17024140 0.04389446 0.05068397
v 0.16688001 0.05054957 0.07818302
v 0.17021112 0.03784699 0.07818301
v 0.17024140 0.04389446 0.05068397
v 0.17021112 0.03784699 0.07818301
v 0.17337692 0.02914308 0.05068397
v 0.17337692 0.02914308 0.05068397
v 0.17021112 0.03784699 0.07818301
v 0.17254950 0.02511699 0.07818301
v 0.17337692 0.02914308 0.05068397
v 0.17254950 0.02511699 0.07818301
v 0.17521362 0.01445963 0.05068397
v 0.17521362 0.01445963 0.05068397
v 0.17254950 0.02511699 0.07818301
v 0.17392172 0.01246801 0.07818301
v 0.17521362 0.01445963 0.05068397
v 0.17392172 0.01246801 0.07818301
v 0.17580920 0.00000001 0.05068397
v 0.17580920 0.00000001 0.05068397
v 0.17392172 0.01246801 0.07818301
v 0.17436801 0.00000001 0.07818301
v 0.17580920 0.00000001 0.05068397
v 0.17436801 0.00000001 0.07818301
v 0.17392172 -0.01246799 0.07818301
v 0.17580920 0.00000001 0.05068397
v 0.17392172 -0.01246799 0.07818301
v 0.17521362 -0.01445961 0.05068397
v 0.17521362 -0.01445961 0.05068397
v 0.17392172 -0.01246799 0.07818301
v 0.17254950 -0.02511698 0.07818301
v 0.17521362 -0.01445961 0.05068397
v 0.17254950 -0.02511698 0.07818301
v 0.17337692 -0.02914307 0.05068397
v 0.17337692 -0.02914307 0.05068397
v 0.17254950 -0.02511698 0.07818301
v 0.17021112 -0.03784698 0.07818301
v 0.17337692 -0.02914307 0.05068397
v 0.17021112 -0.03784698 0.07818301
v 0.16817561 -0.05124300 0.05068397
v 0.16817561 -0.05124300 0.05068397
v 0.17021112 -0.03784698 0.07818301
v 0.16688001 -0.05054956 0.07818301
v 0.16817561 -0.05124300 0.05068397
v 0.16688001 -0.05054956 0.07818301
v 0.16254631 -0.06311028 0.07818301
v 0.16817561 -0.05124300 0.05068397
v 0.16254631 -0.06311028 0.07818301
v 0.15997632 -0.07291400 0.05068397
v 0.15997632 -0.07291400 0.05068397
v 0.16254631 -0.06311028 0.07818301
v 0.15721720 -0.07541183 0.07818301
v 0.15997632 -0.07291400 0.05068397
v 0.15721720 -0.07541183 0.07818301
v 0.15091851 -0.08733730 0.07818301
v 0.15997632 -0.07291400 0.05068397
v 0.15091851 -0.08733730 0.07818301
v 0.14885171 -0.09355226 0.05068397
v 0.14885171 -0.09355226 0.05068397
v 0.15091851 -0.08733730 0.07818301
v 0.14369401 -0.09877373 0.07818301
v 0.14885171 -0.09355226 0.05068397
v 0.14369401 -0.09877373 0.07818301
v 0.14225940 -0.10330120 0.05068397
v 0.14225940 -0.10330120 0.05068397
v 0.14369401 -0.09877373 0.07818301
v 0.13560461 -0.10961570 0.07818301
v 0.14225940 -0.10330120 0.05068397
v 0.13560461 -0.10961570 0.07818301
v 0.13503522 -0.11258050 0.05068397
v 0.13503522 -0.11258050 0.05068397
v 0.13560461 -0.10961570 0.07818301
v 0.12672701 -0.11976840 0.07818301
v 0.13503522 -0.11258050 0.05068397
v 0.12672701 -0.11976840 0.07818301
v 0.11890562 -0.12950031 0.05068396
v 0.11890562 -0.12950031 0.05068396
v 0.12672701 -0.11976840 0.07818301
v 0.11715091 -0.12915061 0.07818301
v 0.11890562 -0.12950031 0.05068396
v 0.11715091 -0.12915061 0.07818301
v 0.10697622 -0.13769642 0.07818301
v 0.11890562 -0.12950031 0.05068396
v 0.10697622 -0.13769642 0.07818301
v 0.10095391 -0.14393461 0.05068396
v 0.10095391 -0.14393461 0.05068396
v 0.10697622 -0.13769642 0.07818301
v 0.09630997 -0.14535680 0.07818301
v 0.10095391 -0.14393461 0.05068396
v 0.09630997 -0.14535680 0.07818301
v 0.08526252 -0.15210031 0.07818301
v 0.10095391 -0.14393461 0.05068396
v 0.08526252 -0.15210031 0.07818301
v 0.08173577 -0.15565391 0.05068396
v 0.08173577 -0.15565391 0.05068396
v 0.08526252 -0.15210031 0.07818301
v 0.07394455 -0.15791272 0.07818301
v 0.02733663 -0.16651201 0.08180288
v 0.02768280 -0.16966681 0.02318492
v 0.03315065 -0.16864711 0.05304933
v 0.03315065 -0.16864711 0.05304933
v 0.02768280 -0.16966681 0.02318492
v 0.03645168 -0.17038241 0.02318488
v 0.03315065 -0.16864711 0.05304933
v 0.03645168 -0.17038241 0.02318488
v 0.04603706 -0.16827032 0.05310517
v 0.04603706 -0.16827032 0.05310517
v 0.03645168 -0.17038241 0.02318488
v 0.04524102 -0.16999181 0.02318490
v 0.04603706 -0.16827032 0.05310517
v 0.04524102 -0.16999181 0.02318490
v 0.04773641 -0.16967762 0.02318492
v 0.04603706 -0.16827032 0.05310517
v 0.04773641 -0.16967762 0.02318492
v 0.05112997 -0.16745831 0.05309155
v 0.05112997 -0.16745831 0.05309155
v 0.04773641 -0.16967762 0.02318492
v 0.05513122 -0.16819902 0.02318493
v 0.05112997 -0.16745831 0.05309155
v 0.05513122 -0.16819902 0.02318493
v 0.06232723 -0.16593070 0.02318492
v 0.06246390 -0.16279580 0.07818301
v 0.05517465 -0.16513431 0.07835025
v 0.06232723 -0.16593070 0.02318492
v 0.06232723 -0.16593070 0.02318492
v 0.05517465 -0.16513431 0.07835025
v 0.05112997 -0.16745831 0.05309155
v 0.05517465 -0.16513431 0.07835025
v 0.04769025 -0.16664051 0.07885054
v 0.05112997 -0.16745831 0.05309155
v 0.05112997 -0.16745831 0.05309155
v 0.04769025 -0.16664051 0.07885054
v 0.04603706 -0.16827032 0.05310517
v 0.04769025 -0.16664051 0.07885054
v 0.04516054 -0.16695562 0.07909131
v 0.04603706 -0.16827032 0.05310517
v 0.04603706 -0.16827032 0.05310517
v 0.04516054 -0.16695562 0.07909131
v 0.03620243 -0.16731381 0.08022960
v 0.04603706 -0.16827032 0.05310517
v 0.03620243 -0.16731381 0.08022960
v 0.03315065 -0.16864711 0.05304933
v 0.03315065 -0.16864711 0.05304933
v 0.03620243 -0.16731381 0.08022960
v 0.02733663 -0.16651201 0.08180288
v 0.02609359 0.14923601 0.09016657
v 0.01372775 0.15087681 0.09016657
v 0.02606899 0.14924031 0.08478329
v 0.02606899 0.14924031 0.08478329
v 0.01372775 0.15087681 0.09016657
v 0.01372775 0.15087681 0.07940001
v 0.02606899 0.14924031 0.08478329
v 0.01372775 0.15087681 0.07940001
v 0.02604439 0.14924462 0.07940001
v 0.02604439 0.14924462 0.07940001
v 0.03851096 0.14652361 0.07940001
v 0.02606899 0.14924031 0.08478329
v 0.02606899 0.14924031 0.08478329
v 0.03851096 0.14652361 0.07940001
v 0.03856144 0.14651030 0.08478329
v 0.02606899 0.14924031 0.08478329
v 0.03856144 0.14651030 0.08478329
v 0.02609359 0.14923601 0.09016657
v 0.02609359 0.14923601 0.09016657
v 0.03856144 0.14651030 0.08478329
v 0.03861194 0.14649701 0.09016657
v 0.03861194 0.14649701 0.09016657
v 0.03856144 0.14651030 0.08478329
v 0.05114318 0.14260651 0.08478329
v 0.03861194 0.14649701 0.09016657
v 0.05114318 0.14260651 0.08478329
v 0.05114318 0.14260651 0.09016657
v 0.05114318 0.14260651 0.09016657
v 0.05114318 0.14260651 0.08478329
v 0.06353357 0.13753451 0.09016657
v 0.06353357 0.13753451 0.09016657
v 0.05114318 0.14260651 0.08478329
v 0.06353357 0.13753451 0.08478329
v 0.06353357 0.13753451 0.09016657
v 0.06353357 0.13753451 0.08478329
v 0.07562009 0.13127781 0.09016657
v 0.07562009 0.13127781 0.09016657
v 0.06353357 0.13753451 0.08478329
v 0.07562009 0.13127781 0.08478329
v 0.07562009 0.13127781 0.09016657
v 0.07562009 0.13127781 0.08478329
v 0.08723642 0.12386312 0.09016657
v 0.08723642 0.12386312 0.09016657
v 0.07562009 0.13127781 0.08478329
v 0.08723642 0.12386312 0.08478329
v 0.08723642 0.12386312 0.09016657
v 0.08723642 0.12386312 0.08478329
v 0.09821969 0.11534791 0.09016657
v 0.09821969 0.11534791 0.09016657
v 0.08723642 0.12386312 0.08478329
v 0.09821969 0.11534791 0.08478329
v 0.09821969 0.11534791 0.09016657
v 0.09821969 0.11534791 0.08478329
v 0.10841770 0.10581992 0.09016657
v 0.10841770 0.10581992 0.09016657
v 0.09821969 0.11534791 0.08478329
v 0.10841770 0.10581992 0.08478329
v 0.10841770 0.10581992 0.09016657
v 0.10841770 0.10581992 0.08478329
v 0.11769560 0.09539387 0.09016657
v 0.11769560 0.09539387 0.09016657
v 0.10841770 0.10581992 0.08478329
v 0.11769560 0.09539387 0.08478329
v 0.11769560 0.09539387 0.09016657
v 0.11769560 0.09539387 0.08478329
v 0.12594190 0.08420738 0.09016657
v 0.12594190 0.08420738 0.09016657
v 0.11769560 0.09539387 0.08478329
v 0.12594190 0.08420738 0.08478329
v 0.12594190 0.08420738 0.09016657
v 0.12594190 0.08420738 0.08478329
v 0.13307281 0.07241467 0.09016657
v 0.13307281 0.07241467 0.09016657
v 0.12594190 0.08420738 0.08478329
v 0.13307281 0.07241467 0.08478329
v 0.13307281 0.07241467 0.09016657
v 0.13307281 0.07241467 0.08478329
v 0.13903460 0.06017997 0.09016657
v 0.13903460 0.06017997 0.09016657
v 0.13307281 0.07241467 0.08478329
v 0.13903460 0.06017997 0.08478329
v 0.13903460 0.06017997 0.09016657
v 0.13903460 0.06017997 0.08478329
v 0.14380471 0.04767025 0.09016657
v 0.14380471 0.04767025 0.09016657
v 0.13903460 0.06017997 0.08478329
v 0.14380471 0.04767025 0.08478329
v 0.14380471 0.04767025 0.09016657
v 0.14380471 0.04767025 0.08478329
v 0.14739022 0.03504836 0.09016656
v 0.14739022 0.03504836 0.09016656
v 0.14380471 0.04767025 0.08478329
v 0.14739022 0.03504836 0.08478329
v 0.14739022 0.03504836 0.09016656
v 0.14739022 0.03504836 0.08478329
v 0.14982481 0.02246728 0.09016656
v 0.14982481 0.02246728 0.09016656
v 0.14739022 0.03504836 0.08478329
v 0.14982481 0.02246728 0.08478329
v 0.14982481 0.02246728 0.09016656
v 0.14982481 0.02246728 0.08478329
v 0.15109551 0.01106345 0.08916656
v 0.15109551 0.01106345 0.08916656
v 0.14982481 0.02246728 0.08478329
v 0.15109551 0.01106345 0.07940000
v 0.15109551 0.01106345 0.07940000
v 0.14982481 0.02246728 0.08478329
v 0.14968091 0.02340698 0.07940000
v 0.14968091 0.02340698 0.07940000
v 0.14982481 0.02246728 0.08478329
v 0.14739022 0.03504836 0.08478329
v 0.14968091 0.02340698 0.07940000
v 0.14739022 0.03504836 0.08478329
v 0.14718030 0.03591962 0.07940000
v 0.14718030 0.03591962 0.07940000
v 0.14739022 0.03504836 0.08478329
v 0.14380471 0.04767025 0.08478329
v 0.14718030 0.03591962 0.07940000
v 0.14380471 0.04767025 0.08478329
v 0.14353901 0.04846447 0.07940001
v 0.14353901 0.04846447 0.07940001
v 0.14380471 0.04767025 0.08478329
v 0.13903460 0.06017997 0.08478329
v 0.14353901 0.04846447 0.07940001
v 0.13903460 0.06017997 0.08478329
v 0.13872491 0.06089044 0.07940001
v 0.13872491 0.06089044 0.07940001
v 0.13903460 0.06017997 0.08478329
v 0.13307281 0.07241467 0.08478329
v 0.13872491 0.06089044 0.07940001
v 0.13307281 0.07241467 0.08478329
v 0.13273230 0.07303692 0.07940001
v 0.13273230 0.07303692 0.07940001
v 0.13307281 0.07241467 0.08478329
v 0.12594190 0.08420738 0.08478329
v 0.13273230 0.07303692 0.07940001
v 0.12594190 0.08420738 0.08478329
v 0.12558451 0.08473958 0.07940001
v 0.12558451 0.08473958 0.07940001
v 0.12594190 0.08420738 0.08478329
v 0.11769560 0.09539387 0.08478329
v 0.12558451 0.08473958 0.07940001
v 0.11769560 0.09539387 0.08478329
v 0.11733519 0.09583691 0.07940001
v 0.11733519 0.09583691 0.07940001
v 0.11769560 0.09539387 0.08478329
v 0.10841770 0.10581992 0.08478329
v 0.11733519 0.09583691 0.07940001
v 0.10841770 0.10581992 0.08478329
v 0.10806771 0.10617741 0.07940001
v 0.10806771 0.10617741 0.07940001
v 0.10841770 0.10581992 0.08478329
v 0.09821969 0.11534791 0.08478329
v 0.10806771 0.10617741 0.07940001
v 0.09821969 0.11534791 0.08478329
v 0.09789233 0.11562591 0.07940001
v 0.09789233 0.11562591 0.07940001
v 0.09821969 0.11534791 0.08478329
v 0.08723642 0.12386312 0.08478329
v 0.09789233 0.11562591 0.07940001
v 0.08723642 0.12386312 0.08478329
v 0.08694227 0.12406971 0.07940001
v 0.08694227 0.12406971 0.07940001
v 0.08723642 0.12386312 0.08478329
v 0.07562009 0.13127781 0.08478329
v 0.08694227 0.12406971 0.07940001
v 0.07562009 0.13127781 0.08478329
v 0.07536756 0.13142291 0.07940001
v 0.07536756 0.13142291 0.07940001
v 0.07562009 0.13127781 0.08478329
v 0.06353357 0.13753451 0.08478329
v 0.07536756 0.13142291 0.07940001
v 0.06353357 0.13753451 0.08478329
v 0.06332870 0.13762891 0.07940001
v 0.06332870 0.13762891 0.07940001
v 0.06353357 0.13753451 0.08478329
v 0.05114318 0.14260651 0.08478329
v 0.06332870 0.13762891 0.07940001
v 0.05114318 0.14260651 0.08478329
v 0.05098961 0.14266151 0.07940001
v 0.05098961 0.14266151 0.07940001
v 0.05114318 0.14260651 0.08478329
v 0.03856144 0.14651030 0.08478329
v 0.05098961 0.14266151 0.07940001
v 0.03856144 0.14651030 0.08478329
v 0.03851096 0.14652361 0.07940001
v 0.15109551 0.01106345 0.08916656
v 0.15111341 0.01081556 0.08941495
v 0.14982481 0.02246728 0.09016656
v 0.14982481 0.02246728 0.09016656
v 0.15111341 0.01081556 0.08941495
v 0.15113100 0.01056760 0.08966338
v 0.14982481 0.02246728 0.09016656
v 0.15113100 0.01056760 0.08966338
v 0.15114830 0.01031644 0.08991499
v 0.15114830 0.01031644 0.08991499
v 0.15116532 0.01006529 0.09016656
v 0.14982481 0.02246728 0.09016656
v 0.15322791 -0.00933731 0.09390000
v 0.15150000 -0.00949584 0.09390000
v 0.15297641 -0.00938036 0.09203329
v 0.15297641 -0.00938036 0.09203329
v 0.15150000 -0.00949584 0.09390000
v 0.15150000 -0.00949584 0.09016656
v 0.15297641 -0.00938036 0.09203329
v 0.15150000 -0.00949584 0.09016656
v 0.15354910 -0.00927211 0.09016656
v 0.15297641 -0.00938036 0.09203329
v 0.15354910 -0.00927211 0.09016656
v 0.15449221 -0.00901210 0.09203329
v 0.15449221 -0.00901210 0.09203329
v 0.15354910 -0.00927211 0.09016656
v 0.15550171 -0.00861145 0.09016656
v 0.15449221 -0.00901210 0.09203329
v 0.15550171 -0.00861145 0.09016656
v 0.15598291 -0.00837105 0.09203329
v 0.15598291 -0.00837105 0.09203329
v 0.15550171 -0.00861145 0.09016656
v 0.15682751 -0.00786055 0.09016656
v 0.15598291 -0.00837105 0.09203329
v 0.15682751 -0.00786055 0.09016656
v 0.15737581 -0.00745959 0.09203329
v 0.15737581 -0.00745959 0.09203329
v 0.15682751 -0.00786055 0.09016656
v 0.15806502 -0.00686085 0.09016656
v 0.15737581 -0.00745959 0.09203329
v 0.15806502 -0.00686085 0.09016656
v 0.15859981 -0.00630585 0.09203329
v 0.15859981 -0.00630585 0.09203329
v 0.15806502 -0.00686085 0.09016656
v 0.15914701 -0.00562977 0.09016656
v 0.15859981 -0.00630585 0.09203329
v 0.15914701 -0.00562977 0.09016656
v 0.15959641 -0.00496174 0.09203329
v 0.15959641 -0.00496174 0.09203329
v 0.15914701 -0.00562977 0.09016656
v 0.16001241 -0.00420835 0.09016656
v 0.15959641 -0.00496174 0.09203329
v 0.16001241 -0.00420835 0.09016656
v 0.16032910 -0.00349537 0.09203329
v 0.16032910 -0.00349537 0.09203329
v 0.16001241 -0.00420835 0.09016656
v 0.16061631 -0.00265768 0.09016656
v 0.16032910 -0.00349537 0.09203329
v 0.16061631 -0.00265768 0.09016656
v 0.16078712 -0.00198021 0.09203329
v 0.16078712 -0.00198021 0.09203329
v 0.16061631 -0.00265768 0.09016656
v 0.16093761 -0.00105049 0.09016656
v 0.16078712 -0.00198021 0.09203329
v 0.16093761 -0.00105049 0.09016656
v 0.16099592 0.00000000 0.09203329
v 0.16099592 0.00000000 0.09203329
v 0.16093761 -0.00105049 0.09016656
v 0.16098051 0.00053976 0.09016656
v 0.16099592 0.00000000 0.09203329
v 0.16098051 0.00053976 0.09016656
v 0.16078712 0.00198022 0.09203329
v 0.16078712 0.00198022 0.09203329
v 0.16098051 0.00053976 0.09016656
v 0.16077210 0.00204915 0.09016656
v 0.16078712 0.00198022 0.09203329
v 0.16077210 0.00204915 0.09016656
v 0.16032501 0.00350577 0.09016656
v 0.16078712 0.00198022 0.09203329
v 0.16032501 0.00350577 0.09016656
v 0.16011541 0.00399320 0.09203329
v 0.16011541 0.00399320 0.09203329
v 0.16032501 0.00350577 0.09016656
v 0.15961590 0.00492983 0.09016656
v 0.16011541 0.00399320 0.09203329
v 0.15961590 0.00492983 0.09016656
v 0.15895961 0.00587585 0.09203329
v 0.15895961 0.00587585 0.09203329
v 0.15961590 0.00492983 0.09016656
v 0.15864731 0.00625196 0.09016656
v 0.15895961 0.00587585 0.09203329
v 0.15864731 0.00625196 0.09016656
v 0.15737581 0.00745960 0.09203329
v 0.15737581 0.00745960 0.09203329
v 0.15864731 0.00625196 0.09016656
v 0.15744612 0.00740370 0.09016656
v 0.15737581 0.00745960 0.09203329
v 0.15744612 0.00740370 0.09016656
v 0.15606230 0.00832805 0.09016656
v 0.15737581 0.00745960 0.09203329
v 0.15606230 0.00832805 0.09016656
v 0.15549321 0.00861542 0.09203329
v 0.15549321 0.00861542 0.09203329
v 0.15606230 0.00832805 0.09016656
v 0.15456231 0.00898851 0.09016656
v 0.15549321 0.00861542 0.09203329
v 0.15456231 0.00898851 0.09016656
v 0.15348020 0.00928708 0.09203329
v 0.15348020 0.00928708 0.09203329
v 0.15456231 0.00898851 0.09016656
v 0.15301880 0.00937360 0.09016656
v 0.15348020 0.00928708 0.09203329
v 0.15301880 0.00937360 0.09016656
v 0.15150000 0.00949585 0.09390000
v 0.15150000 0.00949585 0.09390000
v 0.15301880 0.00937360 0.09016656
v 0.15150000 0.00949585 0.09016656
v 0.15150000 0.00949585 0.09390000
v 0.15322791 0.00933732 0.09390000
v 0.15348020 0.00928708 0.09203329
v 0.15348020 0.00928708 0.09203329
v 0.15322791 0.00933732 0.09390000
v 0.15499541 0.00882913 0.09390000
v 0.15348020 0.00928708 0.09203329
v 0.15499541 0.00882913 0.09390000
v 0.15549321 0.00861542 0.09203329
v 0.15549321 0.00861542 0.09203329
v 0.15499541 0.00882913 0.09390000
v 0.15669620 0.00794798 0.09390000
v 0.15549321 0.00861542 0.09203329
v 0.15669620 0.00794798 0.09390000
v 0.15737581 0.00745960 0.09203329
v 0.15737581 0.00745960 0.09203329
v 0.15669620 0.00794798 0.09390000
v 0.15821461 0.00671458 0.09390000
v 0.15737581 0.00745960 0.09203329
v 0.15821461 0.00671458 0.09390000
v 0.15895961 0.00587585 0.09203329
v 0.15895961 0.00587585 0.09203329
v 0.15821461 0.00671458 0.09390000
v 0.15944801 0.00519622 0.09390000
v 0.15895961 0.00587585 0.09203329
v 0.15944801 0.00519622 0.09390000
v 0.16011541 0.00399320 0.09203329
v 0.16011541 0.00399320 0.09203329
v 0.15944801 0.00519622 0.09390000
v 0.16032910 0.00349537 0.09390000
v 0.16011541 0.00399320 0.09203329
v 0.16032910 0.00349537 0.09390000
v 0.16078712 0.00198022 0.09203329
v 0.16078712 0.00198022 0.09203329
v 0.16032910 0.00349537 0.09390000
v 0.16083732 0.00172790 0.09390000
v 0.16078712 0.00198022 0.09203329
v 0.16083732 0.00172790 0.09390000
v 0.16099592 0.00000000 0.09203329
v 0.16099592 0.00000000 0.09203329
v 0.16083732 0.00172790 0.09390000
v 0.16099592 0.00000000 0.09390000
v 0.16099592 0.00000000 0.09203329
v 0.16099592 0.00000000 0.09390000
v 0.16083732 -0.00172789 0.09390000
v 0.16099592 0.00000000 0.09203329
v 0.16083732 -0.00172789 0.09390000
v 0.16078712 -0.00198021 0.09203329
v 0.16078712 -0.00198021 0.09203329
v 0.16083732 -0.00172789 0.09390000
v 0.16032910 -0.00349537 0.09390000
v 0.16078712 -0.00198021 0.09203329
v 0.16032910 -0.00349537 0.09390000
v 0.16032910 -0.00349537 0.09203329
v 0.16032910 -0.00349537 0.09203329
v 0.16032910 -0.00349537 0.09390000
v 0.15959641 -0.00496174 0.09203329
v 0.16032910 -0.00349537 0.09390000
v 0.15944801 -0.00519621 0.09390000
v 0.15959641 -0.00496174 0.09203329
v 0.15959641 -0.00496174 0.09203329
v 0.15944801 -0.00519621 0.09390000
v 0.15859981 -0.00630585 0.09203329
v 0.15944801 -0.00519621 0.09390000
v 0.15821461 -0.00671457 0.09390000
v 0.15859981 -0.00630585 0.09203329
v 0.15859981 -0.00630585 0.09203329
v 0.15821461 -0.00671457 0.09390000
v 0.15737581 -0.00745959 0.09203329
v 0.15821461 -0.00671457 0.09390000
v 0.15669620 -0.00794797 0.09390000
v 0.15737581 -0.00745959 0.09203329
v 0.15737581 -0.00745959 0.09203329
v 0.15669620 -0.00794797 0.09390000
v 0.15598291 -0.00837105 0.09203329
v 0.15669620 -0.00794797 0.09390000
v 0.15499541 -0.00882912 0.09390000
v 0.15598291 -0.00837105 0.09203329
v 0.15598291 -0.00837105 0.09203329
v 0.15499541 -0.00882912 0.09390000
v 0.15449221 -0.00901210 0.09203329
v 0.15499541 -0.00882912 0.09390000
v 0.15322791 -0.00933731 0.09390000
v 0.15449221 -0.00901210 0.09203329
v 0.15449221 -0.00901210 0.09203329
v 0.15322791 -0.00933731 0.09390000
v 0.15297641 -0.00938036 0.09203329
v 0.14912862 -0.01081388 0.08916656
v 0.14884281 -0.01074722 0.08428328
v 0.15109551 -0.01106345 0.08916656
v 0.15109551 -0.01106345 0.08916656
v 0.14884281 -0.01074722 0.08428328
v 0.14912862 -0.01081388 0.07940000
v 0.15109551 -0.01106345 0.08916656
v 0.14912862 -0.01081388 0.07940000
v 0.15109551 -0.01106345 0.07940000
v 0.14912862 -0.01081388 0.08916656
v 0.14713311 -0.01017320 0.08916656
v 0.14884281 -0.01074722 0.08428328
v 0.14884281 -0.01074722 0.08428328
v 0.14713311 -0.01017320 0.08916656
v 0.14657362 -0.00991435 0.08428328
v 0.14884281 -0.01074722 0.08428328
v 0.14657362 -0.00991435 0.08428328
v 0.14713311 -0.01017320 0.07940000
v 0.14713311 -0.01017320 0.07940000
v 0.14657362 -0.00991435 0.08428328
v 0.14522541 -0.00912102 0.07940000
v 0.14522541 -0.00912102 0.07940000
v 0.14657362 -0.00991435 0.08428328
v 0.14446580 -0.00854891 0.08428328
v 0.14522541 -0.00912102 0.07940000
v 0.14446580 -0.00854891 0.08428328
v 0.14353001 -0.00768392 0.07940000
v 0.14353001 -0.00768392 0.07940000
v 0.14446580 -0.00854891 0.08428328
v 0.14269981 -0.00671712 0.08428328
v 0.14353001 -0.00768392 0.07940000
v 0.14269981 -0.00671712 0.08428328
v 0.14215581 -0.00593714 0.07940000
v 0.14215581 -0.00593714 0.07940000
v 0.14269981 -0.00671712 0.08428328
v 0.14141230 -0.00456084 0.08428328
v 0.14215581 -0.00593714 0.07940000
v 0.14141230 -0.00456084 0.08428328
v 0.14117402 -0.00399226 0.07940000
v 0.14117402 -0.00399226 0.07940000
v 0.14141230 -0.00456084 0.08428328
v 0.14066291 -0.00226277 0.08428328
v 0.14117402 -0.00399226 0.07940000
v 0.14066291 -0.00226277 0.08428328
v 0.14060672 -0.00197471 0.07940000
v 0.14060672 -0.00197471 0.07940000
v 0.14066291 -0.00226277 0.08428328
v 0.14042921 0.00000000 0.08428328
v 0.14060672 -0.00197471 0.07940000
v 0.14042921 0.00000000 0.08428328
v 0.14042921 0.00000000 0.07940000
v 0.14042921 0.00000000 0.07940000
v 0.14042921 0.00000000 0.08428328
v 0.14060672 0.00197472 0.07940000
v 0.14060672 0.00197472 0.07940000
v 0.14042921 0.00000000 0.08428328
v 0.14066291 0.00226278 0.08428328
v 0.14060672 0.00197472 0.07940000
v 0.14066291 0.00226278 0.08428328
v 0.14117402 0.00399227 0.07940000
v 0.14117402 0.00399227 0.07940000
v 0.14066291 0.00226278 0.08428328
v 0.14117402 0.00399227 0.08428328
v 0.14117402 0.00399227 0.07940000
v 0.14117402 0.00399227 0.08428328
v 0.14199051 0.00566854 0.08428328
v 0.14199051 0.00566854 0.08428328
v 0.14117402 0.00399227 0.08428328
v 0.14117402 0.00399227 0.08916656
v 0.14199051 0.00566854 0.08428328
v 0.14117402 0.00399227 0.08916656
v 0.14215581 0.00593715 0.08916656
v 0.14713311 -0.01017320 0.08916656
v 0.14522541 -0.00912102 0.08916656
v 0.14657362 -0.00991435 0.08428328
v 0.14657362 -0.00991435 0.08428328
v 0.14522541 -0.00912102 0.08916656
v 0.14446580 -0.00854891 0.08428328
v 0.14522541 -0.00912102 0.08916656
v 0.14353001 -0.00768392 0.08916656
v 0.14446580 -0.00854891 0.08428328
v 0.14446580 -0.00854891 0.08428328
v 0.14353001 -0.00768392 0.08916656
v 0.14269981 -0.00671712 0.08428328
v 0.14353001 -0.00768392 0.08916656
v 0.14215581 -0.00593714 0.08916656
v 0.14269981 -0.00671712 0.08428328
v 0.14269981 -0.00671712 0.08428328
v 0.14215581 -0.00593714 0.08916656
v 0.14141230 -0.00456084 0.08428328
v 0.14215581 -0.00593714 0.08916656
v 0.14117402 -0.00399226 0.08916656
v 0.14141230 -0.00456084 0.08428328
v 0.14141230 -0.00456084 0.08428328
v 0.14117402 -0.00399226 0.08916656
v 0.14066291 -0.00226277 0.08428328
v 0.14117402 -0.00399226 0.08916656
v 0.14060672 -0.00197471 0.08916656
v 0.14066291 -0.00226277 0.08428328
v 0.14066291 -0.00226277 0.08428328
v 0.14060672 -0.00197471 0.08916656
v 0.14042921 0.00000000 0.08428328
v 0.14060672 -0.00197471 0.08916656
v 0.14042921 0.00000000 0.08916656
v 0.14042921 0.00000000 0.08428328
v 0.14042921 0.00000000 0.08428328
v 0.14042921 0.00000000 0.08916656
v 0.14060672 0.00197472 0.08916656
v 0.14042921 0.00000000 0.08428328
v 0.14060672 0.00197472 0.08916656
v 0.14066291 0.00226278 0.08428328
v 0.14066291 0.00226278 0.08428328
v 0.14060672 0.00197472 0.08916656
v 0.14117402 0.00399227 0.08916656
v 0.14066291 0.00226278 0.08428328
v 0.14117402 0.00399227 0.08916656
v 0.14117402 0.00399227 0.08428328
v 0.14199051 0.00566854 0.08428328
v 0.14215581 0.00593715 0.08916656
v 0.14310060 0.00721208 0.08428328
v 0.14310060 0.00721208 0.08428328
v 0.14215581 0.00593715 0.08916656
v 0.14353001 0.00768393 0.08916656
v 0.14310060 0.00721208 0.08428328
v 0.14353001 0.00768393 0.08916656
v 0.14446580 0.00854892 0.08428328
v 0.14446580 0.00854892 0.08428328
v 0.14353001 0.00768393 0.08916656
v 0.14522541 0.00912103 0.08916656
v 0.14446580 0.00854892 0.08428328
v 0.14522541 0.00912103 0.08916656
v 0.14602421 0.00962181 0.08428328
v 0.14602421 0.00962181 0.08428328
v 0.14522541 0.00912103 0.08916656
v 0.14713311 0.01017321 0.08916656
v 0.14602421 0.00962181 0.08428328
v 0.14713311 0.01017321 0.08916656
v 0.14769971 0.01039816 0.08428328
v 0.14769971 0.01039816 0.08428328
v 0.14713311 0.01017321 0.08916656
v 0.14912862 0.01081389 0.08916656
v 0.14769971 0.01039816 0.08428328
v 0.14912862 0.01081389 0.08916656
v 0.14941381 0.01087251 0.08428328
v 0.14941381 0.01087251 0.08428328
v 0.14912862 0.01081389 0.08916656
v 0.15109551 0.01106345 0.08916656
v 0.14941381 0.01087251 0.08428328
v 0.15109551 0.01106345 0.08916656
v 0.15109551 0.01106345 0.07940000
v 0.15109551 0.01106345 0.07940000
v 0.14912862 0.01081389 0.07940000
v 0.14941381 0.01087251 0.08428328
v 0.14941381 0.01087251 0.08428328
v 0.14912862 0.01081389 0.07940000
v 0.14769971 0.01039816 0.08428328
v 0.14912862 0.01081389 0.07940000
v 0.14713311 0.01017321 0.07940000
v 0.14769971 0.01039816 0.08428328
v 0.14769971 0.01039816 0.08428328
v 0.14713311 0.01017321 0.07940000
v 0.14602421 0.00962181 0.08428328
v 0.14713311 0.01017321 0.07940000
v 0.14522541 0.00912103 0.07940000
v 0.14602421 0.00962181 0.08428328
v 0.14602421 0.00962181 0.08428328
v 0.14522541 0.00912103 0.07940000
v 0.14446580 0.00854892 0.08428328
v 0.14522541 0.00912103 0.07940000
v 0.14353001 0.00768393 0.07940000
v 0.14446580 0.00854892 0.08428328
v 0.14446580 0.00854892 0.08428328
v 0.14353001 0.00768393 0.07940000
v 0.14310060 0.00721208 0.08428328
v 0.14353001 0.00768393 0.07940000
v 0.14215581 0.00593715 0.07940000
v 0.14310060 0.00721208 0.08428328
v 0.14310060 0.00721208 0.08428328
v 0.14215581 0.00593715 0.07940000
v 0.14199051 0.00566854 0.08428328
v 0.14215581 0.00593715 0.07940000
v 0.14117402 0.00399227 0.07940000
v 0.14199051 0.00566854 0.08428328
v 0.14713311 -0.01017320 0.07940000
v 0.14912862 -0.01081388 0.07940000
v 0.14884281 -0.01074722 0.08428328
v 0.01372777 -0.15087681 0.07940000
v 0.01372777 -0.15087681 0.09016655
v 0.02604440 -0.14924462 0.07940000
v 0.02604440 -0.14924462 0.07940000
v 0.01372777 -0.15087681 0.09016655
v 0.02606900 -0.14924031 0.08478328
v 0.02604440 -0.14924462 0.07940000
v 0.02606900 -0.14924031 0.08478328
v 0.03851097 -0.14652361 0.07940000
v 0.03851097 -0.14652361 0.07940000
v 0.02606900 -0.14924031 0.08478328
v 0.03856146 -0.14651030 0.08478328
v 0.03851097 -0.14652361 0.07940000
v 0.03856146 -0.14651030 0.08478328
v 0.05098962 -0.14266151 0.07940000
v 0.05098962 -0.14266151 0.07940000
v 0.03856146 -0.14651030 0.08478328
v 0.05114319 -0.14260651 0.08478328
v 0.05098962 -0.14266151 0.07940000
v 0.05114319 -0.14260651 0.08478328
v 0.06332871 -0.13762891 0.07940000
v 0.06332871 -0.13762891 0.07940000
v 0.05114319 -0.14260651 0.08478328
v 0.06353358 -0.13753451 0.08478328
v 0.06332871 -0.13762891 0.07940000
v 0.06353358 -0.13753451 0.08478328
v 0.07536757 -0.13142291 0.07940000
v 0.07536757 -0.13142291 0.07940000
v 0.06353358 -0.13753451 0.08478328
v 0.07562010 -0.13127781 0.08478328
v 0.07536757 -0.13142291 0.07940000
v 0.07562010 -0.13127781 0.08478328
v 0.08694229 -0.12406970 0.07940000
v 0.08694229 -0.12406970 0.07940000
v 0.07562010 -0.13127781 0.08478328
v 0.08723643 -0.12386310 0.08478328
v 0.08694229 -0.12406970 0.07940000
v 0.08723643 -0.12386310 0.08478328
v 0.09789234 -0.11562590 0.07940000
v 0.09789234 -0.11562590 0.07940000
v 0.08723643 -0.12386310 0.08478328
v 0.09821971 -0.11534790 0.08478328
v 0.09789234 -0.11562590 0.07940000
v 0.09821971 -0.11534790 0.08478328
v 0.10806772 -0.10617740 0.07940000
v 0.10806772 -0.10617740 0.07940000
v 0.09821971 -0.11534790 0.08478328
v 0.10841772 -0.10581990 0.08478328
v 0.10806772 -0.10617740 0.07940000
v 0.10841772 -0.10581990 0.08478328
v 0.11733521 -0.09583689 0.07940000
v 0.11733521 -0.09583689 0.07940000
v 0.10841772 -0.10581990 0.08478328
v 0.11769561 -0.09539386 0.08478328
v 0.11733521 -0.09583689 0.07940000
v 0.11769561 -0.09539386 0.08478328
v 0.12558451 -0.08473957 0.07940000
v 0.12558451 -0.08473957 0.07940000
v 0.11769561 -0.09539386 0.08478328
v 0.12594190 -0.08420736 0.08478328
v 0.12558451 -0.08473957 0.07940000
v 0.12594190 -0.08420736 0.08478328
v 0.13273230 -0.07303691 0.07940000
v 0.13273230 -0.07303691 0.07940000
v 0.12594190 -0.08420736 0.08478328
v 0.13307281 -0.07241465 0.08478328
v 0.13273230 -0.07303691 0.07940000
v 0.13307281 -0.07241465 0.08478328
v 0.13872491 -0.06089043 0.07940000
v 0.13872491 -0.06089043 0.07940000
v 0.13307281 -0.07241465 0.08478328
v 0.13903460 -0.06017997 0.08478328
v 0.13872491 -0.06089043 0.07940000
v 0.13903460 -0.06017997 0.08478328
v 0.14353901 -0.04846445 0.07940000
v 0.14353901 -0.04846445 0.07940000
v 0.13903460 -0.06017997 0.08478328
v 0.14380471 -0.04767024 0.08478328
v 0.14353901 -0.04846445 0.07940000
v 0.14380471 -0.04767024 0.08478328
v 0.14718030 -0.03591960 0.07940000
v 0.14718030 -0.03591960 0.07940000
v 0.14380471 -0.04767024 0.08478328
v 0.14739022 -0.03504835 0.08478329
v 0.14718030 -0.03591960 0.07940000
v 0.14739022 -0.03504835 0.08478329
v 0.14968091 -0.02340697 0.07940000
v 0.14968091 -0.02340697 0.07940000
v 0.14739022 -0.03504835 0.08478329
v 0.14982481 -0.02246727 0.08478329
v 0.14968091 -0.02340697 0.07940000
v 0.14982481 -0.02246727 0.08478329
v 0.15109551 -0.01106345 0.07940000
v 0.15109551 -0.01106345 0.07940000
v 0.14982481 -0.02246727 0.08478329
v 0.15109551 -0.01106345 0.08916656
v 0.15109551 -0.01106345 0.08916656
v 0.14982481 -0.02246727 0.08478329
v 0.14982481 -0.02246727 0.09016656
v 0.15109551 -0.01106345 0.08916656
v 0.14982481 -0.02246727 0.09016656
v 0.15111341 -0.01081555 0.08941495
v 0.15111341 -0.01081555 0.08941495
v 0.14982481 -0.02246727 0.09016656
v 0.15113100 -0.01056759 0.08966339
v 0.15113100 -0.01056759 0.08966339
v 0.14982481 -0.02246727 0.09016656
v 0.15114830 -0.01031643 0.08991499
v 0.15114830 -0.01031643 0.08991499
v 0.14982481 -0.02246727 0.09016656
v 0.15116532 -0.01006528 0.09016656
v 0.01372777 -0.15087681 0.09016655
v 0.02609361 -0.14923601 0.09016655
v 0.02606900 -0.14924031 0.08478328
v 0.02606900 -0.14924031 0.08478328
v 0.02609361 -0.14923601 0.09016655
v 0.03856146 -0.14651030 0.08478328
v 0.02609361 -0.14923601 0.09016655
v 0.03861196 -0.14649701 0.09016655
v 0.03856146 -0.14651030 0.08478328
v 0.03856146 -0.14651030 0.08478328
v 0.03861196 -0.14649701 0.09016655
v 0.05114319 -0.14260651 0.08478328
v 0.03861196 -0.14649701 0.09016655
v 0.05114319 -0.14260651 0.09016655
v 0.05114319 -0.14260651 0.08478328
v 0.05114319 -0.14260651 0.08478328
v 0.05114319 -0.14260651 0.09016655
v 0.06353358 -0.13753451 0.08478328
v 0.05114319 -0.14260651 0.09016655
v 0.06353358 -0.13753451 0.09016655
v 0.06353358 -0.13753451 0.08478328
v 0.06353358 -0.13753451 0.08478328
v 0.06353358 -0.13753451 0.09016655
v 0.07562010 -0.13127781 0.08478328
v 0.06353358 -0.13753451 0.09016655
v 0.07562010 -0.13127781 0.09016655
v 0.07562010 -0.13127781 0.08478328
v 0.07562010 -0.13127781 0.08478328
v 0.07562010 -0.13127781 0.09016655
v 0.08723643 -0.12386310 0.08478328
v 0.07562010 -0.13127781 0.09016655
v 0.08723643 -0.12386310 0.09016656
v 0.08723643 -0.12386310 0.08478328
v 0.08723643 -0.12386310 0.08478328
v 0.08723643 -0.12386310 0.09016656
v 0.09821971 -0.11534790 0.08478328
v 0.08723643 -0.12386310 0.09016656
v 0.09821971 -0.11534790 0.09016656
v 0.09821971 -0.11534790 0.08478328
v 0.09821971 -0.11534790 0.08478328
v 0.09821971 -0.11534790 0.09016656
v 0.10841772 -0.10581990 0.08478328
v 0.09821971 -0.11534790 0.09016656
v 0.10841772 -0.10581990 0.09016656
v 0.10841772 -0.10581990 0.08478328
v 0.10841772 -0.10581990 0.08478328
v 0.10841772 -0.10581990 0.09016656
v 0.11769561 -0.09539386 0.08478328
v 0.10841772 -0.10581990 0.09016656
v 0.11769561 -0.09539386 0.09016656
v 0.11769561 -0.09539386 0.08478328
v 0.11769561 -0.09539386 0.08478328
v 0.11769561 -0.09539386 0.09016656
v 0.12594190 -0.08420736 0.08478328
v 0.11769561 -0.09539386 0.09016656
v 0.12594190 -0.08420736 0.09016656
v 0.12594190 -0.08420736 0.08478328
v 0.12594190 -0.08420736 0.08478328
v 0.12594190 -0.08420736 0.09016656
v 0.13307281 -0.07241465 0.08478328
v 0.12594190 -0.08420736 0.09016656
v 0.13307281 -0.07241465 0.09016656
v 0.13307281 -0.07241465 0.08478328
v 0.13307281 -0.07241465 0.08478328
v 0.13307281 -0.07241465 0.09016656
v 0.13903460 -0.06017997 0.08478328
v 0.13307281 -0.07241465 0.09016656
v 0.13903460 -0.06017997 0.09016656
v 0.13903460 -0.06017997 0.08478328
v 0.13903460 -0.06017997 0.08478328
v 0.13903460 -0.06017997 0.09016656
v 0.14380471 -0.04767024 0.08478328
v 0.13903460 -0.06017997 0.09016656
v 0.14380471 -0.04767024 0.09016656
v 0.14380471 -0.04767024 0.08478328
v 0.14380471 -0.04767024 0.08478328
v 0.14380471 -0.04767024 0.09016656
v 0.14739022 -0.03504835 0.08478329
v 0.14380471 -0.04767024 0.09016656
v 0.14739022 -0.03504835 0.09016656
v 0.14739022 -0.03504835 0.08478329
v 0.14739022 -0.03504835 0.08478329
v 0.14739022 -0.03504835 0.09016656
v 0.14982481 -0.02246727 0.08478329
v 0.14739022 -0.03504835 0.09016656
v 0.14982481 -0.02246727 0.09016656
v 0.14982481 -0.02246727 0.08478329
v 0.15322791 0.00933732 0.09390000
v 0.15150000 0.00949585 0.09390000
v 0.15150000 0.00000000 0.09390000
v 0.15150000 0.00000000 0.09390000
v 0.15150000 0.00949585 0.09390000
v 0.14977211 0.00933732 0.09390000
v 0.15150000 0.00000000 0.09390000
v 0.14977211 0.00933732 0.09390000
v 0.14800461 0.00882913 0.09390000
v 0.14800461 0.00882913 0.09390000
v 0.14630380 0.00794798 0.09390000
v 0.15150000 0.00000000 0.09390000
v 0.15150000 0.00000000 0.09390000
v 0.14630380 0.00794798 0.09390000
v 0.14478542 0.00671458 0.09390000
v 0.15150000 0.00000000 0.09390000
v 0.14478542 0.00671458 0.09390000
v 0.14355201 0.00519622 0.09390000
v 0.14355201 0.00519622 0.09390000
v 0.14267091 0.00349537 0.09390000
v 0.15150000 0.00000000 0.09390000
v 0.15150000 0.00000000 0.09390000
v 0.14267091 0.00349537 0.09390000
v 0.14216271 0.00172790 0.09390000
v 0.15150000 0.00000000 0.09390000
v 0.14216271 0.00172790 0.09390000
v 0.14200421 0.00000000 0.09390000
v 0.14200421 0.00000000 0.09390000
v 0.14216271 -0.00172789 0.09390000
v 0.15150000 0.00000000 0.09390000
v 0.15150000 0.00000000 0.09390000
v 0.14216271 -0.00172789 0.09390000
v 0.14267091 -0.00349537 0.09390000
v 0.15150000 0.00000000 0.09390000
v 0.14267091 -0.00349537 0.09390000
v 0.14355201 -0.00519622 0.09390000
v 0.14355201 -0.00519622 0.09390000
v 0.14478542 -0.00671457 0.09390000
v 0.15150000 0.00000000 0.09390000
v 0.15150000 0.00000000 0.09390000
v 0.14478542 -0.00671457 0.09390000
v 0.14630380 -0.00794797 0.09390000
v 0.15150000 0.00000000 0.09390000
v 0.14630380 -0.00794797 0.09390000
v 0.14800461 -0.00882912 0.09390000
v 0.14800461 -0.00882912 0.09390000
v 0.14977211 -0.00933731 0.09390000
v 0.15150000 0.00000000 0.09390000
v 0.15150000 0.00000000 0.09390000
v 0.14977211 -0.00933731 0.09390000
v 0.15150000 -0.00949584 0.09390000
v 0.15150000 0.00000000 0.09390000
v 0.15150000 -0.00949584 0.09390000
v 0.15322791 -0.00933731 0.09390000
v 0.15322791 -0.00933731 0.09390000
v 0.15499541 -0.00882912 0.09390000
v 0.15150000 0.00000000 0.09390000
v 0.15150000 0.00000000 0.09390000
v 0.15499541 -0.00882912 0.09390000
v 0.15669620 -0.00794797 0.09390000
v 0.15150000 0.00000000 0.09390000
v 0.15669620 -0.00794797 0.09390000
v 0.15821461 -0.00671457 0.09390000
v 0.15821461 -0.00671457 0.09390000
v 0.15944801 -0.00519621 0.09390000
v 0.15150000 0.00000000 0.09390000
v 0.15150000 0.00000000 0.09390000
v 0.15944801 -0.00519621 0.09390000
v 0.16032910 -0.00349537 0.09390000
v 0.15150000 0.00000000 0.09390000
v 0.16032910 -0.00349537 0.09390000
v 0.16083732 -0.00172789 0.09390000
v 0.16083732 -0.00172789 0.09390000
v 0.16099592 0.00000000 0.09390000
v 0.15150000 0.00000000 0.09390000
v 0.15150000 0.00000000 0.09390000
v 0.16099592 0.00000000 0.09390000
v 0.16083732 0.00172790 0.09390000
v 0.15150000 0.00000000 0.09390000
v 0.16083732 0.00172790 0.09390000
v 0.16032910 0.00349537 0.09390000
v 0.16032910 0.00349537 0.09390000
v 0.15944801 0.00519622 0.09390000
v 0.15150000 0.00000000 0.09390000
v 0.15150000 0.00000000 0.09390000
v 0.15944801 0.00519622 0.09390000
v 0.15821461 0.00671458 0.09390000
v 0.15150000 0.00000000 0.09390000
v 0.15821461 0.00671458 0.09390000
v 0.15669620 0.00794798 0.09390000
v 0.15669620 0.00794798 0.09390000
v 0.15499541 0.00882913 0.09390000
v 0.15150000 0.00000000 0.09390000
v 0.15150000 0.00000000 0.09390000
v 0.15499541 0.00882913 0.09390000
v 0.15322791 0.00933732 0.09390000
vt 0.00834394 0.00000000
vt -0.36500001 0.00000000
vt 0.00834394 -0.16786750
vt 0.00834394 -0.16786750
vt -0.36500001 0.00000000
vt -0.17832799 -0.19184861
vt 0.00834394 -0.16786750
vt -0.17832799 -0.19184861
vt 0.00834394 -0.33573499
vt 0.00834394 -0.33573499
vt -0.17832799 -0.19184861
vt -0.17832799 -0.38369721
vt 0.00834394 -0.33573499
vt -0.17832799 -0.38369721
vt 0.00834394 -0.50360262
vt 0.00834394 -0.50360262
vt -0.17832799 -0.38369721
vt -0.17832799 -0.57554579
vt 0.00834394 -0.50360262
vt -0.17832799 -0.57554579
vt 0.00834394 -0.67147011
vt 0.00834394 -0.67147011
vt -0.17832799 -0.57554579
vt -0.17832799 -0.76739442
vt 0.00834394 -0.67147011
vt -0.17832799 -0.76739442
vt 0.00834394 -0.83933759
vt 0.00834394 -0.83933759
vt -0.17832799 -0.76739442
vt -0.17832799 -0.95924288
vt 0.00834394 -0.83933759
vt -0.17832799 -0.95924288
vt 0.00834394 -1.00720501
vt 0.00834394 -1.00720501
vt -0.17832799 -0.95924288
vt -0.17832799 -1.15109205
vt 0.00834394 -1.00720501
vt -0.17832799 -1.15109205
vt 0.00834394 -1.17507303
vt 0.00834394 -1.17507303
vt -0.17832799 -1.15109205
vt -0.17832799 -1.34293997
vt 0.00834394 -1.17507303
vt -0.17832799 -1.34293997
vt 0.00834394 -1.34293997
vt 0.00834394 -1.34293997
vt -0.17832799 -1.34293997
vt 0.00834394 -1.51080799
vt 0.00834394 -1.51080799
vt -0.17832799 -1.34293997
vt -0.17832799 -1.53478909
vt 0.00834394 -1.51080799
vt -0.17832799 -1.53478909
vt 0.00834394 -1.67867494
vt 0.00834394 -1.67867494
vt -0.17832799 -1.53478909
vt -0.17832799 -1.67867494
vt 0.00834394 -1.67867494
vt -0.17832799 -1.67867494
vt -0.17832799 -1.82256198
vt -0.17832799 -1.82256198
vt -0.17832799 -1.67867494
vt -0.36500001 -1.67867494
vt -0.17832799 -1.82256198
vt -0.36500001 -1.67867494
vt -0.36500001 -1.84654307
vt -0.36500001 0.00000000
vt -0.36500001 -0.16786750
vt -0.17832799 -0.19184861
vt -0.17832799 -0.19184861
vt -0.36500001 -0.16786750
vt -0.36500001 -0.33573499
vt -0.17832799 -0.19184861
vt -0.36500001 -0.33573499
vt -0.17832799 -0.38369721
vt -0.17832799 -0.38369721
vt -0.36500001 -0.33573499
vt -0.36500001 -0.50360262
vt -0.17832799 -0.38369721
vt -0.36500001 -0.50360262
vt -0.17832799 -0.57554579
vt -0.17832799 -0.57554579
vt -0.36500001 -0.50360262
vt -0.36500001 -0.67147011
vt -0.17832799 -0.57554579
vt -0.36500001 -0.67147011
vt -0.17832799 -0.76739442
vt -0.17832799 -0.76739442
vt -0.36500001 -0.67147011
vt -0.36500001 -0.83933759
vt -0.17832799 -0.76739442
vt -0.36500001 -0.83933759
vt -0.17832799 -0.95924288
vt -0.17832799 -0.95924288
vt -0.36500001 -0.83933759
vt -0.36500001 -1.00720501
vt -0.17832799 -0.95924288
vt -0.36500001 -1.00720501
vt -0.17832799 -1.15109205
vt -0.17832799 -1.15109205
vt -0.36500001 -1.00720501
vt -0.36500001 -1.17507303
vt -0.17832799 -1.15109205
vt -0.36500001 -1.17507303
vt -0.17832799 -1.34293997
vt -0.17832799 -1.34293997
vt -0.36500001 -1.17507303
vt -0.36500001 -1.34293997
vt -0.17832799 -1.34293997
vt -0.36500001 -1.34293997
vt -0.36500001 -1.51080799
vt -0.17832799 -1.34293997
vt -0.36500001 -1.51080799
vt -0.17832799 -1.53478909
vt -0.17832799 -1.53478909
vt -0.36500001 -1.51080799
vt -0.36500001 -1.67867494
vt -0.17832799 -1.53478909
vt -0.36500001 -1.67867494
vt -0.17832799 -1.67867494
vt -0.17832799 -1.82256198
vt -0.36500001 -1.84654307
vt -0.17832799 -1.96644807
vt -0.17832799 -1.96644807
vt -0.36500001 -1.84654307
vt -0.36500001 -2.01441002
vt -0.17832799 -1.96644807
vt -0.36500001 -2.01441002
vt -0.17832799 -2.11033392
vt -0.17832799 -2.11033392
vt -0.36500001 -2.01441002
vt -0.36500001 -2.18227792
vt -0.17832799 -2.11033392
vt -0.36500001 -2.18227792
vt -0.17832799 -2.25422096
vt -0.17832799 -2.25422096
vt -0.36500001 -2.18227792
vt -0.36500001 -2.35014510
vt -0.17832799 -2.25422096
vt -0.36500001 -2.35014510
vt -0.17832799 -2.39810705
vt -0.17832799 -2.39810705
vt -0.36500001 -2.35014510
vt -0.36500001 -2.51801300
vt -0.17832799 -2.39810705
vt -0.36500001 -2.51801300
vt -0.17832799 -2.54199409
vt -0.17832799 -2.54199409
vt -0.36500001 -2.51801300
vt -0.36500001 -2.68587995
vt -0.17832799 -2.54199409
vt -0.36500001 -2.68587995
vt 0.00834394 -2.68587995
vt 0.00834394 -2.68587995
vt 0.00834394 -2.51801300
vt -0.17832799 -2.54199409
vt -0.17832799 -2.54199409
vt 0.00834394 -2.51801300
vt -0.17832799 -2.39810705
vt 0.00834394 -2.51801300
vt 0.00834394 -2.35014510
vt -0.17832799 -2.39810705
vt -0.17832799 -2.39810705
vt 0.00834394 -2.35014510
vt -0.17832799 -2.25422096
vt 0.00834394 -2.35014510
vt 0.00834394 -2.18227792
vt -0.17832799 -2.25422096
vt -0.17832799 -2.25422096
vt 0.00834394 -2.18227792
vt -0.17832799 -2.11033392
vt 0.00834394 -2.18227792
vt 0.00834394 -2.01441002
vt -0.17832799 -2.11033392
vt -0.17832799 -2.11033392
vt 0.00834394 -2.01441002
vt -0.17832799 -1.96644807
vt 0.00834394 -2.01441002
vt 0.00834394 -1.84654307
vt -0.17832799 -1.96644807
vt -0.17832799 -1.96644807
vt 0.00834394 -1.84654307
vt -0.17832799 -1.82256198
vt 0.00834394 -1.84654307
vt 0.00834394 -1.67867494
vt -0.17832799 -1.82256198
vt 0.81631631 19.99258041
vt 0.81631643 21.31805992
vt 0.71767819 20.20553970
vt 0.71767819 20.20553970
vt 0.81631643 21.31805992
vt 0.69719279 21.41576958
vt 0.71767819 20.20553970
vt 0.69719279 21.41576958
vt 0.61904001 20.20553970
vt 0.61904001 20.20553970
vt 0.69719279 21.41576958
vt 0.58215737 21.50971985
vt 0.61904001 20.20553970
vt 0.58215737 21.50971985
vt 0.52040172 20.20553970
vt 0.52040172 20.20553970
vt 0.58215737 21.50971985
vt 0.48332801 21.58451080
vt 0.52040172 20.20553970
vt 0.48332801 21.58451080
vt 0.42176339 20.20553970
vt 0.42176339 20.20553970
vt 0.48332801 21.58451080
vt 0.38048121 21.65142059
vt 0.42176339 20.20553970
vt 0.38048121 21.65142059
vt 0.32312521 20.20553970
vt 0.32312521 20.20553970
vt 0.38048121 21.65142059
vt 0.28891131 21.69849968
vt 0.32312521 20.20553970
vt 0.28891131 21.69849968
vt 0.22448690 20.20553970
vt 0.22448690 20.20553970
vt 0.28891131 21.69849968
vt 0.18996701 21.73435974
vt 0.22448690 20.20553970
vt 0.18996701 21.73435974
vt 0.12584870 20.20553970
vt 0.12584870 20.20553970
vt 0.18996701 21.73435974
vt 0.09724462 21.75370979
vt 0.12584870 20.20553970
vt 0.09724462 21.75370979
vt 0.02721041 20.39982033
vt 0.02721041 20.39982033
vt 0.09724462 21.75370979
vt 0.02721041 21.75980949
vt 0.02721041 20.39982033
vt 0.02721041 19.03982925
vt 0.12584870 20.20553970
vt 0.12584870 20.20553970
vt 0.02721041 19.03982925
vt 0.12584870 18.65126038
vt 0.12584870 20.20553970
vt 0.12584870 18.65126038
vt 0.22448690 18.65126038
vt 0.22448690 18.65126038
vt 0.12584870 18.65126038
vt 0.22448690 17.09699059
vt 0.22448690 18.65126038
vt 0.22448690 17.09699059
vt 0.32312521 17.09699059
vt 0.32312521 17.09699059
vt 0.22448690 17.09699059
vt 0.32312521 15.54271984
vt 0.32312521 17.09699059
vt 0.32312521 15.54271984
vt 0.42176339 15.54271984
vt 0.42176339 15.54271984
vt 0.32312521 15.54271984
vt 0.42176339 13.98845005
vt 0.42176339 15.54271984
vt 0.42176339 13.98845005
vt 0.52040172 13.98845005
vt 0.52040172 13.98845005
vt 0.42176339 13.98845005
vt 0.52040172 12.43418026
vt 0.52040172 13.98845005
vt 0.52040172 12.43418026
vt 0.61904001 12.43418026
vt 0.61904001 12.43418026
vt 0.52040172 12.43418026
vt 0.61904001 10.87989998
vt 0.61904001 12.43418026
vt 0.61904001 10.87989998
vt 0.71767819 10.87989998
vt 0.71767819 10.87989998
vt 0.61904001 10.87989998
vt 0.71767819 9.32563400
vt 0.71767819 10.87989998
vt 0.71767819 9.32563400
vt 0.81631631 10.68852043
vt 0.81631631 10.68852043
vt 0.71767819 9.32563400
vt 0.81631631 9.35569382
vt 0.81631631 9.35569382
vt 0.71767819 9.32563400
vt 0.81631631 8.02194405
vt 0.81631631 8.02194405
vt 0.71767819 9.32563400
vt 0.71767819 7.77135992
vt 0.81631631 8.02194405
vt 0.71767819 7.77135992
vt 0.81631631 6.68726587
vt 0.81631631 6.68726587
vt 0.71767819 7.77135992
vt 0.71767819 6.21708822
vt 0.81631631 6.68726587
vt 0.71767819 6.21708822
vt 0.81631631 5.35166502
vt 0.81631631 5.35166502
vt 0.71767819 6.21708822
vt 0.71767819 4.66281605
vt 0.81631631 5.35166502
vt 0.71767819 4.66281605
vt 0.81631631 4.01514006
vt 0.81631631 4.01514006
vt 0.71767819 4.66281605
vt 0.71767819 3.10854411
vt 0.81631631 4.01514006
vt 0.71767819 3.10854411
vt 0.81631631 2.67768812
vt 0.81631631 2.67768812
vt 0.71767819 3.10854411
vt 0.71767819 1.55427194
vt 0.81631631 2.67768812
vt 0.71767819 1.55427194
vt 0.81631631 1.33930802
vt 0.81631631 1.33930802
vt 0.71767819 1.55427194
vt 0.71767819 0.00000000
vt 0.81631631 1.33930802
vt 0.71767819 0.00000000
vt 0.81631631 0.00000000
vt 0.81631631 0.00000000
vt 0.71767819 0.00000000
vt 0.81631631 -1.33930802
vt 0.81631631 -1.33930802
vt 0.71767819 0.00000000
vt 0.71767819 -1.55427194
vt 0.81631631 -1.33930802
vt 0.71767819 -1.55427194
vt 0.81631631 -2.67768812
vt 0.81631631 -2.67768812
vt 0.71767819 -1.55427194
vt 0.71767819 -3.10854411
vt 0.81631631 -2.67768812
vt 0.71767819 -3.10854411
vt 0.81631631 -4.01514006
vt 0.81631631 -4.01514006
vt 0.71767819 -3.10854411
vt 0.71767819 -4.27424812
vt 0.81631631 -4.01514006
vt 0.71767819 -4.27424812
vt 0.81631631 -5.35166502
vt 0.81631631 -5.35166502
vt 0.71767819 -4.27424812
vt 0.71767819 -5.43995190
vt 0.81631631 -5.35166502
vt 0.71767819 -5.43995190
vt 0.81631631 -6.68726587
vt 0.81631631 -6.68726587
vt 0.71767819 -5.43995190
vt 0.71767819 -6.60565615
vt 0.81631631 -6.68726587
vt 0.71767819 -6.60565615
vt 0.71767819 -7.77135992
vt 0.71767819 -7.77135992
vt 0.71767819 -6.60565615
vt 0.61904001 -6.60565615
vt 0.71767819 -7.77135992
vt 0.61904001 -6.60565615
vt 0.61904001 -7.77135992
vt 0.61904001 -7.77135992
vt 0.61904001 -6.60565615
vt 0.52040172 -6.60565615
vt 0.61904001 -7.77135992
vt 0.52040172 -6.60565615
vt 0.52040172 -7.77135992
vt 0.52040172 -7.77135992
vt 0.52040172 -6.60565615
vt 0.42176339 -6.60565615
vt 0.52040172 -7.77135992
vt 0.42176339 -6.60565615
vt 0.42176339 -7.77135992
vt 0.42176339 -7.77135992
vt 0.42176339 -6.60565615
vt 0.32312521 -6.60565615
vt 0.42176339 -7.77135992
vt 0.32312521 -6.60565615
vt 0.32312521 -7.77135992
vt 0.32312521 -7.77135992
vt 0.32312521 -6.60565615
vt 0.22448690 -6.60565615
vt 0.32312521 -7.77135992
vt 0.22448690 -6.60565615
vt 0.22448690 -7.77135992
vt 0.22448690 -7.77135992
vt 0.22448690 -6.60565615
vt 0.12584870 -6.60565615
vt 0.22448690 -7.77135992
vt 0.12584870 -6.60565615
vt 0.12584870 -7.77135992
vt 0.12584870 -7.77135992
vt 0.12584870 -6.60565615
vt 0.02721041 -6.79994011
vt 0.12584870 -7.77135992
vt 0.02721041 -6.79994011
vt 0.02721041 -8.15993023
vt 0.02721041 19.03982925
vt 0.02721041 17.67984009
vt 0.12584870 18.65126038
vt 0.12584870 18.65126038
vt 0.02721041 17.67984009
vt 0.12584870 17.09699059
vt 0.12584870 18.65126038
vt 0.12584870 17.09699059
vt 0.22448690 17.09699059
vt 0.22448690 17.09699059
vt 0.12584870 17.09699059
vt 0.22448690 15.54271984
vt 0.22448690 17.09699059
vt 0.22448690 15.54271984
vt 0.32312521 15.54271984
vt 0.32312521 15.54271984
vt 0.22448690 15.54271984
vt 0.32312521 13.98845005
vt 0.32312521 15.54271984
vt 0.32312521 13.98845005
vt 0.42176339 13.98845005
vt 0.42176339 13.98845005
vt 0.32312521 13.98845005
vt 0.42176339 12.43418026
vt 0.42176339 13.98845005
vt 0.42176339 12.43418026
vt 0.52040172 12.43418026
vt 0.52040172 12.43418026
vt 0.42176339 12.43418026
vt 0.52040172 10.87989998
vt 0.52040172 12.43418026
vt 0.52040172 10.87989998
vt 0.61904001 10.87989998
vt 0.61904001 10.87989998
vt 0.52040172 10.87989998
vt 0.61904001 9.32563400
vt 0.61904001 10.87989998
vt 0.61904001 9.32563400
vt 0.71767819 9.32563400
vt 0.71767819 9.32563400
vt 0.61904001 9.32563400
vt 0.71767819 7.77135992
vt 0.02721041 17.67984009
vt 0.02721041 16.31986046
vt 0.12584870 17.09699059
vt 0.12584870 17.09699059
vt 0.02721041 16.31986046
vt 0.12584870 15.54271984
vt 0.12584870 17.09699059
vt 0.12584870 15.54271984
vt 0.22448690 15.54271984
vt 0.22448690 15.54271984
vt 0.12584870 15.54271984
vt 0.22448690 13.98845005
vt 0.22448690 15.54271984
vt 0.22448690 13.98845005
vt 0.32312521 13.98845005
vt 0.32312521 13.98845005
vt 0.22448690 13.98845005
vt 0.32312521 12.43418026
vt 0.32312521 13.98845005
vt 0.32312521 12.43418026
vt 0.42176339 12.43418026
vt 0.42176339 12.43418026
vt 0.32312521 12.43418026
vt 0.42176339 10.87989998
vt 0.42176339 12.43418026
vt 0.42176339 10.87989998
vt 0.52040172 10.87989998
vt 0.52040172 10.87989998
vt 0.42176339 10.87989998
vt 0.52040172 9.32563400
vt 0.52040172 10.87989998
vt 0.52040172 9.32563400
vt 0.61904001 9.32563400
vt 0.61904001 9.32563400
vt 0.52040172 9.32563400
vt 0.61904001 7.77135992
vt 0.61904001 9.32563400
vt 0.61904001 7.77135992
vt 0.71767819 7.77135992
vt 0.71767819 7.77135992
vt 0.61904001 7.77135992
vt 0.71767819 6.21708822
vt 0.02721041 16.31986046
vt 0.02721041 14.95987034
vt 0.12584870 15.54271984
vt 0.12584870 15.54271984
vt 0.02721041 14.95987034
vt 0.12584870 13.98845005
vt 0.12584870 15.54271984
vt 0.12584870 13.98845005
vt 0.22448690 13.98845005
vt 0.22448690 13.98845005
vt 0.12584870 13.98845005
vt 0.22448690 12.43418026
vt 0.22448690 13.98845005
vt 0.22448690 12.43418026
vt 0.32312521 12.43418026
vt 0.32312521 12.43418026
vt 0.22448690 12.43418026
vt 0.32312521 10.87989998
vt 0.32312521 12.43418026
vt 0.32312521 10.87989998
vt 0.42176339 10.87989998
vt 0.42176339 10.87989998
vt 0.32312521 10.87989998
vt 0.42176339 9.32563400
vt 0.42176339 10.87989998
vt 0.42176339 9.32563400
vt 0.52040172 9.32563400
vt 0.52040172 9.32563400
vt 0.42176339 9.32563400
vt 0.52040172 7.77135992
vt 0.52040172 9.32563400
vt 0.52040172 7.77135992
vt 0.61904001 7.77135992
vt 0.61904001 7.77135992
vt 0.52040172 7.77135992
vt 0.61904001 6.21708822
vt 0.61904001 7.77135992
vt 0.61904001 6.21708822
vt 0.71767819 6.21708822
vt 0.71767819 6.21708822
vt 0.61904001 6.21708822
vt 0.71767819 4.66281605
vt 0.02721041 14.95987034
vt 0.02721041 13.59988022
vt 0.12584870 13.98845005
vt 0.12584870 13.98845005
vt 0.02721041 13.59988022
vt 0.12584870 12.43418026
vt 0.12584870 13.98845005
vt 0.12584870 12.43418026
vt 0.22448690 12.43418026
vt 0.22448690 12.43418026
vt 0.12584870 12.43418026
vt 0.22448690 10.87989998
vt 0.22448690 12.43418026
vt 0.22448690 10.87989998
vt 0.32312521 10.87989998
vt 0.32312521 10.87989998
vt 0.22448690 10.87989998
vt 0.32312521 9.32563400
vt 0.32312521 10.87989998
vt 0.32312521 9.32563400
vt 0.42176339 9.32563400
vt 0.42176339 9.32563400
vt 0.32312521 9.32563400
vt 0.42176339 7.77135992
vt 0.42176339 9.32563400
vt 0.42176339 7.77135992
vt 0.52040172 7.77135992
vt 0.52040172 7.77135992
vt 0.42176339 7.77135992
vt 0.52040172 6.21708822
vt 0.52040172 7.77135992
vt 0.52040172 6.21708822
vt 0.61904001 6.21708822
vt 0.61904001 6.21708822
vt 0.52040172 6.21708822
vt 0.61904001 4.66281605
vt 0.61904001 6.21708822
vt 0.61904001 4.66281605
vt 0.71767819 4.66281605
vt 0.71767819 4.66281605
vt 0.61904001 4.66281605
vt 0.71767819 3.10854411
vt 0.02721041 13.59988022
vt 0.02721041 12.23989010
vt 0.12584870 12.43418026
vt 0.12584870 12.43418026
vt 0.02721041 12.23989010
vt 0.12584870 10.87989998
vt 0.12584870 12.43418026
vt 0.12584870 10.87989998
vt 0.22448690 10.87989998
vt 0.22448690 10.87989998
vt 0.12584870 10.87989998
vt 0.22448690 9.32563400
vt 0.22448690 10.87989998
vt 0.22448690 9.32563400
vt 0.32312521 9.32563400
vt 0.32312521 9.32563400
vt 0.22448690 9.32563400
vt 0.32312521 7.77135992
vt 0.32312521 9.32563400
vt 0.32312521 7.77135992
vt 0.42176339 7.77135992
vt 0.42176339 7.77135992
vt 0.32312521 7.77135992
vt 0.42176339 6.21708822
vt 0.42176339 7.77135992
vt 0.42176339 6.21708822
vt 0.52040172 6.21708822
vt 0.52040172 6.21708822
vt 0.42176339 6.21708822
vt 0.52040172 4.66281605
vt 0.52040172 6.21708822
vt 0.52040172 4.66281605
vt 0.61904001 4.66281605
vt 0.61904001 4.66281605
vt 0.52040172 4.66281605
vt 0.61904001 3.10854411
vt 0.61904001 4.66281605
vt 0.61904001 3.10854411
vt 0.71767819 3.10854411
vt 0.71767819 3.10854411
vt 0.61904001 3.10854411
vt 0.71767819 1.55427194
vt 0.02721041 12.23989010
vt 0.02721041 10.87989998
vt 0.12584870 10.87989998
vt 0.12584870 10.87989998
vt 0.02721041 10.87989998
vt 0.02721041 9.51991653
vt 0.12584870 10.87989998
vt 0.02721041 9.51991653
vt 0.12584870 9.32563400
vt 0.12584870 9.32563400
vt 0.02721041 9.51991653
vt 0.02721041 8.15993023
vt 0.12584870 9.32563400
vt 0.02721041 8.15993023
vt 0.12584870 7.77135992
vt 0.12584870 7.77135992
vt 0.02721041 8.15993023
vt 0.02721041 6.79994011
vt 0.12584870 7.77135992
vt 0.02721041 6.79994011
vt 0.12584870 6.21708822
vt 0.12584870 6.21708822
vt 0.02721041 6.79994011
vt 0.02721041 5.43995190
vt 0.12584870 6.21708822
vt 0.02721041 5.43995190
vt 0.12584870 4.66281605
vt 0.12584870 4.66281605
vt 0.02721041 5.43995190
vt 0.02721041 4.07996416
vt 0.12584870 4.66281605
vt 0.02721041 4.07996416
vt 0.12584870 3.10854411
vt 0.12584870 3.10854411
vt 0.02721041 4.07996416
vt 0.02721041 2.71997595
vt 0.12584870 3.10854411
vt 0.02721041 2.71997595
vt 0.12584870 1.55427194
vt 0.12584870 1.55427194
vt 0.02721041 2.71997595
vt 0.02721041 1.35998797
vt 0.12584870 1.55427194
vt 0.02721041 1.35998797
vt 0.12584870 0.00000000
vt 0.12584870 0.00000000
vt 0.02721041 1.35998797
vt 0.02721041 0.00000000
vt 0.12584870 0.00000000
vt 0.02721041 0.00000000
vt 0.02721041 -1.35998797
vt 0.12584870 0.00000000
vt 0.02721041 -1.35998797
vt 0.12584870 -1.55427194
vt 0.12584870 -1.55427194
vt 0.02721041 -1.35998797
vt 0.02721041 -2.71997595
vt 0.12584870 -1.55427194
vt 0.02721041 -2.71997595
vt 0.12584870 -3.10854411
vt 0.12584870 -3.10854411
vt 0.02721041 -2.71997595
vt 0.02721041 -4.07996416
vt 0.12584870 -3.10854411
vt 0.02721041 -4.07996416
vt 0.12584870 -4.27424812
vt 0.12584870 -4.27424812
vt 0.02721041 -4.07996416
vt 0.02721041 -5.43995190
vt 0.12584870 -4.27424812
vt 0.02721041 -5.43995190
vt 0.12584870 -5.43995190
vt 0.12584870 -5.43995190
vt 0.02721041 -5.43995190
vt 0.12584870 -6.60565615
vt 0.12584870 -5.43995190
vt 0.12584870 -6.60565615
vt 0.22448690 -6.60565615
vt 0.02721041 -5.43995190
vt 0.02721041 -6.79994011
vt 0.12584870 -6.60565615
vt 0.12584870 -7.77135992
vt 0.02721041 -8.15993023
vt 0.12584870 -8.93706608
vt 0.12584870 -8.93706608
vt 0.02721041 -8.15993023
vt 0.02721041 -9.51991653
vt 0.12584870 -8.93706608
vt 0.02721041 -9.51991653
vt 0.12584870 -10.10276985
vt 0.12584870 -10.10276985
vt 0.02721041 -9.51991653
vt 0.02721041 -10.87989998
vt 0.12584870 -10.10276985
vt 0.02721041 -10.87989998
vt 0.12584870 -11.26846981
vt 0.12584870 -11.26846981
vt 0.02721041 -10.87989998
vt 0.02721041 -12.23989010
vt 0.12584870 -11.26846981
vt 0.02721041 -12.23989010
vt 0.12584870 -12.43418026
vt 0.12584870 -12.43418026
vt 0.02721041 -12.23989010
vt 0.02721041 -13.59988022
vt 0.12584870 -12.43418026
vt 0.02721041 -13.59988022
vt 0.12584870 -13.59988022
vt 0.12584870 -13.59988022
vt 0.02721041 -13.59988022
vt 0.12584870 -14.76558018
vt 0.12584870 -13.59988022
vt 0.12584870 -14.76558018
vt 0.22448690 -14.76558018
vt 0.22448690 -14.76558018
vt 0.12584870 -14.76558018
vt 0.22448690 -15.93128967
vt 0.22448690 -14.76558018
vt 0.22448690 -15.93128967
vt 0.32312521 -15.93128967
vt 0.32312521 -15.93128967
vt 0.22448690 -15.93128967
vt 0.32312521 -17.09699059
vt 0.32312521 -15.93128967
vt 0.32312521 -17.09699059
vt 0.42176339 -17.09699059
vt 0.42176339 -17.09699059
vt 0.32312521 -17.09699059
vt 0.42176339 -18.26269913
vt 0.42176339 -17.09699059
vt 0.42176339 -18.26269913
vt 0.52040172 -18.26269913
vt 0.52040172 -18.26269913
vt 0.42176339 -18.26269913
vt 0.52040172 -19.42840004
vt 0.52040172 -18.26269913
vt 0.52040172 -19.42840004
vt 0.61904001 -19.42840004
vt 0.61904001 -19.42840004
vt 0.52040172 -19.42840004
vt 0.61904001 -20.59411049
vt 0.61904001 -19.42840004
vt 0.61904001 -20.59411049
vt 0.71767819 -20.59411049
vt 0.71767819 -20.59411049
vt 0.61904001 -20.59411049
vt 0.69719279 -21.41576958
vt 0.71767819 -20.59411049
vt 0.69719279 -21.41576958
vt 0.81631643 -21.31805992
vt 0.02721041 -13.59988022
vt 0.02721041 -14.95987034
vt 0.12584870 -14.76558018
vt 0.12584870 -14.76558018
vt 0.02721041 -14.95987034
vt 0.12584870 -15.93128967
vt 0.12584870 -14.76558018
vt 0.12584870 -15.93128967
vt 0.22448690 -15.93128967
vt 0.22448690 -15.93128967
vt 0.12584870 -15.93128967
vt 0.22448690 -17.09699059
vt 0.22448690 -15.93128967
vt 0.22448690 -17.09699059
vt 0.32312521 -17.09699059
vt 0.32312521 -17.09699059
vt 0.22448690 -17.09699059
vt 0.32312521 -18.26269913
vt 0.32312521 -17.09699059
vt 0.32312521 -18.26269913
vt 0.42176339 -18.26269913
vt 0.42176339 -18.26269913
vt 0.32312521 -18.26269913
vt 0.42176339 -19.42840004
vt 0.42176339 -18.26269913
vt 0.42176339 -19.42840004
vt 0.52040172 -19.42840004
vt 0.52040172 -19.42840004
vt 0.42176339 -19.42840004
vt 0.52040172 -20.59411049
vt 0.52040172 -19.42840004
vt 0.52040172 -20.59411049
vt 0.61904001 -20.59411049
vt 0.61904001 -20.59411049
vt 0.52040172 -20.59411049
vt 0.58215737 -21.50971985
vt 0.61904001 -20.59411049
vt 0.58215737 -21.50971985
vt 0.69719279 -21.41576958
vt 0.02721041 -14.95987034
vt 0.02721041 -16.31986046
vt 0.12584870 -15.93128967
vt 0.12584870 -15.93128967
vt 0.02721041 -16.31986046
vt 0.12584870 -17.09699059
vt 0.12584870 -15.93128967
vt 0.12584870 -17.09699059
vt 0.22448690 -17.09699059
vt 0.22448690 -17.09699059
vt 0.12584870 -17.09699059
vt 0.22448690 -18.26269913
vt 0.22448690 -17.09699059
vt 0.22448690 -18.26269913
vt 0.32312521 -18.26269913
vt 0.32312521 -18.26269913
vt 0.22448690 -18.26269913
vt 0.32312521 -19.42840004
vt 0.32312521 -18.26269913
vt 0.32312521 -19.42840004
vt 0.42176339 -19.42840004
vt 0.42176339 -19.42840004
vt 0.32312521 -19.42840004
vt 0.42176339 -20.59411049
vt 0.42176339 -19.42840004
vt 0.42176339 -20.59411049
vt 0.52040172 -20.59411049
vt 0.52040172 -20.59411049
vt 0.42176339 -20.59411049
vt 0.48332801 -21.58451080
vt 0.52040172 -20.59411049
vt 0.48332801 -21.58451080
vt 0.58215737 -21.50971985
vt 0.02721041 -16.31986046
vt 0.02721041 -17.67984009
vt 0.12584870 -17.09699059
vt 0.12584870 -17.09699059
vt 0.02721041 -17.67984009
vt 0.12584870 -18.26269913
vt 0.12584870 -17.09699059
vt 0.12584870 -18.26269913
vt 0.22448690 -18.26269913
vt 0.22448690 -18.26269913
vt 0.12584870 -18.26269913
vt 0.22448690 -19.42840004
vt 0.22448690 -18.26269913
vt 0.22448690 -19.42840004
vt 0.32312521 -19.42840004
vt 0.32312521 -19.42840004
vt 0.22448690 -19.42840004
vt 0.32312521 -20.59411049
vt 0.32312521 -19.42840004
vt 0.32312521 -20.59411049
vt 0.42176339 -20.59411049
vt 0.42176339 -20.59411049
vt 0.32312521 -20.59411049
vt 0.38048121 -21.65142059
vt 0.42176339 -20.59411049
vt 0.38048121 -21.65142059
vt 0.48332801 -21.58451080
vt 0.02721041 -17.67984009
vt 0.02721041 -19.03982925
vt 0.12584870 -18.26269913
vt 0.12584870 -18.26269913
vt 0.02721041 -19.03982925
vt 0.12584870 -19.42840004
vt 0.12584870 -18.26269913
vt 0.12584870 -19.42840004
vt 0.22448690 -19.42840004
vt 0.22448690 -19.42840004
vt 0.12584870 -19.42840004
vt 0.22448690 -20.59411049
vt 0.22448690 -19.42840004
vt 0.22448690 -20.59411049
vt 0.32312521 -20.59411049
vt 0.32312521 -20.59411049
vt 0.22448690 -20.59411049
vt 0.28891131 -21.69849968
vt 0.32312521 -20.59411049
vt 0.28891131 -21.69849968
vt 0.38048121 -21.65142059
vt 0.02721041 -19.03982925
vt 0.02721041 -20.39982033
vt 0.12584870 -19.42840004
vt 0.12584870 -19.42840004
vt 0.02721041 -20.39982033
vt 0.12584870 -20.59411049
vt 0.12584870 -19.42840004
vt 0.12584870 -20.59411049
vt 0.22448690 -20.59411049
vt 0.22448690 -20.59411049
vt 0.12584870 -20.59411049
vt 0.18996701 -21.73435974
vt 0.22448690 -20.59411049
vt 0.18996701 -21.73435974
vt 0.28891131 -21.69849968
vt 0.02721041 -20.39982033
vt 0.02721041 -21.75980949
vt 0.12584870 -20.59411049
vt 0.12584870 -20.59411049
vt 0.02721041 -21.75980949
vt 0.09724462 -21.75370979
vt 0.12584870 -20.59411049
vt 0.09724462 -21.75370979
vt 0.18996701 -21.73435974
vt 0.81631643 -21.31805992
vt 0.81631631 -19.99258041
vt 0.71767819 -20.59411049
vt 0.71767819 -20.59411049
vt 0.81631631 -19.99258041
vt 0.71767819 -19.42840004
vt 0.71767819 -20.59411049
vt 0.71767819 -19.42840004
vt 0.61904001 -19.42840004
vt 0.61904001 -19.42840004
vt 0.71767819 -19.42840004
vt 0.61904001 -18.26269913
vt 0.61904001 -19.42840004
vt 0.61904001 -18.26269913
vt 0.52040172 -18.26269913
vt 0.52040172 -18.26269913
vt 0.61904001 -18.26269913
vt 0.52040172 -17.09699059
vt 0.52040172 -18.26269913
vt 0.52040172 -17.09699059
vt 0.42176339 -17.09699059
vt 0.42176339 -17.09699059
vt 0.52040172 -17.09699059
vt 0.42176339 -15.93128967
vt 0.42176339 -17.09699059
vt 0.42176339 -15.93128967
vt 0.32312521 -15.93128967
vt 0.32312521 -15.93128967
vt 0.42176339 -15.93128967
vt 0.32312521 -14.76558018
vt 0.32312521 -15.93128967
vt 0.32312521 -14.76558018
vt 0.22448690 -14.76558018
vt 0.22448690 -14.76558018
vt 0.32312521 -14.76558018
vt 0.22448690 -13.59988022
vt 0.22448690 -14.76558018
vt 0.22448690 -13.59988022
vt 0.12584870 -13.59988022
vt 0.12584870 -13.59988022
vt 0.22448690 -13.59988022
vt 0.12584870 -12.43418026
vt 0.81631631 -19.99258041
vt 0.81631631 -18.66617966
vt 0.71767819 -19.42840004
vt 0.71767819 -19.42840004
vt 0.81631631 -18.66617966
vt 0.71767819 -18.26269913
vt 0.71767819 -19.42840004
vt 0.71767819 -18.26269913
vt 0.61904001 -18.26269913
vt 0.61904001 -18.26269913
vt 0.71767819 -18.26269913
vt 0.61904001 -17.09699059
vt 0.61904001 -18.26269913
vt 0.61904001 -17.09699059
vt 0.52040172 -17.09699059
vt 0.52040172 -17.09699059
vt 0.61904001 -17.09699059
vt 0.52040172 -15.93128967
vt 0.52040172 -17.09699059
vt 0.52040172 -15.93128967
vt 0.42176339 -15.93128967
vt 0.42176339 -15.93128967
vt 0.52040172 -15.93128967
vt 0.42176339 -14.76558018
vt 0.42176339 -15.93128967
vt 0.42176339 -14.76558018
vt 0.32312521 -14.76558018
vt 0.32312521 -14.76558018
vt 0.42176339 -14.76558018
vt 0.32312521 -13.59988022
vt 0.32312521 -14.76558018
vt 0.32312521 -13.59988022
vt 0.22448690 -13.59988022
vt 0.22448690 -13.59988022
vt 0.32312521 -13.59988022
vt 0.22448690 -12.43418026
vt 0.22448690 -13.59988022
vt 0.22448690 -12.43418026
vt 0.12584870 -12.43418026
vt 0.12584870 -12.43418026
vt 0.22448690 -12.43418026
vt 0.12584870 -11.26846981
vt 0.81631631 -18.66617966
vt 0.81631631 -17.33886909
vt 0.71767819 -18.26269913
vt 0.71767819 -18.26269913
vt 0.81631631 -17.33886909
vt 0.71767819 -17.09699059
vt 0.71767819 -18.26269913
vt 0.71767819 -17.09699059
vt 0.61904001 -17.09699059
vt 0.61904001 -17.09699059
vt 0.71767819 -17.09699059
vt 0.61904001 -15.93128967
vt 0.61904001 -17.09699059
vt 0.61904001 -15.93128967
vt 0.52040172 -15.93128967
vt 0.52040172 -15.93128967
vt 0.61904001 -15.93128967
vt 0.52040172 -14.76558018
vt 0.52040172 -15.93128967
vt 0.52040172 -14.76558018
vt 0.42176339 -14.76558018
vt 0.42176339 -14.76558018
vt 0.52040172 -14.76558018
vt 0.42176339 -13.59988022
vt 0.42176339 -14.76558018
vt 0.42176339 -13.59988022
vt 0.32312521 -13.59988022
vt 0.32312521 -13.59988022
vt 0.42176339 -13.59988022
vt 0.32312521 -12.43418026
vt 0.32312521 -13.59988022
vt 0.32312521 -12.43418026
vt 0.22448690 -12.43418026
vt 0.22448690 -12.43418026
vt 0.32312521 -12.43418026
vt 0.22448690 -11.26846981
vt 0.22448690 -12.43418026
vt 0.22448690 -11.26846981
vt 0.12584870 -11.26846981
vt 0.12584870 -11.26846981
vt 0.22448690 -11.26846981
vt 0.12584870 -10.10276985
vt 0.81631631 -17.33886909
vt 0.81631631 -16.01063919
vt 0.71767819 -17.09699059
vt 0.71767819 -17.09699059
vt 0.81631631 -16.01063919
vt 0.71767819 -15.93128967
vt 0.71767819 -17.09699059
vt 0.71767819 -15.93128967
vt 0.61904001 -15.93128967
vt 0.61904001 -15.93128967
vt 0.71767819 -15.93128967
vt 0.61904001 -14.76558018
vt 0.61904001 -15.93128967
vt 0.61904001 -14.76558018
vt 0.52040172 -14.76558018
vt 0.52040172 -14.76558018
vt 0.61904001 -14.76558018
vt 0.52040172 -13.59988022
vt 0.52040172 -14.76558018
vt 0.52040172 -13.59988022
vt 0.42176339 -13.59988022
vt 0.42176339 -13.59988022
vt 0.52040172 -13.59988022
vt 0.42176339 -12.43418026
vt 0.42176339 -13.59988022
vt 0.42176339 -12.43418026
vt 0.32312521 -12.43418026
vt 0.32312521 -12.43418026
vt 0.42176339 -12.43418026
vt 0.32312521 -11.26846981
vt 0.32312521 -12.43418026
vt 0.32312521 -11.26846981
vt 0.22448690 -11.26846981
vt 0.22448690 -11.26846981
vt 0.32312521 -11.26846981
vt 0.22448690 -10.10276985
vt 0.22448690 -11.26846981
vt 0.22448690 -10.10276985
vt 0.12584870 -10.10276985
vt 0.12584870 -10.10276985
vt 0.22448690 -10.10276985
vt 0.12584870 -8.93706608
vt 0.71767819 -15.93128967
vt 0.81631631 -16.01063919
vt 0.71767819 -14.76558018
vt 0.71767819 -14.76558018
vt 0.81631631 -16.01063919
vt 0.81631631 -14.68148994
vt 0.71767819 -14.76558018
vt 0.81631631 -14.68148994
vt 0.71767819 -13.59988022
vt 0.71767819 -13.59988022
vt 0.81631631 -14.68148994
vt 0.81631631 -13.35142040
vt 0.71767819 -13.59988022
vt 0.81631631 -13.35142040
vt 0.71767819 -12.43418026
vt 0.71767819 -12.43418026
vt 0.81631631 -13.35142040
vt 0.81631631 -12.02042961
vt 0.71767819 -12.43418026
vt 0.81631631 -12.02042961
vt 0.71767819 -11.26846981
vt 0.71767819 -11.26846981
vt 0.81631631 -12.02042961
vt 0.81631631 -10.68852043
vt 0.71767819 -11.26846981
vt 0.81631631 -10.68852043
vt 0.71767819 -10.10276985
vt 0.71767819 -10.10276985
vt 0.81631631 -10.68852043
vt 0.81631631 -9.35569382
vt 0.71767819 -10.10276985
vt 0.81631631 -9.35569382
vt 0.71767819 -8.93706608
vt 0.71767819 -8.93706608
vt 0.81631631 -9.35569382
vt 0.81631631 -8.02194405
vt 0.71767819 -8.93706608
vt 0.81631631 -8.02194405
vt 0.71767819 -7.77135992
vt 0.71767819 -7.77135992
vt 0.81631631 -8.02194405
vt 0.81631631 -6.68726587
vt 0.81631631 10.68852043
vt 0.81631631 12.02042961
vt 0.71767819 10.87989998
vt 0.71767819 10.87989998
vt 0.81631631 12.02042961
vt 0.71767819 12.43418026
vt 0.71767819 10.87989998
vt 0.71767819 12.43418026
vt 0.61904001 12.43418026
vt 0.61904001 12.43418026
vt 0.71767819 12.43418026
vt 0.61904001 13.98845005
vt 0.61904001 12.43418026
vt 0.61904001 13.98845005
vt 0.52040172 13.98845005
vt 0.52040172 13.98845005
vt 0.61904001 13.98845005
vt 0.52040172 15.54271984
vt 0.52040172 13.98845005
vt 0.52040172 15.54271984
vt 0.42176339 15.54271984
vt 0.42176339 15.54271984
vt 0.52040172 15.54271984
vt 0.42176339 17.09699059
vt 0.42176339 15.54271984
vt 0.42176339 17.09699059
vt 0.32312521 17.09699059
vt 0.32312521 17.09699059
vt 0.42176339 17.09699059
vt 0.32312521 18.65126038
vt 0.32312521 17.09699059
vt 0.32312521 18.65126038
vt 0.22448690 18.65126038
vt 0.22448690 18.65126038
vt 0.32312521 18.65126038
vt 0.22448690 20.20553970
vt 0.22448690 18.65126038
vt 0.22448690 20.20553970
vt 0.12584870 20.20553970
vt 0.81631631 12.02042961
vt 0.81631631 13.35142040
vt 0.71767819 12.43418026
vt 0.71767819 12.43418026
vt 0.81631631 13.35142040
vt 0.71767819 13.98845005
vt 0.71767819 12.43418026
vt 0.71767819 13.98845005
vt 0.61904001 13.98845005
vt 0.61904001 13.98845005
vt 0.71767819 13.98845005
vt 0.61904001 15.54271984
vt 0.61904001 13.98845005
vt 0.61904001 15.54271984
vt 0.52040172 15.54271984
vt 0.52040172 15.54271984
vt 0.61904001 15.54271984
vt 0.52040172 17.09699059
vt 0.52040172 15.54271984
vt 0.52040172 17.09699059
vt 0.42176339 17.09699059
vt 0.42176339 17.09699059
vt 0.52040172 17.09699059
vt 0.42176339 18.65126038
vt 0.42176339 17.09699059
vt 0.42176339 18.65126038
vt 0.32312521 18.65126038
vt 0.32312521 18.65126038
vt 0.42176339 18.65126038
vt 0.32312521 20.20553970
vt 0.32312521 18.65126038
vt 0.32312521 20.20553970
vt 0.22448690 20.20553970
vt 0.81631631 13.35142040
vt 0.81631631 14.68148994
vt 0.71767819 13.98845005
vt 0.71767819 13.98845005
vt 0.81631631 14.68148994
vt 0.71767819 15.54271984
vt 0.71767819 13.98845005
vt 0.71767819 15.54271984
vt 0.61904001 15.54271984
vt 0.61904001 15.54271984
vt 0.71767819 15.54271984
vt 0.61904001 17.09699059
vt 0.61904001 15.54271984
vt 0.61904001 17.09699059
vt 0.52040172 17.09699059
vt 0.52040172 17.09699059
vt 0.61904001 17.09699059
vt 0.52040172 18.65126038
vt 0.52040172 17.09699059
vt 0.52040172 18.65126038
vt 0.42176339 18.65126038
vt 0.42176339 18.65126038
vt 0.52040172 18.65126038
vt 0.42176339 20.20553970
vt 0.42176339 18.65126038
vt 0.42176339 20.20553970
vt 0.32312521 20.20553970
vt 0.81631631 14.68148994
vt 0.81631631 16.01063919
vt 0.71767819 15.54271984
vt 0.71767819 15.54271984
vt 0.81631631 16.01063919
vt 0.71767819 17.09699059
vt 0.71767819 15.54271984
vt 0.71767819 17.09699059
vt 0.61904001 17.09699059
vt 0.61904001 17.09699059
vt 0.71767819 17.09699059
vt 0.61904001 18.65126038
vt 0.61904001 17.09699059
vt 0.61904001 18.65126038
vt 0.52040172 18.65126038
vt 0.52040172 18.65126038
vt 0.61904001 18.65126038
vt 0.52040172 20.20553970
vt 0.52040172 18.65126038
vt 0.52040172 20.20553970
vt 0.42176339 20.20553970
vt 0.81631631 16.01063919
vt 0.81631631 17.33886909
vt 0.71767819 17.09699059
vt 0.71767819 17.09699059
vt 0.81631631 17.33886909
vt 0.71767819 18.65126038
vt 0.71767819 17.09699059
vt 0.71767819 18.65126038
vt 0.61904001 18.65126038
vt 0.61904001 18.65126038
vt 0.71767819 18.65126038
vt 0.61904001 20.20553970
vt 0.61904001 18.65126038
vt 0.61904001 20.20553970
vt 0.52040172 20.20553970
vt 0.81631631 17.33886909
vt 0.81631631 18.66617966
vt 0.71767819 18.65126038
vt 0.71767819 18.65126038
vt 0.81631631 18.66617966
vt 0.81631631 19.99258041
vt 0.71767819 18.65126038
vt 0.81631631 19.99258041
vt 0.71767819 20.20553970
vt 0.71767819 18.65126038
vt 0.71767819 20.20553970
vt 0.61904001 20.20553970
vt 0.12584870 10.87989998
vt 0.12584870 9.32563400
vt 0.22448690 9.32563400
vt 0.22448690 9.32563400
vt 0.12584870 9.32563400
vt 0.22448690 7.77135992
vt 0.22448690 9.32563400
vt 0.22448690 7.77135992
vt 0.32312521 7.77135992
vt 0.32312521 7.77135992
vt 0.22448690 7.77135992
vt 0.32312521 6.21708822
vt 0.32312521 7.77135992
vt 0.32312521 6.21708822
vt 0.42176339 6.21708822
vt 0.42176339 6.21708822
vt 0.32312521 6.21708822
vt 0.42176339 4.66281605
vt 0.42176339 6.21708822
vt 0.42176339 4.66281605
vt 0.52040172 4.66281605
vt 0.52040172 4.66281605
vt 0.42176339 4.66281605
vt 0.52040172 3.10854411
vt 0.52040172 4.66281605
vt 0.52040172 3.10854411
vt 0.61904001 3.10854411
vt 0.61904001 3.10854411
vt 0.52040172 3.10854411
vt 0.61904001 1.55427194
vt 0.61904001 3.10854411
vt 0.61904001 1.55427194
vt 0.71767819 1.55427194
vt 0.71767819 1.55427194
vt 0.61904001 1.55427194
vt 0.71767819 0.00000000
vt 0.12584870 9.32563400
vt 0.12584870 7.77135992
vt 0.22448690 7.77135992
vt 0.22448690 7.77135992
vt 0.12584870 7.77135992
vt 0.22448690 6.21708822
vt 0.22448690 7.77135992
vt 0.22448690 6.21708822
vt 0.32312521 6.21708822
vt 0.32312521 6.21708822
vt 0.22448690 6.21708822
vt 0.32312521 4.66281605
vt 0.32312521 6.21708822
vt 0.32312521 4.66281605
vt 0.42176339 4.66281605
vt 0.42176339 4.66281605
vt 0.32312521 4.66281605
vt 0.42176339 3.10854411
vt 0.42176339 4.66281605
vt 0.42176339 3.10854411
vt 0.52040172 3.10854411
vt 0.52040172 3.10854411
vt 0.42176339 3.10854411
vt 0.52040172 1.55427194
vt 0.52040172 3.10854411
vt 0.52040172 1.55427194
vt 0.61904001 1.55427194
vt 0.61904001 1.55427194
vt 0.52040172 1.55427194
vt 0.61904001 0.00000000
vt 0.61904001 1.55427194
vt 0.61904001 0.00000000
vt 0.71767819 0.00000000
vt 0.71767819 0.00000000
vt 0.61904001 0.00000000
vt 0.71767819 -1.55427194
vt 0.12584870 7.77135992
vt 0.12584870 6.21708822
vt 0.22448690 6.21708822
vt 0.22448690 6.21708822
vt 0.12584870 6.21708822
vt 0.22448690 4.66281605
vt 0.22448690 6.21708822
vt 0.22448690 4.66281605
vt 0.32312521 4.66281605
vt 0.32312521 4.66281605
vt 0.22448690 4.66281605
vt 0.32312521 3.10854411
vt 0.32312521 4.66281605
vt 0.32312521 3.10854411
vt 0.42176339 3.10854411
vt 0.42176339 3.10854411
vt 0.32312521 3.10854411
vt 0.42176339 1.55427194
vt 0.42176339 3.10854411
vt 0.42176339 1.55427194
vt 0.52040172 1.55427194
vt 0.52040172 1.55427194
vt 0.42176339 1.55427194
vt 0.52040172 0.00000000
vt 0.52040172 1.55427194
vt 0.52040172 0.00000000
vt 0.61904001 0.00000000
vt 0.61904001 0.00000000
vt 0.52040172 0.00000000
vt 0.61904001 -1.55427194
vt 0.61904001 0.00000000
vt 0.61904001 -1.55427194
vt 0.71767819 -1.55427194
vt 0.71767819 -1.55427194
vt 0.61904001 -1.55427194
vt 0.71767819 -3.10854411
vt 0.12584870 6.21708822
vt 0.12584870 4.66281605
vt 0.22448690 4.66281605
vt 0.22448690 4.66281605
vt 0.12584870 4.66281605
vt 0.22448690 3.10854411
vt 0.22448690 4.66281605
vt 0.22448690 3.10854411
vt 0.32312521 3.10854411
vt 0.32312521 3.10854411
vt 0.22448690 3.10854411
vt 0.32312521 1.55427194
vt 0.32312521 3.10854411
vt 0.32312521 1.55427194
vt 0.42176339 1.55427194
vt 0.42176339 1.55427194
vt 0.32312521 1.55427194
vt 0.42176339 0.00000000
vt 0.42176339 1.55427194
vt 0.42176339 0.00000000
vt 0.52040172 0.00000000
vt 0.52040172 0.00000000
vt 0.42176339 0.00000000
vt 0.52040172 -1.55427194
vt 0.52040172 0.00000000
vt 0.52040172 -1.55427194
vt 0.61904001 -1.55427194
vt 0.61904001 -1.55427194
vt 0.52040172 -1.55427194
vt 0.61904001 -3.10854411
vt 0.61904001 -1.55427194
vt 0.61904001 -3.10854411
vt 0.71767819 -3.10854411
vt 0.71767819 -3.10854411
vt 0.61904001 -3.10854411
vt 0.71767819 -4.27424812
vt 0.12584870 4.66281605
vt 0.12584870 3.10854411
vt 0.22448690 3.10854411
vt 0.22448690 3.10854411
vt 0.12584870 3.10854411
vt 0.22448690 1.55427194
vt 0.22448690 3.10854411
vt 0.22448690 1.55427194
vt 0.32312521 1.55427194
vt 0.32312521 1.55427194
vt 0.22448690 1.55427194
vt 0.32312521 0.00000000
vt 0.32312521 1.55427194
vt 0.32312521 0.00000000
vt 0.42176339 0.00000000
vt 0.42176339 0.00000000
vt 0.32312521 0.00000000
vt 0.42176339 -1.55427194
vt 0.42176339 0.00000000
vt 0.42176339 -1.55427194
vt 0.52040172 -1.55427194
vt 0.52040172 -1.55427194
vt 0.42176339 -1.55427194
vt 0.52040172 -3.10854411
vt 0.52040172 -1.55427194
vt 0.52040172 -3.10854411
vt 0.61904001 -3.10854411
vt 0.61904001 -3.10854411
vt 0.52040172 -3.10854411
vt 0.61904001 -4.27424812
vt 0.61904001 -3.10854411
vt 0.61904001 -4.27424812
vt 0.71767819 -4.27424812
vt 0.71767819 -4.27424812
vt 0.61904001 -4.27424812
vt 0.71767819 -5.43995190
vt 0.12584870 3.10854411
vt 0.12584870 1.55427194
vt 0.22448690 1.55427194
vt 0.22448690 1.55427194
vt 0.12584870 1.55427194
vt 0.22448690 0.00000000
vt 0.22448690 1.55427194
vt 0.22448690 0.00000000
vt 0.32312521 0.00000000
vt 0.32312521 0.00000000
vt 0.22448690 0.00000000
vt 0.32312521 -1.55427194
vt 0.32312521 0.00000000
vt 0.32312521 -1.55427194
vt 0.42176339 -1.55427194
vt 0.42176339 -1.55427194
vt 0.32312521 -1.55427194
vt 0.42176339 -3.10854411
vt 0.42176339 -1.55427194
vt 0.42176339 -3.10854411
vt 0.52040172 -3.10854411
vt 0.52040172 -3.10854411
vt 0.42176339 -3.10854411
vt 0.52040172 -4.27424812
vt 0.52040172 -3.10854411
vt 0.52040172 -4.27424812
vt 0.61904001 -4.27424812
vt 0.61904001 -4.27424812
vt 0.52040172 -4.27424812
vt 0.61904001 -5.43995190
vt 0.61904001 -4.27424812
vt 0.61904001 -5.43995190
vt 0.71767819 -5.43995190
vt 0.71767819 -5.43995190
vt 0.61904001 -5.43995190
vt 0.71767819 -6.60565615
vt 0.12584870 1.55427194
vt 0.12584870 0.00000000
vt 0.22448690 0.00000000
vt 0.22448690 0.00000000
vt 0.12584870 0.00000000
vt 0.22448690 -1.55427194
vt 0.22448690 0.00000000
vt 0.22448690 -1.55427194
vt 0.32312521 -1.55427194
vt 0.32312521 -1.55427194
vt 0.22448690 -1.55427194
vt 0.32312521 -3.10854411
vt 0.32312521 -1.55427194
vt 0.32312521 -3.10854411
vt 0.42176339 -3.10854411
vt 0.42176339 -3.10854411
vt 0.32312521 -3.10854411
vt 0.42176339 -4.27424812
vt 0.42176339 -3.10854411
vt 0.42176339 -4.27424812
vt 0.52040172 -4.27424812
vt 0.52040172 -4.27424812
vt 0.42176339 -4.27424812
vt 0.52040172 -5.43995190
vt 0.52040172 -4.27424812
vt 0.52040172 -5.43995190
vt 0.61904001 -5.43995190
vt 0.61904001 -5.43995190
vt 0.52040172 -5.43995190
vt 0.61904001 -6.60565615
vt 0.61904001 -5.43995190
vt 0.61904001 -6.60565615
vt 0.71767819 -6.60565615
vt 0.12584870 0.00000000
vt 0.12584870 -1.55427194
vt 0.22448690 -1.55427194
vt 0.22448690 -1.55427194
vt 0.12584870 -1.55427194
vt 0.22448690 -3.10854411
vt 0.22448690 -1.55427194
vt 0.22448690 -3.10854411
vt 0.32312521 -3.10854411
vt 0.32312521 -3.10854411
vt 0.22448690 -3.10854411
vt 0.32312521 -4.27424812
vt 0.32312521 -3.10854411
vt 0.32312521 -4.27424812
vt 0.42176339 -4.27424812
vt 0.42176339 -4.27424812
vt 0.32312521 -4.27424812
vt 0.42176339 -5.43995190
vt 0.42176339 -4.27424812
vt 0.42176339 -5.43995190
vt 0.52040172 -5.43995190
vt 0.52040172 -5.43995190
vt 0.42176339 -5.43995190
vt 0.52040172 -6.60565615
vt 0.52040172 -5.43995190
vt 0.52040172 -6.60565615
vt 0.61904001 -6.60565615
vt 0.12584870 -1.55427194
vt 0.12584870 -3.10854411
vt 0.22448690 -3.10854411
vt 0.22448690 -3.10854411
vt 0.12584870 -3.10854411
vt 0.22448690 -4.27424812
vt 0.22448690 -3.10854411
vt 0.22448690 -4.27424812
vt 0.32312521 -4.27424812
vt 0.32312521 -4.27424812
vt 0.22448690 -4.27424812
vt 0.32312521 -5.43995190
vt 0.32312521 -4.27424812
vt 0.32312521 -5.43995190
vt 0.42176339 -5.43995190
vt 0.42176339 -5.43995190
vt 0.32312521 -5.43995190
vt 0.42176339 -6.60565615
vt 0.42176339 -5.43995190
vt 0.42176339 -6.60565615
vt 0.52040172 -6.60565615
vt 0.12584870 -3.10854411
vt 0.12584870 -4.27424812
vt 0.22448690 -4.27424812
vt 0.22448690 -4.27424812
vt 0.12584870 -4.27424812
vt 0.22448690 -5.43995190
vt 0.22448690 -4.27424812
vt 0.22448690 -5.43995190
vt 0.32312521 -5.43995190
vt 0.32312521 -5.43995190
vt 0.22448690 -5.43995190
vt 0.32312521 -6.60565615
vt 0.32312521 -5.43995190
vt 0.32312521 -6.60565615
vt 0.42176339 -6.60565615
vt 0.12584870 -5.43995190
vt 0.22448690 -6.60565615
vt 0.22448690 -5.43995190
vt 0.22448690 -5.43995190
vt 0.22448690 -6.60565615
vt 0.32312521 -6.60565615
vt 0.12584870 -4.27424812
vt 0.12584870 -5.43995190
vt 0.22448690 -5.43995190
vt 0.22448690 -7.77135992
vt 0.12584870 -7.77135992
vt 0.22448690 -8.93706608
vt 0.22448690 -8.93706608
vt 0.12584870 -7.77135992
vt 0.12584870 -8.93706608
vt 0.22448690 -8.93706608
vt 0.12584870 -8.93706608
vt 0.22448690 -10.10276985
vt 0.32312521 -7.77135992
vt 0.22448690 -7.77135992
vt 0.32312521 -8.93706608
vt 0.32312521 -8.93706608
vt 0.22448690 -7.77135992
vt 0.22448690 -8.93706608
vt 0.32312521 -8.93706608
vt 0.22448690 -8.93706608
vt 0.32312521 -10.10276985
vt 0.32312521 -10.10276985
vt 0.22448690 -8.93706608
vt 0.22448690 -10.10276985
vt 0.32312521 -10.10276985
vt 0.22448690 -10.10276985
vt 0.32312521 -11.26846981
vt 0.42176339 -7.77135992
vt 0.32312521 -7.77135992
vt 0.42176339 -8.93706608
vt 0.42176339 -8.93706608
vt 0.32312521 -7.77135992
vt 0.32312521 -8.93706608
vt 0.42176339 -8.93706608
vt 0.32312521 -8.93706608
vt 0.42176339 -10.10276985
vt 0.42176339 -10.10276985
vt 0.32312521 -8.93706608
vt 0.32312521 -10.10276985
vt 0.42176339 -10.10276985
vt 0.32312521 -10.10276985
vt 0.42176339 -11.26846981
vt 0.42176339 -11.26846981
vt 0.32312521 -10.10276985
vt 0.32312521 -11.26846981
vt 0.42176339 -11.26846981
vt 0.32312521 -11.26846981
vt 0.42176339 -12.43418026
vt 0.52040172 -7.77135992
vt 0.42176339 -7.77135992
vt 0.52040172 -8.93706608
vt 0.52040172 -8.93706608
vt 0.42176339 -7.77135992
vt 0.42176339 -8.93706608
vt 0.52040172 -8.93706608
vt 0.42176339 -8.93706608
vt 0.52040172 -10.10276985
vt 0.52040172 -10.10276985
vt 0.42176339 -8.93706608
vt 0.42176339 -10.10276985
vt 0.52040172 -10.10276985
vt 0.42176339 -10.10276985
vt 0.52040172 -11.26846981
vt 0.52040172 -11.26846981
vt 0.42176339 -10.10276985
vt 0.42176339 -11.26846981
vt 0.52040172 -11.26846981
vt 0.42176339 -11.26846981
vt 0.52040172 -12.43418026
vt 0.52040172 -12.43418026
vt 0.42176339 -11.26846981
vt 0.42176339 -12.43418026
vt 0.52040172 -12.43418026
vt 0.42176339 -12.43418026
vt 0.52040172 -13.59988022
vt 0.71767819 -8.93706608
vt 0.71767819 -7.77135992
vt 0.61904001 -7.77135992
vt 0.61904001 -7.77135992
vt 0.52040172 -7.77135992
vt 0.61904001 -8.93706608
vt 0.61904001 -8.93706608
vt 0.52040172 -7.77135992
vt 0.52040172 -8.93706608
vt 0.61904001 -8.93706608
vt 0.52040172 -8.93706608
vt 0.61904001 -10.10276985
vt 0.61904001 -10.10276985
vt 0.52040172 -8.93706608
vt 0.52040172 -10.10276985
vt 0.61904001 -10.10276985
vt 0.52040172 -10.10276985
vt 0.61904001 -11.26846981
vt 0.61904001 -11.26846981
vt 0.52040172 -10.10276985
vt 0.52040172 -11.26846981
vt 0.61904001 -11.26846981
vt 0.52040172 -11.26846981
vt 0.61904001 -12.43418026
vt 0.61904001 -12.43418026
vt 0.52040172 -11.26846981
vt 0.52040172 -12.43418026
vt 0.61904001 -12.43418026
vt 0.52040172 -12.43418026
vt 0.61904001 -13.59988022
vt 0.61904001 -13.59988022
vt 0.52040172 -12.43418026
vt 0.52040172 -13.59988022
vt 0.61904001 -13.59988022
vt 0.52040172 -13.59988022
vt 0.61904001 -14.76558018
vt 0.71767819 -10.10276985
vt 0.71767819 -8.93706608
vt 0.61904001 -8.93706608
vt 0.61904001 -8.93706608
vt 0.71767819 -8.93706608
vt 0.61904001 -7.77135992
vt 0.71767819 -10.10276985
vt 0.61904001 -8.93706608
vt 0.61904001 -10.10276985
vt 0.71767819 -11.26846981
vt 0.71767819 -10.10276985
vt 0.61904001 -10.10276985
vt 0.71767819 -11.26846981
vt 0.61904001 -10.10276985
vt 0.61904001 -11.26846981
vt 0.71767819 -12.43418026
vt 0.71767819 -11.26846981
vt 0.61904001 -11.26846981
vt 0.71767819 -12.43418026
vt 0.61904001 -11.26846981
vt 0.61904001 -12.43418026
vt 0.71767819 -13.59988022
vt 0.71767819 -12.43418026
vt 0.61904001 -12.43418026
vt 0.71767819 -13.59988022
vt 0.61904001 -12.43418026
vt 0.61904001 -13.59988022
vt 0.71767819 -13.59988022
vt 0.61904001 -13.59988022
vt 0.71767819 -14.76558018
vt 0.71767819 -14.76558018
vt 0.61904001 -13.59988022
vt 0.61904001 -14.76558018
vt 0.71767819 -14.76558018
vt 0.61904001 -14.76558018
vt 0.71767819 -15.93128967
vt 2.57998991 43.50497055
vt 2.57998991 44.88212967
vt 0.00000000 43.51156998
vt 0.00000000 43.51156998
vt 2.57998991 44.88212967
vt -2.57998991 45.11280060
vt 0.00000000 43.51156998
vt -2.57998991 45.11280060
vt -2.57998991 43.71749115
vt -2.57998991 43.71749115
vt -2.57998991 42.32218170
vt 0.00000000 43.51156998
vt 0.00000000 43.51156998
vt -2.57998991 42.32218170
vt 0.00000000 41.92351913
vt 0.00000000 43.51156998
vt 0.00000000 41.92351913
vt 2.57998991 42.12731934
vt 2.57998991 42.12731934
vt 0.00000000 41.92351913
vt 2.57998991 40.74916840
vt 2.57998991 40.74916840
vt 0.00000000 41.92351913
vt 0.00000000 40.32888031
vt 2.57998991 40.74916840
vt 0.00000000 40.32888031
vt 2.57998991 39.37052155
vt 2.57998991 39.37052155
vt 0.00000000 40.32888031
vt 0.00000000 38.73424149
vt 2.57998991 39.37052155
vt 0.00000000 38.73424149
vt 2.57998991 37.99137115
vt 2.57998991 37.99137115
vt 0.00000000 38.73424149
vt 0.00000000 37.13961029
vt 2.57998991 37.99137115
vt 0.00000000 37.13961029
vt 2.57998991 36.61172867
vt 2.57998991 36.61172867
vt 0.00000000 37.13961029
vt 0.00000000 35.54497147
vt 2.57998991 36.61172867
vt 0.00000000 35.54497147
vt 2.57998991 35.23159027
vt 2.57998991 35.23159027
vt 0.00000000 35.54497147
vt 0.00000000 33.95032883
vt 2.57998991 35.23159027
vt 0.00000000 33.95032883
vt 2.57998991 33.85094833
vt 2.57998991 33.85094833
vt 0.00000000 33.95032883
vt 2.57998991 32.46981049
vt 2.57998991 32.46981049
vt 0.00000000 33.95032883
vt 0.00000000 32.35569000
vt 2.57998991 32.46981049
vt 0.00000000 32.35569000
vt 2.57998991 31.08818054
vt 2.57998991 31.08818054
vt 0.00000000 32.35569000
vt 0.00000000 30.76104927
vt 2.57998991 31.08818054
vt 0.00000000 30.76104927
vt 2.57998991 29.70603943
vt 2.57998991 29.70603943
vt 0.00000000 30.76104927
vt 0.00000000 29.16641045
vt 2.57998991 29.70603943
vt 0.00000000 29.16641045
vt 2.57998991 28.32341003
vt 2.57998991 28.32341003
vt 0.00000000 29.16641045
vt 0.00000000 27.57177925
vt 2.57998991 28.32341003
vt 0.00000000 27.57177925
vt 2.57998991 26.94026947
vt 2.57998991 26.94026947
vt 0.00000000 27.57177925
vt 0.00000000 25.97714043
vt 2.57998991 26.94026947
vt 0.00000000 25.97714043
vt 2.57998991 25.55662918
vt 2.57998991 25.55662918
vt 0.00000000 25.97714043
vt 0.00000000 24.38249969
vt 2.57998991 25.55662918
vt 0.00000000 24.38249969
vt 2.57998991 24.17250061
vt 2.57998991 24.17250061
vt 0.00000000 24.38249969
vt 0.00000000 22.78786087
vt 2.57998991 24.17250061
vt 0.00000000 22.78786087
vt 2.57998991 22.78786087
vt 2.57998991 22.78786087
vt 0.00000000 22.78786087
vt 2.57998991 21.40321922
vt 2.57998991 21.40321922
vt 0.00000000 22.78786087
vt 0.00000000 21.19322014
vt 2.57998991 21.40321922
vt 0.00000000 21.19322014
vt 2.57998991 20.01909065
vt 2.57998991 20.01909065
vt 0.00000000 21.19322014
vt 0.00000000 19.59857941
vt 2.57998991 20.01909065
vt 0.00000000 19.59857941
vt 2.57998991 18.63545036
vt 2.57998991 18.63545036
vt 0.00000000 19.59857941
vt 0.00000000 18.40259933
vt 2.57998991 18.63545036
vt 0.00000000 18.40259933
vt 2.57998991 17.25231934
vt 2.57998991 17.25231934
vt 0.00000000 18.40259933
vt 0.00000000 17.20663071
vt 2.57998991 17.25231934
vt 0.00000000 17.20663071
vt 0.00000000 16.01065063
vt 0.00000000 16.01065063
vt 0.00000000 17.20663071
vt -2.57998991 17.20663071
vt 0.00000000 16.01065063
vt -2.57998991 17.20663071
vt -2.57998991 15.81132030
vt -2.57998991 42.32218170
vt -2.57998991 40.92686844
vt 0.00000000 41.92351913
vt 0.00000000 41.92351913
vt -2.57998991 40.92686844
vt 0.00000000 40.32888031
vt -2.57998991 40.92686844
vt -2.57998991 39.53157043
vt 0.00000000 40.32888031
vt 0.00000000 40.32888031
vt -2.57998991 39.53157043
vt 0.00000000 38.73424149
vt -2.57998991 39.53157043
vt -2.57998991 38.13626099
vt 0.00000000 38.73424149
vt 0.00000000 38.73424149
vt -2.57998991 38.13626099
vt 0.00000000 37.13961029
vt -2.57998991 38.13626099
vt -2.57998991 36.74095154
vt 0.00000000 37.13961029
vt 0.00000000 37.13961029
vt -2.57998991 36.74095154
vt 0.00000000 35.54497147
vt -2.57998991 36.74095154
vt -2.57998991 35.34563828
vt 0.00000000 35.54497147
vt 0.00000000 35.54497147
vt -2.57998991 35.34563828
vt 0.00000000 33.95032883
vt -2.57998991 35.34563828
vt -2.57998991 33.95032883
vt 0.00000000 33.95032883
vt 0.00000000 33.95032883
vt -2.57998991 33.95032883
vt -2.57998991 32.55501938
vt 0.00000000 33.95032883
vt -2.57998991 32.55501938
vt 0.00000000 32.35569000
vt 0.00000000 32.35569000
vt -2.57998991 32.55501938
vt -2.57998991 31.15970993
vt 0.00000000 32.35569000
vt -2.57998991 31.15970993
vt 0.00000000 30.76104927
vt 0.00000000 30.76104927
vt -2.57998991 31.15970993
vt -2.57998991 29.76441002
vt 0.00000000 30.76104927
vt -2.57998991 29.76441002
vt 0.00000000 29.16641045
vt 0.00000000 29.16641045
vt -2.57998991 29.76441002
vt -2.57998991 28.36910057
vt 0.00000000 29.16641045
vt -2.57998991 28.36910057
vt 0.00000000 27.57177925
vt 0.00000000 27.57177925
vt -2.57998991 28.36910057
vt -2.57998991 26.97378922
vt 0.00000000 27.57177925
vt -2.57998991 26.97378922
vt 0.00000000 25.97714043
vt 0.00000000 25.97714043
vt -2.57998991 26.97378922
vt -2.57998991 25.57847977
vt 0.00000000 25.97714043
vt -2.57998991 25.57847977
vt 0.00000000 24.38249969
vt 0.00000000 24.38249969
vt -2.57998991 25.57847977
vt -2.57998991 24.18317032
vt 0.00000000 24.38249969
vt -2.57998991 24.18317032
vt 0.00000000 22.78786087
vt 0.00000000 22.78786087
vt -2.57998991 24.18317032
vt -2.57998991 22.78786087
vt 0.00000000 22.78786087
vt -2.57998991 22.78786087
vt -2.57998991 21.39254951
vt 0.00000000 22.78786087
vt -2.57998991 21.39254951
vt 0.00000000 21.19322014
vt 0.00000000 21.19322014
vt -2.57998991 21.39254951
vt -2.57998991 19.99724007
vt 0.00000000 21.19322014
vt -2.57998991 19.99724007
vt 0.00000000 19.59857941
vt 0.00000000 19.59857941
vt -2.57998991 19.99724007
vt -2.57998991 18.60194016
vt 0.00000000 19.59857941
vt -2.57998991 18.60194016
vt 0.00000000 18.40259933
vt 0.00000000 18.40259933
vt -2.57998991 18.60194016
vt -2.57998991 17.20663071
vt 0.00000000 18.40259933
vt -2.57998991 17.20663071
vt 0.00000000 17.20663071
vt 0.00000000 16.01065063
vt -2.57998991 15.81132030
vt 0.00000000 14.81466961
vt 0.00000000 14.81466961
vt -2.57998991 15.81132030
vt -2.57998991 14.41600990
vt 0.00000000 14.81466961
vt -2.57998991 14.41600990
vt 0.00000000 13.61869049
vt 0.00000000 13.61869049
vt -2.57998991 14.41600990
vt -2.57998991 13.02070045
vt 0.00000000 13.61869049
vt -2.57998991 13.02070045
vt 0.00000000 12.42271042
vt 0.00000000 12.42271042
vt -2.57998991 13.02070045
vt -2.57998991 11.62539005
vt 0.00000000 12.42271042
vt -2.57998991 11.62539005
vt 0.00000000 11.22673035
vt 0.00000000 11.22673035
vt -2.57998991 11.62539005
vt -2.57998991 10.23007965
vt 0.00000000 11.22673035
vt -2.57998991 10.23007965
vt 0.00000000 10.03075027
vt 0.00000000 10.03075027
vt -2.57998991 10.23007965
vt -2.57998991 8.83477306
vt 0.00000000 10.03075027
vt -2.57998991 8.83477306
vt 0.00000000 8.83477306
vt 0.00000000 8.83477306
vt -2.57998991 8.83477306
vt 0.00000000 7.63879204
vt 0.00000000 8.83477306
vt 0.00000000 7.63879204
vt 2.57998991 7.58434296
vt 2.57998991 7.58434296
vt 0.00000000 7.63879204
vt 0.00000000 6.44281292
vt 2.57998991 7.58434296
vt 0.00000000 6.44281292
vt 2.57998991 6.20519781
vt 2.57998991 6.20519781
vt 0.00000000 6.44281292
vt 0.00000000 5.24683380
vt 2.57998991 6.20519781
vt 0.00000000 5.24683380
vt 2.57998991 4.82655001
vt 2.57998991 4.82655001
vt 0.00000000 5.24683380
vt 0.00000000 4.05085516
vt 2.57998991 4.82655001
vt 0.00000000 4.05085516
vt 2.57998991 3.44840002
vt 2.57998991 3.44840002
vt 0.00000000 4.05085516
vt 0.00000000 2.85487604
vt 2.57998991 3.44840002
vt 0.00000000 2.85487604
vt 2.57998991 2.07074690
vt 2.57998991 2.07074690
vt 0.00000000 2.85487604
vt 0.00000000 1.65889692
vt 2.57998991 2.07074690
vt 0.00000000 1.65889692
vt 2.57998991 0.69358993
vt 2.57998991 0.69358993
vt 0.00000000 1.65889692
vt -2.57998991 0.46291840
vt -2.57998991 0.46291840
vt 0.00000000 1.65889692
vt -2.57998991 1.85822701
vt -2.57998991 1.85822701
vt 0.00000000 1.65889692
vt 0.00000000 2.85487604
vt -2.57998991 1.85822701
vt 0.00000000 2.85487604
vt -2.57998991 3.25353599
vt -2.57998991 3.25353599
vt 0.00000000 2.85487604
vt 0.00000000 4.05085516
vt -2.57998991 3.25353599
vt 0.00000000 4.05085516
vt -2.57998991 4.64884520
vt -2.57998991 4.64884520
vt 0.00000000 4.05085516
vt 0.00000000 5.24683380
vt -2.57998991 4.64884520
vt 0.00000000 5.24683380
vt -2.57998991 6.04415417
vt -2.57998991 6.04415417
vt 0.00000000 5.24683380
vt 0.00000000 6.44281292
vt -2.57998991 6.04415417
vt 0.00000000 6.44281292
vt -2.57998991 7.43946314
vt -2.57998991 7.43946314
vt 0.00000000 6.44281292
vt 0.00000000 7.63879204
vt -2.57998991 7.43946314
vt 0.00000000 7.63879204
vt -2.57998991 8.83477306
vt 2.57998991 7.58434296
vt 2.57998991 8.96398830
vt 0.00000000 8.83477306
vt 0.00000000 8.83477306
vt 2.57998991 8.96398830
vt 0.00000000 10.03075027
vt 2.57998991 8.96398830
vt 2.57998991 10.34412956
vt 0.00000000 10.03075027
vt 0.00000000 10.03075027
vt 2.57998991 10.34412956
vt 0.00000000 11.22673035
vt 2.57998991 10.34412956
vt 2.57998991 11.72476959
vt 0.00000000 11.22673035
vt 0.00000000 11.22673035
vt 2.57998991 11.72476959
vt 0.00000000 12.42271042
vt 2.57998991 11.72476959
vt 2.57998991 13.10591030
vt 0.00000000 12.42271042
vt 0.00000000 12.42271042
vt 2.57998991 13.10591030
vt 0.00000000 13.61869049
vt 2.57998991 13.10591030
vt 2.57998991 14.48754025
vt 0.00000000 13.61869049
vt 0.00000000 13.61869049
vt 2.57998991 14.48754025
vt 0.00000000 14.81466961
vt 2.57998991 14.48754025
vt 2.57998991 15.86968040
vt 0.00000000 14.81466961
vt 0.00000000 14.81466961
vt 2.57998991 15.86968040
vt 0.00000000 16.01065063
vt 2.57998991 15.86968040
vt 2.57998991 17.25231934
vt 0.00000000 16.01065063
vt 2.57998991 42.12731934
vt 2.57998991 43.50497055
vt 0.00000000 43.51156998
vt -1.14769995 27.87722969
vt -2.47028995 27.72079086
vt -1.37277603 27.59267998
vt -1.37277603 27.59267998
vt -2.47028995 27.72079086
vt -2.60443902 27.42946053
vt -2.60443902 27.42946053
vt -2.47028995 27.72079086
vt -3.81391692 27.44075012
vt -2.60443902 27.42946053
vt -3.81391692 27.44075012
vt -3.85109591 27.15736008
vt -3.85109591 27.15736008
vt -3.81391692 27.44075012
vt -5.16213703 27.02997017
vt -3.85109591 27.15736008
vt -5.16213703 27.02997017
vt -5.09896088 26.77115059
vt -5.09896088 26.77115059
vt -5.16213703 27.02997017
vt -6.33287001 26.26790047
vt -6.33287001 26.26790047
vt -5.16213703 27.02997017
vt -6.49654484 26.48418045
vt -6.33287001 26.26790047
vt -6.49654484 26.48418045
vt -7.53675604 25.64728928
vt -7.53675604 25.64728928
vt -6.49654484 26.48418045
vt -7.79739475 25.80249023
vt -7.53675604 25.64728928
vt -7.79739475 25.80249023
vt -8.69422722 24.91197014
vt -8.69422722 24.91197014
vt -7.79739475 25.80249023
vt -9.04439259 24.98785019
vt -8.69422722 24.91197014
vt -9.04439259 24.98785019
vt -9.78923321 24.06759071
vt -9.78923321 24.06759071
vt -9.04439259 24.98785019
vt -10.21763039 24.04721069
vt -9.78923321 24.06759071
vt -10.21763039 24.04721069
vt -10.80677032 23.12273979
vt -10.80677032 23.12273979
vt -10.21763039 24.04721069
vt -11.29854965 22.99143982
vt -10.80677032 23.12273979
vt -11.29854965 22.99143982
vt -11.73351955 22.08868980
vt -11.73351955 22.08868980
vt -11.29854965 22.99143982
vt -12.27091026 21.83490944
vt -11.73351955 22.08868980
vt -12.27091026 21.83490944
vt -12.55844975 20.97896004
vt -12.55844975 20.97896004
vt -12.27091026 21.83490944
vt -13.12158966 20.59490013
vt -12.55844975 20.97896004
vt -13.12158966 20.59490013
vt -13.27322960 19.80868912
vt -13.27322960 19.80868912
vt -13.12158966 20.59490013
vt -13.84111977 19.29071045
vt -13.27322960 19.80868912
vt -13.84111977 19.29071045
vt -13.87248993 18.59403992
vt -13.87248993 18.59403992
vt -13.84111977 19.29071045
vt -14.42407036 17.94272041
vt -13.87248993 18.59403992
vt -14.42407036 17.94272041
vt -14.35389996 17.35144997
vt -14.35389996 17.35144997
vt -14.42407036 17.94272041
vt -14.86900043 16.57138062
vt -14.35389996 17.35144997
vt -14.86900043 16.57138062
vt -14.71802998 16.09696007
vt -14.71802998 16.09696007
vt -14.86900043 16.57138062
vt -15.17825031 15.19631004
vt -14.71802998 16.09696007
vt -15.17825031 15.19631004
vt -14.96809006 14.84570026
vt -14.96809006 14.84570026
vt -15.17825031 15.19631004
vt -15.35748005 13.83557034
vt -14.96809006 14.84570026
vt -15.35748005 13.83557034
vt -15.10955048 13.61135006
vt -15.10955048 13.61135006
vt -15.35748005 13.83557034
vt -15.41501045 12.50500011
vt -15.10955048 13.61135006
vt -15.41501045 12.50500011
vt -14.91285992 13.58638954
vt -14.91285992 13.58638954
vt -15.41501045 12.50500011
vt -14.71331024 13.52231979
vt -14.71331024 13.52231979
vt -15.41501045 12.50500011
vt -14.52254009 13.41709995
vt -14.52254009 13.41709995
vt -15.41501045 12.50500011
vt -14.04292011 12.50500011
vt -14.52254009 13.41709995
vt -14.04292011 12.50500011
vt -14.35299969 13.27338982
vt -14.35299969 13.27338982
vt -14.04292011 12.50500011
vt -14.21557999 13.09871006
vt -14.21557999 13.09871006
vt -14.04292011 12.50500011
vt -14.11740017 12.90423012
vt -14.11740017 12.90423012
vt -14.04292011 12.50500011
vt -14.06066990 12.70246983
vt -15.35748005 11.17442989
vt -15.10955048 11.39865017
vt -15.41501045 12.50500011
vt -15.41501045 12.50500011
vt -15.10955048 11.39865017
vt -14.91285992 11.42360973
vt -15.41501045 12.50500011
vt -14.91285992 11.42360973
vt -14.71331024 11.48768044
vt -15.10955048 11.39865017
vt -15.35748005 11.17442989
vt -14.96809006 10.16429996
vt -14.96809006 10.16429996
vt -15.35748005 11.17442989
vt -15.17825031 9.81368828
vt -14.96809006 10.16429996
vt -15.17825031 9.81368828
vt -14.71802998 8.91304111
vt -14.71802998 8.91304111
vt -15.17825031 9.81368828
vt -14.86900043 8.43862724
vt -14.71802998 8.91304111
vt -14.86900043 8.43862724
vt -14.35389996 7.65855408
vt -14.35389996 7.65855408
vt -14.86900043 8.43862724
vt -14.42407036 7.06728411
vt -14.35389996 7.65855408
vt -14.42407036 7.06728411
vt -13.87248993 6.41595602
vt -13.87248993 6.41595602
vt -14.42407036 7.06728411
vt -13.84111977 5.71928978
vt -13.87248993 6.41595602
vt -13.84111977 5.71928978
vt -13.27322960 5.20130920
vt -13.27322960 5.20130920
vt -13.84111977 5.71928978
vt -13.12158966 4.41510105
vt -13.27322960 5.20130920
vt -13.12158966 4.41510105
vt -12.55844975 4.03104496
vt -12.55844975 4.03104496
vt -13.12158966 4.41510105
vt -12.27091026 3.17509103
vt -12.55844975 4.03104496
vt -12.27091026 3.17509103
vt -11.73351955 2.92130995
vt -11.73351955 2.92130995
vt -12.27091026 3.17509103
vt -11.29854965 2.01856303
vt -11.73351955 2.92130995
vt -11.29854965 2.01856303
vt -10.80677032 1.88726401
vt -10.80677032 1.88726401
vt -11.29854965 2.01856303
vt -10.21763039 0.96278852
vt -10.80677032 1.88726401
vt -10.21763039 0.96278852
vt -9.78923321 0.94241190
vt -9.78923321 0.94241190
vt -10.21763039 0.96278852
vt -9.04439259 0.02215224
vt -9.78923321 0.94241190
vt -9.04439259 0.02215224
vt -8.69422722 0.09802818
vt -8.69422722 0.09802818
vt -9.04439259 0.02215224
vt -7.79739475 -0.79248691
vt -8.69422722 0.09802818
vt -7.79739475 -0.79248691
vt -7.53675604 -0.63729101
vt -7.53675604 -0.63729101
vt -7.79739475 -0.79248691
vt -6.49654484 -1.47417796
vt -7.53675604 -0.63729101
vt -6.49654484 -1.47417796
vt -6.33287001 -1.25789404
vt -6.33287001 -1.25789404
vt -6.49654484 -1.47417796
vt -5.16213703 -2.01997399
vt -6.33287001 -1.25789404
vt -5.16213703 -2.01997399
vt -5.09896088 -1.76115203
vt -5.09896088 -1.76115203
vt -5.16213703 -2.01997399
vt -3.85109591 -2.14735699
vt -3.85109591 -2.14735699
vt -5.16213703 -2.01997399
vt -3.81391692 -2.43074799
vt -3.85109591 -2.14735699
vt -3.81391692 -2.43074799
vt -2.60443902 -2.41945601
vt -2.60443902 -2.41945601
vt -3.81391692 -2.43074799
vt -2.47028995 -2.71078801
vt -2.60443902 -2.41945601
vt -2.47028995 -2.71078801
vt -1.37277603 -2.58267689
vt -1.37277603 -2.58267689
vt -2.47028995 -2.71078801
vt -1.14769995 -2.86722493
vt -14.71331024 11.48768044
vt -14.52254009 11.59290028
vt -15.41501045 12.50500011
vt -15.41501045 12.50500011
vt -14.52254009 11.59290028
vt -14.04292011 12.50500011
vt -14.52254009 11.59290028
vt -14.35299969 11.73661041
vt -14.04292011 12.50500011
vt -14.04292011 12.50500011
vt -14.35299969 11.73661041
vt -14.21557999 11.91129017
vt -14.04292011 12.50500011
vt -14.21557999 11.91129017
vt -14.11740017 12.10577011
vt -14.11740017 12.10577011
vt -14.06066990 12.30753040
vt -14.04292011 12.50500011
vt -0.18390089 -0.41183400
vt -1.94286895 0.11708010
vt -2.76827908 -0.78781271
vt -2.76827908 -0.78781271
vt -1.94286895 0.11708010
vt -3.39963007 0.36121070
vt -2.76827908 -0.78781271
vt -3.39963007 0.36121070
vt -4.86823702 0.74980348
vt -0.18390089 -0.41183400
vt -0.51617271 0.00823611
vt -1.94286895 0.11708010
vt -2.76827908 -0.78781271
vt -4.86823702 0.74980348
vt -6.23272181 -0.41421020
vt -6.23272181 -0.41421020
vt -4.86823702 0.74980348
vt -6.32796812 1.28885198
vt -6.23272181 -0.41421020
vt -6.32796812 1.28885198
vt -7.40928602 0.07670885
vt -7.40928602 0.07670885
vt -6.32796812 1.28885198
vt -7.75629425 1.98043001
vt -7.40928602 0.07670885
vt -7.75629425 1.98043001
vt -8.56991673 0.66327679
vt -8.56991673 0.66327679
vt -7.75629425 1.98043001
vt -9.12981415 2.82213688
vt -8.56991673 0.66327679
vt -9.12981415 2.82213688
vt -9.70346737 1.34580302
vt -9.70346737 1.34580302
vt -9.12981415 2.82213688
vt -10.42537022 3.80682397
vt -9.70346737 1.34580302
vt -10.42537022 3.80682397
vt -10.79846954 2.12290597
vt -10.79846954 2.12290597
vt -10.42537022 3.80682397
vt -11.84348011 2.99141002
vt -11.84348011 2.99141002
vt -10.42537022 3.80682397
vt -11.62123966 4.92265320
vt -11.84348011 2.99141002
vt -11.62123966 4.92265320
vt -12.82738972 3.94632387
vt -12.82738972 3.94632387
vt -11.62123966 4.92265320
vt -12.69834995 6.15352201
vt -12.82738972 3.94632387
vt -12.69834995 6.15352201
vt -13.73980999 4.98089504
vt -13.73980999 4.98089504
vt -12.69834995 6.15352201
vt -13.64120007 7.47983217
vt -13.73980999 4.98089504
vt -13.64120007 7.47983217
vt -14.57141018 6.08674479
vt -14.57141018 6.08674479
vt -13.64120007 7.47983217
vt -14.43865967 8.87950706
vt -14.57141018 6.08674479
vt -14.43865967 8.87950706
vt -15.31422043 7.25409222
vt -15.31422043 7.25409222
vt -14.43865967 8.87950706
vt -15.96187973 8.47203732
vt -15.96187973 8.47203732
vt -14.43865967 8.87950706
vt -15.08432007 10.32917023
vt -15.96187973 8.47203732
vt -15.08432007 10.32917023
vt -16.50984001 9.72889233
vt -16.50984001 9.72889233
vt -15.08432007 10.32917023
vt -15.57651997 11.80535030
vt -16.50984001 9.72889233
vt -15.57651997 11.80535030
vt -16.95541954 11.01255989
vt -16.95541954 11.01255989
vt -15.57651997 11.80535030
vt -15.91806030 13.28561020
vt -16.95541954 11.01255989
vt -15.91806030 13.28561020
vt -17.29784966 12.31089020
vt -17.29784966 12.31089020
vt -15.91806030 13.28561020
vt -17.53820038 13.61203957
vt -17.53820038 13.61203957
vt -15.91806030 13.28561020
vt -16.11558914 14.74942017
vt -17.53820038 13.61203957
vt -16.11558914 14.74942017
vt -17.67918968 14.90480995
vt -17.67918968 14.90480995
vt -16.11558914 14.74942017
vt -16.17885971 16.17885971
vt -17.67918968 14.90480995
vt -16.17885971 16.17885971
vt -17.72504044 16.17885971
vt -17.72504044 16.17885971
vt -16.17885971 16.17885971
vt -17.67918968 17.45290947
vt -17.67918968 17.45290947
vt -16.17885971 16.17885971
vt -16.11558914 17.60831070
vt -17.67918968 17.45290947
vt -16.11558914 17.60831070
vt -17.53820038 18.74567986
vt -17.53820038 18.74567986
vt -16.11558914 17.60831070
vt -15.91806030 19.07210922
vt -17.53820038 18.74567986
vt -15.91806030 19.07210922
vt -17.29784966 20.04684067
vt -17.29784966 20.04684067
vt -15.91806030 19.07210922
vt -16.95541954 21.34516907
vt -16.95541954 21.34516907
vt -15.91806030 19.07210922
vt -15.57651997 20.55237007
vt -16.95541954 21.34516907
vt -15.57651997 20.55237007
vt -16.50984001 22.62882996
vt -16.50984001 22.62882996
vt -15.57651997 20.55237007
vt -15.08432007 22.02856064
vt -16.50984001 22.62882996
vt -15.08432007 22.02856064
vt -15.96187973 23.88569069
vt -15.96187973 23.88569069
vt -15.08432007 22.02856064
vt -14.43865967 23.47821999
vt -15.96187973 23.88569069
vt -14.43865967 23.47821999
vt -15.31422043 25.10363007
vt -15.31422043 25.10363007
vt -14.43865967 23.47821999
vt -14.57141018 26.27098083
vt -14.57141018 26.27098083
vt -14.43865967 23.47821999
vt -13.64120007 24.87788963
vt -14.57141018 26.27098083
vt -13.64120007 24.87788963
vt -13.73980999 27.37682915
vt -13.73980999 27.37682915
vt -13.64120007 24.87788963
vt -12.69834995 26.20420074
vt -13.73980999 27.37682915
vt -12.69834995 26.20420074
vt -12.82738972 28.41139984
vt -12.82738972 28.41139984
vt -12.69834995 26.20420074
vt -11.62123966 27.43507004
vt -12.82738972 28.41139984
vt -11.62123966 27.43507004
vt -11.84348011 29.36631012
vt -11.84348011 29.36631012
vt -11.62123966 27.43507004
vt -10.42537022 28.55089951
vt -11.84348011 29.36631012
vt -10.42537022 28.55089951
vt -10.79846954 30.23481941
vt -10.79846954 30.23481941
vt -10.42537022 28.55089951
vt -9.70346737 31.01192093
vt -9.70346737 31.01192093
vt -10.42537022 28.55089951
vt -9.12981415 29.53558922
vt -9.70346737 31.01192093
vt -9.12981415 29.53558922
vt -8.56991673 31.69445038
vt -8.56991673 31.69445038
vt -9.12981415 29.53558922
vt -7.75629425 30.37730026
vt -8.56991673 31.69445038
vt -7.75629425 30.37730026
vt -7.40928602 32.28100967
vt -7.40928602 32.28100967
vt -7.75629425 30.37730026
vt -6.32796812 31.06887054
vt -7.40928602 32.28100967
vt -6.32796812 31.06887054
vt -6.23272181 32.77193069
vt -6.23272181 32.77193069
vt -6.32796812 31.06887054
vt -4.86823702 31.60791969
vt -6.23272181 32.77193069
vt -4.86823702 31.60791969
vt -2.76827908 33.14553833
vt -2.76827908 33.14553833
vt -4.86823702 31.60791969
vt -3.39963007 31.99650955
vt -2.76827908 33.14553833
vt -3.39963007 31.99650955
vt -1.94286895 32.24063873
vt -0.51617271 32.34949112
vt -0.18390089 32.76956177
vt -1.94286895 32.24063873
vt -1.94286895 32.24063873
vt -0.18390089 32.76956177
vt -2.76827908 33.14553833
vt -3.64516497 33.21709824
vt -4.52409697 33.17803955
vt -2.76827908 33.14553833
vt -2.76827908 33.14553833
vt -4.52409697 33.17803955
vt -4.77364016 33.14662170
vt -2.76827908 33.14553833
vt -4.77364016 33.14662170
vt -5.51312113 32.99876022
vt -5.51312113 32.99876022
vt -6.23272181 32.77193069
vt -2.76827908 33.14553833
vt -6.23272181 -0.41421020
vt -5.51312113 -0.64103532
vt -2.76827908 -0.78781271
vt -2.76827908 -0.78781271
vt -5.51312113 -0.64103532
vt -4.77364016 -0.78889769
vt -2.76827908 -0.78781271
vt -4.77364016 -0.78889769
vt -4.52410126 -0.82031572
vt -4.52410126 -0.82031572
vt -3.64516687 -0.85937363
vt -2.76827908 -0.78781271
vt 1.46027696 4.26833105
vt 1.38060296 -1.60150898
vt 2.68639493 1.51828909
vt 2.68639493 1.51828909
vt 1.38060296 -1.60150898
vt 3.99218702 -1.60150898
vt 2.68639493 1.51828909
vt 3.99218702 -1.60150898
vt 3.80314589 4.63808680
vt 3.80314589 4.63808680
vt 2.64750290 4.48163080
vt 2.68639493 1.51828909
vt 2.68639493 1.51828909
vt 2.64750290 4.48163080
vt 1.46027696 4.26833105
vt 0.53550500 -1.60150695
vt 0.89108950 3.55140209
vt -0.00009127 -1.60150695
vt -0.00009127 -1.60150695
vt 0.89108950 3.55140209
vt 0.37723449 4.62953806
vt 0.37723449 4.62953806
vt 0.89108950 3.55140209
vt 0.90047938 3.61280012
vt 0.37723449 4.62953806
vt 0.90047938 3.61280012
vt 0.93019217 3.69559813
vt 0.93019217 3.69559813
vt 0.98509902 3.78165913
vt 0.37723449 4.62953806
vt 0.37723449 4.62953806
vt 0.98509902 3.78165913
vt 1.33836794 5.09665585
vt 1.33836794 5.09665585
vt 0.98509902 3.78165913
vt 1.05683005 3.85458899
vt 1.33836794 5.09665585
vt 1.05683005 3.85458899
vt 1.15809000 3.92364907
vt 1.15809000 3.92364907
vt 1.27031898 3.97339606
vt 1.33836794 5.09665585
vt 1.33836794 5.09665585
vt 1.27031898 3.97339606
vt 1.40990496 4.00851202
vt 1.33836794 5.09665585
vt 1.40990496 4.00851202
vt 1.55347896 4.01999998
vt 1.91628301 4.01999998
vt 1.91628301 5.09665585
vt 1.55347896 4.01999998
vt 1.55347896 4.01999998
vt 1.91628301 5.09665585
vt 1.33836794 5.09665585
vt 1.31904507 -1.60150695
vt 1.85464096 -1.60150695
vt 0.96346039 3.55140209
vt 0.96346039 3.55140209
vt 1.85464096 -1.60150695
vt 1.47731495 4.62953806
vt 0.96346039 3.55140209
vt 1.47731495 4.62953806
vt 0.95407051 3.61280012
vt 0.95407051 3.61280012
vt 1.47731495 4.62953806
vt 0.92435771 3.69559813
vt 0.92435771 3.69559813
vt 1.47731495 4.62953806
vt 0.86945093 3.78165913
vt 0.86945093 3.78165913
vt 1.47731495 4.62953806
vt 0.51618201 5.09665585
vt 0.86945093 3.78165913
vt 0.51618201 5.09665585
vt 0.79771972 3.85458899
vt 0.79771972 3.85458899
vt 0.51618201 5.09665585
vt 0.69646013 3.92364907
vt 0.69646013 3.92364907
vt 0.51618201 5.09665585
vt 0.58423120 3.97339606
vt 0.58423120 3.97339606
vt 0.51618201 5.09665585
vt 0.44464481 4.00851202
vt 0.44464481 4.00851202
vt 0.51618201 5.09665585
vt 0.30107090 4.01999998
vt 0.30107090 4.01999998
vt 0.51618201 5.09665585
vt -0.06173294 5.09665585
vt 0.30107090 4.01999998
vt -0.06173294 5.09665585
vt -0.06173294 4.01999998
vt -0.07071065 0.03526937
vt -0.03558254 0.03440326
vt -0.07071065 0.21846610
vt -0.07071065 0.21846610
vt -0.03558254 0.03440326
vt -0.00045063 0.03353679
vt -0.07071065 0.21846610
vt -0.00045063 0.03353679
vt 0.00000000 0.34676290
vt 0.00000000 0.34676290
vt -0.00045063 0.03353679
vt 0.07071065 0.21552031
vt 0.00000000 0.34676290
vt 0.07071065 0.21552031
vt 0.07071065 0.39925990
vt -0.00045063 0.03353679
vt 0.03513145 0.03265893
vt 0.07071065 0.21552031
vt 0.07071065 0.21552031
vt 0.03513145 0.03265893
vt 0.07071065 0.03178077
vt 0.07071065 0.39925990
vt 0.07071065 0.58299953
vt 0.00000000 0.34676290
vt 0.00000000 0.34676290
vt 0.07071065 0.58299953
vt 0.00000000 0.66174501
vt 0.00000000 0.34676290
vt 0.00000000 0.66174501
vt -0.07071065 0.58495080
vt -0.07071065 0.58495080
vt 0.00000000 0.66174501
vt -0.07071065 0.76823902
vt -0.07071065 0.76823902
vt 0.00000000 0.66174501
vt 0.00000000 0.97672701
vt -0.07071065 0.76823902
vt 0.00000000 0.97672701
vt -0.07071065 0.95155770
vt -0.07071065 0.95155770
vt 0.00000000 0.97672701
vt -0.07071065 1.13490701
vt -0.07071065 1.13490701
vt 0.00000000 0.97672701
vt 0.00000000 1.29170895
vt -0.07071065 1.13490701
vt 0.00000000 1.29170895
vt -0.07071065 1.31828701
vt -0.07071065 1.31828701
vt 0.00000000 1.29170895
vt 0.00000000 1.50169706
vt -0.07071065 1.31828701
vt 0.00000000 1.50169706
vt -0.07071065 1.50169706
vt -0.07071065 1.50169706
vt 0.00000000 1.50169706
vt -0.07071065 1.68510699
vt -0.07071065 1.68510699
vt 0.00000000 1.50169706
vt 0.00000000 1.71168494
vt -0.07071065 1.68510699
vt 0.00000000 1.71168494
vt -0.07071065 1.86848700
vt -0.07071065 1.86848700
vt 0.00000000 1.71168494
vt 0.00000000 1.92167306
vt -0.07071065 1.86848700
vt 0.00000000 1.92167306
vt -0.07071065 2.05183601
vt -0.07071065 2.05183601
vt 0.00000000 1.92167306
vt 0.00000000 2.13166094
vt -0.07071065 2.05183601
vt 0.00000000 2.13166094
vt -0.07071065 2.23515511
vt -0.07071065 2.23515511
vt 0.00000000 2.13166094
vt 0.00000000 2.34164906
vt -0.07071065 2.23515511
vt 0.00000000 2.34164906
vt -0.07071065 2.41844296
vt -0.07071065 2.41844296
vt 0.00000000 2.34164906
vt 0.00000000 2.55163693
vt -0.07071065 2.41844296
vt 0.00000000 2.55163693
vt -0.07071065 2.60170102
vt -0.07071065 2.60170102
vt 0.00000000 2.55163693
vt 0.00000000 2.76162505
vt -0.07071065 2.60170102
vt 0.00000000 2.76162505
vt -0.07071065 2.78492808
vt -0.07071065 2.78492808
vt 0.00000000 2.76162505
vt -0.03558266 2.96899104
vt -0.07071065 2.78492808
vt -0.03558266 2.96899104
vt -0.07071065 2.96812487
vt 0.07071065 0.58299953
vt 0.07071065 0.76673901
vt 0.00000000 0.66174501
vt 0.00000000 0.66174501
vt 0.07071065 0.76673901
vt 0.00000000 0.97672701
vt 0.07071065 0.76673901
vt 0.07071065 0.95047849
vt 0.00000000 0.97672701
vt 0.00000000 0.97672701
vt 0.07071065 0.95047849
vt 0.07071065 1.13421798
vt 0.00000000 0.97672701
vt 0.07071065 1.13421798
vt 0.00000000 1.29170895
vt 0.00000000 1.29170895
vt 0.07071065 1.13421798
vt 0.07071065 1.31795704
vt 0.00000000 1.29170895
vt 0.07071065 1.31795704
vt 0.00000000 1.50169706
vt 0.00000000 1.50169706
vt 0.07071065 1.31795704
vt 0.07071065 1.50169706
vt 0.00000000 1.50169706
vt 0.07071065 1.50169706
vt 0.07071065 1.68543696
vt 0.00000000 1.50169706
vt 0.07071065 1.68543696
vt 0.00000000 1.71168494
vt 0.00000000 1.71168494
vt 0.07071065 1.68543696
vt 0.07071065 1.86917591
vt 0.00000000 1.71168494
vt 0.07071065 1.86917591
vt 0.00000000 1.92167306
vt 0.00000000 1.92167306
vt 0.07071065 1.86917591
vt 0.07071065 2.05291605
vt 0.00000000 1.92167306
vt 0.07071065 2.05291605
vt 0.00000000 2.13166094
vt 0.00000000 2.13166094
vt 0.07071065 2.05291605
vt 0.07071065 2.23665500
vt 0.00000000 2.13166094
vt 0.07071065 2.23665500
vt 0.00000000 2.34164906
vt 0.00000000 2.34164906
vt 0.07071065 2.23665500
vt 0.07071065 2.42039490
vt 0.00000000 2.34164906
vt 0.07071065 2.42039490
vt 0.00000000 2.55163693
vt 0.00000000 2.55163693
vt 0.07071065 2.42039490
vt 0.07071065 2.60413408
vt 0.00000000 2.55163693
vt 0.07071065 2.60413408
vt 0.00000000 2.76162505
vt 0.00000000 2.76162505
vt 0.07071065 2.60413408
vt 0.07071065 2.78787398
vt 0.00000000 2.76162505
vt 0.07071065 2.78787398
vt -0.00045084 2.96985698
vt -0.00045084 2.96985698
vt 0.07071065 2.78787398
vt 0.03513139 2.97073507
vt 0.03513139 2.97073507
vt 0.07071065 2.78787398
vt 0.07071065 2.97161293
vt -0.00045084 2.96985698
vt -0.03558266 2.96899104
vt 0.00000000 2.76162505
vt -0.07071065 0.58495080
vt -0.07071065 0.40169320
vt 0.00000000 0.34676290
vt 0.00000000 0.34676290
vt -0.07071065 0.40169320
vt -0.07071065 0.21846610
vt 0.93373138 -6.05709982
vt 0.94958442 -6.22988892
vt 1.00652802 -6.19641685
vt 1.00652802 -6.19641685
vt 0.94958442 -6.22988892
vt 0.93735981 -6.38176918
vt 1.00652802 -6.19641685
vt 0.93735981 -6.38176918
vt 2.22650099 -6.49391413
vt 2.22650099 -6.49391413
vt 0.93735981 -6.38176918
vt 0.89885092 -6.53612089
vt 2.22650099 -6.49391413
vt 0.89885092 -6.53612089
vt 0.92576391 -6.62634897
vt 0.92576391 -6.62634897
vt 0.89885092 -6.53612089
vt 0.83280462 -6.68612099
vt 0.92576391 -6.62634897
vt 0.83280462 -6.68612099
vt 0.86121428 -6.75193310
vt 0.86121428 -6.75193310
vt 0.83280462 -6.68612099
vt 0.74036950 -6.82450104
vt 0.86121428 -6.75193310
vt 0.74036950 -6.82450104
vt 0.77681482 -6.87080908
vt 0.77681482 -6.87080908
vt 0.74036950 -6.82450104
vt 0.62519598 -6.94462109
vt 0.77681482 -6.87080908
vt 0.62519598 -6.94462109
vt 0.67373329 -6.97842312
vt 0.67373329 -6.97842312
vt 0.62519598 -6.94462109
vt 0.49298260 -7.04148006
vt 0.67373329 -6.97842312
vt 0.49298260 -7.04148006
vt 0.55450457 -7.07056999
vt 0.55450457 -7.07056999
vt 0.49298260 -7.04148006
vt 0.35057691 -7.11239004
vt 0.55450457 -7.07056999
vt 0.35057691 -7.11239004
vt 0.42286149 -7.14389610
vt 0.42286149 -7.14389610
vt 0.35057691 -7.11239004
vt 0.28335699 -7.19628906
vt 0.28335699 -7.19628906
vt 0.35057691 -7.11239004
vt 0.20491430 -7.15710115
vt 0.28335699 -7.19628906
vt 0.20491430 -7.15710115
vt 0.14085411 -7.22707510
vt 0.14085411 -7.22707510
vt 0.20491430 -7.15710115
vt 0.05397576 -7.17793798
vt 0.14085411 -7.22707510
vt 0.05397576 -7.17793798
vt 0.00000000 -7.23697376
vt 0.00000000 -7.23697376
vt 0.05397576 -7.17793798
vt -0.14085411 -7.22707510
vt -0.14085411 -7.22707510
vt 0.05397576 -7.17793798
vt -0.10504990 -7.17364502
vt -0.14085411 -7.22707510
vt -0.10504990 -7.17364502
vt -0.28335699 -7.19628906
vt -0.28335699 -7.19628906
vt -0.10504990 -7.17364502
vt -0.26576811 -7.14152384
vt -0.28335699 -7.19628906
vt -0.26576811 -7.14152384
vt -0.42286149 -7.14389610
vt -0.42286149 -7.14389610
vt -0.26576811 -7.14152384
vt -0.42083529 -7.08112907
vt -0.42286149 -7.14389610
vt -0.42083529 -7.08112907
vt -0.55450457 -7.07056999
vt -0.55450457 -7.07056999
vt -0.42083529 -7.08112907
vt -0.56297779 -6.99458981
vt -0.55450457 -7.07056999
vt -0.56297779 -6.99458981
vt -0.67373329 -6.97842312
vt -0.67373329 -6.97842312
vt -0.56297779 -6.99458981
vt -0.68608582 -6.88639307
vt -0.67373329 -6.97842312
vt -0.68608582 -6.88639307
vt -0.77681482 -6.87080908
vt -0.77681482 -6.87080908
vt -0.68608582 -6.88639307
vt -0.78605521 -6.76264381
vt -0.77681482 -6.87080908
vt -0.78605521 -6.76264381
vt -0.86121428 -6.75193310
vt -0.86121428 -6.75193310
vt -0.78605521 -6.76264381
vt -0.86114591 -6.63006210
vt -0.86121428 -6.75193310
vt -0.86114591 -6.63006210
vt -0.92576391 -6.62634897
vt -0.92576391 -6.62634897
vt -0.86114591 -6.63006210
vt -0.92721123 -6.43480396
vt -0.92576391 -6.62634897
vt -0.92721123 -6.43480396
vt -2.22650099 -6.49391413
vt -2.22650099 -6.49391413
vt -0.92721123 -6.43480396
vt -1.00652802 -6.19641685
vt -2.22650099 -6.49391413
vt -1.00652802 -6.19641685
vt -2.24672699 -6.06236982
vt -0.92721123 -6.43480396
vt -0.94958442 -6.22988892
vt -1.00652802 -6.19641685
vt -1.00652802 -6.19641685
vt -0.94958442 -6.22988892
vt -0.93373138 -6.05709982
vt -1.00652802 -6.19641685
vt -0.93373138 -6.05709982
vt -0.98434550 -6.01709223
vt -0.98434550 -6.01709223
vt -0.93373138 -6.05709982
vt -0.88291252 -5.88035202
vt -0.98434550 -6.01709223
vt -0.88291252 -5.88035202
vt -0.92644727 -5.83503008
vt -0.92644727 -5.83503008
vt -0.88291252 -5.88035202
vt -0.79479778 -5.71026802
vt -0.92644727 -5.83503008
vt -0.79479778 -5.71026802
vt -0.83092660 -5.66087294
vt -0.83092660 -5.66087294
vt -0.79479778 -5.71026802
vt -0.67145753 -5.55843210
vt -0.83092660 -5.66087294
vt -0.67145753 -5.55843210
vt -0.70018190 -5.50603580
vt -0.70018190 -5.50603580
vt -0.67145753 -5.55843210
vt -0.51962191 -5.43509197
vt -0.70018190 -5.50603580
vt -0.51962191 -5.43509197
vt -0.54108471 -5.38050985
vt -0.54108471 -5.38050985
vt -0.51962191 -5.43509197
vt -0.34953699 -5.34697723
vt -0.54108471 -5.38050985
vt -0.34953699 -5.34697723
vt -0.36384931 -5.29083014
vt -0.36384931 -5.29083014
vt -0.34953699 -5.34697723
vt -0.17278920 -5.29615784
vt -0.36384931 -5.29083014
vt -0.17278920 -5.29615784
vt -0.17996320 -5.23901510
vt -0.17996320 -5.23901510
vt -0.17278920 -5.29615784
vt 0.00000000 -5.28030491
vt -0.17996320 -5.23901510
vt 0.00000000 -5.28030491
vt 0.00000000 -5.22280502
vt 0.00000000 -5.22280502
vt 0.00000000 -5.28030491
vt 0.17996320 -5.23901510
vt 0.17996320 -5.23901510
vt 0.00000000 -5.28030491
vt 0.17278920 -5.29615784
vt 0.17996320 -5.23901510
vt 0.17278920 -5.29615784
vt 0.36384931 -5.29083014
vt 0.36384931 -5.29083014
vt 0.17278920 -5.29615784
vt 0.34953699 -5.34697723
vt 0.36384931 -5.29083014
vt 0.34953699 -5.34697723
vt 0.54108471 -5.38050985
vt 0.54108471 -5.38050985
vt 0.34953699 -5.34697723
vt 0.51962191 -5.43509197
vt 0.54108471 -5.38050985
vt 0.51962191 -5.43509197
vt 0.70018190 -5.50603580
vt 0.70018190 -5.50603580
vt 0.51962191 -5.43509197
vt 0.67145753 -5.55843210
vt 0.70018190 -5.50603580
vt 0.67145753 -5.55843210
vt 0.83092660 -5.66087294
vt 0.83092660 -5.66087294
vt 0.67145753 -5.55843210
vt 0.79479778 -5.71026802
vt 0.83092660 -5.66087294
vt 0.79479778 -5.71026802
vt 0.92644727 -5.83503008
vt 0.92644727 -5.83503008
vt 0.79479778 -5.71026802
vt 0.88291252 -5.88035202
vt 0.92644727 -5.83503008
vt 0.88291252 -5.88035202
vt 0.98434550 -6.01709223
vt 0.98434550 -6.01709223
vt 0.88291252 -5.88035202
vt 0.93373138 -6.05709982
vt 0.98434550 -6.01709223
vt 0.93373138 -6.05709982
vt 1.00652802 -6.19641685
vt 15.54094028 7.90585995
vt 15.08767986 7.54733515
vt 15.40110016 6.60589790
vt 15.40110016 6.60589790
vt 15.08767986 7.54733515
vt 14.92360020 6.31075001
vt 15.40110016 6.60589790
vt 14.92360020 6.31075001
vt 15.14404011 5.28591108
vt 15.14404011 5.28591108
vt 14.92360020 6.31075001
vt 14.64970016 5.05891609
vt 15.14404011 5.28591108
vt 14.64970016 5.05891609
vt 14.76336002 3.96100593
vt 14.76336002 3.96100593
vt 14.64970016 5.05891609
vt 14.26064968 3.80579305
vt 14.76336002 3.96100593
vt 14.26064968 3.80579305
vt 14.25516987 2.64798307
vt 14.25516987 2.64798307
vt 14.26064968 3.80579305
vt 13.75345039 2.56675386
vt 14.25516987 2.64798307
vt 13.75345039 2.56675386
vt 13.61861992 1.36479998
vt 13.61861992 1.36479998
vt 13.75345039 2.56675386
vt 13.12777996 1.35810101
vt 13.61861992 1.36479998
vt 13.12777996 1.35810101
vt 12.85618973 0.12989670
vt 12.85618973 0.12989670
vt 13.12777996 1.35810101
vt 12.38630962 0.19646990
vt 12.85618973 0.12989670
vt 12.38630962 0.19646990
vt 11.53479004 -0.90185791
vt 12.85618973 0.12989670
vt 11.53479004 -0.90185791
vt 11.97387028 -1.03859401
vt 11.97387028 -1.03859401
vt 11.53479004 -0.90185791
vt 10.58199024 -1.92165899
vt 11.97387028 -1.03859401
vt 10.58199024 -1.92165899
vt 10.98108959 -2.12367105
vt 10.98108959 -2.12367105
vt 10.58199024 -1.92165899
vt 9.53938580 -2.84945202
vt 10.98108959 -2.12367105
vt 9.53938580 -2.84945202
vt 9.89037895 -3.11026096
vt 9.89037895 -3.11026096
vt 9.53938580 -2.84945202
vt 8.42073631 -3.67408395
vt 9.89037895 -3.11026096
vt 8.42073631 -3.67408395
vt 8.71688461 -3.98590994
vt 8.71688461 -3.98590994
vt 8.42073631 -3.67408395
vt 7.24146509 -4.38716888
vt 8.71688461 -3.98590994
vt 7.24146509 -4.38716888
vt 7.47766113 -4.74129581
vt 7.47766113 -4.74129581
vt 7.24146509 -4.38716888
vt 6.01799679 -4.98334980
vt 7.47766113 -4.74129581
vt 6.01799679 -4.98334980
vt 6.19087601 -5.37053299
vt 6.19087601 -5.37053299
vt 6.01799679 -4.98334980
vt 4.76702404 -5.46036196
vt 6.19087601 -5.37053299
vt 4.76702404 -5.46036196
vt 4.87498093 -5.87123919
vt 4.87498093 -5.87123919
vt 4.76702404 -5.46036196
vt 3.50483513 -5.81890678
vt 4.87498093 -5.87123919
vt 3.50483513 -5.81890678
vt 3.54793000 -6.24437618
vt 3.54793000 -6.24437618
vt 3.50483513 -5.81890678
vt 2.24672699 -6.06236982
vt 3.54793000 -6.24437618
vt 2.24672699 -6.06236982
vt 2.22650099 -6.49391413
vt 2.22650099 -6.49391413
vt 2.24672699 -6.06236982
vt 1.00652802 -6.19641685
vt -2.22650099 -6.49391413
vt -2.24672699 -6.06236982
vt -3.54793000 -6.24437618
vt -3.54793000 -6.24437618
vt -2.24672699 -6.06236982
vt -3.50483513 -5.81890678
vt -3.54793000 -6.24437618
vt -3.50483513 -5.81890678
vt -4.87498093 -5.87123919
vt -4.87498093 -5.87123919
vt -3.50483513 -5.81890678
vt -4.76702404 -5.46036196
vt -4.87498093 -5.87123919
vt -4.76702404 -5.46036196
vt -6.19087601 -5.37053299
vt -6.19087601 -5.37053299
vt -4.76702404 -5.46036196
vt -6.01799679 -4.98334980
vt -6.19087601 -5.37053299
vt -6.01799679 -4.98334980
vt -7.47766113 -4.74129581
vt -7.47766113 -4.74129581
vt -6.01799679 -4.98334980
vt -7.24146509 -4.38716888
vt -7.47766113 -4.74129581
vt -7.24146509 -4.38716888
vt -8.71688461 -3.98590994
vt -8.71688461 -3.98590994
vt -7.24146509 -4.38716888
vt -8.42073631 -3.67408395
vt -8.71688461 -3.98590994
vt -8.42073631 -3.67408395
vt -9.89037895 -3.11026096
vt -9.89037895 -3.11026096
vt -8.42073631 -3.67408395
vt -9.53938580 -2.84945202
vt -9.89037895 -3.11026096
vt -9.53938580 -2.84945202
vt -10.98108959 -2.12367105
vt -10.98108959 -2.12367105
vt -9.53938580 -2.84945202
vt -10.58199024 -1.92165899
vt -10.98108959 -2.12367105
vt -10.58199024 -1.92165899
vt -11.97387028 -1.03859401
vt -11.97387028 -1.03859401
vt -10.58199024 -1.92165899
vt -11.53479004 -0.90185791
vt -11.97387028 -1.03859401
vt -11.53479004 -0.90185791
vt -12.85618973 0.12989670
vt -12.85618973 0.12989670
vt -11.53479004 -0.90185791
vt -12.38630962 0.19646990
vt -12.85618973 0.12989670
vt -12.38630962 0.19646990
vt -13.12777996 1.35810101
vt -12.85618973 0.12989670
vt -13.12777996 1.35810101
vt -13.61861992 1.36479998
vt -13.61861992 1.36479998
vt -13.12777996 1.35810101
vt -13.75345039 2.56675386
vt -13.61861992 1.36479998
vt -13.75345039 2.56675386
vt -14.25516987 2.64798307
vt -14.25516987 2.64798307
vt -13.75345039 2.56675386
vt -14.26064968 3.80579305
vt -14.25516987 2.64798307
vt -14.26064968 3.80579305
vt -14.76336002 3.96100593
vt -14.76336002 3.96100593
vt -14.26064968 3.80579305
vt -14.64970016 5.05891609
vt -14.76336002 3.96100593
vt -14.64970016 5.05891609
vt -15.14404011 5.28591108
vt -15.14404011 5.28591108
vt -14.64970016 5.05891609
vt -14.92360020 6.31075001
vt -15.14404011 5.28591108
vt -14.92360020 6.31075001
vt -15.40110016 6.60589790
vt -15.40110016 6.60589790
vt -14.92360020 6.31075001
vt -15.08767986 7.54733515
vt -15.40110016 6.60589790
vt -15.08767986 7.54733515
vt -15.54094028 7.90585995
vt -0.07071065 0.40389651
vt 0.07071065 0.52390617
vt -0.07071065 0.54940730
vt -0.07071065 0.54940730
vt 0.07071065 0.52390617
vt 0.00000000 0.65334350
vt -0.07071065 0.54940730
vt 0.00000000 0.65334350
vt -0.07071065 0.69491798
vt -0.07071065 0.69491798
vt 0.00000000 0.65334350
vt -0.07071065 0.84042883
vt -0.07071065 0.84042883
vt 0.00000000 0.65334350
vt 0.00000000 0.90279049
vt -0.07071065 0.84042883
vt 0.00000000 0.90279049
vt -0.07071065 0.98593950
vt -0.07071065 0.98593950
vt 0.00000000 0.90279049
vt 0.00000000 1.15223801
vt -0.07071065 0.98593950
vt 0.00000000 1.15223801
vt -0.07071065 1.13144994
vt -0.07071065 1.13144994
vt 0.00000000 1.15223801
vt -0.07071065 1.27696097
vt -0.07071065 1.27696097
vt 0.00000000 1.15223801
vt 0.00000000 1.40168405
vt -0.07071065 1.27696097
vt 0.00000000 1.40168405
vt -0.07071065 1.42247200
vt -0.07071065 1.42247200
vt 0.00000000 1.40168405
vt -0.07071065 1.56798291
vt -0.07071065 1.56798291
vt 0.00000000 1.40168405
vt 0.00000000 1.73428106
vt -0.07071065 1.56798291
vt 0.00000000 1.73428106
vt -0.07071065 1.71349299
vt -0.07071065 1.71349299
vt 0.00000000 1.73428106
vt -0.07071065 1.85900402
vt -0.07071065 1.85900402
vt 0.00000000 1.73428106
vt 0.00000000 2.06687689
vt -0.07071065 1.85900402
vt 0.00000000 2.06687689
vt -0.07071065 2.00451493
vt -0.07071065 2.00451493
vt 0.00000000 2.06687689
vt -0.07071065 2.15002608
vt -0.07071065 2.15002608
vt 0.00000000 2.06687689
vt -0.07071065 2.29553604
vt -0.07071065 2.29553604
vt 0.00000000 2.06687689
vt 0.00000000 2.39947295
vt -0.07071065 2.29553604
vt 0.00000000 2.39947295
vt -0.07071065 2.44104695
vt -0.07071065 2.44104695
vt 0.00000000 2.39947295
vt -0.07071065 2.58655787
vt -0.07071065 2.58655787
vt 0.00000000 2.39947295
vt -0.07071065 2.73206902
vt -0.07071065 2.73206902
vt 0.00000000 2.39947295
vt 0.07071065 2.61205912
vt 0.07071065 2.61205912
vt 0.00000000 2.39947295
vt 0.07071065 2.35406590
vt 0.07071065 2.35406590
vt 0.00000000 2.39947295
vt 0.07071065 2.22431993
vt 0.07071065 2.22431993
vt 0.00000000 2.39947295
vt 0.00000000 2.06687689
vt 0.07071065 2.22431993
vt 0.00000000 2.06687689
vt 0.07071065 2.09407091
vt 0.07071065 2.09407091
vt 0.00000000 2.06687689
vt 0.07071065 1.96331501
vt 0.07071065 1.96331501
vt 0.00000000 2.06687689
vt 0.00000000 1.73428106
vt 0.07071065 1.96331501
vt 0.00000000 1.73428106
vt 0.07071065 1.83205104
vt 0.07071065 1.83205104
vt 0.00000000 1.73428106
vt 0.07071065 1.56798291
vt 0.07071065 1.56798291
vt 0.00000000 1.73428106
vt 0.00000000 1.40168405
vt 0.07071065 1.56798291
vt 0.00000000 1.40168405
vt 0.07071065 1.30391407
vt 0.07071065 1.30391407
vt 0.00000000 1.40168405
vt 0.00000000 1.15223801
vt 0.07071065 1.30391407
vt 0.00000000 1.15223801
vt 0.07071065 1.17264998
vt 0.07071065 1.17264998
vt 0.00000000 1.15223801
vt 0.07071065 1.04189396
vt 0.07071065 1.04189396
vt 0.00000000 1.15223801
vt 0.00000000 0.90279049
vt 0.07071065 1.04189396
vt 0.00000000 0.90279049
vt 0.07071065 0.91164517
vt 0.07071065 0.91164517
vt 0.00000000 0.90279049
vt 0.07071065 0.78189951
vt 0.07071065 0.78189951
vt 0.00000000 0.90279049
vt 0.00000000 0.65334350
vt 0.07071065 0.78189951
vt 0.00000000 0.65334350
vt 0.07071065 0.52390617
vt -0.10000000 -2.77067304
vt -0.10000000 -2.49303293
vt -0.22537890 -2.52384090
vt -0.22537890 -2.52384090
vt -0.10000000 -2.49303293
vt -0.10000000 -2.35421300
vt -0.22537890 -2.52384090
vt -0.10000000 -2.35421300
vt -0.26971701 -2.29471898
vt -0.26971701 -2.29471898
vt -0.10000000 -2.35421300
vt -0.10000000 -2.21539307
vt -0.26971701 -2.29471898
vt -0.10000000 -2.21539307
vt -0.26971701 -2.05674195
vt -0.26971701 -2.05674195
vt -0.10000000 -2.21539307
vt -0.10000000 -2.07657290
vt -0.26971701 -2.05674195
vt -0.10000000 -2.07657290
vt -0.10000000 -1.93775392
vt -0.26971701 -2.05674195
vt -0.10000000 -1.93775392
vt -0.26971701 -1.81876493
vt -0.26971701 -1.81876493
vt -0.10000000 -1.93775392
vt -0.10000000 -1.66011405
vt -0.26971701 -1.81876493
vt -0.10000000 -1.66011405
vt -0.26971701 -1.66011405
vt -0.26971701 -1.66011405
vt -0.10000000 -1.66011405
vt -0.26971701 -1.50146294
vt -0.26971701 -1.66011405
vt -0.26971701 -1.50146294
vt -0.43943411 -1.66011405
vt -0.43943411 -1.66011405
vt -0.26971701 -1.50146294
vt -0.42498490 -1.43428206
vt -0.42498490 -1.43428206
vt -0.26971701 -1.50146294
vt -0.26971701 -1.34281099
vt -0.42498490 -1.43428206
vt -0.26971701 -1.34281099
vt -0.38162941 -1.21390200
vt -0.38162941 -1.21390200
vt -0.26971701 -1.34281099
vt -0.26971701 -1.18415999
vt -0.38162941 -1.21390200
vt -0.26971701 -1.18415999
vt -0.31252399 -1.00057495
vt -0.31252399 -1.00057495
vt -0.26971701 -1.18415999
vt -0.26971701 -1.02550900
vt -0.31252399 -1.00057495
vt -0.26971701 -1.02550900
vt -0.10000000 -0.96601468
vt -0.10000000 -0.96601468
vt -0.26971701 -1.02550900
vt -0.10000000 -1.10483503
vt -0.10000000 -1.10483503
vt -0.26971701 -1.02550900
vt -0.26971701 -1.18415999
vt -0.10000000 -1.10483503
vt -0.26971701 -1.18415999
vt -0.10000000 -1.24365401
vt -0.10000000 -1.24365401
vt -0.26971701 -1.18415999
vt -0.26971701 -1.34281099
vt -0.10000000 -1.24365401
vt -0.26971701 -1.34281099
vt -0.10000000 -1.38247395
vt -0.10000000 -1.38247395
vt -0.26971701 -1.34281099
vt -0.26971701 -1.50146294
vt -0.10000000 -1.38247395
vt -0.26971701 -1.50146294
vt -0.10000000 -1.66011405
vt -0.31252399 -1.00057495
vt -0.10000000 -0.96601468
vt -0.22537890 -0.79638702
vt -0.22537890 -0.79638702
vt -0.10000000 -0.96601468
vt -0.10000000 -0.82719481
vt -0.22537890 -0.79638702
vt -0.10000000 -0.82719481
vt -0.10000000 -0.54955512
vt -0.26971701 -1.66011405
vt -0.43943411 -1.66011405
vt -0.26971701 -1.81876493
vt -0.26971701 -1.81876493
vt -0.43943411 -1.66011405
vt -0.42498490 -1.88594508
vt -0.26971701 -1.81876493
vt -0.42498490 -1.88594508
vt -0.26971701 -2.05674195
vt -0.26971701 -2.05674195
vt -0.42498490 -1.88594508
vt -0.38162941 -2.10632491
vt -0.26971701 -2.05674195
vt -0.38162941 -2.10632491
vt -0.26971701 -2.29471898
vt -0.26971701 -2.29471898
vt -0.38162941 -2.10632491
vt -0.31252399 -2.31965303
vt -0.26971701 -2.29471898
vt -0.31252399 -2.31965303
vt -0.22537890 -2.52384090
vt 0.18899509 4.63808680
vt -0.00004573 -1.60150898
vt 1.30574596 1.51828909
vt 1.30574596 1.51828909
vt -0.00004573 -1.60150898
vt 2.61153793 -1.60150898
vt 1.30574596 1.51828909
vt 2.61153793 -1.60150898
vt 2.53186393 4.26833105
vt 2.53186393 4.26833105
vt 1.34463799 4.48163080
vt 1.30574596 1.51828909
vt 1.30574596 1.51828909
vt 1.34463799 4.48163080
vt 0.18899509 4.63808680
vt -0.69090778 20.73160934
vt 0.00000000 21.54496956
vt -0.92265081 20.89587975
vt -0.92265081 20.89587975
vt 0.00000000 21.54496956
vt -1.10748506 22.20368958
vt -0.92265081 20.89587975
vt -1.10748506 22.20368958
vt -1.10748506 20.86943054
vt -0.69090778 20.73160934
vt -0.52984327 20.56072998
vt 0.00000000 21.54496956
vt 0.00000000 21.54496956
vt -0.52984327 20.56072998
vt 0.00000000 19.89916039
vt 0.00000000 21.54496956
vt 0.00000000 19.89916039
vt 1.10748506 21.06394005
vt 1.10748506 21.06394005
vt 0.00000000 19.89916039
vt 1.10748506 19.89916039
vt 1.10748506 19.89916039
vt 0.00000000 19.89916039
vt 1.10748506 18.73438072
vt 1.10748506 18.73438072
vt 0.00000000 19.89916039
vt 0.00000000 18.25334930
vt 1.10748506 18.73438072
vt 0.00000000 18.25334930
vt 1.10748506 17.57748032
vt 1.10748506 17.57748032
vt 0.00000000 18.25334930
vt 0.00000000 16.60754013
vt 1.10748506 17.57748032
vt 0.00000000 16.60754013
vt 1.10748506 16.42839050
vt 1.10748506 16.42839050
vt 0.00000000 16.60754013
vt 0.00000000 15.37318039
vt 1.10748506 16.42839050
vt 0.00000000 15.37318039
vt 1.10748506 15.28701019
vt 1.10748506 15.28701019
vt 0.00000000 15.37318039
vt 0.00000000 14.13881969
vt 1.10748506 15.28701019
vt 0.00000000 14.13881969
vt 1.10748506 14.15326977
vt 1.10748506 14.15326977
vt 0.00000000 14.13881969
vt 1.10748506 13.02709961
vt 1.10748506 13.02709961
vt 0.00000000 14.13881969
vt 0.00000000 12.90445995
vt 1.10748506 13.02709961
vt 0.00000000 12.90445995
vt 1.10748506 11.90841961
vt 1.10748506 11.90841961
vt 0.00000000 12.90445995
vt 0.00000000 11.67010021
vt 1.10748506 11.90841961
vt 0.00000000 11.67010021
vt 1.10748506 10.79714966
vt 1.10748506 10.79714966
vt 0.00000000 11.67010021
vt 0.00000000 10.43573952
vt 1.10748506 10.79714966
vt 0.00000000 10.43573952
vt 1.10748506 9.69323349
vt 1.10748506 9.69323349
vt 0.00000000 10.43573952
vt 0.00000000 9.20138359
vt 1.10748506 9.69323349
vt 0.00000000 9.20138359
vt 1.10748506 8.59658337
vt 1.10748506 8.59658337
vt 0.00000000 9.20138359
vt 0.00000000 7.96702480
vt 1.10748506 8.59658337
vt 0.00000000 7.96702480
vt 1.10748506 7.50712776
vt 1.10748506 7.50712776
vt 0.00000000 7.96702480
vt 0.00000000 6.73266697
vt 1.10748506 7.50712776
vt 0.00000000 6.73266697
vt 1.10748506 6.42480278
vt 1.10748506 6.42480278
vt 0.00000000 6.73266697
vt 0.00000000 5.49830818
vt 1.10748506 6.42480278
vt 0.00000000 5.49830818
vt 1.10748506 5.34953594
vt 1.10748506 5.34953594
vt 0.00000000 5.49830818
vt 0.00000000 4.26394987
vt 1.10748506 5.34953594
vt 0.00000000 4.26394987
vt 1.10748506 4.28125906
vt 1.10748506 4.28125906
vt 0.00000000 4.26394987
vt 1.10748506 3.21990204
vt 1.10748506 3.21990204
vt 0.00000000 4.26394987
vt 0.00000000 3.02959108
vt 1.10748506 3.21990204
vt 0.00000000 3.02959108
vt 1.10748506 2.16540003
vt 1.10748506 2.16540003
vt 0.00000000 3.02959108
vt 0.00000000 1.79523301
vt 1.10748506 2.16540003
vt 0.00000000 1.79523301
vt 1.07656395 1.51027703
vt 1.07656395 1.51027703
vt 0.00000000 1.79523301
vt 0.98409808 0.85104263
vt 0.98409808 0.85104263
vt 0.00000000 1.79523301
vt 0.00000000 0.56087440
vt 0.98409808 0.85104263
vt 0.00000000 0.56087440
vt 0.93956321 0.62977952
vt 0.93956321 0.62977952
vt 0.00000000 0.56087440
vt 0.72911900 -0.15348370
vt 0.72911900 -0.15348370
vt 0.00000000 0.56087440
vt 0.00000000 -0.67348421
vt 0.72911900 -0.15348370
vt 0.00000000 -0.67348421
vt 0.43840799 -0.93768752
vt 0.43840799 -0.93768752
vt 0.00000000 -0.67348421
vt 0.00000000 -1.90784299
vt 0.43840799 -0.93768752
vt 0.00000000 -1.90784299
vt 0.04469686 -2.02153492
vt 0.04469686 -2.02153492
vt 0.00000000 -1.90784299
vt -1.10748506 -2.49493408
vt 0.04469686 -2.02153492
vt -1.10748506 -2.49493408
vt -0.24409160 -3.14220095
vt -0.52984327 20.56072998
vt -0.40210360 20.35737991
vt 0.00000000 19.89916039
vt 0.00000000 19.89916039
vt -0.40210360 20.35737991
vt -0.32196769 20.13200951
vt 0.00000000 19.89916039
vt -0.32196769 20.13200951
vt -0.29526079 19.89916039
vt -0.29526079 19.89916039
vt -0.32196769 19.66630936
vt 0.00000000 19.89916039
vt 0.00000000 19.89916039
vt -0.32196769 19.66630936
vt -0.40210360 19.44094086
vt 0.00000000 19.89916039
vt -0.40210360 19.44094086
vt 0.00000000 18.25334930
vt 0.00000000 18.25334930
vt -0.40210360 19.44094086
vt -0.52984327 19.23759079
vt 0.00000000 18.25334930
vt -0.52984327 19.23759079
vt -0.69090778 19.06670952
vt -0.69090778 19.06670952
vt -0.92265081 18.90243912
vt 0.00000000 18.25334930
vt 0.00000000 18.25334930
vt -0.92265081 18.90243912
vt -1.10748506 17.59461975
vt 0.00000000 18.25334930
vt -1.10748506 17.59461975
vt 0.00000000 16.60754013
vt 0.00000000 16.60754013
vt -1.10748506 17.59461975
vt -1.10748506 16.25972939
vt 0.00000000 16.60754013
vt -1.10748506 16.25972939
vt 0.00000000 15.37318039
vt 0.00000000 15.37318039
vt -1.10748506 16.25972939
vt -1.10748506 14.92422009
vt 0.00000000 15.37318039
vt -1.10748506 14.92422009
vt 0.00000000 14.13881969
vt 0.00000000 14.13881969
vt -1.10748506 14.92422009
vt -1.10748506 13.58806992
vt 0.00000000 14.13881969
vt -1.10748506 13.58806992
vt 0.00000000 12.90445995
vt 0.00000000 12.90445995
vt -1.10748506 13.58806992
vt -1.10748506 12.25129032
vt 0.00000000 12.90445995
vt -1.10748506 12.25129032
vt 0.00000000 11.67010021
vt 0.00000000 11.67010021
vt -1.10748506 12.25129032
vt -1.10748506 10.91388035
vt 0.00000000 11.67010021
vt -1.10748506 10.91388035
vt 0.00000000 10.43573952
vt 0.00000000 10.43573952
vt -1.10748506 10.91388035
vt -1.10748506 9.57584858
vt 0.00000000 10.43573952
vt -1.10748506 9.57584858
vt 0.00000000 9.20138359
vt 0.00000000 9.20138359
vt -1.10748506 9.57584858
vt -1.10748506 8.23718071
vt 0.00000000 9.20138359
vt -1.10748506 8.23718071
vt 0.00000000 7.96702480
vt 0.00000000 7.96702480
vt -1.10748506 8.23718071
vt -1.10748506 6.89788103
vt 0.00000000 7.96702480
vt -1.10748506 6.89788103
vt 0.00000000 6.73266697
vt 0.00000000 6.73266697
vt -1.10748506 6.89788103
vt -1.10748506 5.55795002
vt 0.00000000 6.73266697
vt -1.10748506 5.55795002
vt 0.00000000 5.49830818
vt 0.00000000 5.49830818
vt -1.10748506 5.55795002
vt -1.10748506 4.21738625
vt 0.00000000 5.49830818
vt -1.10748506 4.21738625
vt 0.00000000 4.26394987
vt 0.00000000 4.26394987
vt -1.10748506 4.21738625
vt 0.00000000 3.02959108
vt -0.92265081 18.90243912
vt -1.10748506 18.92888069
vt -1.10748506 17.59461975
vt -1.10748506 4.21738625
vt -1.10748506 2.87618899
vt 0.00000000 3.02959108
vt 0.00000000 3.02959108
vt -1.10748506 2.87618899
vt 0.00000000 1.79523301
vt -1.10748506 2.87618899
vt -1.10748506 1.53435898
vt 0.00000000 1.79523301
vt 0.00000000 1.79523301
vt -1.10748506 1.53435898
vt 0.00000000 0.56087440
vt -1.10748506 1.53435898
vt -1.10748506 0.19189560
vt 0.00000000 0.56087440
vt 0.00000000 0.56087440
vt -1.10748506 0.19189560
vt 0.00000000 -0.67348421
vt -1.10748506 0.19189560
vt -1.10748506 -1.15120196
vt 0.00000000 -0.67348421
vt 0.00000000 -0.67348421
vt -1.10748506 -1.15120196
vt 0.00000000 -1.90784299
vt -1.10748506 -1.15120196
vt -1.10748506 -2.49493408
vt 0.00000000 -1.90784299
vt 1.10748506 21.06394005
vt 1.10748506 22.22083092
vt 0.00000000 21.54496956
vt 0.00000000 21.54496956
vt 1.10748506 22.22083092
vt 0.00000000 23.19078064
vt 0.00000000 21.54496956
vt 0.00000000 23.19078064
vt -1.10748506 22.20368958
vt -1.10748506 22.20368958
vt 0.00000000 23.19078064
vt -1.10748506 23.53857994
vt -1.10748506 23.53857994
vt 0.00000000 23.19078064
vt 0.00000000 24.83658981
vt -1.10748506 23.53857994
vt 0.00000000 24.83658981
vt -1.10748506 24.87409973
vt -1.10748506 24.87409973
vt 0.00000000 24.83658981
vt -1.10748506 26.21025085
vt -1.10748506 26.21025085
vt 0.00000000 24.83658981
vt 0.00000000 26.48240089
vt -1.10748506 26.21025085
vt 0.00000000 26.48240089
vt -1.10748506 27.54701996
vt -1.10748506 27.54701996
vt 0.00000000 26.48240089
vt 0.00000000 28.12821007
vt -1.10748506 27.54701996
vt 0.00000000 28.12821007
vt -1.10748506 28.88442993
vt -1.10748506 28.88442993
vt 0.00000000 28.12821007
vt 0.00000000 29.77403069
vt -1.10748506 28.88442993
vt 0.00000000 29.77403069
vt -1.10748506 30.22246933
vt -1.10748506 30.22246933
vt 0.00000000 29.77403069
vt 0.00000000 31.41983986
vt -1.10748506 30.22246933
vt 0.00000000 31.41983986
vt -1.10748506 31.56114006
vt -1.10748506 31.56114006
vt 0.00000000 31.41983986
vt -1.10748506 32.90042877
vt -1.10748506 32.90042877
vt 0.00000000 31.41983986
vt 0.00000000 33.06565094
vt -1.10748506 32.90042877
vt 0.00000000 33.06565094
vt -1.10748506 34.24036026
vt -1.10748506 34.24036026
vt 0.00000000 33.06565094
vt 0.00000000 34.71146011
vt -1.10748506 34.24036026
vt 0.00000000 34.71146011
vt -1.10748506 35.58092880
vt -1.10748506 35.58092880
vt 0.00000000 34.71146011
vt 0.00000000 36.35726929
vt -1.10748506 35.58092880
vt 0.00000000 36.35726929
vt -1.10748506 36.92213058
vt -1.10748506 36.92213058
vt 0.00000000 36.35726929
vt 0.00000000 38.00307846
vt -1.10748506 36.92213058
vt 0.00000000 38.00307846
vt -1.10748506 38.26395035
vt -1.10748506 38.26395035
vt 0.00000000 38.00307846
vt 0.00000000 39.64889145
vt -1.10748506 38.26395035
vt 0.00000000 39.64889145
vt -1.10748506 39.60641861
vt -1.10748506 39.60641861
vt 0.00000000 39.64889145
vt -1.10748506 40.94952011
vt -1.10748506 40.94952011
vt 0.00000000 39.64889145
vt 0.00000000 41.29470062
vt -1.10748506 40.94952011
vt 0.00000000 41.29470062
vt -1.10748506 42.29325104
vt -1.10748506 42.29325104
vt 0.00000000 41.29470062
vt 0.04469686 41.81985092
vt -1.10748506 42.29325104
vt 0.04469686 41.81985092
vt -0.24409160 42.94052124
vt 1.10748506 22.22083092
vt 1.10748506 23.36993027
vt 0.00000000 23.19078064
vt 0.00000000 23.19078064
vt 1.10748506 23.36993027
vt 1.10748506 24.51131058
vt 0.00000000 23.19078064
vt 1.10748506 24.51131058
vt 0.00000000 24.83658981
vt 0.00000000 24.83658981
vt 1.10748506 24.51131058
vt 1.10748506 25.64505005
vt 0.00000000 24.83658981
vt 1.10748506 25.64505005
vt 0.00000000 26.48240089
vt 0.00000000 26.48240089
vt 1.10748506 25.64505005
vt 1.10748506 26.77121925
vt 0.00000000 26.48240089
vt 1.10748506 26.77121925
vt 0.00000000 28.12821007
vt 0.00000000 28.12821007
vt 1.10748506 26.77121925
vt 1.10748506 27.88990021
vt 0.00000000 28.12821007
vt 1.10748506 27.88990021
vt 1.10748506 29.00115967
vt 0.00000000 28.12821007
vt 1.10748506 29.00115967
vt 0.00000000 29.77403069
vt 0.00000000 29.77403069
vt 1.10748506 29.00115967
vt 1.10748506 30.10507965
vt 0.00000000 29.77403069
vt 1.10748506 30.10507965
vt 0.00000000 31.41983986
vt 0.00000000 31.41983986
vt 1.10748506 30.10507965
vt 1.10748506 31.20173073
vt 0.00000000 31.41983986
vt 1.10748506 31.20173073
vt 1.10748506 32.29119110
vt 0.00000000 31.41983986
vt 1.10748506 32.29119110
vt 0.00000000 33.06565094
vt 0.00000000 33.06565094
vt 1.10748506 32.29119110
vt 1.10748506 33.37350845
vt 0.00000000 33.06565094
vt 1.10748506 33.37350845
vt 0.00000000 34.71146011
vt 0.00000000 34.71146011
vt 1.10748506 33.37350845
vt 1.10748506 34.44878006
vt 0.00000000 34.71146011
vt 1.10748506 34.44878006
vt 1.10748506 35.51705170
vt 0.00000000 34.71146011
vt 1.10748506 35.51705170
vt 0.00000000 36.35726929
vt 0.00000000 36.35726929
vt 1.10748506 35.51705170
vt 1.10748506 36.57841110
vt 0.00000000 36.35726929
vt 1.10748506 36.57841110
vt 1.10748506 37.63291168
vt 0.00000000 36.35726929
vt 1.10748506 37.63291168
vt 0.00000000 38.00307846
vt 0.00000000 38.00307846
vt 1.10748506 37.63291168
vt 1.07656395 38.28804016
vt 0.00000000 38.00307846
vt 1.07656395 38.28804016
vt 0.98409808 38.94726944
vt 0.98409808 38.94726944
vt 0.93944770 39.16907120
vt 0.00000000 38.00307846
vt 0.00000000 38.00307846
vt 0.93944770 39.16907120
vt 0.00000000 39.64889145
vt 0.93944770 39.16907120
vt 0.72903317 39.95206070
vt 0.00000000 39.64889145
vt 0.00000000 39.64889145
vt 0.72903317 39.95206070
vt 0.43840799 40.73600006
vt 0.00000000 39.64889145
vt 0.43840799 40.73600006
vt 0.00000000 41.29470062
vt 0.00000000 41.29470062
vt 0.43840799 40.73600006
vt 0.04469686 41.81985092
vt 0.00000000 7.11090517
vt 0.00000000 12.98171043
vt -0.56734550 10.09759998
vt -0.56734550 10.09759998
vt 0.00000000 12.98171043
vt -0.88250011 12.81503010
vt -0.56734550 10.09759998
vt -0.88250011 12.81503010
vt -1.85816193 10.09759998
vt -1.85816193 10.09759998
vt -0.88250011 12.81503010
vt -1.77310801 12.69793034
vt -1.85816193 10.09759998
vt -1.77310801 12.69793034
vt -2.02708602 12.67401028
vt -1.85816193 10.09759998
vt -2.02708602 12.67401028
vt -2.37393093 10.09759998
vt -2.37393093 10.09759998
vt -2.02708602 12.67401028
vt -2.78634787 12.62765980
vt -2.37393093 10.09759998
vt -2.78634787 12.62765980
vt -3.54740000 7.11090517
vt -3.54740000 7.11090517
vt -2.78634787 12.62765980
vt -3.54740000 12.61917019
vt -3.54740000 7.11090517
vt -2.78710103 7.10289001
vt -2.37393093 10.09759998
vt -2.37393093 10.09759998
vt -2.78710103 7.10289001
vt -2.02708602 7.09922886
vt -2.37393093 10.09759998
vt -2.02708602 7.09922886
vt -1.85816193 10.09759998
vt -1.85816193 10.09759998
vt -2.02708602 7.09922886
vt -1.77369797 7.09898376
vt -1.85816193 10.09759998
vt -1.77369797 7.09898376
vt -0.88682288 7.10197592
vt -1.85816193 10.09759998
vt -0.88682288 7.10197592
vt -0.56734550 10.09759998
vt -0.56734550 10.09759998
vt -0.88682288 7.10197592
vt 0.00000000 7.11090517
vt -0.59407341 42.07271957
vt -6.10142899 41.94881058
vt -0.59407341 40.82144928
vt -0.59407341 40.82144928
vt -6.10142899 41.94881058
vt -3.34775090 40.64270020
vt -0.59407341 40.82144928
vt -3.34775090 40.64270020
vt -0.59407341 39.57017136
vt -0.59407341 39.57017136
vt -3.34775090 40.64270020
vt -3.34775090 39.21266174
vt -0.59407341 39.57017136
vt -3.34775090 39.21266174
vt -0.59407341 38.31890106
vt -0.59407341 38.31890106
vt -3.34775090 39.21266174
vt -3.34775090 37.78263092
vt -0.59407341 38.31890106
vt -3.34775090 37.78263092
vt -0.59407341 37.06761932
vt -0.59407341 37.06761932
vt -3.34775090 37.78263092
vt -3.34775090 36.35260010
vt -0.59407341 37.06761932
vt -3.34775090 36.35260010
vt -0.59407341 35.81634140
vt -0.59407341 35.81634140
vt -3.34775090 36.35260010
vt -3.34775090 34.92258072
vt -0.59407341 35.81634140
vt -3.34775090 34.92258072
vt -0.59407341 34.56507111
vt -0.59407341 34.56507111
vt -3.34775090 34.92258072
vt -3.34775090 33.49253845
vt -0.59407341 34.56507111
vt -3.34775090 33.49253845
vt -0.59407341 33.31378937
vt -0.59407341 33.31378937
vt -3.34775090 33.49253845
vt -3.34775090 32.06251144
vt -0.59407341 33.31378937
vt -3.34775090 32.06251144
vt -0.59407341 32.06251144
vt -0.59407341 32.06251144
vt -3.34775090 32.06251144
vt -0.59407341 30.81123924
vt -0.59407341 30.81123924
vt -3.34775090 32.06251144
vt -3.34775090 30.63249016
vt -0.59407341 30.81123924
vt -3.34775090 30.63249016
vt -0.59407341 29.55997086
vt -0.59407341 29.55997086
vt -3.34775090 30.63249016
vt -3.34775090 29.20245934
vt -0.59407341 29.55997086
vt -3.34775090 29.20245934
vt -0.59407341 28.30868912
vt -0.59407341 28.30868912
vt -3.34775090 29.20245934
vt -3.34775090 27.77243042
vt -0.59407341 28.30868912
vt -3.34775090 27.77243042
vt -0.59407341 27.05740929
vt -0.59407341 27.05740929
vt -3.34775090 27.77243042
vt -3.34775090 26.34239960
vt -0.59407341 27.05740929
vt -3.34775090 26.34239960
vt -0.59407341 25.80614090
vt -0.59407341 25.80614090
vt -3.34775090 26.34239960
vt -3.34775090 24.91237068
vt -0.59407341 25.80614090
vt -3.34775090 24.91237068
vt -0.59407341 24.55485916
vt -0.59407341 24.55485916
vt -3.34775090 24.91237068
vt -3.34775090 23.48233986
vt -0.59407341 24.55485916
vt -3.34775090 23.48233986
vt -0.59407341 23.30359077
vt -0.59407341 23.30359077
vt -3.34775090 23.48233986
vt -3.34775090 22.05231094
vt -0.59407341 23.30359077
vt -3.34775090 22.05231094
vt -0.59407341 22.05231094
vt -0.59407341 22.05231094
vt -3.34775090 22.05231094
vt -0.59407341 20.80102921
vt -0.59407341 20.80102921
vt -3.34775090 22.05231094
vt -3.34775090 20.62228012
vt -0.59407341 20.80102921
vt -3.34775090 20.62228012
vt -0.59407341 19.54976082
vt -0.59407341 19.54976082
vt -3.34775090 20.62228012
vt -3.34775090 19.19224930
vt -0.59407341 19.54976082
vt -3.34775090 19.19224930
vt -0.59407341 18.29847908
vt -0.59407341 18.29847908
vt -3.34775090 19.19224930
vt -3.34775090 17.04719925
vt -0.59407341 18.29847908
vt -3.34775090 17.04719925
vt -0.59407341 17.04719925
vt -0.59407341 17.04719925
vt -3.34775090 17.04719925
vt -0.59407341 15.79592991
vt -0.59407341 15.79592991
vt -3.34775090 17.04719925
vt -3.34775090 14.90215969
vt -0.59407341 15.79592991
vt -3.34775090 14.90215969
vt -0.59407341 14.54465008
vt -0.59407341 14.54465008
vt -3.34775090 14.90215969
vt -0.59407341 13.29337978
vt -0.59407341 13.29337978
vt -3.34775090 14.90215969
vt -3.34775090 12.75710964
vt -0.59407341 13.29337978
vt -3.34775090 12.75710964
vt -0.59407341 12.04209995
vt -0.59407341 12.04209995
vt -3.34775090 12.75710964
vt -3.34775090 11.68459034
vt -0.59407341 12.04209995
vt -3.34775090 11.68459034
vt -0.59407341 10.79082012
vt -0.59407341 10.79082012
vt -3.34775090 11.68459034
vt -3.34775090 10.61207008
vt -0.59407341 10.79082012
vt -3.34775090 10.61207008
vt -0.59407341 9.53954792
vt -0.59407341 9.53954792
vt -3.34775090 10.61207008
vt -3.34775090 8.46702576
vt -0.59407341 9.53954792
vt -3.34775090 8.46702576
vt -0.59407341 8.28827190
vt -0.59407341 8.28827190
vt -3.34775090 8.46702576
vt -0.59407341 7.03699493
vt -0.59407341 7.03699493
vt -3.34775090 8.46702576
vt -3.34775090 6.32198000
vt -0.59407341 7.03699493
vt -3.34775090 6.32198000
vt -0.59407341 5.78571892
vt -0.59407341 5.78571892
vt -3.34775090 6.32198000
vt -3.34775090 4.17693615
vt -0.59407341 5.78571892
vt -3.34775090 4.17693615
vt -0.59407341 4.53444290
vt -0.59407341 4.53444290
vt -3.34775090 4.17693615
vt -0.59407341 3.28316689
vt -0.59407341 3.28316689
vt -3.34775090 4.17693615
vt -0.59407341 2.03189111
vt -0.59407341 2.03189111
vt -3.34775090 4.17693615
vt -6.10142899 3.39806008
vt -0.59407341 2.03189111
vt -6.10142899 3.39806008
vt -6.10142899 2.15580511
vt -6.10142899 41.94881058
vt -6.10142899 40.70655823
vt -3.34775090 40.64270020
vt -3.34775090 40.64270020
vt -6.10142899 40.70655823
vt -6.10142899 39.46413040
vt -3.34775090 40.64270020
vt -6.10142899 39.46413040
vt -3.34775090 39.21266174
vt -3.34775090 39.21266174
vt -6.10142899 39.46413040
vt -6.10142899 38.22153854
vt -3.34775090 39.21266174
vt -6.10142899 38.22153854
vt -3.34775090 37.78263092
vt -3.34775090 37.78263092
vt -6.10142899 38.22153854
vt -6.10142899 36.97877121
vt -3.34775090 37.78263092
vt -6.10142899 36.97877121
vt -3.34775090 36.35260010
vt -3.34775090 36.35260010
vt -6.10142899 36.97877121
vt -6.10142899 35.73582840
vt -3.34775090 36.35260010
vt -6.10142899 35.73582840
vt -3.34775090 34.92258072
vt -3.34775090 34.92258072
vt -6.10142899 35.73582840
vt -6.10142899 34.49272919
vt -3.34775090 34.92258072
vt -6.10142899 34.49272919
vt -3.34775090 33.49253845
vt -3.34775090 33.49253845
vt -6.10142899 34.49272919
vt -6.10142899 33.24945068
vt -3.34775090 33.49253845
vt -6.10142899 33.24945068
vt -3.34775090 32.06251144
vt -3.34775090 32.06251144
vt -6.10142899 33.24945068
vt -6.10142899 32.00600815
vt -3.34775090 32.06251144
vt -6.10142899 32.00600815
vt -6.10142899 30.76239014
vt -3.34775090 32.06251144
vt -6.10142899 30.76239014
vt -3.34775090 30.63249016
vt -3.34775090 30.63249016
vt -6.10142899 30.76239014
vt -6.10142899 29.51861000
vt -3.34775090 30.63249016
vt -6.10142899 29.51861000
vt -3.34775090 29.20245934
vt -3.34775090 29.20245934
vt -6.10142899 29.51861000
vt -6.10142899 28.27465057
vt -3.34775090 29.20245934
vt -6.10142899 28.27465057
vt -3.34775090 27.77243042
vt -3.34775090 27.77243042
vt -6.10142899 28.27465057
vt -6.10142899 27.03051949
vt -3.34775090 27.77243042
vt -6.10142899 27.03051949
vt -3.34775090 26.34239960
vt -3.34775090 26.34239960
vt -6.10142899 27.03051949
vt -6.10142899 25.78623009
vt -3.34775090 26.34239960
vt -6.10142899 25.78623009
vt -3.34775090 24.91237068
vt -3.34775090 24.91237068
vt -6.10142899 25.78623009
vt -6.10142899 24.54175949
vt -3.34775090 24.91237068
vt -6.10142899 24.54175949
vt -3.34775090 23.48233986
vt -3.34775090 23.48233986
vt -6.10142899 24.54175949
vt -6.10142899 23.29711914
vt -3.34775090 23.48233986
vt -6.10142899 23.29711914
vt -3.34775090 22.05231094
vt -3.34775090 22.05231094
vt -6.10142899 23.29711914
vt -6.10142899 22.05231094
vt -3.34775090 22.05231094
vt -6.10142899 22.05231094
vt -6.10142899 20.80750084
vt -3.34775090 22.05231094
vt -6.10142899 20.80750084
vt -3.34775090 20.62228012
vt -3.34775090 20.62228012
vt -6.10142899 20.80750084
vt -6.10142899 19.56286049
vt -3.34775090 20.62228012
vt -6.10142899 19.56286049
vt -3.34775090 19.19224930
vt -3.34775090 19.19224930
vt -6.10142899 19.56286049
vt -6.10142899 18.31838989
vt -3.34775090 19.19224930
vt -6.10142899 18.31838989
vt -3.34775090 17.04719925
vt -3.34775090 17.04719925
vt -6.10142899 18.31838989
vt -6.10142899 17.07410049
vt -3.34775090 17.04719925
vt -6.10142899 17.07410049
vt -6.10142899 15.82997036
vt -3.34775090 17.04719925
vt -6.10142899 15.82997036
vt -3.34775090 14.90215969
vt -3.34775090 14.90215969
vt -6.10142899 15.82997036
vt -6.10142899 14.58600998
vt -3.34775090 14.90215969
vt -6.10142899 14.58600998
vt -6.10142899 13.34222031
vt -3.34775090 14.90215969
vt -6.10142899 13.34222031
vt -3.34775090 12.75710964
vt -3.34775090 12.75710964
vt -6.10142899 13.34222031
vt -6.10142899 12.09860992
vt -3.34775090 12.75710964
vt -6.10142899 12.09860992
vt -3.34775090 11.68459034
vt -3.34775090 11.68459034
vt -6.10142899 12.09860992
vt -6.10142899 10.85515976
vt -3.34775090 11.68459034
vt -6.10142899 10.85515976
vt -3.34775090 10.61207008
vt -3.34775090 10.61207008
vt -6.10142899 10.85515976
vt -6.10142899 9.61188602
vt -3.34775090 10.61207008
vt -6.10142899 9.61188602
vt -3.34775090 8.46702576
vt -3.34775090 8.46702576
vt -6.10142899 9.61188602
vt -6.10142899 8.36878204
vt -3.34775090 8.46702576
vt -6.10142899 8.36878204
vt -6.10142899 7.12584400
vt -3.34775090 8.46702576
vt -6.10142899 7.12584400
vt -3.34775090 6.32198000
vt -3.34775090 6.32198000
vt -6.10142899 7.12584400
vt -6.10142899 5.88308001
vt -3.34775090 6.32198000
vt -6.10142899 5.88308001
vt -6.10142899 4.64048386
vt -3.34775090 6.32198000
vt -6.10142899 4.64048386
vt -3.34775090 4.17693615
vt -3.34775090 4.17693615
vt -6.10142899 4.64048386
vt -6.10142899 3.39806008
vt 0.00000000 7.38060522
vt 0.00000000 13.25140953
vt -0.56734550 10.26686954
vt -0.56734550 10.26686954
vt 0.00000000 13.25140953
vt -0.88682473 13.26033974
vt -0.56734550 10.26686954
vt -0.88682473 13.26033974
vt -1.85816193 10.26686954
vt -1.85816193 10.26686954
vt -0.88682473 13.26033974
vt -1.77370203 13.26333046
vt -1.85816193 10.26686954
vt -1.77370203 13.26333046
vt -2.02708602 13.26309013
vt -1.85816193 10.26686954
vt -2.02708602 13.26309013
vt -2.37393093 10.26686954
vt -2.37393093 10.26686954
vt -2.02708602 13.26309013
vt -2.78710103 13.25942993
vt -2.37393093 10.26686954
vt -2.78710103 13.25942993
vt -3.54740000 13.25140953
vt -3.54740000 7.74314976
vt -2.78634906 7.73465490
vt -3.54740000 13.25140953
vt -3.54740000 13.25140953
vt -2.78634906 7.73465490
vt -2.37393093 10.26686954
vt -2.78634906 7.73465490
vt -2.02708602 7.68831301
vt -2.37393093 10.26686954
vt -2.37393093 10.26686954
vt -2.02708602 7.68831301
vt -1.85816193 10.26686954
vt -2.02708602 7.68831301
vt -1.77371800 7.66445017
vt -1.85816193 10.26686954
vt -1.85816193 10.26686954
vt -1.77371800 7.66445017
vt -0.88280290 7.54734087
vt -1.85816193 10.26686954
vt -0.88280290 7.54734087
vt -0.56734550 10.26686954
vt -0.56734550 10.26686954
vt -0.88280290 7.54734087
vt 0.00000000 7.38060522
vt 5.09665585 45.45803833
vt 5.09665585 46.85517120
vt 4.55832815 45.46080017
vt 4.55832815 45.46080017
vt 5.09665585 46.85517120
vt 4.01999998 46.85517120
vt 4.55832815 45.46080017
vt 4.01999998 46.85517120
vt 4.01999998 45.46355820
vt 4.01999998 45.46355820
vt 4.01999998 44.07215881
vt 4.55832815 45.46080017
vt 4.55832815 45.46080017
vt 4.01999998 44.07215881
vt 4.55832815 44.06653976
vt 4.55832815 45.46080017
vt 4.55832815 44.06653976
vt 5.09665585 45.45803833
vt 5.09665585 45.45803833
vt 4.55832815 44.06653976
vt 5.09665585 44.06092072
vt 5.09665585 44.06092072
vt 4.55832815 44.06653976
vt 4.55832815 42.66379166
vt 5.09665585 44.06092072
vt 4.55832815 42.66379166
vt 5.09665585 42.66379166
vt 5.09665585 42.66379166
vt 4.55832815 42.66379166
vt 5.09665585 41.26665878
vt 5.09665585 41.26665878
vt 4.55832815 42.66379166
vt 4.55832815 41.26665878
vt 5.09665585 41.26665878
vt 4.55832815 41.26665878
vt 5.09665585 39.86952972
vt 5.09665585 39.86952972
vt 4.55832815 41.26665878
vt 4.55832815 39.86952972
vt 5.09665585 39.86952972
vt 4.55832815 39.86952972
vt 5.09665585 38.47240067
vt 5.09665585 38.47240067
vt 4.55832815 39.86952972
vt 4.55832815 38.47240067
vt 5.09665585 38.47240067
vt 4.55832815 38.47240067
vt 5.09665585 37.07527924
vt 5.09665585 37.07527924
vt 4.55832815 38.47240067
vt 4.55832815 37.07527924
vt 5.09665585 37.07527924
vt 4.55832815 37.07527924
vt 5.09665585 35.67815018
vt 5.09665585 35.67815018
vt 4.55832815 37.07527924
vt 4.55832815 35.67815018
vt 5.09665585 35.67815018
vt 4.55832815 35.67815018
vt 5.09665585 34.28102112
vt 5.09665585 34.28102112
vt 4.55832815 35.67815018
vt 4.55832815 34.28102112
vt 5.09665585 34.28102112
vt 4.55832815 34.28102112
vt 5.09665585 32.88388824
vt 5.09665585 32.88388824
vt 4.55832815 34.28102112
vt 4.55832815 32.88388824
vt 5.09665585 32.88388824
vt 4.55832815 32.88388824
vt 5.09665585 31.48677063
vt 5.09665585 31.48677063
vt 4.55832815 32.88388824
vt 4.55832815 31.48677063
vt 5.09665585 31.48677063
vt 4.55832815 31.48677063
vt 5.09665585 30.08963966
vt 5.09665585 30.08963966
vt 4.55832815 31.48677063
vt 4.55832815 30.08963966
vt 5.09665585 30.08963966
vt 4.55832815 30.08963966
vt 5.09665585 28.69251060
vt 5.09665585 28.69251060
vt 4.55832815 30.08963966
vt 4.55832815 28.69251060
vt 5.09665585 28.69251060
vt 4.55832815 28.69251060
vt 5.09665585 27.29537964
vt 5.09665585 27.29537964
vt 4.55832815 28.69251060
vt 4.55832815 27.29537964
vt 5.09665585 27.29537964
vt 4.55832815 27.29537964
vt 5.09665585 25.89825058
vt 5.09665585 25.89825058
vt 4.55832815 27.29537964
vt 4.55832815 25.89825058
vt 5.09665585 25.89825058
vt 4.55832815 25.89825058
vt 4.99665594 24.61466026
vt 4.99665594 24.61466026
vt 4.55832815 25.89825058
vt 4.01999998 24.61466026
vt 4.01999998 24.61466026
vt 4.55832815 25.89825058
vt 4.01999998 26.00312042
vt 4.01999998 26.00312042
vt 4.55832815 25.89825058
vt 4.55832815 27.29537964
vt 4.01999998 26.00312042
vt 4.55832815 27.29537964
vt 4.01999998 27.39178085
vt 4.01999998 27.39178085
vt 4.55832815 27.29537964
vt 4.55832815 28.69251060
vt 4.01999998 27.39178085
vt 4.55832815 28.69251060
vt 4.01999998 28.78066063
vt 4.01999998 28.78066063
vt 4.55832815 28.69251060
vt 4.55832815 30.08963966
vt 4.01999998 28.78066063
vt 4.55832815 30.08963966
vt 4.01999998 30.16974068
vt 4.01999998 30.16974068
vt 4.55832815 30.08963966
vt 4.55832815 31.48677063
vt 4.01999998 30.16974068
vt 4.55832815 31.48677063
vt 4.01999998 31.55904007
vt 4.01999998 31.55904007
vt 4.55832815 31.48677063
vt 4.55832815 32.88388824
vt 4.01999998 31.55904007
vt 4.55832815 32.88388824
vt 4.01999998 32.94853973
vt 4.01999998 32.94853973
vt 4.55832815 32.88388824
vt 4.55832815 34.28102112
vt 4.01999998 32.94853973
vt 4.55832815 34.28102112
vt 4.01999998 34.33824921
vt 4.01999998 34.33824921
vt 4.55832815 34.28102112
vt 4.55832815 35.67815018
vt 4.01999998 34.33824921
vt 4.55832815 35.67815018
vt 4.01999998 35.72817993
vt 4.01999998 35.72817993
vt 4.55832815 35.67815018
vt 4.55832815 37.07527924
vt 4.01999998 35.72817993
vt 4.55832815 37.07527924
vt 4.01999998 37.11832047
vt 4.01999998 37.11832047
vt 4.55832815 37.07527924
vt 4.55832815 38.47240067
vt 4.01999998 37.11832047
vt 4.55832815 38.47240067
vt 4.01999998 38.50865936
vt 4.01999998 38.50865936
vt 4.55832815 38.47240067
vt 4.55832815 39.86952972
vt 4.01999998 38.50865936
vt 4.55832815 39.86952972
vt 4.01999998 39.89921951
vt 4.01999998 39.89921951
vt 4.55832815 39.86952972
vt 4.55832815 41.26665878
vt 4.01999998 39.89921951
vt 4.55832815 41.26665878
vt 4.01999998 41.28998947
vt 4.01999998 41.28998947
vt 4.55832815 41.26665878
vt 4.55832815 42.66379166
vt 4.01999998 41.28998947
vt 4.55832815 42.66379166
vt 4.01999998 42.68096924
vt 4.01999998 42.68096924
vt 4.55832815 42.66379166
vt 4.55832815 44.06653976
vt 4.01999998 42.68096924
vt 4.55832815 44.06653976
vt 4.01999998 44.07215881
vt 4.99665594 24.61466026
vt 5.02149487 24.58649063
vt 5.09665585 25.89825058
vt 5.09665585 25.89825058
vt 5.02149487 24.58649063
vt 5.04633713 24.55829048
vt 5.09665585 25.89825058
vt 5.04633713 24.55829048
vt 5.07149792 24.52972031
vt 5.07149792 24.52972031
vt 5.09665585 24.50112915
vt 5.09665585 25.89825058
vt -0.36500001 0.16786750
vt -0.36500001 0.00000000
vt -0.17832799 0.14388640
vt -0.17832799 0.14388640
vt -0.36500001 0.00000000
vt 0.00834394 0.00000000
vt -0.17832799 0.14388640
vt 0.00834394 0.00000000
vt 0.00834394 0.19838880
vt -0.17832799 0.14388640
vt 0.00834394 0.19838880
vt -0.17832799 0.28777289
vt -0.17832799 0.28777289
vt 0.00834394 0.19838880
vt 0.00834394 0.38452539
vt -0.17832799 0.28777289
vt 0.00834394 0.38452539
vt -0.17832799 0.43165940
vt -0.17832799 0.43165940
vt 0.00834394 0.38452539
vt 0.00834394 0.51720238
vt -0.17832799 0.43165940
vt 0.00834394 0.51720238
vt -0.17832799 0.57554579
vt -0.17832799 0.57554579
vt 0.00834394 0.51720238
vt 0.00834394 0.65361309
vt -0.17832799 0.57554579
vt 0.00834394 0.65361309
vt -0.17832799 0.71943218
vt -0.17832799 0.71943218
vt 0.00834394 0.65361309
vt 0.00834394 0.79391718
vt -0.17832799 0.71943218
vt 0.00834394 0.79391718
vt -0.17832799 0.86331868
vt -0.17832799 0.86331868
vt 0.00834394 0.79391718
vt 0.00834394 0.93828398
vt -0.17832799 0.86331868
vt 0.00834394 0.93828398
vt -0.17832799 1.00720501
vt -0.17832799 1.00720501
vt 0.00834394 0.93828398
vt 0.00834394 1.08689201
vt -0.17832799 1.00720501
vt 0.00834394 1.08689201
vt -0.17832799 1.15109205
vt -0.17832799 1.15109205
vt 0.00834394 1.08689201
vt 0.00834394 1.23993206
vt -0.17832799 1.15109205
vt 0.00834394 1.23993206
vt -0.17832799 1.34293997
vt -0.17832799 1.34293997
vt 0.00834394 1.23993206
vt 0.00834394 1.39633203
vt -0.17832799 1.34293997
vt 0.00834394 1.39633203
vt -0.17832799 1.53478909
vt -0.17832799 1.53478909
vt 0.00834394 1.39633203
vt 0.00834394 1.54132903
vt -0.17832799 1.53478909
vt 0.00834394 1.54132903
vt 0.00834394 1.67967105
vt -0.17832799 1.53478909
vt 0.00834394 1.67967105
vt -0.17832799 1.72663701
vt -0.17832799 1.72663701
vt 0.00834394 1.67967105
vt 0.00834394 1.81932497
vt -0.17832799 1.72663701
vt 0.00834394 1.81932497
vt -0.17832799 1.91848600
vt -0.17832799 1.91848600
vt 0.00834394 1.81932497
vt 0.00834394 1.96030998
vt -0.17832799 1.91848600
vt 0.00834394 1.96030998
vt -0.17832799 2.11033392
vt -0.17832799 2.11033392
vt 0.00834394 1.96030998
vt 0.00834394 2.10264492
vt -0.17832799 2.11033392
vt 0.00834394 2.10264492
vt 0.00834394 2.24634910
vt -0.17832799 2.11033392
vt 0.00834394 2.24634910
vt -0.17832799 2.30218291
vt -0.17832799 2.30218291
vt 0.00834394 2.24634910
vt 0.00834394 2.39144301
vt -0.17832799 2.30218291
vt 0.00834394 2.39144301
vt -0.17832799 2.49403191
vt -0.17832799 2.49403191
vt 0.00834394 2.39144301
vt 0.00834394 2.53794599
vt -0.17832799 2.49403191
vt 0.00834394 2.53794599
vt -0.36500001 2.68587995
vt -0.36500001 2.68587995
vt 0.00834394 2.53794599
vt 0.00834394 2.68587995
vt -0.36500001 2.68587995
vt -0.36500001 2.51801300
vt -0.17832799 2.49403191
vt -0.17832799 2.49403191
vt -0.36500001 2.51801300
vt -0.36500001 2.35014510
vt -0.17832799 2.49403191
vt -0.36500001 2.35014510
vt -0.17832799 2.30218291
vt -0.17832799 2.30218291
vt -0.36500001 2.35014510
vt -0.36500001 2.18227792
vt -0.17832799 2.30218291
vt -0.36500001 2.18227792
vt -0.17832799 2.11033392
vt -0.17832799 2.11033392
vt -0.36500001 2.18227792
vt -0.36500001 2.01441002
vt -0.17832799 2.11033392
vt -0.36500001 2.01441002
vt -0.17832799 1.91848600
vt -0.17832799 1.91848600
vt -0.36500001 2.01441002
vt -0.36500001 1.84654307
vt -0.17832799 1.91848600
vt -0.36500001 1.84654307
vt -0.17832799 1.72663701
vt -0.17832799 1.72663701
vt -0.36500001 1.84654307
vt -0.36500001 1.67867494
vt -0.17832799 1.72663701
vt -0.36500001 1.67867494
vt -0.17832799 1.53478909
vt -0.17832799 1.53478909
vt -0.36500001 1.67867494
vt -0.36500001 1.51080799
vt -0.17832799 1.53478909
vt -0.36500001 1.51080799
vt -0.17832799 1.34293997
vt -0.17832799 1.34293997
vt -0.36500001 1.51080799
vt -0.36500001 1.34293997
vt -0.17832799 1.34293997
vt -0.36500001 1.34293997
vt -0.36500001 1.17507303
vt -0.17832799 1.34293997
vt -0.36500001 1.17507303
vt -0.17832799 1.15109205
vt -0.17832799 1.15109205
vt -0.36500001 1.17507303
vt -0.36500001 1.00720501
vt -0.17832799 1.15109205
vt -0.36500001 1.00720501
vt -0.17832799 1.00720501
vt -0.17832799 1.00720501
vt -0.36500001 1.00720501
vt -0.17832799 0.86331868
vt -0.36500001 1.00720501
vt -0.36500001 0.83933759
vt -0.17832799 0.86331868
vt -0.17832799 0.86331868
vt -0.36500001 0.83933759
vt -0.17832799 0.71943218
vt -0.36500001 0.83933759
vt -0.36500001 0.67147011
vt -0.17832799 0.71943218
vt -0.17832799 0.71943218
vt -0.36500001 0.67147011
vt -0.17832799 0.57554579
vt -0.36500001 0.67147011
vt -0.36500001 0.50360262
vt -0.17832799 0.57554579
vt -0.17832799 0.57554579
vt -0.36500001 0.50360262
vt -0.17832799 0.43165940
vt -0.36500001 0.50360262
vt -0.36500001 0.33573499
vt -0.17832799 0.43165940
vt -0.17832799 0.43165940
vt -0.36500001 0.33573499
vt -0.17832799 0.28777289
vt -0.36500001 0.33573499
vt -0.36500001 0.16786750
vt -0.17832799 0.28777289
vt -0.17832799 0.28777289
vt -0.36500001 0.16786750
vt -0.17832799 0.14388640
vt -0.97665608 -0.22870819
vt -0.48832801 -0.25615129
vt -0.97665608 -0.03660655
vt -0.97665608 -0.03660655
vt -0.48832801 -0.25615129
vt 0.00000000 -0.22870819
vt -0.97665608 -0.03660655
vt 0.00000000 -0.22870819
vt 0.00000000 -0.03660655
vt -0.97665608 -0.22870819
vt -0.97665608 -0.42080989
vt -0.48832801 -0.25615129
vt -0.48832801 -0.25615129
vt -0.97665608 -0.42080989
vt -0.48832801 -0.47569609
vt -0.48832801 -0.25615129
vt -0.48832801 -0.47569609
vt 0.00000000 -0.42080989
vt 0.00000000 -0.42080989
vt -0.48832801 -0.47569609
vt 0.00000000 -0.61291152
vt 0.00000000 -0.61291152
vt -0.48832801 -0.47569609
vt -0.48832801 -0.69524080
vt 0.00000000 -0.61291152
vt -0.48832801 -0.69524080
vt 0.00000000 -0.80501318
vt 0.00000000 -0.80501318
vt -0.48832801 -0.69524080
vt -0.48832801 -0.91478562
vt 0.00000000 -0.80501318
vt -0.48832801 -0.91478562
vt 0.00000000 -0.99711478
vt 0.00000000 -0.99711478
vt -0.48832801 -0.91478562
vt -0.48832801 -1.13433003
vt 0.00000000 -0.99711478
vt -0.48832801 -1.13433003
vt 0.00000000 -1.18921602
vt 0.00000000 -1.18921602
vt -0.48832801 -1.13433003
vt -0.48832801 -1.35387504
vt 0.00000000 -1.18921602
vt -0.48832801 -1.35387504
vt 0.00000000 -1.38131797
vt 0.00000000 -1.38131797
vt -0.48832801 -1.35387504
vt -0.48832801 -1.57342005
vt 0.00000000 -1.38131797
vt -0.48832801 -1.57342005
vt 0.00000000 -1.57342005
vt 0.00000000 -1.57342005
vt -0.48832801 -1.57342005
vt 0.00000000 -1.76552105
vt 0.00000000 -1.76552105
vt -0.48832801 -1.57342005
vt -0.48832801 -1.79296398
vt 0.00000000 -1.76552105
vt -0.48832801 -1.79296398
vt 0.00000000 -1.95762300
vt 0.00000000 -1.95762300
vt -0.48832801 -1.79296398
vt -0.48832801 -1.95762300
vt 0.00000000 -1.95762300
vt -0.48832801 -1.95762300
vt -0.48832801 -2.12228203
vt -0.48832801 -2.12228203
vt -0.48832801 -1.95762300
vt -0.97665608 -1.95762300
vt -0.48832801 -2.12228203
vt -0.97665608 -1.95762300
vt -0.97665608 -2.14972496
vt -0.97665608 -0.42080989
vt -0.97665608 -0.61291152
vt -0.48832801 -0.47569609
vt -0.48832801 -0.47569609
vt -0.97665608 -0.61291152
vt -0.48832801 -0.69524080
vt -0.97665608 -0.61291152
vt -0.97665608 -0.80501318
vt -0.48832801 -0.69524080
vt -0.48832801 -0.69524080
vt -0.97665608 -0.80501318
vt -0.48832801 -0.91478562
vt -0.97665608 -0.80501318
vt -0.97665608 -0.99711478
vt -0.48832801 -0.91478562
vt -0.48832801 -0.91478562
vt -0.97665608 -0.99711478
vt -0.48832801 -1.13433003
vt -0.97665608 -0.99711478
vt -0.97665608 -1.18921602
vt -0.48832801 -1.13433003
vt -0.48832801 -1.13433003
vt -0.97665608 -1.18921602
vt -0.48832801 -1.35387504
vt -0.97665608 -1.18921602
vt -0.97665608 -1.38131797
vt -0.48832801 -1.35387504
vt -0.48832801 -1.35387504
vt -0.97665608 -1.38131797
vt -0.48832801 -1.57342005
vt -0.97665608 -1.38131797
vt -0.97665608 -1.57342005
vt -0.48832801 -1.57342005
vt -0.48832801 -1.57342005
vt -0.97665608 -1.57342005
vt -0.97665608 -1.76552105
vt -0.48832801 -1.57342005
vt -0.97665608 -1.76552105
vt -0.48832801 -1.79296398
vt -0.48832801 -1.79296398
vt -0.97665608 -1.76552105
vt -0.97665608 -1.95762300
vt -0.48832801 -1.79296398
vt -0.97665608 -1.95762300
vt -0.48832801 -1.95762300
vt -0.48832801 -2.12228203
vt -0.97665608 -2.14972496
vt -0.48832801 -2.28694010
vt -0.48832801 -2.28694010
vt -0.97665608 -2.14972496
vt -0.97665608 -2.34182596
vt -0.48832801 -2.28694010
vt -0.97665608 -2.34182596
vt -0.48832801 -2.45159912
vt -0.48832801 -2.45159912
vt -0.97665608 -2.34182596
vt -0.97665608 -2.53392792
vt -0.48832801 -2.45159912
vt -0.97665608 -2.53392792
vt -0.48832801 -2.61625695
vt -0.48832801 -2.61625695
vt -0.97665608 -2.53392792
vt -0.97665608 -2.72602987
vt -0.48832801 -2.61625695
vt -0.97665608 -2.72602987
vt -0.48832801 -2.78091598
vt -0.48832801 -2.78091598
vt -0.97665608 -2.72602987
vt -0.97665608 -2.91813087
vt -0.48832801 -2.78091598
vt -0.97665608 -2.91813087
vt -0.48832801 -2.94557405
vt -0.48832801 -2.94557405
vt -0.97665608 -2.91813087
vt -0.97665608 -3.11023307
vt -0.48832801 -2.94557405
vt -0.97665608 -3.11023307
vt 0.00000000 -3.11023307
vt 0.00000000 -3.11023307
vt 0.00000000 -2.91813087
vt -0.48832801 -2.94557405
vt -0.48832801 -2.94557405
vt 0.00000000 -2.91813087
vt -0.48832801 -2.78091598
vt 0.00000000 -2.91813087
vt 0.00000000 -2.72602987
vt -0.48832801 -2.78091598
vt -0.48832801 -2.78091598
vt 0.00000000 -2.72602987
vt -0.48832801 -2.61625695
vt 0.00000000 -2.72602987
vt 0.00000000 -2.53392792
vt -0.48832801 -2.61625695
vt -0.48832801 -2.61625695
vt 0.00000000 -2.53392792
vt -0.48832801 -2.45159912
vt 0.00000000 -2.53392792
vt 0.00000000 -2.34182596
vt -0.48832801 -2.45159912
vt -0.48832801 -2.45159912
vt 0.00000000 -2.34182596
vt -0.48832801 -2.28694010
vt 0.00000000 -2.34182596
vt 0.00000000 -2.14972496
vt -0.48832801 -2.28694010
vt -0.48832801 -2.28694010
vt 0.00000000 -2.14972496
vt -0.48832801 -2.12228203
vt 0.00000000 -2.14972496
vt 0.00000000 -1.95762300
vt -0.48832801 -2.12228203
vt 0.00000000 -0.42080989
vt 0.00000000 -0.22870819
vt -0.48832801 -0.25615129
vt 4.01999998 0.04426008
vt 5.09665585 0.04426008
vt 4.01999998 1.43587196
vt 4.01999998 1.43587196
vt 5.09665585 0.04426008
vt 4.55832815 1.43862998
vt 4.01999998 1.43587196
vt 4.55832815 1.43862998
vt 4.01999998 2.82727408
vt 4.01999998 2.82727408
vt 4.55832815 1.43862998
vt 4.55832815 2.83289504
vt 4.01999998 2.82727408
vt 4.55832815 2.83289504
vt 4.01999998 4.21846390
vt 4.01999998 4.21846390
vt 4.55832815 2.83289504
vt 4.55832815 4.23564386
vt 4.01999998 4.21846390
vt 4.55832815 4.23564386
vt 4.01999998 5.60944414
vt 4.01999998 5.60944414
vt 4.55832815 4.23564386
vt 4.55832815 5.63277197
vt 4.01999998 5.60944414
vt 4.55832815 5.63277197
vt 4.01999998 7.00021219
vt 4.01999998 7.00021219
vt 4.55832815 5.63277197
vt 4.55832815 7.02990103
vt 4.01999998 7.00021219
vt 4.55832815 7.02990103
vt 4.01999998 8.39076996
vt 4.01999998 8.39076996
vt 4.55832815 7.02990103
vt 4.55832815 8.42702866
vt 4.01999998 8.39076996
vt 4.55832815 8.42702866
vt 4.01999998 9.78111935
vt 4.01999998 9.78111935
vt 4.55832815 8.42702866
vt 4.55832815 9.82415676
vt 4.01999998 9.78111935
vt 4.55832815 9.82415676
vt 4.01999998 11.17125034
vt 4.01999998 11.17125034
vt 4.55832815 9.82415676
vt 4.55832815 11.22128010
vt 4.01999998 11.17125034
vt 4.55832815 11.22128010
vt 4.01999998 12.56118011
vt 4.01999998 12.56118011
vt 4.55832815 11.22128010
vt 4.55832815 12.61841011
vt 4.01999998 12.56118011
vt 4.55832815 12.61841011
vt 4.01999998 13.95090008
vt 4.01999998 13.95090008
vt 4.55832815 12.61841011
vt 4.55832815 14.01554012
vt 4.01999998 13.95090008
vt 4.55832815 14.01554012
vt 4.01999998 15.34039974
vt 4.01999998 15.34039974
vt 4.55832815 14.01554012
vt 4.55832815 15.41267014
vt 4.01999998 15.34039974
vt 4.55832815 15.41267014
vt 4.01999998 16.72970009
vt 4.01999998 16.72970009
vt 4.55832815 15.41267014
vt 4.55832815 16.80979919
vt 4.01999998 16.72970009
vt 4.55832815 16.80979919
vt 4.01999998 18.11878014
vt 4.01999998 18.11878014
vt 4.55832815 16.80979919
vt 4.55832815 18.20693016
vt 4.01999998 18.11878014
vt 4.55832815 18.20693016
vt 4.01999998 19.50765038
vt 4.01999998 19.50765038
vt 4.55832815 18.20693016
vt 4.55832815 19.60404968
vt 4.01999998 19.50765038
vt 4.55832815 19.60404968
vt 4.01999998 20.89632034
vt 4.01999998 20.89632034
vt 4.55832815 19.60404968
vt 4.55832815 21.00118065
vt 4.01999998 20.89632034
vt 4.55832815 21.00118065
vt 4.01999998 22.28477097
vt 4.01999998 22.28477097
vt 4.55832815 21.00118065
vt 4.99665594 22.28477097
vt 4.99665594 22.28477097
vt 4.55832815 21.00118065
vt 5.09665585 21.00118065
vt 4.99665594 22.28477097
vt 5.09665585 21.00118065
vt 5.02149487 22.31295013
vt 5.02149487 22.31295013
vt 5.09665585 21.00118065
vt 5.04633808 22.34115028
vt 5.04633808 22.34115028
vt 5.09665585 21.00118065
vt 5.07149792 22.36972046
vt 5.07149792 22.36972046
vt 5.09665585 21.00118065
vt 5.09665585 22.39830971
vt 5.09665585 0.04426008
vt 5.09665585 1.44138801
vt 4.55832815 1.43862998
vt 4.55832815 1.43862998
vt 5.09665585 1.44138801
vt 4.55832815 2.83289504
vt 5.09665585 1.44138801
vt 5.09665585 2.83851600
vt 4.55832815 2.83289504
vt 4.55832815 2.83289504
vt 5.09665585 2.83851600
vt 4.55832815 4.23564386
vt 5.09665585 2.83851600
vt 5.09665585 4.23564386
vt 4.55832815 4.23564386
vt 4.55832815 4.23564386
vt 5.09665585 4.23564386
vt 4.55832815 5.63277197
vt 5.09665585 4.23564386
vt 5.09665585 5.63277197
vt 4.55832815 5.63277197
vt 4.55832815 5.63277197
vt 5.09665585 5.63277197
vt 4.55832815 7.02990103
vt 5.09665585 5.63277197
vt 5.09665585 7.02990103
vt 4.55832815 7.02990103
vt 4.55832815 7.02990103
vt 5.09665585 7.02990103
vt 4.55832815 8.42702866
vt 5.09665585 7.02990103
vt 5.09665585 8.42702866
vt 4.55832815 8.42702866
vt 4.55832815 8.42702866
vt 5.09665585 8.42702866
vt 4.55832815 9.82415676
vt 5.09665585 8.42702866
vt 5.09665585 9.82415676
vt 4.55832815 9.82415676
vt 4.55832815 9.82415676
vt 5.09665585 9.82415676
vt 4.55832815 11.22128010
vt 5.09665585 9.82415676
vt 5.09665585 11.22128010
vt 4.55832815 11.22128010
vt 4.55832815 11.22128010
vt 5.09665585 11.22128010
vt 4.55832815 12.61841011
vt 5.09665585 11.22128010
vt 5.09665585 12.61841011
vt 4.55832815 12.61841011
vt 4.55832815 12.61841011
vt 5.09665585 12.61841011
vt 4.55832815 14.01554012
vt 5.09665585 12.61841011
vt 5.09665585 14.01554012
vt 4.55832815 14.01554012
vt 4.55832815 14.01554012
vt 5.09665585 14.01554012
vt 4.55832815 15.41267014
vt 5.09665585 14.01554012
vt 5.09665585 15.41267014
vt 4.55832815 15.41267014
vt 4.55832815 15.41267014
vt 5.09665585 15.41267014
vt 4.55832815 16.80979919
vt 5.09665585 15.41267014
vt 5.09665585 16.80979919
vt 4.55832815 16.80979919
vt 4.55832815 16.80979919
vt 5.09665585 16.80979919
vt 4.55832815 18.20693016
vt 5.09665585 16.80979919
vt 5.09665585 18.20693016
vt 4.55832815 18.20693016
vt 4.55832815 18.20693016
vt 5.09665585 18.20693016
vt 4.55832815 19.60404968
vt 5.09665585 18.20693016
vt 5.09665585 19.60404968
vt 4.55832815 19.60404968
vt 4.55832815 19.60404968
vt 5.09665585 19.60404968
vt 4.55832815 21.00118065
vt 5.09665585 19.60404968
vt 5.09665585 21.00118065
vt 4.55832815 21.00118065
vt -0.93373138 14.76924992
vt -0.94958442 14.59646034
vt 0.00000000 14.59646034
vt 0.00000000 14.59646034
vt -0.94958442 14.59646034
vt -0.93373138 14.42366982
vt 0.00000000 14.59646034
vt -0.93373138 14.42366982
vt -0.88291252 14.24691963
vt -0.88291252 14.24691963
vt -0.79479778 14.07684040
vt 0.00000000 14.59646034
vt 0.00000000 14.59646034
vt -0.79479778 14.07684040
vt -0.67145753 13.92500019
vt 0.00000000 14.59646034
vt -0.67145753 13.92500019
vt -0.51962191 13.80165958
vt -0.51962191 13.80165958
vt -0.34953699 13.71354961
vt 0.00000000 14.59646034
vt 0.00000000 14.59646034
vt -0.34953699 13.71354961
vt -0.17278920 13.66273022
vt 0.00000000 14.59646034
vt -0.17278920 13.66273022
vt 0.00000000 13.64686966
vt 0.00000000 13.64686966
vt 0.17278920 13.66273022
vt 0.00000000 14.59646034
vt 0.00000000 14.59646034
vt 0.17278920 13.66273022
vt 0.34953699 13.71354961
vt 0.00000000 14.59646034
vt 0.34953699 13.71354961
vt 0.51962191 13.80165958
vt 0.51962191 13.80165958
vt 0.67145753 13.92500019
vt 0.00000000 14.59646034
vt 0.00000000 14.59646034
vt 0.67145753 13.92500019
vt 0.79479778 14.07684040
vt 0.00000000 14.59646034
vt 0.79479778 14.07684040
vt 0.88291252 14.24691963
vt 0.88291252 14.24691963
vt 0.93373138 14.42366982
vt 0.00000000 14.59646034
vt 0.00000000 14.59646034
vt 0.93373138 14.42366982
vt 0.94958442 14.59646034
vt 0.00000000 14.59646034
vt 0.94958442 14.59646034
vt 0.93373138 14.76924992
vt 0.93373138 14.76924992
vt 0.88291252 14.94598961
vt 0.00000000 14.59646034
vt 0.00000000 14.59646034
vt 0.88291252 14.94598961
vt 0.79479778 15.11608028
vt 0.00000000 14.59646034
vt 0.79479778 15.11608028
vt 0.67145753 15.26791954
vt 0.67145753 15.26791954
vt 0.51962191 15.39126015
vt 0.00000000 14.59646034
vt 0.00000000 14.59646034
vt 0.51962191 15.39126015
vt 0.34953699 15.47937012
vt 0.00000000 14.59646034
vt 0.34953699 15.47937012
vt 0.17278920 15.53018951
vt 0.17278920 15.53018951
vt 0.00000000 15.54603958
vt 0.00000000 14.59646034
vt 0.00000000 14.59646034
vt 0.00000000 15.54603958
vt -0.17278920 15.53018951
vt 0.00000000 14.59646034
vt -0.17278920 15.53018951
vt -0.34953699 15.47937012
vt -0.34953699 15.47937012
vt -0.51962191 15.39126015
vt 0.00000000 14.59646034
vt 0.00000000 14.59646034
vt -0.51962191 15.39126015
vt -0.67145753 15.26791954
vt 0.00000000 14.59646034
vt -0.67145753 15.26791954
vt -0.79479778 15.11608028
vt -0.79479778 15.11608028
vt -0.88291252 14.94598961
vt 0.00000000 14.59646034
vt 0.00000000 14.59646034
vt -0.88291252 14.94598961
vt -0.93373138 14.76924992
usemtl material_ABS__Black_
f 1/1 2/2 3/3
f 4/4 5/5 6/6
f 7/7 8/8 9/9
f 10/10 11/11 12/12
f 13/13 14/14 15/15
f 16/16 17/17 18/18
f 19/19 20/20 21/21
f 22/22 23/23 24/24
f 25/25 26/26 27/27
f 28/28 29/29 30/30
f 31/31 32/32 33/33
f 34/34 35/35 36/36
f 37/37 38/38 39/39
f 40/40 41/41 42/42
f 43/43 44/44 45/45
f 46/46 47/47 48/48
f 49/49 50/50 51/51
f 52/52 53/53 54/54
f 55/55 56/56 57/57
f 58/58 59/59 60/60
f 61/61 62/62 63/63
f 64/64 65/65 66/66
f 67/67 68/68 69/69
f 70/70 71/71 72/72
f 73/73 74/74 75/75
f 76/76 77/77 78/78
f 79/79 80/80 81/81
f 82/82 83/83 84/84
f 85/85 86/86 87/87
f 88/88 89/89 90/90
f 91/91 92/92 93/93
f 94/94 95/95 96/96
f 97/97 98/98 99/99
f 100/100 101/101 102/102
f 103/103 104/104 105/105
f 106/106 107/107 108/108
f 109/109 110/110 111/111
f 112/112 113/113 114/114
f 115/115 116/116 117/117
f 118/118 119/119 120/120
f 121/121 122/122 123/123
f 124/124 125/125 126/126
f 127/127 128/128 129/129
f 130/130 131/131 132/132
f 133/133 134/134 135/135
f 136/136 137/137 138/138
f 139/139 140/140 141/141
f 142/142 143/143 144/144
f 145/145 146/146 147/147
f 148/148 149/149 150/150
f 151/151 152/152 153/153
f 154/154 155/155 156/156
f 157/157 158/158 159/159
f 160/160 161/161 162/162
f 163/163 164/164 165/165
f 166/166 167/167 168/168
f 169/169 170/170 171/171
f 172/172 173/173 174/174
f 175/175 176/176 177/177
f 178/178 179/179 180/180
f 181/181 182/182 183/183
f 184/184 185/185 186/186
f 187/187 188/188 189/189
f 190/190 191/191 192/192
f 193/193 194/194 195/195
f 196/196 197/197 198/198
f 199/199 200/200 201/201
f 202/202 203/203 204/204
f 205/205 206/206 207/207
f 208/208 209/209 210/210
f 211/211 212/212 213/213
f 214/214 215/215 216/216
f 217/217 218/218 219/219
f 220/220 221/221 222/222
f 223/223 224/224 225/225
f 226/226 227/227 228/228
f 229/229 230/230 231/231
f 232/232 233/233 234/234
f 235/235 236/236 237/237
f 238/238 239/239 240/240
f 241/241 242/242 243/243
f 244/244 245/245 246/246
f 247/247 248/248 249/249
f 250/250 251/251 252/252
f 253/253 254/254 255/255
f 256/256 257/257 258/258
f 259/259 260/260 261/261
f 262/262 263/263 264/264
f 265/265 266/266 267/267
f 268/268 269/269 270/270
f 271/271 272/272 273/273
f 274/274 275/275 276/276
f 277/277 278/278 279/279
f 280/280 281/281 282/282
f 283/283 284/284 285/285
f 286/286 287/287 288/288
f 289/289 290/290 291/291
f 292/292 293/293 294/294
f 295/295 296/296 297/297
f 298/298 299/299 300/300
f 301/301 302/302 303/303
f 304/304 305/305 306/306
f 307/307 308/308 309/309
f 310/310 311/311 312/312
f 313/313 314/314 315/315
f 316/316 317/317 318/318
f 319/319 320/320 321/321
f 322/322 323/323 324/324
f 325/325 326/326 327/327
f 328/328 329/329 330/330
f 331/331 332/332 333/333
f 334/334 335/335 336/336
f 337/337 338/338 339/339
f 340/340 341/341 342/342
f 343/343 344/344 345/345
f 346/346 347/347 348/348
f 349/349 350/350 351/351
f 352/352 353/353 354/354
f 355/355 356/356 357/357
f 358/358 359/359 360/360
f 361/361 362/362 363/363
f 364/364 365/365 366/366
f 367/367 368/368 369/369
f 370/370 371/371 372/372
f 373/373 374/374 375/375
f 376/376 377/377 378/378
f 379/379 380/380 381/381
f 382/382 383/383 384/384
f 385/385 386/386 387/387
f 388/388 389/389 390/390
f 391/391 392/392 393/393
f 394/394 395/395 396/396
f 397/397 398/398 399/399
f 400/400 401/401 402/402
f 403/403 404/404 405/405
f 406/406 407/407 408/408
f 409/409 410/410 411/411
f 412/412 413/413 414/414
f 415/415 416/416 417/417
f 418/418 419/419 420/420
f 421/421 422/422 423/423
f 424/424 425/425 426/426
f 427/427 428/428 429/429
f 430/430 431/431 432/432
f 433/433 434/434 435/435
f 436/436 437/437 438/438
f 439/439 440/440 441/441
f 442/442 443/443 444/444
f 445/445 446/446 447/447
f 448/448 449/449 450/450
f 451/451 452/452 453/453
f 454/454 455/455 456/456
f 457/457 458/458 459/459
f 460/460 461/461 462/462
f 463/463 464/464 465/465
f 466/466 467/467 468/468
f 469/469 470/470 471/471
f 472/472 473/473 474/474
f 475/475 476/476 477/477
f 478/478 479/479 480/480
f 481/481 482/482 483/483
f 484/484 485/485 486/486
f 487/487 488/488 489/489
f 490/490 491/491 492/492
f 493/493 494/494 495/495
f 496/496 497/497 498/498
f 499/499 500/500 501/501
f 502/502 503/503 504/504
f 505/505 506/506 507/507
f 508/508 509/509 510/510
f 511/511 512/512 513/513
f 514/514 515/515 516/516
f 517/517 518/518 519/519
f 520/520 521/521 522/522
f 523/523 524/524 525/525
f 526/526 527/527 528/528
f 529/529 530/530 531/531
f 532/532 533/533 534/534
f 535/535 536/536 537/537
f 538/538 539/539 540/540
f 541/541 542/542 543/543
f 544/544 545/545 546/546
f 547/547 548/548 549/549
f 550/550 551/551 552/552
f 553/553 554/554 555/555
f 556/556 557/557 558/558
f 559/559 560/560 561/561
f 562/562 563/563 564/564
f 565/565 566/566 567/567
f 568/568 569/569 570/570
f 571/571 572/572 573/573
f 574/574 575/575 576/576
f 577/577 578/578 579/579
f 580/580 581/581 582/582
f 583/583 584/584 585/585
f 586/586 587/587 588/588
f 589/589 590/590 591/591
f 592/592 593/593 594/594
f 595/595 596/596 597/597
f 598/598 599/599 600/600
f 601/601 602/602 603/603
f 604/604 605/605 606/606
f 607/607 608/608 609/609
f 610/610 611/611 612/612
f 613/613 614/614 615/615
f 616/616 617/617 618/618
f 619/619 620/620 621/621
f 622/622 623/623 624/624
f 625/625 626/626 627/627
f 628/628 629/629 630/630
f 631/631 632/632 633/633
f 634/634 635/635 636/636
f 637/637 638/638 639/639
f 640/640 641/641 642/642
f 643/643 644/644 645/645
f 646/646 647/647 648/648
f 649/649 650/650 651/651
f 652/652 653/653 654/654
f 655/655 656/656 657/657
f 658/658 659/659 660/660
f 661/661 662/662 663/663
f 664/664 665/665 666/666
f 667/667 668/668 669/669
f 670/670 671/671 672/672
f 673/673 674/674 675/675
f 676/676 677/677 678/678
f 679/679 680/680 681/681
f 682/682 683/683 684/684
f 685/685 686/686 687/687
f 688/688 689/689 690/690
f 691/691 692/692 693/693
f 694/694 695/695 696/696
f 697/697 698/698 699/699
f 700/700 701/701 702/702
f 703/703 704/704 705/705
f 706/706 707/707 708/708
f 709/709 710/710 711/711
f 712/712 713/713 714/714
f 715/715 716/716 717/717
f 718/718 719/719 720/720
f 721/721 722/722 723/723
f 724/724 725/725 726/726
f 727/727 728/728 729/729
f 730/730 731/731 732/732
f 733/733 734/734 735/735
f 736/736 737/737 738/738
f 739/739 740/740 741/741
f 742/742 743/743 744/744
f 745/745 746/746 747/747
f 748/748 749/749 750/750
f 751/751 752/752 753/753
f 754/754 755/755 756/756
f 757/757 758/758 759/759
f 760/760 761/761 762/762
f 763/763 764/764 765/765
f 766/766 767/767 768/768
f 769/769 770/770 771/771
f 772/772 773/773 774/774
f 775/775 776/776 777/777
f 778/778 779/779 780/780
f 781/781 782/782 783/783
f 784/784 785/785 786/786
f 787/787 788/788 789/789
f 790/790 791/791 792/792
f 793/793 794/794 795/795
f 796/796 797/797 798/798
f 799/799 800/800 801/801
f 802/802 803/803 804/804
f 805/805 806/806 807/807
f 808/808 809/809 810/810
f 811/811 812/812 813/813
f 814/814 815/815 816/816
f 817/817 818/818 819/819
f 820/820 821/821 822/822
f 823/823 824/824 825/825
f 826/826 827/827 828/828
f 829/829 830/830 831/831
f 832/832 833/833 834/834
f 835/835 836/836 837/837
f 838/838 839/839 840/840
f 841/841 842/842 843/843
f 844/844 845/845 846/846
f 847/847 848/848 849/849
f 850/850 851/851 852/852
f 853/853 854/854 855/855
f 856/856 857/857 858/858
f 859/859 860/860 861/861
f 862/862 863/863 864/864
f 865/865 866/866 867/867
f 868/868 869/869 870/870
f 871/871 872/872 873/873
f 874/874 875/875 876/876
f 877/877 878/878 879/879
f 880/880 881/881 882/882
f 883/883 884/884 885/885
f 886/886 887/887 888/888
f 889/889 890/890 891/891
f 892/892 893/893 894/894
f 895/895 896/896 897/897
f 898/898 899/899 900/900
f 901/901 902/902 903/903
f 904/904 905/905 906/906
f 907/907 908/908 909/909
f 910/910 911/911 912/912
f 913/913 914/914 915/915
f 916/916 917/917 918/918
f 919/919 920/920 921/921
f 922/922 923/923 924/924
f 925/925 926/926 927/927
f 928/928 929/929 930/930
f 931/931 932/932 933/933
f 934/934 935/935 936/936
f 937/937 938/938 939/939
f 940/940 941/941 942/942
f 943/943 944/944 945/945
f 946/946 947/947 948/948
f 949/949 950/950 951/951
f 952/952 953/953 954/954
f 955/955 956/956 957/957
f 958/958 959/959 960/960
f 961/961 962/962 963/963
f 964/964 965/965 966/966
f 967/967 968/968 969/969
f 970/970 971/971 972/972
f 973/973 974/974 975/975
f 976/976 977/977 978/978
f 979/979 980/980 981/981
f 982/982 983/983 984/984
f 985/985 986/986 987/987
f 988/988 989/989 990/990
f 991/991 992/992 993/993
f 994/994 995/995 996/996
f 997/997 998/998 999/999
f 1000/1000 1001/1001 1002/1002
f 1003/1003 1004/1004 1005/1005
f 1006/1006 1007/1007 1008/1008
f 1009/1009 1010/1010 1011/1011
f 1012/1012 1013/1013 1014/1014
f 1015/1015 1016/1016 1017/1017
f 1018/1018 1019/1019 1020/1020
f 1021/1021 1022/1022 1023/1023
f 1024/1024 1025/1025 1026/1026
f 1027/1027 1028/1028 1029/1029
f 1030/1030 1031/1031 1032/1032
f 1033/1033 1034/1034 1035/1035
f 1036/1036 1037/1037 1038/1038
f 1039/1039 1040/1040 1041/1041
f 1042/1042 1043/1043 1044/1044
f 1045/1045 1046/1046 1047/1047
f 1048/1048 1049/1049 1050/1050
f 1051/1051 1052/1052 1053/1053
f 1054/1054 1055/1055 1056/1056
f 1057/1057 1058/1058 1059/1059
f 1060/1060 1061/1061 1062/1062
f 1063/1063 1064/1064 1065/1065
f 1066/1066 1067/1067 1068/1068
f 1069/1069 1070/1070 1071/1071
f 1072/1072 1073/1073 1074/1074
f 1075/1075 1076/1076 1077/1077
f 1078/1078 1079/1079 1080/1080
f 1081/1081 1082/1082 1083/1083
f 1084/1084 1085/1085 1086/1086
f 1087/1087 1088/1088 1089/1089
f 1090/1090 1091/1091 1092/1092
f 1093/1093 1094/1094 1095/1095
f 1096/1096 1097/1097 1098/1098
f 1099/1099 1100/1100 1101/1101
f 1102/1102 1103/1103 1104/1104
f 1105/1105 1106/1106 1107/1107
f 1108/1108 1109/1109 1110/1110
f 1111/1111 1112/1112 1113/1113
f 1114/1114 1115/1115 1116/1116
f 1117/1117 1118/1118 1119/1119
f 1120/1120 1121/1121 1122/1122
f 1123/1123 1124/1124 1125/1125
f 1126/1126 1127/1127 1128/1128
f 1129/1129 1130/1130 1131/1131
f 1132/1132 1133/1133 1134/1134
f 1135/1135 1136/1136 1137/1137
f 1138/1138 1139/1139 1140/1140
f 1141/1141 1142/1142 1143/1143
f 1144/1144 1145/1145 1146/1146
f 1147/1147 1148/1148 1149/1149
f 1150/1150 1151/1151 1152/1152
f 1153/1153 1154/1154 1155/1155
f 1156/1156 1157/1157 1158/1158
f 1159/1159 1160/1160 1161/1161
f 1162/1162 1163/1163 1164/1164
f 1165/1165 1166/1166 1167/1167
f 1168/1168 1169/1169 1170/1170
f 1171/1171 1172/1172 1173/1173
f 1174/1174 1175/1175 1176/1176
f 1177/1177 1178/1178 1179/1179
f 1180/1180 1181/1181 1182/1182
f 1183/1183 1184/1184 1185/1185
f 1186/1186 1187/1187 1188/1188
f 1189/1189 1190/1190 1191/1191
f 1192/1192 1193/1193 1194/1194
f 1195/1195 1196/1196 1197/1197
f 1198/1198 1199/1199 1200/1200
f 1201/1201 1202/1202 1203/1203
f 1204/1204 1205/1205 1206/1206
f 1207/1207 1208/1208 1209/1209
f 1210/1210 1211/1211 1212/1212
f 1213/1213 1214/1214 1215/1215
f 1216/1216 1217/1217 1218/1218
f 1219/1219 1220/1220 1221/1221
f 1222/1222 1223/1223 1224/1224
f 1225/1225 1226/1226 1227/1227
f 1228/1228 1229/1229 1230/1230
f 1231/1231 1232/1232 1233/1233
f 1234/1234 1235/1235 1236/1236
f 1237/1237 1238/1238 1239/1239
f 1240/1240 1241/1241 1242/1242
f 1243/1243 1244/1244 1245/1245
f 1246/1246 1247/1247 1248/1248
f 1249/1249 1250/1250 1251/1251
f 1252/1252 1253/1253 1254/1254
f 1255/1255 1256/1256 1257/1257
f 1258/1258 1259/1259 1260/1260
f 1261/1261 1262/1262 1263/1263
f 1264/1264 1265/1265 1266/1266
f 1267/1267 1268/1268 1269/1269
f 1270/1270 1271/1271 1272/1272
f 1273/1273 1274/1274 1275/1275
f 1276/1276 1277/1277 1278/1278
f 1279/1279 1280/1280 1281/1281
f 1282/1282 1283/1283 1284/1284
f 1285/1285 1286/1286 1287/1287
f 1288/1288 1289/1289 1290/1290
f 1291/1291 1292/1292 1293/1293
f 1294/1294 1295/1295 1296/1296
f 1297/1297 1298/1298 1299/1299
f 1300/1300 1301/1301 1302/1302
f 1303/1303 1304/1304 1305/1305
f 1306/1306 1307/1307 1308/1308
f 1309/1309 1310/1310 1311/1311
f 1312/1312 1313/1313 1314/1314
f 1315/1315 1316/1316 1317/1317
f 1318/1318 1319/1319 1320/1320
f 1321/1321 1322/1322 1323/1323
f 1324/1324 1325/1325 1326/1326
f 1327/1327 1328/1328 1329/1329
f 1330/1330 1331/1331 1332/1332
f 1333/1333 1334/1334 1335/1335
f 1336/1336 1337/1337 1338/1338
f 1339/1339 1340/1340 1341/1341
f 1342/1342 1343/1343 1344/1344
f 1345/1345 1346/1346 1347/1347
f 1348/1348 1349/1349 1350/1350
f 1351/1351 1352/1352 1353/1353
f 1354/1354 1355/1355 1356/1356
f 1357/1357 1358/1358 1359/1359
f 1360/1360 1361/1361 1362/1362
f 1363/1363 1364/1364 1365/1365
f 1366/1366 1367/1367 1368/1368
f 1369/1369 1370/1370 1371/1371
f 1372/1372 1373/1373 1374/1374
f 1375/1375 1376/1376 1377/1377
f 1378/1378 1379/1379 1380/1380
f 1381/1381 1382/1382 1383/1383
f 1384/1384 1385/1385 1386/1386
f 1387/1387 1388/1388 1389/1389
f 1390/1390 1391/1391 1392/1392
f 1393/1393 1394/1394 1395/1395
f 1396/1396 1397/1397 1398/1398
f 1399/1399 1400/1400 1401/1401
f 1402/1402 1403/1403 1404/1404
f 1405/1405 1406/1406 1407/1407
f 1408/1408 1409/1409 1410/1410
f 1411/1411 1412/1412 1413/1413
f 1414/1414 1415/1415 1416/1416
f 1417/1417 1418/1418 1419/1419
f 1420/1420 1421/1421 1422/1422
f 1423/1423 1424/1424 1425/1425
f 1426/1426 1427/1427 1428/1428
f 1429/1429 1430/1430 1431/1431
f 1432/1432 1433/1433 1434/1434
f 1435/1435 1436/1436 1437/1437
f 1438/1438 1439/1439 1440/1440
f 1441/1441 1442/1442 1443/1443
f 1444/1444 1445/1445 1446/1446
f 1447/1447 1448/1448 1449/1449
f 1450/1450 1451/1451 1452/1452
f 1453/1453 1454/1454 1455/1455
f 1456/1456 1457/1457 1458/1458
f 1459/1459 1460/1460 1461/1461
f 1462/1462 1463/1463 1464/1464
f 1465/1465 1466/1466 1467/1467
f 1468/1468 1469/1469 1470/1470
f 1471/1471 1472/1472 1473/1473
f 1474/1474 1475/1475 1476/1476
f 1477/1477 1478/1478 1479/1479
f 1480/1480 1481/1481 1482/1482
f 1483/1483 1484/1484 1485/1485
f 1486/1486 1487/1487 1488/1488
f 1489/1489 1490/1490 1491/1491
f 1492/1492 1493/1493 1494/1494
f 1495/1495 1496/1496 1497/1497
f 1498/1498 1499/1499 1500/1500
f 1501/1501 1502/1502 1503/1503
f 1504/1504 1505/1505 1506/1506
f 1507/1507 1508/1508 1509/1509
f 1510/1510 1511/1511 1512/1512
f 1513/1513 1514/1514 1515/1515
f 1516/1516 1517/1517 1518/1518
f 1519/1519 1520/1520 1521/1521
f 1522/1522 1523/1523 1524/1524
f 1525/1525 1526/1526 1527/1527
f 1528/1528 1529/1529 1530/1530
f 1531/1531 1532/1532 1533/1533
f 1534/1534 1535/1535 1536/1536
f 1537/1537 1538/1538 1539/1539
f 1540/1540 1541/1541 1542/1542
f 1543/1543 1544/1544 1545/1545
f 1546/1546 1547/1547 1548/1548
f 1549/1549 1550/1550 1551/1551
f 1552/1552 1553/1553 1554/1554
f 1555/1555 1556/1556 1557/1557
f 1558/1558 1559/1559 1560/1560
f 1561/1561 1562/1562 1563/1563
f 1564/1564 1565/1565 1566/1566
f 1567/1567 1568/1568 1569/1569
f 1570/1570 1571/1571 1572/1572
f 1573/1573 1574/1574 1575/1575
f 1576/1576 1577/1577 1578/1578
f 1579/1579 1580/1580 1581/1581
f 1582/1582 1583/1583 1584/1584
f 1585/1585 1586/1586 1587/1587
f 1588/1588 1589/1589 1590/1590
f 1591/1591 1592/1592 1593/1593
f 1594/1594 1595/1595 1596/1596
f 1597/1597 1598/1598 1599/1599
f 1600/1600 1601/1601 1602/1602
f 1603/1603 1604/1604 1605/1605
f 1606/1606 1607/1607 1608/1608
f 1609/1609 1610/1610 1611/1611
f 1612/1612 1613/1613 1614/1614
f 1615/1615 1616/1616 1617/1617
f 1618/1618 1619/1619 1620/1620
f 1621/1621 1622/1622 1623/1623
f 1624/1624 1625/1625 1626/1626
f 1627/1627 1628/1628 1629/1629
f 1630/1630 1631/1631 1632/1632
f 1633/1633 1634/1634 1635/1635
f 1636/1636 1637/1637 1638/1638
f 1639/1639 1640/1640 1641/1641
f 1642/1642 1643/1643 1644/1644
f 1645/1645 1646/1646 1647/1647
f 1648/1648 1649/1649 1650/1650
f 1651/1651 1652/1652 1653/1653
f 1654/1654 1655/1655 1656/1656
f 1657/1657 1658/1658 1659/1659
f 1660/1660 1661/1661 1662/1662
f 1663/1663 1664/1664 1665/1665
f 1666/1666 1667/1667 1668/1668
f 1669/1669 1670/1670 1671/1671
f 1672/1672 1673/1673 1674/1674
f 1675/1675 1676/1676 1677/1677
f 1678/1678 1679/1679 1680/1680
f 1681/1681 1682/1682 1683/1683
f 1684/1684 1685/1685 1686/1686
f 1687/1687 1688/1688 1689/1689
f 1690/1690 1691/1691 1692/1692
f 1693/1693 1694/1694 1695/1695
f 1696/1696 1697/1697 1698/1698
f 1699/1699 1700/1700 1701/1701
f 1702/1702 1703/1703 1704/1704
f 1705/1705 1706/1706 1707/1707
f 1708/1708 1709/1709 1710/1710
f 1711/1711 1712/1712 1713/1713
f 1714/1714 1715/1715 1716/1716
f 1717/1717 1718/1718 1719/1719
f 1720/1720 1721/1721 1722/1722
f 1723/1723 1724/1724 1725/1725
f 1726/1726 1727/1727 1728/1728
f 1729/1729 1730/1730 1731/1731
f 1732/1732 1733/1733 1734/1734
f 1735/1735 1736/1736 1737/1737
f 1738/1738 1739/1739 1740/1740
f 1741/1741 1742/1742 1743/1743
f 1744/1744 1745/1745 1746/1746
f 1747/1747 1748/1748 1749/1749
f 1750/1750 1751/1751 1752/1752
f 1753/1753 1754/1754 1755/1755
f 1756/1756 1757/1757 1758/1758
f 1759/1759 1760/1760 1761/1761
f 1762/1762 1763/1763 1764/1764
f 1765/1765 1766/1766 1767/1767
f 1768/1768 1769/1769 1770/1770
f 1771/1771 1772/1772 1773/1773
f 1774/1774 1775/1775 1776/1776
f 1777/1777 1778/1778 1779/1779
f 1780/1780 1781/1781 1782/1782
f 1783/1783 1784/1784 1785/1785
f 1786/1786 1787/1787 1788/1788
f 1789/1789 1790/1790 1791/1791
f 1792/1792 1793/1793 1794/1794
f 1795/1795 1796/1796 1797/1797
f 1798/1798 1799/1799 1800/1800
f 1801/1801 1802/1802 1803/1803
f 1804/1804 1805/1805 1806/1806
f 1807/1807 1808/1808 1809/1809
f 1810/1810 1811/1811 1812/1812
f 1813/1813 1814/1814 1815/1815
f 1816/1816 1817/1817 1818/1818
f 1819/1819 1820/1820 1821/1821
f 1822/1822 1823/1823 1824/1824
f 1825/1825 1826/1826 1827/1827
f 1828/1828 1829/1829 1830/1830
f 1831/1831 1832/1832 1833/1833
f 1834/1834 1835/1835 1836/1836
f 1837/1837 1838/1838 1839/1839
f 1840/1840 1841/1841 1842/1842
f 1843/1843 1844/1844 1845/1845
f 1846/1846 1847/1847 1848/1848
f 1849/1849 1850/1850 1851/1851
f 1852/1852 1853/1853 1854/1854
f 1855/1855 1856/1856 1857/1857
f 1858/1858 1859/1859 1860/1860
f 1861/1861 1862/1862 1863/1863
f 1864/1864 1865/1865 1866/1866
f 1867/1867 1868/1868 1869/1869
f 1870/1870 1871/1871 1872/1872
f 1873/1873 1874/1874 1875/1875
f 1876/1876 1877/1877 1878/1878
f 1879/1879 1880/1880 1881/1881
f 1882/1882 1883/1883 1884/1884
f 1885/1885 1886/1886 1887/1887
f 1888/1888 1889/1889 1890/1890
f 1891/1891 1892/1892 1893/1893
f 1894/1894 1895/1895 1896/1896
f 1897/1897 1898/1898 1899/1899
f 1900/1900 1901/1901 1902/1902
f 1903/1903 1904/1904 1905/1905
f 1906/1906 1907/1907 1908/1908
f 1909/1909 1910/1910 1911/1911
f 1912/1912 1913/1913 1914/1914
f 1915/1915 1916/1916 1917/1917
f 1918/1918 1919/1919 1920/1920
f 1921/1921 1922/1922 1923/1923
f 1924/1924 1925/1925 1926/1926
f 1927/1927 1928/1928 1929/1929
f 1930/1930 1931/1931 1932/1932
f 1933/1933 1934/1934 1935/1935
f 1936/1936 1937/1937 1938/1938
f 1939/1939 1940/1940 1941/1941
f 1942/1942 1943/1943 1944/1944
f 1945/1945 1946/1946 1947/1947
f 1948/1948 1949/1949 1950/1950
f 1951/1951 1952/1952 1953/1953
f 1954/1954 1955/1955 1956/1956
f 1957/1957 1958/1958 1959/1959
f 1960/1960 1961/1961 1962/1962
f 1963/1963 1964/1964 1965/1965
f 1966/1966 1967/1967 1968/1968
f 1969/1969 1970/1970 1971/1971
f 1972/1972 1973/1973 1974/1974
f 1975/1975 1976/1976 1977/1977
f 1978/1978 1979/1979 1980/1980
f 1981/1981 1982/1982 1983/1983
f 1984/1984 1985/1985 1986/1986
f 1987/1987 1988/1988 1989/1989
f 1990/1990 1991/1991 1992/1992
f 1993/1993 1994/1994 1995/1995
f 1996/1996 1997/1997 1998/1998
f 1999/1999 2000/2000 2001/2001
f 2002/2002 2003/2003 2004/2004
f 2005/2005 2006/2006 2007/2007
f 2008/2008 2009/2009 2010/2010
f 2011/2011 2012/2012 2013/2013
f 2014/2014 2015/2015 2016/2016
f 2017/2017 2018/2018 2019/2019
f 2020/2020 2021/2021 2022/2022
f 2023/2023 2024/2024 2025/2025
f 2026/2026 2027/2027 2028/2028
f 2029/2029 2030/2030 2031/2031
f 2032/2032 2033/2033 2034/2034
f 2035/2035 2036/2036 2037/2037
f 2038/2038 2039/2039 2040/2040
f 2041/2041 2042/2042 2043/2043
f 2044/2044 2045/2045 2046/2046
f 2047/2047 2048/2048 2049/2049
f 2050/2050 2051/2051 2052/2052
f 2053/2053 2054/2054 2055/2055
f 2056/2056 2057/2057 2058/2058
f 2059/2059 2060/2060 2061/2061
f 2062/2062 2063/2063 2064/2064
f 2065/2065 2066/2066 2067/2067
f 2068/2068 2069/2069 2070/2070
f 2071/2071 2072/2072 2073/2073
f 2074/2074 2075/2075 2076/2076
f 2077/2077 2078/2078 2079/2079
f 2080/2080 2081/2081 2082/2082
f 2083/2083 2084/2084 2085/2085
f 2086/2086 2087/2087 2088/2088
f 2089/2089 2090/2090 2091/2091
f 2092/2092 2093/2093 2094/2094
f 2095/2095 2096/2096 2097/2097
f 2098/2098 2099/2099 2100/2100
f 2101/2101 2102/2102 2103/2103
f 2104/2104 2105/2105 2106/2106
f 2107/2107 2108/2108 2109/2109
f 2110/2110 2111/2111 2112/2112
f 2113/2113 2114/2114 2115/2115
f 2116/2116 2117/2117 2118/2118
f 2119/2119 2120/2120 2121/2121
f 2122/2122 2123/2123 2124/2124
f 2125/2125 2126/2126 2127/2127
f 2128/2128 2129/2129 2130/2130
f 2131/2131 2132/2132 2133/2133
f 2134/2134 2135/2135 2136/2136
f 2137/2137 2138/2138 2139/2139
f 2140/2140 2141/2141 2142/2142
f 2143/2143 2144/2144 2145/2145
f 2146/2146 2147/2147 2148/2148
f 2149/2149 2150/2150 2151/2151
f 2152/2152 2153/2153 2154/2154
f 2155/2155 2156/2156 2157/2157
f 2158/2158 2159/2159 2160/2160
f 2161/2161 2162/2162 2163/2163
f 2164/2164 2165/2165 2166/2166
f 2167/2167 2168/2168 2169/2169
f 2170/2170 2171/2171 2172/2172
f 2173/2173 2174/2174 2175/2175
f 2176/2176 2177/2177 2178/2178
f 2179/2179 2180/2180 2181/2181
f 2182/2182 2183/2183 2184/2184
f 2185/2185 2186/2186 2187/2187
f 2188/2188 2189/2189 2190/2190
f 2191/2191 2192/2192 2193/2193
f 2194/2194 2195/2195 2196/2196
f 2197/2197 2198/2198 2199/2199
f 2200/2200 2201/2201 2202/2202
f 2203/2203 2204/2204 2205/2205
f 2206/2206 2207/2207 2208/2208
f 2209/2209 2210/2210 2211/2211
f 2212/2212 2213/2213 2214/2214
f 2215/2215 2216/2216 2217/2217
f 2218/2218 2219/2219 2220/2220
f 2221/2221 2222/2222 2223/2223
f 2224/2224 2225/2225 2226/2226
f 2227/2227 2228/2228 2229/2229
f 2230/2230 2231/2231 2232/2232
f 2233/2233 2234/2234 2235/2235
f 2236/2236 2237/2237 2238/2238
f 2239/2239 2240/2240 2241/2241
f 2242/2242 2243/2243 2244/2244
f 2245/2245 2246/2246 2247/2247
f 2248/2248 2249/2249 2250/2250
f 2251/2251 2252/2252 2253/2253
f 2254/2254 2255/2255 2256/2256
f 2257/2257 2258/2258 2259/2259
f 2260/2260 2261/2261 2262/2262
f 2263/2263 2264/2264 2265/2265
f 2266/2266 2267/2267 2268/2268
f 2269/2269 2270/2270 2271/2271
f 2272/2272 2273/2273 2274/2274
f 2275/2275 2276/2276 2277/2277
f 2278/2278 2279/2279 2280/2280
f 2281/2281 2282/2282 2283/2283
f 2284/2284 2285/2285 2286/2286
f 2287/2287 2288/2288 2289/2289
f 2290/2290 2291/2291 2292/2292
f 2293/2293 2294/2294 2295/2295
f 2296/2296 2297/2297 2298/2298
f 2299/2299 2300/2300 2301/2301
f 2302/2302 2303/2303 2304/2304
f 2305/2305 2306/2306 2307/2307
f 2308/2308 2309/2309 2310/2310
f 2311/2311 2312/2312 2313/2313
f 2314/2314 2315/2315 2316/2316
f 2317/2317 2318/2318 2319/2319
f 2320/2320 2321/2321 2322/2322
f 2323/2323 2324/2324 2325/2325
f 2326/2326 2327/2327 2328/2328
f 2329/2329 2330/2330 2331/2331
f 2332/2332 2333/2333 2334/2334
f 2335/2335 2336/2336 2337/2337
f 2338/2338 2339/2339 2340/2340
f 2341/2341 2342/2342 2343/2343
f 2344/2344 2345/2345 2346/2346
f 2347/2347 2348/2348 2349/2349
f 2350/2350 2351/2351 2352/2352
f 2353/2353 2354/2354 2355/2355
f 2356/2356 2357/2357 2358/2358
f 2359/2359 2360/2360 2361/2361
f 2362/2362 2363/2363 2364/2364
f 2365/2365 2366/2366 2367/2367
f 2368/2368 2369/2369 2370/2370
f 2371/2371 2372/2372 2373/2373
f 2374/2374 2375/2375 2376/2376
f 2377/2377 2378/2378 2379/2379
f 2380/2380 2381/2381 2382/2382
f 2383/2383 2384/2384 2385/2385
f 2386/2386 2387/2387 2388/2388
f 2389/2389 2390/2390 2391/2391
f 2392/2392 2393/2393 2394/2394
f 2395/2395 2396/2396 2397/2397
f 2398/2398 2399/2399 2400/2400
f 2401/2401 2402/2402 2403/2403
f 2404/2404 2405/2405 2406/2406
f 2407/2407 2408/2408 2409/2409
f 2410/2410 2411/2411 2412/2412
f 2413/2413 2414/2414 2415/2415
f 2416/2416 2417/2417 2418/2418
f 2419/2419 2420/2420 2421/2421
f 2422/2422 2423/2423 2424/2424
f 2425/2425 2426/2426 2427/2427
f 2428/2428 2429/2429 2430/2430
f 2431/2431 2432/2432 2433/2433
f 2434/2434 2435/2435 2436/2436
f 2437/2437 2438/2438 2439/2439
f 2440/2440 2441/2441 2442/2442
f 2443/2443 2444/2444 2445/2445
f 2446/2446 2447/2447 2448/2448
f 2449/2449 2450/2450 2451/2451
f 2452/2452 2453/2453 2454/2454
f 2455/2455 2456/2456 2457/2457
f 2458/2458 2459/2459 2460/2460
f 2461/2461 2462/2462 2463/2463
f 2464/2464 2465/2465 2466/2466
f 2467/2467 2468/2468 2469/2469
f 2470/2470 2471/2471 2472/2472
f 2473/2473 2474/2474 2475/2475
f 2476/2476 2477/2477 2478/2478
f 2479/2479 2480/2480 2481/2481
f 2482/2482 2483/2483 2484/2484
f 2485/2485 2486/2486 2487/2487
f 2488/2488 2489/2489 2490/2490
f 2491/2491 2492/2492 2493/2493
f 2494/2494 2495/2495 2496/2496
f 2497/2497 2498/2498 2499/2499
f 2500/2500 2501/2501 2502/2502
f 2503/2503 2504/2504 2505/2505
f 2506/2506 2507/2507 2508/2508
f 2509/2509 2510/2510 2511/2511
f 2512/2512 2513/2513 2514/2514
f 2515/2515 2516/2516 2517/2517
f 2518/2518 2519/2519 2520/2520
f 2521/2521 2522/2522 2523/2523
f 2524/2524 2525/2525 2526/2526
f 2527/2527 2528/2528 2529/2529
f 2530/2530 2531/2531 2532/2532
f 2533/2533 2534/2534 2535/2535
f 2536/2536 2537/2537 2538/2538
f 2539/2539 2540/2540 2541/2541
f 2542/2542 2543/2543 2544/2544
f 2545/2545 2546/2546 2547/2547
f 2548/2548 2549/2549 2550/2550
f 2551/2551 2552/2552 2553/2553
f 2554/2554 2555/2555 2556/2556
f 2557/2557 2558/2558 2559/2559
f 2560/2560 2561/2561 2562/2562
f 2563/2563 2564/2564 2565/2565
f 2566/2566 2567/2567 2568/2568
f 2569/2569 2570/2570 2571/2571
f 2572/2572 2573/2573 2574/2574
f 2575/2575 2576/2576 2577/2577
f 2578/2578 2579/2579 2580/2580
f 2581/2581 2582/2582 2583/2583
f 2584/2584 2585/2585 2586/2586
f 2587/2587 2588/2588 2589/2589
f 2590/2590 2591/2591 2592/2592
f 2593/2593 2594/2594 2595/2595
f 2596/2596 2597/2597 2598/2598
f 2599/2599 2600/2600 2601/2601
f 2602/2602 2603/2603 2604/2604
f 2605/2605 2606/2606 2607/2607
f 2608/2608 2609/2609 2610/2610
f 2611/2611 2612/2612 2613/2613
f 2614/2614 2615/2615 2616/2616
f 2617/2617 2618/2618 2619/2619
f 2620/2620 2621/2621 2622/2622
f 2623/2623 2624/2624 2625/2625
f 2626/2626 2627/2627 2628/2628
f 2629/2629 2630/2630 2631/2631
f 2632/2632 2633/2633 2634/2634
f 2635/2635 2636/2636 2637/2637
f 2638/2638 2639/2639 2640/2640
f 2641/2641 2642/2642 2643/2643
f 2644/2644 2645/2645 2646/2646
f 2647/2647 2648/2648 2649/2649
f 2650/2650 2651/2651 2652/2652
f 2653/2653 2654/2654 2655/2655
f 2656/2656 2657/2657 2658/2658
f 2659/2659 2660/2660 2661/2661
f 2662/2662 2663/2663 2664/2664
f 2665/2665 2666/2666 2667/2667
f 2668/2668 2669/2669 2670/2670
f 2671/2671 2672/2672 2673/2673
f 2674/2674 2675/2675 2676/2676
f 2677/2677 2678/2678 2679/2679
f 2680/2680 2681/2681 2682/2682
f 2683/2683 2684/2684 2685/2685
f 2686/2686 2687/2687 2688/2688
f 2689/2689 2690/2690 2691/2691
f 2692/2692 2693/2693 2694/2694
f 2695/2695 2696/2696 2697/2697
f 2698/2698 2699/2699 2700/2700
f 2701/2701 2702/2702 2703/2703
f 2704/2704 2705/2705 2706/2706
f 2707/2707 2708/2708 2709/2709
f 2710/2710 2711/2711 2712/2712
f 2713/2713 2714/2714 2715/2715
f 2716/2716 2717/2717 2718/2718
f 2719/2719 2720/2720 2721/2721
f 2722/2722 2723/2723 2724/2724
f 2725/2725 2726/2726 2727/2727
f 2728/2728 2729/2729 2730/2730
f 2731/2731 2732/2732 2733/2733
f 2734/2734 2735/2735 2736/2736
f 2737/2737 2738/2738 2739/2739
f 2740/2740 2741/2741 2742/2742
f 2743/2743 2744/2744 2745/2745
f 2746/2746 2747/2747 2748/2748
f 2749/2749 2750/2750 2751/2751
f 2752/2752 2753/2753 2754/2754
f 2755/2755 2756/2756 2757/2757
f 2758/2758 2759/2759 2760/2760
f 2761/2761 2762/2762 2763/2763
f 2764/2764 2765/2765 2766/2766
f 2767/2767 2768/2768 2769/2769
f 2770/2770 2771/2771 2772/2772
f 2773/2773 2774/2774 2775/2775
f 2776/2776 2777/2777 2778/2778
f 2779/2779 2780/2780 2781/2781
f 2782/2782 2783/2783 2784/2784
f 2785/2785 2786/2786 2787/2787
f 2788/2788 2789/2789 2790/2790
f 2791/2791 2792/2792 2793/2793
f 2794/2794 2795/2795 2796/2796
f 2797/2797 2798/2798 2799/2799
f 2800/2800 2801/2801 2802/2802
f 2803/2803 2804/2804 2805/2805
f 2806/2806 2807/2807 2808/2808
f 2809/2809 2810/2810 2811/2811
f 2812/2812 2813/2813 2814/2814
f 2815/2815 2816/2816 2817/2817
f 2818/2818 2819/2819 2820/2820
f 2821/2821 2822/2822 2823/2823
f 2824/2824 2825/2825 2826/2826
f 2827/2827 2828/2828 2829/2829
f 2830/2830 2831/2831 2832/2832
f 2833/2833 2834/2834 2835/2835
f 2836/2836 2837/2837 2838/2838
f 2839/2839 2840/2840 2841/2841
f 2842/2842 2843/2843 2844/2844
f 2845/2845 2846/2846 2847/2847
f 2848/2848 2849/2849 2850/2850
f 2851/2851 2852/2852 2853/2853
f 2854/2854 2855/2855 2856/2856
f 2857/2857 2858/2858 2859/2859
f 2860/2860 2861/2861 2862/2862
f 2863/2863 2864/2864 2865/2865
f 2866/2866 2867/2867 2868/2868
f 2869/2869 2870/2870 2871/2871
f 2872/2872 2873/2873 2874/2874
f 2875/2875 2876/2876 2877/2877
f 2878/2878 2879/2879 2880/2880
f 2881/2881 2882/2882 2883/2883
f 2884/2884 2885/2885 2886/2886
f 2887/2887 2888/2888 2889/2889
f 2890/2890 2891/2891 2892/2892
f 2893/2893 2894/2894 2895/2895
f 2896/2896 2897/2897 2898/2898
f 2899/2899 2900/2900 2901/2901
f 2902/2902 2903/2903 2904/2904
f 2905/2905 2906/2906 2907/2907
f 2908/2908 2909/2909 2910/2910
f 2911/2911 2912/2912 2913/2913
f 2914/2914 2915/2915 2916/2916
f 2917/2917 2918/2918 2919/2919
f 2920/2920 2921/2921 2922/2922
f 2923/2923 2924/2924 2925/2925
f 2926/2926 2927/2927 2928/2928
f 2929/2929 2930/2930 2931/2931
f 2932/2932 2933/2933 2934/2934
f 2935/2935 2936/2936 2937/2937
f 2938/2938 2939/2939 2940/2940
f 2941/2941 2942/2942 2943/2943
f 2944/2944 2945/2945 2946/2946
f 2947/2947 2948/2948 2949/2949
f 2950/2950 2951/2951 2952/2952
f 2953/2953 2954/2954 2955/2955
f 2956/2956 2957/2957 2958/2958
f 2959/2959 2960/2960 2961/2961
f 2962/2962 2963/2963 2964/2964
f 2965/2965 2966/2966 2967/2967
f 2968/2968 2969/2969 2970/2970
f 2971/2971 2972/2972 2973/2973
f 2974/2974 2975/2975 2976/2976
f 2977/2977 2978/2978 2979/2979
f 2980/2980 2981/2981 2982/2982
f 2983/2983 2984/2984 2985/2985
f 2986/2986 2987/2987 2988/2988
f 2989/2989 2990/2990 2991/2991
f 2992/2992 2993/2993 2994/2994
f 2995/2995 2996/2996 2997/2997
f 2998/2998 2999/2999 3000/3000
f 3001/3001 3002/3002 3003/3003
f 3004/3004 3005/3005 3006/3006
f 3007/3007 3008/3008 3009/3009
f 3010/3010 3011/3011 3012/3012
f 3013/3013 3014/3014 3015/3015
f 3016/3016 3017/3017 3018/3018
f 3019/3019 3020/3020 3021/3021
f 3022/3022 3023/3023 3024/3024
f 3025/3025 3026/3026 3027/3027
f 3028/3028 3029/3029 3030/3030
f 3031/3031 3032/3032 3033/3033
f 3034/3034 3035/3035 3036/3036
f 3037/3037 3038/3038 3039/3039
f 3040/3040 3041/3041 3042/3042
f 3043/3043 3044/3044 3045/3045
f 3046/3046 3047/3047 3048/3048
f 3049/3049 3050/3050 3051/3051
f 3052/3052 3053/3053 3054/3054
f 3055/3055 3056/3056 3057/3057
f 3058/3058 3059/3059 3060/3060
f 3061/3061 3062/3062 3063/3063
f 3064/3064 3065/3065 3066/3066
f 3067/3067 3068/3068 3069/3069
f 3070/3070 3071/3071 3072/3072
f 3073/3073 3074/3074 3075/3075
f 3076/3076 3077/3077 3078/3078
f 3079/3079 3080/3080 3081/3081
f 3082/3082 3083/3083 3084/3084
f 3085/3085 3086/3086 3087/3087
f 3088/3088 3089/3089 3090/3090
f 3091/3091 3092/3092 3093/3093
f 3094/3094 3095/3095 3096/3096
f 3097/3097 3098/3098 3099/3099
f 3100/3100 3101/3101 3102/3102
f 3103/3103 3104/3104 3105/3105
f 3106/3106 3107/3107 3108/3108
f 3109/3109 3110/3110 3111/3111
f 3112/3112 3113/3113 3114/3114
f 3115/3115 3116/3116 3117/3117
f 3118/3118 3119/3119 3120/3120
f 3121/3121 3122/3122 3123/3123
f 3124/3124 3125/3125 3126/3126
f 3127/3127 3128/3128 3129/3129
f 3130/3130 3131/3131 3132/3132
f 3133/3133 3134/3134 3135/3135
f 3136/3136 3137/3137 3138/3138
f 3139/3139 3140/3140 3141/3141
f 3142/3142 3143/3143 3144/3144
f 3145/3145 3146/3146 3147/3147
f 3148/3148 3149/3149 3150/3150
f 3151/3151 3152/3152 3153/3153
f 3154/3154 3155/3155 3156/3156
f 3157/3157 3158/3158 3159/3159
f 3160/3160 3161/3161 3162/3162
f 3163/3163 3164/3164 3165/3165
f 3166/3166 3167/3167 3168/3168
f 3169/3169 3170/3170 3171/3171
f 3172/3172 3173/3173 3174/3174
f 3175/3175 3176/3176 3177/3177
f 3178/3178 3179/3179 3180/3180
f 3181/3181 3182/3182 3183/3183
f 3184/3184 3185/3185 3186/3186
f 3187/3187 3188/3188 3189/3189
f 3190/3190 3191/3191 3192/3192
f 3193/3193 3194/3194 3195/3195
f 3196/3196 3197/3197 3198/3198
f 3199/3199 3200/3200 3201/3201
f 3202/3202 3203/3203 3204/3204
f 3205/3205 3206/3206 3207/3207
f 3208/3208 3209/3209 3210/3210
f 3211/3211 3212/3212 3213/3213
f 3214/3214 3215/3215 3216/3216
f 3217/3217 3218/3218 3219/3219
f 3220/3220 3221/3221 3222/3222
f 3223/3223 3224/3224 3225/3225
f 3226/3226 3227/3227 3228/3228
f 3229/3229 3230/3230 3231/3231
f 3232/3232 3233/3233 3234/3234
f 3235/3235 3236/3236 3237/3237
f 3238/3238 3239/3239 3240/3240
f 3241/3241 3242/3242 3243/3243
f 3244/3244 3245/3245 3246/3246
f 3247/3247 3248/3248 3249/3249
f 3250/3250 3251/3251 3252/3252
f 3253/3253 3254/3254 3255/3255
f 3256/3256 3257/3257 3258/3258
f 3259/3259 3260/3260 3261/3261
f 3262/3262 3263/3263 3264/3264
f 3265/3265 3266/3266 3267/3267
f 3268/3268 3269/3269 3270/3270
f 3271/3271 3272/3272 3273/3273
f 3274/3274 3275/3275 3276/3276
f 3277/3277 3278/3278 3279/3279
f 3280/3280 3281/3281 3282/3282
f 3283/3283 3284/3284 3285/3285
f 3286/3286 3287/3287 3288/3288
f 3289/3289 3290/3290 3291/3291
f 3292/3292 3293/3293 3294/3294
f 3295/3295 3296/3296 3297/3297
f 3298/3298 3299/3299 3300/3300
f 3301/3301 3302/3302 3303/3303
f 3304/3304 3305/3305 3306/3306
f 3307/3307 3308/3308 3309/3309
f 3310/3310 3311/3311 3312/3312
f 3313/3313 3314/3314 3315/3315
f 3316/3316 3317/3317 3318/3318
f 3319/3319 3320/3320 3321/3321
f 3322/3322 3323/3323 3324/3324
f 3325/3325 3326/3326 3327/3327
f 3328/3328 3329/3329 3330/3330
f 3331/3331 3332/3332 3333/3333
f 3334/3334 3335/3335 3336/3336
f 3337/3337 3338/3338 3339/3339
f 3340/3340 3341/3341 3342/3342
f 3343/3343 3344/3344 3345/3345
f 3346/3346 3347/3347 3348/3348
f 3349/3349 3350/3350 3351/3351
f 3352/3352 3353/3353 3354/3354
f 3355/3355 3356/3356 3357/3357
f 3358/3358 3359/3359 3360/3360
f 3361/3361 3362/3362 3363/3363
f 3364/3364 3365/3365 3366/3366
f 3367/3367 3368/3368 3369/3369
f 3370/3370 3371/3371 3372/3372
f 3373/3373 3374/3374 3375/3375
f 3376/3376 3377/3377 3378/3378
f 3379/3379 3380/3380 3381/3381
f 3382/3382 3383/3383 3384/3384
f 3385/3385 3386/3386 3387/3387
f 3388/3388 3389/3389 3390/3390
f 3391/3391 3392/3392 3393/3393
f 3394/3394 3395/3395 3396/3396
f 3397/3397 3398/3398 3399/3399
f 3400/3400 3401/3401 3402/3402
f 3403/3403 3404/3404 3405/3405
f 3406/3406 3407/3407 3408/3408
f 3409/3409 3410/3410 3411/3411
f 3412/3412 3413/3413 3414/3414
f 3415/3415 3416/3416 3417/3417
f 3418/3418 3419/3419 3420/3420
f 3421/3421 3422/3422 3423/3423
f 3424/3424 3425/3425 3426/3426
f 3427/3427 3428/3428 3429/3429
f 3430/3430 3431/3431 3432/3432
f 3433/3433 3434/3434 3435/3435
f 3436/3436 3437/3437 3438/3438
f 3439/3439 3440/3440 3441/3441
f 3442/3442 3443/3443 3444/3444
f 3445/3445 3446/3446 3447/3447
f 3448/3448 3449/3449 3450/3450
f 3451/3451 3452/3452 3453/3453
f 3454/3454 3455/3455 3456/3456
f 3457/3457 3458/3458 3459/3459
f 3460/3460 3461/3461 3462/3462
f 3463/3463 3464/3464 3465/3465
f 3466/3466 3467/3467 3468/3468
f 3469/3469 3470/3470 3471/3471
f 3472/3472 3473/3473 3474/3474
f 3475/3475 3476/3476 3477/3477
f 3478/3478 3479/3479 3480/3480
f 3481/3481 3482/3482 3483/3483
f 3484/3484 3485/3485 3486/3486
f 3487/3487 3488/3488 3489/3489
f 3490/3490 3491/3491 3492/3492
f 3493/3493 3494/3494 3495/3495
f 3496/3496 3497/3497 3498/3498
f 3499/3499 3500/3500 3501/3501
f 3502/3502 3503/3503 3504/3504
f 3505/3505 3506/3506 3507/3507
f 3508/3508 3509/3509 3510/3510
f 3511/3511 3512/3512 3513/3513
f 3514/3514 3515/3515 3516/3516
f 3517/3517 3518/3518 3519/3519
f 3520/3520 3521/3521 3522/3522
f 3523/3523 3524/3524 3525/3525
f 3526/3526 3527/3527 3528/3528
f 3529/3529 3530/3530 3531/3531
f 3532/3532 3533/3533 3534/3534
f 3535/3535 3536/3536 3537/3537
f 3538/3538 3539/3539 3540/3540
f 3541/3541 3542/3542 3543/3543
f 3544/3544 3545/3545 3546/3546
f 3547/3547 3548/3548 3549/3549
f 3550/3550 3551/3551 3552/3552
f 3553/3553 3554/3554 3555/3555
f 3556/3556 3557/3557 3558/3558
f 3559/3559 3560/3560 3561/3561
f 3562/3562 3563/3563 3564/3564
f 3565/3565 3566/3566 3567/3567
f 3568/3568 3569/3569 3570/3570
f 3571/3571 3572/3572 3573/3573
f 3574/3574 3575/3575 3576/3576
f 3577/3577 3578/3578 3579/3579
f 3580/3580 3581/3581 3582/3582
f 3583/3583 3584/3584 3585/3585
f 3586/3586 3587/3587 3588/3588
f 3589/3589 3590/3590 3591/3591
f 3592/3592 3593/3593 3594/3594
f 3595/3595 3596/3596 3597/3597
f 3598/3598 3599/3599 3600/3600
f 3601/3601 3602/3602 3603/3603
f 3604/3604 3605/3605 3606/3606
f 3607/3607 3608/3608 3609/3609
f 3610/3610 3611/3611 3612/3612
f 3613/3613 3614/3614 3615/3615
f 3616/3616 3617/3617 3618/3618
f 3619/3619 3620/3620 3621/3621
f 3622/3622 3623/3623 3624/3624
f 3625/3625 3626/3626 3627/3627
f 3628/3628 3629/3629 3630/3630
f 3631/3631 3632/3632 3633/3633
f 3634/3634 3635/3635 3636/3636
f 3637/3637 3638/3638 3639/3639
f 3640/3640 3641/3641 3642/3642
f 3643/3643 3644/3644 3645/3645
f 3646/3646 3647/3647 3648/3648
f 3649/3649 3650/3650 3651/3651
f 3652/3652 3653/3653 3654/3654
f 3655/3655 3656/3656 3657/3657
f 3658/3658 3659/3659 3660/3660
f 3661/3661 3662/3662 3663/3663
f 3664/3664 3665/3665 3666/3666
f 3667/3667 3668/3668 3669/3669
f 3670/3670 3671/3671 3672/3672
f 3673/3673 3674/3674 3675/3675
f 3676/3676 3677/3677 3678/3678
f 3679/3679 3680/3680 3681/3681
f 3682/3682 3683/3683 3684/3684
f 3685/3685 3686/3686 3687/3687
f 3688/3688 3689/3689 3690/3690
f 3691/3691 3692/3692 3693/3693
f 3694/3694 3695/3695 3696/3696
f 3697/3697 3698/3698 3699/3699
f 3700/3700 3701/3701 3702/3702
f 3703/3703 3704/3704 3705/3705
f 3706/3706 3707/3707 3708/3708
f 3709/3709 3710/3710 3711/3711
f 3712/3712 3713/3713 3714/3714
f 3715/3715 3716/3716 3717/3717
f 3718/3718 3719/3719 3720/3720
f 3721/3721 3722/3722 3723/3723
f 3724/3724 3725/3725 3726/3726
f 3727/3727 3728/3728 3729/3729
f 3730/3730 3731/3731 3732/3732
f 3733/3733 3734/3734 3735/3735
f 3736/3736 3737/3737 3738/3738
f 3739/3739 3740/3740 3741/3741
f 3742/3742 3743/3743 3744/3744
f 3745/3745 3746/3746 3747/3747
f 3748/3748 3749/3749 3750/3750
f 3751/3751 3752/3752 3753/3753
f 3754/3754 3755/3755 3756/3756
f 3757/3757 3758/3758 3759/3759
f 3760/3760 3761/3761 3762/3762
f 3763/3763 3764/3764 3765/3765
f 3766/3766 3767/3767 3768/3768
f 3769/3769 3770/3770 3771/3771
f 3772/3772 3773/3773 3774/3774
f 3775/3775 3776/3776 3777/3777
f 3778/3778 3779/3779 3780/3780
f 3781/3781 3782/3782 3783/3783
f 3784/3784 3785/3785 3786/3786
f 3787/3787 3788/3788 3789/3789
f 3790/3790 3791/3791 3792/3792
f 3793/3793 3794/3794 3795/3795
f 3796/3796 3797/3797 3798/3798
f 3799/3799 3800/3800 3801/3801
f 3802/3802 3803/3803 3804/3804
f 3805/3805 3806/3806 3807/3807
f 3808/3808 3809/3809 3810/3810
f 3811/3811 3812/3812 3813/3813
f 3814/3814 3815/3815 3816/3816
f 3817/3817 3818/3818 3819/3819
f 3820/3820 3821/3821 3822/3822
f 3823/3823 3824/3824 3825/3825
f 3826/3826 3827/3827 3828/3828
f 3829/3829 3830/3830 3831/3831
f 3832/3832 3833/3833 3834/3834
f 3835/3835 3836/3836 3837/3837
f 3838/3838 3839/3839 3840/3840
f 3841/3841 3842/3842 3843/3843
f 3844/3844 3845/3845 3846/3846
f 3847/3847 3848/3848 3849/3849
f 3850/3850 3851/3851 3852/3852
f 3853/3853 3854/3854 3855/3855
f 3856/3856 3857/3857 3858/3858
f 3859/3859 3860/3860 3861/3861
f 3862/3862 3863/3863 3864/3864
f 3865/3865 3866/3866 3867/3867
f 3868/3868 3869/3869 3870/3870
f 3871/3871 3872/3872 3873/3873
f 3874/3874 3875/3875 3876/3876
f 3877/3877 3878/3878 3879/3879
f 3880/3880 3881/3881 3882/3882
f 3883/3883 3884/3884 3885/3885
f 3886/3886 3887/3887 3888/3888
f 3889/3889 3890/3890 3891/3891
f 3892/3892 3893/3893 3894/3894
f 3895/3895 3896/3896 3897/3897
f 3898/3898 3899/3899 3900/3900
f 3901/3901 3902/3902 3903/3903
f 3904/3904 3905/3905 3906/3906
f 3907/3907 3908/3908 3909/3909
f 3910/3910 3911/3911 3912/3912
f 3913/3913 3914/3914 3915/3915
f 3916/3916 3917/3917 3918/3918
f 3919/3919 3920/3920 3921/3921
f 3922/3922 3923/3923 3924/3924
f 3925/3925 3926/3926 3927/3927
f 3928/3928 3929/3929 3930/3930
f 3931/3931 3932/3932 3933/3933
f 3934/3934 3935/3935 3936/3936
f 3937/3937 3938/3938 3939/3939
f 3940/3940 3941/3941 3942/3942
f 3943/3943 3944/3944 3945/3945
f 3946/3946 3947/3947 3948/3948
f 3949/3949 3950/3950 3951/3951
f 3952/3952 3953/3953 3954/3954
f 3955/3955 3956/3956 3957/3957
f 3958/3958 3959/3959 3960/3960
f 3961/3961 3962/3962 3963/3963
f 3964/3964 3965/3965 3966/3966
f 3967/3967 3968/3968 3969/3969
f 3970/3970 3971/3971 3972/3972
f 3973/3973 3974/3974 3975/3975
f 3976/3976 3977/3977 3978/3978
f 3979/3979 3980/3980 3981/3981
f 3982/3982 3983/3983 3984/3984
f 3985/3985 3986/3986 3987/3987
f 3988/3988 3989/3989 3990/3990
f 3991/3991 3992/3992 3993/3993
f 3994/3994 3995/3995 3996/3996
f 3997/3997 3998/3998 3999/3999
f 4000/4000 4001/4001 4002/4002
f 4003/4003 4004/4004 4005/4005
f 4006/4006 4007/4007 4008/4008
f 4009/4009 4010/4010 4011/4011
f 4012/4012 4013/4013 4014/4014
f 4015/4015 4016/4016 4017/4017
f 4018/4018 4019/4019 4020/4020
f 4021/4021 4022/4022 4023/4023
f 4024/4024 4025/4025 4026/4026
f 4027/4027 4028/4028 4029/4029
f 4030/4030 4031/4031 4032/4032
f 4033/4033 4034/4034 4035/4035
f 4036/4036 4037/4037 4038/4038
f 4039/4039 4040/4040 4041/4041
f 4042/4042 4043/4043 4044/4044
f 4045/4045 4046/4046 4047/4047
f 4048/4048 4049/4049 4050/4050
f 4051/4051 4052/4052 4053/4053
f 4054/4054 4055/4055 4056/4056
f 4057/4057 4058/4058 4059/4059
f 4060/4060 4061/4061 4062/4062
f 4063/4063 4064/4064 4065/4065
f 4066/4066 4067/4067 4068/4068
f 4069/4069 4070/4070 4071/4071
f 4072/4072 4073/4073 4074/4074
f 4075/4075 4076/4076 4077/4077
f 4078/4078 4079/4079 4080/4080
f 4081/4081 4082/4082 4083/4083
f 4084/4084 4085/4085 4086/4086
f 4087/4087 4088/4088 4089/4089
f 4090/4090 4091/4091 4092/4092
f 4093/4093 4094/4094 4095/4095
f 4096/4096 4097/4097 4098/4098
f 4099/4099 4100/4100 4101/4101
f 4102/4102 4103/4103 4104/4104
f 4105/4105 4106/4106 4107/4107
f 4108/4108 4109/4109 4110/4110
f 4111/4111 4112/4112 4113/4113
f 4114/4114 4115/4115 4116/4116
f 4117/4117 4118/4118 4119/4119
f 4120/4120 4121/4121 4122/4122
f 4123/4123 4124/4124 4125/4125
f 4126/4126 4127/4127 4128/4128
f 4129/4129 4130/4130 4131/4131
f 4132/4132 4133/4133 4134/4134
f 4135/4135 4136/4136 4137/4137
f 4138/4138 4139/4139 4140/4140
f 4141/4141 4142/4142 4143/4143
f 4144/4144 4145/4145 4146/4146
f 4147/4147 4148/4148 4149/4149
f 4150/4150 4151/4151 4152/4152
f 4153/4153 4154/4154 4155/4155
f 4156/4156 4157/4157 4158/4158
f 4159/4159 4160/4160 4161/4161
f 4162/4162 4163/4163 4164/4164
f 4165/4165 4166/4166 4167/4167
f 4168/4168 4169/4169 4170/4170
f 4171/4171 4172/4172 4173/4173
f 4174/4174 4175/4175 4176/4176
f 4177/4177 4178/4178 4179/4179
f 4180/4180 4181/4181 4182/4182
f 4183/4183 4184/4184 4185/4185
f 4186/4186 4187/4187 4188/4188
f 4189/4189 4190/4190 4191/4191
f 4192/4192 4193/4193 4194/4194
f 4195/4195 4196/4196 4197/4197
f 4198/4198 4199/4199 4200/4200
f 4201/4201 4202/4202 4203/4203
f 4204/4204 4205/4205 4206/4206
f 4207/4207 4208/4208 4209/4209
f 4210/4210 4211/4211 4212/4212
f 4213/4213 4214/4214 4215/4215
f 4216/4216 4217/4217 4218/4218
f 4219/4219 4220/4220 4221/4221
f 4222/4222 4223/4223 4224/4224
f 4225/4225 4226/4226 4227/4227
f 4228/4228 4229/4229 4230/4230
f 4231/4231 4232/4232 4233/4233
f 4234/4234 4235/4235 4236/4236
f 4237/4237 4238/4238 4239/4239
f 4240/4240 4241/4241 4242/4242
f 4243/4243 4244/4244 4245/4245
f 4246/4246 4247/4247 4248/4248
f 4249/4249 4250/4250 4251/4251
f 4252/4252 4253/4253 4254/4254
f 4255/4255 4256/4256 4257/4257
f 4258/4258 4259/4259 4260/4260
f 4261/4261 4262/4262 4263/4263
f 4264/4264 4265/4265 4266/4266
f 4267/4267 4268/4268 4269/4269
f 4270/4270 4271/4271 4272/4272
f 4273/4273 4274/4274 4275/4275
f 4276/4276 4277/4277 4278/4278
f 4279/4279 4280/4280 4281/4281
f 4282/4282 4283/4283 4284/4284
f 4285/4285 4286/4286 4287/4287
f 4288/4288 4289/4289 4290/4290
f 4291/4291 4292/4292 4293/4293
f 4294/4294 4295/4295 4296/4296
f 4297/4297 4298/4298 4299/4299
f 4300/4300 4301/4301 4302/4302
f 4303/4303 4304/4304 4305/4305
f 4306/4306 4307/4307 4308/4308
f 4309/4309 4310/4310 4311/4311
f 4312/4312 4313/4313 4314/4314
f 4315/4315 4316/4316 4317/4317
f 4318/4318 4319/4319 4320/4320
f 4321/4321 4322/4322 4323/4323
f 4324/4324 4325/4325 4326/4326
f 4327/4327 4328/4328 4329/4329
f 4330/4330 4331/4331 4332/4332
f 4333/4333 4334/4334 4335/4335
f 4336/4336 4337/4337 4338/4338
f 4339/4339 4340/4340 4341/4341
f 4342/4342 4343/4343 4344/4344
f 4345/4345 4346/4346 4347/4347
f 4348/4348 4349/4349 4350/4350
f 4351/4351 4352/4352 4353/4353
f 4354/4354 4355/4355 4356/4356
f 4357/4357 4358/4358 4359/4359
f 4360/4360 4361/4361 4362/4362
f 4363/4363 4364/4364 4365/4365
f 4366/4366 4367/4367 4368/4368
f 4369/4369 4370/4370 4371/4371
f 4372/4372 4373/4373 4374/4374
f 4375/4375 4376/4376 4377/4377
f 4378/4378 4379/4379 4380/4380
f 4381/4381 4382/4382 4383/4383
f 4384/4384 4385/4385 4386/4386
f 4387/4387 4388/4388 4389/4389
f 4390/4390 4391/4391 4392/4392
f 4393/4393 4394/4394 4395/4395
f 4396/4396 4397/4397 4398/4398
f 4399/4399 4400/4400 4401/4401
f 4402/4402 4403/4403 4404/4404
f 4405/4405 4406/4406 4407/4407
f 4408/4408 4409/4409 4410/4410
f 4411/4411 4412/4412 4413/4413
f 4414/4414 4415/4415 4416/4416
f 4417/4417 4418/4418 4419/4419
f 4420/4420 4421/4421 4422/4422
f 4423/4423 4424/4424 4425/4425
f 4426/4426 4427/4427 4428/4428
f 4429/4429 4430/4430 4431/4431
f 4432/4432 4433/4433 4434/4434
f 4435/4435 4436/4436 4437/4437
f 4438/4438 4439/4439 4440/4440
f 4441/4441 4442/4442 4443/4443
f 4444/4444 4445/4445 4446/4446
f 4447/4447 4448/4448 4449/4449
f 4450/4450 4451/4451 4452/4452
f 4453/4453 4454/4454 4455/4455
f 4456/4456 4457/4457 4458/4458
f 4459/4459 4460/4460 4461/4461
f 4462/4462 4463/4463 4464/4464
f 4465/4465 4466/4466 4467/4467
f 4468/4468 4469/4469 4470/4470
f 4471/4471 4472/4472 4473/4473
f 4474/4474 4475/4475 4476/4476
f 4477/4477 4478/4478 4479/4479
f 4480/4480 4481/4481 4482/4482
f 4483/4483 4484/4484 4485/4485
f 4486/4486 4487/4487 4488/4488
f 4489/4489 4490/4490 4491/4491
f 4492/4492 4493/4493 4494/4494
f 4495/4495 4496/4496 4497/4497
f 4498/4498 4499/4499 4500/4500
f 4501/4501 4502/4502 4503/4503
f 4504/4504 4505/4505 4506/4506
f 4507/4507 4508/4508 4509/4509
f 4510/4510 4511/4511 4512/4512
f 4513/4513 4514/4514 4515/4515
f 4516/4516 4517/4517 4518/4518
f 4519/4519 4520/4520 4521/4521
f 4522/4522 4523/4523 4524/4524
f 4525/4525 4526/4526 4527/4527
f 4528/4528 4529/4529 4530/4530
f 4531/4531 4532/4532 4533/4533
f 4534/4534 4535/4535 4536/4536
f 4537/4537 4538/4538 4539/4539
f 4540/4540 4541/4541 4542/4542
f 4543/4543 4544/4544 4545/4545
f 4546/4546 4547/4547 4548/4548
f 4549/4549 4550/4550 4551/4551
f 4552/4552 4553/4553 4554/4554
f 4555/4555 4556/4556 4557/4557
f 4558/4558 4559/4559 4560/4560
f 4561/4561 4562/4562 4563/4563
f 4564/4564 4565/4565 4566/4566
f 4567/4567 4568/4568 4569/4569
f 4570/4570 4571/4571 4572/4572
f 4573/4573 4574/4574 4575/4575
f 4576/4576 4577/4577 4578/4578
f 4579/4579 4580/4580 4581/4581
f 4582/4582 4583/4583 4584/4584
f 4585/4585 4586/4586 4587/4587
f 4588/4588 4589/4589 4590/4590
f 4591/4591 4592/4592 4593/4593
f 4594/4594 4595/4595 4596/4596
f 4597/4597 4598/4598 4599/4599
f 4600/4600 4601/4601 4602/4602
f 4603/4603 4604/4604 4605/4605
f 4606/4606 4607/4607 4608/4608
f 4609/4609 4610/4610 4611/4611
f 4612/4612 4613/4613 4614/4614
f 4615/4615 4616/4616 4617/4617
f 4618/4618 4619/4619 4620/4620
f 4621/4621 4622/4622 4623/4623
f 4624/4624 4625/4625 4626/4626
f 4627/4627 4628/4628 4629/4629
f 4630/4630 4631/4631 4632/4632
f 4633/4633 4634/4634 4635/4635
f 4636/4636 4637/4637 4638/4638
f 4639/4639 4640/4640 4641/4641
f 4642/4642 4643/4643 4644/4644
f 4645/4645 4646/4646 4647/4647
f 4648/4648 4649/4649 4650/4650
f 4651/4651 4652/4652 4653/4653
f 4654/4654 4655/4655 4656/4656
f 4657/4657 4658/4658 4659/4659
f 4660/4660 4661/4661 4662/4662
f 4663/4663 4664/4664 4665/4665
f 4666/4666 4667/4667 4668/4668
f 4669/4669 4670/4670 4671/4671
f 4672/4672 4673/4673 4674/4674
f 4675/4675 4676/4676 4677/4677
f 4678/4678 4679/4679 4680/4680
f 4681/4681 4682/4682 4683/4683
f 4684/4684 4685/4685 4686/4686
f 4687/4687 4688/4688 4689/4689
f 4690/4690 4691/4691 4692/4692
f 4693/4693 4694/4694 4695/4695
f 4696/4696 4697/4697 4698/4698
f 4699/4699 4700/4700 4701/4701
f 4702/4702 4703/4703 4704/4704
f 4705/4705 4706/4706 4707/4707
f 4708/4708 4709/4709 4710/4710
f 4711/4711 4712/4712 4713/4713
f 4714/4714 4715/4715 4716/4716
f 4717/4717 4718/4718 4719/4719
f 4720/4720 4721/4721 4722/4722
f 4723/4723 4724/4724 4725/4725
f 4726/4726 4727/4727 4728/4728
f 4729/4729 4730/4730 4731/4731
f 4732/4732 4733/4733 4734/4734
f 4735/4735 4736/4736 4737/4737
f 4738/4738 4739/4739 4740/4740
f 4741/4741 4742/4742 4743/4743
f 4744/4744 4745/4745 4746/4746
f 4747/4747 4748/4748 4749/4749
f 4750/4750 4751/4751 4752/4752
f 4753/4753 4754/4754 4755/4755
f 4756/4756 4757/4757 4758/4758
f 4759/4759 4760/4760 4761/4761
f 4762/4762 4763/4763 4764/4764
f 4765/4765 4766/4766 4767/4767
f 4768/4768 4769/4769 4770/4770
f 4771/4771 4772/4772 4773/4773
f 4774/4774 4775/4775 4776/4776
f 4777/4777 4778/4778 4779/4779
f 4780/4780 4781/4781 4782/4782
f 4783/4783 4784/4784 4785/4785
f 4786/4786 4787/4787 4788/4788
f 4789/4789 4790/4790 4791/4791
f 4792/4792 4793/4793 4794/4794
f 4795/4795 4796/4796 4797/4797
f 4798/4798 4799/4799 4800/4800
f 4801/4801 4802/4802 4803/4803
f 4804/4804 4805/4805 4806/4806
f 4807/4807 4808/4808 4809/4809
f 4810/4810 4811/4811 4812/4812
f 4813/4813 4814/4814 4815/4815
f 4816/4816 4817/4817 4818/4818
f 4819/4819 4820/4820 4821/4821
f 4822/4822 4823/4823 4824/4824
f 4825/4825 4826/4826 4827/4827
f 4828/4828 4829/4829 4830/4830
f 4831/4831 4832/4832 4833/4833
f 4834/4834 4835/4835 4836/4836
f 4837/4837 4838/4838 4839/4839
f 4840/4840 4841/4841 4842/4842
f 4843/4843 4844/4844 4845/4845
f 4846/4846 4847/4847 4848/4848
f 4849/4849 4850/4850 4851/4851
f 4852/4852 4853/4853 4854/4854
f 4855/4855 4856/4856 4857/4857
f 4858/4858 4859/4859 4860/4860
f 4861/4861 4862/4862 4863/4863
f 4864/4864 4865/4865 4866/4866
f 4867/4867 4868/4868 4869/4869
f 4870/4870 4871/4871 4872/4872
f 4873/4873 4874/4874 4875/4875
f 4876/4876 4877/4877 4878/4878
f 4879/4879 4880/4880 4881/4881
f 4882/4882 4883/4883 4884/4884
f 4885/4885 4886/4886 4887/4887
f 4888/4888 4889/4889 4890/4890
f 4891/4891 4892/4892 4893/4893
f 4894/4894 4895/4895 4896/4896
f 4897/4897 4898/4898 4899/4899
f 4900/4900 4901/4901 4902/4902
f 4903/4903 4904/4904 4905/4905
f 4906/4906 4907/4907 4908/4908
f 4909/4909 4910/4910 4911/4911
f 4912/4912 4913/4913 4914/4914
f 4915/4915 4916/4916 4917/4917
f 4918/4918 4919/4919 4920/4920
f 4921/4921 4922/4922 4923/4923
f 4924/4924 4925/4925 4926/4926
f 4927/4927 4928/4928 4929/4929
f 4930/4930 4931/4931 4932/4932
f 4933/4933 4934/4934 4935/4935
f 4936/4936 4937/4937 4938/4938
f 4939/4939 4940/4940 4941/4941
f 4942/4942 4943/4943 4944/4944
f 4945/4945 4946/4946 4947/4947
f 4948/4948 4949/4949 4950/4950
f 4951/4951 4952/4952 4953/4953
f 4954/4954 4955/4955 4956/4956
f 4957/4957 4958/4958 4959/4959
f 4960/4960 4961/4961 4962/4962
f 4963/4963 4964/4964 4965/4965
f 4966/4966 4967/4967 4968/4968
f 4969/4969 4970/4970 4971/4971
f 4972/4972 4973/4973 4974/4974
f 4975/4975 4976/4976 4977/4977
f 4978/4978 4979/4979 4980/4980
f 4981/4981 4982/4982 4983/4983
f 4984/4984 4985/4985 4986/4986
f 4987/4987 4988/4988 4989/4989
f 4990/4990 4991/4991 4992/4992
f 4993/4993 4994/4994 4995/4995
f 4996/4996 4997/4997 4998/4998
f 4999/4999 5000/5000 5001/5001
f 5002/5002 5003/5003 5004/5004
f 5005/5005 5006/5006 5007/5007
f 5008/5008 5009/5009 5010/5010
f 5011/5011 5012/5012 5013/5013
f 5014/5014 5015/5015 5016/5016
f 5017/5017 5018/5018 5019/5019
f 5020/5020 5021/5021 5022/5022
f 5023/5023 5024/5024 5025/5025
f 5026/5026 5027/5027 5028/5028
f 5029/5029 5030/5030 5031/5031
f 5032/5032 5033/5033 5034/5034
f 5035/5035 5036/5036 5037/5037
f 5038/5038 5039/5039 5040/5040
f 5041/5041 5042/5042 5043/5043
f 5044/5044 5045/5045 5046/5046
f 5047/5047 5048/5048 5049/5049
f 5050/5050 5051/5051 5052/5052
f 5053/5053 5054/5054 5055/5055
f 5056/5056 5057/5057 5058/5058
f 5059/5059 5060/5060 5061/5061
f 5062/5062 5063/5063 5064/5064
f 5065/5065 5066/5066 5067/5067
f 5068/5068 5069/5069 5070/5070
f 5071/5071 5072/5072 5073/5073
f 5074/5074 5075/5075 5076/5076
f 5077/5077 5078/5078 5079/5079
f 5080/5080 5081/5081 5082/5082
f 5083/5083 5084/5084 5085/5085
f 5086/5086 5087/5087 5088/5088
f 5089/5089 5090/5090 5091/5091
f 5092/5092 5093/5093 5094/5094
f 5095/5095 5096/5096 5097/5097
f 5098/5098 5099/5099 5100/5100
f 5101/5101 5102/5102 5103/5103
f 5104/5104 5105/5105 5106/5106
f 5107/5107 5108/5108 5109/5109
f 5110/5110 5111/5111 5112/5112
f 5113/5113 5114/5114 5115/5115
f 5116/5116 5117/5117 5118/5118
f 5119/5119 5120/5120 5121/5121
f 5122/5122 5123/5123 5124/5124
f 5125/5125 5126/5126 5127/5127
f 5128/5128 5129/5129 5130/5130
f 5131/5131 5132/5132 5133/5133
f 5134/5134 5135/5135 5136/5136
f 5137/5137 5138/5138 5139/5139
f 5140/5140 5141/5141 5142/5142
f 5143/5143 5144/5144 5145/5145
f 5146/5146 5147/5147 5148/5148
f 5149/5149 5150/5150 5151/5151
f 5152/5152 5153/5153 5154/5154
f 5155/5155 5156/5156 5157/5157
f 5158/5158 5159/5159 5160/5160
f 5161/5161 5162/5162 5163/5163
f 5164/5164 5165/5165 5166/5166
f 5167/5167 5168/5168 5169/5169
f 5170/5170 5171/5171 5172/5172
f 5173/5173 5174/5174 5175/5175
f 5176/5176 5177/5177 5178/5178
f 5179/5179 5180/5180 5181/5181
f 5182/5182 5183/5183 5184/5184
f 5185/5185 5186/5186 5187/5187
f 5188/5188 5189/5189 5190/5190
f 5191/5191 5192/5192 5193/5193
f 5194/5194 5195/5195 5196/5196
f 5197/5197 5198/5198 5199/5199
f 5200/5200 5201/5201 5202/5202
f 5203/5203 5204/5204 5205/5205
f 5206/5206 5207/5207 5208/5208
f 5209/5209 5210/5210 5211/5211
f 5212/5212 5213/5213 5214/5214
f 5215/5215 5216/5216 5217/5217
f 5218/5218 5219/5219 5220/5220
f 5221/5221 5222/5222 5223/5223
f 5224/5224 5225/5225 5226/5226
f 5227/5227 5228/5228 5229/5229
f 5230/5230 5231/5231 5232/5232
f 5233/5233 5234/5234 5235/5235
f 5236/5236 5237/5237 5238/5238
f 5239/5239 5240/5240 5241/5241
f 5242/5242 5243/5243 5244/5244
