t,x,y,z,qx,qy,qz,qw,yaw,left_q,left_v,left_target,right_q,right_v,right_target
1301.4,4.729271411895752,1.4068551063537598,-0.004364468157291412,0.00791658740490675,0.0037705833092331886,0.9005424380302429,-0.43467944860458374,-2.242189861649345,-1.3687642812728882,0.05973183736205101,0.0,-0.10641946643590927,0.0356808677315712,0.0
1301.4166666666667,4.729272842407227,1.406855583190918,-0.004336006939411163,0.007722770795226097,0.0036640623584389687,0.9005473852157593,-0.43467363715171814,-2.2422044795233003,-1.3686755895614624,-0.06509017199277878,0.0,-0.10642587393522263,0.09070420265197754,0.0
1301.4333333333334,4.7292799949646,1.4068646430969238,-0.004364445805549622,0.007918705232441425,0.003771688789129257,0.9005423784255981,-0.4346798062324524,-2.2421893588926998,-1.3691109418869019,0.060346901416778564,0.0,-0.10675696283578873,0.03396499529480934,0.0
1301.45,4.729280471801758,1.4068653583526611,-0.004335865378379822,0.0077228303998708725,0.003664486575871706,0.9005464911460876,-0.43467551469802856,-2.242200346416255,-1.3690317869186401,-0.061013683676719666,0.0,-0.10676906257867813,0.09379538893699646,0.0
1301.4666666666667,4.7292866706848145,1.4068740606307983,-0.004364587366580963,0.007917020469903946,0.0037705646827816963,0.9005416631698608,-0.434681236743927,-2.242186092925292,-1.3694641590118408,0.05943157151341438,0.0,-0.10707729309797287,0.03542023524641991,0.0
1301.4833333333333,4.729287624359131,1.4068742990493774,-0.004335999488830566,0.0077236671932041645,0.003664586925879121,0.9005466103553772,-0.43467527627944946,-2.2422008912992086,-1.3693606853485107,-0.06606616079807281,0.0,-0.10708736628293991,0.09039364755153656,0.0
1301.5,4.729295253753662,1.4068835973739624,-0.004364416003227234,0.00791862141340971,0.003771429881453514,0.9005415439605713,-0.43468135595321655,-2.2421857138141914,-1.3697950839996338,0.06050538271665573,0.0,-0.1074187383055687,0.031883228570222855,0.0
1301.5166666666667,4.72929573059082,1.4068844318389893,-0.004335902631282806,0.007722707465291023,0.0036641135811805725,0.9005456566810608,-0.4346774220466614,-2.242196298166624,-1.3697307109832764,-0.04969378933310509,0.0,-0.10743055492639542,0.0944996327161789,0.0
1301.5333333333333,4.72930383682251,1.4068926572799683,-0.004363738000392914,0.007909948006272316,0.003770388662815094,0.9005390405654907,-0.43468669056892395,-2.2421739652667645,-1.3701964616775513,0.04936976730823517,0.0,-0.10774467140436172,0.04655269533395767,0.0
1301.55,4.729304313659668,1.406893253326416,-0.0043358877301216125,0.007720169611275196,0.0036684200167655945,0.9005438685417175,-0.4346811771392822,-2.242188092806674,-1.370121955871582,-0.07398698478937149,0.0,-0.10776671767234802,0.09403770416975021,0.0
1301.5666666666666,4.729311943054199,1.4069033861160278,-0.0043642520904541016,0.007906474173069,0.003768325550481677,0.9005322456359863,-0.4347008764743805,-2.2421425165373137,-1.3706889152526855,0.05009770020842552,0.0,-0.10803383588790894,0.04522547125816345,0.0
1301.5833333333333,4.729313850402832,1.4069039821624756,-0.004335805773735046,0.00771892536431551,0.0036674144212156534,0.9005372524261475,-0.43469464778900146,-2.242157887289854,-1.3705979585647583,-0.07457003742456436,0.0,-0.10804304480552673,0.0928613543510437,0.0
1301.6,4.729321002960205,1.4069141149520874,-0.004364274442195892,0.007905778475105762,0.003768108319491148,0.9005265831947327,-0.4347127079963684,-2.242116341265258,-1.3711557388305664,0.051045697182416916,0.0,-0.10832206159830093,0.04433239623904228,0.0
1301.6166666666666,4.729321479797363,1.4069147109985352,-0.004335761070251465,0.007720226421952248,0.0036679827608168125,0.9005309343338013,-0.4347078204154968,-2.2421287403422028,-1.3710811138153076,-0.0747610405087471,0.0,-0.108336441218853,0.09391936659812927,0.0
1301.6333333333334,4.729330539703369,1.4069249629974365,-0.0043642595410346985,0.007905429229140282,0.0037680743262171745,0.9005203247070312,-0.4347256124019623,-2.242087610765309,-1.3716316223144531,0.05206871032714844,0.0,-0.10861653089523315,0.043086886405944824,0.0
1301.65,4.7293314933776855,1.4069260358810425,-0.0043357014656066895,0.007719854358583689,0.003667736891657114,0.9005240201950073,-0.4347219467163086,-2.242097141401549,-1.3715803623199463,-0.07434283196926117,0.0,-0.10862981528043747,0.09479755908250809,0.0
1301.6666666666667,4.7293381690979,1.4069361686706543,-0.004364281892776489,0.007905743084847927,0.003768528811633587,0.9005135893821716,-0.4347396194934845,-2.242056571615879,-1.3721235990524292,0.05357832461595535,0.0,-0.10891260951757431,0.043407171964645386,0.0
1301.6833333333334,4.729340076446533,1.406936764717102,-0.004335738718509674,0.0077203549444675446,0.0036677559837698936,0.9005183577537537,-0.43473368883132935,-2.242071077556303,-1.3720436096191406,-0.0741749107837677,0.0,-0.10892660915851593,0.091836117208004,0.0
1301.7,4.729346752166748,1.4069468975067139,-0.004364274442195892,0.007905993610620499,0.0037684764247387648,0.9005086421966553,-0.4347497820854187,-2.242033905867522,-1.372580647468567,0.05450396239757538,0.0,-0.10921303927898407,0.04196689650416374,0.0
1301.7166666666667,4.729348182678223,1.406947374343872,-0.004335753619670868,0.007720532827079296,0.0036677562166005373,0.9005135893821716,-0.4347436726093292,-2.242049020619965,-1.3724976778030396,-0.07468969374895096,0.0,-0.10923229902982712,0.09119824320077896,0.0
1301.7333333333333,4.729355335235596,1.4069576263427734,-0.004364326596260071,0.00790686160326004,0.0037690994795411825,0.9005042910575867,-0.4347589612007141,-2.2420137186989346,-1.3730311393737793,0.055109135806560516,0.0,-0.1095220297574997,0.040785931050777435,0.0
1301.75,4.72935676574707,1.4069581031799316,-0.004335649311542511,0.0077196089550852776,0.0036673485301434994,0.9005088806152344,-0.4347535967826843,-2.242027152930847,-1.3729561567306519,-0.07500702142715454,0.0,-0.1095506101846695,0.09179221838712692,0.0
1301.7666666666667,4.729363918304443,1.4069684743881226,-0.004364371299743652,0.007907215505838394,0.0037693409249186516,0.9004993438720703,-0.43476900458335876,-2.2419911937178227,-1.3734886646270752,0.05534754693508148,0.0,-0.1098446249961853,0.041328076273202896,0.0
1301.7833333333333,4.729365825653076,1.4069689512252808,-0.004335649311542511,0.0077194711193442345,0.003666952485218644,0.9005041718482971,-0.43476322293281555,-2.2420056231377323,-1.3734098672866821,-0.07581890374422073,0.0,-0.10986018925905228,0.09069591015577316,0.0
1301.8,4.729372978210449,1.4069792032241821,-0.00436430424451828,0.007907925173640251,0.0037697800435125828,0.9004952907562256,-0.4347773790359497,-2.2419725831399213,-1.37393319606781,0.05632452666759491,0.0,-0.11016316711902618,0.03923351317644119,0.0
1301.8166666666666,4.729374408721924,1.406980037689209,-0.004335559904575348,0.007718379143625498,0.0036665350198745728,0.9004993438720703,-0.4347735047340393,-2.2419830824106737,-1.3738714456558228,-0.0767783671617508,0.0,-0.11018428951501846,0.09223650395870209,0.0
1301.8333333333333,4.729381084442139,1.4069900512695312,-0.004364363849163055,0.007907986640930176,0.0037703055422753096,0.9004902243614197,-0.4347880780696869,-2.241949057003695,-1.3743956089019775,0.057212840765714645,0.0,-0.11048559099435806,0.038696371018886566,0.0
1301.85,4.7293829917907715,1.4069904088974,-0.004335746169090271,0.007720616180449724,0.003667437471449375,0.9004952311515808,-0.4347817897796631,-2.241964452645186,-1.3743013143539429,-0.07986379414796829,0.0,-0.11049199849367142,0.08651340752840042,0.0
1301.8666666666666,4.7293901443481445,1.4070006608963013,-0.004364185035228729,0.00791145209223032,0.0037720350082963705,0.900486171245575,-0.434796005487442,-2.2419309883566116,-1.3748403787612915,0.05757255479693413,0.0,-0.11080443859100342,0.0374058298766613,0.0
1301.8833333333334,4.729391574859619,1.4070014953613281,-0.00433572381734848,0.007720084860920906,0.0036669480614364147,0.9004907011985779,-0.43479108810424805,-2.2419436945691773,-1.3747588396072388,-0.08346226066350937,0.0,-0.1108073741197586,0.08628229051828384,0.0
1301.9,4.729399681091309,1.407011866569519,-0.004364140331745148,0.007912201806902885,0.0037717465311288834,0.9004825949668884,-0.4348035454750061,-2.2419143847025116,-1.3752899169921875,0.05732591450214386,0.0,-0.11114700138568878,0.03510698676109314,0.0
1301.9166666666667,4.729400634765625,1.407012701034546,-0.00433572381734848,0.007720569148659706,0.0036672779824584723,0.900486409664154,-0.4348001778125763,-2.241923735919713,-1.3752284049987793,-0.07430468499660492,0.0,-0.11114909499883652,0.09163917601108551,0.0
1301.9333333333334,4.729407787322998,1.4070225954055786,-0.004364140331745148,0.007914137095212936,0.003772370982915163,0.9004791378974915,-0.43481093645095825,-2.241898245247737,-1.3757233619689941,0.05836666002869606,0.0,-0.11146659404039383,0.036864813417196274,0.0
1301.95,4.729409694671631,1.407023549079895,-0.004335641860961914,0.007720218040049076,0.003667012555524707,0.9004830718040466,-0.4348070025444031,-2.2419084727823377,-1.3756624460220337,-0.07265122979879379,0.0,-0.11148009449243546,0.0924326628446579,0.0
1301.9666666666667,4.729416370391846,1.4070334434509277,-0.004360727965831757,0.00786066334694624,0.0037468387745320797,0.9004760384559631,-0.4348183274269104,-2.2418820975254516,-1.3761537075042725,0.059451114386320114,0.0,-0.11179733276367188,0.03876969963312149,0.0
1301.9833333333333,4.729416847229004,1.4070338010787964,-0.004337534308433533,0.007725710980594158,0.003669540863484144,0.9004796147346497,-0.4348140358924866,-2.241892789833428,-1.376081943511963,-0.07277300208806992,0.0,-0.1118086501955986,0.08895979076623917,0.0
1302.0,4.729423522949219,1.407043695449829,-0.0043636709451675415,0.007911700755357742,0.003771520685404539,0.9004733562469482,-0.43482285737991333,-2.2418716786384874,-1.3765615224838257,0.0588143989443779,0.0,-0.11213113367557526,0.034479014575481415,0.0
1302.0166666666667,4.729424953460693,1.4070441722869873,-0.004335954785346985,0.007720618508756161,0.0036672046408057213,0.9004786014556885,-0.43481630086898804,-2.241887869701915,-1.3764644861221313,-0.07679256051778793,0.0,-0.11214782297611237,0.08666932582855225,0.0
1302.0333333333333,4.729433059692383,1.4070541858673096,-0.004364088177680969,0.007915256544947624,0.0037732659839093685,0.9004722237586975,-0.43482503294944763,-2.241866713839976,-1.3769487142562866,0.05883744731545448,0.0,-0.11249009519815445,0.03263019397854805,0.0
1302.05,4.729433536529541,1.4070550203323364,-0.004335656762123108,0.007720135152339935,0.0036667685490101576,0.9004761576652527,-0.4348214268684387,-2.2418765440721846,-1.3768916130065918,-0.06485337018966675,0.0,-0.1125013679265976,0.09390371292829514,0.0
1302.0666666666666,4.729440689086914,1.4070638418197632,-0.004364185035228729,0.007911146618425846,0.0037710932083427906,0.9004709720611572,-0.4348275065422058,-2.2418610225627322,-1.3773219585418701,0.059359293431043625,0.0,-0.11282531917095184,0.03391869366168976,0.0
1302.0833333333333,4.7294416427612305,1.4070647954940796,-0.004335634410381317,0.007718679960817099,0.0036663678474724293,0.9004749059677124,-0.43482381105422974,-2.241871004209319,-1.3772485256195068,-0.06634248048067093,0.0,-0.11283165216445923,0.09397859126329422,0.0
1302.1,4.729448318481445,1.4070736169815063,-0.004364185035228729,0.007911168970167637,0.003771532094106078,0.900469183921814,-0.4348313808441162,-2.241852615102356,-1.3776960372924805,0.05936259776353836,0.0,-0.1131523847579956,0.03633873537182808,0.0
1302.1166666666666,4.7294487953186035,1.4070743322372437,-0.004335671663284302,0.00772006856277585,0.0036671371199190617,0.9004734754562378,-0.4348267614841461,-2.241864460016619,-1.3776180744171143,-0.06970623135566711,0.0,-0.11315475404262543,0.09179491549730301,0.0
1302.1333333333334,4.729455947875977,1.4070837497711182,-0.004364125430583954,0.00791210774332285,0.003772279480472207,0.9004675149917603,-0.4348347783088684,-2.2418450245683426,-1.3780713081359863,0.05992314964532852,0.0,-0.1134834811091423,0.03394092991948128,0.0
1302.15,4.729456901550293,1.4070842266082764,-0.004335775971412659,0.007720306050032377,0.0036668169777840376,0.9004725813865662,-0.4348287880420685,-2.2418601456885994,-1.3779817819595337,-0.06927413493394852,0.0,-0.11348918080329895,0.08926202356815338,0.0
1302.1666666666667,4.729463577270508,1.4070937633514404,-0.0043640658259391785,0.007913582026958466,0.003773154690861702,0.9004669785499573,-0.4348359704017639,-2.241842491960031,-1.378432273864746,0.05981769040226936,0.0,-0.11382745206356049,0.03384394198656082,0.0
1302.1833333333334,4.729465007781982,1.407094120979309,-0.004335746169090271,0.007720038760453463,0.003666814649477601,0.900472104549408,-0.43482962250709534,-2.241858122408129,-1.3783437013626099,-0.06896664947271347,0.0,-0.1138380914926529,0.08902805298566818,0.0
1302.2,4.729471206665039,1.4071035385131836,-0.004364147782325745,0.007913563400506973,0.0037728124298155308,0.9004660844802856,-0.43483781814575195,-2.2418383760879492,-1.3788095712661743,0.059311747550964355,0.0,-0.11416119337081909,0.0350625142455101,0.0
1302.2166666666667,4.729472637176514,1.4071038961410522,-0.004335731267929077,0.007720538880676031,0.0036671794950962067,0.9004712700843811,-0.4348313808441162,-2.241854260073786,-1.3787000179290771,-0.07044077664613724,0.0,-0.11417832225561142,0.08925508707761765,0.0
1302.2333333333333,4.729479789733887,1.4071131944656372,-0.004364050924777985,0.007913569919764996,0.0037727004382759333,0.9004654288291931,-0.43483906984329224,-2.2418354766036344,-1.3791637420654297,0.05977102369070053,0.0,-0.11450811475515366,0.03377477824687958,0.0
1302.25,4.7294816970825195,1.407114028930664,-0.004335664212703705,0.007720398250967264,0.0036667482927441597,0.9004696607589722,-0.43483465909957886,-2.2418469086895825,-1.3790889978408813,-0.063433937728405,0.0,-0.11451031267642975,0.09320956468582153,0.0
1302.2666666666667,4.729487419128418,1.4071229696273804,-0.004364095628261566,0.007911914959549904,0.003772163297981024,0.9004635214805603,-0.43484318256378174,-2.2418265013449963,-1.3795392513275146,0.05902697890996933,0.0,-0.11482223868370056,0.03855491802096367,0.0
1302.2833333333333,4.729488849639893,1.4071238040924072,-0.004335589706897736,0.0077202352695167065,0.0036663608625531197,0.900467574596405,-0.43483906984329224,-2.241837202364397,-1.379472017288208,-0.06235102564096451,0.0,-0.11483374983072281,0.09556568413972855,0.0
1302.3,4.729494571685791,1.4071327447891235,-0.0043642520904541016,0.007909589447081089,0.0037708082236349583,0.9004619121551514,-0.43484634160995483,-2.2418192529907013,-1.379908561706543,0.05987580493092537,0.0,-0.11513898521661758,0.0362963043153286,0.0
1302.3166666666666,4.729495525360107,1.4071332216262817,-0.004335738718509674,0.007720251102000475,0.00366652081720531,0.9004671573638916,-0.4348398447036743,-2.2418353864938614,-1.3798068761825562,-0.06533392518758774,0.0,-0.11515843123197556,0.09145091474056244,0.0
1302.3333333333333,4.729502201080322,1.407141923904419,-0.004364199936389923,0.007912112399935722,0.0037722857668995857,0.90046226978302,-0.43484586477279663,-2.241820646436077,-1.3802424669265747,0.05987338349223137,0.0,-0.11548677831888199,0.03416598215699196,0.0
1302.35,4.729504108428955,1.4071428775787354,-0.0043357014656066895,0.007719479501247406,0.003666241653263569,0.9004663228988647,-0.4348416328430176,-2.241831471434517,-1.3801634311676025,-0.06460659950971603,0.0,-0.1154816597700119,0.09283851087093353,0.0
1302.3666666666666,4.7295098304748535,1.407151699066162,-0.00436411052942276,0.007912244647741318,0.003772192634642124,0.9004606008529663,-0.4348490238189697,-2.2418133010260424,-1.3806074857711792,0.05976799502968788,0.0,-0.11580252647399902,0.036541424691677094,0.0
1302.3833333333334,4.72951078414917,1.4071520566940308,-0.004335619509220123,0.007719468325376511,0.0036665573716163635,0.9004653096199036,-0.43484359979629517,-2.2418269643472217,-1.3805060386657715,-0.06460903584957123,0.0,-0.11581604182720184,0.09280098974704742,0.0
1302.4,4.729517459869385,1.4071611166000366,-0.0043642595410346985,0.007911570370197296,0.0037716177757829428,0.900460422039032,-0.4348496198654175,-2.2418122100801514,-1.3809466361999512,0.05977059155702591,0.0,-0.11613235622644424,0.03437801077961922,0.0
1302.4166666666667,4.729518890380859,1.4071615934371948,-0.0043356940150260925,0.007720599882304668,0.00366693246178329,0.9004648923873901,-0.4348447620868683,-2.241824724199072,-1.3808692693710327,-0.06412731856107712,0.0,-0.11614048480987549,0.09270954132080078,0.0
1302.4333333333334,4.729525566101074,1.4071708917617798,-0.004364125430583954,0.00791169423609972,0.00377218471840024,0.9004595279693604,-0.4348512887954712,-2.2418083148813044,-1.3812965154647827,0.06063099205493927,0.0,-0.11646687984466553,0.03348885849118233,0.0
1302.45,4.729526996612549,1.407171607017517,-0.004335559904575348,0.007718923036009073,0.0036658975295722485,0.9004637002944946,-0.4348471462726593,-2.241819305977448,-1.3812310695648193,-0.056738875806331635,0.0,-0.11648369580507278,0.09568385779857635,0.0
1302.4666666666667,4.729532718658447,1.4071800708770752,-0.004364296793937683,0.007908505387604237,0.003770700190216303,0.9004588723182678,-0.4348529577255249,-2.241804903441263,-1.3816485404968262,0.059093210846185684,0.0,-0.1167847141623497,0.037268221378326416,0.0
1302.4833333333333,4.729533672332764,1.4071805477142334,-0.0043356940150260925,0.0077199786901474,0.0036661524791270494,0.9004634618759155,-0.43484747409820557,-2.241818405304996,-1.3815590143203735,-0.06309174746274948,0.0,-0.11678894609212875,0.09274342656135559,0.0
1302.5,4.72953987121582,1.4071894884109497,-0.004364132881164551,0.007910843007266521,0.0037720310501754284,0.9004585146903992,-0.4348534345626831,-2.2418035936160052,-1.3819806575775146,0.060614872723817825,0.0,-0.1171187087893486,0.034129638224840164,0.0
1302.5166666666667,4.729541301727295,1.407190203666687,-0.004335649311542511,0.007719884626567364,0.003666417673230171,0.9004628658294678,-0.43484875559806824,-2.2418156159668507,-1.3819069862365723,-0.060220103710889816,0.0,-0.11712612211704254,0.09352132678031921,0.0
1302.5333333333333,4.729547500610352,1.4071986675262451,-0.004364296793937683,0.00791141577064991,0.0037721414119005203,0.9004582762718201,-0.43485409021377563,-2.2418023206847875,-1.3823283910751343,0.05978289619088173,0.0,-0.11744187027215958,0.03523481637239456,0.0
1302.55,4.729548454284668,1.4071993827819824,-0.004335589706897736,0.0077203745022416115,0.0036668996326625347,0.9004623889923096,-0.43484967947006226,-2.2418135062484845,-1.3822404146194458,-0.06272926181554794,0.0,-0.11745374649763107,0.09415914118289948,0.0
1302.5666666666666,4.729554653167725,1.4072082042694092,-0.004364222288131714,0.007910631597042084,0.003771643852815032,0.9004577994346619,-0.43485498428344727,-2.2418002174881853,-1.3826617002487183,0.06056539714336395,0.0,-0.11777618527412415,0.03350130096077919,0.0
1302.5833333333333,4.729556083679199,1.4072086811065674,-0.0043356940150260925,0.00771960848942399,0.0036662041675299406,0.9004625082015991,-0.4348493814468384,-2.241814093715606,-1.3825725317001343,-0.06106855720281601,0.0,-0.11778011918067932,0.09194537252187729,0.0
1302.6,4.729562759399414,1.4072173833847046,-0.0043641626834869385,0.007910940796136856,0.0037718864623457193,0.9004576802253723,-0.4348551630973816,-2.241799752072377,-1.3829959630966187,0.05976215377449989,0.0,-0.11810436099767685,0.035434018820524216,0.0
1302.6166666666666,4.729563236236572,1.4072185754776,-0.004335582256317139,0.007719852961599827,0.00366590335033834,0.9004612565040588,-0.43485212326049805,-2.241808163306075,-1.382940411567688,-0.05513095110654831,0.0,-0.11810796707868576,0.09725919365882874,0.0
1302.6333333333334,4.729569911956787,1.4072265625,-0.004364289343357086,0.007908360101282597,0.003770517185330391,0.9004570245742798,-0.43485671281814575,-2.2417964795038254,-1.3833402395248413,0.05949408933520317,0.0,-0.11841608583927155,0.03695446252822876,0.0
1302.65,4.729569911956787,1.4072272777557373,-0.004335641860961914,0.007720791734755039,0.003666822798550129,0.9004614353179932,-0.43485158681869507,-2.2418091955471877,-1.3832539319992065,-0.060846272855997086,0.0,-0.1184304803609848,0.09423038363456726,0.0
1302.6666666666667,4.729577541351318,1.4072357416152954,-0.004364229738712311,0.007909362204372883,0.003771057352423668,0.9004573225975037,-0.4348558187484741,-2.241798176845855,-1.383659839630127,0.060750532895326614,0.0,-0.1187569797039032,0.03278804197907448,0.0
1302.6833333333334,4.729578971862793,1.4072365760803223,-0.0043356940150260925,0.007720000110566616,0.0036664013750851154,0.9004614949226379,-0.43485167622566223,-2.24180921884743,-1.383587121963501,-0.057287994772195816,0.0,-0.11875917762517929,0.09447961300611496,0.0
1302.7,4.729584217071533,1.4072449207305908,-0.004364185035228729,0.007910463027656078,0.0037718829698860645,0.900456428527832,-0.4348578453063965,-2.241793891331044,-1.3840023279190063,0.05939536169171333,0.0,-0.11907176673412323,0.037468068301677704,0.0
1302.7166666666667,4.729586124420166,1.4072457551956177,-0.004335612058639526,0.007719590328633785,0.003666260512545705,0.9004607796669006,-0.4348530173301697,-2.241806080905697,-1.3839142322540283,-0.061216119676828384,0.0,-0.1190786361694336,0.09420225024223328,0.0
1302.7333333333333,4.729591369628906,1.4072543382644653,-0.00436420738697052,0.00791092962026596,0.0037720624823123217,0.90045565366745,-0.4348594844341278,-2.2417902946115214,-1.3843443393707275,0.06006423383951187,0.0,-0.11939249187707901,0.036258574575185776,0.0
1302.75,4.729592800140381,1.4072551727294922,-0.004335619509220123,0.0077195484191179276,0.003666128031909466,0.9004603028297424,-0.43485432863235474,-2.2418035219154135,-1.3842588663101196,-0.060231469571590424,0.0,-0.11940447241067886,0.0938345193862915,0.0
1302.7666666666667,4.729599475860596,1.4072638750076294,-0.0043642595410346985,0.007910484448075294,0.0037716589868068695,0.9004560112953186,-0.4348587095737457,-2.2417919671521513,-1.3846696615219116,0.06049148738384247,0.0,-0.11972861737012863,0.033990222960710526,0.0
1302.7833333333333,4.729600429534912,1.4072647094726562,-0.00433553010225296,0.007720118388533592,0.00366603909060359,0.9004598259925842,-0.43485498428344727,-2.241801700919471,-1.3846184015274048,-0.05308503657579422,0.0,-0.1197459027171135,0.09682508558034897,0.0
1302.8,4.729606628417969,1.4072729349136353,-0.004364281892776489,0.007907243445515633,0.003770545357838273,0.9004555344581604,-0.43485987186431885,-2.2417895387192175,-1.3850042819976807,0.05983028933405876,0.0,-0.12005691975355148,0.03627140447497368,0.0
1302.8166666666666,4.729607105255127,1.407273530960083,-0.004335619509220123,0.007719880901277065,0.003666020231321454,0.9004597067832947,-0.4348554015159607,-2.2418009603093845,-1.3849369287490845,-0.057287707924842834,0.0,-0.12006091326475143,0.09496015310287476,0.0
1302.8333333333333,4.729613780975342,1.4072819948196411,-0.004364348948001862,0.007909497246146202,0.0037715116050094366,0.9004549980163574,-0.4348606467247009,-2.241787479049805,-1.3853466510772705,0.05999307334423065,0.0,-0.12036889791488647,0.03525424376130104,0.0
1302.85,4.729615211486816,1.4072827100753784,-0.004335641860961914,0.007719851564615965,0.0036659645847976208,0.9004592895507812,-0.4348564147949219,-2.241798872697285,-1.3852723836898804,-0.05751962214708328,0.0,-0.12037345767021179,0.09486911445856094,0.0
1302.8666666666666,4.729620456695557,1.407291054725647,-0.0043642520904541016,0.007909848354756832,0.003771614283323288,0.9004541039466858,-0.43486252427101135,-2.241783341262288,-1.3856863975524902,0.05982908606529236,0.0,-0.12068544328212738,0.0368143655359745,0.0
1302.8833333333334,4.729621410369873,1.4072916507720947,-0.004335686564445496,0.007720317225903273,0.0036663715727627277,0.9004586935043335,-0.4348575472831726,-2.24179625580598,-1.3855948448181152,-0.05915382131934166,0.0,-0.12068388611078262,0.09372992813587189,0.0
1302.9,4.729628086090088,1.4073001146316528,-0.004364222288131714,0.007910706102848053,0.003771765623241663,0.9004545211791992,-0.4348618686199188,-2.2417850343550763,-1.3860007524490356,0.060526058077812195,0.0,-0.12100900709629059,0.033731330186128616,0.0
1302.9166666666667,4.729629039764404,1.4073009490966797,-0.004335634410381317,0.007719407323747873,0.003665986703708768,0.9004586935043335,-0.43485745787620544,-2.2417963436693817,-1.3859277963638306,-0.05672972649335861,0.0,-0.12101370096206665,0.09454912692308426,0.0
1302.9333333333334,4.729636192321777,1.4073091745376587,-0.004364147782325745,0.007908569648861885,0.0037709760945290327,0.9004544615745544,-0.43486201763153076,-2.241784704426402,-1.3863242864608765,0.06027320772409439,0.0,-0.12133859097957611,0.0351744145154953,0.0
1302.95,4.729636192321777,1.407310128211975,-0.0043356046080589294,0.007719541434198618,0.0036660407204180956,0.9004579782485962,-0.43485909700393677,-2.241792878570597,-1.3862707614898682,-0.05316184461116791,0.0,-0.12133771926164627,0.09734749794006348,0.0
1302.9666666666667,4.729642391204834,1.407318115234375,-0.004364237189292908,0.007908148691058159,0.0037710012402385473,0.9004537463188171,-0.4348635971546173,-2.2417813028977482,-1.386655569076538,0.05993496626615524,0.0,-0.12165014445781708,0.03611559420824051,0.0
1302.9833333333333,4.72964334487915,1.4073189496994019,-0.004335649311542511,0.007719845045357943,0.003666388103738427,0.900458037853241,-0.43485885858535767,-2.2417932902193844,-1.3865710496902466,-0.05908863991498947,0.0,-0.12165277451276779,0.09402310848236084,0.0
1303.0,4.729649543762207,1.4073272943496704,-0.004364266991615295,0.007910377345979214,0.003771951887756586,0.9004534482955933,-0.4348639249801636,-2.2417802871430954,-1.386984944343567,0.06034703180193901,0.0,-0.12196995317935944,0.03491460531949997,0.0
1303.0166666666667,4.729650020599365,1.4073278903961182,-0.004335649311542511,0.00772018451243639,0.003666314296424389,0.9004580974578857,-0.4348585903644562,-2.241793726525701,-1.3868963718414307,-0.057817865163087845,0.0,-0.12197340279817581,0.09320363402366638,0.0
1303.0333333333333,4.729657173156738,1.4073361158370972,-0.004364214837551117,0.007910696789622307,0.0037720855325460434,0.9004541039466858,-0.43486258387565613,-2.2417832886965043,-1.387292504310608,0.06058262661099434,0.0,-0.12230224907398224,0.03333554416894913,0.0
1303.05,4.7296576499938965,1.4073371887207031,-0.004335619509220123,0.0077200718224048615,0.003666214644908905,0.900457501411438,-0.43485990166664124,-2.2417908960609845,-1.3872369527816772,-0.05279272422194481,0.0,-0.12229616194963455,0.09704706817865372,0.0
1303.0666666666666,4.729664325714111,1.407345175743103,-0.004364311695098877,0.00790853425860405,0.0037705786526203156,0.9004538655281067,-0.43486353754997253,-2.2417816341725216,-1.3876206874847412,0.05984991788864136,0.0,-0.12260804325342178,0.03546358272433281,0.0
1303.0833333333333,4.729665279388428,1.4073460102081299,-0.004335559904575348,0.007718929089605808,0.0036654823925346136,0.9004573225975037,-0.4348604679107666,-2.241789833475882,-1.3875668048858643,-0.053327079862356186,0.0,-0.12261098623275757,0.09763965010643005,0.0
1303.1,4.729671001434326,1.4073542356491089,-0.004364266991615295,0.0079064154997468,0.003770066425204277,0.9004526138305664,-0.4348660111427307,-2.241775988398642,-1.387959361076355,0.05982142314314842,0.0,-0.12291784584522247,0.03716844692826271,0.0
1303.1166666666666,4.729671955108643,1.4073549509048462,-0.00433562695980072,0.0077195544727146626,0.0036660130135715008,0.9004570841789246,-0.43486109375953674,-2.2417886029002743,-1.3878743648529053,-0.05910928547382355,0.0,-0.12292525917291641,0.09410689771175385,0.0
1303.1333333333334,4.729677677154541,1.4073632955551147,-0.0043642595410346985,0.007908737286925316,0.0037712017074227333,0.9004522562026978,-0.43486645817756653,-2.2417747076371177,-1.3882893323898315,0.06050043925642967,0.0,-0.12323980033397675,0.03470184653997421,0.0
1303.15,4.729678630828857,1.4073638916015625,-0.0043357908725738525,0.007720686495304108,0.003666304051876068,0.9004572033882141,-0.4348606467247009,-2.2417893866984557,-1.3881973028182983,-0.05837063491344452,0.0,-0.12323533743619919,0.091715008020401,0.0
1303.1666666666667,4.7296857833862305,1.4073723554611206,-0.004364132881164551,0.007910894230008125,0.00377213628962636,0.9004532098770142,-0.43486452102661133,-2.24177908232044,-1.3885929584503174,0.06075381487607956,0.0,-0.12357187271118164,0.032892417162656784,0.0
1303.1833333333334,4.729686737060547,1.407373309135437,-0.004335582256317139,0.007719922810792923,0.003666470292955637,0.9004571437835693,-0.43486061692237854,-2.2417892841670874,-1.3885248899459839,-0.054308753460645676,0.0,-0.12358171492815018,0.09548225998878479,0.0
1303.2,4.729693412780762,1.4073814153671265,-0.004364244639873505,0.007907716557383537,0.003770517185330391,0.9004529714584351,-0.43486514687538147,-2.241777787740638,-1.3889234066009521,0.059678815305233,0.0,-0.12389110028743744,0.035862136632204056,0.0
1303.2166666666667,4.72969388961792,1.407382607460022,-0.0043355971574783325,0.007719810586422682,0.0036659324541687965,0.9004566669464111,-0.434861958026886,-2.2417866829558526,-1.388871192932129,-0.05359230190515518,0.0,-0.12389504909515381,0.09720625728368759,0.0
1303.2333333333333,4.729700088500977,1.4073905944824219,-0.00436430424451828,0.007907632738351822,0.0037704515270888805,0.9004523158073425,-0.43486636877059937,-2.241774922274105,-1.3892617225646973,0.05994178354740143,0.0,-0.12420579791069031,0.036679353564977646,0.0
1303.25,4.729700565338135,1.4073914289474487,-0.0043355971574783325,0.007719544228166342,0.0036660328041762114,0.9004566669464111,-0.4348619282245636,-2.2417867172332566,-1.3891797065734863,-0.053695160895586014,0.0,-0.12421348690986633,0.09610574692487717,0.0
1303.2666666666667,4.729706764221191,1.407399296760559,-0.004364363849163055,0.007907731458544731,0.0037703688722103834,0.900452733039856,-0.4348655939102173,-2.2417767402372983,-1.3895727396011353,0.05982166901230812,0.0,-0.12452281266450882,0.03568558394908905,0.0
1303.2833333333333,4.72970724105835,1.4074000120162964,-0.004335619509220123,0.007719126529991627,0.0036661068443208933,0.9004573225975037,-0.434860497713089,-2.241789814167488,-1.3894845247268677,-0.05909864231944084,0.0,-0.12453825771808624,0.09373172372579575,0.0
1303.3,4.7297139167785645,1.4074084758758545,-0.004364296793937683,0.007909698411822319,0.0037716396618634462,0.9004527926445007,-0.43486517667770386,-2.241777380165946,-1.389892578125,0.06084787845611572,0.0,-0.12485748529434204,0.0333092100918293,0.0
1303.3166666666666,4.729714393615723,1.407409429550171,-0.004335619509220123,0.007719256915152073,0.0036659478209912777,0.9004571437835693,-0.43486088514328003,-2.241788969730348,-1.3898202180862427,-0.05585198104381561,0.0,-0.1248595118522644,0.0942067801952362,0.0
1303.3333333333333,4.7297210693359375,1.4074174165725708,-0.004364222288131714,0.007908392697572708,0.0037709875032305717,0.9004534482955933,-0.434864342212677,-2.241779789693131,-1.39020574092865,0.060674186795949936,0.0,-0.12518945336341858,0.03379366546869278,0.0
1303.35,4.7297210693359375,1.407418131828308,-0.004335746169090271,0.007719940040260553,0.0036662048660218716,0.9004579782485962,-0.43485885858535767,-2.2417931508578235,-1.3901170492172241,-0.05922038480639458,0.0,-0.12518881261348724,0.09169710427522659,0.0
1303.3666666666666,4.7297282218933105,1.4074264764785767,-0.004364229738712311,0.007910506799817085,0.0037716785445809364,0.9004542827606201,-0.434862345457077,-2.2417839537935387,-1.3905173540115356,0.06088066101074219,0.0,-0.12552137672901154,0.032053783535957336,0.0
1303.3833333333334,4.729729652404785,1.4074273109436035,-0.004335671663284302,0.007719845045357943,0.0036660991609096527,0.9004584550857544,-0.43485790491104126,-2.2417953036733347,-1.3904436826705933,-0.05567140504717827,0.0,-0.12552644312381744,0.09375375509262085,0.0
1303.4,4.729735374450684,1.4074355363845825,-0.0043641552329063416,0.007910013198852539,0.00377200311049819,0.9004538655281067,-0.4348631501197815,-2.241782105837213,-1.390845775604248,0.06002233922481537,0.0,-0.1258455067873001,0.03595615178346634,0.0
1303.4166666666667,4.729736328125,1.4074361324310303,-0.004335641860961914,0.007719631306827068,0.003666352014988661,0.9004582762718201,-0.4348582327365875,-2.2417945331027735,-1.3907597064971924,-0.059469081461429596,0.0,-0.12585097551345825,0.09328886866569519,0.0
1303.4333333333334,4.729743003845215,1.4074448347091675,-0.004364147782325745,0.007909312844276428,0.003771634539589286,0.9004535675048828,-0.43486350774765015,-2.241781014400501,-1.3911709785461426,0.06080125644803047,0.0,-0.1261719912290573,0.03365912660956383,0.0
1303.45,4.7297444343566895,1.4074456691741943,-0.004335679113864899,0.0077198948711156845,0.0036660663317888975,0.9004579186439514,-0.43485909700393677,-2.2417927447917196,-1.391101598739624,-0.05558115243911743,0.0,-0.12617625296115875,0.09377308189868927,0.0
1303.4666666666667,4.729751110076904,1.407454013824463,-0.004364311695098877,0.007909795269370079,0.0037715532816946507,0.9004534482955933,-0.4348639249801636,-2.2417802757804175,-1.3915114402770996,0.05971866473555565,0.0,-0.1264854222536087,0.03603307530283928,0.0
1303.4833333333333,4.729751110076904,1.4074549674987793,-0.004335455596446991,0.007719187997281551,0.003665582276880741,0.9004569053649902,-0.4348611831665039,-2.241788084226586,-1.3914599418640137,-0.052977561950683594,0.0,-0.12650026381015778,0.09827879816293716,0.0
1303.5,4.729757785797119,1.4074629545211792,-0.004364408552646637,0.007905887439846992,0.003769600298255682,0.9004528522491455,-0.43486541509628296,-2.241777187072445,-1.3918447494506836,0.06042390316724777,0.0,-0.1268058866262436,0.03525376319885254,0.0
1303.5166666666667,4.7297587394714355,1.4074636697769165,-0.004335649311542511,0.007720348425209522,0.0036663063801825047,0.9004567861557007,-0.43486151099205017,-2.2417874657916066,-1.3917733430862427,-0.05389547348022461,0.0,-0.12680797278881073,0.09570212662220001,0.0
1303.5333333333333,4.729764461517334,1.407471776008606,-0.004364274442195892,0.007907966151833534,0.0037709148600697517,0.9004523754119873,-0.4348665475845337,-2.2417748695499027,-1.3921703100204468,0.060056328773498535,0.0,-0.1271146535873413,0.035605475306510925,0.0
1303.55,4.729764461517334,1.4074726104736328,-0.004335731267929077,0.007720630150288343,0.0036663950886577368,0.900456964969635,-0.43486106395721436,-2.2417883773765395,-1.3920780420303345,-0.059894073754549026,0.0,-0.12711404263973236,0.0920676663517952,0.0
1303.5666666666666,4.729771614074707,1.4074808359146118,-0.004364132881164551,0.007909570820629597,0.003771567950025201,0.9004530310630798,-0.43486493825912476,-2.24177818874919,-1.3924764394760132,0.061290353536605835,0.0,-0.12745346128940582,0.03253030776977539,0.0
1303.5833333333333,4.729773044586182,1.4074817895889282,-0.004335686564445496,0.007720395922660828,0.003666544333100319,0.9004570841789246,-0.4348607659339905,-2.2417889850759627,-1.3924046754837036,-0.05439884215593338,0.0,-0.1274501532316208,0.09388090670108795,0.0
1303.6,4.72977876663208,1.4074898958206177,-0.0043641552329063416,0.007908906787633896,0.0037712999619543552,0.9004526138305664,-0.4348658323287964,-2.2417762270394404,-1.3928029537200928,0.059851787984371185,0.0,-0.12776772677898407,0.036086104810237885,0.0
1303.6166666666666,4.7297797203063965,1.407490849494934,-0.004335641860961914,0.007718647830188274,0.0036654965952038765,0.9004567265510559,-0.43486180901527405,-2.2417869712737457,-1.3927321434020996,-0.054494164884090424,0.0,-0.1277688443660736,0.0955233946442604,0.0
1303.6333333333334,4.729785442352295,1.4074989557266235,-0.004364311695098877,0.007908862084150314,0.0037714154459536076,0.9004523754119873,-0.4348663091659546,-2.2417751515931124,-1.3931297063827515,0.06011804938316345,0.0,-0.12807980179786682,0.03580856695771217,0.0
1303.65,4.7297868728637695,1.4074996709823608,-0.00433562695980072,0.007720355875790119,0.0036665918305516243,0.900456964969635,-0.43486112356185913,-2.2417883135235726,-1.3930435180664062,-0.05870025232434273,0.0,-0.12809249758720398,0.09312014281749725,0.0
1303.6666666666667,4.729793548583984,1.407508373260498,-0.004360847175121307,0.007857926189899445,0.003746639471501112,0.9004529118537903,-0.4348663091659546,-2.241775602123676,-1.393457055091858,0.06079493463039398,0.0,-0.1284131109714508,0.03509267792105675,0.0
1303.6833333333334,4.729794025421143,1.4075088500976562,-0.004337608814239502,0.007728168740868568,0.00366987194865942,0.9004562497138977,-0.4348624348640442,-2.2417853186743075,-1.393387794494629,-0.05571440979838371,0.0,-0.12840810418128967,0.09013833850622177,0.0
1303.7,4.729800224304199,1.4075173139572144,-0.004363596439361572,0.007910652086138725,0.003772044088691473,0.9004524350166321,-0.43486613035202026,-2.241775509788288,-1.3937896490097046,0.06027223914861679,0.0,-0.12873035669326782,0.03353781998157501,0.0
1303.7166666666667,4.729801654815674,1.407517910003662,-0.004335902631282806,0.007720430847257376,0.0036662924103438854,0.9004572033882141,-0.43486058712005615,-2.2417894520389243,-1.3936982154846191,-0.05731919780373573,0.0,-0.12874078750610352,0.09215263277292252,0.0
1303.7333333333333,4.729808330535889,1.4075262546539307,-0.004364073276519775,0.007910946384072304,0.0037725577130913734,0.9004524350166321,-0.43486595153808594,-2.2417757225454396,-1.3941051959991455,0.06048770621418953,0.0,-0.12906569242477417,0.035127297043800354,0.0
1303.75,4.729808807373047,1.4075273275375366,-0.00433562695980072,0.007721081841737032,0.0036661801859736443,0.9004559516906738,-0.4348631501197815,-2.241783727776562,-1.3940564393997192,-0.049981437623500824,0.0,-0.12906360626220703,0.09718013554811478,0.0
1303.7666666666667,4.729815483093262,1.4075357913970947,-0.004360824823379517,0.007855353876948357,0.0037455158308148384,0.9004524946212769,-0.4348672926425934,-2.241773513058308,-1.3944307565689087,0.0597744956612587,0.0,-0.1293753981590271,0.036968592554330826,0.0
1303.7833333333333,4.729815483093262,1.4075359106063843,-0.004337601363658905,0.007727928459644318,0.0036696619354188442,0.9004560112953186,-0.4348628520965576,-2.241784302160323,-1.3943678140640259,-0.05538409948348999,0.0,-0.12938237190246582,0.09033072739839554,0.0
1303.8,4.729822158813477,1.407544493675232,-0.004363603889942169,0.007908402942121029,0.0037715905345976353,0.9004520773887634,-0.4348667562007904,-2.241773972936017,-1.3947639465332031,0.06061873584985733,0.0,-0.12970367074012756,0.03325680270791054,0.0
1303.8166666666666,4.729822635650635,1.4075452089309692,-0.0043358877301216125,0.007720150053501129,0.0036660595797002316,0.9004567265510559,-0.43486154079437256,-2.2417872903755804,-1.3946747779846191,-0.05652504414319992,0.0,-0.12970702350139618,0.09196248650550842,0.0
1303.8333333333333,4.72982931137085,1.4075534343719482,-0.004364170134067535,0.007909250445663929,0.0037713563069701195,0.9004529714584351,-0.4348650872707367,-2.2417778798534815,-1.3950715065002441,0.06065589562058449,0.0,-0.13003508746623993,0.03368110954761505,0.0
1303.85,4.729829788208008,1.4075543880462646,-0.004335634410381317,0.007719866931438446,0.0036661853082478046,0.9004567265510559,-0.43486157059669495,-2.241787258360339,-1.3950048685073853,-0.05208340287208557,0.0,-0.13004274666309357,0.09608682245016098,0.0
1303.8666666666666,4.7298359870910645,1.407562255859375,-0.0043642595410346985,0.007907814346253872,0.0037707777228206396,0.9004532098770142,-0.43486472964286804,-2.241778804826964,-1.3953789472579956,0.06051412969827652,0.0,-0.13036327064037323,0.03459989279508591,0.0
1303.8833333333334,4.729836463928223,1.4075627326965332,-0.004335738718509674,0.007720891386270523,0.0036670430563390255,0.9004578590393066,-0.4348592162132263,-2.2417925005008277,-1.3952924013137817,-0.05849781259894371,0.0,-0.1303618848323822,0.09163885563611984,0.0
1303.9,4.729843616485596,1.4075714349746704,-0.00436430424451828,0.007910279557108879,0.003771635238081217,0.9004538059234619,-0.4348633587360382,-2.2417817295580633,-1.3957003355026245,0.060906339436769485,0.0,-0.13068149983882904,0.03203735873103142,0.0
1303.9166666666667,4.729843616485596,1.4075721502304077,-0.004335612058639526,0.00771951861679554,0.003666008124127984,0.9004579782485962,-0.43485891819000244,-2.2417930780353306,-1.3956269025802612,-0.05341387540102005,0.0,-0.13069331645965576,0.09431153535842896,0.0
1303.9333333333334,4.729849815368652,1.4075801372528076,-0.004364244639873505,0.007909108884632587,0.0037713274359703064,0.9004541635513306,-0.4348623752593994,-2.2417836343931485,-1.3960068225860596,0.0606626532971859,0.0,-0.13101737201213837,0.03394025191664696,0.0
1303.95,4.729850769042969,1.4075807332992554,-0.004335686564445496,0.007719934452325106,0.0036662044003605843,0.9004588723182678,-0.43485698103904724,-2.241797292473485,-1.3959178924560547,-0.05908973142504692,0.0,-0.13101665675640106,0.09136627614498138,0.0
1303.9666666666667,4.7298583984375,1.407589316368103,-0.004364222288131714,0.007910932414233685,0.003772244555875659,0.9004546403884888,-0.4348614513874054,-2.241785784914965,-1.3963274955749512,0.06099990755319595,0.0,-0.13134193420410156,0.032818011939525604,0.0
1303.9833333333333,4.729858875274658,1.4075905084609985,-0.0043355002999305725,0.007719541899859905,0.0036660791374742985,0.9004580974578857,-0.4348587393760681,-2.2417935517561216,-1.396276593208313,-0.05141706019639969,0.0,-0.1313556581735611,0.09699340164661407,0.0
1304.0,4.729865074157715,1.407598614692688,-0.0043643563985824585,0.007907209917902946,0.003770409617573023,0.9004539847373962,-0.43486320972442627,-2.2417822632993345,-1.3966633081436157,0.05986557528376579,0.0,-0.13166119158267975,0.03662421926856041,0.0
1304.0166666666667,4.7298665046691895,1.4075994491577148,-0.004335574805736542,0.007720283232629299,0.003666279837489128,0.9004584550857544,-0.4348578453063965,-2.241795376233877,-1.3965866565704346,-0.055828552693128586,0.0,-0.1316778063774109,0.09383152425289154,0.0
1304.0333333333333,4.729872703552246,1.4076075553894043,-0.004364244639873505,0.007907865568995476,0.003771498566493392,0.9004536867141724,-0.4348636269569397,-2.2417811430298182,-1.3969961404800415,0.060225777328014374,0.0,-0.131988987326622,0.03668524697422981,0.0
1304.05,4.7298736572265625,1.4076083898544312,-0.004335545003414154,0.0077196406200528145,0.0036661410704255104,0.9004574418067932,-0.43486014008522034,-2.241790489605292,-1.3969296216964722,-0.05517679452896118,0.0,-0.13199153542518616,0.09538678824901581,0.0
1304.0666666666666,4.729879379272461,1.4076168537139893,-0.004364341497421265,0.007907947525382042,0.0037707537412643433,0.9004528522491455,-0.4348652958869934,-2.2417773552024385,-1.3973373174667358,0.06030377745628357,0.0,-0.13229450583457947,0.035309210419654846,0.0
1304.0833333333333,4.729880332946777,1.4076173305511475,-0.004335656762123108,0.007719892077147961,0.0036661960184574127,0.900457501411438,-0.4348600506782532,-2.2417907279690104,-1.3972502946853638,-0.058711715042591095,0.0,-0.1323109269142151,0.092733234167099,0.0
1304.1,4.729886531829834,1.4076260328292847,-0.004364341497421265,0.007910393178462982,0.0037719719111919403,0.9004529714584351,-0.4348650276660919,-2.2417779652958565,-1.3976640701293945,0.06119939684867859,0.0,-0.13262517750263214,0.03285551071166992,0.0
1304.1166666666666,4.72988748550415,1.4076266288757324,-0.004335641860961914,0.007719832938164473,0.0036658947356045246,0.900457501411438,-0.43486011028289795,-2.2417906545940993,-1.3975799083709717,-0.055088791996240616,0.0,-0.13263772428035736,0.09313074499368668,0.0
1304.1333333333334,4.729894161224365,1.407634973526001,-0.004364266991615295,0.007908708415925503,0.003771102987229824,0.9004536271095276,-0.4348639249801636,-2.2417806687295077,-1.397973895072937,0.06066608801484108,0.0,-0.1329587697982788,0.033908743411302567,0.0
1304.15,4.729895114898682,1.4076356887817383,-0.004335574805736542,0.007720335386693478,0.003666657954454422,0.9004573822021484,-0.43486011028289795,-2.2417904011192733,-1.397904396057129,-0.054818056523799896,0.0,-0.13296955823898315,0.0948282852768898,0.0
1304.1666666666667,4.729901313781738,1.4076439142227173,-0.004364244639873505,0.007908442988991737,0.0037712538614869118,0.9004529714584351,-0.43486499786376953,-2.2417779739743264,-1.3983067274093628,0.06042236462235451,0.0,-0.13327696919441223,0.03494436293840408,0.0
1304.1833333333334,4.729901313781738,1.4076447486877441,-0.004335656762123108,0.007719109766185284,0.003665726399049163,0.9004570245742798,-0.4348609447479248,-2.2417886257770867,-1.3982340097427368,-0.05647032707929611,0.0,-0.13327471911907196,0.09379443526268005,0.0
1304.2,4.729907989501953,1.4076530933380127,-0.00436420738697052,0.007908308878540993,0.0037711341865360737,0.9004530906677246,-0.43486487865448,-2.241778376121369,-1.3986244201660156,0.06132659316062927,0.0,-0.13360127806663513,0.03290692716836929,0.0
1304.2166666666667,4.7299089431762695,1.40765380859375,-0.004335738718509674,0.007719319313764572,0.003666006028652191,0.9004579782485962,-0.43485918641090393,-2.2417927766982473,-1.3985364437103271,-0.057790499180555344,0.0,-0.1336050033569336,0.09079762548208237,0.0
1304.2333333333333,4.729915618896484,1.4076619148254395,-0.004364266991615295,0.007910514250397682,0.0037719225510954857,0.9004537463188171,-0.43486326932907104,-2.2417817010757695,-1.39894700050354,0.06070226803421974,0.0,-0.13392744958400726,0.03356921672821045,0.0
1304.25,4.729916095733643,1.4076628684997559,-0.004335679113864899,0.007720406167209148,0.0036662365309894085,0.9004577398300171,-0.4348594546318054,-2.2417919424088097,-1.398869514465332,-0.05445871129631996,0.0,-0.13392923772335052,0.09437645226716995,0.0
1304.2666666666667,4.729922771453857,1.4076712131500244,-0.004364244639873505,0.007909053936600685,0.0037710503675043583,0.9004537463188171,-0.43486350774765015,-2.241781408333962,-1.3992608785629272,0.06072074547410011,0.0,-0.13424746692180634,0.034058328717947006,0.0
1304.2833333333333,4.729923725128174,1.4076719284057617,-0.004335634410381317,0.007720622234046459,0.003666470292955637,0.9004578590393066,-0.4348590672016144,-2.241792654073072,-1.3991906642913818,-0.053291987627744675,0.0,-0.13425764441490173,0.09439066797494888,0.0
1304.3,4.7299299240112305,1.4076799154281616,-0.004364266991615295,0.007908587343990803,0.003771247109398246,0.9004537463188171,-0.43486350774765015,-2.241781410405495,-1.399584174156189,0.06028766557574272,0.0,-0.13457128405570984,0.03570088744163513,0.0
1304.3166666666666,4.729930877685547,1.407680869102478,-0.004335619509220123,0.007719622924923897,0.0036664088256657124,0.9004578590393066,-0.43485909700393677,-2.2417926148438827,-1.3994967937469482,-0.056823913007974625,0.0,-0.13457441329956055,0.09387321025133133,0.0
1304.3333333333333,4.729936599731445,1.4076889753341675,-0.004364319145679474,0.007910097017884254,0.003771598916500807,0.9004534482955933,-0.4348640441894531,-2.2417801446817713,-1.3999100923538208,0.060422420501708984,0.0,-0.1348859965801239,0.0354415699839592,0.0
1304.35,4.729937553405762,1.4076896905899048,-0.004335619509220123,0.007720021065324545,0.0036664309445768595,0.9004579186439514,-0.434859037399292,-2.241792819808405,-1.399821162223816,-0.058987367898225784,0.0,-0.13489656150341034,0.09259945899248123,0.0
1304.3666666666666,4.729943752288818,1.407698154449463,-0.004364334046840668,0.007910680957138538,0.0037721358239650726,0.9004535675048828,-0.434863805770874,-2.2417806979183155,-1.4002368450164795,0.061115190386772156,0.0,-0.13521245121955872,0.033305805176496506,0.0
1304.3833333333334,4.729945182800293,1.4076987504959106,-0.0043356940150260925,0.0077200899831950665,0.0036662903148680925,0.9004582762718201,-0.43485838174819946,-2.2417943670125857,-1.4001449346542358,-0.056996773928403854,0.0,-0.13522018492221832,0.09164922684431076,0.0
1304.4,4.72995138168335,1.4077070951461792,-0.004364185035228729,0.007911275140941143,0.0037727761082351208,0.9004534482955933,-0.4348638653755188,-2.24178037595806,-1.4005522727966309,0.06077948585152626,0.0,-0.1355440318584442,0.03482472151517868,0.0
1304.4166666666667,4.729952335357666,1.407707691192627,-0.004335664212703705,0.007719321176409721,0.003665640950202942,0.9004576206207275,-0.4348598122596741,-2.241791252529864,-1.4004803895950317,-0.05581267550587654,0.0,-0.1355402022600174,0.09344247728586197,0.0
1304.4333333333334,4.729958534240723,1.4077165126800537,-0.004364289343357086,0.007908827625215054,0.0037712841294705868,0.9004529714584351,-0.4348650574684143,-2.2417779096828623,-1.4008865356445312,0.0607418492436409,0.0,-0.13585218787193298,0.0343705378472805,0.0
1304.45,4.729959487915039,1.407717227935791,-0.004335567355155945,0.007719622924923897,0.0036658328026533127,0.9004571437835693,-0.4348609447479248,-2.241788902222077,-1.4008235931396484,-0.051228102296590805,0.0,-0.13587091863155365,0.0954468622803688,0.0
1304.4666666666667,4.7299652099609375,1.4077250957489014,-0.004364289343357086,0.007906747981905937,0.00377086759544909,0.9004529714584351,-0.43486523628234863,-2.2417776906581137,-1.4012060165405273,0.06044876575469971,0.0,-0.13618113100528717,0.035342954099178314,0.0
1304.4833333333333,4.729966640472412,1.4077258110046387,-0.004335716366767883,0.007719969376921654,0.003666205331683159,0.9004574418067932,-0.4348599910736084,-2.2417906593390042,-1.401118278503418,-0.059371963143348694,0.0,-0.13617700338363647,0.09092570096254349,0.0
1304.5,4.729972839355469,1.4077341556549072,-0.004364222288131714,0.007911106571555138,0.0037726424634456635,0.9004529714584351,-0.4348650276660919,-2.2417779831659765,-1.401531457901001,0.06141472980380058,0.0,-0.13650381565093994,0.03323446959257126,0.0
1304.5166666666667,4.729973316192627,1.4077351093292236,-0.00433562695980072,0.007719872985035181,0.003666296601295471,0.9004572629928589,-0.4348604679107666,-2.2417897190177873,-1.4014440774917603,-0.054958224296569824,0.0,-0.13650846481323242,0.09305460751056671,0.0
1304.5333333333333,4.729979991912842,1.407742977142334,-0.0043642520904541016,0.00790972076356411,0.0037716850638389587,0.9004535675048828,-0.4348638653755188,-2.2417806169008037,-1.4018386602401733,0.06067446619272232,0.0,-0.1368301808834076,0.0339491069316864,0.0
1304.55,4.729979991912842,1.4077438116073608,-0.00433562695980072,0.007719533517956734,0.0036661094054579735,0.900457501411438,-0.43485987186431885,-2.2417909247631074,-1.401766061782837,-0.05584133043885231,0.0,-0.1368241012096405,0.09340451657772064,0.0
1304.5666666666666,4.729987621307373,1.407752275466919,-0.004364296793937683,0.007908997125923634,0.00377104664221406,0.9004538059234619,-0.43486326932907104,-2.241781810924334,-1.4021550416946411,0.061291202902793884,0.0,-0.13714908063411713,0.03234800323843956,0.0
1304.5833333333333,4.729987621307373,1.407753348350525,-0.004335455596446991,0.00771887693554163,0.0036658216267824173,0.9004570841789246,-0.43486088514328003,-2.241788829406063,-1.4021114110946655,-0.044878896325826645,0.0,-0.13716191053390503,0.0985741913318634,0.0
1304.6,4.7299933433532715,1.4077608585357666,-0.004364378750324249,0.007904094643890858,0.0037692186888307333,0.9004537463188171,-0.4348633885383606,-2.241781478933233,-1.4024628400802612,0.05980829894542694,0.0,-0.1374671310186386,0.036308836191892624,0.0
1304.6166666666666,4.729994297027588,1.407761573791504,-0.004335679113864899,0.007719939108937979,0.003665948286652565,0.9004581570625305,-0.434858500957489,-2.241793953746762,-1.4023939371109009,-0.05659356713294983,0.0,-0.1374635100364685,0.09240401536226273,0.0
1304.6333333333334,4.730001449584961,1.407770037651062,-0.004364274442195892,0.007908288389444351,0.0037713090423494577,0.9004541635513306,-0.4348626732826233,-2.241783296389037,-1.4027891159057617,0.06159215047955513,0.0,-0.13778823614120483,0.03297156095504761,0.0
1304.65,4.730001926422119,1.4077709913253784,-0.004335582256317139,0.007719146087765694,0.003665884956717491,0.9004581570625305,-0.4348587095737457,-2.2417937151631615,-1.402721643447876,-0.053624216467142105,0.0,-0.13780269026756287,0.0941106528043747,0.0
1304.6666666666667,4.730008602142334,1.4077789783477783,-0.004364341497421265,0.007907584309577942,0.003770786104723811,0.9004539251327515,-0.43486326932907104,-2.241782070522035,-1.4031177759170532,0.06055711954832077,0.0,-0.1381145417690277,0.03527016565203667,0.0
1304.6833333333334,4.73000955581665,1.4077798128128052,-0.004335582256317139,0.007720178924500942,0.0036665727384388447,0.9004575610160828,-0.43485987186431885,-2.2417910734079443,-1.4030486345291138,-0.055090565234422684,0.0,-0.13811765611171722,0.09482748061418533,0.0
1304.7,4.730015277862549,1.407788634300232,-0.004360906779766083,0.007856929674744606,0.0037461910396814346,0.9004533290863037,-0.43486544489860535,-2.2417775072476998,-1.4034597873687744,0.06039714813232422,0.0,-0.13842156529426575,0.03643587976694107,0.0
1304.7166666666667,4.730016708374023,1.407788634300232,-0.004337623715400696,0.007727212272584438,0.003669837722554803,0.9004576802253723,-0.4348595142364502,-2.2417918467577826,-1.4033604860305786,-0.05861669033765793,0.0,-0.13843269646167755,0.087613545358181,0.0
1304.7333333333333,4.73002290725708,1.4077974557876587,-0.0043634772300720215,0.007910704240202904,0.003772696712985635,0.9004530310630798,-0.43486472964286804,-2.2417784521407103,-1.4037758111953735,0.06099172681570053,0.0,-0.1387624740600586,0.03378117457032204,0.0
1304.75,4.730024337768555,1.407797932624817,-0.004335843026638031,0.007721329107880592,0.0036665769293904305,0.9004573822021484,-0.4348601698875427,-2.24179033719016,-1.4037089347839355,-0.0547734759747982,0.0,-0.13876864314079285,0.09241744875907898,0.0
1304.7666666666667,4.730029582977295,1.4078065156936646,-0.004364237189292908,0.007909787818789482,0.003772077849134803,0.9004526734352112,-0.4348655343055725,-2.2417767177039454,-1.4041192531585693,0.060528356581926346,0.0,-0.13907288014888763,0.03424748405814171,0.0
1304.7833333333333,4.7300310134887695,1.4078071117401123,-0.004335656762123108,0.007719560991972685,0.0036660744808614254,0.9004572033882141,-0.43486061692237854,-2.2417894101009974,-1.4040288925170898,-0.058960724622011185,0.0,-0.13908205926418304,0.09177443385124207,0.0
1304.8,4.730037689208984,1.40781569480896,-0.004364266991615295,0.00791078805923462,0.003772333962842822,0.9004526138305664,-0.434865802526474,-2.241776291632004,-1.4044435024261475,0.061341822147369385,0.0,-0.13940384984016418,0.03356555104255676,0.0
1304.8166666666666,4.730037689208984,1.4078165292739868,-0.004335656762123108,0.007719646207988262,0.0036657608579844236,0.9004564881324768,-0.43486231565475464,-2.2417858702865074,-1.404386043548584,-0.05034054070711136,0.0,-0.13940322399139404,0.09495452791452408,0.0
1304.8333333333333,4.730044841766357,1.4078243970870972,-0.004364371299743652,0.007908227853477001,0.003770940937101841,0.9004530906677246,-0.43486499786376953,-2.2417782380553506,-1.40475594997406,0.06085556000471115,0.0,-0.13972041010856628,0.03354893997311592,0.0
1304.85,4.730044364929199,1.4078253507614136,-0.0043355971574783325,0.007720661349594593,0.0036667687818408012,0.9004566073417664,-0.4348617196083069,-2.2417868355474875,-1.4046883583068848,-0.05137898772954941,0.0,-0.13972307741641998,0.09554430097341537,0.0
1304.8666666666666,4.730051517486572,1.407833218574524,-0.00436430424451828,0.007907118648290634,0.0037701954133808613,0.9004538059234619,-0.43486350774765015,-2.241781516681003,-1.405055284500122,0.06114719435572624,0.0,-0.1400444507598877,0.03265023231506348,0.0
1304.8833333333334,4.730052471160889,1.4078340530395508,-0.004335612058639526,0.007719907909631729,0.003666667966172099,0.9004577398300171,-0.43485939502716064,-2.2417920159875186,-1.4049768447875977,-0.05293738842010498,0.0,-0.14005818963050842,0.09426930546760559,0.0
1304.9,4.730058193206787,1.4078420400619507,-0.004364341497421265,0.007907404564321041,0.0037707772571593523,0.900453507900238,-0.43486422300338745,-2.2417800499416485,-1.4053815603256226,0.060079507529735565,0.0,-0.14035794138908386,0.035675741732120514,0.0
1304.9166666666667,4.730058670043945,1.4078426361083984,-0.004335731267929077,0.007719682529568672,0.0036659634206444025,0.9004581570625305,-0.4348587691783905,-2.2417936525114617,-1.4052904844284058,-0.0602710023522377,0.0,-0.14036275446414948,0.09054641425609589,0.0
1304.9333333333334,4.73006534576416,1.4078514575958252,-0.004364229738712311,0.007910645566880703,0.003772343974560499,0.9004538059234619,-0.43486326932907104,-2.241781846751269,-1.405699610710144,0.06210460886359215,0.0,-0.1406949758529663,0.03159913420677185,0.0
1304.95,4.730066776275635,1.4078518152236938,-0.004335738718509674,0.007720499765127897,0.0036663792561739683,0.9004586338996887,-0.43485742807388306,-2.2417962543750094,-1.4056099653244019,-0.05777828022837639,0.0,-0.14070364832878113,0.08954878896474838,0.0
1304.9666666666667,4.73007345199585,1.407860517501831,-0.004364117980003357,0.00791201926767826,0.0037735088262706995,0.9004538655281067,-0.43486303091049194,-2.2417822813669694,-1.4060232639312744,0.06112092733383179,0.0,-0.14102843403816223,0.03367219120264053,0.0
1304.9833333333333,4.73007345199585,1.4078614711761475,-0.004335641860961914,0.007720217574387789,0.0036656504962593317,0.9004576802253723,-0.43485963344573975,-2.2417915930041254,-1.4059677124023438,-0.05101412162184715,0.0,-0.1410246193408966,0.09434961527585983,0.0
1305.0,4.7300801277160645,1.4078693389892578,-0.004364244639873505,0.007908647879958153,0.003771351184695959,0.9004542231559753,-0.4348624348640442,-2.24178370192573,-1.4063384532928467,0.060995202511548996,0.0,-0.14134900271892548,0.03411427140235901,0.0
1305.0166666666667,4.730081081390381,1.4078700542449951,-0.004335664212703705,0.007719564251601696,0.0036661243066191673,0.9004583358764648,-0.4348583221435547,-2.2417945637970336,-1.406266689300537,-0.05548415333032608,0.0,-0.14135003089904785,0.0929257795214653,0.0
1305.0333333333333,4.730086803436279,1.4078787565231323,-0.0043642595410346985,0.00790863111615181,0.00377138564363122,0.9004534482955933,-0.4348641633987427,-2.2417799996852725,-1.406677007675171,0.06073956936597824,0.0,-0.1416606903076172,0.03542929142713547,0.0
1305.05,4.730088233947754,1.4078789949417114,-0.004335746169090271,0.00772123271599412,0.0036667385138571262,0.9004588723182678,-0.4348571002483368,-2.2417971761532867,-1.4065730571746826,-0.06002223119139671,0.0,-0.14167387783527374,0.08861924707889557,0.0
1305.0666666666666,4.730095386505127,1.4078881740570068,-0.004360757768154144,0.007859710603952408,0.0037478250451385975,0.9004547595977783,-0.4348624050617218,-2.2417842220415025,-1.4069956541061401,0.0616549514234066,0.0,-0.14200365543365479,0.0336100235581398,0.0
1305.0833333333333,4.730095863342285,1.407888412475586,-0.004337534308433533,0.0077270143665373325,0.0036692016292363405,0.9004581570625305,-0.43485838174819946,-2.241794188161161,-1.4069290161132812,-0.052869491279125214,0.0,-0.1420106291770935,0.08891401439905167,0.0
1305.1,4.7301025390625,1.407896876335144,-0.0043636709451675415,0.007909875363111496,0.003772275522351265,0.9004539847373962,-0.43486297130584717,-2.241782583208813,-1.4073283672332764,0.06040508300065994,0.0,-0.14232680201530457,0.03417542204260826,0.0
1305.1166666666666,4.730104446411133,1.4078971147537231,-0.004336431622505188,0.007722671143710613,0.0036664968356490135,0.9004599452018738,-0.4348548650741577,-2.2418021275788695,-1.407252550125122,-0.06854520738124847,0.0,-0.14237818121910095,0.08494970947504044,0.0
1305.1333333333334,4.7301130294799805,1.4079068899154663,-0.004364572465419769,0.007909659296274185,0.003770851995795965,0.9004496932029724,-0.43487176299095154,-2.2417629184918395,-1.4077998399734497,0.05015775188803673,0.0,-0.1426611691713333,0.045593880116939545,0.0
1305.15,4.7301130294799805,1.4079080820083618,-0.004336103796958923,0.007720775902271271,0.003667187411338091,0.9004529118537903,-0.4348693788051605,-2.241769839667963,-1.4077597856521606,-0.07546889781951904,0.0,-0.1426602602005005,0.09339875727891922,0.0
1305.1666666666667,4.730120658874512,1.4079183340072632,-0.00436469167470932,0.007910988293588161,0.0037703204434365034,0.9004413485527039,-0.43488916754722595,-2.241724391888308,-1.4083303213119507,0.05112560838460922,0.0,-0.1429336816072464,0.04413411766290665,0.0
1305.1833333333334,4.730122089385986,1.4079186916351318,-0.004336163401603699,0.007721461821347475,0.0036683958023786545,0.9004464149475098,-0.43488287925720215,-2.2417399329739895,-1.4082386493682861,-0.07624578475952148,0.0,-0.14294973015785217,0.08893022686243057,0.0
1305.2,4.730130195617676,1.4079291820526123,-0.004364609718322754,0.007912910543382168,0.003771177027374506,0.9004356265068054,-0.43490082025527954,-2.2416983207691388,-1.408801794052124,0.05208159610629082,0.0,-0.14323610067367554,0.04259832203388214,0.0
1305.2166666666667,4.730131149291992,1.4079298973083496,-0.004336073994636536,0.007720688357949257,0.0036676074378192425,0.9004398584365845,-0.4348965585231781,-2.2417096416857416,-1.408742904663086,-0.076897531747818,0.0,-0.14324910938739777,0.09040199965238571,0.0
1305.2333333333333,4.730140209197998,1.4079405069351196,-0.004364684224128723,0.00791320949792862,0.003771531395614147,0.9004286527633667,-0.4349151849746704,-2.2416663399287433,-1.4093083143234253,0.053245555609464645,0.0,-0.1435336321592331,0.04287149757146835,0.0
1305.25,4.730140686035156,1.4079415798187256,-0.004335917532444,0.007720430381596088,0.003667060285806656,0.9004319310188293,-0.43491286039352417,-2.241673294961254,-1.409271240234375,-0.07650022208690643,0.0,-0.14354968070983887,0.09311599284410477,0.0
1305.2666666666667,4.7301483154296875,1.4079519510269165,-0.004364781081676483,0.007912728935480118,0.003771030344069004,0.9004215002059937,-0.4349300265312195,-2.2416333955675007,-1.4098269939422607,0.05499954894185066,0.0,-0.1438308209180832,0.04231150075793266,0.0
1305.2833333333333,4.730149269104004,1.4079527854919434,-0.0043359920382499695,0.007720789406448603,0.003667372278869152,0.9004256725311279,-0.4349258542060852,-2.2416444800516677,-1.4097567796707153,-0.07821380347013474,0.0,-0.14384466409683228,0.08972233533859253,0.0
1305.3,4.730156421661377,1.4079629182815552,-0.004364706575870514,0.007915030233561993,0.0037727891467511654,0.900415301322937,-0.4349430203437805,-2.241604757567683,-1.4103143215179443,0.055770646780729294,0.0,-0.14413613080978394,0.041069384664297104,0.0
1305.3166666666666,4.730157852172852,1.407963514328003,-0.004336148500442505,0.0077227633446455,0.00366777740418911,0.9004199504852295,-0.43493765592575073,-2.2416182330212013,-1.4102250337600708,-0.0827883929014206,0.0,-0.14413674175739288,0.08469634503126144,0.0
1305.3333333333333,4.730165481567383,1.4079742431640625,-0.004364535212516785,0.00791847426444292,0.003774219425395131,0.9004102945327759,-0.43495309352874756,-2.2415821070347968,-1.4107837677001953,0.056431110948324203,0.0,-0.14445379376411438,0.03719412162899971,0.0
1305.35,4.730166912078857,1.4079747200012207,-0.00433611124753952,0.0077213505282998085,0.0036672912538051605,0.9004150629043579,-0.4349476099014282,-2.24159592401328,-1.410696268081665,-0.08591864258050919,0.0,-0.14446750283241272,0.08295515179634094,0.0
1305.3666666666666,4.730175018310547,1.4079856872558594,-0.004364527761936188,0.007919849827885628,0.0037749228067696095,0.9004055857658386,-0.4349629282951355,-2.2415603779258775,-1.411264419555664,0.05675796791911125,0.0,-0.14479303359985352,0.03595418110489845,0.0
1305.3833333333334,4.730175971984863,1.4079864025115967,-0.004336103796958923,0.007721306756138802,0.0036670961417257786,0.9004101753234863,-0.43495768308639526,-2.2415734941139047,-1.4111783504486084,-0.08717548102140427,0.0,-0.1448056995868683,0.08216433972120285,0.0
1305.4,4.7301836013793945,1.407997488975525,-0.004364430904388428,0.007921531796455383,0.003775358200073242,0.900401771068573,-0.43497079610824585,-2.241542885982552,-1.4117283821105957,0.0570334866642952,0.0,-0.14515304565429688,0.032973382622003555,0.0
1305.4166666666667,4.730185031890869,1.407997727394104,-0.004336267709732056,0.0077224113047122955,0.003668174147605896,0.9004074335098267,-0.434963583946228,-2.2415606618350052,-1.4116257429122925,-0.0876941829919815,0.0,-0.145161971449852,0.07886961102485657,0.0
1305.4333333333334,4.7301926612854,1.4080085754394531,-0.004364348948001862,0.007923919707536697,0.0037762245628982782,0.9003992080688477,-0.4349760413169861,-2.241531197873831,-1.4121822118759155,0.057229042053222656,0.0,-0.14551444351673126,0.03294430300593376,0.0
1305.45,4.730194091796875,1.4080091714859009,-0.004336297512054443,0.007722441107034683,0.0036677366588264704,0.9004040360450745,-0.43497058749198914,-2.241545062794845,-1.4120863676071167,-0.08464028686285019,0.0,-0.14551591873168945,0.08239362388849258,0.0
1305.4666666666667,4.730202674865723,1.4080203771591187,-0.004360847175121307,0.007873384281992912,0.003751504234969616,0.9003968238830566,-0.4349822402000427,-2.2415180492535933,-1.4126203060150146,0.059179458767175674,0.0,-0.14587461948394775,0.033459436148405075,0.0
1305.4833333333333,4.730203151702881,1.4080204963684082,-0.004338018596172333,0.007728556636720896,0.003670704085379839,0.9004007577896118,-0.4349771738052368,-2.2415303024598145,-1.4125410318374634,-0.07713675498962402,0.0,-0.14588268101215363,0.08233845978975296,0.0
1305.5,4.730210781097412,1.4080308675765991,-0.004363812506198883,0.007922717370092869,0.0037757668178528547,0.9003937244415283,-0.43498754501342773,-2.2415057961860723,-1.4130480289459229,0.058684252202510834,0.0,-0.14622381329536438,0.03389508277177811,0.0
1305.5166666666667,4.730212688446045,1.4080314636230469,-0.0043362826108932495,0.007722343783825636,0.0036675946321338415,0.900398313999176,-0.43498238921165466,-2.241518795791739,-1.4129647016525269,-0.07776539772748947,0.0,-0.14623534679412842,0.08571974188089371,0.0
1305.5333333333333,4.730218887329102,1.4080415964126587,-0.004364393651485443,0.007923576980829239,0.003776311641559005,0.900390625,-0.43499377369880676,-2.2414917695291074,-1.413481593132019,0.059437282383441925,0.0,-0.14656075835227966,0.03504326939582825,0.0
1305.55,4.730221271514893,1.4080419540405273,-0.004336133599281311,0.007721576374024153,0.0036671843845397234,0.9003956317901611,-0.43498778343200684,-2.24150662698352,-1.4133787155151367,-0.07867176085710526,0.0,-0.14656884968280792,0.08490650355815887,0.0
1305.5666666666666,4.730226993560791,1.4080522060394287,-0.004364490509033203,0.007924109697341919,0.0037765763700008392,0.9003880023956299,-0.43499913811683655,-2.2414797904913097,-1.4139031171798706,0.05965602025389671,0.0,-0.14689341187477112,0.03493298217654228,0.0
1305.5833333333333,4.730228424072266,1.4080524444580078,-0.004336237907409668,0.007722559385001659,0.0036671801935881376,0.9003934264183044,-0.4349924921989441,-2.241496329763001,-1.413791298866272,-0.07913714647293091,0.0,-0.14690175652503967,0.08338131755590439,0.0
1305.6,4.730235576629639,1.4080628156661987,-0.004364326596260071,0.007925109937787056,0.0037772427313029766,0.9003862142562866,-0.4350029230117798,-2.2414714939877993,-1.4143006801605225,0.05979602783918381,0.0,-0.14724674820899963,0.03285593539476395,0.0
1305.6166666666666,4.730238914489746,1.4080623388290405,-0.004335746169090271,0.00771755538880825,0.003670264035463333,0.9003936052322388,-0.43499213457107544,-2.2414971802097314,-1.414199948310852,-0.0802435427904129,0.0,-0.14730799198150635,0.08181329071521759,0.0
1305.6333333333334,4.730246543884277,1.4080736637115479,-0.0043642520904541016,0.007911180146038532,0.0037733358331024647,0.9003813862800598,-0.4350129961967468,-2.2414490552633617,-1.414807677268982,0.04509611055254936,0.0,-0.14760257303714752,0.04555794596672058,0.0
1305.65,4.730247974395752,1.4080742597579956,-0.004335932433605194,0.007719089277088642,0.0036714342422783375,0.9003862738609314,-0.43500733375549316,-2.2414634748175093,-1.41473388671875,-0.07781320810317993,0.0,-0.14762894809246063,0.09373274445533752,0.0
1305.6666666666667,4.730255603790283,1.4080849885940552,-0.004364348948001862,0.00790729746222496,0.0037705793511122465,0.9003738164901733,-0.43502897024154663,-2.2414138295625237,-1.4153343439102173,0.04684300348162651,0.0,-0.14789141714572906,0.046281661838293076,0.0
1305.6833333333334,4.730257511138916,1.4080853462219238,-0.004335947334766388,0.007718167267739773,0.003670739009976387,0.9003788232803345,-0.4350228011608124,-2.241429147149074,-1.415244460105896,-0.0762544646859169,0.0,-0.14791102707386017,0.09449538588523865,0.0
1305.7,4.730264663696289,1.4080959558486938,-0.004364393651485443,0.007905922830104828,0.003770210547372699,0.9003666639328003,-0.4350438117980957,-2.241380887160303,-1.415835976600647,0.04882048815488815,0.0,-0.14817020297050476,0.04677620902657509,0.0
1305.7166666666667,4.7302656173706055,1.4080966711044312,-0.004335872828960419,0.0077200462110340595,0.003671342507004738,0.9003710150718689,-0.4350389838218689,-2.24139324376583,-1.4157618284225464,-0.07525088638067245,0.0,-0.1481943130493164,0.0961136519908905,0.0
1305.7333333333333,4.730273723602295,1.4081077575683594,-0.0043609365820884705,0.007853941060602665,0.0037453146651387215,0.9003596305847168,-0.4350593686103821,-2.241346651179067,-1.416333794593811,0.0498896948993206,0.0,-0.14846312999725342,0.04541245102882385,0.0
1305.75,4.730274677276611,1.408108115196228,-0.004337958991527557,0.007727757096290588,0.003674618899822235,0.9003633856773376,-0.435054749250412,-2.2413582988428566,-1.4162840843200684,-0.07142166048288345,0.0,-0.14847826957702637,0.09250403940677643,0.0
1305.7666666666667,4.730281829833984,1.4081182479858398,-0.004363730549812317,0.007905961945652962,0.0037707295268774033,0.900352954864502,-0.43507200479507446,-2.241318071314588,-1.4168264865875244,0.05233839526772499,0.0,-0.14875423908233643,0.04428805038332939,0.0
1305.7833333333333,4.730283737182617,1.4081186056137085,-0.004336126148700714,0.007719408720731735,0.0036703203804790974,0.9003580212593079,-0.4350658357143402,-2.241333524665976,-1.4167414903640747,-0.07459112256765366,0.0,-0.14877010881900787,0.09267548471689224,0.0
1305.8,4.73029088973999,1.408129096031189,-0.004364341497421265,0.007906987331807613,0.00377202732488513,0.9003472924232483,-0.43508392572402954,-2.241291845408715,-1.4172958135604858,0.0530317984521389,0.0,-0.14905045926570892,0.04455699026584625,0.0
1305.8166666666666,4.730291843414307,1.4081294536590576,-0.004335783421993256,0.007719310931861401,0.0036693362053483725,0.9003522396087646,-0.4350777566432953,-2.2413069726731067,-1.4172106981277466,-0.0788230374455452,0.0,-0.1490793079137802,0.09494192153215408,0.0
1305.8333333333333,4.730299949645996,1.4081401824951172,-0.00436459481716156,0.007906462997198105,0.003772137686610222,0.9003414511680603,-0.4350960850715637,-2.2412649120647847,-1.4177696704864502,0.05344370752573013,0.0,-0.14936113357543945,0.04053112864494324,0.0
1305.85,4.730301380157471,1.408140778541565,-0.004335716366767883,0.007718539796769619,0.003668856807053089,0.9003459215164185,-0.435091108083725,-2.24127760388346,-1.4177062511444092,-0.08076341450214386,0.0,-0.14937810599803925,0.0935136079788208,0.0
1305.8666666666666,4.730309009552002,1.4081512689590454,-0.0043645575642585754,0.007907258346676826,0.0037722059059888124,0.900335431098938,-0.4351082742214203,-2.2412375429758717,-1.4182655811309814,0.05421576276421547,0.0,-0.14966841042041779,0.03947652131319046,0.0
1305.8833333333334,4.730309963226318,1.408152461051941,-0.004335775971412659,0.007719418965280056,0.0036703161895275116,0.9003393054008484,-0.43510451912879944,-2.241247537256312,-1.4182045459747314,-0.07902226597070694,0.0,-0.14968205988407135,0.09187068790197372,0.0
1305.9,4.730318069458008,1.4081629514694214,-0.004360966384410858,0.007857201620936394,0.003747522598132491,0.9003299474716187,-0.4351208209991455,-2.241210226069858,-1.4187544584274292,0.05573402717709541,0.0,-0.1499815583229065,0.04060753062367439,0.0
1305.9166666666667,4.730318546295166,1.4081631898880005,-0.004337742924690247,0.007725316099822521,0.0036729960702359676,0.9003336429595947,-0.4351160526275635,-2.2412217963266383,-1.4186804294586182,-0.07617823779582977,0.0,-0.14999373257160187,0.08896744251251221,0.0
1305.9333333333334,4.7303266525268555,1.4081733226776123,-0.004363760352134705,0.007909632287919521,0.0037735742516815662,0.9003241658210754,-0.435131698846817,-2.2411856709370226,-1.4192168712615967,0.05576752498745918,0.0,-0.15029524266719818,0.040626831352710724,0.0
1305.95,4.730327129364014,1.4081743955612183,-0.00433601438999176,0.007719807792454958,0.0036699259653687477,0.9003282785415649,-0.4351274371147156,-2.2411967289202,-1.419142723083496,-0.08102547377347946,0.0,-0.15029692649841309,0.08999499678611755,0.0
1305.9666666666667,4.730335235595703,1.40818452835083,-0.004364289343357086,0.007911804132163525,0.0037745668087154627,0.90031898021698,-0.43514230847358704,-2.2411620003305073,-1.4196829795837402,0.05712396278977394,0.0,-0.15060703456401825,0.03717663511633873,0.0
1305.9833333333333,4.7303361892700195,1.4081852436065674,-0.004335768520832062,0.007718863897025585,0.0036696377210319042,0.9003232717514038,-0.43513768911361694,-2.2411738243868933,-1.4196093082427979,-0.0822480171918869,0.0,-0.15061919391155243,0.08839201927185059,0.0
1306.0,4.730343818664551,1.4081957340240479,-0.004364319145679474,0.007911584340035915,0.0037740273401141167,0.9003153443336487,-0.4351497292518616,-2.2411453892025976,-1.4201374053955078,0.05656919255852699,0.0,-0.15094894170761108,0.03501955047249794,0.0
1306.0166666666667,4.730344772338867,1.4081963300704956,-0.004335902631282806,0.007718994282186031,0.0036699203774333,0.900320291519165,-0.43514391779899597,-2.2411600622542007,-1.4200478792190552,-0.08242534101009369,0.0,-0.1509609967470169,0.08644206821918488,0.0
1306.0333333333333,4.730352878570557,1.4082067012786865,-0.004364185035228729,0.00791564304381609,0.0037760562263429165,0.9003129005432129,-0.4351547956466675,-2.2411342079519327,-1.4205636978149414,0.05758807435631752,0.0,-0.15130679309368134,0.03349347412586212,0.0
1306.05,4.730353355407715,1.4082074165344238,-0.004335813224315643,0.007718983571976423,0.0036698481999337673,0.9003171920776367,-0.4351502060890198,-2.2411459533909235,-1.4204905033111572,-0.07801826298236847,0.0,-0.15131597220897675,0.08923335373401642,0.0
1306.0666666666666,4.73036003112793,1.4082173109054565,-0.004364185035228729,0.007915578782558441,0.0037760846316814423,0.900310218334198,-0.435160368680954,-2.241121853243431,-1.42098867893219,0.05812469869852066,0.0,-0.1516498327255249,0.03429298847913742,0.0
1306.0833333333333,4.730362415313721,1.4082176685333252,-0.0043359920382499695,0.007720352150499821,0.0036704044323414564,0.9003156423568726,-0.4351533055305481,-2.2411389677651656,-1.4208760261535645,-0.08313684165477753,0.0,-0.15164723992347717,0.08378013223409653,0.0
1306.1,4.730370044708252,1.4082279205322266,-0.004364013671875,0.007919669151306152,0.00377813633531332,0.9003081321716309,-0.43516451120376587,-2.2411125223745754,-1.4214036464691162,0.05849813297390938,0.0,-0.1519935429096222,0.034131117165088654,0.0
1306.1166666666666,4.730370998382568,1.4082287549972534,-0.004335753619670868,0.0077189551666378975,0.0036699038464576006,0.9003121852874756,-0.4351608157157898,-2.241122660622426,-1.4213285446166992,-0.07399691641330719,0.0,-0.15200594067573547,0.09212742745876312,0.0
1306.1333333333334,4.730377674102783,1.4082382917404175,-0.004364274442195892,0.007916418835520744,0.0037762762513011694,0.9003053903579712,-0.4351704716682434,-2.241099542430992,-1.4218151569366455,0.058814290910959244,0.0,-0.15232618153095245,0.035091470927000046,0.0
1306.15,4.7303786277771,1.4082390069961548,-0.00433582067489624,0.007718835026025772,0.003669511992484331,0.9003098011016846,-0.4351654350757599,-2.2411120438471785,-1.4217238426208496,-0.07445286214351654,0.0,-0.1523282527923584,0.09013830125331879,0.0
1306.1666666666667,4.730386257171631,1.4082486629486084,-0.004364229738712311,0.007915355265140533,0.003775941673666239,0.9003036022186279,-0.4351738691329956,-2.241091649252058,-1.4222017526626587,0.0588562972843647,0.0,-0.15266217291355133,0.03361984342336655,0.0
1306.1833333333334,4.730386734008789,1.4082493782043457,-0.004335753619670868,0.00771965691819787,0.003669771831482649,0.9003077745437622,-0.4351697564125061,-2.2411025945639995,-1.4221317768096924,-0.0674593523144722,0.0,-0.15267440676689148,0.09333418309688568,0.0
1306.2,4.7303948402404785,1.408259391784668,-0.004360869526863098,0.007861098274588585,0.0037495200522243977,0.9003024101257324,-0.4351775646209717,-2.2410839705998074,-1.422588586807251,0.05925871059298515,0.0,-0.15299592912197113,0.03623479604721069,0.0
1306.2166666666667,4.7303948402404785,1.4082598686218262,-0.0043376535177230835,0.007726116571575403,0.003672489430755377,0.9003058671951294,-0.43517374992370605,-2.241093861665402,-1.422536015510559,-0.06578318029642105,0.0,-0.153008833527565,0.09085402637720108,0.0
1306.2333333333333,4.730402946472168,1.4082691669464111,-0.004363738000392914,0.007911241613328457,0.0037742583081126213,0.9003004431724548,-0.4351806640625,-2.241076783683002,-1.422979474067688,0.05897355079650879,0.0,-0.15333539247512817,0.03575584292411804,0.0
1306.25,4.730404376983643,1.408270001411438,-0.004335902631282806,0.00771984551101923,0.003669747617095709,0.9003046154975891,-0.4351763427257538,-2.2410880185209137,-1.4229118824005127,-0.06620248407125473,0.0,-0.15335404872894287,0.09399835765361786,0.0
1306.2666666666667,4.730410575866699,1.4082789421081543,-0.004364222288131714,0.007911588996648788,0.0037749838083982468,0.9002978801727295,-0.43518584966659546,-2.2410651517131615,-1.4233758449554443,0.05940641462802887,0.0,-0.15366175770759583,0.03889402374625206,0.0
1306.2833333333333,4.730411052703857,1.4082801342010498,-0.004335656762123108,0.007719364017248154,0.0036688433028757572,0.9003012180328369,-0.43518343567848206,-2.2410723101521235,-1.423322081565857,-0.0629635602235794,0.0,-0.1536661982536316,0.09767460823059082,0.0
1306.3,4.7304182052612305,1.408288836479187,-0.004364386200904846,0.00790957361459732,0.0037737367674708366,0.9002960920333862,-0.43518972396850586,-2.241056700972994,-1.423746109008789,0.059796467423439026,0.0,-0.15398316085338593,0.035795051604509354,0.0
1306.3166666666666,4.730419635772705,1.4082891941070557,-0.004335768520832062,0.0077196285128593445,0.0036694142036139965,0.9003003835678101,-0.4351850748062134,-2.2410685856721013,-1.4236754179000854,-0.06460460275411606,0.0,-0.15398597717285156,0.09345457702875137,0.0
1306.3333333333333,4.7304253578186035,1.4082987308502197,-0.004364341497421265,0.007911350578069687,0.0037747430615127087,0.9002940654754639,-0.43519389629364014,-2.241047439450371,-1.4241273403167725,0.059741467237472534,0.0,-0.15429231524467468,0.03659087419509888,0.0
1306.35,4.730426788330078,1.408299446105957,-0.00433572381734848,0.0077184755355119705,0.0036686055827885866,0.9002987742424011,-0.43518829345703125,-2.2410612905967717,-1.424040675163269,-0.06537413597106934,0.0,-0.15431296825408936,0.09300451725721359,0.0
1306.3666666666666,4.730433464050293,1.4083083868026733,-0.00436440110206604,0.007911558263003826,0.0037748345639556646,0.9002937078475952,-0.43519464135169983,-2.2410457929010916,-1.424483299255371,0.06009112671017647,0.0,-0.15463298559188843,0.035027988255023956,0.0
1306.3833333333334,4.730434894561768,1.4083088636398315,-0.004335761070251465,0.0077181230299174786,0.0036685499362647533,0.9002983570098877,-0.4351893663406372,-2.24105913557434,-1.4243931770324707,-0.06508707255125046,0.0,-0.15465080738067627,0.09280814975500107,0.0
1306.4,4.730441570281982,1.4083179235458374,-0.004364348948001862,0.007913710549473763,0.003775891847908497,0.9002923965454102,-0.43519720435142517,-2.2410399666464316,-1.4248441457748413,0.059835489839315414,0.0,-0.1549648642539978,0.03651800379157066,0.0
1306.4166666666667,4.730441570281982,1.4083186388015747,-0.004335679113864899,0.007717709057033062,0.0036683010403066874,0.9002965688705444,-0.4351932406425476,-2.241050714233797,-1.4247711896896362,-0.06377754360437393,0.0,-0.1549740880727768,0.09498710185289383,0.0
1306.4333333333334,4.730448246002197,1.408327579498291,-0.0043643563985824585,0.007911674678325653,0.0037749060429632664,0.900291383266449,-0.43519923090934753,-2.241035356609653,-1.4251958131790161,0.060245782136917114,0.0,-0.1552973836660385,0.034024059772491455,0.0
1306.45,4.730449676513672,1.4083278179168701,-0.004335835576057434,0.007719883229583502,0.003669553203508258,0.9002962708473206,-0.43519356846809387,-2.2410497038072132,-1.425105333328247,-0.06439905613660812,0.0,-0.15529899299144745,0.09167131036520004,0.0
1306.4666666666667,4.730456829071045,1.408337116241455,-0.004364274442195892,0.007913444191217422,0.0037757279351353645,0.9002911448478699,-0.4351997971534729,-2.2410342052642687,-1.4255393743515015,0.060202568769454956,0.0,-0.15562234818935394,0.03325694054365158,0.0
1306.4833333333333,4.730457782745361,1.4083378314971924,-0.004335768520832062,0.007719408720731735,0.003668799065053463,0.9002951979637146,-0.4351959824562073,-2.2410445372124252,-1.4254828691482544,-0.06027907878160477,0.0,-0.1556336134672165,0.09514953941106796,0.0
1306.5,4.73046350479126,1.4083466529846191,-0.00436440110206604,0.007911653257906437,0.0037749300245195627,0.9002898335456848,-0.43520259857177734,-2.2410280536336105,-1.4259072542190552,0.05981183424592018,0.0,-0.15594467520713806,0.03639061003923416,0.0
1306.5166666666667,4.730464935302734,1.4083473682403564,-0.004335813224315643,0.0077185845002532005,0.003668634220957756,0.9002947807312012,-0.43519681692123413,-2.2410426444628286,-1.4258146286010742,-0.06527979671955109,0.0,-0.15595313906669617,0.09194102138280869,0.0
1306.5333333333333,4.730471611022949,1.4083560705184937,-0.004364311695098877,0.007912003435194492,0.0037749239709228277,0.9002897143363953,-0.435202956199646,-2.2410273830749454,-1.4262468814849854,0.06056872382760048,0.0,-0.1562868356704712,0.03430294245481491,0.0
1306.55,4.730472564697266,1.4083566665649414,-0.004335813224315643,0.007719932124018669,0.0036693739239126444,0.9002938270568848,-0.435198575258255,-2.241038523156553,-1.4261704683303833,-0.060917675495147705,0.0,-0.1562872678041458,0.09422200173139572,0.0
1306.5666666666666,4.7304792404174805,1.408365249633789,-0.004364319145679474,0.007912242785096169,0.0037754299119114876,0.9002887606620789,-0.4352048635482788,-2.2410230854157205,-1.4265971183776855,0.06004907935857773,0.0,-0.15660187602043152,0.03542517125606537,0.0
1306.5833333333333,4.730480194091797,1.4083659648895264,-0.004335813224315643,0.007719244807958603,0.003668998833745718,0.9002929925918579,-0.4352004826068878,-2.24103447438417,-1.4265074729919434,-0.062299370765686035,0.0,-0.15660236775875092,0.09409564733505249,0.0
1306.6,4.730486869812012,1.4083746671676636,-0.0043642595410346985,0.007912642322480679,0.0037755677476525307,0.9002875089645386,-0.4352073669433594,-2.2410174337474484,-1.4269429445266724,0.059988681226968765,0.0,-0.15691915154457092,0.036597102880477905,0.0
1306.6166666666666,4.73048734664917,1.4083755016326904,-0.004335805773735046,0.007719074375927448,0.003668488934636116,0.9002916216850281,-0.4352032244205475,-2.24102826761475,-1.4268711805343628,-0.05892028287053108,0.0,-0.15691818296909332,0.09554659575223923,0.0
1306.6333333333334,4.730493545532227,1.4083839654922485,-0.004364266991615295,0.00791067723184824,0.0037748650647699833,0.9002864360809326,-0.4352095127105713,-2.2410125608605327,-1.4272880554199219,0.059834834188222885,0.0,-0.15723490715026855,0.03729564696550369,0.0
1306.65,4.730494499206543,1.4083846807479858,-0.004335813224315643,0.007719159591943026,0.003668908029794693,0.9002909064292908,-0.4352048337459564,-2.2410248445257914,-1.4272029399871826,-0.06069406494498253,0.0,-0.1572379767894745,0.09462112933397293,0.0
1306.6666666666667,4.7305006980896,1.4083932638168335,-0.0043643563985824585,0.007911600172519684,0.003775164717808366,0.9002859592437744,-0.4352104663848877,-2.2410104168200013,-1.4276248216629028,0.060308124870061874,0.0,-0.15755420923233032,0.03532979264855385,0.0
1306.6833333333334,4.730501651763916,1.4083938598632812,-0.004335843026638031,0.007720087189227343,0.003669420722872019,0.9002912044525146,-0.4352041780948639,-2.24102627303283,-1.4275221824645996,-0.06280500441789627,0.0,-0.15756332874298096,0.09167062491178513,0.0
1306.7,4.730507850646973,1.408402442932129,-0.0043642520904541016,0.007912853732705116,0.003775740973651409,0.9002864956855774,-0.4352094829082489,-2.241012759394732,-1.4279463291168213,0.06039201468229294,0.0,-0.157895028591156,0.03426961228251457,0.0
1306.7166666666667,4.730508804321289,1.4084032773971558,-0.00433582067489624,0.007720031775534153,0.003669455647468567,0.9002909064292908,-0.4352046251296997,-2.241025093416994,-1.4278593063354492,-0.06008514389395714,0.0,-0.1579003632068634,0.09388861060142517,0.0
1306.7333333333333,4.730515956878662,1.4084117412567139,-0.0043642595410346985,0.00791197270154953,0.003775288350880146,0.9002865552902222,-0.4352092742919922,-2.24101311482338,-1.4282732009887695,0.06016511470079422,0.0,-0.15822379291057587,0.03457587957382202,0.0
1306.75,4.730515956878662,1.4084126949310303,-0.004335738718509674,0.007719152607023716,0.003668977413326502,0.9002904891967773,-0.4352055788040161,-2.2410230604683385,-1.4282063245773315,-0.056442297995090485,0.0,-0.15823009610176086,0.09651339799165726,0.0
1306.7666666666667,4.730522155761719,1.4084208011627197,-0.004364430904388428,0.007909744046628475,0.0037742566782981157,0.9002863168716431,-0.4352099597454071,-2.2410117712296977,-1.4286085367202759,0.05974285304546356,0.0,-0.15854352712631226,0.03624353185296059,0.0
1306.7833333333333,4.730523109436035,1.4084211587905884,-0.004335850477218628,0.007719677872955799,0.003669276600703597,0.900291383266449,-0.4352039694786072,-2.2410269095109907,-1.4285058975219727,-0.06361792236566544,0.0,-0.15855029225349426,0.09185020625591278,0.0
1306.8,4.730530261993408,1.4084303379058838,-0.004364341497421265,0.007912560366094112,0.003775395452976227,0.9002864360809326,-0.43520960211753845,-2.2410124811736982,-1.4289348125457764,0.060399942100048065,0.0,-0.15887565910816193,0.033462341874837875,0.0
1306.8166666666666,4.730531215667725,1.408431053161621,-0.004335716366767883,0.0077179232612252235,0.0036682579666376114,0.9002904891967773,-0.4352056384086609,-2.2410229730150686,-1.4288679361343384,-0.05599379912018776,0.0,-0.15888944268226624,0.0962233766913414,0.0
1306.8333333333333,4.730537414550781,1.4084393978118896,-0.004364483058452606,0.007909897714853287,0.003774162381887436,0.9002863168716431,-0.43521007895469666,-2.2410116365595254,-1.4292662143707275,0.06009028106927872,0.0,-0.15920251607894897,0.03536010906100273,0.0
1306.85,4.730538368225098,1.4084397554397583,-0.004335746169090271,0.007719602435827255,0.0036689979024231434,0.9002907872200012,-0.43520501255989075,-2.241024376400556,-1.4291821718215942,-0.059557706117630005,0.0,-0.1592136025428772,0.09419514983892441,0.0
1306.8666666666666,4.7305450439453125,1.4084486961364746,-0.0043643563985824585,0.00791027769446373,0.0037743770517408848,0.9002856612205505,-0.435211181640625,-2.2410089134179043,-1.429603934288025,0.06026514247059822,0.0,-0.1595233529806137,0.03499969094991684,0.0
1306.8833333333334,4.730545520782471,1.408449411392212,-0.004335761070251465,0.0077194818295538425,0.003668868914246559,0.9002902507781982,-0.43520596623420715,-2.241022082263632,-1.4295198917388916,-0.05964074656367302,0.0,-0.15953578054904938,0.09386307001113892,0.0
1306.9,4.7305521965026855,1.40845787525177,-0.004364274442195892,0.007911253720521927,0.003775190096348524,0.9002856612205505,-0.43521109223365784,-2.2410090356201775,-1.429930329322815,0.06055102124810219,0.0,-0.15986117720603943,0.03487027436494827,0.0
1306.9166666666667,4.730553150177002,1.4084585905075073,-0.004335768520832062,0.007718542590737343,0.0036686668172478676,0.9002901911735535,-0.43520617485046387,-2.2410217043498815,-1.4298462867736816,-0.05887788534164429,0.0,-0.15986625850200653,0.09406714886426926,0.0
1306.9333333333334,4.730559825897217,1.4084668159484863,-0.004364386200904846,0.007911600172519684,0.003775368444621563,0.9002856612205505,-0.4352111518383026,-2.2410089744355886,-1.4302622079849243,0.06008196249604225,0.0,-0.16018418967723846,0.035760048776865005,0.0
1306.95,4.730560302734375,1.4084680080413818,-0.004335753619670868,0.00771948229521513,0.0036689669359475374,0.9002895951271057,-0.4352075457572937,-2.2410188213701034,-1.4301908016204834,-0.055624011904001236,0.0,-0.1601770520210266,0.09643372148275375,0.0
1306.9666666666667,4.730566501617432,1.4084758758544922,-0.00436430424451828,0.007910288870334625,0.003774362150579691,0.9002854824066162,-0.43521177768707275,-2.2410078383803995,-1.4305843114852905,0.06009690463542938,0.0,-0.1604994684457779,0.036307185888290405,0.0
1306.9833333333333,4.730567455291748,1.408476710319519,-0.004335775971412659,0.007719093002378941,0.0036686593666672707,0.9002894759178162,-0.43520763516426086,-2.2410184410801617,-1.430513858795166,-0.05733702331781387,0.0,-0.16049706935882568,0.09570832550525665,0.0
1307.0,4.730574131011963,1.4084850549697876,-0.004364319145679474,0.007909717038273811,0.0037744566798210144,0.9002848863601685,-0.43521273136138916,-2.2410054108693314,-1.4309148788452148,0.060525212436914444,0.0,-0.160816952586174,0.035390932112932205,0.0
1307.0166666666667,4.730575084686279,1.4084858894348145,-0.004335716366767883,0.007718443404883146,0.0036682721693068743,0.9002888202667236,-0.43520915508270264,-2.2410152336692097,-1.4308542013168335,-0.05255914852023125,0.0,-0.1608235388994217,0.09746669232845306,0.0
1307.0333333333333,4.7305803298950195,1.408494234085083,-0.004364371299743652,0.007907521910965443,0.00377363758161664,0.9002841711044312,-0.43521448969841003,-2.2410017838497205,-1.4312492609024048,0.05941584333777428,0.0,-0.1611262410879135,0.037607911974191666,0.0
1307.05,4.730581760406494,1.4084945917129517,-0.004335843026638031,0.007719031535089016,0.0036683264188468456,0.9002890586853027,-0.43520867824554443,-2.2410163149201496,-1.431164264678955,-0.060633547604084015,0.0,-0.16113248467445374,0.09288936853408813,0.0
1307.0666666666666,4.730588912963867,1.408503532409668,-0.004364386200904846,0.007910829968750477,0.0037749302573502064,0.9002840518951416,-0.43521466851234436,-2.2410013553225636,-1.4315862655639648,0.06070799008011818,0.0,-0.1614508032798767,0.034526579082012177,0.0
1307.0833333333333,4.730589389801025,1.4085042476654053,-0.004335686564445496,0.0077192275784909725,0.003668681252747774,0.9002879858016968,-0.4352107048034668,-2.241011608231168,-1.4315190315246582,-0.05295778065919876,0.0,-0.1614694744348526,0.09714871644973755,0.0
1307.1,4.730595111846924,1.4085127115249634,-0.004360981285572052,0.007856084033846855,0.0037484639324247837,0.9002841711044312,-0.43521565198898315,-2.2409996999860833,-1.4319099187850952,0.059895679354667664,0.0,-0.1617773473262787,0.03673240542411804,0.0
1307.1166666666666,4.73059606552124,1.4085129499435425,-0.004337817430496216,0.007726816926151514,0.003672064747661352,0.9002880454063416,-0.4352104663848877,-2.241012116947988,-1.431827425956726,-0.05972189083695412,0.0,-0.1617719829082489,0.08945056051015854,0.0
1307.1333333333334,4.730602264404297,1.4085216522216797,-0.004363685846328735,0.00791297759860754,0.0037763481959700584,0.9002835154533386,-0.43521562218666077,-2.2409991052587324,-1.4322482347488403,0.060345668345689774,0.0,-0.16209645569324493,0.03433917090296745,0.0
1307.15,4.7306036949157715,1.4085220098495483,-0.004336073994636536,0.007720489054918289,0.0036691753193736076,0.9002884030342102,-0.43521004915237427,-2.2410133098760583,-1.432157039642334,-0.06011722981929779,0.0,-0.16209855675697327,0.0919889509677887,0.0
1307.1666666666667,4.73060941696167,1.4085310697555542,-0.004364214837551117,0.00791279599070549,0.003775708144530654,0.9002835750579834,-0.4352153539657593,-2.2409995265751985,-1.4325675964355469,0.06087731570005417,0.0,-0.1624295562505722,0.03359326347708702,0.0
1307.1833333333334,4.7306108474731445,1.4085314273834229,-0.004335902631282806,0.007720159366726875,0.0036690677516162395,0.9002887606620789,-0.4352092742919922,-2.2410149889160187,-1.4324817657470703,-0.059457190334796906,0.0,-0.16244088113307953,0.09177751839160919,0.0
1307.2,4.730617523193359,1.4085402488708496,-0.004364296793937683,0.007911469787359238,0.003775096731260419,0.9002843499183655,-0.4352138340473175,-2.2410029754065297,-1.4328924417495728,0.06062065064907074,0.0,-0.1627676784992218,0.03350677713751793,0.0
1307.2166666666667,4.730618000030518,1.4085408449172974,-0.0043357908725738525,0.007719011977314949,0.0036688116379082203,0.9002890586853027,-0.4352085590362549,-2.241016458413954,-1.432806134223938,-0.05890987440943718,0.0,-0.16278228163719177,0.0932532548904419,0.0
1307.2333333333333,4.730624675750732,1.4085493087768555,-0.004364311695098877,0.00791202113032341,0.0037757065147161484,0.9002845883369446,-0.4352134168148041,-2.2410040019592334,-1.4332141876220703,0.060610294342041016,0.0,-0.16310857236385345,0.03461403027176857,0.0
1307.25,4.730625152587891,1.4085499048233032,-0.004335843026638031,0.00771883362904191,0.0036687091924250126,0.9002893567085266,-0.43520796298980713,-2.241017802223592,-1.43312668800354,-0.05984605848789215,0.0,-0.16310444474220276,0.09230173379182816,0.0
1307.2666666666667,4.7306318283081055,1.4085584878921509,-0.004364311695098877,0.0079122856259346,0.003775588236749172,0.9002848863601685,-0.4352128505706787,-2.2410053140852795,-1.4335359334945679,0.06079499050974846,0.0,-0.16343635320663452,0.03410881757736206,0.0
1307.2833333333333,4.730632781982422,1.4085593223571777,-0.004335775971412659,0.007719127926975489,0.003668590448796749,0.9002890586853027,-0.4352085590362549,-2.2410164542769433,-1.4334653615951538,-0.05669853091239929,0.0,-0.16343720257282257,0.0945686548948288,0.0
1307.3,4.730639457702637,1.4085675477981567,-0.004364326596260071,0.007911108434200287,0.0037750904448330402,0.9002845883369446,-0.4352133870124817,-2.2410040176662585,-1.4338710308074951,0.06010660529136658,0.0,-0.16375645995140076,0.03627467900514603,0.0
1307.3166666666666,4.730639934539795,1.4085683822631836,-0.004335813224315643,0.007718660868704319,0.0036683566868305206,0.9002887606620789,-0.4352092444896698,-2.2410150004235248,-1.4337979555130005,-0.05737892910838127,0.0,-0.16375698149204254,0.09521061927080154,0.0
1307.3333333333333,4.730646133422852,1.408576488494873,-0.004364319145679474,0.007910363376140594,0.003774830140173435,0.9002842903137207,-0.43521401286125183,-2.2410026284114175,-1.4341989755630493,0.06073421984910965,0.0,-0.16407892107963562,0.03512249514460564,0.0
1307.35,4.730647563934326,1.4085770845413208,-0.004335872828960419,0.007719447370618582,0.0036688833497464657,0.900288999080658,-0.43520861864089966,-2.241016259228963,-1.4340976476669312,-0.05957607179880142,0.0,-0.1640719622373581,0.09242644906044006,0.0
1307.3666666666666,4.730653285980225,1.4085856676101685,-0.004364237189292908,0.007912465371191502,0.003775618504732847,0.9002838730812073,-0.4352146089076996,-2.2410010365473743,-1.4345239400863647,0.06011519581079483,0.0,-0.16438943147659302,0.035836126655340195,0.0
1307.3833333333334,4.730654716491699,1.4085863828659058,-0.004335753619670868,0.007719314191490412,0.0036690058186650276,0.9002884030342102,-0.43520990014076233,-2.2410134676291977,-1.4344381093978882,-0.05782438814640045,0.0,-0.16439706087112427,0.09470276534557343,0.0
1307.4,4.7306599617004395,1.4085944890975952,-0.00436440110206604,0.007911980152130127,0.003775312565267086,0.9002838730812073,-0.4352149963378906,-2.241000594267351,-1.4348503351211548,0.060332611203193665,0.0,-0.16471195220947266,0.03532002866268158,0.0
1307.4166666666667,4.7306623458862305,1.4085948467254639,-0.004335813224315643,0.007719813846051693,0.003669364843517542,0.9002887606620789,-0.4352092146873474,-2.241015060282264,-1.4347461462020874,-0.060750383883714676,0.0,-0.1647154986858368,0.0923328772187233,0.0
1307.4333333333334,4.730669021606445,1.408604383468628,-0.004360973834991455,0.007860617712140083,0.0037501987535506487,0.900283694267273,-0.43521636724472046,-2.2409978702808795,-1.4351879358291626,0.060313478112220764,0.0,-0.16502392292022705,0.03616683930158615,0.0
1307.45,4.730669975280762,1.4086052179336548,-0.00433744490146637,0.0077253589406609535,0.0036713983863592148,0.9002865552902222,-0.43521344661712646,-2.241005362330149,-1.435131311416626,-0.049527402967214584,0.0,-0.1650426983833313,0.09532417356967926,0.0
1307.4666666666667,4.730675220489502,1.4086129665374756,-0.004363834857940674,0.00790819339454174,0.0037739810068160295,0.9002825021743774,-0.43521785736083984,-2.240994219124466,-1.435522198677063,0.05852964147925377,0.0,-0.16534407436847687,0.03855682909488678,0.0
1307.4833333333333,4.730676651000977,1.408613920211792,-0.004335932433605194,0.00771982129663229,0.00366850383579731,0.9002864956855774,-0.43521398305892944,-2.2410045399334653,-1.4354521036148071,-0.05633777752518654,0.0,-0.16534674167633057,0.09633244574069977,0.0
1307.5,4.730682373046875,1.4086220264434814,-0.0043642595410346985,0.007909264415502548,0.0037745824083685875,0.9002817869186401,-0.4352193772792816,-2.2409909048963286,-1.435855746269226,0.060558706521987915,0.0,-0.1656610369682312,0.03664802387356758,0.0
1307.5166666666667,4.730683326721191,1.4086228609085083,-0.00433582067489624,0.007720146328210831,0.0036689850967377424,0.9002859592437744,-0.43521493673324585,-2.2410022607149354,-1.4357755184173584,-0.05568281561136246,0.0,-0.16566093266010284,0.09495463967323303,0.0
1307.5333333333333,4.730689525604248,1.408631443977356,-0.004360973834991455,0.007858355529606342,0.0037493230774998665,0.9002823829650879,-0.4352191388607025,-2.2409917483915547,-1.43617844581604,0.06045948341488838,0.0,-0.1659751981496811,0.03542015329003334,0.0
1307.55,4.730689525604248,1.4086318016052246,-0.004337690770626068,0.007726029492914677,0.0036715734750032425,0.9002858400344849,-0.4352150559425354,-2.2410019368010814,-1.4361108541488647,-0.05359836295247078,0.0,-0.1659814566373825,0.09194393455982208,0.0
1307.5666666666666,4.730696678161621,1.4086400270462036,-0.004363738000392914,0.007910044863820076,0.003774792654439807,0.9002822041511536,-0.4352184534072876,-2.2409928986087313,-1.4364937543869019,0.060529351234436035,0.0,-0.1663079410791397,0.03387736529111862,0.0
1307.5833333333333,4.7306976318359375,1.408640742301941,-0.004335969686508179,0.0077200764790177345,0.003669078927487135,0.9002862572669983,-0.43521445989608765,-2.2410034758064836,-1.4364240169525146,-0.05320771411061287,0.0,-0.1663077175617218,0.09548111259937286,0.0
1307.6,4.730704307556152,1.40864896774292,-0.004364416003227234,0.007909214124083519,0.003773910691961646,0.9002823233604431,-0.4352183938026428,-2.240993214303395,-1.4368115663528442,0.060351040214300156,0.0,-0.16662010550498962,0.03458666428923607,0.0
1307.6166666666666,4.7307047843933105,1.4086499214172363,-0.004335664212703705,0.007718551903963089,0.003668502438813448,0.9002854824066162,-0.43521612882614136,-2.240999821734847,-1.4367592334747314,-0.05159253999590874,0.0,-0.16662706434726715,0.09882150590419769,0.0
1307.6333333333334,4.730711460113525,1.4086579084396362,-0.0043644532561302185,0.007907149381935596,0.0037732101045548916,0.9002814292907715,-0.43522003293037415,-2.24098931579692,-1.4371392726898193,0.06041865050792694,0.0,-0.16693100333213806,0.03515300154685974,0.0
1307.65,4.730712413787842,1.4086589813232422,-0.004335612058639526,0.007718236185610294,0.0036682672798633575,0.9002846479415894,-0.43521761894226074,-2.240996244386439,-1.4370901584625244,-0.05117669701576233,0.0,-0.16693589091300964,0.09889138489961624,0.0
1307.6666666666667,4.73071813583374,1.4086668491363525,-0.004364572465419769,0.00790678896009922,0.0037729181349277496,0.9002803564071655,-0.4352223873138428,-2.240984226042055,-1.437483549118042,0.05952492728829384,0.0,-0.16722925007343292,0.03745562210679054,0.0
1307.6833333333334,4.730719089508057,1.4086676836013794,-0.0043357014656066895,0.007719788700342178,0.0036689271219074726,0.9002842307090759,-0.43521857261657715,-2.240994246554922,-1.4374125003814697,-0.05554621294140816,0.0,-0.16724160313606262,0.09690068662166595,0.0
1307.7,4.730725288391113,1.408676028251648,-0.004364468157291412,0.007908815518021584,0.0037741721607744694,0.900279700756073,-0.4352238178253174,-2.240981166457103,-1.437814712524414,0.06071736663579941,0.0,-0.16754736006259918,0.0353919081389904,0.0
1307.7166666666667,4.73072624206543,1.4086766242980957,-0.00433572381734848,0.007720340508967638,0.0036692549474537373,0.9002838134765625,-0.43521955609321594,-2.240992203826399,-1.4377347230911255,-0.053394343703985214,0.0,-0.16756026446819305,0.09618360549211502,0.0
1307.7333333333333,4.730731964111328,1.4086849689483643,-0.004364386200904846,0.007908664643764496,0.00377413397654891,0.9002795815467834,-0.43522384762763977,-2.2409808595621463,-1.438124418258667,0.06048617511987686,0.18648017942905426,-0.1678699404001236,0.034636080265045166,0.18648017942905426
1307.75,4.730709075927734,1.4086583852767944,-0.004338085651397705,0.00772793497890234,0.0036734638269990683,0.9002887010574341,-0.4352090656757355,-2.2410152145249027,-1.4369722604751587,0.37343159317970276,0.279720276594162,-0.16693878173828125,0.23167863488197327,0.279720276594162
1307.7666666666667,4.730656147003174,1.4085928201675415,-0.004349634051322937,0.007775496691465378,0.0036787274293601513,0.9003126621246338,-0.43515855073928833,-2.241126727386539,-1.4343007802963257,0.48179858922958374,0.3729603886604309,-0.16497266292572021,0.3937665522098541,0.3729603886604309
1307.7833333333333,4.7305684089660645,1.4084824323654175,-0.004352644085884094,0.007783445995301008,0.003689924255013466,0.9003255367279053,-0.4351317286491394,-2.2411863859176258,-1.4301968812942505,0.618388295173645,0.46620047092437744,-0.1612498164176941,0.5922043323516846,0.46620047092437744
1307.8,4.730443954467773,1.4083257913589478,-0.004349961876869202,0.00777099747210741,0.0036880034022033215,0.9003298878669739,-0.43512290716171265,-2.2412060858386926,-1.4245637655258179,0.6688650846481323,0.559440553188324,-0.15574254095554352,0.6690688729286194,0.559440553188324
1307.8166666666666,4.730284214019775,1.4081240892410278,-0.004350282251834869,0.007772698067128658,0.0036890979390591383,0.9003323316574097,-0.4351179003715515,-2.2412172946930866,-1.4173368215560913,0.7610145211219788,0.559440553188324,-0.14858685433864594,0.7657845616340637,0.559440553188324
1307.8333333333333,4.730109691619873,1.4079042673110962,-0.004346862435340881,0.007758710533380508,0.0036806922871619463,0.9003340005874634,-0.43511486053466797,-2.2412242615107254,-1.4094732999801636,0.785727858543396,0.745920717716217,-0.14076849818229675,0.7938018441200256,0.745920717716217
1307.85,4.729894638061523,1.4076324701309204,-0.004354879260063171,0.007795269601047039,0.003700148081406951,0.9003349542617798,-0.4351118505001068,-2.2412303862300407,-1.3997352123260498,0.8986718058586121,0.8391608595848083,-0.13106988370418549,0.9052271842956543,0.8391608595848083
1307.8666666666666,4.729631423950195,1.4073010683059692,-0.004343800246715546,0.007751768920570612,0.0036768284626305103,0.9003366231918335,-0.43510955572128296,-2.2412360673180287,-1.3878867626190186,1.0393613576889038,0.9324009418487549,-0.11925935745239258,1.0474162101745605,0.9324009418487549
1307.8833333333334,4.729335784912109,1.4069271087646484,-0.004352487623691559,0.007780943997204304,0.003690265817567706,0.9003376364707947,-0.4351068139076233,-2.241241865551216,-1.3745075464248657,1.1280490159988403,1.0256409645080566,-0.10591164231300354,1.136665940284729,1.0256409645080566
1307.9,4.72900390625,1.4065090417861938,-0.0043498799204826355,0.00777104077860713,0.0036881857085973024,0.9003391265869141,-0.4351038336753845,-2.241248510485729,-1.359589695930481,1.228967547416687,1.118881106376648,-0.09103664010763168,1.2325636148452759,1.118881106376648
1307.9166666666667,4.728637218475342,1.4060463905334473,-0.004350379109382629,0.0077732824720442295,0.003688523778691888,0.9003414511680603,-0.4350992441177368,-2.241258967090981,-1.343036413192749,1.3236725330352783,1.118881106376648,-0.07455232739448547,1.326554536819458,1.118881106376648
1307.9333333333334,4.728255748748779,1.405565857887268,-0.004347316920757294,0.007762622553855181,0.00367742870002985,0.9003437161445618,-0.43509453535079956,-2.241269119694319,-1.3258428573608398,1.3519260883331299,1.305361270904541,-0.057415589690208435,1.356798768043518,1.305361270904541
1307.95,4.727833271026611,1.4050322771072388,-0.004354335367679596,0.007794871926307678,0.003701609093695879,0.9003455638885498,-0.43509018421173096,-2.2412788655827383,-1.3067868947982788,1.4527488946914673,1.3986014127731323,-0.03842015564441681,1.454804539680481,1.3986014127731323
1307.9666666666667,4.727363109588623,1.4044393301010132,-0.004343368113040924,0.007750809658318758,0.003675529733300209,0.9003481268882751,-0.4350857138633728,-2.241288959887346,-1.2855879068374634,1.6042159795761108,1.3986014127731323,-0.017289336770772934,1.6070016622543335,1.3986014127731323
1307.9833333333333,4.726878643035889,1.4038293361663818,-0.0043487995862960815,0.007763988338410854,0.00368461012840271,0.9003497958183289,-0.4350820779800415,-2.241297088745853,-1.2637715339660645,1.6231802701950073,1.3986014127731323,0.004475768655538559,1.6289045810699463,1.3986014127731323
1308.0,4.726393222808838,1.4032161235809326,-0.004346743226051331,0.007756879553198814,0.0036787951830774546,0.9003514051437378,-0.4350786805152893,-2.2413044065358196,-1.2418997287750244,1.6325984001159668,1.3986014127731323,0.026299869641661644,1.6356881856918335,1.3986014127731323
1308.0166666666667,4.725905895233154,1.4026029109954834,-0.004347562789916992,0.0077604674734175205,0.0036802543327212334,0.9003534913063049,-0.4350745677947998,-2.24131381566309,-1.2199605703353882,1.6317214965820312,1.3986014127731323,0.04818665236234665,1.6352921724319458,1.3986014127731323
1308.0333333333333,4.7254204750061035,1.4019900560379028,-0.004347071051597595,0.007758567109704018,0.003681147936731577,0.9003549814224243,-0.43507134914398193,-2.241320827393069,-1.1980332136154175,1.630470633506775,1.3986014127731323,0.07005954533815384,1.6361218690872192,1.3986014127731323
1308.05,4.724932670593262,1.4013758897781372,-0.004347197711467743,0.007758777588605881,0.003681113477796316,0.9003567099571228,-0.4350678324699402,-2.2413287065800738,-1.1761256456375122,1.6318494081497192,1.3986014127731323,0.09191816300153732,1.6347895860671997,1.3986014127731323
1308.0666666666666,4.724446773529053,1.4007624387741089,-0.004347622394561768,0.0077608306892216206,0.0036800731904804707,0.9003587961196899,-0.4350633919239044,-2.241338422722357,-1.1541870832443237,1.6308152675628662,1.3986014127731323,0.11379671841859818,1.6355063915252686,1.3986014127731323
1308.0833333333333,4.723959922790527,1.4001498222351074,-0.004347443580627441,0.007760798092931509,0.003679942339658737,0.9003604650497437,-0.43506014347076416,-2.24134586265086,-1.1322647333145142,1.6312569379806519,1.3986014127731323,0.1356738805770874,1.6362805366516113,1.3986014127731323
1308.1,4.72347354888916,1.3995360136032104,-0.0043470486998558044,0.007757992949336767,0.0036806906573474407,0.9003623127937317,-0.4350564479827881,-2.2413542167692166,-1.1103606224060059,1.632057547569275,1.3986014127731323,0.15752625465393066,1.6350401639938354,1.3986014127731323
1308.1166666666666,4.722986221313477,1.3989225625991821,-0.00434749573469162,0.007760879583656788,0.003680654102936387,0.9003642201423645,-0.43505221605300903,-2.2413633166826123,-1.0884257555007935,1.6311043500900269,1.3986014127731323,0.17940525710582733,1.6351163387298584,1.3986014127731323
1308.1333333333334,4.722501277923584,1.3983101844787598,-0.0043466463685035706,0.007755394093692303,0.0036803598050028086,0.9003658890724182,-0.4350487291812897,-2.2413709951071725,-1.0664994716644287,1.629814624786377,1.3986014127731323,0.20127138495445251,1.6351208686828613,1.3986014127731323
1308.15,4.722013473510742,1.397695541381836,-0.004347316920757294,0.007759602274745703,0.003681277157738805,0.9003676176071167,-0.435045063495636,-2.241379079673088,-1.0445839166641235,1.6316429376602173,1.3986014127731323,0.22313642501831055,1.6343506574630737,1.3986014127731323
1308.1666666666667,4.721527576446533,1.3970829248428345,-0.004346951842308044,0.0077584488317370415,0.0036802063696086407,0.9003696441650391,-0.43504101037979126,-2.241388211104717,-1.0226550102233887,1.6300933361053467,1.3986014127731323,0.245003342628479,1.634583592414856,1.3986014127731323
1308.1833333333334,4.721041679382324,1.3964698314666748,-0.004347547888755798,0.007760871201753616,0.003680399851873517,0.9003713130950928,-0.4350373148918152,-2.241396169608581,-1.0007184743881226,1.6306579113006592,1.3986014127731323,0.2668885290622711,1.636353850364685,1.3986014127731323
1308.2,4.720554828643799,1.3958561420440674,-0.004347026348114014,0.0077578723430633545,0.003680299036204815,0.900373101234436,-0.4350339472293854,-2.2414040021230215,-0.9788193702697754,1.6320017576217651,1.3986014127731323,0.28873908519744873,1.6350916624069214,1.3986014127731323
1308.2166666666667,4.720068454742432,1.3952423334121704,-0.004347182810306549,0.0077597592025995255,0.003681441303342581,0.900375247001648,-0.43502941727638245,-2.2414140000745864,-0.9568833708763123,1.6310051679611206,1.3986014127731323,0.31061267852783203,1.6341631412506104,1.3986014127731323
1308.2333333333333,4.7195820808410645,1.3946298360824585,-0.004347294569015503,0.007759311236441135,0.003680128138512373,0.9003772139549255,-0.4350254535675049,-2.2414228936762464,-0.9349485039710999,1.63124680519104,1.3986014127731323,0.3324897289276123,1.6352344751358032,1.3986014127731323
1308.25,4.719094753265381,1.3940156698226929,-0.004347182810306549,0.0077604628168046474,0.0036814729683101177,0.9003790616989136,-0.4350214898586273,-2.2414315789958223,-0.9130412340164185,1.631825566291809,1.3986014127731323,0.3543414771556854,1.6346176862716675,1.3986014127731323
1308.2666666666667,4.7186079025268555,1.3934025764465332,-0.004347674548625946,0.007761953864246607,0.003679584478959441,0.9003814458847046,-0.43501657247543335,-2.2414424885707276,-0.8911036849021912,1.632220983505249,1.3986014127731323,0.37621864676475525,1.6353758573532104,1.3986014127731323
1308.2833333333333,4.718122482299805,1.3927899599075317,-0.004346936941146851,0.007757367566227913,0.003680592402815819,0.9003831744194031,-0.4350132346153259,-2.241450168103752,-0.8691771030426025,1.630136489868164,1.3986014127731323,0.398086816072464,1.6359928846359253,1.3986014127731323
1308.3,4.717634677886963,1.3921761512756348,-0.004347227513790131,0.007760441396385431,0.0036800974048674107,0.9003848433494568,-0.435009628534317,-2.241458015138087,-0.8472715616226196,1.6319915056228638,1.3986014127731323,0.4199438691139221,1.634998083114624,1.3986014127731323
1308.3166666666666,4.717148780822754,1.3915627002716064,-0.004347294569015503,0.007760305423289537,0.0036806631833314896,0.9003868699073792,-0.4350053071975708,-2.24146748639526,-0.825332522392273,1.6313279867172241,1.3986014127731323,0.4418175220489502,1.6349297761917114,1.3986014127731323
1308.3333333333333,4.71666145324707,1.3909499645233154,-0.004347451031208038,0.0077614253386855125,0.003680016379803419,0.900388777256012,-0.4350014328956604,-2.241476165423284,-0.8034005761146545,1.631224513053894,1.3986014127731323,0.4636964201927185,1.6364225149154663,1.3986014127731323
1308.35,4.716174602508545,1.390336275100708,-0.004347123205661774,0.007758672349154949,0.003680052701383829,0.9003905057907104,-0.4349977970123291,-2.241484166461005,-0.7814972996711731,1.6317408084869385,1.3986014127731323,0.4855493903160095,1.6347839832305908,1.3986014127731323
1308.3666666666666,4.715688228607178,1.3897227048873901,-0.004347458481788635,0.007760362699627876,0.0036798855289816856,0.9003925323486328,-0.43499356508255005,-2.241493530567671,-0.7595623135566711,1.6313390731811523,1.3986014127731323,0.5074257850646973,1.6354035139083862,1.3986014127731323
1308.3833333333334,4.715202331542969,1.3891102075576782,-0.004347153007984161,0.0077591328881680965,0.003678531851619482,0.9003943204879761,-0.434989869594574,-2.241501711877166,-0.737636923789978,1.6316356658935547,1.3986014127731323,0.529296338558197,1.6360478401184082,1.3986014127731323
1308.4,4.714715480804443,1.388495922088623,-0.004347167909145355,0.007759641855955124,0.003680601716041565,0.9003962278366089,-0.4349859356880188,-2.24151051248503,-0.7157250046730042,1.6319425106048584,1.3986014127731323,0.5511539578437805,1.6347486972808838,1.3986014127731323
1308.4166666666667,4.714229106903076,1.387882947921753,-0.004347093403339386,0.007758398074656725,0.003680182620882988,0.9003979563713074,-0.4349825382232666,-2.2415182439931756,-0.6937930583953857,1.6303825378417969,1.3986014127731323,0.5730268955230713,1.6347626447677612,1.3986014127731323
1308.4333333333334,4.713742256164551,1.387270212173462,-0.004347115755081177,0.007759607397019863,0.003681048285216093,0.9003995656967163,-0.43497908115386963,-2.24152580877016,-0.671866238117218,1.629256248474121,1.3986014127731323,0.5949113368988037,1.6351255178451538,1.3986014127731323
1308.45,4.713254928588867,1.386656403541565,-0.004347190260887146,0.007759447209537029,0.003680473193526268,0.90040123462677,-0.434975802898407,-2.2415332725649675,-0.6499618887901306,1.6317964792251587,1.3986014127731323,0.6167696714401245,1.634726881980896,1.3986014127731323
1308.4666666666667,4.7127685546875,1.3860430717468262,-0.004347488284111023,0.0077611906453967094,0.0036798312794417143,0.9004031419754028,-0.4349716603755951,-2.24154225503712,-0.628028392791748,1.6312565803527832,1.3986014127731323,0.6386455297470093,1.6356265544891357,1.3986014127731323
1308.4833333333333,4.712282180786133,1.3854308128356934,-0.004347257316112518,0.0077599710784852505,0.003678286448121071,0.9004049301147461,-0.4349682033061981,-2.2415501655886785,-0.6061031222343445,1.6318625211715698,1.3986014127731323,0.6605164408683777,1.636399507522583,1.3986014127731323
1308.5,4.711795806884766,1.3848166465759277,-0.004347130656242371,0.007760579232126474,0.0036807875148952007,0.9004067182540894,-0.4349643588066101,-2.2415586039466824,-0.5841919779777527,1.6319655179977417,1.3986014127731323,0.6823732256889343,1.6348247528076172,1.3986014127731323
1308.5166666666667,4.711308479309082,1.3842036724090576,-0.004347473382949829,0.00776094663888216,0.0036792787723243237,0.9004087448120117,-0.4349602162837982,-2.2415678337639484,-0.5622587203979492,1.6312135457992554,1.3986014127731323,0.7042515277862549,1.6350713968276978,1.3986014127731323
1308.5333333333333,4.710822582244873,1.383590817451477,-0.004346676170825958,0.007757078856229782,0.003681151894852519,0.9004099369049072,-0.4349575340747833,-2.2415735776396186,-0.540336012840271,1.6290700435638428,1.3986014127731323,0.7261250615119934,1.6356961727142334,1.3986014127731323
1308.55,4.7103352546691895,1.3829764127731323,-0.004347346723079681,0.007759370841085911,0.003680037334561348,0.9004116058349609,-0.4349544048309326,-2.2415808745342356,-0.518426239490509,1.6316174268722534,1.3986014127731323,0.7479913830757141,1.634535789489746,1.3986014127731323
1308.5666666666666,4.709847450256348,1.3823634386062622,-0.004347264766693115,0.0077605172991752625,0.003679877845570445,0.9004133939743042,-0.4349503517150879,-2.2415894926723556,-0.49649563431739807,1.6316109895706177,1.3986014127731323,0.7698626518249512,1.6345185041427612,1.3986014127731323
1308.5833333333333,4.709362506866455,1.3817508220672607,-0.004347361624240875,0.007760958280414343,0.0036804263945668936,0.9004154801368713,-0.43494606018066406,-2.2415990692982986,-0.474555641412735,1.6300798654556274,1.3986014127731323,0.7917394042015076,1.6349321603775024,1.3986014127731323
1308.6,4.708874702453613,1.3811372518539429,-0.004347071051597595,0.007759951986372471,0.003679068759083748,0.9004173278808594,-0.4349423050880432,-2.241607454562734,-0.45265698432922363,1.6322503089904785,1.3986014127731323,0.8135848641395569,1.6352111101150513,1.3986014127731323
1308.6166666666666,4.7083892822265625,1.380523920059204,-0.004347085952758789,0.0077585335820913315,0.003680282970890403,0.900419294834137,-0.4349384307861328,-2.241616297805193,-0.4307185113430023,1.6298918724060059,1.3986014127731323,0.8354620337486267,1.6348153352737427,1.3986014127731323
1308.6333333333334,4.707901954650879,1.3799113035202026,-0.0043473318219184875,0.00775992451235652,0.0036794429179280996,0.9004209041595459,-0.43493491411209106,-2.241623894323904,-0.40879181027412415,1.6309566497802734,1.3986014127731323,0.8573450446128845,1.63578462600708,1.3986014127731323
1308.65,4.7074151039123535,1.3792973756790161,-0.004347093403339386,0.00775926373898983,0.003679887391626835,0.9004226326942444,-0.434931218624115,-2.2416319807883545,-0.38688671588897705,1.6319258213043213,1.3986014127731323,0.8791987895965576,1.6348514556884766,1.3986014127731323
1308.6666666666667,4.70692777633667,1.3786840438842773,-0.004347018897533417,0.007757799234241247,0.0036800033412873745,0.9004245400428772,-0.4349275827407837,-2.24164039774547,-0.3649563789367676,1.630329966545105,1.3986014127731323,0.9010716080665588,1.6341089010238647,1.3986014127731323
1308.6833333333334,4.706442356109619,1.3780717849731445,-0.0043473318219184875,0.0077604083344340324,0.003678264794871211,0.9004263281822205,-0.4349236488342285,-2.2416488558864094,-0.3430250585079193,1.6308269500732422,1.3986014127731323,0.9229530692100525,1.6358002424240112,1.3986014127731323
1308.7,4.7059550285339355,1.377457618713379,-0.00434710830450058,0.0077607654966413975,0.003680654801428318,0.9004281163215637,-0.43491995334625244,-2.24165712424301,-0.32111936807632446,1.6318968534469604,1.3986014127731323,0.9448081851005554,1.6348223686218262,1.3986014127731323
1308.7166666666667,4.705468654632568,1.3768450021743774,-0.004346705973148346,0.007757686544209719,0.0036795996129512787,0.9004298448562622,-0.43491631746292114,-2.241665101248089,-0.2991907596588135,1.6305755376815796,1.3986014127731323,0.9666739106178284,1.634040117263794,1.3986014127731323
1308.7333333333333,4.704981327056885,1.3762319087982178,-0.004347346723079681,0.007759870495647192,0.0036793318577110767,0.9004319310188293,-0.43491214513778687,-2.2416745353583662,-0.277252733707428,1.6310735940933228,1.3986014127731323,0.9885608553886414,1.6353259086608887,1.3986014127731323
1308.75,4.704494476318359,1.3756182193756104,-0.004347115755081177,0.00775985699146986,0.0036799595691263676,0.9004337787628174,-0.43490830063819885,-2.2416830675686086,-0.2553465962409973,1.6318721771240234,1.3986014127731323,1.0104137659072876,1.6347286701202393,1.3986014127731323
1308.7666666666667,4.704007148742676,1.375004768371582,-0.004347473382949829,0.007761633954942226,0.0036793213803321123,0.900435745716095,-0.4349040985107422,-2.2416922535215162,-0.23341210186481476,1.6313207149505615,1.3986014127731323,1.032289981842041,1.6357473134994507,1.3986014127731323
1308.7833333333333,4.703521728515625,1.3743922710418701,-0.004347093403339386,0.007759452797472477,0.0036798191722482443,0.9004373550415039,-0.4349009692668915,-2.241699428449296,-0.21148326992988586,1.6299691200256348,1.3986014127731323,1.0541658401489258,1.6359364986419678,1.3986014127731323
1308.8,4.703034400939941,1.3737783432006836,-0.004347160458564758,0.007759665139019489,0.003679682267829776,0.9004389643669128,-0.4348975419998169,-2.2417069346198923,-0.1895783543586731,1.631805181503296,1.3986014127731323,1.0760232210159302,1.6347682476043701,1.3986014127731323
1308.8166666666666,4.7025465965271,1.373165249824524,-0.004347294569015503,0.0077601708471775055,0.003679294604808092,0.90044105052948,-0.4348934292793274,-2.241716291912647,-0.16764380037784576,1.6312793493270874,1.3986014127731323,1.0978963375091553,1.6346136331558228,1.3986014127731323
1308.8333333333333,4.702061176300049,1.372552514076233,-0.004346869885921478,0.007757910527288914,0.003681075293570757,0.9004426002502441,-0.43489012122154236,-2.241723558005605,-0.14570963382720947,1.6279140710830688,1.3986014127731323,1.1197712421417236,1.635135531425476,1.3986014127731323
1308.85,4.701573371887207,1.3719385862350464,-0.004347354173660278,0.007759806700050831,0.003679256420582533,0.9004440903663635,-0.4348870813846588,-2.2417303306093403,-0.1238052174448967,1.6312167644500732,1.3986014127731323,1.1416343450546265,1.6342298984527588,1.3986014127731323
1308.8666666666666,4.70108699798584,1.3713257312774658,-0.004346609115600586,0.007756717968732119,0.003681351663544774,0.9004456400871277,-0.4348837435245514,-2.2417376329868546,-0.10187709331512451,1.6289621591567993,1.3986014127731323,1.1634986400604248,1.6337895393371582,1.3986014127731323
1308.8833333333334,4.700601100921631,1.3707129955291748,-0.004347026348114014,0.007758848834782839,0.0036790405865758657,0.9004477262496948,-0.4348794221878052,-2.24174719070214,-0.07994553446769714,1.6306040287017822,1.3986014127731323,1.1853770017623901,1.6342424154281616,1.3986014127731323
1308.9,4.700113773345947,1.3700990676879883,-0.004347227513790131,0.007758448366075754,0.0036784172989428043,0.9004496335983276,-0.43487536907196045,-2.2417560644463626,-0.05803140997886658,1.631773829460144,1.3986014127731323,1.207234263420105,1.6343899965286255,1.3986014127731323
1308.9166666666667,4.699626922607422,1.3694863319396973,-0.004346974194049835,0.00775886420160532,0.003679898800328374,0.9004515409469604,-0.4348714351654053,-2.2417648530329246,-0.036103036254644394,1.6302520036697388,1.3986014127731323,1.2291052341461182,1.6343337297439575,1.3986014127731323
1308.9333333333334,4.699140548706055,1.3688733577728271,-0.004347346723079681,0.007760077714920044,0.0036789551377296448,0.9004533290863037,-0.4348677396774292,-2.241773055073599,-0.01416819542646408,1.6310913562774658,1.3986014127731323,1.250985026359558,1.6354429721832275,1.3986014127731323
1308.95,4.698652744293213,1.3682595491409302,-0.0043471381068229675,0.007759681902825832,0.0036793758627027273,0.9004552960395813,-0.4348638653755188,-2.2417818867210095,0.007738044485449791,1.6319332122802734,1.3986014127731323,1.272837519645691,1.6347720623016357,1.3986014127731323
1308.9666666666667,4.698166847229004,1.3676466941833496,-0.004346281290054321,0.007754012942314148,0.0036812610924243927,0.9004568457603455,-0.4348604083061218,-2.241789306494794,0.02967088855803013,1.6283209323883057,1.3986014127731323,1.294702410697937,1.6326576471328735,1.3986014127731323
1308.9833333333333,4.6976799964904785,1.367033839225769,-0.004347272217273712,0.007759232074022293,0.003680093679577112,0.9004590511322021,-0.4348560571670532,-2.2417992080033433,0.05161186680197716,1.6293959617614746,1.3986014127731323,1.316590666770935,1.6329143047332764,1.3986014127731323
1309.0,4.697192668914795,1.3664201498031616,-0.00434720516204834,0.00775969959795475,0.0036790405865758657,0.9004610180854797,-0.4348520338535309,-2.241808179352866,0.07351815700531006,1.6318113803863525,1.3986014127731323,1.3384406566619873,1.634413242340088,1.3986014127731323
1309.0166666666667,4.696706295013428,1.365807056427002,-0.004347778856754303,0.0077624148689210415,0.003677592845633626,0.900463342666626,-0.4348471760749817,-2.2418189027929265,0.09545514732599258,1.6324280500411987,1.3986014127731323,1.3603155612945557,1.6357946395874023,1.3986014127731323
1309.0333333333333,4.6962199211120605,1.3651946783065796,-0.004347100853919983,0.007760303560644388,0.0036791067104786634,0.9004648923873901,-0.4348439574241638,-2.241826064087331,0.1173810288310051,1.6307164430618286,1.3986014127731323,1.382184386253357,1.6364331245422363,1.3986014127731323
1309.05,4.695732593536377,1.364580750465393,-0.004347160458564758,0.007759754545986652,0.0036791739985346794,0.9004665613174438,-0.43484044075012207,-2.241833807546758,0.13928821682929993,1.631915807723999,1.3986014127731323,1.4040426015853882,1.6348873376846313,1.3986014127731323
1309.0666666666666,4.695246696472168,1.363967776298523,-0.004346728324890137,0.007757393177598715,0.0036805421113967896,0.9004684686660767,-0.43483656644821167,-2.241842514531151,0.16122153401374817,1.6294916868209839,1.3986014127731323,1.4259119033813477,1.633216381072998,1.3986014127731323
1309.0833333333333,4.694759368896484,1.363355040550232,-0.004347167909145355,0.007760398089885712,0.0036801111418753862,0.9004701375961304,-0.43483293056488037,-2.2418503972711137,0.18315283954143524,1.629380226135254,1.3986014127731323,1.4477981328964233,1.6349002122879028,1.3986014127731323
1309.1,4.694272518157959,1.3627413511276245,-0.004347123205661774,0.0077598667703568935,0.0036778603680431843,0.9004718661308289,-0.4348295331001282,-2.2418580942015573,0.2050522118806839,1.6321971416473389,1.3986014127731323,1.4696500301361084,1.6352134943008423,1.3986014127731323
1309.1166666666666,4.693784713745117,1.362128496170044,-0.004347309470176697,0.0077602798119187355,0.003678166540339589,0.9004738926887512,-0.4348253011703491,-2.241867463873989,0.2269865870475769,1.6315473318099976,1.3986014127731323,1.4915294647216797,1.6350589990615845,1.3986014127731323
1309.1333333333334,4.693299293518066,1.3615158796310425,-0.004347354173660278,0.007761663757264614,0.0036788680590689182,0.9004756808280945,-0.43482139706611633,-2.2418759355261946,0.24892252683639526,1.6309400796890259,1.3986014127731323,1.5134057998657227,1.6356498003005981,1.3986014127731323
1309.15,4.692811489105225,1.360902190208435,-0.004347100853919983,0.007760039530694485,0.0036788913421332836,0.9004775881767273,-0.4348176419734955,-2.241884484021649,0.27082666754722595,1.631994366645813,1.3986014127731323,1.5352563858032227,1.634893536567688,1.3986014127731323
1309.1666666666667,4.692325115203857,1.3602893352508545,-0.004346780478954315,0.007757819257676601,0.0036801868118345737,0.9004794955253601,-0.4348136782646179,-2.2418932904235054,0.2927618622779846,1.6292837858200073,1.3986014127731323,1.5571268796920776,1.633100152015686,1.3986014127731323
1309.1833333333334,4.69183874130249,1.359676718711853,-0.004347160458564758,0.007759914733469486,0.0036797039210796356,0.9004815816879272,-0.43480944633483887,-2.2419027871375894,0.3146970272064209,1.6302218437194824,1.3986014127731323,1.5790075063705444,1.6341654062271118,1.3986014127731323
1309.2,4.691351413726807,1.359062910079956,-0.0043471381068229675,0.007760591339319944,0.0036778487265110016,0.9004834890365601,-0.4348054528236389,-2.24191157351469,0.3366010785102844,1.632204294204712,1.3986014127731323,1.6008565425872803,1.6350094079971313,1.3986014127731323
1309.2166666666667,4.690864086151123,1.358449935913086,-0.004347741603851318,0.00776279391720891,0.0036774538457393646,0.9004857540130615,-0.43480053544044495,-2.2419222481949976,0.35854223370552063,1.631980061531067,1.3986014127731323,1.6227375268936157,1.6351367235183716,1.3986014127731323
1309.2333333333333,4.690378189086914,1.3578377962112427,-0.004346854984760284,0.0077577391639351845,0.003677247790619731,0.9004874229431152,-0.43479713797569275,-2.2419298320257095,0.38046377897262573,1.6305195093154907,1.3986014127731323,1.64460027217865,1.6364775896072388,1.3986014127731323
1309.25,4.6898908615112305,1.3572239875793457,-0.004347227513790131,0.007760233245790005,0.0036788275465369225,0.900489091873169,-0.43479374051094055,-2.2419374882251084,0.4023764729499817,1.631733775138855,1.3986014127731323,1.6664655208587646,1.6346416473388672,1.3986014127731323
1309.2666666666667,4.689404010772705,1.356610894203186,-0.004347212612628937,0.00776014756411314,0.003678586333990097,0.9004912376403809,-0.43478935956954956,-2.2419472830690017,0.42430952191352844,1.631365418434143,1.3986014127731323,1.6883357763290405,1.634531021118164,1.3986014127731323
1309.2833333333333,4.68891716003418,1.355998158454895,-0.004348069429397583,0.0077649555169045925,0.0036768214777112007,0.9004935026168823,-0.4347847104072571,-2.241957640356263,0.4462469518184662,1.6321860551834106,1.3986014127731323,1.710221767425537,1.6368812322616577,1.3986014127731323
1309.3,4.688430309295654,1.3553848266601562,-0.004346780478954315,0.007758222986012697,0.003676623571664095,0.9004952311515808,-0.43478095531463623,-2.241965753319294,0.46813762187957764,1.6326823234558105,1.3986014127731323,1.7320594787597656,1.635936975479126,1.3986014127731323
1309.3166666666666,4.687942981719971,1.3547714948654175,-0.004347026348114014,0.007759018801152706,0.0036793574690818787,0.9004972577095032,-0.4347769320011139,-2.241974942853236,0.4900786876678467,1.6293898820877075,1.3986014127731323,1.7539433240890503,1.633813738822937,1.3986014127731323
1309.3333333333333,4.687457084655762,1.3541591167449951,-0.004347294569015503,0.0077597154304385185,0.0036782934330403805,0.9004990458488464,-0.43477320671081543,-2.2419831740388103,0.5120131373405457,1.6303246021270752,1.3986014127731323,1.7758244276046753,1.634748935699463,1.3986014127731323
1309.35,4.68696928024292,1.3535455465316772,-0.004347190260887146,0.0077601163648068905,0.003678619861602783,0.9005009531974792,-0.43476930260658264,-2.2419919054823594,0.533918023109436,1.6318031549453735,1.3986014127731323,1.797675609588623,1.6346198320388794,1.3986014127731323
1309.3666666666666,4.686483383178711,1.3529325723648071,-0.004346713423728943,0.007757571525871754,0.003679893910884857,0.9005028605461121,-0.43476536870002747,-2.24200067692796,0.5558508038520813,1.6295363903045654,1.3986014127731323,1.819543719291687,1.6333304643630981,1.3986014127731323
1309.3833333333334,4.685995578765869,1.3523199558258057,-0.004347272217273712,0.007761071901768446,0.003679051995277405,0.9005047678947449,-0.4347614049911499,-2.242009464646864,0.5777860879898071,1.630745530128479,1.3986014127731323,1.8414268493652344,1.63425874710083,1.3986014127731323
1309.4,4.685508728027344,1.3517063856124878,-0.004347115755081177,0.0077608926221728325,0.003677333239465952,0.9005067348480225,-0.4347573518753052,-2.242018453055241,0.5996898412704468,1.632294774055481,1.3986014127731323,1.8632736206054688,1.635084629058838,1.3986014127731323
1309.4166666666667,4.685020923614502,1.3510934114456177,-0.004347465932369232,0.007762041874229908,0.003677746746689081,0.9005087018013,-0.4347532391548157,-2.242027559505301,0.6216259002685547,1.6311886310577393,1.3986014127731323,1.8851546049118042,1.6350221633911133,1.3986014127731323
1309.4333333333334,4.684535026550293,1.3504810333251953,-0.00434749573469162,0.007761983200907707,0.0036773262545466423,0.9005105495452881,-0.4347492754459381,-2.24203620404697,0.6435562372207642,1.631391167640686,1.3986014127731323,1.9070327281951904,1.636834979057312,1.3986014127731323
1309.45,4.684047698974609,1.349867343902588,-0.004347123205661774,0.007759728003293276,0.0036779518704861403,0.9005122780799866,-0.43474578857421875,-2.242044054694399,0.6654588580131531,1.6317311525344849,1.3986014127731323,1.928885579109192,1.6348307132720947,1.3986014127731323
1309.4666666666667,4.683560371398926,1.3492542505264282,-0.004347480833530426,0.007761448156088591,0.0036774782929569483,0.9005143642425537,-0.4347414970397949,-2.2420536172088057,0.6873930096626282,1.6314514875411987,1.3986014127731323,1.9507644176483154,1.6353826522827148,1.3986014127731323
1309.4833333333333,4.6830735206604,1.3486422300338745,-0.004347167909145355,0.007761112414300442,0.0036769239231944084,0.9005159735679626,-0.43473827838897705,-2.2420608793889847,0.7093155980110168,1.6303374767303467,1.3986014127731323,1.9726393222808838,1.6368060111999512,1.3986014127731323
1309.5,4.682585716247559,1.348028540611267,-0.004347100853919983,0.007759938016533852,0.003678155830129981,0.9005174040794373,-0.4347350597381592,-2.24206776786643,0.7312209010124207,1.6319491863250732,1.3986014127731323,1.9945003986358643,1.635033369064331,1.3986014127731323
1309.5166666666667,4.682099342346191,1.3474153280258179,-0.004346974194049835,0.0077589210122823715,0.0036792177706956863,0.9005193114280701,-0.4347311556339264,-2.242076508682456,0.753154993057251,1.6292579174041748,1.3986014127731323,2.016373872756958,1.6337579488754272,1.3986014127731323
1309.5333333333333,4.681612968444824,1.3468031883239746,-0.004347249865531921,0.0077604083344340324,0.0036767893470823765,0.9005212187767029,-0.434727281332016,-2.2420851536838398,0.7750867009162903,1.6306431293487549,1.3986014127731323,2.0382516384124756,1.6351630687713623,1.3986014127731323
1309.55,4.681124687194824,1.3461893796920776,-0.004347197711467743,0.007760288193821907,0.0036779679358005524,0.9005230069160461,-0.434723436832428,-2.2420935625456737,0.7969951033592224,1.6316704750061035,1.3986014127731323,2.0601072311401367,1.6344952583312988,1.3986014127731323
1309.5666666666666,4.680638313293457,1.3455766439437866,-0.0043472424149513245,0.007760374806821346,0.003676387947052717,0.9005252122879028,-0.4347190260887146,-2.2421034997098093,0.8189280033111572,1.6312787532806396,1.3986014127731323,2.0819754600524902,1.635068655014038,1.3986014127731323
1309.5833333333333,4.68015193939209,1.3449641466140747,-0.004347056150436401,0.00775984488427639,0.003678645007312298,0.900526762008667,-0.4347156882286072,-2.242110818337563,0.8408620953559875,1.629347801208496,1.3986014127731323,2.1038551330566406,1.634966254234314,1.3986014127731323
1309.6,4.679664611816406,1.3443505764007568,-0.004347227513790131,0.007760615553706884,0.003678198903799057,0.9005284905433655,-0.43471217155456543,-2.2421186937477495,0.8627680540084839,1.6317238807678223,1.3986014127731323,2.1257126331329346,1.6345813274383545,1.3986014127731323
1309.6166666666666,4.679177761077881,1.3437374830245972,-0.004347249865531921,0.007760737091302872,0.0036777202039957047,0.9005304574966431,-0.43470799922943115,-2.242127843750354,0.8847013115882874,1.631342887878418,1.3986014127731323,2.147583246231079,1.6348249912261963,1.3986014127731323
1309.6333333333334,4.6786909103393555,1.3431249856948853,-0.0043471455574035645,0.007760536856949329,0.0036780303344130516,0.9005321264266968,-0.4347045421600342,-2.24213552810101,0.9066287279129028,1.6302504539489746,1.3986014127731323,2.1694629192352295,1.6361372470855713,1.3986014127731323
1309.65,4.6782026290893555,1.3425114154815674,-0.00434720516204834,0.007760622538626194,0.003678134875372052,0.9005338549613953,-0.43470120429992676,-2.2421432117506117,0.928533673286438,1.6318094730377197,1.3986014127731323,2.191321611404419,1.634819746017456,1.3986014127731323
1309.6666666666667,4.6777167320251465,1.3418983221054077,-0.004347577691078186,0.007761877495795488,0.003676897846162319,0.9005360007286072,-0.4346965551376343,-2.242153292959378,0.9504722952842712,1.6312507390975952,1.3986014127731323,2.213197946548462,1.6355661153793335,1.3986014127731323
1309.6833333333334,4.677229881286621,1.3412861824035645,-0.0043466538190841675,0.007758347317576408,0.003678724868223071,0.9005375504493713,-0.43469345569610596,-2.242160321747713,0.9723948836326599,1.6300753355026245,1.3986014127731323,2.2350661754608154,1.6346124410629272,1.3986014127731323
1309.7,4.6767425537109375,1.3406720161437988,-0.00434739887714386,0.007761687971651554,0.0036779751535505056,0.9005393981933594,-0.4346896708011627,-2.24216877497858,0.994311511516571,1.6314282417297363,1.3986014127731323,2.256929636001587,1.6340731382369995,1.3986014127731323
1309.7166666666667,4.676255226135254,1.340059518814087,-0.004346899688243866,0.007758934050798416,0.0036777472123503685,0.9005411267280579,-0.4346858859062195,-2.242176939609319,1.0162371397018433,1.6304843425750732,1.3986014127731323,2.2787983417510986,1.634508490562439,1.3986014127731323
1309.7333333333333,4.6757683753967285,1.3394471406936646,-0.004346907138824463,0.007757523097097874,0.003678342793136835,0.9005429148674011,-0.4346824288368225,-2.242184896392657,1.0381735563278198,1.629226565361023,1.118881106376648,2.3006768226623535,1.6335899829864502,1.118881106376648
1309.75,4.6753411293029785,1.33890962600708,-0.004340507090091705,0.007735224440693855,0.0036617773585021496,0.9005445837974548,-0.43467944860458374,-2.2421915889840416,1.0573525428771973,1.3784462213516235,0.9790209531784058,2.319812297821045,1.3821290731430054,0.9790209531784058
1309.7666666666667,4.674987316131592,1.3384640216827393,-0.004345804452896118,0.007753800600767136,0.0036737537011504173,0.9005462527275085,-0.4346754550933838,-2.242200206789021,1.0733025074005127,1.234633207321167,0.8391608595848083,2.3357043266296387,1.2395961284637451,0.8391608595848083
1309.7833333333333,4.674684047698975,1.3380827903747559,-0.004343904554843903,0.007748591247946024,0.003667249344289303,0.9005478024482727,-0.4346722364425659,-2.2422071854414094,1.0869604349136353,1.1016252040863037,0.6993007063865662,2.3493189811706543,1.1081013679504395,0.6993007063865662
1309.8,4.674431324005127,1.3377641439437866,-0.004344053566455841,0.007748476695269346,0.003670605830848217,0.9005493521690369,-0.4346691370010376,-2.24221426224784,1.0983128547668457,0.9614179134368896,0.559440553188324,2.3606274127960205,0.9661100506782532,0.559440553188324
1309.8166666666666,4.674230098724365,1.3375121355056763,-0.004344232380390167,0.007749401964247227,0.0036705960519611835,0.9005510210990906,-0.434665709733963,-2.2422219118262157,1.1073486804962158,0.8200011849403381,0.559440553188324,2.369615077972412,0.8244871497154236,0.559440553188324
1309.8333333333333,4.674051761627197,1.3372873067855835,-0.004347972571849823,0.007763037458062172,0.0036772768944501877,0.9005528092384338,-0.4346615672111511,-2.242230834433498,1.1154152154922485,0.787993848323822,0.279720276594162,2.3776204586029053,0.793738067150116,0.279720276594162
1309.85,4.67393684387207,1.337141990661621,-0.004340521991252899,0.007735852617770433,0.003662106115370989,0.9005544185638428,-0.43465912342071533,-2.242236797198231,1.1206157207489014,0.5325435996055603,0.139860138297081,2.3827831745147705,0.5416786670684814,0.139860138297081
1309.8666666666666,4.673893451690674,1.3370881080627441,-0.004345998167991638,0.007755751721560955,0.003674432635307312,0.9005547761917114,-0.43465757369995117,-2.2422397005069112,1.122560739517212,0.39029815793037415,0.0,2.3847081661224365,0.3972172141075134,0.0
1309.8833333333334,4.673891067504883,1.3370853662490845,-0.004344530403614044,0.007748652249574661,0.0036710756830871105,0.9005551934242249,-0.4346569776535034,-2.2422412162276006,1.1226980686187744,0.11798138916492462,0.0,2.3848371505737305,0.12489224225282669,0.0
1309.9,4.673892021179199,1.3370822668075562,-0.004362635314464569,0.007827671244740486,0.003743321867659688,0.9005604386329651,-0.43464404344558716,-2.2422695729685667,1.1228002309799194,-0.062148015946149826,0.0,2.3847579956054688,0.0645630732178688,0.0
1309.9166666666667,4.6738972663879395,1.3370908498764038,-0.004352040588855743,0.007777145132422447,0.003696552710607648,0.9005511403083801,-0.43466493487358093,-2.242223729343727,1.122387409210205,0.29220813512802124,0.0,2.3846476078033447,0.23299799859523773,0.0
1309.9333333333334,4.673896312713623,1.3370882272720337,-0.004349954426288605,0.007758437190204859,0.003695629071444273,0.9005542993545532,-0.43465858697891235,-2.242237939450449,1.1225255727767944,0.02062082104384899,0.0,2.3846821784973145,0.07589530944824219,0.0
1309.95,4.673901081085205,1.3370935916900635,-0.004361599683761597,0.007879652082920074,0.0037554404698312283,0.900551438331604,-0.43466198444366455,-2.242229451372331,1.1222556829452515,0.07370636612176895,0.0,2.384472370147705,0.10657093673944473,0.0
1309.9666666666667,4.67390251159668,1.3370943069458008,-0.004337020218372345,0.007725609932094812,0.003671050537377596,0.9005553722381592,-0.4346572160720825,-2.2422412509001677,1.1223117113113403,-0.06250917166471481,0.0,2.384450912475586,0.11303309351205826,0.0
1309.9833333333333,4.673909664154053,1.3371047973632812,-0.004360713064670563,0.007844108156859875,0.003734443336725235,0.9005420207977295,-0.4346819519996643,-2.2421849875402287,1.121734619140625,0.03717509284615517,0.0,2.384242296218872,0.0552547313272953,0.0
1310.0,4.673911094665527,1.3371050357818604,-0.004338286817073822,0.007728121243417263,0.00367311155423522,0.9005458950996399,-0.4346766471862793,-2.2421979246385955,1.1217952966690063,-0.07043296098709106,0.0,2.3842127323150635,0.10423167794942856,0.0
1310.0166666666667,4.673917770385742,1.3371155261993408,-0.004363685846328735,0.007903610356152058,0.003763568587601185,0.900532603263855,-0.43470045924186707,-2.2421436831017125,1.121200680732727,0.03862963989377022,0.0,2.383979320526123,0.052197523415088654,0.0
1310.0333333333333,4.673919677734375,1.3371156454086304,-0.0043364018201828,0.007722656708210707,0.0036699832417070866,0.9005381464958191,-0.434692919254303,-2.2421619338032737,1.1212973594665527,-0.07499751448631287,0.0,2.3839480876922607,0.10101097077131271,0.0
1310.05,4.673927307128906,1.3371261358261108,-0.004364266991615295,0.007906734943389893,0.0037658396176993847,0.9005244374275208,-0.4347172975540161,-2.2421062618938525,1.1206886768341064,0.040158070623874664,0.0,2.383704900741577,0.05119367688894272,0.0
1310.0666666666666,4.673928260803223,1.337126612663269,-0.00433611124753952,0.007721593603491783,0.003669113852083683,0.9005285501480103,-0.434712678194046,-2.2421178915607105,1.1207516193389893,-0.07787090539932251,0.0,2.3836982250213623,0.10245705395936966,0.0
1310.0833333333333,4.673936367034912,1.3371375799179077,-0.004364296793937683,0.007906697690486908,0.0037661283276975155,0.9005151391029358,-0.43473654985427856,-2.2420634967906747,1.1201503276824951,0.04214218258857727,0.0,2.3834424018859863,0.0492003932595253,0.0
1310.1,4.673937797546387,1.337138056755066,-0.004336029291152954,0.007721624802798033,0.003668108955025673,0.9005197882652283,-0.43473073840141296,-2.242077658076369,1.1202266216278076,-0.08142825961112976,0.0,2.383425235748291,0.10265514999628067,0.0
1310.1166666666666,4.673945426940918,1.3371492624282837,-0.004364386200904846,0.007906903512775898,0.003766685025766492,0.9005061984062195,-0.43475472927093506,-2.2420227567460715,1.1196109056472778,0.04306880012154579,0.0,2.3831772804260254,0.04753708466887474,0.0
1310.1333333333334,4.673946857452393,1.3371493816375732,-0.004335954785346985,0.007720658555626869,0.003667936660349369,0.9005115628242493,-0.43474793434143066,-2.242039629646898,1.1196963787078857,-0.08057218044996262,0.0,2.383139133453369,0.10146307200193405,0.0
1310.15,4.673954010009766,1.337160348892212,-0.004364527761936188,0.007907256484031677,0.003767259418964386,0.9004987478256226,-0.43477046489715576,-2.2419881538295887,1.1190950870513916,0.04550778865814209,0.0,2.382885217666626,0.04679379239678383,0.0
1310.1666666666667,4.67395544052124,1.3371604681015015,-0.004335977137088776,0.007720889989286661,0.003667862620204687,0.9005040526390076,-0.4347635507583618,-2.2420050097372615,1.1191853284835815,-0.08121570944786072,0.0,2.382859230041504,0.09991775453090668,0.0
1310.1833333333334,4.67396354675293,1.3371715545654297,-0.0043645575642585754,0.007908330298960209,0.0037677246145904064,0.9004917740821838,-0.4347848892211914,-2.2419561086540942,1.1185908317565918,0.04656359180808067,0.0,2.382599353790283,0.04550258815288544,0.0
1310.2,4.673964977264404,1.3371719121932983,-0.0043358877301216125,0.007720157504081726,0.0036684216465801,0.9004964828491211,-0.43477916717529297,-2.241970263345968,1.1186718940734863,-0.07797261327505112,0.0,2.3825674057006836,0.09881201386451721,0.0
1310.2166666666667,4.6739726066589355,1.3371824026107788,-0.004364505410194397,0.007909158244729042,0.0037677648942917585,0.9004852771759033,-0.4347982406616211,-2.2419263426573335,1.118095874786377,0.04860921576619148,0.0,2.3823046684265137,0.046804994344711304,0.0
1310.2333333333333,4.67397403717041,1.3371831178665161,-0.004335813224315643,0.007720481604337692,0.00366799789480865,0.9004895687103271,-0.43479347229003906,-2.241938465450497,1.1181741952896118,-0.0780211091041565,0.0,2.3822720050811768,0.10041908174753189,0.0
1310.25,4.673981189727783,1.337193489074707,-0.0043644979596138,0.007908331230282784,0.0037676305510103703,0.9004786014556885,-0.4348120093345642,-2.2418956903622913,1.1176091432571411,0.049647361040115356,0.0,2.3820059299468994,0.04559759423136711,0.0
1310.2666666666667,4.673982620239258,1.3371938467025757,-0.004335850477218628,0.0077198585495352745,0.0036678025498986244,0.9004836678504944,-0.4348057508468628,-2.241911249032269,1.117702603340149,-0.07806002348661423,0.0,2.3819782733917236,0.09756878763437271,0.0
1310.2833333333333,4.673990249633789,1.3372043371200562,-0.004364565014839172,0.007909824140369892,0.0037684617564082146,0.9004731178283691,-0.43482333421707153,-2.241870525832452,1.1171385049819946,0.051220349967479706,0.0,2.3817105293273926,0.04557384178042412,0.0
1310.3,4.6739912033081055,1.337205171585083,-0.004335768520832062,0.007720193360000849,0.003667079610750079,0.9004771709442139,-0.43481913208961487,-2.2418814318556373,1.1172006130218506,-0.0781763568520546,0.0,2.381685972213745,0.09923762083053589,0.0
1310.3166666666666,4.6739983558654785,1.337215542793274,-0.0043645501136779785,0.007909986190497875,0.003768933704122901,0.9004669189453125,-0.43483632802963257,-2.24184184721391,1.1166527271270752,0.052285511046648026,0.0,2.3814070224761963,0.04391606152057648,0.0
1310.3333333333333,4.674000263214111,1.3372161388397217,-0.0043358951807022095,0.007721251342445612,0.003667751792818308,0.9004723429679871,-0.4348291754722595,-2.241859192091856,1.1167479753494263,-0.0775689110159874,0.0,2.381376266479492,0.09511920809745789,0.0
1310.35,4.674007415771484,1.3372260332107544,-0.004364445805549622,0.00791123230010271,0.003769851988181472,0.9004623293876648,-0.43484577536582947,-2.2418208256637073,1.116196632385254,0.052475158125162125,0.0,2.3810958862304688,0.04433627799153328,0.0
1310.3666666666666,4.674008369445801,1.3372266292572021,-0.004335761070251465,0.007719699293375015,0.003667138982564211,0.9004668593406677,-0.4348404109477997,-2.241834083198884,1.1162859201431274,-0.07952198386192322,0.0,2.381063938140869,0.09691862761974335,0.0
1310.3833333333334,4.67401647567749,1.337236762046814,-0.0043645501136779785,0.00791134312748909,0.0037701157853007317,0.9004570841789246,-0.4348564147949219,-2.2417969544960608,1.1157385110855103,0.053341515362262726,0.0,2.380777597427368,0.042725417762994766,0.0
1310.4,4.674017906188965,1.3372377157211304,-0.004335738718509674,0.0077195484191179276,0.0036665992811322212,0.9004608988761902,-0.43485286831855774,-2.241806526600629,1.1157965660095215,-0.08085104078054428,0.0,2.380767345428467,0.09694847464561462,0.0
1310.4166666666667,4.674025058746338,1.3372479677200317,-0.004364483058452606,0.00791090540587902,0.0037697977386415005,0.9004508852958679,-0.4348694682121277,-2.241768190050138,1.1152490377426147,0.054439980536699295,0.0,2.3804752826690674,0.04243055731058121,0.0
1310.4333333333334,4.6740264892578125,1.3372485637664795,-0.004335880279541016,0.007720690220594406,0.0036668465472757816,0.9004554152488708,-0.4348641633987427,-2.241781381893894,1.1153290271759033,-0.08318424224853516,0.0,2.380470037460327,0.0930398553609848,0.0
1310.45,4.6740336418151855,1.3372589349746704,-0.004364393651485443,0.007914532907307148,0.0037716736551374197,0.9004458785057068,-0.4348795413970947,-2.241745548611045,1.114782452583313,0.055374953895807266,0.0,2.380162477493286,0.04001978784799576,0.0
1310.4666666666667,4.674034595489502,1.3372594118118286,-0.004335768520832062,0.007720057852566242,0.0036667468957602978,0.9004505276679993,-0.43487417697906494,-2.241759016457309,1.1148724555969238,-0.08582334965467453,0.0,2.380143404006958,0.09160178899765015,0.0
1310.4833333333333,4.674042701721191,1.3372701406478882,-0.004364416003227234,0.007915795780718327,0.0037725926376879215,0.90044105052948,-0.43488961458206177,-2.2417232833679863,1.1143180131912231,0.05605657026171684,0.0,2.3798296451568604,0.03866339102387428,0.0
1310.5,4.674044132232666,1.3372704982757568,-0.004335872828960419,0.007720626424998045,0.0036668474785983562,0.9004458785057068,-0.4348840117454529,-2.241737404894081,1.114403486251831,-0.08232481777667999,0.0,2.379819393157959,0.09171830862760544,0.0
1310.5166666666667,4.674050807952881,1.3372808694839478,-0.0043642595410346985,0.007917453534901142,0.0037728785537183285,0.9004378318786621,-0.4348962604999542,-2.2417085146019557,1.1138806343078613,0.0563034825026989,0.0,2.379497766494751,0.037354350090026855,0.0
1310.5333333333333,4.674052715301514,1.337281346321106,-0.004335999488830566,0.0077217393554747105,0.0036674626171588898,0.9004429578781128,-0.4348898231983185,-2.241724254327012,1.1139780282974243,-0.08520913869142532,0.0,2.379490852355957,0.08903267979621887,0.0
1310.55,4.674059867858887,1.3372917175292969,-0.004364147782325745,0.007920252159237862,0.0037744897417724133,0.9004349112510681,-0.4349023103713989,-2.2416951271313286,1.1134473085403442,0.05632205307483673,0.0,2.3791513442993164,0.037050485610961914,0.0
1310.5666666666666,4.674061298370361,1.3372925519943237,-0.0043358877301216125,0.007721400819718838,0.003667225129902363,0.9004390835762024,-0.4348980188369751,-2.2417062344476273,1.113521695137024,-0.07780660688877106,0.0,2.3791441917419434,0.0943581685423851,0.0
1310.5833333333333,4.674068927764893,1.337302327156067,-0.004364140331745148,0.007918591611087322,0.0037736434023827314,0.9004319906234741,-0.4349081218242645,-2.2416819325068675,1.113034725189209,0.056725818663835526,0.0,2.378810405731201,0.03692978248000145,0.0
1310.6,4.674069881439209,1.3373031616210938,-0.004335872828960419,0.007720649242401123,0.0036668917164206505,0.9004361033439636,-0.43490439653396606,-2.24169228553113,1.1130917072296143,-0.07364267855882645,0.0,2.3788094520568848,0.09624097496271133,0.0
1310.6166666666666,4.674077033996582,1.337312936782837,-0.004364185035228729,0.007916552945971489,0.0037728252355009317,0.9004292488098145,-0.43491387367248535,-2.2416692113562653,1.1126238107681274,0.057332854717969894,0.0,2.3784821033477783,0.037577539682388306,0.0
1310.6333333333334,4.67407751083374,1.3373135328292847,-0.0043357983231544495,0.007721437141299248,0.0036669564433395863,0.900433361530304,-0.43490973114967346,-2.241680063844464,1.1126787662506104,-0.07168738543987274,0.0,2.3784732818603516,0.09660667181015015,0.0
1310.65,4.674084663391113,1.3373230695724487,-0.004364341497421265,0.007914588786661625,0.003771493909880519,0.9004272222518921,-0.4349181056022644,-2.241659812691464,1.1122173070907593,0.05716710165143013,0.0,2.378154754638672,0.03673257678747177,0.0
1310.6666666666667,4.67408561706543,1.3373236656188965,-0.004335917532444,0.00772053049877286,0.003666847012937069,0.9004321098327637,-0.43491238355636597,-2.2416742326677483,1.112310767173767,-0.07746663689613342,0.0,2.3781440258026123,0.09295952320098877,0.0
1310.6833333333334,4.674092769622803,1.3373332023620605,-0.004364222288131714,0.007918421179056168,0.0037739616818726063,0.900425374507904,-0.43492186069488525,-2.2416514653063797,1.1118251085281372,0.05767061188817024,0.0,2.3778088092803955,0.03668942302465439,0.0
1310.7,4.674093723297119,1.3373337984085083,-0.004335865378379822,0.007721281610429287,0.0036672623828053474,0.9004299640655518,-0.43491673469543457,-2.241664478913707,1.1119123697280884,-0.07224629819393158,0.0,2.37780499458313,0.09473741054534912,0.0
1310.7166666666667,4.67410135269165,1.337343454360962,-0.0043642520904541016,0.0079169487580657,0.0037726813461631536,0.9004238843917847,-0.43492501974105835,-2.241644494898615,1.1114501953125,0.05752968043088913,0.0,2.3774778842926025,0.036285411566495895,0.0
1310.7333333333333,4.674101829528809,1.3373444080352783,-0.004335716366767883,0.007720113731920719,0.003666144795715809,0.9004276394844055,-0.43492186069488525,-2.241653408683908,1.1115007400512695,-0.06452500820159912,0.0,2.377464532852173,0.10023261606693268,0.0
1310.75,4.674108505249023,1.3373531103134155,-0.004364468157291412,0.007913017645478249,0.00377079239115119,0.9004224538803101,-0.434928297996521,-2.241637502282695,1.1110717058181763,0.05778305605053902,0.0,2.3771538734436035,0.03805295377969742,0.0
1310.7666666666667,4.674109935760498,1.3373534679412842,-0.004335828125476837,0.00772133469581604,0.0036672772839665413,0.9004274010658264,-0.43492212891578674,-2.241652594036898,1.1111735105514526,-0.07309858500957489,0.0,2.3771350383758545,0.09461753070354462,0.0
1310.7833333333333,4.674116134643555,1.3373628854751587,-0.0043643563985824585,0.007916183210909367,0.0037728343158960342,0.9004213213920593,-0.43493056297302246,-2.241632442376498,1.1107021570205688,0.0580269880592823,0.0,2.376816511154175,0.03621048852801323,0.0
1310.8,4.6741180419921875,1.3373634815216064,-0.004335880279541016,0.007720677647739649,0.003666463540866971,0.9004260301589966,-0.43492525815963745,-2.241645943419412,1.1107922792434692,-0.07084870338439941,0.0,2.3768091201782227,0.09498422592878342,0.0
1310.8166666666666,4.674124240875244,1.3373727798461914,-0.00436430424451828,0.007917016744613647,0.003773096948862076,0.9004197716712952,-0.434933602809906,-2.241625513802766,1.1103274822235107,0.05801932513713837,0.0,2.376487970352173,0.03784774988889694,0.0
1310.8333333333333,4.674125671386719,1.3373732566833496,-0.004335835576057434,0.007721185218542814,0.0036670039407908916,0.9004244208335876,-0.43492838740348816,-2.241638782911528,1.1104151010513306,-0.06857042014598846,0.0,2.376477003097534,0.09637024253606796,0.0
1310.85,4.674131870269775,1.3373826742172241,-0.004364311695098877,0.007915787398815155,0.0037724794819951057,0.9004185795783997,-0.4349360764026642,-2.241620006173021,1.1099656820297241,0.05820385366678238,0.0,2.3761606216430664,0.03650841489434242,0.0
1310.8666666666666,4.674133777618408,1.3373829126358032,-0.004335835576057434,0.007721117697656155,0.0036668020766228437,0.900423526763916,-0.43493008613586426,-2.2416348371662753,1.1100623607635498,-0.06691088527441025,0.0,2.376140594482422,0.09600427746772766,0.0
1310.8833333333334,4.674139976501465,1.3373920917510986,-0.00436430424451828,0.00791577436029911,0.00377272954210639,0.9004178643226624,-0.43493759632110596,-2.241616678403835,1.1096165180206299,0.058003686368465424,0.0,2.3758246898651123,0.037547655403614044,0.0
1310.9,4.674140930175781,1.337392807006836,-0.004335805773735046,0.007720351219177246,0.003665710100904107,0.900422215461731,-0.4349331855773926,-2.241628349551346,1.1096833944320679,-0.062471043318510056,0.0,2.3758230209350586,0.09861548990011215,0.0
1310.9166666666667,4.674148082733154,1.3374015092849731,-0.004364371299743652,0.00791308842599392,0.0037715358193963766,0.9004170298576355,-0.43493929505348206,-2.241612834724515,1.1092647314071655,0.057929832488298416,0.0,2.375504970550537,0.03828869014978409,0.0
1310.9333333333334,4.674149036407471,1.3374024629592896,-0.00433572381734848,0.007719946093857288,0.00366596644744277,0.9004207253456116,-0.43493616580963135,-2.2416216176682413,1.1093186140060425,-0.06211080402135849,0.0,2.3754918575286865,0.10124891996383667,0.0
1310.95,4.6741557121276855,1.3374110460281372,-0.004364445805549622,0.00791217666119337,0.0037711141631007195,0.9004153609275818,-0.4349428415298462,-2.241605044053952,1.1088961362838745,0.058118969202041626,0.0,2.3751869201660156,0.03899487853050232,0.0
1310.9666666666667,4.674156665802002,1.3374121189117432,-0.004335664212703705,0.007719776593148708,0.003665690775960684,0.900418758392334,-0.4349403381347656,-2.241612453387713,1.1089491844177246,-0.059965841472148895,0.0,2.375180721282959,0.10263719409704208,0.0
1310.9833333333333,4.674162864685059,1.3374204635620117,-0.004364445805549622,0.007910534739494324,0.003770151175558567,0.9004138708114624,-0.4349460005760193,-2.241598079882145,1.1085413694381714,0.05816729739308357,0.0,2.3748743534088135,0.03907241299748421,0.0
1311.0,4.674163341522217,1.3374214172363281,-0.00433572381734848,0.007720605935901403,0.00366614805534482,0.9004177451133728,-0.4349423050880432,-2.2416079534692197,1.1086057424545288,-0.05941745266318321,0.0,2.3748674392700195,0.10132310539484024,0.0
1311.0166666666667,4.674169540405273,1.3374295234680176,-0.004364483058452606,0.00791187770664692,0.0037708792369812727,0.900413453578949,-0.43494677543640137,-2.2415962827607827,1.1082032918930054,0.058274686336517334,0.0,2.37455677986145,0.038082342594861984,0.0
1311.0333333333333,4.674170970916748,1.3374300003051758,-0.004335835576057434,0.007720719091594219,0.0036665997467935085,0.9004183411598206,-0.43494099378585815,-2.2416107911399017,1.1083033084869385,-0.06759938597679138,0.0,2.374541759490967,0.09611422568559647,0.0
1311.05,4.674178123474121,1.3374391794204712,-0.004364319145679474,0.007915365509688854,0.003772903233766556,0.9004126191139221,-0.4349484145641327,-2.2415926044983836,1.1078611612319946,0.05880505591630936,0.0,2.3742215633392334,0.03652971610426903,0.0
1311.0666666666666,4.674178123474121,1.3374402523040771,-0.004335664212703705,0.007720086723566055,0.003665753174573183,0.9004162549972534,-0.4349455237388611,-2.2416009404520363,1.107905626296997,-0.055584799498319626,0.0,2.374209403991699,0.10238368809223175,0.0
1311.0833333333333,4.674184799194336,1.3374483585357666,-0.004364587366580963,0.007910252548754215,0.003770125564187765,0.9004122614860535,-0.43494927883148193,-2.2415907370360646,1.1075150966644287,0.057704631239175797,0.0,2.3739075660705566,0.03827471658587456,0.0
1311.1,4.674185752868652,1.3374489545822144,-0.0043357983231544495,0.007719774264842272,0.0036657857708632946,0.900416910648346,-0.4349442720413208,-2.241603836551425,1.1075998544692993,-0.06294692307710648,0.0,2.373894691467285,0.09842029213905334,0.0
1311.1166666666666,4.674192428588867,1.3374577760696411,-0.004364311695098877,0.007912863977253437,0.0037719879765063524,0.9004116058349609,-0.43495047092437744,-2.241587959503026,1.1071847677230835,0.05878176912665367,0.0,2.3735718727111816,0.037494175136089325,0.0
1311.1333333333334,4.674192905426025,1.3374583721160889,-0.004335835576057434,0.007720980327576399,0.0036659063771367073,0.9004158973693848,-0.4349461793899536,-2.24159939799746,1.1072490215301514,-0.05689656361937523,0.0,2.3735671043395996,0.09980941563844681,0.0
1311.15,4.674199104309082,1.3374667167663574,-0.004364490509033203,0.007911869324743748,0.003771137213334441,0.9004115462303162,-0.4349508285522461,-2.241587400070106,1.1068497896194458,0.05780318006873131,0.0,2.373262405395508,0.037708211690187454,0.0
1311.1666666666667,4.674200057983398,1.3374671936035156,-0.0043357983231544495,0.007721404079347849,0.0036667948588728905,0.900416374206543,-0.43494486808776855,-2.2416019743866076,1.1069480180740356,-0.065097376704216,0.0,2.373241662979126,0.0965990498661995,0.0
1311.1833333333334,4.674206256866455,1.3374760150909424,-0.004364460706710815,0.007914219051599503,0.0037721002008765936,0.9004115462303162,-0.4349508285522461,-2.2415874319464515,1.1065137386322021,0.05858834460377693,0.0,2.372929811477661,0.03566763550043106,0.0
1311.2,4.674208164215088,1.3374764919281006,-0.004335910081863403,0.007721032947301865,0.0036662162747234106,0.9004167318344116,-0.4349444806575775,-2.2416032099535435,1.1066181659698486,-0.06586571037769318,0.0,2.372917413711548,0.09457309544086456,0.0
1311.2166666666667,4.6742143630981445,1.337485432624817,-0.004364229738712311,0.007916255854070187,0.003773622214794159,0.900411069393158,-0.43495187163352966,-2.2415852190560885,1.1061770915985107,0.05824742466211319,0.0,2.3725924491882324,0.03819018229842186,0.0
1311.2333333333333,4.674214839935303,1.3374862670898438,-0.004335857927799225,0.007720896974205971,0.0036660905461758375,0.9004151821136475,-0.43494755029678345,-2.241596235254022,1.1062577962875366,-0.058501236140728,0.0,2.3725929260253906,0.09930026531219482,0.0
1311.25,4.674221038818359,1.337494134902954,-0.004364416003227234,0.007914157584309578,0.003771910909563303,0.9004111886024475,-0.434951514005661,-2.241585844431521,1.1058577299118042,0.05802017077803612,0.0,2.3722760677337646,0.03747054561972618,0.0
1311.2666666666667,4.674221992492676,1.3374950885772705,-0.004335813224315643,0.007720505818724632,0.0036662109196186066,0.9004155993461609,-0.43494677543640137,-2.2415980551814982,1.1059439182281494,-0.0629051923751831,0.0,2.372274160385132,0.09813866764307022,0.0
1311.2833333333333,4.674228668212891,1.3375035524368286,-0.004364334046840668,0.007914775051176548,0.003772476688027382,0.9004108905792236,-0.4349519908428192,-2.241584645970554,1.1055290699005127,0.05875329673290253,0.0,2.3719496726989746,0.03677266463637352,0.0
1311.3,4.674230098724365,1.337504267692566,-0.004335768520832062,0.007720705587416887,0.0036662821657955647,0.9004151225090027,-0.4349478483200073,-2.2415957688109254,1.1056056022644043,-0.05823914334177971,0.0,2.371938943862915,0.09992661327123642,0.0
1311.3166666666666,4.674235820770264,1.337512493133545,-0.004364438354969025,0.007913562469184399,0.0037721896078437567,0.9004101753234863,-0.43495357036590576,-2.2415812342551886,1.1051952838897705,0.057668060064315796,0.0,2.371634006500244,0.039216816425323486,0.0
1311.3333333333333,4.674236297607422,1.3375133275985718,-0.004335805773735046,0.007720425259321928,0.0036655613221228123,0.9004142880439758,-0.4349496364593506,-2.2415918470644005,1.1052645444869995,-0.060520343482494354,0.0,2.3716413974761963,0.09936293959617615,0.0
1311.35,4.674242973327637,1.3375216722488403,-0.004364311695098877,0.00791245698928833,0.0037714787758886814,0.9004095792770386,-0.4349546432495117,-2.241578652989252,1.1048671007156372,0.059017572551965714,0.0,2.3713157176971436,0.036452218890190125,0.0
1311.3666666666666,4.674244403839111,1.3375223875045776,-0.004335850477218628,0.007722216658294201,0.00366683560423553,0.9004136919975281,-0.43495064973831177,-2.241589388157683,1.1049344539642334,-0.05600977689027786,0.0,2.371319055557251,0.09984377026557922,0.0
1311.3833333333334,4.674249649047852,1.337530493736267,-0.004364423453807831,0.007912866771221161,0.00377155770547688,0.9004092216491699,-0.43495553731918335,-2.241576839940563,1.1045355796813965,0.057544365525245667,0.0,2.3710131645202637,0.0387939028441906,0.0
1311.4,4.674251079559326,1.3375310897827148,-0.004335850477218628,0.007721778005361557,0.0036666556261479855,0.9004137516021729,-0.434950590133667,-2.2415895850441196,1.1046218872070312,-0.06284863501787186,0.0,2.3710055351257324,0.09805174916982651,0.0
1311.4166666666667,4.674256801605225,1.3375399112701416,-0.004364326596260071,0.007913690991699696,0.003772098571062088,0.9004087448120117,-0.43495625257492065,-2.241574967128746,1.1042064428329468,0.05893030762672424,0.0,2.3706846237182617,0.03623971715569496,0.0
1311.4333333333334,4.674258232116699,1.3375401496887207,-0.004335917532444,0.00772239500656724,0.0036670533008873463,0.9004138112068176,-0.4349502921104431,-2.241590065854587,1.1042916774749756,-0.061329640448093414,0.0,2.3706798553466797,0.09597211331129074,0.0
1311.45,4.674263954162598,1.337548851966858,-0.004364319145679474,0.007915163412690163,0.0037730177864432335,0.9004091620445251,-0.4349557161331177,-2.2415765461957102,1.1038801670074463,0.0585753507912159,0.0,2.370356798171997,0.03608030453324318,0.0
1311.4666666666667,4.674265384674072,1.3375493288040161,-0.0043358877301216125,0.007720393128693104,0.0036663501523435116,0.9004143476486206,-0.43494945764541626,-2.2415921996988977,1.1039931774139404,-0.06261603534221649,0.0,2.3703489303588867,0.09540247172117233,0.0
1311.4833333333333,4.674272060394287,1.3375576734542847,-0.004364334046840668,0.00791530217975378,0.003772789379581809,0.9004097580909729,-0.4349544048309326,-2.241579369505155,1.1035680770874023,0.05817592889070511,0.0,2.3700292110443115,0.03661288693547249,0.0
1311.5,4.674272537231445,1.3375587463378906,-0.004335775971412659,0.00772039033472538,0.00366597855463624,0.9004135727882385,-0.43495088815689087,-2.2415888229281276,1.1036380529403687,-0.0590318962931633,0.0,2.370029926300049,0.09993074834346771,0.0
1311.5166666666667,4.674278736114502,1.3375669717788696,-0.004364378750324249,0.00791260413825512,0.0037714499048888683,0.9004090428352356,-0.43495577573776245,-2.241576161592516,1.1032376289367676,0.0584469810128212,0.0,2.3697116374969482,0.037632595747709274,0.0
1311.5333333333333,4.674279689788818,1.337567925453186,-0.004335813224315643,0.007721784990280867,0.003666576463729143,0.9004132151603699,-0.43495163321495056,-2.241587192045672,1.1033068895339966,-0.05646812543272972,0.0,2.3697116374969482,0.10002929717302322,0.0
1311.55,4.674285411834717,1.337575912475586,-0.004364341497421265,0.00791153870522976,0.0037709875032305717,0.9004091620445251,-0.4349558353424072,-2.241576351757932,1.1029167175292969,0.05814288556575775,0.0,2.3693933486938477,0.03839847818017006,0.0
1311.5666666666666,4.674286842346191,1.3375762701034546,-0.0043358951807022095,0.0077206832356750965,0.0036663650535047054,0.9004143476486206,-0.4349493682384491,-2.2415923014335717,1.1030164957046509,-0.06488621234893799,0.0,2.369382858276367,0.09532449394464493,0.0
1311.5833333333333,4.674293041229248,1.3375850915908813,-0.004364416003227234,0.007915258407592773,0.0037728906609117985,0.9004093408584595,-0.434955358505249,-2.2415773521303346,1.1025844812393188,0.058893539011478424,0.0,2.36906361579895,0.03578775376081467,0.0
1311.6,4.674293518066406,1.3375855684280396,-0.004335843026638031,0.007720974273979664,0.0036663636565208435,0.900414228439331,-0.43494969606399536,-2.2415916638042765,1.1026874780654907,-0.06409823149442673,0.0,2.3690481185913086,0.09577571600675583,0.0
1311.6166666666666,4.674300670623779,1.3375943899154663,-0.0043643563985824585,0.007914841175079346,0.0037727653980255127,0.9004096984863281,-0.43495452404022217,-2.24157909740835,1.1022707223892212,0.05906087905168533,0.0,2.368720531463623,0.03438359871506691,0.0
1311.6333333333334,4.674302101135254,1.337594985961914,-0.004335865378379822,0.007721851579844952,0.003666740143671632,0.9004141092300415,-0.4349496364593506,-2.241591470574974,1.1023494005203247,-0.05779147520661354,0.0,2.3687174320220947,0.09752830117940903,0.0
1311.65,4.674307346343994,1.3376034498214722,-0.00436430424451828,0.007913637906312943,0.0037723572459071875,0.9004092812538147,-0.4349552392959595,-2.2415773304820332,1.1019405126571655,0.05771474912762642,0.0,2.3684051036834717,0.03845025599002838,0.0
1311.6666666666667,4.674308776855469,1.33760404586792,-0.004335850477218628,0.007720714434981346,0.003666066098958254,0.9004139304161072,-0.43495020270347595,-2.241590409370825,1.1020233631134033,-0.062455564737319946,0.0,2.3683993816375732,0.0973379909992218,0.0
1311.6833333333334,4.674315452575684,1.3376126289367676,-0.004364341497421265,0.007913948968052864,0.0037723900750279427,0.9004091024398804,-0.43495553731918335,-2.2415765911395265,1.101609230041504,0.058978013694286346,0.0,2.368076801300049,0.036285653710365295,0.0
1311.7,4.674315929412842,1.3376134634017944,-0.004335731267929077,0.007721034809947014,0.0036661364138126373,0.9004126787185669,-0.43495267629623413,-2.2415847879862416,1.1016596555709839,-0.0528189092874527,0.0,2.368077278137207,0.10175687819719315,0.0
1311.7166666666667,4.67432165145874,1.3376214504241943,-0.004364430904388428,0.007909337058663368,0.003770108800381422,0.900408923625946,-0.43495631217956543,-2.2415752447534216,1.1012883186340332,0.058229684829711914,0.0,2.3677663803100586,0.037328749895095825,0.0
1311.7333333333333,4.674323081970215,1.3376219272613525,-0.004335880279541016,0.0077206529676914215,0.0036659445613622665,0.9004137516021729,-0.4349505305290222,-2.2415896316508426,1.1013826131820679,-0.059691332280635834,0.0,2.3677620887756348,0.09691307693719864,0.0
1311.75,4.6743292808532715,1.3376303911209106,-0.004364386200904846,0.007914083078503609,0.003772593103349209,0.9004092812538147,-0.4349552392959595,-2.2415773376793906,1.100976824760437,0.05869540944695473,0.0,2.3674428462982178,0.036259930580854416,0.0
1311.7666666666667,4.67432975769043,1.337631344795227,-0.00433572381734848,0.007720395922660828,0.0036660549230873585,0.900413453578949,-0.43495112657546997,-2.2415882857359044,1.1010531187057495,-0.05764250457286835,0.0,2.36743426322937,0.09929042309522629,0.0
1311.7833333333333,4.6743364334106445,1.3376394510269165,-0.004364490509033203,0.007911916822195053,0.003771186340600252,0.9004095792770386,-0.4349549412727356,-2.24157831046844,1.1006553173065186,0.058338712900877,0.0,2.367119789123535,0.037130750715732574,0.0
1311.8,4.674337387084961,1.3376399278640747,-0.004335857927799225,0.007721683010458946,0.0036665480583906174,0.900413990020752,-0.43495017290115356,-2.2415905932673232,1.1007362604141235,-0.0587688609957695,0.0,2.367114543914795,0.0983361229300499,0.0
1311.8166666666666,4.674344062805176,1.3376483917236328,-0.00436430424451828,0.00791237223893404,0.0037716191727668047,0.9004093408584595,-0.43495506048202515,-2.241577644704955,1.1003338098526,0.058606795966625214,0.0,2.366798162460327,0.03690856322646141,0.0
1311.8333333333333,4.67434549331665,1.3376492261886597,-0.00433582067489624,0.007721240632236004,0.0036659897305071354,0.9004132747650146,-0.4349516034126282,-2.241587346506599,1.100396990776062,-0.055310413241386414,0.0,2.366793155670166,0.10060606896877289,0.0
1311.85,4.674350261688232,1.3376573324203491,-0.004364386200904846,0.007911663502454758,0.003771331626921892,0.9004082679748535,-0.43495768308639526,-2.2415722518532126,1.0999921560287476,0.057292018085718155,0.0,2.3664939403533936,0.040183328092098236,0.0
1311.8666666666666,4.674351215362549,1.3376580476760864,-0.004335872828960419,0.007720286026597023,0.003665805794298649,0.9004132747650146,-0.4349514842033386,-2.2415874717394044,1.1000951528549194,-0.06642718613147736,0.0,2.3664889335632324,0.09514083713293076,0.0
1311.8833333333334,4.674357891082764,1.3376667499542236,-0.004364311695098877,0.00791565515100956,0.0037732510827481747,0.9004085659980774,-0.43495669960975647,-2.2415740929716783,1.099668264389038,0.05970944091677666,0.0,2.3661563396453857,0.034713856875896454,0.0
1311.9,4.67435884475708,1.337667465209961,-0.004335865378379822,0.0077212220057845116,0.0036665056832134724,0.9004132747650146,-0.43495169281959534,-2.2415872572058455,1.0997545719146729,-0.05975240096449852,0.0,2.3661510944366455,0.09664653241634369,0.0
1311.9166666666667,4.6743645668029785,1.3376755714416504,-0.004364341497421265,0.007913529872894287,0.0037720203399658203,0.9004086852073669,-0.434956431388855,-2.2415746285336655,1.099341869354248,0.05827886238694191,0.0,2.3658337593078613,0.036988627165555954,0.0
1311.9333333333334,4.674365997314453,1.3376761674880981,-0.004335962235927582,0.007721572648733854,0.0036668272223323584,0.9004137516021729,-0.43495047092437744,-2.2415897211904907,1.099448323249817,-0.06579998135566711,0.0,2.365831136703491,0.09440591186285019,0.0
